sample_index,sampler_id,timestamp_s,monotonic_s,sample_t_mono,link,rho,throughput_mbps,tx_bytes_delta,dt_s,rx_bytes_delta,rho_rx,read_duration_us
0,0,0.202068,5868.959170956,5868.959170956,uA,0.82893094,6.63144751,167272,0.20179244,167272,0.82893094,269.1
0,0,0.202068,5868.959170956,5868.959170956,uB,0.84798682,5.08792093,128338,0.20179244,128338,0.84798682,269.1
0,0,0.202068,5868.959170956,5868.959170956,ac,0.95279418,5.71676509,144200,0.20179244,144200,0.95279418,269.1
0,0,0.202068,5868.959170956,5868.959170956,ad,0.95755815,3.83023261,96614,0.20179244,96614,0.95755815,269.1
0,0,0.202068,5868.959170956,5868.959170956,bc,0.87657065,5.25942389,132664,0.20179244,132664,0.87657065,269.1
0,0,0.202068,5868.959170956,5868.959170956,bd,0.59073239,3.54439436,89404,0.20179244,89404,0.59073239,269.1
0,0,0.202068,5868.959170956,5868.959170956,vC,0.28583825,2.28670604,57680,0.20179244,57680,0.28583825,269.1
0,0,0.202068,5868.959170956,5868.959170956,vD,0.00000000,0.00000000,0,0.20179244,0,0.00000000,269.1
1,0,0.400213,5869.157315341,5869.157315341,uA,0.82235992,6.57887935,162946,0.19814438,162946,0.82235992,217.7
1,0,0.400213,5869.157315341,5869.157315341,uB,0.84419248,5.06515490,125454,0.19814438,125454,0.84419248,217.7
1,0,0.400213,5869.157315341,5869.157315341,ac,0.95092946,5.70557678,141316,0.19814438,141316,0.95092946,217.7
1,0,0.400213,5869.157315341,5869.157315341,ad,0.96063283,3.84253130,95172,0.19814438,95172,0.96063283,217.7
1,0,0.400213,5869.157315341,5869.157315341,bc,0.94122610,5.64735661,139874,0.19814438,139874,0.94122610,217.7
1,0,0.400213,5869.157315341,5869.157315341,bd,0.95092946,5.70557678,141316,0.19814438,141316,0.95092946,217.7
1,0,0.400213,5869.157315341,5869.157315341,vC,0.82963744,6.63709952,164388,0.19814438,164388,0.82963744,217.7
1,0,0.400213,5869.157315341,5869.157315341,vD,0.84419248,5.06515490,125454,0.19814438,125454,0.84419248,217.7
2,0,0.600197,5869.357299210,5869.357299210,uA,0.82200630,6.57605039,164388,0.19998387,164388,0.82200630,201.4
2,0,0.600197,5869.357299210,5869.357299210,uB,0.84604157,5.07624942,126896,0.19998387,126896,0.84604157,201.4
2,0,0.600197,5869.357299210,5869.357299210,ac,0.94218266,5.65309595,141316,0.19998387,141316,0.94218266,201.4
2,0,0.600197,5869.357299210,5869.357299210,ad,0.95179677,3.80718707,95172,0.19998387,95172,0.95179677,201.4
2,0,0.600197,5869.357299210,5869.357299210,bc,0.94218266,5.65309595,141316,0.19998387,141316,0.94218266,201.4
2,0,0.600197,5869.357299210,5869.357299210,bd,0.95179677,5.71078060,142758,0.19998387,142758,0.95179677,201.4
2,0,0.600197,5869.357299210,5869.357299210,vC,0.82200630,6.57605039,164388,0.19998387,164388,0.82200630,201.4
2,0,0.600197,5869.357299210,5869.357299210,vD,0.85565568,5.13393408,128338,0.19998387,128338,0.85565568,201.4
3,0,0.800203,5869.557305231,5869.557305231,uA,0.82191526,6.57532205,164388,0.20000602,164388,0.82191526,202.5
3,0,0.800203,5869.557305231,5869.557305231,uB,0.83633482,5.01800893,125454,0.20000602,125454,0.83633482,202.5
3,0,0.800203,5869.557305231,5869.557305231,ac,0.95169135,5.71014810,142758,0.20000602,142758,0.95169135,202.5
3,0,0.800203,5869.557305231,5869.557305231,ad,0.95169135,3.80676540,95172,0.20000602,95172,0.95169135,202.5
3,0,0.800203,5869.557305231,5869.557305231,bc,0.94207831,5.65246983,141316,0.20000602,141316,0.94207831,202.5
3,0,0.800203,5869.557305231,5869.557305231,bd,0.96130439,5.76782636,144200,0.20000602,144200,0.96130439,202.5
3,0,0.800203,5869.557305231,5869.557305231,vC,0.82191526,6.57532205,164388,0.20000602,164388,0.82191526,202.5
3,0,0.800203,5869.557305231,5869.557305231,vD,0.85556091,5.13336546,128338,0.20000602,128338,0.85556091,202.5
4,0,1.000196,5869.757298392,5869.757298392,uA,0.82917835,6.63342683,165830,0.19999316,165830,0.82917835,201.1
4,0,1.000196,5869.757298392,5869.757298392,uB,0.84600226,5.07601357,126896,0.19999316,126896,0.84600226,201.1
4,0,1.000196,5869.757298392,5869.757298392,ac,0.94213888,5.65283330,141316,0.19999316,141316,0.94213888,201.1
4,0,1.000196,5869.757298392,5869.757298392,ad,0.96617304,3.86469215,96614,0.19999316,96614,0.96617304,201.1
4,0,1.000196,5869.757298392,5869.757298392,bc,0.94213888,5.65283330,141316,0.19999316,141316,0.94213888,201.1
4,0,1.000196,5869.757298392,5869.757298392,bd,0.95175255,5.71051527,142758,0.19999316,142758,0.95175255,201.1
4,0,1.000196,5869.757298392,5869.757298392,vC,0.82196811,6.57574486,164388,0.19999316,164388,0.82196811,201.1
4,0,1.000196,5869.757298392,5869.757298392,vD,0.85561592,5.13369555,128338,0.19999316,128338,0.85561592,201.1
5,0,1.200221,5869.957323750,5869.957323750,uA,0.82183580,6.57468641,164388,0.20002536,164388,0.82183580,219.2
5,0,1.200221,5869.957323750,5869.957323750,uB,0.84586609,5.07519653,126896,0.20002536,126896,0.84586609,219.2
5,0,1.200221,5869.957323750,5869.957323750,ac,0.95159935,5.70959609,142758,0.20002536,142758,0.95159935,219.2
5,0,1.200221,5869.957323750,5869.957323750,ad,0.95159935,3.80639740,95172,0.20002536,95172,0.95159935,219.2
5,0,1.200221,5869.957323750,5869.957323750,bc,0.94198723,5.65192341,141316,0.20002536,141316,0.94198723,219.2
5,0,1.200221,5869.957323750,5869.957323750,bd,0.95159935,5.70959609,142758,0.20002536,142758,0.95159935,219.2
5,0,1.200221,5869.957323750,5869.957323750,vC,0.82904489,6.63235910,165830,0.20002536,165830,0.82904489,219.2
5,0,1.200221,5869.957323750,5869.957323750,vD,0.85547820,5.13286922,128338,0.20002536,128338,0.85547820,219.2
6,0,1.400203,5870.157305997,5870.157305997,uA,0.82201296,6.57610369,164388,0.19998225,164388,0.82201296,219.5
6,0,1.400203,5870.157305997,5870.157305997,uB,0.84604843,5.07629057,126896,0.19998225,126896,0.84604843,219.5
6,0,1.400203,5870.157305997,5870.157305997,ac,0.94219030,5.65314177,141316,0.19998225,141316,0.94219030,219.5
6,0,1.400203,5870.157305997,5870.157305997,ad,0.96622576,3.86490305,96614,0.19998225,96614,0.96622576,219.5
6,0,1.400203,5870.157305997,5870.157305997,bc,0.94219030,5.65314177,141316,0.19998225,141316,0.94219030,219.5
6,0,1.400203,5870.157305997,5870.157305997,bd,0.95180448,5.71082689,142758,0.19998225,142758,0.95180448,219.5
6,0,1.400203,5870.157305997,5870.157305997,vC,0.82201296,6.57610369,164388,0.19998225,164388,0.82201296,219.5
6,0,1.400203,5870.157305997,5870.157305997,vD,0.85566262,5.13397569,128338,0.19998225,128338,0.85566262,219.5
7,0,1.600219,5870.357321367,5870.357321367,uA,0.82187684,6.57501473,164388,0.20001537,164388,0.82187684,236.8
7,0,1.600219,5870.357321367,5870.357321367,uB,0.84590833,5.07544996,126896,0.20001537,126896,0.84590833,236.8
7,0,1.600219,5870.357321367,5870.357321367,ac,0.95164687,5.70988121,142758,0.20001537,142758,0.95164687,236.8
7,0,1.600219,5870.357321367,5870.357321367,ad,0.95164687,3.80658747,95172,0.20001537,95172,0.95164687,236.8
7,0,1.600219,5870.357321367,5870.357321367,bc,0.94203427,5.65220564,141316,0.20001537,141316,0.94203427,236.8
7,0,1.600219,5870.357321367,5870.357321367,bd,0.95164687,5.70988121,142758,0.20001537,142758,0.95164687,236.8
7,0,1.600219,5870.357321367,5870.357321367,vC,0.82187684,6.57501473,164388,0.20001537,164388,0.82187684,236.8
7,0,1.600219,5870.357321367,5870.357321367,vD,0.85552092,5.13312553,128338,0.20001537,128338,0.85552092,236.8
8,0,1.800221,5870.557323627,5870.557323627,uA,0.82914063,6.63312503,165830,0.20000226,165830,0.82914063,232.4
8,0,1.800221,5870.557323627,5870.557323627,uB,0.84596377,5.07578263,126896,0.20000226,126896,0.84596377,232.4
8,0,1.800221,5870.557323627,5870.557323627,ac,0.95170924,5.71025546,142758,0.20000226,142758,0.95170924,232.4
8,0,1.800221,5870.557323627,5870.557323627,ad,0.96612908,3.86451632,96614,0.20000226,96614,0.96612908,232.4
8,0,1.800221,5870.557323627,5870.557323627,bc,0.94209602,5.65257611,141316,0.20000226,141316,0.94209602,232.4
8,0,1.800221,5870.557323627,5870.557323627,bd,0.95170924,5.71025546,142758,0.20000226,142758,0.95170924,232.4
8,0,1.800221,5870.557323627,5870.557323627,vC,0.82914063,6.63312503,165830,0.20000226,165830,0.82914063,232.4
8,0,1.800221,5870.557323627,5870.557323627,vD,0.85557700,5.13346198,128338,0.20000226,128338,0.85557700,232.4
9,0,2.000217,5870.757319084,5870.757319084,uA,0.82195867,6.57566940,164388,0.19999546,164388,0.82195867,242.7
9,0,2.000217,5870.757319084,5870.757319084,uB,0.84599255,5.07595533,126896,0.19999546,126896,0.84599255,242.7
9,0,2.000217,5870.757319084,5870.757319084,ac,0.94212807,5.65276843,141316,0.19999546,141316,0.94212807,242.7
9,0,2.000217,5870.757319084,5870.757319084,ad,0.95174162,3.80696649,95172,0.19999546,95172,0.95174162,242.7
9,0,2.000217,5870.757319084,5870.757319084,bc,0.94212807,5.65276843,141316,0.19999546,141316,0.94212807,242.7
9,0,2.000217,5870.757319084,5870.757319084,bd,0.95174162,5.71044974,142758,0.19999546,142758,0.95174162,242.7
9,0,2.000217,5870.757319084,5870.757319084,vC,0.82195867,6.57566940,164388,0.19999546,164388,0.82195867,242.7
9,0,2.000217,5870.757319084,5870.757319084,vD,0.85560611,5.13363664,128338,0.19999546,128338,0.85560611,242.7
10,0,2.200231,5870.957333752,5870.957333752,uA,0.82187972,6.57503777,164388,0.20001467,164388,0.82187972,219.5
10,0,2.200231,5870.957333752,5870.957333752,uB,0.83629866,5.01779198,125454,0.20001467,125454,0.83629866,219.5
10,0,2.200231,5870.957333752,5870.957333752,ac,0.95165020,5.70990122,142758,0.20001467,142758,0.95165020,219.5
10,0,2.200231,5870.957333752,5870.957333752,ad,0.95165020,3.80660081,95172,0.20001467,95172,0.95165020,219.5
10,0,2.200231,5870.957333752,5870.957333752,bc,0.95165020,5.70990122,142758,0.20001467,142758,0.95165020,219.5
10,0,2.200231,5870.957333752,5870.957333752,bd,0.95165020,5.70990122,142758,0.20001467,142758,0.95165020,219.5
10,0,2.200231,5870.957333752,5870.957333752,vC,0.82187972,6.57503777,164388,0.20001467,164388,0.82187972,219.5
10,0,2.200231,5870.957333752,5870.957333752,vD,0.85552392,5.13314352,128338,0.20001467,128338,0.85552392,219.5
11,0,2.400208,5871.157310166,5871.157310166,uA,0.82924779,6.63398233,165830,0.19997641,165830,0.82924779,226.9
11,0,2.400208,5871.157310166,5871.157310166,uB,0.84607311,5.07643865,126896,0.19997641,126896,0.84607311,226.9
11,0,2.400208,5871.157310166,5871.157310166,ac,0.94221778,5.65330668,141316,0.19997641,141316,0.94221778,226.9
11,0,2.400208,5871.157310166,5871.157310166,ad,0.96625395,3.86501579,96614,0.19997641,96614,0.96625395,226.9
11,0,2.400208,5871.157310166,5871.157310166,bc,0.94221778,5.65330668,141316,0.19997641,141316,0.94221778,226.9
11,0,2.400208,5871.157310166,5871.157310166,bd,0.95183225,5.71099348,142758,0.19997641,142758,0.95183225,226.9
11,0,2.400208,5871.157310166,5871.157310166,vC,0.82203694,6.57629553,164388,0.19997641,164388,0.82203694,226.9
11,0,2.400208,5871.157310166,5871.157310166,vD,0.84607311,5.07643865,126896,0.19997641,126896,0.84607311,226.9
12,0,2.600224,5871.357326235,5871.357326235,uA,0.82187397,6.57499175,164388,0.20001607,164388,0.82187397,241.4
12,0,2.600224,5871.357326235,5871.357326235,uB,0.84590537,5.07543223,126896,0.20001607,126896,0.84590537,241.4
12,0,2.600224,5871.357326235,5871.357326235,ac,0.95164354,5.70986126,142758,0.20001607,142758,0.95164354,241.4
12,0,2.600224,5871.357326235,5871.357326235,ad,0.95164354,3.80657417,95172,0.20001607,95172,0.95164354,241.4
12,0,2.600224,5871.357326235,5871.357326235,bc,0.94203098,5.65218589,141316,0.20001607,141316,0.94203098,241.4
12,0,2.600224,5871.357326235,5871.357326235,bd,0.96125610,5.76753662,144200,0.20001607,144200,0.96125610,241.4
12,0,2.600224,5871.357326235,5871.357326235,vC,0.82908339,6.63266711,165830,0.20001607,165830,0.82908339,241.4
12,0,2.600224,5871.357326235,5871.357326235,vD,0.85551793,5.13310759,128338,0.20001607,128338,0.85551793,241.4
13,0,2.800200,5871.557302438,5871.557302438,uA,0.82203781,6.57630248,164388,0.19997620,164388,0.82203781,202.2
13,0,2.800200,5871.557302438,5871.557302438,uB,0.84607400,5.07644402,126896,0.19997620,126896,0.84607400,202.2
13,0,2.800200,5871.557302438,5871.557302438,ac,0.94221878,5.65331266,141316,0.19997620,141316,0.94221878,202.2
13,0,2.800200,5871.557302438,5871.557302438,ad,0.96625497,3.86501988,96614,0.19997620,96614,0.96625497,202.2
13,0,2.800200,5871.557302438,5871.557302438,bc,0.94221878,5.65331266,141316,0.19997620,141316,0.94221878,202.2
13,0,2.800200,5871.557302438,5871.557302438,bd,0.95183325,5.71099952,142758,0.19997620,142758,0.95183325,202.2
13,0,2.800200,5871.557302438,5871.557302438,vC,0.82203781,6.57630248,164388,0.19997620,164388,0.82203781,202.2
13,0,2.800200,5871.557302438,5871.557302438,vD,0.85568848,5.13413088,128338,0.19997620,128338,0.85568848,202.2
14,0,3.000205,5871.757307215,5871.757307215,uA,0.82192037,6.57536296,164388,0.20000478,164388,0.82192037,202.0
14,0,3.000205,5871.757307215,5871.757307215,uB,0.84595313,5.07571878,126896,0.20000478,126896,0.84595313,202.0
14,0,3.000205,5871.757307215,5871.757307215,ac,0.95169727,5.71018363,142758,0.20000478,142758,0.95169727,202.0
14,0,3.000205,5871.757307215,5871.757307215,ad,0.95169727,3.80678908,95172,0.20000478,95172,0.95169727,202.0
14,0,3.000205,5871.757307215,5871.757307215,bc,0.94208417,5.65250500,141316,0.20000478,141316,0.94208417,202.0
14,0,3.000205,5871.757307215,5871.757307215,bd,0.95169727,5.71018363,142758,0.20000478,142758,0.95169727,202.0
14,0,3.000205,5871.757307215,5871.757307215,vC,0.82192037,6.57536296,164388,0.20000478,164388,0.82192037,202.0
14,0,3.000205,5871.757307215,5871.757307215,vD,0.85556623,5.13339740,128338,0.20000478,128338,0.85556623,202.0
15,0,3.200207,5871.957309827,5871.957309827,uA,0.82913917,6.63311334,165830,0.20000261,165830,0.82913917,231.3
15,0,3.200207,5871.957309827,5871.957309827,uB,0.84596228,5.07577369,126896,0.20000261,126896,0.84596228,231.3
15,0,3.200207,5871.957309827,5871.957309827,ac,0.95170757,5.71024540,142758,0.20000261,142758,0.95170757,231.3
15,0,3.200207,5871.957309827,5871.957309827,ad,0.96612738,3.86450951,96614,0.20000261,96614,0.96612738,231.3
15,0,3.200207,5871.957309827,5871.957309827,bc,0.94209436,5.65256615,141316,0.20000261,141316,0.94209436,231.3
15,0,3.200207,5871.957309827,5871.957309827,bd,0.95170757,5.71024540,142758,0.20000261,142758,0.95170757,231.3
15,0,3.200207,5871.957309827,5871.957309827,vC,0.82913917,6.63311334,165830,0.20000261,165830,0.82913917,231.3
15,0,3.200207,5871.957309827,5871.957309827,vD,0.85557549,5.13345293,128338,0.20000261,128338,0.85557549,231.3
16,0,3.400219,5872.157321860,5872.157321860,uA,0.82189056,6.57512444,164388,0.20001203,164388,0.82189056,251.9
16,0,3.400219,5872.157321860,5872.157321860,uB,0.84592244,5.07553466,126896,0.20001203,126896,0.84592244,251.9
16,0,3.400219,5872.157321860,5872.157321860,ac,0.94204999,5.65229996,141316,0.20001203,141316,0.94204999,251.9
16,0,3.400219,5872.157321860,5872.157321860,ad,0.95166275,3.80665099,95172,0.20001203,95172,0.95166275,251.9
16,0,3.400219,5872.157321860,5872.157321860,bc,0.94204999,5.65229996,141316,0.20001203,141316,0.94204999,251.9
16,0,3.400219,5872.157321860,5872.157321860,bd,0.95166275,5.70997649,142758,0.20001203,142758,0.95166275,251.9
16,0,3.400219,5872.157321860,5872.157321860,vC,0.82189056,6.57512444,164388,0.20001203,164388,0.82189056,251.9
16,0,3.400219,5872.157321860,5872.157321860,vD,0.85553520,5.13321119,128338,0.20001203,128338,0.85553520,251.9
17,0,3.600204,5872.357306158,5872.357306158,uA,0.82200453,6.57603625,164388,0.19998430,164388,0.82200453,204.5
17,0,3.600204,5872.357306158,5872.357306158,uB,0.83642566,5.01855398,125454,0.19998430,125454,0.83642566,204.5
17,0,3.600204,5872.357306158,5872.357306158,ac,0.95179472,5.71076832,142758,0.19998430,142758,0.95179472,204.5
17,0,3.600204,5872.357306158,5872.357306158,ad,0.95179472,3.80717888,95172,0.19998430,95172,0.95179472,204.5
17,0,3.600204,5872.357306158,5872.357306158,bc,0.94218063,5.65308380,141316,0.19998430,141316,0.94218063,204.5
17,0,3.600204,5872.357306158,5872.357306158,bd,0.95179472,5.71076832,142758,0.19998430,142758,0.95179472,204.5
17,0,3.600204,5872.357306158,5872.357306158,vC,0.82200453,6.57603625,164388,0.19998430,164388,0.82200453,204.5
17,0,3.600204,5872.357306158,5872.357306158,vD,0.85565384,5.13392304,128338,0.19998430,128338,0.85565384,204.5
18,0,3.800194,5872.557296733,5872.557296733,uA,0.82918908,6.63351264,165830,0.19999057,165830,0.82918908,203.1
18,0,3.800194,5872.557296733,5872.557296733,uB,0.84601321,5.07607924,126896,0.19999057,126896,0.84601321,203.1
18,0,3.800194,5872.557296733,5872.557296733,ac,0.94215107,5.65290642,141316,0.19999057,141316,0.94215107,203.1
18,0,3.800194,5872.557296733,5872.557296733,ad,0.96618554,3.86474215,96614,0.19999057,96614,0.96618554,203.1
18,0,3.800194,5872.557296733,5872.557296733,bc,0.94215107,5.65290642,141316,0.19999057,141316,0.94215107,203.1
18,0,3.800194,5872.557296733,5872.557296733,bd,0.95176486,5.71058914,142758,0.19999057,142758,0.95176486,203.1
18,0,3.800194,5872.557296733,5872.557296733,vC,0.82918908,6.63351264,165830,0.19999057,165830,0.82918908,203.1
18,0,3.800194,5872.557296733,5872.557296733,vD,0.85562699,5.13376195,128338,0.19999057,128338,0.85562699,203.1
19,0,4.000193,5872.757295162,5872.757295162,uA,0.82194645,6.57557163,164388,0.19999843,164388,0.82194645,203.6
19,0,4.000193,5872.757295162,5872.757295162,uB,0.84597998,5.07587986,126896,0.19999843,126896,0.84597998,203.6
19,0,4.000193,5872.757295162,5872.757295162,ac,0.95172747,5.71036484,142758,0.19999843,142758,0.95172747,203.6
19,0,4.000193,5872.757295162,5872.757295162,ad,0.95172747,3.80690989,95172,0.19999843,95172,0.95172747,203.6
19,0,4.000193,5872.757295162,5872.757295162,bc,0.94211406,5.65268439,141316,0.19999843,141316,0.94211406,203.6
19,0,4.000193,5872.757295162,5872.757295162,bd,0.95172747,5.71036484,142758,0.19999843,142758,0.95172747,203.6
19,0,4.000193,5872.757295162,5872.757295162,vC,0.82194645,6.57557163,164388,0.19999843,164388,0.82194645,203.6
19,0,4.000193,5872.757295162,5872.757295162,vD,0.85559339,5.13356031,128338,0.19999843,128338,0.85559339,203.6
20,0,4.200192,5872.957294676,5872.957294676,uA,0.82194200,6.57553598,164388,0.19999951,164388,0.82194200,196.1
20,0,4.200192,5872.957294676,5872.957294676,uB,0.84597539,5.07585233,126896,0.19999951,126896,0.84597539,196.1
20,0,4.200192,5872.957294676,5872.957294676,ac,0.94210896,5.65265374,141316,0.19999951,141316,0.94210896,196.1
20,0,4.200192,5872.957294676,5872.957294676,ad,0.96614235,3.86456939,96614,0.19999951,96614,0.96614235,196.1
20,0,4.200192,5872.957294676,5872.957294676,bc,0.94210896,5.65265374,141316,0.19999951,141316,0.94210896,196.1
20,0,4.200192,5872.957294676,5872.957294676,bd,0.95172231,5.71033388,142758,0.19999951,142758,0.95172231,196.1
20,0,4.200192,5872.957294676,5872.957294676,vC,0.82194200,6.57553598,164388,0.19999951,164388,0.82194200,196.1
20,0,4.200192,5872.957294676,5872.957294676,vD,0.85558875,5.13353247,128338,0.19999951,128338,0.85558875,196.1
21,0,4.400221,5873.157323097,5873.157323097,uA,0.82182322,6.57458573,164388,0.20002842,164388,0.82182322,205.7
21,0,4.400221,5873.157323097,5873.157323097,uB,0.84585314,5.07511881,126896,0.20002842,126896,0.84585314,205.7
21,0,4.400221,5873.157323097,5873.157323097,ac,0.95158478,5.70950866,142758,0.20002842,142758,0.95158478,205.7
21,0,4.400221,5873.157323097,5873.157323097,ad,0.95158478,3.80633911,95172,0.20002842,95172,0.95158478,205.7
21,0,4.400221,5873.157323097,5873.157323097,bc,0.94197281,5.65183686,141316,0.20002842,141316,0.94197281,205.7
21,0,4.400221,5873.157323097,5873.157323097,bd,0.96119674,5.76718047,144200,0.20002842,144200,0.96119674,205.7
21,0,4.400221,5873.157323097,5873.157323097,vC,0.82182322,6.57458573,164388,0.20002842,164388,0.82182322,205.7
21,0,4.400221,5873.157323097,5873.157323097,vD,0.85546510,5.13279062,128338,0.20002842,128338,0.85546510,205.7
22,0,4.600206,5873.357308873,5873.357308873,uA,0.82920897,6.63367177,165830,0.19998578,165830,0.82920897,254.7
22,0,4.600206,5873.357308873,5873.357308873,uB,0.84603350,5.07620101,126896,0.19998578,126896,0.84603350,254.7
22,0,4.600206,5873.357308873,5873.357308873,ac,0.95178769,5.71072613,142758,0.19998578,142758,0.95178769,254.7
22,0,4.600206,5873.357308873,5873.357308873,ad,0.96620871,3.86483486,96614,0.19998578,96614,0.96620871,254.7
22,0,4.600206,5873.357308873,5873.357308873,bc,0.94217367,5.65304203,141316,0.19998578,141316,0.94217367,254.7
22,0,4.600206,5873.357308873,5873.357308873,bd,0.95178769,5.71072613,142758,0.19998578,142758,0.95178769,254.7
22,0,4.600206,5873.357308873,5873.357308873,vC,0.82920897,6.63367177,165830,0.19998578,165830,0.82920897,254.7
22,0,4.600206,5873.357308873,5873.357308873,vD,0.85564752,5.13388511,128338,0.19998578,128338,0.85564752,254.7
23,0,4.800206,5873.557308593,5873.557308593,uA,0.82194115,6.57552921,164388,0.19999972,164388,0.82194115,222.3
23,0,4.800206,5873.557308593,5873.557308593,uB,0.84597452,5.07584711,126896,0.19999972,126896,0.84597452,222.3
23,0,4.800206,5873.557308593,5873.557308593,ac,0.94210799,5.65264791,141316,0.19999972,141316,0.94210799,222.3
23,0,4.800206,5873.557308593,5873.557308593,ad,0.95172133,3.80688533,95172,0.19999972,95172,0.95172133,222.3
23,0,4.800206,5873.557308593,5873.557308593,bc,0.94210799,5.65264791,141316,0.19999972,141316,0.94210799,222.3
23,0,4.800206,5873.557308593,5873.557308593,bd,0.95172133,5.71032799,142758,0.19999972,142758,0.95172133,222.3
23,0,4.800206,5873.557308593,5873.557308593,vC,0.82194115,6.57552921,164388,0.19999972,164388,0.82194115,222.3
23,0,4.800206,5873.557308593,5873.557308593,vD,0.85558786,5.13352719,128338,0.19999972,128338,0.85558786,222.3
24,0,5.000226,5873.757328403,5873.757328403,uA,0.82185859,6.57486876,164388,0.20001981,164388,0.82185859,223.8
24,0,5.000226,5873.757328403,5873.757328403,uB,0.83627717,5.01766300,125454,0.20001981,125454,0.83627717,223.8
24,0,5.000226,5873.757328403,5873.757328403,ac,0.95162574,5.70975445,142758,0.20001981,142758,0.95162574,223.8
24,0,5.000226,5873.757328403,5873.757328403,ad,0.95162574,3.80650297,95172,0.20001981,95172,0.95162574,223.8
24,0,5.000226,5873.757328403,5873.757328403,bc,0.94201336,5.65208016,141316,0.20001981,141316,0.94201336,223.8
24,0,5.000226,5873.757328403,5873.757328403,bd,0.95162574,5.70975445,142758,0.20001981,142758,0.95162574,223.8
24,0,5.000226,5873.757328403,5873.757328403,vC,0.82185859,6.57486876,164388,0.20001981,164388,0.82185859,223.8
24,0,5.000226,5873.757328403,5873.757328403,vD,0.85550193,5.13301158,128338,0.20001981,128338,0.85550193,223.8
25,0,5.200203,5873.957305451,5873.957305451,uA,0.82924516,6.63396131,165830,0.19997705,165830,0.82924516,211.2
25,0,5.200203,5873.957305451,5873.957305451,uB,0.84607043,5.07642257,126896,0.19997705,126896,0.84607043,211.2
25,0,5.200203,5873.957305451,5873.957305451,ac,0.94221480,5.65328877,141316,0.19997705,141316,0.94221480,211.2
25,0,5.200203,5873.957305451,5873.957305451,ad,0.96625089,3.86500355,96614,0.19997705,96614,0.96625089,211.2
25,0,5.200203,5873.957305451,5873.957305451,bc,0.94221480,5.65328877,141316,0.19997705,141316,0.94221480,211.2
25,0,5.200203,5873.957305451,5873.957305451,bd,0.95182923,5.71097539,142758,0.19997705,142758,0.95182923,211.2
25,0,5.200203,5873.957305451,5873.957305451,vC,0.82203434,6.57627469,164388,0.19997705,164388,0.82203434,211.2
25,0,5.200203,5873.957305451,5873.957305451,vD,0.84607043,5.07642257,126896,0.19997705,126896,0.84607043,211.2
26,0,5.400200,5874.157302421,5874.157302421,uA,0.82195245,6.57561960,164388,0.19999697,164388,0.82195245,209.1
26,0,5.400200,5874.157302421,5874.157302421,uB,0.84598615,5.07591689,126896,0.19999697,126896,0.84598615,209.1
26,0,5.400200,5874.157302421,5874.157302421,ac,0.95173442,5.71040650,142758,0.19999697,142758,0.95173442,209.1
26,0,5.400200,5874.157302421,5874.157302421,ad,0.95173442,3.80693767,95172,0.19999697,95172,0.95173442,209.1
26,0,5.400200,5874.157302421,5874.157302421,bc,0.94212094,5.65272562,141316,0.19999697,141316,0.94212094,209.1
26,0,5.400200,5874.157302421,5874.157302421,bd,0.95173442,5.71040650,142758,0.19999697,142758,0.95173442,209.1
26,0,5.400200,5874.157302421,5874.157302421,vC,0.82916256,6.63330048,165830,0.19999697,165830,0.82916256,209.1
26,0,5.400200,5874.157302421,5874.157302421,vD,0.85559963,5.13359776,128338,0.19999697,128338,0.85559963,209.1
27,0,5.600200,5874.357302362,5874.357302362,uA,0.82194024,6.57552196,164388,0.19999994,164388,0.82194024,200.6
27,0,5.600200,5874.357302362,5874.357302362,uB,0.84597359,5.07584151,126896,0.19999994,126896,0.84597359,200.6
27,0,5.600200,5874.357302362,5874.357302362,ac,0.94210695,5.65264168,141316,0.19999994,141316,0.94210695,200.6
27,0,5.600200,5874.357302362,5874.357302362,ad,0.96614029,3.86456115,96614,0.19999994,96614,0.96614029,200.6
27,0,5.600200,5874.357302362,5874.357302362,bc,0.94210695,5.65264168,141316,0.19999994,141316,0.94210695,200.6
27,0,5.600200,5874.357302362,5874.357302362,bd,0.95172028,5.71032170,142758,0.19999994,142758,0.95172028,200.6
27,0,5.600200,5874.357302362,5874.357302362,vC,0.82194024,6.57552196,164388,0.19999994,164388,0.82194024,200.6
27,0,5.600200,5874.357302362,5874.357302362,vD,0.85558692,5.13352153,128338,0.19999994,128338,0.85558692,200.6
28,0,5.800212,5874.557314424,5874.557314424,uA,0.82189043,6.57512345,164388,0.20001206,164388,0.82189043,211.4
28,0,5.800212,5874.557314424,5874.557314424,uB,0.84592232,5.07553389,126896,0.20001206,126896,0.84592232,211.4
28,0,5.800212,5874.557314424,5874.557314424,ac,0.95166261,5.70997563,142758,0.20001206,142758,0.95166261,211.4
28,0,5.800212,5874.557314424,5874.557314424,ad,0.95166261,3.80665042,95172,0.20001206,95172,0.95166261,211.4
28,0,5.800212,5874.557314424,5874.557314424,bc,0.94204985,5.65229911,141316,0.20001206,141316,0.94204985,211.4
28,0,5.800212,5874.557314424,5874.557314424,bd,0.95166261,5.70997563,142758,0.20001206,142758,0.95166261,211.4
28,0,5.800212,5874.557314424,5874.557314424,vC,0.82189043,6.57512345,164388,0.20001206,164388,0.82189043,211.4
28,0,5.800212,5874.557314424,5874.557314424,vD,0.85553507,5.13321042,128338,0.20001206,128338,0.85553507,211.4
29,0,6.000216,5874.757318701,5874.757318701,uA,0.82913227,6.63305815,165830,0.20000428,165830,0.82913227,234.3
29,0,6.000216,5874.757318701,5874.757318701,uB,0.84595524,5.07573146,126896,0.20000428,126896,0.84595524,234.3
29,0,6.000216,5874.757318701,5874.757318701,ac,0.95169965,5.71019789,142758,0.20000428,142758,0.95169965,234.3
29,0,6.000216,5874.757318701,5874.757318701,ad,0.96611934,3.86447736,96614,0.20000428,96614,0.96611934,234.3
29,0,6.000216,5874.757318701,5874.757318701,bc,0.94208652,5.65251912,141316,0.20000428,141316,0.94208652,234.3
29,0,6.000216,5874.757318701,5874.757318701,bd,0.95169965,5.71019789,142758,0.20000428,142758,0.95169965,234.3
29,0,6.000216,5874.757318701,5874.757318701,vC,0.82913227,6.63305815,165830,0.20000428,165830,0.82913227,234.3
29,0,6.000216,5874.757318701,5874.757318701,vD,0.85556837,5.13341022,128338,0.20000428,128338,0.85556837,234.3
30,0,6.200206,5874.957308262,5874.957308262,uA,0.82198290,6.57586321,164388,0.19998956,164388,0.82198290,213.2
30,0,6.200206,5874.957308262,5874.957308262,uB,0.83640365,5.01842192,125454,0.19998956,125454,0.83640365,213.2
30,0,6.200206,5874.957308262,5874.957308262,ac,0.94215584,5.65293504,141316,0.19998956,141316,0.94215584,213.2
30,0,6.200206,5874.957308262,5874.957308262,ad,0.95176968,3.80707870,95172,0.19998956,95172,0.95176968,213.2
30,0,6.200206,5874.957308262,5874.957308262,bc,0.94215584,5.65293504,141316,0.19998956,141316,0.94215584,213.2
30,0,6.200206,5874.957308262,5874.957308262,bd,0.95176968,5.71061805,142758,0.19998956,142758,0.95176968,213.2
30,0,6.200206,5874.957308262,5874.957308262,vC,0.82198290,6.57586321,164388,0.19998956,164388,0.82198290,213.2
30,0,6.200206,5874.957308262,5874.957308262,vD,0.85563132,5.13378795,128338,0.19998956,128338,0.85563132,213.2
31,0,6.400209,5875.157311770,5875.157311770,uA,0.82192559,6.57540468,164388,0.20000351,164388,0.82192559,222.7
31,0,6.400209,5875.157311770,5875.157311770,uB,0.84595850,5.07575098,126896,0.20000351,126896,0.84595850,222.7
31,0,6.400209,5875.157311770,5875.157311770,ac,0.95170331,5.71021986,142758,0.20000351,142758,0.95170331,222.7
31,0,6.400209,5875.157311770,5875.157311770,ad,0.95170331,3.80681324,95172,0.20000351,95172,0.95170331,222.7
31,0,6.400209,5875.157311770,5875.157311770,bc,0.94209014,5.65254087,141316,0.20000351,141316,0.94209014,222.7
31,0,6.400209,5875.157311770,5875.157311770,bd,0.96131647,5.76789885,144200,0.20000351,144200,0.96131647,222.7
31,0,6.400209,5875.157311770,5875.157311770,vC,0.82192559,6.57540468,164388,0.20000351,164388,0.82192559,222.7
31,0,6.400209,5875.157311770,5875.157311770,vD,0.85557166,5.13342997,128338,0.20000351,128338,0.85557166,222.7
32,0,6.600199,5875.357301554,5875.357301554,uA,0.82919236,6.63353886,165830,0.19998978,165830,0.82919236,205.2
32,0,6.600199,5875.357301554,5875.357301554,uB,0.84601655,5.07609930,126896,0.19998978,126896,0.84601655,205.2
32,0,6.600199,5875.357301554,5875.357301554,ac,0.94215479,5.65292877,141316,0.19998978,141316,0.94215479,205.2
32,0,6.600199,5875.357301554,5875.357301554,ad,0.96618936,3.86475742,96614,0.19998978,96614,0.96618936,205.2
32,0,6.600199,5875.357301554,5875.357301554,bc,0.94215479,5.65292877,141316,0.19998978,141316,0.94215479,205.2
32,0,6.600199,5875.357301554,5875.357301554,bd,0.95176862,5.71061171,142758,0.19998978,142758,0.95176862,205.2
32,0,6.600199,5875.357301554,5875.357301554,vC,0.82919236,6.63353886,165830,0.19998978,165830,0.82919236,205.2
32,0,6.600199,5875.357301554,5875.357301554,vD,0.85563037,5.13378225,128338,0.19998978,128338,0.85563037,205.2
33,0,6.800189,5875.557291226,5875.557291226,uA,0.82198244,6.57585954,164388,0.19998967,164388,0.82198244,189.8
33,0,6.800189,5875.557291226,5875.557291226,uB,0.84601702,5.07610210,126896,0.19998967,126896,0.84601702,189.8
33,0,6.800189,5875.557291226,5875.557291226,ac,0.95176914,5.71061487,142758,0.19998967,142758,0.95176914,189.8
33,0,6.800189,5875.557291226,5875.557291226,ad,0.95176914,3.80707658,95172,0.19998967,95172,0.95176914,189.8
33,0,6.800189,5875.557291226,5875.557291226,bc,0.94215531,5.65293189,141316,0.19998967,141316,0.94215531,189.8
33,0,6.800189,5875.557291226,5875.557291226,bd,0.95176914,5.71061487,142758,0.19998967,142758,0.95176914,189.8
33,0,6.800189,5875.557291226,5875.557291226,vC,0.82198244,6.57585954,164388,0.19998967,164388,0.82198244,189.8
33,0,6.800189,5875.557291226,5875.557291226,vD,0.85563085,5.13378508,128338,0.19998967,128338,0.85563085,189.8
34,0,7.000191,5875.757293358,5875.757293358,uA,0.82193124,6.57544992,164388,0.20000213,164388,0.82193124,198.2
34,0,7.000191,5875.757293358,5875.757293358,uB,0.84596432,5.07578590,126896,0.20000213,126896,0.84596432,198.2
34,0,7.000191,5875.757293358,5875.757293358,ac,0.94209663,5.65257976,141316,0.20000213,141316,0.94209663,198.2
34,0,7.000191,5875.757293358,5875.757293358,ad,0.96612970,3.86451881,96614,0.20000213,96614,0.96612970,198.2
34,0,7.000191,5875.757293358,5875.757293358,bc,0.94209663,5.65257976,141316,0.20000213,141316,0.94209663,198.2
34,0,7.000191,5875.757293358,5875.757293358,bd,0.95170986,5.71025914,142758,0.20000213,142758,0.95170986,198.2
34,0,7.000191,5875.757293358,5875.757293358,vC,0.82193124,6.57544992,164388,0.20000213,164388,0.82193124,198.2
34,0,7.000191,5875.757293358,5875.757293358,vD,0.85557755,5.13346529,128338,0.20000213,128338,0.85557755,198.2
35,0,7.200245,5875.957348050,5875.957348050,uA,0.82171530,6.57372237,164388,0.20005469,164388,0.82171530,276.0
35,0,7.200245,5875.957348050,5875.957348050,uB,0.84574206,5.07445235,126896,0.20005469,126896,0.84574206,276.0
35,0,7.200245,5875.957348050,5875.957348050,ac,0.95145982,5.70875890,142758,0.20005469,142758,0.95145982,276.0
35,0,7.200245,5875.957348050,5875.957348050,ad,0.95145982,3.80583926,95172,0.20005469,95172,0.95145982,276.0
35,0,7.200245,5875.957348050,5875.957348050,bc,0.94184911,5.65109467,141316,0.20005469,141316,0.94184911,276.0
35,0,7.200245,5875.957348050,5875.957348050,bd,0.95145982,5.70875890,142758,0.20005469,142758,0.95145982,276.0
35,0,7.200245,5875.957348050,5875.957348050,vC,0.82171530,6.57372237,164388,0.20005469,164388,0.82171530,276.0
35,0,7.200245,5875.957348050,5875.957348050,vD,0.85535276,5.13211658,128338,0.20005469,128338,0.85535276,276.0
36,0,7.400212,5876.157314605,5876.157314605,uA,0.82928868,6.63430941,165830,0.19996656,165830,0.82928868,225.7
36,0,7.400212,5876.157314605,5876.157314605,uB,0.84611482,5.07668894,126896,0.19996656,126896,0.84611482,225.7
36,0,7.400212,5876.157314605,5876.157314605,ac,0.95187918,5.71127505,142758,0.19996656,142758,0.95187918,225.7
36,0,7.400212,5876.157314605,5876.157314605,ad,0.96630159,3.86520635,96614,0.19996656,96614,0.96630159,225.7
36,0,7.400212,5876.157314605,5876.157314605,bc,0.94226423,5.65358541,141316,0.19996656,141316,0.94226423,225.7
36,0,7.400212,5876.157314605,5876.157314605,bd,0.95187918,5.71127505,142758,0.19996656,142758,0.95187918,225.7
36,0,7.400212,5876.157314605,5876.157314605,vC,0.82928868,6.63430941,165830,0.19996656,165830,0.82928868,225.7
36,0,7.400212,5876.157314605,5876.157314605,vD,0.85572976,5.13437858,128338,0.19996656,128338,0.85572976,225.7
37,0,7.600208,5876.357310958,5876.357310958,uA,0.82195499,6.57563989,164388,0.19999635,164388,0.82195499,220.7
37,0,7.600208,5876.357310958,5876.357310958,uB,0.84598876,5.07593255,126896,0.19999635,126896,0.84598876,220.7
37,0,7.600208,5876.357310958,5876.357310958,ac,0.94212384,5.65274306,141316,0.19999635,141316,0.94212384,220.7
37,0,7.600208,5876.357310958,5876.357310958,ad,0.95173735,3.80694941,95172,0.19999635,95172,0.95173735,220.7
37,0,7.600208,5876.357310958,5876.357310958,bc,0.94212384,5.65274306,141316,0.19999635,141316,0.94212384,220.7
37,0,7.600208,5876.357310958,5876.357310958,bd,0.95173735,5.71042412,142758,0.19999635,142758,0.95173735,220.7
37,0,7.600208,5876.357310958,5876.357310958,vC,0.82195499,6.57563989,164388,0.19999635,164388,0.82195499,220.7
37,0,7.600208,5876.357310958,5876.357310958,vD,0.85560227,5.13361360,128338,0.19999635,128338,0.85560227,220.7
38,0,7.800228,5876.557330966,5876.557330966,uA,0.82185778,6.57486227,164388,0.20002001,164388,0.82185778,271.9
38,0,7.800228,5876.557330966,5876.557330966,uB,0.83627634,5.01765805,125454,0.20002001,125454,0.83627634,271.9
38,0,7.800228,5876.557330966,5876.557330966,ac,0.95162480,5.70974881,142758,0.20002001,142758,0.95162480,271.9
38,0,7.800228,5876.557330966,5876.557330966,ad,0.95162480,3.80649921,95172,0.20002001,95172,0.95162480,271.9
38,0,7.800228,5876.557330966,5876.557330966,bc,0.95162480,5.70974881,142758,0.20002001,142758,0.95162480,271.9
38,0,7.800228,5876.557330966,5876.557330966,bd,0.95162480,5.70974881,142758,0.20002001,142758,0.95162480,271.9
38,0,7.800228,5876.557330966,5876.557330966,vC,0.82185778,6.57486227,164388,0.20002001,164388,0.82185778,271.9
38,0,7.800228,5876.557330966,5876.557330966,vD,0.85550108,5.13300651,128338,0.20002001,128338,0.85550108,271.9
39,0,8.000207,5876.757309164,5876.757309164,uA,0.82924039,6.63392315,165830,0.19997820,165830,0.82924039,243.8
39,0,8.000207,5876.757309164,5876.757309164,uB,0.84606556,5.07639336,126896,0.19997820,126896,0.84606556,243.8
39,0,8.000207,5876.757309164,5876.757309164,ac,0.94220937,5.65325625,141316,0.19997820,141316,0.94220937,243.8
39,0,8.000207,5876.757309164,5876.757309164,ad,0.96624533,3.86498131,96614,0.19997820,96614,0.96624533,243.8
39,0,8.000207,5876.757309164,5876.757309164,bc,0.94220937,5.65325625,141316,0.19997820,141316,0.94220937,243.8
39,0,8.000207,5876.757309164,5876.757309164,bd,0.95182376,5.71094254,142758,0.19997820,142758,0.95182376,243.8
39,0,8.000207,5876.757309164,5876.757309164,vC,0.82924039,6.63392315,165830,0.19997820,165830,0.82924039,243.8
39,0,8.000207,5876.757309164,5876.757309164,vD,0.84606556,5.07639336,126896,0.19997820,126896,0.84606556,243.8
40,0,8.200188,5876.957290431,5876.957290431,uA,0.82201700,6.57613597,164388,0.19998127,164388,0.82201700,211.7
40,0,8.200188,5876.957290431,5876.957290431,uB,0.84605258,5.07631549,126896,0.19998127,126896,0.84605258,211.7
40,0,8.200188,5876.957290431,5876.957290431,ac,0.95180915,5.71085492,142758,0.19998127,142758,0.95180915,211.7
40,0,8.200188,5876.957290431,5876.957290431,ad,0.95180915,3.80723661,95172,0.19998127,95172,0.95180915,211.7
40,0,8.200188,5876.957290431,5876.957290431,bc,0.94219492,5.65316952,141316,0.19998127,141316,0.94219492,211.7
40,0,8.200188,5876.957290431,5876.957290431,bd,0.96142339,5.76854032,144200,0.19998127,144200,0.96142339,211.7
40,0,8.200188,5876.957290431,5876.957290431,vC,0.82201700,6.57613597,164388,0.19998127,164388,0.82201700,211.7
40,0,8.200188,5876.957290431,5876.957290431,vD,0.85566681,5.13400089,128338,0.19998127,128338,0.85566681,211.7
41,0,8.400191,5877.157293797,5877.157293797,uA,0.82192616,6.57540932,164388,0.20000337,164388,0.82192616,202.1
41,0,8.400191,5877.157293797,5877.157293797,uB,0.84595909,5.07575456,126896,0.20000337,126896,0.84595909,202.1
41,0,8.400191,5877.157293797,5877.157293797,ac,0.94209081,5.65254485,141316,0.20000337,141316,0.94209081,202.1
41,0,8.400191,5877.157293797,5877.157293797,ad,0.96612374,3.86449495,96614,0.20000337,96614,0.96612374,202.1
41,0,8.400191,5877.157293797,5877.157293797,bc,0.94209081,5.65254485,141316,0.20000337,141316,0.94209081,202.1
41,0,8.400191,5877.157293797,5877.157293797,bd,0.95170398,5.71022388,142758,0.20000337,142758,0.95170398,202.1
41,0,8.400191,5877.157293797,5877.157293797,vC,0.82192616,6.57540932,164388,0.20000337,164388,0.82192616,202.1
41,0,8.400191,5877.157293797,5877.157293797,vD,0.85557227,5.13343359,128338,0.20000337,128338,0.85557227,202.1
42,0,8.600202,5877.357304075,5877.357304075,uA,0.82189776,6.57518212,164388,0.20001028,164388,0.82189776,216.0
42,0,8.600202,5877.357304075,5877.357304075,uB,0.84592986,5.07557918,126896,0.20001028,126896,0.84592986,216.0
42,0,8.600202,5877.357304075,5877.357304075,ac,0.95167110,5.71002658,142758,0.20001028,142758,0.95167110,216.0
42,0,8.600202,5877.357304075,5877.357304075,ad,0.95167110,3.80668438,95172,0.20001028,95172,0.95167110,216.0
42,0,8.600202,5877.357304075,5877.357304075,bc,0.94205826,5.65234954,141316,0.20001028,141316,0.94205826,216.0
42,0,8.600202,5877.357304075,5877.357304075,bd,0.95167110,5.71002658,142758,0.20001028,142758,0.95167110,216.0
42,0,8.600202,5877.357304075,5877.357304075,vC,0.82189776,6.57518212,164388,0.20001028,164388,0.82189776,216.0
42,0,8.600202,5877.357304075,5877.357304075,vD,0.85554270,5.13325621,128338,0.20001028,128338,0.85554270,216.0
43,0,8.800143,5877.557245505,5877.557245505,uA,0.82939289,6.63514312,165830,0.19994143,165830,0.82939289,198.0
43,0,8.800143,5877.557245505,5877.557245505,uB,0.84622115,5.07732691,126896,0.19994143,126896,0.84622115,198.0
43,0,8.800143,5877.557245505,5877.557245505,ac,0.95199880,5.71199277,142758,0.19994143,142758,0.95199880,198.0
43,0,8.800143,5877.557245505,5877.557245505,ad,0.96642302,3.86569208,96614,0.19994143,96614,0.96642302,198.0
43,0,8.800143,5877.557245505,5877.557245505,bc,0.94238265,5.65429587,141316,0.19994143,141316,0.94238265,198.0
43,0,8.800143,5877.557245505,5877.557245505,bd,0.95199880,5.71199277,142758,0.19994143,142758,0.95199880,198.0
43,0,8.800143,5877.557245505,5877.557245505,vC,0.82939289,6.63514312,165830,0.19994143,165830,0.82939289,198.0
43,0,8.800143,5877.557245505,5877.557245505,vD,0.85583730,5.13502380,128338,0.19994143,128338,0.85583730,198.0
44,0,9.000186,5877.757288963,5877.757288963,uA,0.82176144,6.57409150,164388,0.20004346,164388,0.82176144,179.2
44,0,9.000186,5877.757288963,5877.757288963,uB,0.84578955,5.07473730,126896,0.20004346,126896,0.84578955,179.2
44,0,9.000186,5877.757288963,5877.757288963,ac,0.94190200,5.65141199,141316,0.20004346,141316,0.94190200,179.2
44,0,9.000186,5877.757288963,5877.757288963,ad,0.95151324,3.80605297,95172,0.20004346,95172,0.95151324,179.2
44,0,9.000186,5877.757288963,5877.757288963,bc,0.94190200,5.65141199,141316,0.20004346,141316,0.94190200,179.2
44,0,9.000186,5877.757288963,5877.757288963,bd,0.95151324,5.70907946,142758,0.20004346,142758,0.95151324,179.2
44,0,9.000186,5877.757288963,5877.757288963,vC,0.82176144,6.57409150,164388,0.20004346,164388,0.82176144,179.2
44,0,9.000186,5877.757288963,5877.757288963,vD,0.85540079,5.13240477,128338,0.20004346,128338,0.85540079,179.2
45,0,9.200202,5877.957304829,5877.957304829,uA,0.82187480,6.57499842,164388,0.20001587,164388,0.82187480,208.8
45,0,9.200202,5877.957304829,5877.957304829,uB,0.83629366,5.01776195,125454,0.20001587,125454,0.83629366,208.8
45,0,9.200202,5877.957304829,5877.957304829,ac,0.95164451,5.70986705,142758,0.20001587,142758,0.95164451,208.8
45,0,9.200202,5877.957304829,5877.957304829,ad,0.95164451,3.80657803,95172,0.20001587,95172,0.95164451,208.8
45,0,9.200202,5877.957304829,5877.957304829,bc,0.94203194,5.65219163,141316,0.20001587,141316,0.94203194,208.8
45,0,9.200202,5877.957304829,5877.957304829,bd,0.95164451,5.70986705,142758,0.20001587,142758,0.95164451,208.8
45,0,9.200202,5877.957304829,5877.957304829,vC,0.82187480,6.57499842,164388,0.20001587,164388,0.82187480,208.8
45,0,9.200202,5877.957304829,5877.957304829,vD,0.85551880,5.13311280,128338,0.20001587,128338,0.85551880,208.8
46,0,9.400226,5878.157328082,5878.157328082,uA,0.82905361,6.63242886,165830,0.20002325,165830,0.82905361,280.0
46,0,9.400226,5878.157328082,5878.157328082,uB,0.84587499,5.07524991,126896,0.20002325,126896,0.84587499,280.0
46,0,9.400226,5878.157328082,5878.157328082,ac,0.94199714,5.65198286,141316,0.20002325,141316,0.94199714,280.0
46,0,9.400226,5878.157328082,5878.157328082,ad,0.96602768,3.86411073,96614,0.20002325,96614,0.96602768,280.0
46,0,9.400226,5878.157328082,5878.157328082,bc,0.94199714,5.65198286,141316,0.20002325,141316,0.94199714,280.0
46,0,9.400226,5878.157328082,5878.157328082,bd,0.95160936,5.70965615,142758,0.20002325,142758,0.95160936,280.0
46,0,9.400226,5878.157328082,5878.157328082,vC,0.82905361,6.63242886,165830,0.20002325,165830,0.82905361,280.0
46,0,9.400226,5878.157328082,5878.157328082,vD,0.85548720,5.13292321,128338,0.20002325,128338,0.85548720,280.0
47,0,9.600199,5878.357301718,5878.357301718,uA,0.82204836,6.57638690,164388,0.19997364,164388,0.82204836,203.5
47,0,9.600199,5878.357301718,5878.357301718,uB,0.84608486,5.07650919,126896,0.19997364,126896,0.84608486,203.5
47,0,9.600199,5878.357301718,5878.357301718,ac,0.95184547,5.71107283,142758,0.19997364,142758,0.95184547,203.5
47,0,9.600199,5878.357301718,5878.357301718,ad,0.95184547,3.80738189,95172,0.19997364,95172,0.95184547,203.5
47,0,9.600199,5878.357301718,5878.357301718,bc,0.94223087,5.65338523,141316,0.19997364,141316,0.94223087,203.5
47,0,9.600199,5878.357301718,5878.357301718,bd,0.95184547,5.71107283,142758,0.19997364,142758,0.95184547,203.5
47,0,9.600199,5878.357301718,5878.357301718,vC,0.82204836,6.57638690,164388,0.19997364,164388,0.82204836,203.5
47,0,9.600199,5878.357301718,5878.357301718,vD,0.85569946,5.13419679,128338,0.19997364,128338,0.85569946,203.5
48,0,9.800211,5878.557313681,5878.557313681,uA,0.82189084,6.57512671,164388,0.20001196,164388,0.82189084,217.4
48,0,9.800211,5878.557313681,5878.557313681,uB,0.84592273,5.07553641,126896,0.20001196,126896,0.84592273,217.4
48,0,9.800211,5878.557313681,5878.557313681,ac,0.94205032,5.65230191,141316,0.20001196,141316,0.94205032,217.4
48,0,9.800211,5878.557313681,5878.557313681,ad,0.96608221,3.86432886,96614,0.20001196,96614,0.96608221,217.4
48,0,9.800211,5878.557313681,5878.557313681,bc,0.94205032,5.65230191,141316,0.20001196,141316,0.94205032,217.4
48,0,9.800211,5878.557313681,5878.557313681,bd,0.95166308,5.70997846,142758,0.20001196,142758,0.95166308,217.4
48,0,9.800211,5878.557313681,5878.557313681,vC,0.82189084,6.57512671,164388,0.20001196,164388,0.82189084,217.4
48,0,9.800211,5878.557313681,5878.557313681,vD,0.85553549,5.13321296,128338,0.20001196,128338,0.85553549,217.4
49,0,10.000204,5878.757306319,5878.757306319,uA,0.82197025,6.57576204,164388,0.19999264,164388,0.82197025,216.9
49,0,10.000204,5878.757306319,5878.757306319,uB,0.84600447,5.07602684,126896,0.19999264,126896,0.84600447,216.9
49,0,10.000204,5878.757306319,5878.757306319,ac,0.95175503,5.71053019,142758,0.19999264,142758,0.95175503,216.9
49,0,10.000204,5878.757306319,5878.757306319,ad,0.95175503,3.80702013,95172,0.19999264,95172,0.95175503,216.9
49,0,10.000204,5878.757306319,5878.757306319,bc,0.94214134,5.65284807,141316,0.19999264,141316,0.94214134,216.9
49,0,10.000204,5878.757306319,5878.757306319,bd,0.96136872,5.76821231,144200,0.19999264,144200,0.96136872,216.9
49,0,10.000204,5878.757306319,5878.757306319,vC,0.82197025,6.57576204,164388,0.19999264,164388,0.82197025,216.9
49,0,10.000204,5878.757306319,5878.757306319,vD,0.85561816,5.13370896,128338,0.19999264,128338,0.85561816,216.9
50,0,10.200143,5878.957245314,5878.957245314,uA,0.82940299,6.63522391,165830,0.19993899,165830,0.82940299,187.1
50,0,10.200143,5878.957245314,5878.957245314,uB,0.84623146,5.07738873,126896,0.19993899,126896,0.84623146,187.1
50,0,10.200143,5878.957245314,5878.957245314,ac,0.95201039,5.71206232,142758,0.19993899,142758,0.95201039,187.1
50,0,10.200143,5878.957245314,5878.957245314,ad,0.96643479,3.86573915,96614,0.19993899,96614,0.96643479,187.1
50,0,10.200143,5878.957245314,5878.957245314,bc,0.94239412,5.65436472,141316,0.19993899,141316,0.94239412,187.1
50,0,10.200143,5878.957245314,5878.957245314,bd,0.95201039,5.71206232,142758,0.19993899,142758,0.95201039,187.1
50,0,10.200143,5878.957245314,5878.957245314,vC,0.82940299,6.63522391,165830,0.19993899,165830,0.82940299,187.1
50,0,10.200143,5878.957245314,5878.957245314,vD,0.85584772,5.13508633,128338,0.19993899,128338,0.85584772,187.1
51,0,10.400197,5879.157299448,5879.157299448,uA,0.82171759,6.57374072,164388,0.20005413,164388,0.82171759,201.5
51,0,10.400197,5879.157299448,5879.157299448,uB,0.84574442,5.07446652,126896,0.20005413,126896,0.84574442,201.5
51,0,10.400197,5879.157299448,5879.157299448,ac,0.94185174,5.65111044,141316,0.20005413,141316,0.94185174,201.5
51,0,10.400197,5879.157299448,5879.157299448,ad,0.95146247,3.80584989,95172,0.20005413,95172,0.95146247,201.5
51,0,10.400197,5879.157299448,5879.157299448,bc,0.94185174,5.65111044,141316,0.20005413,141316,0.94185174,201.5
51,0,10.400197,5879.157299448,5879.157299448,bd,0.95146247,5.70877483,142758,0.20005413,142758,0.95146247,201.5
51,0,10.400197,5879.157299448,5879.157299448,vC,0.82171759,6.57374072,164388,0.20005413,164388,0.82171759,201.5
51,0,10.400197,5879.157299448,5879.157299448,vD,0.85535515,5.13213091,128338,0.20005413,128338,0.85535515,201.5
52,0,10.600191,5879.357293876,5879.357293876,uA,0.82196290,6.57570318,164388,0.19999443,164388,0.82196290,201.6
52,0,10.600191,5879.357293876,5879.357293876,uB,0.83638330,5.01829980,125454,0.19999443,125454,0.83638330,201.6
52,0,10.600191,5879.357293876,5879.357293876,ac,0.95174651,5.71047908,142758,0.19999443,142758,0.95174651,201.6
52,0,10.600191,5879.357293876,5879.357293876,ad,0.95174651,3.80698605,95172,0.19999443,95172,0.95174651,201.6
52,0,10.600191,5879.357293876,5879.357293876,bc,0.94213291,5.65279747,141316,0.19999443,141316,0.94213291,201.6
52,0,10.600191,5879.357293876,5879.357293876,bd,0.95174651,5.71047908,142758,0.19999443,142758,0.95174651,201.6
52,0,10.600191,5879.357293876,5879.357293876,vC,0.82196290,6.57570318,164388,0.19999443,164388,0.82196290,201.6
52,0,10.600191,5879.357293876,5879.357293876,vD,0.85561050,5.13366301,128338,0.19999443,128338,0.85561050,201.6
53,0,10.800183,5879.557285661,5879.557285661,uA,0.82918406,6.63347247,165830,0.19999178,165830,0.82918406,212.8
53,0,10.800183,5879.557285661,5879.557285661,uB,0.84600808,5.07604850,126896,0.19999178,126896,0.84600808,212.8
53,0,10.800183,5879.557285661,5879.557285661,ac,0.94214537,5.65287219,141316,0.19999178,141316,0.94214537,212.8
53,0,10.800183,5879.557285661,5879.557285661,ad,0.96617969,3.86471874,96614,0.19999178,96614,0.96617969,212.8
53,0,10.800183,5879.557285661,5879.557285661,bc,0.94214537,5.65287219,141316,0.19999178,141316,0.94214537,212.8
53,0,10.800183,5879.557285661,5879.557285661,bd,0.95175909,5.71055456,142758,0.19999178,142758,0.95175909,212.8
53,0,10.800183,5879.557285661,5879.557285661,vC,0.82197376,6.57579010,164388,0.19999178,164388,0.82197376,212.8
53,0,10.800183,5879.557285661,5879.557285661,vD,0.84600808,5.07604850,126896,0.19999178,126896,0.84600808,212.8
54,0,11.000209,5879.757311416,5879.757311416,uA,0.82183417,6.57467336,164388,0.20002575,164388,0.82183417,206.2
54,0,11.000209,5879.757311416,5879.757311416,uB,0.84586441,5.07518646,126896,0.20002575,126896,0.84586441,206.2
54,0,11.000209,5879.757311416,5879.757311416,ac,0.95159746,5.70958476,142758,0.20002575,142758,0.95159746,206.2
54,0,11.000209,5879.757311416,5879.757311416,ad,0.95159746,3.80638984,95172,0.20002575,95172,0.95159746,206.2
54,0,11.000209,5879.757311416,5879.757311416,bc,0.94198536,5.65191219,141316,0.20002575,141316,0.94198536,206.2
54,0,11.000209,5879.757311416,5879.757311416,bd,0.95159746,5.70958476,142758,0.20002575,142758,0.95159746,206.2
54,0,11.000209,5879.757311416,5879.757311416,vC,0.82904324,6.63234594,165830,0.20002575,165830,0.82904324,206.2
54,0,11.000209,5879.757311416,5879.757311416,vD,0.85547650,5.13285903,128338,0.20002575,128338,0.85547650,206.2
55,0,11.200207,5879.957309445,5879.957309445,uA,0.82194810,6.57558480,164388,0.19999803,164388,0.82194810,222.3
55,0,11.200207,5879.957309445,5879.957309445,uB,0.84598167,5.07589002,126896,0.19999803,126896,0.84598167,222.3
55,0,11.200207,5879.957309445,5879.957309445,ac,0.94211595,5.65269571,141316,0.19999803,141316,0.94211595,222.3
55,0,11.200207,5879.957309445,5879.957309445,ad,0.96614952,3.86459809,96614,0.19999803,96614,0.96614952,222.3
55,0,11.200207,5879.957309445,5879.957309445,bc,0.94211595,5.65269571,141316,0.19999803,141316,0.94211595,222.3
55,0,11.200207,5879.957309445,5879.957309445,bd,0.95172938,5.71037628,142758,0.19999803,142758,0.95172938,222.3
55,0,11.200207,5879.957309445,5879.957309445,vC,0.82194810,6.57558480,164388,0.19999803,164388,0.82194810,222.3
55,0,11.200207,5879.957309445,5879.957309445,vD,0.85559510,5.13357059,128338,0.19999803,128338,0.85559510,222.3
56,0,11.400221,5880.157323791,5880.157323791,uA,0.82188104,6.57504834,164388,0.20001435,164388,0.82188104,245.8
56,0,11.400221,5880.157323791,5880.157323791,uB,0.84591265,5.07547591,126896,0.20001435,126896,0.84591265,245.8
56,0,11.400221,5880.157323791,5880.157323791,ac,0.95165173,5.70991040,142758,0.20001435,142758,0.95165173,245.8
56,0,11.400221,5880.157323791,5880.157323791,ad,0.95165173,3.80660693,95172,0.20001435,95172,0.95165173,245.8
56,0,11.400221,5880.157323791,5880.157323791,bc,0.94203909,5.65223454,141316,0.20001435,141316,0.94203909,245.8
56,0,11.400221,5880.157323791,5880.157323791,bd,0.95165173,5.70991040,142758,0.20001435,142758,0.95165173,245.8
56,0,11.400221,5880.157323791,5880.157323791,vC,0.82188104,6.57504834,164388,0.20001435,164388,0.82188104,245.8
56,0,11.400221,5880.157323791,5880.157323791,vD,0.85552530,5.13315177,128338,0.20001435,128338,0.85552530,245.8
57,0,11.600208,5880.357310248,5880.357310248,uA,0.82920615,6.63364921,165830,0.19998646,165830,0.82920615,203.5
57,0,11.600208,5880.357310248,5880.357310248,uB,0.84603062,5.07618375,126896,0.19998646,126896,0.84603062,203.5
57,0,11.600208,5880.357310248,5880.357310248,ac,0.95178445,5.71070671,142758,0.19998646,142758,0.95178445,203.5
57,0,11.600208,5880.357310248,5880.357310248,ad,0.96620543,3.86482172,96614,0.19998646,96614,0.96620543,203.5
57,0,11.600208,5880.357310248,5880.357310248,bc,0.94217047,5.65302281,141316,0.19998646,141316,0.94217047,203.5
57,0,11.600208,5880.357310248,5880.357310248,bd,0.95178445,5.71070671,142758,0.19998646,142758,0.95178445,203.5
57,0,11.600208,5880.357310248,5880.357310248,vC,0.82920615,6.63364921,165830,0.19998646,165830,0.82920615,203.5
57,0,11.600208,5880.357310248,5880.357310248,vD,0.85564461,5.13386765,128338,0.19998646,128338,0.85564461,203.5
58,0,11.800197,5880.557299169,5880.557299169,uA,0.82198553,6.57588425,164388,0.19998892,164388,0.82198553,201.3
58,0,11.800197,5880.557299169,5880.557299169,uB,0.84602020,5.07612118,126896,0.19998892,126896,0.84602020,201.3
58,0,11.800197,5880.557299169,5880.557299169,ac,0.94215886,5.65295313,141316,0.19998892,141316,0.94215886,201.3
58,0,11.800197,5880.557299169,5880.557299169,ad,0.95177272,3.80709088,95172,0.19998892,95172,0.95177272,201.3
58,0,11.800197,5880.557299169,5880.557299169,bc,0.94215886,5.65295313,141316,0.19998892,141316,0.94215886,201.3
58,0,11.800197,5880.557299169,5880.557299169,bd,0.95177272,5.71063633,142758,0.19998892,142758,0.95177272,201.3
58,0,11.800197,5880.557299169,5880.557299169,vC,0.82198553,6.57588425,164388,0.19998892,164388,0.82198553,201.3
58,0,11.800197,5880.557299169,5880.557299169,vD,0.85563406,5.13380437,128338,0.19998892,128338,0.85563406,201.3
59,0,12.000188,5880.757290271,5880.757290271,uA,0.82197657,6.57581257,164388,0.19999110,164388,0.82197657,190.0
59,0,12.000188,5880.757290271,5880.757290271,uB,0.83639721,5.01838328,125454,0.19999110,125454,0.83639721,190.0
59,0,12.000188,5880.757290271,5880.757290271,ac,0.95176235,5.71057408,142758,0.19999110,142758,0.95176235,190.0
59,0,12.000188,5880.757290271,5880.757290271,ad,0.95176235,3.80704939,95172,0.19999110,95172,0.95176235,190.0
59,0,12.000188,5880.757290271,5880.757290271,bc,0.94214859,5.65289151,141316,0.19999110,141316,0.94214859,190.0
59,0,12.000188,5880.757290271,5880.757290271,bd,0.96137611,5.76825664,144200,0.19999110,144200,0.96137611,190.0
59,0,12.000188,5880.757290271,5880.757290271,vC,0.82197657,6.57581257,164388,0.19999110,164388,0.82197657,190.0
59,0,12.000188,5880.757290271,5880.757290271,vD,0.85562474,5.13374841,128338,0.19999110,128338,0.85562474,190.0
60,0,12.200184,5880.957286398,5880.957286398,uA,0.82916605,6.63332844,165830,0.19999613,165830,0.82916605,192.5
60,0,12.200184,5880.957286398,5880.957286398,uB,0.84598971,5.07593828,126896,0.19999613,126896,0.84598971,192.5
60,0,12.200184,5880.957286398,5880.957286398,ac,0.94212491,5.65274945,141316,0.19999613,141316,0.94212491,192.5
60,0,12.200184,5880.957286398,5880.957286398,ad,0.96615871,3.86463483,96614,0.19999613,96614,0.96615871,192.5
60,0,12.200184,5880.957286398,5880.957286398,bc,0.94212491,5.65274945,141316,0.19999613,141316,0.94212491,192.5
60,0,12.200184,5880.957286398,5880.957286398,bd,0.95173843,5.71043057,142758,0.19999613,142758,0.95173843,192.5
60,0,12.200184,5880.957286398,5880.957286398,vC,0.82195592,6.57564732,164388,0.19999613,164388,0.82195592,192.5
60,0,12.200184,5880.957286398,5880.957286398,vD,0.85560323,5.13361940,128338,0.19999613,128338,0.85560323,192.5
61,0,12.400197,5881.157299157,5881.157299157,uA,0.82188757,6.57510056,164388,0.20001276,164388,0.82188757,205.7
61,0,12.400197,5881.157299157,5881.157299157,uB,0.84591937,5.07551622,126896,0.20001276,126896,0.84591937,205.7
61,0,12.400197,5881.157299157,5881.157299157,ac,0.95165929,5.70995575,142758,0.20001276,142758,0.95165929,205.7
61,0,12.400197,5881.157299157,5881.157299157,ad,0.95165929,3.80663717,95172,0.20001276,95172,0.95165929,205.7
61,0,12.400197,5881.157299157,5881.157299157,bc,0.94204657,5.65227943,141316,0.20001276,141316,0.94204657,205.7
61,0,12.400197,5881.157299157,5881.157299157,bd,0.95165929,5.70995575,142758,0.20001276,142758,0.95165929,205.7
61,0,12.400197,5881.157299157,5881.157299157,vC,0.82909711,6.63277688,165830,0.20001276,165830,0.82909711,205.7
61,0,12.400197,5881.157299157,5881.157299157,vD,0.85553209,5.13319254,128338,0.20001276,128338,0.85553209,205.7
62,0,12.600185,5881.357287836,5881.357287836,uA,0.82198653,6.57589224,164388,0.19998868,164388,0.82198653,180.3
62,0,12.600185,5881.357287836,5881.357287836,uB,0.84602122,5.07612735,126896,0.19998868,126896,0.84602122,180.3
62,0,12.600185,5881.357287836,5881.357287836,ac,0.94216000,5.65296000,141316,0.19998868,141316,0.94216000,180.3
62,0,12.600185,5881.357287836,5881.357287836,ad,0.96619469,3.86477878,96614,0.19998868,96614,0.96619469,180.3
62,0,12.600185,5881.357287836,5881.357287836,bc,0.94216000,5.65296000,141316,0.19998868,141316,0.94216000,180.3
62,0,12.600185,5881.357287836,5881.357287836,bd,0.95177388,5.71064327,142758,0.19998868,142758,0.95177388,180.3
62,0,12.600185,5881.357287836,5881.357287836,vC,0.82198653,6.57589224,164388,0.19998868,164388,0.82198653,180.3
62,0,12.600185,5881.357287836,5881.357287836,vD,0.85563510,5.13381061,128338,0.19998868,128338,0.85563510,180.3
63,0,12.800198,5881.557300291,5881.557300291,uA,0.82188882,6.57511054,164388,0.20001245,164388,0.82188882,191.7
63,0,12.800198,5881.557300291,5881.557300291,uB,0.84592065,5.07552392,126896,0.20001245,126896,0.84592065,191.7
63,0,12.800198,5881.557300291,5881.557300291,ac,0.95166074,5.70996441,142758,0.20001245,142758,0.95166074,191.7
63,0,12.800198,5881.557300291,5881.557300291,ad,0.95166074,3.80664294,95172,0.20001245,95172,0.95166074,191.7
63,0,12.800198,5881.557300291,5881.557300291,bc,0.94204800,5.65228800,141316,0.20001245,141316,0.94204800,191.7
63,0,12.800198,5881.557300291,5881.557300291,bd,0.95166074,5.70996441,142758,0.20001245,142758,0.95166074,191.7
63,0,12.800198,5881.557300291,5881.557300291,vC,0.82188882,6.57511054,164388,0.20001245,164388,0.82188882,191.7
63,0,12.800198,5881.557300291,5881.557300291,vD,0.85553339,5.13320033,128338,0.20001245,128338,0.85553339,191.7
64,0,13.000225,5881.757327409,5881.757327409,uA,0.82903759,6.63230071,165830,0.20002712,165830,0.82903759,307.8
64,0,13.000225,5881.757327409,5881.757327409,uB,0.84585864,5.07515185,126896,0.20002712,126896,0.84585864,307.8
64,0,13.000225,5881.757327409,5881.757327409,ac,0.95159097,5.70954583,142758,0.20002712,142758,0.95159097,307.8
64,0,13.000225,5881.757327409,5881.757327409,ad,0.96600902,3.86403607,96614,0.20002712,96614,0.96600902,307.8
64,0,13.000225,5881.757327409,5881.757327409,bc,0.94197894,5.65187365,141316,0.20002712,141316,0.94197894,307.8
64,0,13.000225,5881.757327409,5881.757327409,bd,0.95159097,5.70954583,142758,0.20002712,142758,0.95159097,307.8
64,0,13.000225,5881.757327409,5881.757327409,vC,0.82903759,6.63230071,165830,0.20002712,165830,0.82903759,307.8
64,0,13.000225,5881.757327409,5881.757327409,vD,0.85547067,5.13282403,128338,0.20002712,128338,0.85547067,307.8
65,0,13.200198,5881.957300887,5881.957300887,uA,0.82204901,6.57639210,164388,0.19997348,164388,0.82204901,199.3
65,0,13.200198,5881.957300887,5881.957300887,uB,0.84608553,5.07651320,126896,0.19997348,126896,0.84608553,199.3
65,0,13.200198,5881.957300887,5881.957300887,ac,0.94223162,5.65338970,141316,0.19997348,141316,0.94223162,199.3
65,0,13.200198,5881.957300887,5881.957300887,ad,0.95184622,3.80738490,95172,0.19997348,95172,0.95184622,199.3
65,0,13.200198,5881.957300887,5881.957300887,bc,0.94223162,5.65338970,141316,0.19997348,141316,0.94223162,199.3
65,0,13.200198,5881.957300887,5881.957300887,bd,0.95184622,5.71107735,142758,0.19997348,142758,0.95184622,199.3
65,0,13.200198,5881.957300887,5881.957300887,vC,0.82204901,6.57639210,164388,0.19997348,164388,0.82204901,199.3
65,0,13.200198,5881.957300887,5881.957300887,vD,0.85570014,5.13420085,128338,0.19997348,128338,0.85570014,199.3
66,0,13.400223,5882.157325949,5882.157325949,uA,0.82183701,6.57469611,164388,0.20002506,164388,0.82183701,252.9
66,0,13.400223,5882.157325949,5882.157325949,uB,0.83625521,5.01753124,125454,0.20002506,125454,0.83625521,252.9
66,0,13.400223,5882.157325949,5882.157325949,ac,0.95160075,5.70960452,142758,0.20002506,142758,0.95160075,252.9
66,0,13.400223,5882.157325949,5882.157325949,ad,0.95160075,3.80640301,95172,0.20002506,95172,0.95160075,252.9
66,0,13.400223,5882.157325949,5882.157325949,bc,0.95160075,5.70960452,142758,0.20002506,142758,0.95160075,252.9
66,0,13.400223,5882.157325949,5882.157325949,bd,0.95160075,5.70960452,142758,0.20002506,142758,0.95160075,252.9
66,0,13.400223,5882.157325949,5882.157325949,vC,0.82183701,6.57469611,164388,0.20002506,164388,0.82183701,252.9
66,0,13.400223,5882.157325949,5882.157325949,vD,0.85547946,5.13287679,128338,0.20002506,128338,0.85547946,252.9
67,0,13.600220,5882.357322810,5882.357322810,uA,0.82916302,6.63330413,165830,0.19999686,165830,0.82916302,232.1
67,0,13.600220,5882.357322810,5882.357322810,uB,0.84598661,5.07591968,126896,0.19999686,126896,0.84598661,232.1
67,0,13.600220,5882.357322810,5882.357322810,ac,0.94212146,5.65272873,141316,0.19999686,141316,0.94212146,232.1
67,0,13.600220,5882.357322810,5882.357322810,ad,0.96615517,3.86462066,96614,0.19999686,96614,0.96615517,232.1
67,0,13.600220,5882.357322810,5882.357322810,bc,0.94212146,5.65272873,141316,0.19999686,141316,0.94212146,232.1
67,0,13.600220,5882.357322810,5882.357322810,bd,0.95173494,5.71040964,142758,0.19999686,142758,0.95173494,232.1
67,0,13.600220,5882.357322810,5882.357322810,vC,0.82916302,6.63330413,165830,0.19999686,165830,0.82916302,232.1
67,0,13.600220,5882.357322810,5882.357322810,vD,0.84598661,5.07591968,126896,0.19999686,126896,0.84598661,232.1
68,0,13.800185,5882.557287378,5882.557287378,uA,0.82208564,6.57668513,164388,0.19996457,164388,0.82208564,183.9
68,0,13.800185,5882.557287378,5882.557287378,uB,0.84612323,5.07673940,126896,0.19996457,126896,0.84612323,183.9
68,0,13.800185,5882.557287378,5882.557287378,ac,0.95188864,5.71133182,142758,0.19996457,142758,0.95188864,183.9
68,0,13.800185,5882.557287378,5882.557287378,ad,0.95188864,3.80755455,95172,0.19996457,95172,0.95188864,183.9
68,0,13.800185,5882.557287378,5882.557287378,bc,0.94227360,5.65364160,141316,0.19996457,141316,0.94227360,183.9
68,0,13.800185,5882.557287378,5882.557287378,bd,0.96150367,5.76902204,144200,0.19996457,144200,0.96150367,183.9
68,0,13.800185,5882.557287378,5882.557287378,vC,0.82208564,6.57668513,164388,0.19996457,164388,0.82208564,183.9
68,0,13.800185,5882.557287378,5882.557287378,vD,0.85573827,5.13442962,128338,0.19996457,128338,0.85573827,183.9
69,0,14.000206,5882.757309026,5882.757309026,uA,0.82185104,6.57480833,164388,0.20002165,164388,0.82185104,216.9
69,0,14.000206,5882.757309026,5882.757309026,uB,0.84588177,5.07529064,126896,0.20002165,126896,0.84588177,216.9
69,0,14.000206,5882.757309026,5882.757309026,ac,0.94200470,5.65202821,141316,0.20002165,141316,0.94200470,216.9
69,0,14.000206,5882.757309026,5882.757309026,ad,0.96603543,3.86414174,96614,0.20002165,96614,0.96603543,216.9
69,0,14.000206,5882.757309026,5882.757309026,bc,0.94200470,5.65202821,141316,0.20002165,141316,0.94200470,216.9
69,0,14.000206,5882.757309026,5882.757309026,bd,0.95161699,5.70970197,142758,0.20002165,142758,0.95161699,216.9
69,0,14.000206,5882.757309026,5882.757309026,vC,0.82185104,6.57480833,164388,0.20002165,164388,0.82185104,216.9
69,0,14.000206,5882.757309026,5882.757309026,vD,0.85549407,5.13296440,128338,0.20002165,128338,0.85549407,216.9
70,0,14.200152,5882.957255048,5882.957255048,uA,0.82216190,6.57729516,164388,0.19994602,164388,0.82216190,207.7
70,0,14.200152,5882.957255048,5882.957255048,uB,0.84620172,5.07721030,126896,0.19994602,126896,0.84620172,207.7
70,0,14.200152,5882.957255048,5882.957255048,ac,0.95197693,5.71186159,142758,0.19994602,142758,0.95197693,207.7
70,0,14.200152,5882.957255048,5882.957255048,ad,0.95197693,3.80790773,95172,0.19994602,95172,0.95197693,207.7
70,0,14.200152,5882.957255048,5882.957255048,bc,0.94236100,5.65416602,141316,0.19994602,141316,0.94236100,207.7
70,0,14.200152,5882.957255048,5882.957255048,bd,0.95197693,5.71186159,142758,0.19994602,142758,0.95197693,207.7
70,0,14.200152,5882.957255048,5882.957255048,vC,0.82216190,6.57729516,164388,0.19994602,164388,0.82216190,207.7
70,0,14.200152,5882.957255048,5882.957255048,vD,0.85581765,5.13490587,128338,0.19994602,128338,0.85581765,207.7
71,0,14.400178,5883.157280220,5883.157280220,uA,0.82904566,6.63236527,165830,0.20002517,165830,0.82904566,260.9
71,0,14.400178,5883.157280220,5883.157280220,uB,0.84586687,5.07520125,126896,0.20002517,126896,0.84586687,260.9
71,0,14.400178,5883.157280220,5883.157280220,ac,0.95160023,5.70960140,142758,0.20002517,142758,0.95160023,260.9
71,0,14.400178,5883.157280220,5883.157280220,ad,0.96601842,3.86407368,96614,0.20002517,96614,0.96601842,260.9
71,0,14.400178,5883.157280220,5883.157280220,bc,0.94198811,5.65192866,141316,0.20002517,141316,0.94198811,260.9
71,0,14.400178,5883.157280220,5883.157280220,bd,0.95160023,5.70960140,142758,0.20002517,142758,0.95160023,260.9
71,0,14.400178,5883.157280220,5883.157280220,vC,0.82904566,6.63236527,165830,0.20002517,165830,0.82904566,260.9
71,0,14.400178,5883.157280220,5883.157280220,vD,0.85547900,5.13287399,128338,0.20002517,128338,0.85547900,260.9
72,0,14.600195,5883.357297437,5883.357297437,uA,0.82186925,6.57495398,164388,0.20001722,164388,0.82186925,196.1
72,0,14.600195,5883.357297437,5883.357297437,uB,0.84590051,5.07540307,126896,0.20001722,126896,0.84590051,196.1
72,0,14.600195,5883.357297437,5883.357297437,ac,0.94202557,5.65215342,141316,0.20001722,141316,0.94202557,196.1
72,0,14.600195,5883.357297437,5883.357297437,ad,0.95163808,3.80655230,95172,0.20001722,95172,0.95163808,196.1
72,0,14.600195,5883.357297437,5883.357297437,bc,0.94202557,5.65215342,141316,0.20001722,141316,0.94202557,196.1
72,0,14.600195,5883.357297437,5883.357297437,bd,0.95163808,5.70982846,142758,0.20001722,142758,0.95163808,196.1
72,0,14.600195,5883.357297437,5883.357297437,vC,0.82186925,6.57495398,164388,0.20001722,164388,0.82186925,196.1
72,0,14.600195,5883.357297437,5883.357297437,vD,0.85551302,5.13307811,128338,0.20001722,128338,0.85551302,196.1
73,0,14.800191,5883.557293466,5883.557293466,uA,0.82195632,6.57565056,164388,0.19999603,164388,0.82195632,191.7
73,0,14.800191,5883.557293466,5883.557293466,uB,0.83637661,5.01825964,125454,0.19999603,125454,0.83637661,191.7
73,0,14.800191,5883.557293466,5883.557293466,ac,0.95173890,5.71043338,142758,0.19999603,142758,0.95173890,191.7
73,0,14.800191,5883.557293466,5883.557293466,ad,0.95173890,3.80695559,95172,0.19999603,95172,0.95173890,191.7
73,0,14.800191,5883.557293466,5883.557293466,bc,0.94212537,5.65275224,141316,0.19999603,141316,0.94212537,191.7
73,0,14.800191,5883.557293466,5883.557293466,bd,0.95173890,5.71043338,142758,0.19999603,142758,0.95173890,191.7
73,0,14.800191,5883.557293466,5883.557293466,vC,0.82195632,6.57565056,164388,0.19999603,164388,0.82195632,191.7
73,0,14.800191,5883.557293466,5883.557293466,vD,0.85560365,5.13362193,128338,0.19999603,128338,0.85560365,191.7
74,0,15.000189,5883.757291505,5883.757291505,uA,0.82915813,6.63326502,165830,0.19999804,165830,0.82915813,191.8
74,0,15.000189,5883.757291505,5883.757291505,uB,0.84598163,5.07588976,126896,0.19999804,126896,0.84598163,191.8
74,0,15.000189,5883.757291505,5883.757291505,ac,0.94211590,5.65269541,141316,0.19999804,141316,0.94211590,191.8
74,0,15.000189,5883.757291505,5883.757291505,ad,0.96614947,3.86459788,96614,0.19999804,96614,0.96614947,191.8
74,0,15.000189,5883.757291505,5883.757291505,bc,0.94211590,5.65269541,141316,0.19999804,141316,0.94211590,191.8
74,0,15.000189,5883.757291505,5883.757291505,bd,0.95172933,5.71037598,142758,0.19999804,142758,0.95172933,191.8
74,0,15.000189,5883.757291505,5883.757291505,vC,0.82194806,6.57558446,164388,0.19999804,164388,0.82194806,191.8
74,0,15.000189,5883.757291505,5883.757291505,vD,0.85559505,5.13357032,128338,0.19999804,128338,0.85559505,191.8
75,0,15.200195,5883.957297265,5883.957297265,uA,0.82191633,6.57533066,164388,0.20000576,164388,0.82191633,201.2
75,0,15.200195,5883.957297265,5883.957297265,uB,0.84594897,5.07569385,126896,0.20000576,126896,0.84594897,201.2
75,0,15.200195,5883.957297265,5883.957297265,ac,0.95169260,5.71015558,142758,0.20000576,142758,0.95169260,201.2
75,0,15.200195,5883.957297265,5883.957297265,ad,0.95169260,3.80677038,95172,0.20000576,95172,0.95169260,201.2
75,0,15.200195,5883.957297265,5883.957297265,bc,0.94207954,5.65247724,141316,0.20000576,141316,0.94207954,201.2
75,0,15.200195,5883.957297265,5883.957297265,bd,0.95169260,5.71015558,142758,0.20000576,142758,0.95169260,201.2
75,0,15.200195,5883.957297265,5883.957297265,vC,0.82912613,6.63300900,165830,0.20000576,165830,0.82912613,201.2
75,0,15.200195,5883.957297265,5883.957297265,vD,0.85556203,5.13337218,128338,0.20000576,128338,0.85556203,201.2
76,0,15.400204,5884.157306576,5884.157306576,uA,0.82190174,6.57521389,164388,0.20000931,164388,0.82190174,222.1
76,0,15.400204,5884.157306576,5884.157306576,uB,0.84593395,5.07560371,126896,0.20000931,126896,0.84593395,222.1
76,0,15.400204,5884.157306576,5884.157306576,ac,0.94206281,5.65237685,141316,0.20000931,141316,0.94206281,222.1
76,0,15.400204,5884.157306576,5884.157306576,ad,0.96609502,3.86438009,96614,0.20000931,96614,0.96609502,222.1
76,0,15.400204,5884.157306576,5884.157306576,bc,0.94206281,5.65237685,141316,0.20000931,141316,0.94206281,222.1
76,0,15.400204,5884.157306576,5884.157306576,bd,0.95167569,5.71005417,142758,0.20000931,142758,0.95167569,222.1
76,0,15.400204,5884.157306576,5884.157306576,vC,0.82190174,6.57521389,164388,0.20000931,164388,0.82190174,222.1
76,0,15.400204,5884.157306576,5884.157306576,vD,0.85554684,5.13328102,128338,0.20000931,128338,0.85554684,222.1
77,0,15.600224,5884.357326948,5884.357326948,uA,0.82185628,6.57485027,164388,0.20002037,164388,0.82185628,226.2
77,0,15.600224,5884.357326948,5884.357326948,uB,0.84588717,5.07532301,126896,0.20002037,126896,0.84588717,226.2
77,0,15.600224,5884.357326948,5884.357326948,ac,0.95162307,5.70973839,142758,0.20002037,142758,0.95162307,226.2
77,0,15.600224,5884.357326948,5884.357326948,ad,0.95162307,3.80649226,95172,0.20002037,95172,0.95162307,226.2
77,0,15.600224,5884.357326948,5884.357326948,bc,0.94201071,5.65206427,141316,0.20002037,141316,0.94201071,226.2
77,0,15.600224,5884.357326948,5884.357326948,bd,0.96123542,5.76741252,144200,0.20002037,144200,0.96123542,226.2
77,0,15.600224,5884.357326948,5884.357326948,vC,0.82185628,6.57485027,164388,0.20002037,164388,0.82185628,226.2
77,0,15.600224,5884.357326948,5884.357326948,vD,0.85549952,5.13299714,128338,0.20002037,128338,0.85549952,226.2
78,0,15.800164,5884.557266612,5884.557266612,uA,0.82940021,6.63520169,165830,0.19993966,165830,0.82940021,195.7
78,0,15.800164,5884.557266612,5884.557266612,uB,0.84622862,5.07737173,126896,0.19993966,126896,0.84622862,195.7
78,0,15.800164,5884.557266612,5884.557266612,ac,0.95200720,5.71204319,142758,0.19993966,142758,0.95200720,195.7
78,0,15.800164,5884.557266612,5884.557266612,ad,0.96643155,3.86572620,96614,0.19993966,96614,0.96643155,195.7
78,0,15.800164,5884.557266612,5884.557266612,bc,0.94239096,5.65434579,141316,0.19993966,141316,0.94239096,195.7
78,0,15.800164,5884.557266612,5884.557266612,bd,0.95200720,5.71204319,142758,0.19993966,142758,0.95200720,195.7
78,0,15.800164,5884.557266612,5884.557266612,vC,0.82940021,6.63520169,165830,0.19993966,165830,0.82940021,195.7
78,0,15.800164,5884.557266612,5884.557266612,vD,0.85584486,5.13506913,128338,0.19993966,128338,0.85584486,195.7
79,0,16.000203,5884.757305538,5884.757305538,uA,0.82178006,6.57424047,164388,0.20003893,164388,0.82178006,213.0
79,0,16.000203,5884.757305538,5884.757305538,uB,0.83619725,5.01718352,125454,0.20003893,125454,0.83619725,213.0
79,0,16.000203,5884.757305538,5884.757305538,ac,0.94192334,5.65154005,141316,0.20003893,141316,0.94192334,213.0
79,0,16.000203,5884.757305538,5884.757305538,ad,0.95153481,3.80613922,95172,0.20003893,95172,0.95153481,213.0
79,0,16.000203,5884.757305538,5884.757305538,bc,0.94192334,5.65154005,141316,0.20003893,141316,0.94192334,213.0
79,0,16.000203,5884.757305538,5884.757305538,bd,0.95153481,5.70920883,142758,0.20003893,142758,0.95153481,213.0
79,0,16.000203,5884.757305538,5884.757305538,vC,0.82178006,6.57424047,164388,0.20003893,164388,0.82178006,213.0
79,0,16.000203,5884.757305538,5884.757305538,vD,0.85542018,5.13252107,128338,0.20003893,128338,0.85542018,213.0
80,0,16.200240,5884.957342109,5884.957342109,uA,0.82178973,6.57431785,164388,0.20003657,164388,0.82178973,237.6
80,0,16.200240,5884.957342109,5884.957342109,uB,0.84581867,5.07491203,126896,0.20003657,126896,0.84581867,237.6
80,0,16.200240,5884.957342109,5884.957342109,ac,0.95154601,5.70927603,142758,0.20003657,142758,0.95154601,237.6
80,0,16.200240,5884.957342109,5884.957342109,ad,0.95154601,3.80618402,95172,0.20003657,95172,0.95154601,237.6
80,0,16.200240,5884.957342109,5884.957342109,bc,0.94193443,5.65160658,141316,0.20003657,141316,0.94193443,237.6
80,0,16.200240,5884.957342109,5884.957342109,bd,0.95154601,5.70927603,142758,0.20003657,142758,0.95154601,237.6
80,0,16.200240,5884.957342109,5884.957342109,vC,0.82178973,6.57431785,164388,0.20003657,164388,0.82178973,237.6
80,0,16.200240,5884.957342109,5884.957342109,vD,0.85543025,5.13258148,128338,0.20003657,128338,0.85543025,237.6
81,0,16.400221,5885.157323840,5885.157323840,uA,0.82922574,6.63380595,165830,0.19998173,165830,0.82922574,248.1
81,0,16.400221,5885.157323840,5885.157323840,uB,0.84605061,5.07630368,126896,0.19998173,126896,0.84605061,248.1
81,0,16.400221,5885.157323840,5885.157323840,ac,0.94219273,5.65315637,141316,0.19998173,141316,0.94219273,248.1
81,0,16.400221,5885.157323840,5885.157323840,ad,0.96622826,3.86491303,96614,0.19998173,96614,0.96622826,248.1
81,0,16.400221,5885.157323840,5885.157323840,bc,0.94219273,5.65315637,141316,0.19998173,141316,0.94219273,248.1
81,0,16.400221,5885.157323840,5885.157323840,bd,0.95180694,5.71084164,142758,0.19998173,142758,0.95180694,248.1
81,0,16.400221,5885.157323840,5885.157323840,vC,0.82922574,6.63380595,165830,0.19998173,165830,0.82922574,248.1
81,0,16.400221,5885.157323840,5885.157323840,vD,0.84605061,5.07630368,126896,0.19998173,126896,0.84605061,248.1
82,0,16.600208,5885.357310170,5885.357310170,uA,0.82199619,6.57596950,164388,0.19998633,164388,0.82199619,214.0
82,0,16.600208,5885.357310170,5885.357310170,uB,0.84603116,5.07618698,126896,0.19998633,126896,0.84603116,214.0
82,0,16.600208,5885.357310170,5885.357310170,ac,0.95178506,5.71071036,142758,0.19998633,142758,0.95178506,214.0
82,0,16.600208,5885.357310170,5885.357310170,ad,0.95178506,3.80714024,95172,0.19998633,95172,0.95178506,214.0
82,0,16.600208,5885.357310170,5885.357310170,bc,0.94217107,5.65302641,141316,0.19998633,141316,0.94217107,214.0
82,0,16.600208,5885.357310170,5885.357310170,bd,0.95178506,5.71071036,142758,0.19998633,142758,0.95178506,214.0
82,0,16.600208,5885.357310170,5885.357310170,vC,0.82199619,6.57596950,164388,0.19998633,164388,0.82199619,214.0
82,0,16.600208,5885.357310170,5885.357310170,vD,0.85564515,5.13387093,128338,0.19998633,128338,0.85564515,214.0
83,0,16.800197,5885.557299664,5885.557299664,uA,0.82198318,6.57586541,164388,0.19998949,164388,0.82198318,197.5
83,0,16.800197,5885.557299664,5885.557299664,uB,0.84601777,5.07610664,126896,0.19998949,126896,0.84601777,197.5
83,0,16.800197,5885.557299664,5885.557299664,ac,0.94215616,5.65293693,141316,0.19998949,141316,0.94215616,197.5
83,0,16.800197,5885.557299664,5885.557299664,ad,0.96619075,3.86476301,96614,0.19998949,96614,0.96619075,197.5
83,0,16.800197,5885.557299664,5885.557299664,bc,0.94215616,5.65293693,141316,0.19998949,141316,0.94215616,197.5
83,0,16.800197,5885.557299664,5885.557299664,bd,0.95176999,5.71061996,142758,0.19998949,142758,0.95176999,197.5
83,0,16.800197,5885.557299664,5885.557299664,vC,0.82198318,6.57586541,164388,0.19998949,164388,0.82198318,197.5
83,0,16.800197,5885.557299664,5885.557299664,vD,0.85563161,5.13378967,128338,0.19998949,128338,0.85563161,197.5
84,0,17.000203,5885.757305493,5885.757305493,uA,0.82191605,6.57532836,164388,0.20000583,164388,0.82191605,203.4
84,0,17.000203,5885.757305493,5885.757305493,uB,0.84594868,5.07569207,126896,0.20000583,126896,0.84594868,203.4
84,0,17.000203,5885.757305493,5885.757305493,ac,0.95169226,5.71015358,142758,0.20000583,142758,0.95169226,203.4
84,0,17.000203,5885.757305493,5885.757305493,ad,0.95169226,3.80676905,95172,0.20000583,95172,0.95169226,203.4
84,0,17.000203,5885.757305493,5885.757305493,bc,0.94207921,5.65247526,141316,0.20000583,141316,0.94207921,203.4
84,0,17.000203,5885.757305493,5885.757305493,bd,0.95169226,5.71015358,142758,0.20000583,142758,0.95169226,203.4
84,0,17.000203,5885.757305493,5885.757305493,vC,0.82191605,6.57532836,164388,0.20000583,164388,0.82191605,203.4
84,0,17.000203,5885.757305493,5885.757305493,vD,0.85556173,5.13337039,128338,0.20000583,128338,0.85556173,203.4
85,0,17.200201,5885.957303128,5885.957303128,uA,0.82915981,6.63327846,165830,0.19999763,165830,0.82915981,214.8
85,0,17.200201,5885.957303128,5885.957303128,uB,0.84598334,5.07590004,126896,0.19999763,126896,0.84598334,214.8
85,0,17.200201,5885.957303128,5885.957303128,ac,0.95173126,5.71038754,142758,0.19999763,142758,0.95173126,214.8
85,0,17.200201,5885.957303128,5885.957303128,ad,0.96615143,3.86460571,96614,0.19999763,96614,0.96615143,214.8
85,0,17.200201,5885.957303128,5885.957303128,bc,0.94211781,5.65270686,141316,0.19999763,141316,0.94211781,214.8
85,0,17.200201,5885.957303128,5885.957303128,bd,0.95173126,5.71038754,142758,0.19999763,142758,0.95173126,214.8
85,0,17.200201,5885.957303128,5885.957303128,vC,0.82915981,6.63327846,165830,0.19999763,165830,0.82915981,214.8
85,0,17.200201,5885.957303128,5885.957303128,vD,0.85559679,5.13358072,128338,0.19999763,128338,0.85559679,214.8
86,0,17.400233,5886.157335249,5886.157335249,uA,0.82180801,6.57446411,164388,0.20003212,164388,0.82180801,268.7
86,0,17.400233,5886.157335249,5886.157335249,uB,0.84583749,5.07502493,126896,0.20003212,126896,0.84583749,268.7
86,0,17.400233,5886.157335249,5886.157335249,ac,0.94195538,5.65173230,141316,0.20003212,141316,0.94195538,268.7
86,0,17.400233,5886.157335249,5886.157335249,ad,0.95156717,3.80626869,95172,0.20003212,95172,0.95156717,268.7
86,0,17.400233,5886.157335249,5886.157335249,bc,0.94195538,5.65173230,141316,0.20003212,141316,0.94195538,268.7
86,0,17.400233,5886.157335249,5886.157335249,bd,0.95156717,5.70940304,142758,0.20003212,142758,0.95156717,268.7
86,0,17.400233,5886.157335249,5886.157335249,vC,0.82180801,6.57446411,164388,0.20003212,164388,0.82180801,268.7
86,0,17.400233,5886.157335249,5886.157335249,vD,0.85544928,5.13269566,128338,0.20003212,128338,0.85544928,268.7
87,0,17.600211,5886.357313197,5886.357313197,uA,0.82203064,6.57624508,164388,0.19997795,164388,0.82203064,224.0
87,0,17.600211,5886.357313197,5886.357313197,uB,0.83645223,5.01871335,125454,0.19997795,125454,0.83645223,224.0
87,0,17.600211,5886.357313197,5886.357313197,ac,0.95182495,5.71094968,142758,0.19997795,142758,0.95182495,224.0
87,0,17.600211,5886.357313197,5886.357313197,ad,0.95182495,3.80729978,95172,0.19997795,95172,0.95182495,224.0
87,0,17.600211,5886.357313197,5886.357313197,bc,0.94221055,5.65326331,141316,0.19997795,141316,0.94221055,224.0
87,0,17.600211,5886.357313197,5886.357313197,bd,0.96143934,5.76863604,144200,0.19997795,144200,0.96143934,224.0
87,0,17.600211,5886.357313197,5886.357313197,vC,0.82203064,6.57624508,164388,0.19997795,164388,0.82203064,224.0
87,0,17.600211,5886.357313197,5886.357313197,vD,0.85568101,5.13408607,128338,0.19997795,128338,0.85568101,224.0
88,0,17.800197,5886.557299488,5886.557299488,uA,0.82920684,6.63365472,165830,0.19998629,165830,0.82920684,192.0
88,0,17.800197,5886.557299488,5886.557299488,uB,0.84603133,5.07618796,126896,0.19998629,126896,0.84603133,192.0
88,0,17.800197,5886.557299488,5886.557299488,ac,0.94217125,5.65302750,141316,0.19998629,141316,0.94217125,192.0
88,0,17.800197,5886.557299488,5886.557299488,ad,0.96620623,3.86482492,96614,0.19998629,96614,0.96620623,192.0
88,0,17.800197,5886.557299488,5886.557299488,bc,0.94217125,5.65302750,141316,0.19998629,141316,0.94217125,192.0
88,0,17.800197,5886.557299488,5886.557299488,bd,0.95178524,5.71071145,142758,0.19998629,142758,0.95178524,192.0
88,0,17.800197,5886.557299488,5886.557299488,vC,0.82920684,6.63365472,165830,0.19998629,165830,0.82920684,192.0
88,0,17.800197,5886.557299488,5886.557299488,vD,0.85564532,5.13387191,128338,0.19998629,128338,0.85564532,192.0
89,0,18.000223,5886.757325909,5886.757325909,uA,0.82183143,6.57465142,164388,0.20002642,164388,0.82183143,210.4
89,0,18.000223,5886.757325909,5886.757325909,uB,0.84586159,5.07516952,126896,0.20002642,126896,0.84586159,210.4
89,0,18.000223,5886.757325909,5886.757325909,ac,0.95159428,5.70956571,142758,0.20002642,142758,0.95159428,210.4
89,0,18.000223,5886.757325909,5886.757325909,ad,0.95159428,3.80637714,95172,0.20002642,95172,0.95159428,210.4
89,0,18.000223,5886.757325909,5886.757325909,bc,0.94198222,5.65189333,141316,0.20002642,141316,0.94198222,210.4
89,0,18.000223,5886.757325909,5886.757325909,bd,0.95159428,5.70956571,142758,0.20002642,142758,0.95159428,210.4
89,0,18.000223,5886.757325909,5886.757325909,vC,0.82183143,6.57465142,164388,0.20002642,164388,0.82183143,210.4
89,0,18.000223,5886.757325909,5886.757325909,vD,0.85547365,5.13284190,128338,0.20002642,128338,0.85547365,210.4
90,0,18.200197,5886.957299495,5886.957299495,uA,0.82204857,6.57638856,164388,0.19997359,164388,0.82204857,201.6
90,0,18.200197,5886.957299495,5886.957299495,uB,0.84608508,5.07651047,126896,0.19997359,126896,0.84608508,201.6
90,0,18.200197,5886.957299495,5886.957299495,ac,0.94223111,5.65338666,141316,0.19997359,141316,0.94223111,201.6
90,0,18.200197,5886.957299495,5886.957299495,ad,0.96626762,3.86507047,96614,0.19997359,96614,0.96626762,201.6
90,0,18.200197,5886.957299495,5886.957299495,bc,0.94223111,5.65338666,141316,0.19997359,141316,0.94223111,201.6
90,0,18.200197,5886.957299495,5886.957299495,bd,0.95184571,5.71107428,142758,0.19997359,142758,0.95184571,201.6
90,0,18.200197,5886.957299495,5886.957299495,vC,0.82204857,6.57638856,164388,0.19997359,164388,0.82204857,201.6
90,0,18.200197,5886.957299495,5886.957299495,vD,0.85569968,5.13419809,128338,0.19997359,128338,0.85569968,201.6
91,0,18.400223,5887.157325156,5887.157325156,uA,0.82183455,6.57467644,164388,0.20002566,164388,0.82183455,263.8
91,0,18.400223,5887.157325156,5887.157325156,uB,0.84586480,5.07518883,126896,0.20002566,126896,0.84586480,263.8
91,0,18.400223,5887.157325156,5887.157325156,ac,0.95159791,5.70958743,142758,0.20002566,142758,0.95159791,263.8
91,0,18.400223,5887.157325156,5887.157325156,ad,0.95159791,3.80639162,95172,0.20002566,95172,0.95159791,263.8
91,0,18.400223,5887.157325156,5887.157325156,bc,0.94198581,5.65191483,141316,0.20002566,141316,0.94198581,263.8
91,0,18.400223,5887.157325156,5887.157325156,bd,0.95159791,5.70958743,142758,0.20002566,142758,0.95159791,263.8
91,0,18.400223,5887.157325156,5887.157325156,vC,0.82183455,6.57467644,164388,0.20002566,164388,0.82183455,263.8
91,0,18.400223,5887.157325156,5887.157325156,vD,0.85547690,5.13286143,128338,0.20002566,128338,0.85547690,263.8
92,0,18.600198,5887.357300425,5887.357300425,uA,0.82925254,6.63402031,165830,0.19997527,165830,0.82925254,196.7
92,0,18.600198,5887.357300425,5887.357300425,uB,0.84607795,5.07646772,126896,0.19997527,126896,0.84607795,196.7
92,0,18.600198,5887.357300425,5887.357300425,ac,0.95183770,5.71102618,142758,0.19997527,142758,0.95183770,196.7
92,0,18.600198,5887.357300425,5887.357300425,ad,0.96625948,3.86503792,96614,0.19997527,96614,0.96625948,196.7
92,0,18.600198,5887.357300425,5887.357300425,bc,0.94222317,5.65333905,141316,0.19997527,141316,0.94222317,196.7
92,0,18.600198,5887.357300425,5887.357300425,bd,0.95183770,5.71102618,142758,0.19997527,142758,0.95183770,196.7
92,0,18.600198,5887.357300425,5887.357300425,vC,0.82925254,6.63402031,165830,0.19997527,165830,0.82925254,196.7
92,0,18.600198,5887.357300425,5887.357300425,vD,0.85569248,5.13415485,128338,0.19997527,128338,0.85569248,196.7
93,0,18.800190,5887.557292655,5887.557292655,uA,0.82197194,6.57577550,164388,0.19999223,164388,0.82197194,183.4
93,0,18.800190,5887.557292655,5887.557292655,uB,0.84600620,5.07603723,126896,0.19999223,126896,0.84600620,183.4
93,0,18.800190,5887.557292655,5887.557292655,ac,0.94214327,5.65285964,141316,0.19999223,141316,0.94214327,183.4
93,0,18.800190,5887.557292655,5887.557292655,ad,0.95175698,3.80702792,95172,0.19999223,95172,0.95175698,183.4
93,0,18.800190,5887.557292655,5887.557292655,bc,0.94214327,5.65285964,141316,0.19999223,141316,0.94214327,183.4
93,0,18.800190,5887.557292655,5887.557292655,bd,0.95175698,5.71054188,142758,0.19999223,142758,0.95175698,183.4
93,0,18.800190,5887.557292655,5887.557292655,vC,0.82197194,6.57577550,164388,0.19999223,164388,0.82197194,183.4
93,0,18.800190,5887.557292655,5887.557292655,vD,0.85561991,5.13371947,128338,0.19999223,128338,0.85561991,183.4
94,0,19.000215,5887.757317721,5887.757317721,uA,0.82183700,6.57469598,164388,0.20002507,164388,0.82183700,245.1
94,0,19.000215,5887.757317721,5887.757317721,uB,0.83625519,5.01753114,125454,0.20002507,125454,0.83625519,245.1
94,0,19.000215,5887.757317721,5887.757317721,ac,0.95160073,5.70960440,142758,0.20002507,142758,0.95160073,245.1
94,0,19.000215,5887.757317721,5887.757317721,ad,0.95160073,3.80640293,95172,0.20002507,95172,0.95160073,245.1
94,0,19.000215,5887.757317721,5887.757317721,bc,0.95160073,5.70960440,142758,0.20002507,142758,0.95160073,245.1
94,0,19.000215,5887.757317721,5887.757317721,bd,0.95160073,5.70960440,142758,0.20002507,142758,0.95160073,245.1
94,0,19.000215,5887.757317721,5887.757317721,vC,0.82183700,6.57469598,164388,0.20002507,164388,0.82183700,245.1
94,0,19.000215,5887.757317721,5887.757317721,vD,0.85547945,5.13287668,128338,0.20002507,128338,0.85547945,245.1
95,0,19.200241,5887.957343436,5887.957343436,uA,0.82904340,6.63234723,165830,0.20002572,165830,0.82904340,285.0
95,0,19.200241,5887.957343436,5887.957343436,uB,0.84586457,5.07518745,126896,0.20002572,126896,0.84586457,285.0
95,0,19.200241,5887.957343436,5887.957343436,ac,0.94198555,5.65191329,141316,0.20002572,141316,0.94198555,285.0
95,0,19.200241,5887.957343436,5887.957343436,ad,0.96601579,3.86406317,96614,0.20002572,96614,0.96601579,285.0
95,0,19.200241,5887.957343436,5887.957343436,bc,0.94198555,5.65191329,141316,0.20002572,141316,0.94198555,285.0
95,0,19.200241,5887.957343436,5887.957343436,bd,0.95159765,5.70958588,142758,0.20002572,142758,0.95159765,285.0
95,0,19.200241,5887.957343436,5887.957343436,vC,0.82904340,6.63234723,165830,0.20002572,165830,0.82904340,285.0
95,0,19.200241,5887.957343436,5887.957343436,vD,0.84586457,5.07518745,126896,0.20002572,126896,0.84586457,285.0
96,0,19.400232,5888.157334557,5888.157334557,uA,0.82197649,6.57581195,164388,0.19999112,164388,0.82197649,263.4
96,0,19.400232,5888.157334557,5888.157334557,uB,0.84601089,5.07606536,126896,0.19999112,126896,0.84601089,263.4
96,0,19.400232,5888.157334557,5888.157334557,ac,0.95176226,5.71057354,142758,0.19999112,142758,0.95176226,263.4
96,0,19.400232,5888.157334557,5888.157334557,ad,0.95176226,3.80704902,95172,0.19999112,95172,0.95176226,263.4
96,0,19.400232,5888.157334557,5888.157334557,bc,0.94214850,5.65289097,141316,0.19999112,141316,0.94214850,263.4
96,0,19.400232,5888.157334557,5888.157334557,bd,0.96137602,5.76825610,144200,0.19999112,144200,0.96137602,263.4
96,0,19.400232,5888.157334557,5888.157334557,vC,0.82197649,6.57581195,164388,0.19999112,164388,0.82197649,263.4
96,0,19.400232,5888.157334557,5888.157334557,vD,0.85562465,5.13374793,128338,0.19999112,128338,0.85562465,263.4
97,0,19.600205,5888.357307720,5888.357307720,uA,0.82205031,6.57640245,164388,0.19997316,164388,0.82205031,209.6
97,0,19.600205,5888.357307720,5888.357307720,uB,0.84608687,5.07652119,126896,0.19997316,126896,0.84608687,209.6
97,0,19.600205,5888.357307720,5888.357307720,ac,0.94223310,5.65339860,141316,0.19997316,141316,0.94223310,209.6
97,0,19.600205,5888.357307720,5888.357307720,ad,0.96626966,3.86507864,96614,0.19997316,96614,0.96626966,209.6
97,0,19.600205,5888.357307720,5888.357307720,bc,0.94223310,5.65339860,141316,0.19997316,141316,0.94223310,209.6
97,0,19.600205,5888.357307720,5888.357307720,bd,0.95184772,5.71108634,142758,0.19997316,142758,0.95184772,209.6
97,0,19.600205,5888.357307720,5888.357307720,vC,0.82205031,6.57640245,164388,0.19997316,164388,0.82205031,209.6
97,0,19.600205,5888.357307720,5888.357307720,vD,0.85570149,5.13420893,128338,0.19997316,128338,0.85570149,209.6
98,0,19.800204,5888.557307019,5888.557307019,uA,0.82194288,6.57554305,164388,0.19999930,164388,0.82194288,207.5
98,0,19.800204,5888.557307019,5888.557307019,uB,0.84597630,5.07585779,126896,0.19999930,126896,0.84597630,207.5
98,0,19.800204,5888.557307019,5888.557307019,ac,0.95172334,5.71034001,142758,0.19999930,142758,0.95172334,207.5
98,0,19.800204,5888.557307019,5888.557307019,ad,0.95172334,3.80689334,95172,0.19999930,95172,0.95172334,207.5
98,0,19.800204,5888.557307019,5888.557307019,bc,0.94210997,5.65265981,141316,0.19999930,141316,0.94210997,207.5
98,0,19.800204,5888.557307019,5888.557307019,bd,0.95172334,5.71034001,142758,0.19999930,142758,0.95172334,207.5
98,0,19.800204,5888.557307019,5888.557307019,vC,0.82194288,6.57554305,164388,0.19999930,164388,0.82194288,207.5
98,0,19.800204,5888.557307019,5888.557307019,vD,0.85558967,5.13353799,128338,0.19999930,128338,0.85558967,207.5
99,0,20.000234,5888.757336122,5888.757336122,uA,0.82902936,6.63223491,165830,0.20002910,165830,0.82902936,234.5
99,0,20.000234,5888.757336122,5888.757336122,uB,0.84585025,5.07510150,126896,0.20002910,126896,0.84585025,234.5
99,0,20.000234,5888.757336122,5888.757336122,ac,0.95158153,5.70948918,142758,0.20002910,142758,0.95158153,234.5
99,0,20.000234,5888.757336122,5888.757336122,ad,0.96599943,3.86399773,96614,0.20002910,96614,0.96599943,234.5
99,0,20.000234,5888.757336122,5888.757336122,bc,0.94196960,5.65181758,141316,0.20002910,141316,0.94196960,234.5
99,0,20.000234,5888.757336122,5888.757336122,bd,0.95158153,5.70948918,142758,0.20002910,142758,0.95158153,234.5
99,0,20.000234,5888.757336122,5888.757336122,vC,0.82902936,6.63223491,165830,0.20002910,165830,0.82902936,234.5
99,0,20.000234,5888.757336122,5888.757336122,vD,0.85546218,5.13277310,128338,0.20002910,128338,0.85546218,234.5
100,0,20.200202,5888.957305037,5888.957305037,uA,0.82206777,6.57654216,164388,0.19996891,164388,0.82206777,204.8
100,0,20.200202,5888.957305037,5888.957305037,uB,0.84610484,5.07662904,126896,0.19996891,126896,0.84610484,204.8
100,0,20.200202,5888.957305037,5888.957305037,ac,0.94225312,5.65351870,141316,0.19996891,141316,0.94225312,204.8
100,0,20.200202,5888.957305037,5888.957305037,ad,0.95186794,3.80747178,95172,0.19996891,95172,0.95186794,204.8
100,0,20.200202,5888.957305037,5888.957305037,bc,0.94225312,5.65351870,141316,0.19996891,141316,0.94225312,204.8
100,0,20.200202,5888.957305037,5888.957305037,bd,0.95186794,5.71120766,142758,0.19996891,142758,0.95186794,204.8
100,0,20.200202,5888.957305037,5888.957305037,vC,0.82206777,6.57654216,164388,0.19996891,164388,0.82206777,204.8
100,0,20.200202,5888.957305037,5888.957305037,vD,0.85571967,5.13431800,128338,0.19996891,128338,0.85571967,204.8
101,0,20.400205,5889.157307398,5889.157307398,uA,0.82193030,6.57544238,164388,0.20000236,164388,0.82193030,230.4
101,0,20.400205,5889.157307398,5889.157307398,uB,0.83635013,5.01810076,125454,0.20000236,125454,0.83635013,230.4
101,0,20.400205,5889.157307398,5889.157307398,ac,0.95170877,5.71025259,142758,0.20000236,142758,0.95170877,230.4
101,0,20.400205,5889.157307398,5889.157307398,ad,0.95170877,3.80683506,95172,0.20000236,95172,0.95170877,230.4
101,0,20.400205,5889.157307398,5889.157307398,bc,0.94209555,5.65257327,141316,0.20000236,141316,0.94209555,230.4
101,0,20.400205,5889.157307398,5889.157307398,bd,0.95170877,5.71025259,142758,0.20000236,142758,0.95170877,230.4
101,0,20.400205,5889.157307398,5889.157307398,vC,0.82193030,6.57544238,164388,0.20000236,164388,0.82193030,230.4
101,0,20.400205,5889.157307398,5889.157307398,vD,0.85557657,5.13345940,128338,0.20000236,128338,0.85557657,230.4
102,0,20.600197,5889.357299468,5889.357299468,uA,0.82918288,6.63346302,165830,0.19999207,165830,0.82918288,196.7
102,0,20.600197,5889.357299468,5889.357299468,uB,0.84600688,5.07604127,126896,0.19999207,126896,0.84600688,196.7
102,0,20.600197,5889.357299468,5889.357299468,ac,0.94214402,5.65286414,141316,0.19999207,141316,0.94214402,196.7
102,0,20.600197,5889.357299468,5889.357299468,ad,0.96617831,3.86471324,96614,0.19999207,96614,0.96617831,196.7
102,0,20.600197,5889.357299468,5889.357299468,bc,0.94214402,5.65286414,141316,0.19999207,141316,0.94214402,196.7
102,0,20.600197,5889.357299468,5889.357299468,bd,0.95175774,5.71054642,142758,0.19999207,142758,0.95175774,196.7
102,0,20.600197,5889.357299468,5889.357299468,vC,0.82918288,6.63346302,165830,0.19999207,165830,0.82918288,196.7
102,0,20.600197,5889.357299468,5889.357299468,vD,0.85562059,5.13372355,128338,0.19999207,128338,0.85562059,196.7
103,0,20.800185,5889.557287372,5889.557287372,uA,0.82198971,6.57591771,164388,0.19998790,164388,0.82198971,183.6
103,0,20.800185,5889.557287372,5889.557287372,uB,0.84602450,5.07614701,126896,0.19998790,126896,0.84602450,183.6
103,0,20.800185,5889.557287372,5889.557287372,ac,0.95177756,5.71066538,142758,0.19998790,142758,0.95177756,183.6
103,0,20.800185,5889.557287372,5889.557287372,ad,0.95177756,3.80711025,95172,0.19998790,95172,0.95177756,183.6
103,0,20.800185,5889.557287372,5889.557287372,bc,0.94216365,5.65298189,141316,0.19998790,141316,0.94216365,183.6
103,0,20.800185,5889.557287372,5889.557287372,bd,0.95177756,5.71066538,142758,0.19998790,142758,0.95177756,183.6
103,0,20.800185,5889.557287372,5889.557287372,vC,0.82198971,6.57591771,164388,0.19998790,164388,0.82198971,183.6
103,0,20.800185,5889.557287372,5889.557287372,vD,0.85563842,5.13383049,128338,0.19998790,128338,0.85563842,183.6
104,0,21.000193,5889.757295754,5889.757295754,uA,0.82190555,6.57524442,164388,0.20000838,164388,0.82190555,192.8
104,0,21.000193,5889.757295754,5889.757295754,uB,0.84593788,5.07562727,126896,0.20000838,126896,0.84593788,192.8
104,0,21.000193,5889.757295754,5889.757295754,ac,0.94206718,5.65240309,141316,0.20000838,141316,0.94206718,192.8
104,0,21.000193,5889.757295754,5889.757295754,ad,0.96609951,3.86439803,96614,0.20000838,96614,0.96609951,192.8
104,0,21.000193,5889.757295754,5889.757295754,bc,0.94206718,5.65240309,141316,0.20000838,141316,0.94206718,192.8
104,0,21.000193,5889.757295754,5889.757295754,bd,0.95168011,5.71008068,142758,0.20000838,142758,0.95168011,192.8
104,0,21.000193,5889.757295754,5889.757295754,vC,0.82190555,6.57524442,164388,0.20000838,164388,0.82190555,192.8
104,0,21.000193,5889.757295754,5889.757295754,vD,0.85555081,5.13330485,128338,0.20000838,128338,0.85555081,192.8
105,0,21.200231,5889.957334009,5889.957334009,uA,0.82178281,6.57426251,164388,0.20003825,164388,0.82178281,258.0
105,0,21.200231,5889.957334009,5889.957334009,uB,0.84581155,5.07486930,126896,0.20003825,126896,0.84581155,258.0
105,0,21.200231,5889.957334009,5889.957334009,ac,0.95153799,5.70922797,142758,0.20003825,142758,0.95153799,258.0
105,0,21.200231,5889.957334009,5889.957334009,ad,0.95153799,3.80615198,95172,0.20003825,95172,0.95153799,258.0
105,0,21.200231,5889.957334009,5889.957334009,bc,0.94192650,5.65155900,141316,0.20003825,141316,0.94192650,258.0
105,0,21.200231,5889.957334009,5889.957334009,bd,0.96114949,5.76689694,144200,0.20003825,144200,0.96114949,258.0
105,0,21.200231,5889.957334009,5889.957334009,vC,0.82178281,6.57426251,164388,0.20003825,164388,0.82178281,258.0
105,0,21.200231,5889.957334009,5889.957334009,vD,0.85542305,5.13253827,128338,0.20003825,128338,0.85542305,258.0
106,0,21.400227,5890.157329739,5890.157329739,uA,0.82916770,6.63334164,165830,0.19999573,165830,0.82916770,256.2
106,0,21.400227,5890.157329739,5890.157329739,uB,0.84599140,5.07594838,126896,0.19999573,126896,0.84599140,256.2
106,0,21.400227,5890.157329739,5890.157329739,ac,0.95174032,5.71044193,142758,0.19999573,142758,0.95174032,256.2
106,0,21.400227,5890.157329739,5890.157329739,ad,0.96616063,3.86464252,96614,0.19999573,96614,0.96616063,256.2
106,0,21.400227,5890.157329739,5890.157329739,bc,0.94212678,5.65276070,141316,0.19999573,141316,0.94212678,256.2
106,0,21.400227,5890.157329739,5890.157329739,bd,0.95174032,5.71044193,142758,0.19999573,142758,0.95174032,256.2
106,0,21.400227,5890.157329739,5890.157329739,vC,0.82916770,6.63334164,165830,0.19999573,165830,0.82916770,256.2
106,0,21.400227,5890.157329739,5890.157329739,vD,0.85560494,5.13362962,128338,0.19999573,128338,0.85560494,256.2
107,0,21.600193,5890.357296011,5890.357296011,uA,0.82207863,6.57662907,164388,0.19996627,164388,0.82207863,197.1
107,0,21.600193,5890.357296011,5890.357296011,uB,0.84611602,5.07669612,126896,0.19996627,126896,0.84611602,197.1
107,0,21.600193,5890.357296011,5890.357296011,ac,0.94226557,5.65359341,141316,0.19996627,141316,0.94226557,197.1
107,0,21.600193,5890.357296011,5890.357296011,ad,0.95188052,3.80752209,95172,0.19996627,95172,0.95188052,197.1
107,0,21.600193,5890.357296011,5890.357296011,bc,0.94226557,5.65359341,141316,0.19996627,141316,0.94226557,197.1
107,0,21.600193,5890.357296011,5890.357296011,bd,0.95188052,5.71128314,142758,0.19996627,142758,0.95188052,197.1
107,0,21.600193,5890.357296011,5890.357296011,vC,0.82207863,6.57662907,164388,0.19996627,164388,0.82207863,197.1
107,0,21.600193,5890.357296011,5890.357296011,vD,0.85573098,5.13438585,128338,0.19996627,128338,0.85573098,197.1
108,0,21.800204,5890.557306930,5890.557306930,uA,0.82189513,6.57516105,164388,0.20001092,164388,0.82189513,219.7
108,0,21.800204,5890.557306930,5890.557306930,uB,0.83631434,5.01788606,125454,0.20001092,125454,0.83631434,219.7
108,0,21.800204,5890.557306930,5890.557306930,ac,0.95166805,5.71000828,142758,0.20001092,142758,0.95166805,219.7
108,0,21.800204,5890.557306930,5890.557306930,ad,0.95166805,3.80667218,95172,0.20001092,95172,0.95166805,219.7
108,0,21.800204,5890.557306930,5890.557306930,bc,0.94205524,5.65233143,141316,0.20001092,141316,0.94205524,219.7
108,0,21.800204,5890.557306930,5890.557306930,bd,0.95166805,5.71000828,142758,0.20001092,142758,0.95166805,219.7
108,0,21.800204,5890.557306930,5890.557306930,vC,0.82189513,6.57516105,164388,0.20001092,164388,0.82189513,219.7
108,0,21.800204,5890.557306930,5890.557306930,vD,0.85553996,5.13323976,128338,0.20001092,128338,0.85553996,219.7
109,0,22.000193,5890.757295478,5890.757295478,uA,0.82919748,6.63357986,165830,0.19998855,165830,0.82919748,198.3
109,0,22.000193,5890.757295478,5890.757295478,uB,0.84602178,5.07613067,126896,0.19998855,126896,0.84602178,198.3
109,0,22.000193,5890.757295478,5890.757295478,ac,0.94216062,5.65296370,141316,0.19998855,141316,0.94216062,198.3
109,0,22.000193,5890.757295478,5890.757295478,ad,0.96619533,3.86478131,96614,0.19998855,96614,0.96619533,198.3
109,0,22.000193,5890.757295478,5890.757295478,bc,0.94216062,5.65296370,141316,0.19998855,141316,0.94216062,198.3
109,0,22.000193,5890.757295478,5890.757295478,bd,0.95177450,5.71064701,142758,0.19998855,142758,0.95177450,198.3
109,0,22.000193,5890.757295478,5890.757295478,vC,0.82919748,6.63357986,165830,0.19998855,165830,0.82919748,198.3
109,0,22.000193,5890.757295478,5890.757295478,vD,0.84602178,5.07613067,126896,0.19998855,126896,0.84602178,198.3
110,0,22.200194,5890.957296320,5890.957296320,uA,0.82193654,6.57549230,164388,0.20000084,164388,0.82193654,199.1
110,0,22.200194,5890.957296320,5890.957296320,uB,0.84596977,5.07581862,126896,0.20000084,126896,0.84596977,199.1
110,0,22.200194,5890.957296320,5890.957296320,ac,0.95171599,5.71029595,142758,0.20000084,142758,0.95171599,199.1
110,0,22.200194,5890.957296320,5890.957296320,ad,0.95171599,3.80686396,95172,0.20000084,95172,0.95171599,199.1
110,0,22.200194,5890.957296320,5890.957296320,bc,0.94210270,5.65261619,141316,0.20000084,141316,0.94210270,199.1
110,0,22.200194,5890.957296320,5890.957296320,bd,0.95171599,5.71029595,142758,0.20000084,142758,0.95171599,199.1
110,0,22.200194,5890.957296320,5890.957296320,vC,0.82193654,6.57549230,164388,0.20000084,164388,0.82193654,199.1
110,0,22.200194,5890.957296320,5890.957296320,vD,0.85558306,5.13349838,128338,0.20000084,128338,0.85558306,199.1
111,0,22.400202,5891.157304346,5891.157304346,uA,0.82190701,6.57525612,164388,0.20000803,164388,0.82190701,218.7
111,0,22.400202,5891.157304346,5891.157304346,uB,0.84593938,5.07563630,126896,0.20000803,126896,0.84593938,218.7
111,0,22.400202,5891.157304346,5891.157304346,ac,0.94206886,5.65241315,141316,0.20000803,141316,0.94206886,218.7
111,0,22.400202,5891.157304346,5891.157304346,ad,0.96610123,3.86440491,96614,0.20000803,96614,0.96610123,218.7
111,0,22.400202,5891.157304346,5891.157304346,bc,0.94206886,5.65241315,141316,0.20000803,141316,0.94206886,218.7
111,0,22.400202,5891.157304346,5891.157304346,bd,0.95168181,5.71009084,142758,0.20000803,142758,0.95168181,218.7
111,0,22.400202,5891.157304346,5891.157304346,vC,0.82190701,6.57525612,164388,0.20000803,164388,0.82190701,218.7
111,0,22.400202,5891.157304346,5891.157304346,vD,0.85555233,5.13331399,128338,0.20000803,128338,0.85555233,218.7
112,0,22.600217,5891.357319458,5891.357319458,uA,0.82187790,6.57502322,164388,0.20001511,164388,0.82187790,214.6
112,0,22.600217,5891.357319458,5891.357319458,uB,0.84590942,5.07545652,126896,0.20001511,126896,0.84590942,214.6
112,0,22.600217,5891.357319458,5891.357319458,ac,0.95164810,5.70988859,142758,0.20001511,142758,0.95164810,214.6
112,0,22.600217,5891.357319458,5891.357319458,ad,0.95164810,3.80659239,95172,0.20001511,95172,0.95164810,214.6
112,0,22.600217,5891.357319458,5891.357319458,bc,0.94203549,5.65221295,141316,0.20001511,141316,0.94203549,214.6
112,0,22.600217,5891.357319458,5891.357319458,bd,0.95164810,5.70988859,142758,0.20001511,142758,0.95164810,214.6
112,0,22.600217,5891.357319458,5891.357319458,vC,0.82187790,6.57502322,164388,0.20001511,164388,0.82187790,214.6
112,0,22.600217,5891.357319458,5891.357319458,vD,0.85552203,5.13313217,128338,0.20001511,128338,0.85552203,214.6
113,0,22.800217,5891.557319685,5891.557319685,uA,0.82914906,6.63319245,165830,0.20000023,165830,0.82914906,220.4
113,0,22.800217,5891.557319685,5891.557319685,uB,0.84597237,5.07583423,126896,0.20000023,126896,0.84597237,220.4
113,0,22.800217,5891.557319685,5891.557319685,ac,0.95171892,5.71031350,142758,0.20000023,142758,0.95171892,220.4
113,0,22.800217,5891.557319685,5891.557319685,ad,0.96613890,3.86455560,96614,0.20000023,96614,0.96613890,220.4
113,0,22.800217,5891.557319685,5891.557319685,bc,0.94210560,5.65263357,141316,0.20000023,141316,0.94210560,220.4
113,0,22.800217,5891.557319685,5891.557319685,bd,0.95171892,5.71031350,142758,0.20000023,142758,0.95171892,220.4
113,0,22.800217,5891.557319685,5891.557319685,vC,0.82914906,6.63319245,165830,0.20000023,165830,0.82914906,220.4
113,0,22.800217,5891.557319685,5891.557319685,vD,0.85558569,5.13351416,128338,0.20000023,128338,0.85558569,220.4
114,0,23.000203,5891.757305702,5891.757305702,uA,0.82199747,6.57597976,164388,0.19998602,164388,0.82199747,210.1
114,0,23.000203,5891.757305702,5891.757305702,uB,0.83641848,5.01851087,125454,0.19998602,125454,0.83641848,210.1
114,0,23.000203,5891.757305702,5891.757305702,ac,0.94217254,5.65303523,141316,0.19998602,141316,0.94217254,210.1
114,0,23.000203,5891.757305702,5891.757305702,ad,0.95178654,3.80714618,95172,0.19998602,95172,0.95178654,210.1
114,0,23.000203,5891.757305702,5891.757305702,bc,0.94217254,5.65303523,141316,0.19998602,141316,0.94217254,210.1
114,0,23.000203,5891.757305702,5891.757305702,bd,0.95178654,5.71071926,142758,0.19998602,142758,0.95178654,210.1
114,0,23.000203,5891.757305702,5891.757305702,vC,0.82199747,6.57597976,164388,0.19998602,164388,0.82199747,210.1
114,0,23.000203,5891.757305702,5891.757305702,vD,0.85564649,5.13387894,128338,0.19998602,128338,0.85564649,210.1
115,0,23.200198,5891.957300429,5891.957300429,uA,0.82196167,6.57569337,164388,0.19999473,164388,0.82196167,207.4
115,0,23.200198,5891.957300429,5891.957300429,uB,0.84599564,5.07597383,126896,0.19999473,126896,0.84599564,207.4
115,0,23.200198,5891.957300429,5891.957300429,ac,0.95174509,5.71047056,142758,0.19999473,142758,0.95174509,207.4
115,0,23.200198,5891.957300429,5891.957300429,ad,0.95174509,3.80698037,95172,0.19999473,95172,0.95174509,207.4
115,0,23.200198,5891.957300429,5891.957300429,bc,0.94213151,5.65278904,141316,0.19999473,141316,0.94213151,207.4
115,0,23.200198,5891.957300429,5891.957300429,bd,0.96135868,5.76815208,144200,0.19999473,144200,0.96135868,207.4
115,0,23.200198,5891.957300429,5891.957300429,vC,0.82196167,6.57569337,164388,0.19999473,164388,0.82196167,207.4
115,0,23.200198,5891.957300429,5891.957300429,vD,0.85560922,5.13365535,128338,0.19999473,128338,0.85560922,207.4
116,0,23.400201,5892.157303140,5892.157303140,uA,0.82913876,6.63311010,165830,0.20000271,165830,0.82913876,208.9
116,0,23.400201,5892.157303140,5892.157303140,uB,0.84596187,5.07577121,126896,0.20000271,126896,0.84596187,208.9
116,0,23.400201,5892.157303140,5892.157303140,ac,0.94209390,5.65256339,141316,0.20000271,141316,0.94209390,208.9
116,0,23.400201,5892.157303140,5892.157303140,ad,0.96612691,3.86450763,96614,0.20000271,96614,0.96612691,208.9
116,0,23.400201,5892.157303140,5892.157303140,bc,0.94209390,5.65256339,141316,0.20000271,141316,0.94209390,208.9
116,0,23.400201,5892.157303140,5892.157303140,bd,0.95170710,5.71024261,142758,0.20000271,142758,0.95170710,208.9
116,0,23.400201,5892.157303140,5892.157303140,vC,0.82192886,6.57543089,164388,0.20000271,164388,0.82192886,208.9
116,0,23.400201,5892.157303140,5892.157303140,vD,0.85557507,5.13345043,128338,0.20000271,128338,0.85557507,208.9
117,0,23.600211,5892.357313543,5892.357313543,uA,0.82189725,6.57517798,164388,0.20001040,164388,0.82189725,213.8
117,0,23.600211,5892.357313543,5892.357313543,uB,0.84592933,5.07557598,126896,0.20001040,126896,0.84592933,213.8
117,0,23.600211,5892.357313543,5892.357313543,ac,0.95167050,5.71002298,142758,0.20001040,142758,0.95167050,213.8
117,0,23.600211,5892.357313543,5892.357313543,ad,0.95167050,3.80668199,95172,0.20001040,95172,0.95167050,213.8
117,0,23.600211,5892.357313543,5892.357313543,bc,0.94205766,5.65234598,141316,0.20001040,141316,0.94205766,213.8
117,0,23.600211,5892.357313543,5892.357313543,bd,0.95167050,5.71002298,142758,0.20001040,142758,0.95167050,213.8
117,0,23.600211,5892.357313543,5892.357313543,vC,0.82910687,6.63285498,165830,0.20001040,165830,0.82910687,213.8
117,0,23.600211,5892.357313543,5892.357313543,vD,0.85554216,5.13325298,128338,0.20001040,128338,0.85554216,213.8
118,0,23.800207,5892.557309881,5892.557309881,uA,0.82195505,6.57564040,164388,0.19999634,164388,0.82195505,206.1
118,0,23.800207,5892.557309881,5892.557309881,uB,0.84598882,5.07593294,126896,0.19999634,126896,0.84598882,206.1
118,0,23.800207,5892.557309881,5892.557309881,ac,0.94212392,5.65274350,141316,0.19999634,141316,0.94212392,206.1
118,0,23.800207,5892.557309881,5892.557309881,ad,0.96615769,3.86463076,96614,0.19999634,96614,0.96615769,206.1
118,0,23.800207,5892.557309881,5892.557309881,bc,0.94212392,5.65274350,141316,0.19999634,141316,0.94212392,206.1
118,0,23.800207,5892.557309881,5892.557309881,bd,0.95173743,5.71042456,142758,0.19999634,142758,0.95173743,206.1
118,0,23.800207,5892.557309881,5892.557309881,vC,0.82195505,6.57564040,164388,0.19999634,164388,0.82195505,206.1
118,0,23.800207,5892.557309881,5892.557309881,vD,0.85560233,5.13361400,128338,0.19999634,128338,0.85560233,206.1
119,0,24.000195,5892.757297635,5892.757297635,uA,0.82199033,6.57592264,164388,0.19998775,164388,0.82199033,192.8
119,0,24.000195,5892.757297635,5892.757297635,uB,0.84602514,5.07615081,126896,0.19998775,126896,0.84602514,192.8
119,0,24.000195,5892.757297635,5892.757297635,ac,0.95177828,5.71066966,142758,0.19998775,142758,0.95177828,192.8
119,0,24.000195,5892.757297635,5892.757297635,ad,0.95177828,3.80711311,95172,0.19998775,95172,0.95177828,192.8
119,0,24.000195,5892.757297635,5892.757297635,bc,0.94216436,5.65298613,141316,0.19998775,141316,0.94216436,192.8
119,0,24.000195,5892.757297635,5892.757297635,bd,0.95177828,5.71066966,142758,0.19998775,142758,0.95177828,192.8
119,0,24.000195,5892.757297635,5892.757297635,vC,0.82199033,6.57592264,164388,0.19998775,164388,0.82199033,192.8
119,0,24.000195,5892.757297635,5892.757297635,vD,0.85563906,5.13383434,128338,0.19998775,128338,0.85563906,192.8
120,0,24.200236,5892.957338384,5892.957338384,uA,0.82898110,6.63184878,165830,0.20004075,165830,0.82898110,265.1
120,0,24.200236,5892.957338384,5892.957338384,uB,0.84580100,5.07480602,126896,0.20004075,126896,0.84580100,265.1
120,0,24.200236,5892.957338384,5892.957338384,ac,0.95152613,5.70915677,142758,0.20004075,142758,0.95152613,265.1
120,0,24.200236,5892.957338384,5892.957338384,ad,0.96594319,3.86377277,96614,0.20004075,96614,0.96594319,265.1
120,0,24.200236,5892.957338384,5892.957338384,bc,0.94191475,5.65148852,141316,0.20004075,141316,0.94191475,265.1
120,0,24.200236,5892.957338384,5892.957338384,bd,0.95152613,5.70915677,142758,0.20004075,142758,0.95152613,265.1
120,0,24.200236,5892.957338384,5892.957338384,vC,0.82898110,6.63184878,165830,0.20004075,165830,0.82898110,265.1
120,0,24.200236,5892.957338384,5892.957338384,vD,0.85541238,5.13247427,128338,0.20004075,128338,0.85541238,265.1
121,0,24.400198,5893.157300100,5893.157300100,uA,0.82209737,6.57677893,164388,0.19996172,164388,0.82209737,198.9
121,0,24.400198,5893.157300100,5893.157300100,uB,0.84613530,5.07681180,126896,0.19996172,126896,0.84613530,198.9
121,0,24.400198,5893.157300100,5893.157300100,ac,0.94228704,5.65372224,141316,0.19996172,141316,0.94228704,198.9
121,0,24.400198,5893.157300100,5893.157300100,ad,0.95190221,3.80760885,95172,0.19996172,95172,0.95190221,198.9
121,0,24.400198,5893.157300100,5893.157300100,bc,0.94228704,5.65372224,141316,0.19996172,141316,0.94228704,198.9
121,0,24.400198,5893.157300100,5893.157300100,bd,0.95190221,5.71141328,142758,0.19996172,142758,0.95190221,198.9
121,0,24.400198,5893.157300100,5893.157300100,vC,0.82209737,6.57677893,164388,0.19996172,164388,0.82209737,198.9
121,0,24.400198,5893.157300100,5893.157300100,vD,0.85575047,5.13450285,128338,0.19996172,128338,0.85575047,198.9
122,0,24.600190,5893.357292606,5893.357292606,uA,0.82197080,6.57576643,164388,0.19999251,164388,0.82197080,193.2
122,0,24.600190,5893.357292606,5893.357292606,uB,0.83639134,5.01834806,125454,0.19999251,125454,0.83639134,193.2
122,0,24.600190,5893.357292606,5893.357292606,ac,0.95175567,5.71053400,142758,0.19999251,142758,0.95175567,193.2
122,0,24.600190,5893.357292606,5893.357292606,ad,0.95175567,3.80702267,95172,0.19999251,95172,0.95175567,193.2
122,0,24.600190,5893.357292606,5893.357292606,bc,0.95175567,5.71053400,142758,0.19999251,142758,0.95175567,193.2
122,0,24.600190,5893.357292606,5893.357292606,bd,0.95175567,5.71053400,142758,0.19999251,142758,0.95175567,193.2
122,0,24.600190,5893.357292606,5893.357292606,vC,0.82197080,6.57576643,164388,0.19999251,164388,0.82197080,193.2
122,0,24.600190,5893.357292606,5893.357292606,vD,0.85561873,5.13371239,128338,0.19999251,128338,0.85561873,193.2
123,0,24.800207,5893.557309534,5893.557309534,uA,0.82907982,6.63263858,165830,0.20001693,165830,0.82907982,214.2
123,0,24.800207,5893.557309534,5893.557309534,uB,0.84590173,5.07541039,126896,0.20001693,126896,0.84590173,214.2
123,0,24.800207,5893.557309534,5893.557309534,ac,0.94202693,5.65216157,141316,0.20001693,141316,0.94202693,214.2
123,0,24.800207,5893.557309534,5893.557309534,ad,0.96605823,3.86423291,96614,0.20001693,96614,0.96605823,214.2
123,0,24.800207,5893.557309534,5893.557309534,bc,0.94202693,5.65216157,141316,0.20001693,141316,0.94202693,214.2
123,0,24.800207,5893.557309534,5893.557309534,bd,0.95163945,5.70983669,142758,0.20001693,142758,0.95163945,214.2
123,0,24.800207,5893.557309534,5893.557309534,vC,0.82187043,6.57496346,164388,0.20001693,164388,0.82187043,214.2
123,0,24.800207,5893.557309534,5893.557309534,vD,0.84590173,5.07541039,126896,0.20001693,126896,0.84590173,214.2
124,0,25.000197,5893.757299353,5893.757299353,uA,0.82198185,6.57585476,164388,0.19998982,164388,0.82198185,198.5
124,0,25.000197,5893.757299353,5893.757299353,uB,0.84601640,5.07609841,126896,0.19998982,126896,0.84601640,198.5
124,0,25.000197,5893.757299353,5893.757299353,ac,0.95176845,5.71061071,142758,0.19998982,142758,0.95176845,198.5
124,0,25.000197,5893.757299353,5893.757299353,ad,0.95176845,3.80707381,95172,0.19998982,95172,0.95176845,198.5
124,0,25.000197,5893.757299353,5893.757299353,bc,0.94215463,5.65292778,141316,0.19998982,141316,0.94215463,198.5
124,0,25.000197,5893.757299353,5893.757299353,bd,0.96138227,5.76829365,144200,0.19998982,144200,0.96138227,198.5
124,0,25.000197,5893.757299353,5893.757299353,vC,0.82919221,6.63353770,165830,0.19998982,165830,0.82919221,198.5
124,0,25.000197,5893.757299353,5893.757299353,vD,0.85563022,5.13378135,128338,0.19998982,128338,0.85563022,198.5
125,0,25.200198,5893.957300932,5893.957300932,uA,0.82193351,6.57546809,164388,0.20000158,164388,0.82193351,199.4
125,0,25.200198,5893.957300932,5893.957300932,uB,0.84596665,5.07579993,126896,0.20000158,126896,0.84596665,199.4
125,0,25.200198,5893.957300932,5893.957300932,ac,0.94209923,5.65259537,141316,0.20000158,141316,0.94209923,199.4
125,0,25.200198,5893.957300932,5893.957300932,ad,0.96613237,3.86452949,96614,0.20000158,96614,0.96613237,199.4
125,0,25.200198,5893.957300932,5893.957300932,bc,0.94209923,5.65259537,141316,0.20000158,141316,0.94209923,199.4
125,0,25.200198,5893.957300932,5893.957300932,bd,0.95171249,5.71027492,142758,0.20000158,142758,0.95171249,199.4
125,0,25.200198,5893.957300932,5893.957300932,vC,0.82193351,6.57546809,164388,0.20000158,164388,0.82193351,199.4
125,0,25.200198,5893.957300932,5893.957300932,vD,0.85557991,5.13347947,128338,0.20000158,128338,0.85557991,199.4
126,0,25.400206,5894.157308223,5894.157308223,uA,0.82191004,6.57528031,164388,0.20000729,164388,0.82191004,203.3
126,0,25.400206,5894.157308223,5894.157308223,uB,0.84594250,5.07565498,126896,0.20000729,126896,0.84594250,203.3
126,0,25.400206,5894.157308223,5894.157308223,ac,0.95168531,5.71011185,142758,0.20000729,142758,0.95168531,203.3
126,0,25.400206,5894.157308223,5894.157308223,ad,0.95168531,3.80674123,95172,0.20000729,95172,0.95168531,203.3
126,0,25.400206,5894.157308223,5894.157308223,bc,0.94207233,5.65243395,141316,0.20000729,141316,0.94207233,203.3
126,0,25.400206,5894.157308223,5894.157308223,bd,0.95168531,5.71011185,142758,0.20000729,142758,0.95168531,203.3
126,0,25.400206,5894.157308223,5894.157308223,vC,0.82191004,6.57528031,164388,0.20000729,164388,0.82191004,203.3
126,0,25.400206,5894.157308223,5894.157308223,vD,0.85555548,5.13333288,128338,0.20000729,128338,0.85555548,203.3
127,0,25.600244,5894.357346322,5894.357346322,uA,0.82899208,6.63193663,165830,0.20003810,165830,0.82899208,248.8
127,0,25.600244,5894.357346322,5894.357346322,uB,0.84581221,5.07487325,126896,0.20003810,126896,0.84581221,248.8
127,0,25.600244,5894.357346322,5894.357346322,ac,0.95153873,5.70923241,142758,0.20003810,142758,0.95153873,248.8
127,0,25.600244,5894.357346322,5894.357346322,ad,0.96595599,3.86382395,96614,0.20003810,96614,0.96595599,248.8
127,0,25.600244,5894.357346322,5894.357346322,bc,0.94192723,5.65156339,141316,0.20003810,141316,0.94192723,248.8
127,0,25.600244,5894.357346322,5894.357346322,bd,0.95153873,5.70923241,142758,0.20003810,142758,0.95153873,248.8
127,0,25.600244,5894.357346322,5894.357346322,vC,0.82899208,6.63193663,165830,0.20003810,165830,0.82899208,248.8
127,0,25.600244,5894.357346322,5894.357346322,vD,0.85542371,5.13254226,128338,0.20003810,128338,0.85542371,248.8
128,0,25.800215,5894.557317129,5894.557317129,uA,0.82205999,6.57647994,164388,0.19997081,164388,0.82205999,232.5
128,0,25.800215,5894.557317129,5894.557317129,uB,0.84609683,5.07658100,126896,0.19997081,126896,0.84609683,232.5
128,0,25.800215,5894.557317129,5894.557317129,ac,0.94224420,5.65346521,141316,0.19997081,141316,0.94224420,232.5
128,0,25.800215,5894.557317129,5894.557317129,ad,0.95185894,3.80743575,95172,0.19997081,95172,0.95185894,232.5
128,0,25.800215,5894.557317129,5894.557317129,bc,0.94224420,5.65346521,141316,0.19997081,141316,0.94224420,232.5
128,0,25.800215,5894.557317129,5894.557317129,bd,0.95185894,5.71115363,142758,0.19997081,142758,0.95185894,232.5
128,0,25.800215,5894.557317129,5894.557317129,vC,0.82205999,6.57647994,164388,0.19997081,164388,0.82205999,232.5
128,0,25.800215,5894.557317129,5894.557317129,vD,0.85571157,5.13426942,128338,0.19997081,128338,0.85571157,232.5
129,0,26.000200,5894.757303006,5894.757303006,uA,0.82199805,6.57598438,164388,0.19998588,164388,0.82199805,203.6
129,0,26.000200,5894.757303006,5894.757303006,uB,0.83641907,5.01851439,125454,0.19998588,125454,0.83641907,203.6
129,0,26.000200,5894.757303006,5894.757303006,ac,0.95178721,5.71072328,142758,0.19998588,142758,0.95178721,203.6
129,0,26.000200,5894.757303006,5894.757303006,ad,0.95178721,3.80714885,95172,0.19998588,95172,0.95178721,203.6
129,0,26.000200,5894.757303006,5894.757303006,bc,0.94217320,5.65303920,141316,0.19998588,141316,0.94217320,203.6
129,0,26.000200,5894.757303006,5894.757303006,bd,0.95178721,5.71072328,142758,0.19998588,142758,0.95178721,203.6
129,0,26.000200,5894.757303006,5894.757303006,vC,0.82199805,6.57598438,164388,0.19998588,164388,0.82199805,203.6
129,0,26.000200,5894.757303006,5894.757303006,vD,0.85564709,5.13388254,128338,0.19998588,128338,0.85564709,203.6
130,0,26.200221,5894.957323624,5894.957323624,uA,0.82906453,6.63251625,165830,0.20002062,165830,0.82906453,248.2
130,0,26.200221,5894.957323624,5894.957323624,uB,0.84588613,5.07531679,126896,0.20002062,126896,0.84588613,248.2
130,0,26.200221,5894.957323624,5894.957323624,ac,0.94200955,5.65205733,141316,0.20002062,141316,0.94200955,248.2
130,0,26.200221,5894.957323624,5894.957323624,ad,0.96604041,3.86416164,96614,0.20002062,96614,0.96604041,248.2
130,0,26.200221,5894.957323624,5894.957323624,bc,0.94200955,5.65205733,141316,0.20002062,141316,0.94200955,248.2
130,0,26.200221,5894.957323624,5894.957323624,bd,0.95162190,5.70973138,142758,0.20002062,142758,0.95162190,248.2
130,0,26.200221,5894.957323624,5894.957323624,vC,0.82906453,6.63251625,165830,0.20002062,165830,0.82906453,248.2
130,0,26.200221,5894.957323624,5894.957323624,vD,0.85549847,5.13299084,128338,0.20002062,128338,0.85549847,248.2
131,0,26.400223,5895.157325457,5895.157325457,uA,0.82193246,6.57545972,164388,0.20000183,164388,0.82193246,214.1
131,0,26.400223,5895.157325457,5895.157325457,uB,0.84596558,5.07579347,126896,0.20000183,126896,0.84596558,214.1
131,0,26.400223,5895.157325457,5895.157325457,ac,0.95171128,5.71026765,142758,0.20000183,142758,0.95171128,214.1
131,0,26.400223,5895.157325457,5895.157325457,ad,0.95171128,3.80684510,95172,0.20000183,95172,0.95171128,214.1
131,0,26.400223,5895.157325457,5895.157325457,bc,0.94209803,5.65258818,141316,0.20000183,141316,0.94209803,214.1
131,0,26.400223,5895.157325457,5895.157325457,bd,0.95171128,5.71026765,142758,0.20000183,142758,0.95171128,214.1
131,0,26.400223,5895.157325457,5895.157325457,vC,0.82193246,6.57545972,164388,0.20000183,164388,0.82193246,214.1
131,0,26.400223,5895.157325457,5895.157325457,vD,0.85557882,5.13347294,128338,0.20000183,128338,0.85557882,214.1
132,0,26.600205,5895.357307817,5895.357307817,uA,0.82201250,6.57610000,164388,0.19998236,164388,0.82201250,211.3
132,0,26.600205,5895.357307817,5895.357307817,uB,0.84604795,5.07628772,126896,0.19998236,126896,0.84604795,211.3
132,0,26.600205,5895.357307817,5895.357307817,ac,0.94218977,5.65313859,141316,0.19998236,141316,0.94218977,211.3
132,0,26.600205,5895.357307817,5895.357307817,ad,0.96622522,3.86490087,96614,0.19998236,96614,0.96622522,211.3
132,0,26.600205,5895.357307817,5895.357307817,bc,0.94218977,5.65313859,141316,0.19998236,141316,0.94218977,211.3
132,0,26.600205,5895.357307817,5895.357307817,bd,0.95180395,5.71082368,142758,0.19998236,142758,0.95180395,211.3
132,0,26.600205,5895.357307817,5895.357307817,vC,0.82201250,6.57610000,164388,0.19998236,164388,0.82201250,211.3
132,0,26.600205,5895.357307817,5895.357307817,vD,0.85566213,5.13397280,128338,0.19998236,128338,0.85566213,211.3
133,0,26.800242,5895.557344274,5895.557344274,uA,0.82179020,6.57432160,164388,0.20003646,164388,0.82179020,265.8
133,0,26.800242,5895.557344274,5895.557344274,uB,0.84581915,5.07491492,126896,0.20003646,126896,0.84581915,265.8
133,0,26.800242,5895.557344274,5895.557344274,ac,0.95154655,5.70927928,142758,0.20003646,142758,0.95154655,265.8
133,0,26.800242,5895.557344274,5895.557344274,ad,0.95154655,3.80618619,95172,0.20003646,95172,0.95154655,265.8
133,0,26.800242,5895.557344274,5895.557344274,bc,0.94193497,5.65160980,141316,0.20003646,141316,0.94193497,265.8
133,0,26.800242,5895.557344274,5895.557344274,bd,0.96115813,5.76694877,144200,0.20003646,144200,0.96115813,265.8
133,0,26.800242,5895.557344274,5895.557344274,vC,0.82179020,6.57432160,164388,0.20003646,164388,0.82179020,265.8
133,0,26.800242,5895.557344274,5895.557344274,vD,0.85543073,5.13258441,128338,0.20003646,128338,0.85543073,265.8
134,0,27.000206,5895.757308535,5895.757308535,uA,0.82929819,6.63438555,165830,0.19996426,165830,0.82929819,216.1
134,0,27.000206,5895.757308535,5895.757308535,uB,0.84612453,5.07674720,126896,0.19996426,126896,0.84612453,216.1
134,0,27.000206,5895.757308535,5895.757308535,ac,0.95189010,5.71134060,142758,0.19996426,142758,0.95189010,216.1
134,0,27.000206,5895.757308535,5895.757308535,ad,0.96631268,3.86525071,96614,0.19996426,96614,0.96631268,216.1
134,0,27.000206,5895.757308535,5895.757308535,bc,0.94227505,5.65365029,141316,0.19996426,141316,0.94227505,216.1
134,0,27.000206,5895.757308535,5895.757308535,bd,0.95189010,5.71134060,142758,0.19996426,142758,0.95189010,216.1
134,0,27.000206,5895.757308535,5895.757308535,vC,0.82929819,6.63438555,165830,0.19996426,165830,0.82929819,216.1
134,0,27.000206,5895.757308535,5895.757308535,vD,0.85573959,5.13443751,128338,0.19996426,128338,0.85573959,216.1
135,0,27.200203,5895.957305302,5895.957305302,uA,0.82195328,6.57562628,164388,0.19999677,164388,0.82195328,209.1
135,0,27.200203,5895.957305302,5895.957305302,uB,0.84598701,5.07592204,126896,0.19999677,126896,0.84598701,209.1
135,0,27.200203,5895.957305302,5895.957305302,ac,0.94212189,5.65273136,141316,0.19999677,141316,0.94212189,209.1
135,0,27.200203,5895.957305302,5895.957305302,ad,0.95173538,3.80694153,95172,0.19999677,95172,0.95173538,209.1
135,0,27.200203,5895.957305302,5895.957305302,bc,0.94212189,5.65273136,141316,0.19999677,141316,0.94212189,209.1
135,0,27.200203,5895.957305302,5895.957305302,bd,0.95173538,5.71041229,142758,0.19999677,142758,0.95173538,209.1
135,0,27.200203,5895.957305302,5895.957305302,vC,0.82195328,6.57562628,164388,0.19999677,164388,0.82195328,209.1
135,0,27.200203,5895.957305302,5895.957305302,vD,0.85560050,5.13360297,128338,0.19999677,128338,0.85560050,209.1
136,0,27.400229,5896.157331131,5896.157331131,uA,0.82183387,6.57467095,164388,0.20002583,164388,0.82183387,266.9
136,0,27.400229,5896.157331131,5896.157331131,uB,0.83625201,5.01751204,125454,0.20002583,125454,0.83625201,266.9
136,0,27.400229,5896.157331131,5896.157331131,ac,0.95159711,5.70958266,142758,0.20002583,142758,0.95159711,266.9
136,0,27.400229,5896.157331131,5896.157331131,ad,0.95159711,3.80638844,95172,0.20002583,95172,0.95159711,266.9
136,0,27.400229,5896.157331131,5896.157331131,bc,0.94198502,5.65191011,141316,0.20002583,141316,0.94198502,266.9
136,0,27.400229,5896.157331131,5896.157331131,bd,0.95159711,5.70958266,142758,0.20002583,142758,0.95159711,266.9
136,0,27.400229,5896.157331131,5896.157331131,vC,0.82183387,6.57467095,164388,0.20002583,164388,0.82183387,266.9
136,0,27.400229,5896.157331131,5896.157331131,vD,0.85547619,5.13285714,128338,0.20002583,128338,0.85547619,266.9
137,0,27.600197,5896.357299086,5896.357299086,uA,0.82928287,6.63426294,165830,0.19996796,165830,0.82928287,204.4
137,0,27.600197,5896.357299086,5896.357299086,uB,0.84610890,5.07665338,126896,0.19996796,126896,0.84610890,204.4
137,0,27.600197,5896.357299086,5896.357299086,ac,0.94225764,5.65354581,141316,0.19996796,141316,0.94225764,204.4
137,0,27.600197,5896.357299086,5896.357299086,ad,0.96629482,3.86517928,96614,0.19996796,96614,0.96629482,204.4
137,0,27.600197,5896.357299086,5896.357299086,bc,0.94225764,5.65354581,141316,0.19996796,141316,0.94225764,204.4
137,0,27.600197,5896.357299086,5896.357299086,bd,0.95187251,5.71123505,142758,0.19996796,142758,0.95187251,204.4
137,0,27.600197,5896.357299086,5896.357299086,vC,0.82207171,6.57657370,164388,0.19996796,164388,0.82207171,204.4
137,0,27.600197,5896.357299086,5896.357299086,vD,0.84610890,5.07665338,126896,0.19996796,126896,0.84610890,204.4
138,0,27.800187,5896.557289831,5896.557289831,uA,0.82197804,6.57582431,164388,0.19999074,164388,0.82197804,187.1
138,0,27.800187,5896.557289831,5896.557289831,uB,0.84601248,5.07607491,126896,0.19999074,126896,0.84601248,187.1
138,0,27.800187,5896.557289831,5896.557289831,ac,0.95176405,5.71058427,142758,0.19999074,142758,0.95176405,187.1
138,0,27.800187,5896.557289831,5896.557289831,ad,0.95176405,3.80705618,95172,0.19999074,95172,0.95176405,187.1
138,0,27.800187,5896.557289831,5896.557289831,bc,0.94215027,5.65290160,141316,0.19999074,141316,0.94215027,187.1
138,0,27.800187,5896.557289831,5896.557289831,bd,0.95176405,5.71058427,142758,0.19999074,142758,0.95176405,187.1
138,0,27.800187,5896.557289831,5896.557289831,vC,0.82918837,6.63350698,165830,0.19999074,165830,0.82918837,187.1
138,0,27.800187,5896.557289831,5896.557289831,vD,0.85562626,5.13375758,128338,0.19999074,128338,0.85562626,187.1
139,0,28.000199,5896.757301398,5896.757301398,uA,0.82189247,6.57513973,164388,0.20001157,164388,0.82189247,204.6
139,0,28.000199,5896.757301398,5896.757301398,uB,0.84592441,5.07554646,126896,0.20001157,126896,0.84592441,204.6
139,0,28.000199,5896.757301398,5896.757301398,ac,0.94205218,5.65231310,141316,0.20001157,141316,0.94205218,204.6
139,0,28.000199,5896.757301398,5896.757301398,ad,0.96608413,3.86433651,96614,0.20001157,96614,0.96608413,204.6
139,0,28.000199,5896.757301398,5896.757301398,bc,0.94205218,5.65231310,141316,0.20001157,141316,0.94205218,204.6
139,0,28.000199,5896.757301398,5896.757301398,bd,0.95166496,5.70998976,142758,0.20001157,142758,0.95166496,204.6
139,0,28.000199,5896.757301398,5896.757301398,vC,0.82189247,6.57513973,164388,0.20001157,164388,0.82189247,204.6
139,0,28.000199,5896.757301398,5896.757301398,vD,0.85553719,5.13322312,128338,0.20001157,128338,0.85553719,204.6
140,0,28.200215,5896.957317651,5896.957317651,uA,0.82187321,6.57498568,164388,0.20001625,164388,0.82187321,220.0
140,0,28.200215,5896.957317651,5896.957317651,uB,0.84590459,5.07542755,126896,0.20001625,126896,0.84590459,220.0
140,0,28.200215,5896.957317651,5896.957317651,ac,0.95164266,5.70985599,142758,0.20001625,142758,0.95164266,220.0
140,0,28.200215,5896.957317651,5896.957317651,ad,0.95164266,3.80657066,95172,0.20001625,95172,0.95164266,220.0
140,0,28.200215,5896.957317651,5896.957317651,bc,0.94203011,5.65218068,141316,0.20001625,141316,0.94203011,220.0
140,0,28.200215,5896.957317651,5896.957317651,bd,0.95164266,5.70985599,142758,0.20001625,142758,0.95164266,220.0
140,0,28.200215,5896.957317651,5896.957317651,vC,0.82187321,6.57498568,164388,0.20001625,164388,0.82187321,220.0
140,0,28.200215,5896.957317651,5896.957317651,vD,0.85551714,5.13310286,128338,0.20001625,128338,0.85551714,220.0
141,0,28.400222,5897.157324637,5897.157324637,uA,0.82912104,6.63296831,165830,0.20000699,165830,0.82912104,236.5
141,0,28.400222,5897.157324637,5897.157324637,uB,0.84594378,5.07566271,126896,0.20000699,126896,0.84594378,236.5
141,0,28.400222,5897.157324637,5897.157324637,ac,0.95168676,5.71012055,142758,0.20000699,142758,0.95168676,236.5
141,0,28.400222,5897.157324637,5897.157324637,ad,0.96610625,3.86442502,96614,0.20000699,96614,0.96610625,236.5
141,0,28.400222,5897.157324637,5897.157324637,bc,0.94207376,5.65244256,141316,0.20000699,141316,0.94207376,236.5
141,0,28.400222,5897.157324637,5897.157324637,bd,0.95168676,5.71012055,142758,0.20000699,142758,0.95168676,236.5
141,0,28.400222,5897.157324637,5897.157324637,vC,0.82912104,6.63296831,165830,0.20000699,165830,0.82912104,236.5
141,0,28.400222,5897.157324637,5897.157324637,vD,0.85555678,5.13334069,128338,0.20000699,128338,0.85555678,236.5
142,0,28.600207,5897.357309438,5897.357309438,uA,0.82200247,6.57601974,164388,0.19998480,164388,0.82200247,215.3
142,0,28.600207,5897.357309438,5897.357309438,uB,0.84603763,5.07622577,126896,0.19998480,126896,0.84603763,215.3
142,0,28.600207,5897.357309438,5897.357309438,ac,0.94217827,5.65306961,141316,0.19998480,141316,0.94217827,215.3
142,0,28.600207,5897.357309438,5897.357309438,ad,0.95179233,3.80716933,95172,0.19998480,95172,0.95179233,215.3
142,0,28.600207,5897.357309438,5897.357309438,bc,0.94217827,5.65306961,141316,0.19998480,141316,0.94217827,215.3
142,0,28.600207,5897.357309438,5897.357309438,bd,0.95179233,5.71075399,142758,0.19998480,142758,0.95179233,215.3
142,0,28.600207,5897.357309438,5897.357309438,vC,0.82200247,6.57601974,164388,0.19998480,164388,0.82200247,215.3
142,0,28.600207,5897.357309438,5897.357309438,vD,0.85565169,5.13391015,128338,0.19998480,128338,0.85565169,215.3
143,0,28.800187,5897.557289296,5897.557289296,uA,0.82202279,6.57618229,164388,0.19997986,164388,0.82202279,190.8
143,0,28.800187,5897.557289296,5897.557289296,uB,0.83644424,5.01866543,125454,0.19997986,125454,0.83644424,190.8
143,0,28.800187,5897.557289296,5897.557289296,ac,0.95181586,5.71089514,142758,0.19997986,142758,0.95181586,190.8
143,0,28.800187,5897.557289296,5897.557289296,ad,0.95181586,3.80726343,95172,0.19997986,95172,0.95181586,190.8
143,0,28.800187,5897.557289296,5897.557289296,bc,0.94220156,5.65320933,141316,0.19997986,141316,0.94220156,190.8
143,0,28.800187,5897.557289296,5897.557289296,bd,0.96143016,5.76858095,144200,0.19997986,144200,0.96143016,190.8
143,0,28.800187,5897.557289296,5897.557289296,vC,0.82202279,6.57618229,164388,0.19997986,164388,0.82202279,190.8
143,0,28.800187,5897.557289296,5897.557289296,vD,0.85567284,5.13403705,128338,0.19997986,128338,0.85567284,190.8
144,0,29.000189,5897.757292025,5897.757292025,uA,0.82913869,6.63310949,165830,0.20000273,165830,0.82913869,191.1
144,0,29.000189,5897.757292025,5897.757292025,uB,0.84596179,5.07577074,126896,0.20000273,126896,0.84596179,191.1
144,0,29.000189,5897.757292025,5897.757292025,ac,0.94209381,5.65256287,141316,0.20000273,141316,0.94209381,191.1
144,0,29.000189,5897.757292025,5897.757292025,ad,0.96612682,3.86450727,96614,0.20000273,96614,0.96612682,191.1
144,0,29.000189,5897.757292025,5897.757292025,bc,0.94209381,5.65256287,141316,0.20000273,141316,0.94209381,191.1
144,0,29.000189,5897.757292025,5897.757292025,bd,0.95170701,5.71024208,142758,0.20000273,142758,0.95170701,191.1
144,0,29.000189,5897.757292025,5897.757292025,vC,0.82192878,6.57543028,164388,0.20000273,164388,0.82192878,191.1
144,0,29.000189,5897.757292025,5897.757292025,vD,0.85557499,5.13344995,128338,0.20000273,128338,0.85557499,191.1
145,0,29.200192,5897.957294706,5897.957294706,uA,0.82192898,6.57543186,164388,0.20000268,164388,0.82192898,200.5
145,0,29.200192,5897.957294706,5897.957294706,uB,0.84596199,5.07577196,126896,0.20000268,126896,0.84596199,200.5
145,0,29.200192,5897.957294706,5897.957294706,ac,0.95170724,5.71024345,142758,0.20000268,142758,0.95170724,200.5
145,0,29.200192,5897.957294706,5897.957294706,ad,0.95170724,3.80682897,95172,0.20000268,95172,0.95170724,200.5
145,0,29.200192,5897.957294706,5897.957294706,bc,0.94209404,5.65256423,141316,0.20000268,141316,0.94209404,200.5
145,0,29.200192,5897.957294706,5897.957294706,bd,0.95170724,5.71024345,142758,0.20000268,142758,0.95170724,200.5
145,0,29.200192,5897.957294706,5897.957294706,vC,0.82913889,6.63311108,165830,0.20000268,165830,0.82913889,200.5
145,0,29.200192,5897.957294706,5897.957294706,vD,0.85557520,5.13345119,128338,0.20000268,128338,0.85557520,200.5
146,0,29.400191,5898.157293847,5898.157293847,uA,0.82194353,6.57554824,164388,0.19999914,164388,0.82194353,191.1
146,0,29.400191,5898.157293847,5898.157293847,uB,0.84597697,5.07586180,126896,0.19999914,126896,0.84597697,191.1
146,0,29.400191,5898.157293847,5898.157293847,ac,0.94211071,5.65266428,141316,0.19999914,141316,0.94211071,191.1
146,0,29.400191,5898.157293847,5898.157293847,ad,0.96614415,3.86457660,96614,0.19999914,96614,0.96614415,191.1
146,0,29.400191,5898.157293847,5898.157293847,bc,0.94211071,5.65266428,141316,0.19999914,141316,0.94211071,191.1
146,0,29.400191,5898.157293847,5898.157293847,bd,0.95172409,5.71034453,142758,0.19999914,142758,0.95172409,191.1
146,0,29.400191,5898.157293847,5898.157293847,vC,0.82194353,6.57554824,164388,0.19999914,164388,0.82194353,191.1
146,0,29.400191,5898.157293847,5898.157293847,vD,0.85559034,5.13354205,128338,0.19999914,128338,0.85559034,191.1
147,0,29.600221,5898.357323439,5898.357323439,uA,0.82181840,6.57454721,164388,0.20002959,164388,0.82181840,245.7
147,0,29.600221,5898.357323439,5898.357323439,uB,0.84584818,5.07508908,126896,0.20002959,126896,0.84584818,245.7
147,0,29.600221,5898.357323439,5898.357323439,ac,0.95157920,5.70947521,142758,0.20002959,142758,0.95157920,245.7
147,0,29.600221,5898.357323439,5898.357323439,ad,0.95157920,3.80631681,95172,0.20002959,95172,0.95157920,245.7
147,0,29.600221,5898.357323439,5898.357323439,bc,0.94196729,5.65180374,141316,0.20002959,141316,0.94196729,245.7
147,0,29.600221,5898.357323439,5898.357323439,bd,0.95157920,5.70947521,142758,0.20002959,142758,0.95157920,245.7
147,0,29.600221,5898.357323439,5898.357323439,vC,0.82181840,6.57454721,164388,0.20002959,164388,0.82181840,245.7
147,0,29.600221,5898.357323439,5898.357323439,vD,0.85546009,5.13276054,128338,0.20002959,128338,0.85546009,245.7
148,0,29.800185,5898.557287221,5898.557287221,uA,0.82930018,6.63440142,165830,0.19996378,165830,0.82930018,227.6
148,0,29.800185,5898.557287221,5898.557287221,uB,0.84612656,5.07675935,126896,0.19996378,126896,0.84612656,227.6
148,0,29.800185,5898.557287221,5898.557287221,ac,0.95189238,5.71135427,142758,0.19996378,142758,0.95189238,227.6
148,0,29.800185,5898.557287221,5898.557287221,ad,0.96631499,3.86525996,96614,0.19996378,96614,0.96631499,227.6
148,0,29.800185,5898.557287221,5898.557287221,bc,0.94227730,5.65366382,141316,0.19996378,141316,0.94227730,227.6
148,0,29.800185,5898.557287221,5898.557287221,bd,0.95189238,5.71135427,142758,0.19996378,142758,0.95189238,227.6
148,0,29.800185,5898.557287221,5898.557287221,vC,0.82930018,6.63440142,165830,0.19996378,165830,0.82930018,227.6
148,0,29.800185,5898.557287221,5898.557287221,vD,0.85574163,5.13444980,128338,0.19996378,128338,0.85574163,227.6
149,0,30.000243,5898.757346033,5898.757346033,uA,0.82169837,6.57358697,164388,0.20005881,164388,0.82169837,272.9
149,0,30.000243,5898.757346033,5898.757346033,uB,0.84572464,5.07434784,126896,0.20005881,126896,0.84572464,272.9
149,0,30.000243,5898.757346033,5898.757346033,ac,0.94182971,5.65097827,141316,0.20005881,141316,0.94182971,272.9
149,0,30.000243,5898.757346033,5898.757346033,ad,0.95144022,3.80576088,95172,0.20005881,95172,0.95144022,272.9
149,0,30.000243,5898.757346033,5898.757346033,bc,0.95144022,5.70864132,142758,0.20005881,142758,0.95144022,272.9
149,0,30.000243,5898.757346033,5898.757346033,bd,0.95144022,5.70864132,142758,0.20005881,142758,0.95144022,272.9
149,0,30.000243,5898.757346033,5898.757346033,vC,0.82169837,6.57358697,164388,0.20005881,164388,0.82169837,272.9
149,0,30.000243,5898.757346033,5898.757346033,vD,0.85533515,5.13201088,128338,0.20005881,128338,0.85533515,272.9
150,0,30.200202,5898.957304511,5898.957304511,uA,0.82211068,6.57688543,164388,0.19995848,164388,0.82211068,212.0
150,0,30.200202,5898.957304511,5898.957304511,uB,0.83653367,5.01920204,125454,0.19995848,125454,0.83653367,212.0
150,0,30.200202,5898.957304511,5898.957304511,ac,0.95191763,5.71150577,142758,0.19995848,142758,0.95191763,212.0
150,0,30.200202,5898.957304511,5898.957304511,ad,0.95191763,3.80767051,95172,0.19995848,95172,0.95191763,212.0
150,0,30.200202,5898.957304511,5898.957304511,bc,0.94230230,5.65381379,141316,0.19995848,141316,0.94230230,212.0
150,0,30.200202,5898.957304511,5898.957304511,bd,0.95191763,5.71150577,142758,0.19995848,142758,0.95191763,212.0
150,0,30.200202,5898.957304511,5898.957304511,vC,0.82211068,6.57688543,164388,0.19995848,164388,0.82211068,212.0
150,0,30.200202,5898.957304511,5898.957304511,vD,0.85576433,5.13458599,128338,0.19995848,128338,0.85576433,212.0
151,0,30.400187,5899.157289426,5899.157289426,uA,0.82921255,6.63370038,165830,0.19998491,165830,0.82921255,214.6
151,0,30.400187,5899.157289426,5899.157289426,uB,0.84603715,5.07622290,126896,0.19998491,126896,0.84603715,214.6
151,0,30.400187,5899.157289426,5899.157289426,ac,0.94217774,5.65306641,141316,0.19998491,141316,0.94217774,214.6
151,0,30.400187,5899.157289426,5899.157289426,ad,0.96621288,3.86485153,96614,0.19998491,96614,0.96621288,214.6
151,0,30.400187,5899.157289426,5899.157289426,bc,0.94217774,5.65306641,141316,0.19998491,141316,0.94217774,214.6
151,0,30.400187,5899.157289426,5899.157289426,bd,0.95179179,5.71075076,142758,0.19998491,142758,0.95179179,214.6
151,0,30.400187,5899.157289426,5899.157289426,vC,0.82200200,6.57601603,164388,0.19998491,164388,0.82200200,214.6
151,0,30.400187,5899.157289426,5899.157289426,vD,0.84603715,5.07622290,126896,0.19998491,126896,0.84603715,214.6
152,0,30.600214,5899.357316754,5899.357316754,uA,0.82182770,6.57462163,164388,0.20002733,164388,0.82182770,230.5
152,0,30.600214,5899.357316754,5899.357316754,uB,0.84585775,5.07514652,126896,0.20002733,126896,0.84585775,230.5
152,0,30.600214,5899.357316754,5899.357316754,ac,0.95158997,5.70953983,142758,0.20002733,142758,0.95158997,230.5
152,0,30.600214,5899.357316754,5899.357316754,ad,0.95158997,3.80635989,95172,0.20002733,95172,0.95158997,230.5
152,0,30.600214,5899.357316754,5899.357316754,bc,0.94197795,5.65186771,141316,0.20002733,141316,0.94197795,230.5
152,0,30.600214,5899.357316754,5899.357316754,bd,0.96120199,5.76721195,144200,0.20002733,144200,0.96120199,230.5
152,0,30.600214,5899.357316754,5899.357316754,vC,0.82903672,6.63229375,165830,0.20002733,165830,0.82903672,230.5
152,0,30.600214,5899.357316754,5899.357316754,vD,0.85546977,5.13281864,128338,0.20002733,128338,0.85546977,230.5
153,0,30.800195,5899.557297084,5899.557297084,uA,0.82202085,6.57616677,164388,0.19998033,164388,0.82202085,196.1
153,0,30.800195,5899.557297084,5899.557297084,uB,0.84605654,5.07633926,126896,0.19998033,126896,0.84605654,196.1
153,0,30.800195,5899.557297084,5899.557297084,ac,0.94219933,5.65319599,141316,0.19998033,141316,0.94219933,196.1
153,0,30.800195,5899.557297084,5899.557297084,ad,0.96623503,3.86494012,96614,0.19998033,96614,0.96623503,196.1
153,0,30.800195,5899.557297084,5899.557297084,bc,0.94219933,5.65319599,141316,0.19998033,141316,0.94219933,196.1
153,0,30.800195,5899.557297084,5899.557297084,bd,0.95181361,5.71088167,142758,0.19998033,142758,0.95181361,196.1
153,0,30.800195,5899.557297084,5899.557297084,vC,0.82202085,6.57616677,164388,0.19998033,164388,0.82202085,196.1
153,0,30.800195,5899.557297084,5899.557297084,vD,0.85567082,5.13402493,128338,0.19998033,128338,0.85567082,196.1
154,0,31.000235,5899.757337127,5899.757337127,uA,0.82177547,6.57420373,164388,0.20004004,164388,0.82177547,247.1
154,0,31.000235,5899.757337127,5899.757337127,uB,0.84580399,5.07482393,126896,0.20004004,126896,0.84580399,247.1
154,0,31.000235,5899.757337127,5899.757337127,ac,0.95152949,5.70917692,142758,0.20004004,142758,0.95152949,247.1
154,0,31.000235,5899.757337127,5899.757337127,ad,0.95152949,3.80611795,95172,0.20004004,95172,0.95152949,247.1
154,0,31.000235,5899.757337127,5899.757337127,bc,0.94191808,5.65150847,141316,0.20004004,141316,0.94191808,247.1
154,0,31.000235,5899.757337127,5899.757337127,bd,0.95152949,5.70917692,142758,0.20004004,142758,0.95152949,247.1
154,0,31.000235,5899.757337127,5899.757337127,vC,0.82177547,6.57420373,164388,0.20004004,164388,0.82177547,247.1
154,0,31.000235,5899.757337127,5899.757337127,vD,0.85541540,5.13249239,128338,0.20004004,128338,0.85541540,247.1
155,0,31.200232,5899.957334071,5899.957334071,uA,0.82916267,6.63330137,165830,0.19999694,165830,0.82916267,246.5
155,0,31.200232,5899.957334071,5899.957334071,uB,0.84598626,5.07591757,126896,0.19999694,126896,0.84598626,246.5
155,0,31.200232,5899.957334071,5899.957334071,ac,0.95173454,5.71040727,142758,0.19999694,142758,0.95173454,246.5
155,0,31.200232,5899.957334071,5899.957334071,ad,0.96615477,3.86461906,96614,0.19999694,96614,0.96615477,246.5
155,0,31.200232,5899.957334071,5899.957334071,bc,0.94212106,5.65272639,141316,0.19999694,141316,0.94212106,246.5
155,0,31.200232,5899.957334071,5899.957334071,bd,0.95173454,5.71040727,142758,0.19999694,142758,0.95173454,246.5
155,0,31.200232,5899.957334071,5899.957334071,vC,0.82916267,6.63330137,165830,0.19999694,165830,0.82916267,246.5
155,0,31.200232,5899.957334071,5899.957334071,vD,0.85559974,5.13359845,128338,0.19999694,128338,0.85559974,246.5
156,0,31.400223,5900.157325245,5900.157325245,uA,0.82197627,6.57581019,164388,0.19999117,164388,0.82197627,233.5
156,0,31.400223,5900.157325245,5900.157325245,uB,0.84601067,5.07606401,126896,0.19999117,126896,0.84601067,233.5
156,0,31.400223,5900.157325245,5900.157325245,ac,0.94214824,5.65288946,141316,0.19999117,141316,0.94214824,233.5
156,0,31.400223,5900.157325245,5900.157325245,ad,0.95176200,3.80704801,95172,0.19999117,95172,0.95176200,233.5
156,0,31.400223,5900.157325245,5900.157325245,bc,0.94214824,5.65288946,141316,0.19999117,141316,0.94214824,233.5
156,0,31.400223,5900.157325245,5900.157325245,bd,0.95176200,5.71057201,142758,0.19999117,142758,0.95176200,233.5
156,0,31.400223,5900.157325245,5900.157325245,vC,0.82197627,6.57581019,164388,0.19999117,164388,0.82197627,233.5
156,0,31.400223,5900.157325245,5900.157325245,vD,0.85562443,5.13374655,128338,0.19999117,128338,0.85562443,233.5
157,0,31.600190,5900.357292276,5900.357292276,uA,0.82207552,6.57660412,164388,0.19996703,164388,0.82207552,188.0
157,0,31.600190,5900.357292276,5900.357292276,uB,0.83649789,5.01898735,125454,0.19996703,125454,0.83649789,188.0
157,0,31.600190,5900.357292276,5900.357292276,ac,0.95187691,5.71126147,142758,0.19996703,142758,0.95187691,188.0
157,0,31.600190,5900.357292276,5900.357292276,ad,0.95187691,3.80750765,95172,0.19996703,95172,0.95187691,188.0
157,0,31.600190,5900.357292276,5900.357292276,bc,0.94226199,5.65357196,141316,0.19996703,141316,0.94226199,188.0
157,0,31.600190,5900.357292276,5900.357292276,bd,0.95187691,5.71126147,142758,0.19996703,142758,0.95187691,188.0
157,0,31.600190,5900.357292276,5900.357292276,vC,0.82207552,6.57660412,164388,0.19996703,164388,0.82207552,188.0
157,0,31.600190,5900.357292276,5900.357292276,vD,0.85572773,5.13436637,128338,0.19996703,128338,0.85572773,188.0
158,0,31.800186,5900.557288407,5900.557288407,uA,0.82916604,6.63332832,165830,0.19999613,165830,0.82916604,185.3
158,0,31.800186,5900.557288407,5900.557288407,uB,0.84598970,5.07593819,126896,0.19999613,126896,0.84598970,185.3
158,0,31.800186,5900.557288407,5900.557288407,ac,0.94212489,5.65274935,141316,0.19999613,141316,0.94212489,185.3
158,0,31.800186,5900.557288407,5900.557288407,ad,0.96615869,3.86463476,96614,0.19999613,96614,0.96615869,185.3
158,0,31.800186,5900.557288407,5900.557288407,bc,0.94212489,5.65274935,141316,0.19999613,141316,0.94212489,185.3
158,0,31.800186,5900.557288407,5900.557288407,bd,0.95173841,5.71043047,142758,0.19999613,142758,0.95173841,185.3
158,0,31.800186,5900.557288407,5900.557288407,vC,0.82195590,6.57564721,164388,0.19999613,164388,0.82195590,185.3
158,0,31.800186,5900.557288407,5900.557288407,vD,0.85560322,5.13361931,128338,0.19999613,128338,0.85560322,185.3
159,0,32.000198,5900.757300347,5900.757300347,uA,0.82189094,6.57512748,164388,0.20001194,164388,0.82189094,205.3
159,0,32.000198,5900.757300347,5900.757300347,uB,0.84592283,5.07553700,126896,0.20001194,126896,0.84592283,205.3
159,0,32.000198,5900.757300347,5900.757300347,ac,0.95166319,5.70997913,142758,0.20001194,142758,0.95166319,205.3
159,0,32.000198,5900.757300347,5900.757300347,ad,0.95166319,3.80665275,95172,0.20001194,95172,0.95166319,205.3
159,0,32.000198,5900.757300347,5900.757300347,bc,0.94205043,5.65230257,141316,0.20001194,141316,0.94205043,205.3
159,0,32.000198,5900.757300347,5900.757300347,bd,0.95166319,5.70997913,142758,0.20001194,142758,0.95166319,205.3
159,0,32.000198,5900.757300347,5900.757300347,vC,0.82910050,6.63280404,165830,0.20001194,165830,0.82910050,205.3
159,0,32.000198,5900.757300347,5900.757300347,vD,0.85553559,5.13321356,128338,0.20001194,128338,0.85553559,205.3
160,0,32.200192,5900.957294718,5900.957294718,uA,0.82196313,6.57570507,164388,0.19999437,164388,0.82196313,195.3
160,0,32.200192,5900.957294718,5900.957294718,uB,0.84599714,5.07598286,126896,0.19999437,126896,0.84599714,195.3
160,0,32.200192,5900.957294718,5900.957294718,ac,0.94213318,5.65279910,141316,0.19999437,141316,0.94213318,195.3
160,0,32.200192,5900.957294718,5900.957294718,ad,0.96616719,3.86466877,96614,0.19999437,96614,0.96616719,195.3
160,0,32.200192,5900.957294718,5900.957294718,bc,0.94213318,5.65279910,141316,0.19999437,141316,0.94213318,195.3
160,0,32.200192,5900.957294718,5900.957294718,bd,0.95174679,5.71048072,142758,0.19999437,142758,0.95174679,195.3
160,0,32.200192,5900.957294718,5900.957294718,vC,0.82196313,6.57570507,164388,0.19999437,164388,0.82196313,195.3
160,0,32.200192,5900.957294718,5900.957294718,vD,0.85561075,5.13366449,128338,0.19999437,128338,0.85561075,195.3
161,0,32.400198,5901.157300503,5901.157300503,uA,0.82191622,6.57532978,164388,0.20000579,164388,0.82191622,249.8
161,0,32.400198,5901.157300503,5901.157300503,uB,0.84594886,5.07569316,126896,0.20000579,126896,0.84594886,249.8
161,0,32.400198,5901.157300503,5901.157300503,ac,0.95169247,5.71015481,142758,0.20000579,142758,0.95169247,249.8
161,0,32.400198,5901.157300503,5901.157300503,ad,0.95169247,3.80676987,95172,0.20000579,95172,0.95169247,249.8
161,0,32.400198,5901.157300503,5901.157300503,bc,0.94207941,5.65247647,141316,0.20000579,141316,0.94207941,249.8
161,0,32.400198,5901.157300503,5901.157300503,bd,0.96130552,5.76783314,144200,0.20000579,144200,0.96130552,249.8
161,0,32.400198,5901.157300503,5901.157300503,vC,0.82191622,6.57532978,164388,0.20000579,164388,0.82191622,249.8
161,0,32.400198,5901.157300503,5901.157300503,vD,0.85556192,5.13337149,128338,0.20000579,128338,0.85556192,249.8
162,0,32.600207,5901.357309430,5901.357309430,uA,0.82911299,6.63290394,165830,0.20000893,165830,0.82911299,210.3
162,0,32.600207,5901.357309430,5901.357309430,uB,0.84593558,5.07561345,126896,0.20000893,126896,0.84593558,210.3
162,0,32.600207,5901.357309430,5901.357309430,ac,0.95167752,5.71006513,142758,0.20000893,142758,0.95167752,210.3
162,0,32.600207,5901.357309430,5901.357309430,ad,0.96609688,3.86438751,96614,0.20000893,96614,0.96609688,210.3
162,0,32.600207,5901.357309430,5901.357309430,bc,0.94206462,5.65238771,141316,0.20000893,141316,0.94206462,210.3
162,0,32.600207,5901.357309430,5901.357309430,bd,0.95167752,5.71006513,142758,0.20000893,142758,0.95167752,210.3
162,0,32.600207,5901.357309430,5901.357309430,vC,0.82911299,6.63290394,165830,0.20000893,165830,0.82911299,210.3
162,0,32.600207,5901.357309430,5901.357309430,vD,0.85554848,5.13329088,128338,0.20000893,128338,0.85554848,210.3
163,0,32.800193,5901.557295637,5901.557295637,uA,0.82199669,6.57597351,164388,0.19998621,164388,0.82199669,195.7
163,0,32.800193,5901.557295637,5901.557295637,uB,0.84603168,5.07619008,126896,0.19998621,126896,0.84603168,195.7
163,0,32.800193,5901.557295637,5901.557295637,ac,0.94217164,5.65302986,141316,0.19998621,141316,0.94217164,195.7
163,0,32.800193,5901.557295637,5901.557295637,ad,0.95178564,3.80714256,95172,0.19998621,95172,0.95178564,195.7
163,0,32.800193,5901.557295637,5901.557295637,bc,0.94217164,5.65302986,141316,0.19998621,141316,0.94217164,195.7
163,0,32.800193,5901.557295637,5901.557295637,bd,0.95178564,5.71071384,142758,0.19998621,142758,0.95178564,195.7
163,0,32.800193,5901.557295637,5901.557295637,vC,0.82199669,6.57597351,164388,0.19998621,164388,0.82199669,195.7
163,0,32.800193,5901.557295637,5901.557295637,vD,0.85564568,5.13387406,128338,0.19998621,128338,0.85564568,195.7
164,0,33.000249,5901.757351336,5901.757351336,uA,0.82171116,6.57368929,164388,0.20005570,164388,0.82171116,299.2
164,0,33.000249,5901.757351336,5901.757351336,uB,0.83612715,5.01676288,125454,0.20005570,125454,0.83612715,299.2
164,0,33.000249,5901.757351336,5901.757351336,ac,0.95145503,5.70873018,142758,0.20005570,142758,0.95145503,299.2
164,0,33.000249,5901.757351336,5901.757351336,ad,0.95145503,3.80582012,95172,0.20005570,95172,0.95145503,299.2
164,0,33.000249,5901.757351336,5901.757351336,bc,0.94184437,5.65106623,141316,0.20005570,141316,0.94184437,299.2
164,0,33.000249,5901.757351336,5901.757351336,bd,0.95145503,5.70873018,142758,0.20005570,142758,0.95145503,299.2
164,0,33.000249,5901.757351336,5901.757351336,vC,0.82171116,6.57368929,164388,0.20005570,164388,0.82171116,299.2
164,0,33.000249,5901.757351336,5901.757351336,vD,0.85534846,5.13209076,128338,0.20005570,128338,0.85534846,299.2
165,0,33.200216,5901.957318956,5901.957318956,uA,0.82928426,6.63427406,165830,0.19996762,165830,0.82928426,233.7
165,0,33.200216,5901.957318956,5901.957318956,uB,0.84611031,5.07666189,126896,0.19996762,126896,0.84611031,233.7
165,0,33.200216,5901.957318956,5901.957318956,ac,0.94225921,5.65355528,141316,0.19996762,141316,0.94225921,233.7
165,0,33.200216,5901.957318956,5901.957318956,ad,0.96629644,3.86518575,96614,0.19996762,96614,0.96629644,233.7
165,0,33.200216,5901.957318956,5901.957318956,bc,0.94225921,5.65355528,141316,0.19996762,141316,0.94225921,233.7
165,0,33.200216,5901.957318956,5901.957318956,bd,0.95187410,5.71124462,142758,0.19996762,142758,0.95187410,233.7
165,0,33.200216,5901.957318956,5901.957318956,vC,0.82207309,6.57658472,164388,0.19996762,164388,0.82207309,233.7
165,0,33.200216,5901.957318956,5901.957318956,vD,0.84611031,5.07666189,126896,0.19996762,126896,0.84611031,233.7
166,0,33.400205,5902.157307771,5902.157307771,uA,0.82198597,6.57588777,164388,0.19998881,164388,0.82198597,210.2
166,0,33.400205,5902.157307771,5902.157307771,uB,0.84602065,5.07612389,126896,0.19998881,126896,0.84602065,210.2
166,0,33.400205,5902.157307771,5902.157307771,ac,0.95177323,5.71063938,142758,0.19998881,142758,0.95177323,210.2
166,0,33.400205,5902.157307771,5902.157307771,ad,0.95177323,3.80709292,95172,0.19998881,95172,0.95177323,210.2
166,0,33.400205,5902.157307771,5902.157307771,bc,0.94215936,5.65295616,141316,0.19998881,141316,0.94215936,210.2
166,0,33.400205,5902.157307771,5902.157307771,bd,0.95177323,5.71063938,142758,0.19998881,142758,0.95177323,210.2
166,0,33.400205,5902.157307771,5902.157307771,vC,0.82919637,6.63357100,165830,0.19998881,165830,0.82919637,210.2
166,0,33.400205,5902.157307771,5902.157307771,vD,0.85563452,5.13380712,128338,0.19998881,128338,0.85563452,210.2
167,0,33.600198,5902.357300113,5902.357300113,uA,0.82197147,6.57577179,164388,0.19999234,164388,0.82197147,200.0
167,0,33.600198,5902.357300113,5902.357300113,uB,0.84600573,5.07603436,126896,0.19999234,126896,0.84600573,200.0
167,0,33.600198,5902.357300113,5902.357300113,ac,0.94214274,5.65285645,141316,0.19999234,141316,0.94214274,200.0
167,0,33.600198,5902.357300113,5902.357300113,ad,0.96617699,3.86470798,96614,0.19999234,96614,0.96617699,200.0
167,0,33.600198,5902.357300113,5902.357300113,bc,0.94214274,5.65285645,141316,0.19999234,141316,0.94214274,200.0
167,0,33.600198,5902.357300113,5902.357300113,bd,0.95175644,5.71053866,142758,0.19999234,142758,0.95175644,200.0
167,0,33.600198,5902.357300113,5902.357300113,vC,0.82197147,6.57577179,164388,0.19999234,164388,0.82197147,200.0
167,0,33.600198,5902.357300113,5902.357300113,vD,0.85561943,5.13371657,128338,0.19999234,128338,0.85561943,200.0
168,0,33.800190,5902.557292684,5902.557292684,uA,0.82197053,6.57576426,164388,0.19999257,164388,0.82197053,194.9
168,0,33.800190,5902.557292684,5902.557292684,uB,0.84600476,5.07602855,126896,0.19999257,126896,0.84600476,194.9
168,0,33.800190,5902.557292684,5902.557292684,ac,0.95175535,5.71053212,142758,0.19999257,142758,0.95175535,194.9
168,0,33.800190,5902.557292684,5902.557292684,ad,0.95175535,3.80702141,95172,0.19999257,95172,0.95175535,194.9
168,0,33.800190,5902.557292684,5902.557292684,bc,0.94214166,5.65284998,141316,0.19999257,141316,0.94214166,194.9
168,0,33.800190,5902.557292684,5902.557292684,bd,0.95175535,5.71053212,142758,0.19999257,142758,0.95175535,194.9
168,0,33.800190,5902.557292684,5902.557292684,vC,0.82197053,6.57576426,164388,0.19999257,164388,0.82197053,194.9
168,0,33.800190,5902.557292684,5902.557292684,vD,0.85561845,5.13371069,128338,0.19999257,128338,0.85561845,194.9
169,0,34.000205,5902.757307382,5902.757307382,uA,0.82908907,6.63271256,165830,0.20001470,165830,0.82908907,207.3
169,0,34.000205,5902.757307382,5902.757307382,uB,0.84591117,5.07546700,126896,0.20001470,126896,0.84591117,207.3
169,0,34.000205,5902.757307382,5902.757307382,ac,0.95165006,5.70990038,142758,0.20001470,142758,0.95165006,207.3
169,0,34.000205,5902.757307382,5902.757307382,ad,0.96606900,3.86427601,96614,0.20001470,96614,0.96606900,207.3
169,0,34.000205,5902.757307382,5902.757307382,bc,0.94203744,5.65222462,141316,0.20001470,141316,0.94203744,207.3
169,0,34.000205,5902.757307382,5902.757307382,bd,0.95165006,5.70990038,142758,0.20001470,142758,0.95165006,207.3
169,0,34.000205,5902.757307382,5902.757307382,vC,0.82908907,6.63271256,165830,0.20001470,165830,0.82908907,207.3
169,0,34.000205,5902.757307382,5902.757307382,vD,0.85552379,5.13314277,128338,0.20001470,128338,0.85552379,207.3
170,0,34.200234,5902.957336671,5902.957336671,uA,0.82181965,6.57455717,164388,0.20002929,164388,0.82181965,271.9
170,0,34.200234,5902.957336671,5902.957336671,uB,0.84584946,5.07509676,126896,0.20002929,126896,0.84584946,271.9
170,0,34.200234,5902.957336671,5902.957336671,ac,0.94196872,5.65181231,141316,0.20002929,141316,0.94196872,271.9
170,0,34.200234,5902.957336671,5902.957336671,ad,0.95158064,3.80632257,95172,0.20002929,95172,0.95158064,271.9
170,0,34.200234,5902.957336671,5902.957336671,bc,0.94196872,5.65181231,141316,0.20002929,141316,0.94196872,271.9
170,0,34.200234,5902.957336671,5902.957336671,bd,0.95158064,5.70948386,142758,0.20002929,142758,0.95158064,271.9
170,0,34.200234,5902.957336671,5902.957336671,vC,0.82181965,6.57455717,164388,0.20002929,164388,0.82181965,271.9
170,0,34.200234,5902.957336671,5902.957336671,vD,0.85546139,5.13276832,128338,0.20002929,128338,0.85546139,271.9
171,0,34.400219,5903.157321161,5903.157321161,uA,0.82200375,6.57602997,164388,0.19998449,164388,0.82200375,235.1
171,0,34.400219,5903.157321161,5903.157321161,uB,0.83642486,5.01854919,125454,0.19998449,125454,0.83642486,235.1
171,0,34.400219,5903.157321161,5903.157321161,ac,0.95179381,5.71076287,142758,0.19998449,142758,0.95179381,235.1
171,0,34.400219,5903.157321161,5903.157321161,ad,0.95179381,3.80717525,95172,0.19998449,95172,0.95179381,235.1
171,0,34.400219,5903.157321161,5903.157321161,bc,0.94217973,5.65307840,141316,0.19998449,141316,0.94217973,235.1
171,0,34.400219,5903.157321161,5903.157321161,bd,0.96140789,5.76844734,144200,0.19998449,144200,0.96140789,235.1
171,0,34.400219,5903.157321161,5903.157321161,vC,0.82200375,6.57602997,164388,0.19998449,164388,0.82200375,235.1
171,0,34.400219,5903.157321161,5903.157321161,vD,0.85565302,5.13391814,128338,0.19998449,128338,0.85565302,235.1
172,0,34.600218,5903.357320828,5903.357320828,uA,0.82915138,6.63321104,165830,0.19999967,165830,0.82915138,245.9
172,0,34.600218,5903.357320828,5903.357320828,uB,0.84597474,5.07584845,126896,0.19999967,126896,0.84597474,245.9
172,0,34.600218,5903.357320828,5903.357320828,ac,0.94210824,5.65264941,141316,0.19999967,141316,0.94210824,245.9
172,0,34.600218,5903.357320828,5903.357320828,ad,0.96614161,3.86456643,96614,0.19999967,96614,0.96614161,245.9
172,0,34.600218,5903.357320828,5903.357320828,bc,0.94210824,5.65264941,141316,0.19999967,141316,0.94210824,245.9
172,0,34.600218,5903.357320828,5903.357320828,bd,0.95172158,5.71032951,142758,0.19999967,142758,0.95172158,245.9
172,0,34.600218,5903.357320828,5903.357320828,vC,0.82915138,6.63321104,165830,0.19999967,165830,0.82915138,245.9
172,0,34.600218,5903.357320828,5903.357320828,vD,0.85558809,5.13352855,128338,0.19999967,128338,0.85558809,245.9
173,0,34.800246,5903.557348994,5903.557348994,uA,0.82182426,6.57459412,164388,0.20002817,164388,0.82182426,273.1
173,0,34.800246,5903.557348994,5903.557348994,uB,0.84585421,5.07512528,126896,0.20002817,126896,0.84585421,273.1
173,0,34.800246,5903.557348994,5903.557348994,ac,0.95158599,5.70951594,142758,0.20002817,142758,0.95158599,273.1
173,0,34.800246,5903.557348994,5903.557348994,ad,0.95158599,3.80634396,95172,0.20002817,95172,0.95158599,273.1
173,0,34.800246,5903.557348994,5903.557348994,bc,0.94197401,5.65184406,141316,0.20002817,141316,0.94197401,273.1
173,0,34.800246,5903.557348994,5903.557348994,bd,0.95158599,5.70951594,142758,0.20002817,142758,0.95158599,273.1
173,0,34.800246,5903.557348994,5903.557348994,vC,0.82182426,6.57459412,164388,0.20002817,164388,0.82182426,273.1
173,0,34.800246,5903.557348994,5903.557348994,vD,0.85546619,5.13279716,128338,0.20002817,128338,0.85546619,273.1
174,0,35.000202,5903.757304664,5903.757304664,uA,0.82212223,6.57697780,164388,0.19995567,164388,0.82212223,206.5
174,0,35.000202,5903.757304664,5903.757304664,uB,0.84616089,5.07696532,126896,0.19995567,126896,0.84616089,206.5
174,0,35.000202,5903.757304664,5903.757304664,ac,0.94231553,5.65389320,141316,0.19995567,141316,0.94231553,206.5
174,0,35.000202,5903.757304664,5903.757304664,ad,0.96635419,3.86541678,96614,0.19995567,96614,0.96635419,206.5
174,0,35.000202,5903.757304664,5903.757304664,bc,0.94231553,5.65389320,141316,0.19995567,141316,0.94231553,206.5
174,0,35.000202,5903.757304664,5903.757304664,bd,0.95193100,5.71158599,142758,0.19995567,142758,0.95193100,206.5
174,0,35.000202,5903.757304664,5903.757304664,vC,0.82212223,6.57697780,164388,0.19995567,164388,0.82212223,206.5
174,0,35.000202,5903.757304664,5903.757304664,vD,0.85577635,5.13465811,128338,0.19995567,128338,0.85577635,206.5
175,0,35.200225,5903.957327708,5903.957327708,uA,0.82184530,6.57476244,164388,0.20002304,164388,0.82184530,230.5
175,0,35.200225,5903.957327708,5903.957327708,uB,0.84587587,5.07525522,126896,0.20002304,126896,0.84587587,230.5
175,0,35.200225,5903.957327708,5903.957327708,ac,0.95161035,5.70966212,142758,0.20002304,142758,0.95161035,230.5
175,0,35.200225,5903.957327708,5903.957327708,ad,0.95161035,3.80644141,95172,0.20002304,95172,0.95161035,230.5
175,0,35.200225,5903.957327708,5903.957327708,bc,0.94199813,5.65198876,141316,0.20002304,141316,0.94199813,230.5
175,0,35.200225,5903.957327708,5903.957327708,bd,0.95161035,5.70966212,142758,0.20002304,142758,0.95161035,230.5
175,0,35.200225,5903.957327708,5903.957327708,vC,0.82184530,6.57476244,164388,0.20002304,164388,0.82184530,230.5
175,0,35.200225,5903.957327708,5903.957327708,vD,0.85548810,5.13292857,128338,0.20002304,128338,0.85548810,230.5
176,0,35.400168,5904.157270881,5904.157270881,uA,0.82938566,6.63508526,165830,0.19994317,165830,0.82938566,211.2
176,0,35.400168,5904.157270881,5904.157270881,uB,0.84621377,5.07728263,126896,0.19994317,126896,0.84621377,211.2
176,0,35.400168,5904.157270881,5904.157270881,ac,0.95199049,5.71194296,142758,0.19994317,142758,0.95199049,211.2
176,0,35.400168,5904.157270881,5904.157270881,ad,0.96641459,3.86565837,96614,0.19994317,96614,0.96641459,211.2
176,0,35.400168,5904.157270881,5904.157270881,bc,0.94237443,5.65424657,141316,0.19994317,141316,0.94237443,211.2
176,0,35.400168,5904.157270881,5904.157270881,bd,0.95199049,5.71194296,142758,0.19994317,142758,0.95199049,211.2
176,0,35.400168,5904.157270881,5904.157270881,vC,0.82938566,6.63508526,165830,0.19994317,165830,0.82938566,211.2
176,0,35.400168,5904.157270881,5904.157270881,vD,0.85582984,5.13497903,128338,0.19994317,128338,0.85582984,211.2
177,0,35.600191,5904.357293390,5904.357293390,uA,0.82184750,6.57478002,164388,0.20002251,164388,0.82184750,199.8
177,0,35.600191,5904.357293390,5904.357293390,uB,0.84587813,5.07526879,126896,0.20002251,126896,0.84587813,199.8
177,0,35.600191,5904.357293390,5904.357293390,ac,0.94200065,5.65200388,141316,0.20002251,141316,0.94200065,199.8
177,0,35.600191,5904.357293390,5904.357293390,ad,0.95161290,3.80645159,95172,0.20002251,95172,0.95161290,199.8
177,0,35.600191,5904.357293390,5904.357293390,bc,0.94200065,5.65200388,141316,0.20002251,141316,0.94200065,199.8
177,0,35.600191,5904.357293390,5904.357293390,bd,0.95161290,5.70967739,142758,0.20002251,142758,0.95161290,199.8
177,0,35.600191,5904.357293390,5904.357293390,vC,0.82184750,6.57478002,164388,0.20002251,164388,0.82184750,199.8
177,0,35.600191,5904.357293390,5904.357293390,vD,0.85549038,5.13294230,128338,0.20002251,128338,0.85549038,199.8
178,0,35.800207,5904.557309868,5904.557309868,uA,0.82187229,6.57497830,164388,0.20001648,164388,0.82187229,223.0
178,0,35.800207,5904.557309868,5904.557309868,uB,0.83629110,5.01774660,125454,0.20001648,125454,0.83629110,223.0
178,0,35.800207,5904.557309868,5904.557309868,ac,0.95164160,5.70984958,142758,0.20001648,142758,0.95164160,223.0
178,0,35.800207,5904.557309868,5904.557309868,ad,0.95164160,3.80656639,95172,0.20001648,95172,0.95164160,223.0
178,0,35.800207,5904.557309868,5904.557309868,bc,0.95164160,5.70984958,142758,0.20001648,142758,0.95164160,223.0
178,0,35.800207,5904.557309868,5904.557309868,bd,0.95164160,5.70984958,142758,0.20001648,142758,0.95164160,223.0
178,0,35.800207,5904.557309868,5904.557309868,vC,0.82187229,6.57497830,164388,0.20001648,164388,0.82187229,223.0
178,0,35.800207,5904.557309868,5904.557309868,vD,0.85551618,5.13309710,128338,0.20001648,128338,0.85551618,223.0
179,0,36.000192,5904.757294440,5904.757294440,uA,0.82921397,6.63371172,165830,0.19998457,165830,0.82921397,199.9
179,0,36.000192,5904.757294440,5904.757294440,uB,0.84603860,5.07623158,126896,0.19998457,126896,0.84603860,199.9
179,0,36.000192,5904.757294440,5904.757294440,ac,0.94217935,5.65307608,141316,0.19998457,141316,0.94217935,199.9
179,0,36.000192,5904.757294440,5904.757294440,ad,0.96621453,3.86485814,96614,0.19998457,96614,0.96621453,199.9
179,0,36.000192,5904.757294440,5904.757294440,bc,0.94217935,5.65307608,141316,0.19998457,141316,0.94217935,199.9
179,0,36.000192,5904.757294440,5904.757294440,bd,0.95179342,5.71076053,142758,0.19998457,142758,0.95179342,199.9
179,0,36.000192,5904.757294440,5904.757294440,vC,0.82200341,6.57602727,164388,0.19998457,164388,0.82200341,199.9
179,0,36.000192,5904.757294440,5904.757294440,vD,0.84603860,5.07623158,126896,0.19998457,126896,0.84603860,199.9
180,0,36.200204,5904.957306505,5904.957306505,uA,0.82189042,6.57512337,164388,0.20001206,164388,0.82189042,201.4
180,0,36.200204,5904.957306505,5904.957306505,uB,0.84592231,5.07553383,126896,0.20001206,126896,0.84592231,201.4
180,0,36.200204,5904.957306505,5904.957306505,ac,0.95166259,5.70997556,142758,0.20001206,142758,0.95166259,201.4
180,0,36.200204,5904.957306505,5904.957306505,ad,0.95166259,3.80665037,95172,0.20001206,95172,0.95166259,201.4
180,0,36.200204,5904.957306505,5904.957306505,bc,0.94204984,5.65229904,141316,0.20001206,141316,0.94204984,201.4
180,0,36.200204,5904.957306505,5904.957306505,bd,0.96127535,5.76765208,144200,0.20001206,144200,0.96127535,201.4
180,0,36.200204,5904.957306505,5904.957306505,vC,0.82909999,6.63279989,165830,0.20001206,165830,0.82909999,201.4
180,0,36.200204,5904.957306505,5904.957306505,vD,0.85553506,5.13321035,128338,0.20001206,128338,0.85553506,201.4
181,0,36.400203,5905.157306031,5905.157306031,uA,0.82194195,6.57553557,164388,0.19999953,164388,0.82194195,205.6
181,0,36.400203,5905.157306031,5905.157306031,uB,0.84597534,5.07585202,126896,0.19999953,126896,0.84597534,205.6
181,0,36.400203,5905.157306031,5905.157306031,ac,0.94210890,5.65265338,141316,0.19999953,141316,0.94210890,205.6
181,0,36.400203,5905.157306031,5905.157306031,ad,0.96614229,3.86456915,96614,0.19999953,96614,0.96614229,205.6
181,0,36.400203,5905.157306031,5905.157306031,bc,0.94210890,5.65265338,141316,0.19999953,141316,0.94210890,205.6
181,0,36.400203,5905.157306031,5905.157306031,bd,0.95172225,5.71033352,142758,0.19999953,142758,0.95172225,205.6
181,0,36.400203,5905.157306031,5905.157306031,vC,0.82194195,6.57553557,164388,0.19999953,164388,0.82194195,205.6
181,0,36.400203,5905.157306031,5905.157306031,vD,0.85558869,5.13353215,128338,0.19999953,128338,0.85558869,205.6
182,0,36.600196,5905.357298502,5905.357298502,uA,0.82197094,6.57576754,164388,0.19999247,164388,0.82197094,195.8
182,0,36.600196,5905.357298502,5905.357298502,uB,0.84600518,5.07603109,126896,0.19999247,126896,0.84600518,195.8
182,0,36.600196,5905.357298502,5905.357298502,ac,0.95175583,5.71053497,142758,0.19999247,142758,0.95175583,195.8
182,0,36.600196,5905.357298502,5905.357298502,ad,0.95175583,3.80702332,95172,0.19999247,95172,0.95175583,195.8
182,0,36.600196,5905.357298502,5905.357298502,bc,0.94214213,5.65285280,141316,0.19999247,141316,0.94214213,195.8
182,0,36.600196,5905.357298502,5905.357298502,bd,0.95175583,5.71053497,142758,0.19999247,142758,0.95175583,195.8
182,0,36.600196,5905.357298502,5905.357298502,vC,0.82197094,6.57576754,164388,0.19999247,164388,0.82197094,195.8
182,0,36.600196,5905.357298502,5905.357298502,vD,0.85561888,5.13371326,128338,0.19999247,128338,0.85561888,195.8
183,0,36.800174,5905.557276115,5905.557276115,uA,0.82924282,6.63394255,165830,0.19997761,165830,0.82924282,202.5
183,0,36.800174,5905.557276115,5905.557276115,uB,0.84606804,5.07640822,126896,0.19997761,126896,0.84606804,202.5
183,0,36.800174,5905.557276115,5905.557276115,ac,0.95182654,5.71095924,142758,0.19997761,142758,0.95182654,202.5
183,0,36.800174,5905.557276115,5905.557276115,ad,0.96624815,3.86499262,96614,0.19997761,96614,0.96624815,202.5
183,0,36.800174,5905.557276115,5905.557276115,bc,0.94221213,5.65327278,141316,0.19997761,141316,0.94221213,202.5
183,0,36.800174,5905.557276115,5905.557276115,bd,0.95182654,5.71095924,142758,0.19997761,142758,0.95182654,202.5
183,0,36.800174,5905.557276115,5905.557276115,vC,0.82924282,6.63394255,165830,0.19997761,165830,0.82924282,202.5
183,0,36.800174,5905.557276115,5905.557276115,vD,0.85568245,5.13409467,128338,0.19997761,128338,0.85568245,202.5
184,0,37.000204,5905.757306084,5905.757306084,uA,0.82181686,6.57453487,164388,0.20002997,164388,0.82181686,207.2
184,0,37.000204,5905.757306084,5905.757306084,uB,0.84584659,5.07507955,126896,0.20002997,126896,0.84584659,207.2
184,0,37.000204,5905.757306084,5905.757306084,ac,0.94196552,5.65179314,141316,0.20002997,141316,0.94196552,207.2
184,0,37.000204,5905.757306084,5905.757306084,ad,0.95157742,3.80630966,95172,0.20002997,95172,0.95157742,207.2
184,0,37.000204,5905.757306084,5905.757306084,bc,0.94196552,5.65179314,141316,0.20002997,141316,0.94196552,207.2
184,0,37.000204,5905.757306084,5905.757306084,bd,0.95157742,5.70946449,142758,0.20002997,142758,0.95157742,207.2
184,0,37.000204,5905.757306084,5905.757306084,vC,0.82181686,6.57453487,164388,0.20002997,164388,0.82181686,207.2
184,0,37.000204,5905.757306084,5905.757306084,vD,0.85545848,5.13275091,128338,0.20002997,128338,0.85545848,207.2
185,0,37.200203,5905.957305495,5905.957305495,uA,0.82194242,6.57553933,164388,0.19999941,164388,0.82194242,215.2
185,0,37.200203,5905.957305495,5905.957305495,uB,0.83636246,5.01817475,125454,0.19999941,125454,0.83636246,215.2
185,0,37.200203,5905.957305495,5905.957305495,ac,0.95172280,5.71033679,142758,0.19999941,142758,0.95172280,215.2
185,0,37.200203,5905.957305495,5905.957305495,ad,0.95172280,3.80689119,95172,0.19999941,95172,0.95172280,215.2
185,0,37.200203,5905.957305495,5905.957305495,bc,0.94210944,5.65265662,141316,0.19999941,141316,0.94210944,215.2
185,0,37.200203,5905.957305495,5905.957305495,bd,0.95172280,5.71033679,142758,0.19999941,142758,0.95172280,215.2
185,0,37.200203,5905.957305495,5905.957305495,vC,0.82194242,6.57553933,164388,0.19999941,164388,0.82194242,215.2
185,0,37.200203,5905.957305495,5905.957305495,vD,0.85558918,5.13353509,128338,0.19999941,128338,0.85558918,215.2
186,0,37.400200,5906.157302787,5906.157302787,uA,0.82916123,6.63328983,165830,0.19999729,165830,0.82916123,198.5
186,0,37.400200,5906.157302787,5906.157302787,uB,0.84598479,5.07590874,126896,0.19999729,126896,0.84598479,198.5
186,0,37.400200,5906.157302787,5906.157302787,ac,0.94211943,5.65271655,141316,0.19999729,141316,0.94211943,198.5
186,0,37.400200,5906.157302787,5906.157302787,ad,0.96615308,3.86461234,96614,0.19999729,96614,0.96615308,198.5
186,0,37.400200,5906.157302787,5906.157302787,bc,0.94211943,5.65271655,141316,0.19999729,141316,0.94211943,198.5
186,0,37.400200,5906.157302787,5906.157302787,bd,0.95173289,5.71039733,142758,0.19999729,142758,0.95173289,198.5
186,0,37.400200,5906.157302787,5906.157302787,vC,0.82195113,6.57560905,164388,0.19999729,164388,0.82195113,198.5
186,0,37.400200,5906.157302787,5906.157302787,vD,0.85559825,5.13358952,128338,0.19999729,128338,0.85559825,198.5
187,0,37.600203,5906.357305760,5906.357305760,uA,0.82192778,6.57542226,164388,0.20000297,164388,0.82192778,212.7
187,0,37.600203,5906.357305760,5906.357305760,uB,0.84596076,5.07576455,126896,0.20000297,126896,0.84596076,212.7
187,0,37.600203,5906.357305760,5906.357305760,ac,0.95170585,5.71023512,142758,0.20000297,142758,0.95170585,212.7
187,0,37.600203,5906.357305760,5906.357305760,ad,0.95170585,3.80682341,95172,0.20000297,95172,0.95170585,212.7
187,0,37.600203,5906.357305760,5906.357305760,bc,0.94209266,5.65255597,141316,0.20000297,141316,0.94209266,212.7
187,0,37.600203,5906.357305760,5906.357305760,bd,0.95170585,5.71023512,142758,0.20000297,142758,0.95170585,212.7
187,0,37.600203,5906.357305760,5906.357305760,vC,0.82913767,6.63310140,165830,0.20000297,165830,0.82913767,212.7
187,0,37.600203,5906.357305760,5906.357305760,vD,0.85557395,5.13344369,128338,0.20000297,128338,0.85557395,212.7
188,0,37.800192,5906.557294065,5906.557294065,uA,0.82198807,6.57590453,164388,0.19998830,164388,0.82198807,185.7
188,0,37.800192,5906.557294065,5906.557294065,uB,0.84602280,5.07613683,126896,0.19998830,126896,0.84602280,185.7
188,0,37.800192,5906.557294065,5906.557294065,ac,0.94216176,5.65297056,141316,0.19998830,141316,0.94216176,185.7
188,0,37.800192,5906.557294065,5906.557294065,ad,0.96619650,3.86478599,96614,0.19998830,96614,0.96619650,185.7
188,0,37.800192,5906.557294065,5906.557294065,bc,0.94216176,5.65297056,141316,0.19998830,141316,0.94216176,185.7
188,0,37.800192,5906.557294065,5906.557294065,bd,0.95177566,5.71065393,142758,0.19998830,142758,0.95177566,185.7
188,0,37.800192,5906.557294065,5906.557294065,vC,0.82198807,6.57590453,164388,0.19998830,164388,0.82198807,185.7
188,0,37.800192,5906.557294065,5906.557294065,vD,0.85563670,5.13382020,128338,0.19998830,128338,0.85563670,185.7
189,0,38.000207,5906.757309735,5906.757309735,uA,0.82187561,6.57500485,164388,0.20001567,164388,0.82187561,220.2
189,0,38.000207,5906.757309735,5906.757309735,uB,0.84590706,5.07544234,126896,0.20001567,126896,0.84590706,220.2
189,0,38.000207,5906.757309735,5906.757309735,ac,0.95164544,5.70987263,142758,0.20001567,142758,0.95164544,220.2
189,0,38.000207,5906.757309735,5906.757309735,ad,0.95164544,3.80658175,95172,0.20001567,95172,0.95164544,220.2
189,0,38.000207,5906.757309735,5906.757309735,bc,0.94203286,5.65219715,141316,0.20001567,141316,0.94203286,220.2
189,0,38.000207,5906.757309735,5906.757309735,bd,0.96125802,5.76754811,144200,0.20001567,144200,0.96125802,220.2
189,0,38.000207,5906.757309735,5906.757309735,vC,0.82187561,6.57500485,164388,0.20001567,164388,0.82187561,220.2
189,0,38.000207,5906.757309735,5906.757309735,vD,0.85551964,5.13311782,128338,0.20001567,128338,0.85551964,220.2
190,0,38.200228,5906.957330846,5906.957330846,uA,0.82906249,6.63249992,165830,0.20002111,165830,0.82906249,237.5
190,0,38.200228,5906.957330846,5906.957330846,uB,0.84588405,5.07530429,126896,0.20002111,126896,0.84588405,237.5
190,0,38.200228,5906.957330846,5906.957330846,ac,0.95161955,5.70971733,142758,0.20002111,142758,0.95161955,237.5
190,0,38.200228,5906.957330846,5906.957330846,ad,0.96603803,3.86415213,96614,0.20002111,96614,0.96603803,237.5
190,0,38.200228,5906.957330846,5906.957330846,bc,0.94200724,5.65204341,141316,0.20002111,141316,0.94200724,237.5
190,0,38.200228,5906.957330846,5906.957330846,bd,0.95161955,5.70971733,142758,0.20002111,142758,0.95161955,237.5
190,0,38.200228,5906.957330846,5906.957330846,vC,0.82906249,6.63249992,165830,0.20002111,165830,0.82906249,237.5
190,0,38.200228,5906.957330846,5906.957330846,vD,0.85549637,5.13297820,128338,0.20002111,128338,0.85549637,237.5
191,0,38.400228,5907.157330704,5907.157330704,uA,0.82194058,6.57552465,164388,0.19999986,164388,0.82194058,251.8
191,0,38.400228,5907.157330704,5907.157330704,uB,0.84597393,5.07584359,126896,0.19999986,126896,0.84597393,251.8
191,0,38.400228,5907.157330704,5907.157330704,ac,0.94210733,5.65264400,141316,0.19999986,141316,0.94210733,251.8
191,0,38.400228,5907.157330704,5907.157330704,ad,0.95172067,3.80688269,95172,0.19999986,95172,0.95172067,251.8
191,0,38.400228,5907.157330704,5907.157330704,bc,0.94210733,5.65264400,141316,0.19999986,141316,0.94210733,251.8
191,0,38.400228,5907.157330704,5907.157330704,bd,0.95172067,5.71032404,142758,0.19999986,142758,0.95172067,251.8
191,0,38.400228,5907.157330704,5907.157330704,vC,0.82194058,6.57552465,164388,0.19999986,164388,0.82194058,251.8
191,0,38.400228,5907.157330704,5907.157330704,vD,0.85558727,5.13352363,128338,0.19999986,128338,0.85558727,251.8
192,0,38.600202,5907.357305055,5907.357305055,uA,0.82204542,6.57636339,164388,0.19997435,164388,0.82204542,213.3
192,0,38.600202,5907.357305055,5907.357305055,uB,0.83646727,5.01880364,125454,0.19997435,125454,0.83646727,213.3
192,0,38.600202,5907.357305055,5907.357305055,ac,0.95184207,5.71105241,142758,0.19997435,142758,0.95184207,213.3
192,0,38.600202,5907.357305055,5907.357305055,ad,0.95184207,3.80736828,95172,0.19997435,95172,0.95184207,213.3
192,0,38.600202,5907.357305055,5907.357305055,bc,0.94222750,5.65336502,141316,0.19997435,141316,0.94222750,213.3
192,0,38.600202,5907.357305055,5907.357305055,bd,0.95184207,5.71105241,142758,0.19997435,142758,0.95184207,213.3
192,0,38.600202,5907.357305055,5907.357305055,vC,0.82204542,6.57636339,164388,0.19997435,164388,0.82204542,213.3
192,0,38.600202,5907.357305055,5907.357305055,vD,0.85569641,5.13417843,128338,0.19997435,128338,0.85569641,213.3
193,0,38.800201,5907.557303743,5907.557303743,uA,0.82915544,6.63324353,165830,0.19999869,165830,0.82915544,197.8
193,0,38.800201,5907.557303743,5907.557303743,uB,0.84597889,5.07587331,126896,0.19999869,126896,0.84597889,197.8
193,0,38.800201,5907.557303743,5907.557303743,ac,0.94211285,5.65267710,141316,0.19999869,141316,0.94211285,197.8
193,0,38.800201,5907.557303743,5907.557303743,ad,0.96614634,3.86458536,96614,0.19999869,96614,0.96614634,197.8
193,0,38.800201,5907.557303743,5907.557303743,bc,0.94211285,5.65267710,141316,0.19999869,141316,0.94211285,197.8
193,0,38.800201,5907.557303743,5907.557303743,bd,0.95172625,5.71035747,142758,0.19999869,142758,0.95172625,197.8
193,0,38.800201,5907.557303743,5907.557303743,vC,0.82915544,6.63324353,165830,0.19999869,164388,0.82194539,197.8
193,0,38.800201,5907.557303743,5907.557303743,vD,0.84597889,5.07587331,126896,0.19999869,126896,0.84597889,197.8
194,0,39.000200,5907.757302424,5907.757302424,uA,0.82194542,6.57556335,164388,0.19999868,164388,0.82194542,204.6
194,0,39.000200,5907.757302424,5907.757302424,uB,0.84597891,5.07587346,126896,0.19999868,126896,0.84597891,204.6
194,0,39.000200,5907.757302424,5907.757302424,ac,0.95172627,5.71035765,142758,0.19999868,142758,0.95172627,204.6
194,0,39.000200,5907.757302424,5907.757302424,ad,0.95172627,3.80690510,95172,0.19999868,95172,0.95172627,204.6
194,0,39.000200,5907.757302424,5907.757302424,bc,0.94211288,5.65267727,141316,0.19999868,141316,0.94211288,204.6
194,0,39.000200,5907.757302424,5907.757302424,bd,0.95172627,5.71035765,142758,0.19999868,142758,0.95172627,204.6
194,0,39.000200,5907.757302424,5907.757302424,vC,0.82194542,6.57556335,164388,0.19999868,165830,0.82915547,204.6
194,0,39.000200,5907.757302424,5907.757302424,vD,0.85559231,5.13355384,128338,0.19999868,128338,0.85559231,204.6
195,0,39.200231,5907.957333504,5907.957333504,uA,0.82181229,6.57449832,164388,0.20003108,164388,0.82181229,234.1
195,0,39.200231,5907.957333504,5907.957333504,uB,0.84584189,5.07505134,126896,0.20003108,126896,0.84584189,234.1
195,0,39.200231,5907.957333504,5907.957333504,ac,0.94196029,5.65176172,141316,0.20003108,141316,0.94196029,234.1
195,0,39.200231,5907.957333504,5907.957333504,ad,0.96598989,3.86395954,96614,0.20003108,96614,0.96598989,234.1
195,0,39.200231,5907.957333504,5907.957333504,bc,0.94196029,5.65176172,141316,0.20003108,141316,0.94196029,234.1
195,0,39.200231,5907.957333504,5907.957333504,bd,0.95157213,5.70943275,142758,0.20003108,142758,0.95157213,234.1
195,0,39.200231,5907.957333504,5907.957333504,vC,0.82181229,6.57449832,164388,0.20003108,164388,0.82181229,234.1
195,0,39.200231,5907.957333504,5907.957333504,vD,0.85545373,5.13272237,128338,0.20003108,128338,0.85545373,234.1
196,0,39.400193,5908.157295685,5908.157295685,uA,0.82209546,6.57676365,164388,0.19996218,164388,0.82209546,180.4
196,0,39.400193,5908.157295685,5908.157295685,uB,0.84613334,5.07680001,126896,0.19996218,126896,0.84613334,180.4
196,0,39.400193,5908.157295685,5908.157295685,ac,0.95190000,5.71140001,142758,0.19996218,142758,0.95190000,180.4
196,0,39.400193,5908.157295685,5908.157295685,ad,0.95190000,3.80760001,95172,0.19996218,95172,0.95190000,180.4
196,0,39.400193,5908.157295685,5908.157295685,bc,0.94228485,5.65370910,141316,0.19996218,141316,0.94228485,180.4
196,0,39.400193,5908.157295685,5908.157295685,bd,0.95190000,5.71140001,142758,0.19996218,142758,0.95190000,180.4
196,0,39.400193,5908.157295685,5908.157295685,vC,0.82209546,6.57676365,164388,0.19996218,164388,0.82209546,180.4
196,0,39.400193,5908.157295685,5908.157295685,vD,0.85574849,5.13449092,128338,0.19996218,128338,0.85574849,180.4
197,0,39.600200,5908.357302707,5908.357302707,uA,0.82912089,6.63296708,165830,0.20000702,165830,0.82912089,234.7
197,0,39.600200,5908.357302707,5908.357302707,uB,0.84594363,5.07566177,126896,0.20000702,126896,0.84594363,234.7
197,0,39.600200,5908.357302707,5908.357302707,ac,0.95168658,5.71011949,142758,0.20000702,142758,0.95168658,234.7
197,0,39.600200,5908.357302707,5908.357302707,ad,0.96610608,3.86442430,96614,0.20000702,96614,0.96610608,234.7
197,0,39.600200,5908.357302707,5908.357302707,bc,0.94207359,5.65244151,141316,0.20000702,141316,0.94207359,234.7
197,0,39.600200,5908.357302707,5908.357302707,bd,0.95168658,5.71011949,142758,0.20000702,142758,0.95168658,234.7
197,0,39.600200,5908.357302707,5908.357302707,vC,0.82912089,6.63296708,165830,0.20000702,165830,0.82912089,234.7
197,0,39.600200,5908.357302707,5908.357302707,vD,0.85555662,5.13333974,128338,0.20000702,128338,0.85555662,234.7
198,0,39.800210,5908.557312440,5908.557312440,uA,0.82190000,6.57520003,164388,0.20000973,164388,0.82190000,218.8
198,0,39.800210,5908.557312440,5908.557312440,uB,0.84593217,5.07559301,126896,0.20000973,126896,0.84593217,218.8
198,0,39.800210,5908.557312440,5908.557312440,ac,0.94206082,5.65236494,141316,0.20000973,141316,0.94206082,218.8
198,0,39.800210,5908.557312440,5908.557312440,ad,0.95167369,3.80669476,95172,0.20000973,95172,0.95167369,218.8
198,0,39.800210,5908.557312440,5908.557312440,bc,0.94206082,5.65236494,141316,0.20000973,141316,0.94206082,218.8
198,0,39.800210,5908.557312440,5908.557312440,bd,0.95167369,5.71004214,142758,0.20000973,142758,0.95167369,218.8
198,0,39.800210,5908.557312440,5908.557312440,vC,0.82190000,6.57520003,164388,0.20000973,164388,0.82190000,218.8
198,0,39.800210,5908.557312440,5908.557312440,vD,0.85554503,5.13327020,128338,0.20000973,128338,0.85554503,218.8
