sample_index,timestamp_s,monotonic_s,t_mono,cum_packets,cum_bytes,lag_s
0,0.000124,5913.905816185,5913.905816185,0,0,0.000000
1,0.010077,5913.915769437,5913.915769437,5,7000,0.000000
2,0.020068,5913.925760200,5913.925760200,11,15400,0.000000
3,0.030060,5913.935752277,5913.935752277,17,23800,0.000000
4,0.040075,5913.945766889,5913.945766889,22,30800,0.000000
5,0.050075,5913.955767290,5913.955767290,28,39200,0.000000
6,0.060069,5913.965761617,5913.965761617,34,47600,0.000000
7,0.070070,5913.975761883,5913.975761883,40,56000,0.000000
8,0.080069,5913.985761737,5913.985761737,45,63000,0.000000
9,0.090066,5913.995757912,5913.995757912,51,71400,0.000000
10,0.100061,5914.005753470,5914.005753470,57,79800,0.000000
11,0.110068,5914.015759913,5914.015759913,62,86800,0.000000
12,0.120069,5914.025761047,5914.025761047,68,95200,0.000000
13,0.130072,5914.035763818,5914.035763818,74,103600,0.000000
14,0.140077,5914.045769534,5914.045769534,80,112000,0.000000
15,0.150063,5914.055754995,5914.055754995,85,119000,0.000000
16,0.160067,5914.065759710,5914.065759710,91,127400,0.000000
17,0.170064,5914.075756510,5914.075756510,97,135800,0.000000
18,0.180065,5914.085757143,5914.085757143,102,142800,0.000000
19,0.190065,5914.095757030,5914.095757030,108,151200,0.000000
20,0.200062,5914.105754044,5914.105754044,114,159600,0.000000
21,0.210070,5914.115762524,5914.115762524,120,168000,0.000000
22,0.220072,5914.125764415,5914.125764415,125,175000,0.000000
23,0.230069,5914.135761215,5914.135761215,131,183400,0.000000
24,0.240058,5914.145750598,5914.145750598,137,191800,0.000000
25,0.250073,5914.155765213,5914.155765213,142,198800,0.000000
26,0.260065,5914.165757709,5914.165757709,148,207200,0.000000
27,0.270065,5914.175757739,5914.175757739,154,215600,0.000000
28,0.280077,5914.185769712,5914.185769712,160,224000,0.000000
29,0.290066,5914.195758677,5914.195758677,165,231000,0.000000
30,0.300068,5914.205759784,5914.205759784,171,239400,0.000000
31,0.310063,5914.215754924,5914.215754924,177,247800,0.000000
32,0.320068,5914.225759959,5914.225759959,182,254800,0.000000
33,0.330066,5914.235758422,5914.235758422,188,263200,0.000000
34,0.340061,5914.245753619,5914.245753619,194,271600,0.000000
35,0.350041,5914.255732805,5914.255732805,200,280000,0.000000
36,0.360073,5914.265764920,5914.265764920,205,287000,0.000000
37,0.370059,5914.275751503,5914.275751503,211,295400,0.000000
38,0.380059,5914.285751162,5914.285751162,217,303800,0.000000
39,0.390032,5914.295724097,5914.295724097,222,310800,0.000000
40,0.400068,5914.305760570,5914.305760570,228,319200,0.000000
41,0.410062,5914.315754469,5914.315754469,234,327600,0.000000
42,0.420056,5914.325747859,5914.325747859,240,336000,0.000000
43,0.430066,5914.335758316,5914.335758316,245,343000,0.000000
44,0.440059,5914.345750807,5914.345750807,251,351400,0.000000
45,0.450077,5914.355769394,5914.355769394,257,359800,0.000000
46,0.460066,5914.365758696,5914.365758696,262,366800,0.000000
47,0.470065,5914.375757164,5914.375757164,268,375200,0.000000
48,0.480063,5914.385755086,5914.385755086,274,383600,0.000000
49,0.490082,5914.395774133,5914.395774133,280,392000,0.000000
50,0.500065,5914.405757597,5914.405757597,285,399000,0.000000
51,0.510066,5914.415758152,5914.415758152,291,407400,0.000000
52,0.520058,5914.425749998,5914.425749998,297,415800,0.000000
53,0.530059,5914.435751470,5914.435751470,302,422800,0.000000
54,0.540069,5914.445761510,5914.445761510,308,431200,0.000000
55,0.550067,5914.455758873,5914.455758873,314,439600,0.000000
56,0.560083,5914.465775502,5914.465775502,320,448000,0.000000
57,0.570069,5914.475761573,5914.475761573,325,455000,0.000000
58,0.580067,5914.485758773,5914.485758773,331,463400,0.000000
59,0.590067,5914.495759512,5914.495759512,337,471800,0.000000
60,0.600063,5914.505754846,5914.505754846,342,478800,0.000000
61,0.610094,5914.515786396,5914.515786396,348,487200,0.000000
62,0.620060,5914.525752210,5914.525752210,354,495600,0.000000
63,0.630070,5914.535762541,5914.535762541,360,504000,0.000000
64,0.640066,5914.545758205,5914.545758205,365,511000,0.000000
65,0.650067,5914.555759343,5914.555759343,371,519400,0.000000
66,0.660058,5914.565750693,5914.565750693,377,527800,0.000000
67,0.670068,5914.575760264,5914.575760264,382,534800,0.000000
68,0.680065,5914.585757156,5914.585757156,388,543200,0.000000
69,0.690065,5914.595757618,5914.595757618,394,551600,0.000000
70,0.700082,5914.605774603,5914.605774603,400,560000,0.000000
71,0.710070,5914.615761992,5914.615761992,405,567000,0.000000
72,0.720069,5914.625760939,5914.625760939,411,575400,0.000000
73,0.730059,5914.635750811,5914.635750811,417,583800,0.000000
74,0.740065,5914.645757015,5914.645757015,422,590800,0.000000
75,0.750069,5914.655761053,5914.655761053,428,599200,0.000000
76,0.760074,5914.665766232,5914.665766232,434,607600,0.000000
77,0.770089,5914.675781569,5914.675781569,440,616000,0.000000
78,0.780071,5914.685763400,5914.685763400,445,623000,0.000000
79,0.790069,5914.695761365,5914.695761365,451,631400,0.000000
80,0.800063,5914.705755156,5914.705755156,457,639800,0.000000
81,0.810069,5914.715761233,5914.715761233,462,646800,0.000000
82,0.820075,5914.725767247,5914.725767247,468,655200,0.000000
83,0.830060,5914.735752305,5914.735752305,474,663600,0.000000
84,0.840077,5914.745769420,5914.745769420,480,672000,0.000000
85,0.850092,5914.755784189,5914.755784189,485,679000,0.000000
86,0.860069,5914.765760781,5914.765760781,491,687400,0.000000
87,0.870059,5914.775751452,5914.775751452,497,695800,0.000000
88,0.880066,5914.785758407,5914.785758407,502,702800,0.000000
89,0.890067,5914.795759211,5914.795759211,508,711200,0.000000
90,0.900056,5914.805748552,5914.805748552,514,719600,0.000000
91,0.910086,5914.815777922,5914.815777922,520,728000,0.000000
92,0.920069,5914.825760828,5914.825760828,525,735000,0.000000
93,0.930064,5914.835755802,5914.835755802,531,743400,0.000000
94,0.940062,5914.845754544,5914.845754544,537,751800,0.000000
95,0.950068,5914.855759848,5914.855759848,542,758800,0.000000
96,0.960069,5914.865761080,5914.865761080,548,767200,0.000000
97,0.970062,5914.875754025,5914.875754025,554,775600,0.000000
98,0.980086,5914.885778302,5914.885778302,560,784000,0.000000
99,0.990087,5914.895779455,5914.895779455,565,791000,0.000000
100,1.000026,5914.905718137,5914.905718137,571,799400,0.000000
101,1.010061,5914.915753692,5914.915753692,577,807800,0.000000
102,1.020032,5914.925724171,5914.925724171,582,814800,0.000000
103,1.030071,5914.935763687,5914.935763687,588,823200,0.000000
104,1.040073,5914.945765139,5914.945765139,594,831600,0.000000
105,1.050072,5914.955763810,5914.955763810,600,840000,0.000000
106,1.060066,5914.965758388,5914.965758388,605,847000,0.000000
107,1.070063,5914.975755063,5914.975755063,611,855400,0.000000
108,1.080058,5914.985750314,5914.985750314,617,863800,0.000000
109,1.090067,5914.995759514,5914.995759514,622,870800,0.000000
110,1.100068,5915.005760542,5915.005760542,628,879200,0.000000
111,1.110053,5915.015744939,5915.015744939,634,887600,0.000000
112,1.120080,5915.025772185,5915.025772185,640,896000,0.000000
113,1.130069,5915.035761174,5915.035761174,645,903000,0.000000
114,1.140072,5915.045763879,5915.045763879,651,911400,0.000000
115,1.150059,5915.055751582,5915.055751582,657,919800,0.000000
116,1.160070,5915.065762495,5915.065762495,662,926800,0.000000
117,1.170066,5915.075758460,5915.075758460,668,935200,0.000000
118,1.180058,5915.085750446,5915.085750446,674,943600,0.000000
119,1.190069,5915.095760825,5915.095760825,680,952000,0.000000
120,1.200071,5915.105762842,5915.105762842,685,959000,0.000000
121,1.210073,5915.115764980,5915.115764980,691,967400,0.000000
122,1.220068,5915.125759832,5915.125759832,697,975800,0.000000
123,1.230069,5915.135761327,5915.135761327,702,982800,0.000000
124,1.240064,5915.145756738,5915.145756738,708,991200,0.000000
125,1.250063,5915.155755727,5915.155755727,714,999600,0.000000
126,1.260089,5915.165780790,5915.165780790,720,1008000,0.000000
127,1.270066,5915.175757799,5915.175757799,725,1015000,0.000000
128,1.280062,5915.185754515,5915.185754515,731,1023400,0.000000
129,1.290054,5915.195746312,5915.195746312,737,1031800,0.000000
130,1.300076,5915.205767947,5915.205767947,742,1038800,0.000000
131,1.310077,5915.215768876,5915.215768876,748,1047200,0.000000
132,1.320069,5915.225761007,5915.225761007,754,1055600,0.000000
133,1.330087,5915.235779706,5915.235779706,760,1064000,0.000000
134,1.340075,5915.245767161,5915.245767161,765,1071000,0.000000
135,1.350068,5915.255760611,5915.255760611,771,1079400,0.000000
136,1.360060,5915.265752084,5915.265752084,777,1087800,0.000000
137,1.370068,5915.275760345,5915.275760345,782,1094800,0.000000
138,1.380090,5915.285782487,5915.285782487,788,1103200,0.000000
139,1.390066,5915.295757961,5915.295757961,794,1111600,0.000000
140,1.400077,5915.305769330,5915.305769330,800,1120000,0.000000
141,1.410070,5915.315762670,5915.315762670,805,1127000,0.000000
142,1.420066,5915.325758236,5915.325758236,811,1135400,0.000000
143,1.430058,5915.335750431,5915.335750431,817,1143800,0.000000
144,1.440016,5915.345708567,5915.345708567,822,1150800,0.000000
145,1.450065,5915.355757222,5915.355757222,828,1159200,0.000000
146,1.460052,5915.365744346,5915.365744346,834,1167600,0.000000
147,1.470078,5915.375770563,5915.375770563,840,1176000,0.000000
148,1.480072,5915.385764411,5915.385764411,845,1183000,0.000000
149,1.490065,5915.395757371,5915.395757371,851,1191400,0.000000
150,1.500035,5915.405727411,5915.405727411,857,1199800,0.000000
151,1.510065,5915.415757732,5915.415757732,862,1206800,0.000000
152,1.520064,5915.425755846,5915.425755846,868,1215200,0.000000
153,1.530068,5915.435760743,5915.435760743,874,1223600,0.000000
154,1.540075,5915.445767665,5915.445767665,880,1232000,0.000000
155,1.550066,5915.455758315,5915.455758315,885,1239000,0.000000
156,1.560079,5915.465770839,5915.465770839,891,1247400,0.000000
157,1.570062,5915.475753928,5915.475753928,897,1255800,0.000000
158,1.580066,5915.485758005,5915.485758005,902,1262800,0.000000
159,1.590064,5915.495756060,5915.495756060,908,1271200,0.000000
160,1.600063,5915.505755126,5915.505755126,914,1279600,0.000000
161,1.610070,5915.515762249,5915.515762249,920,1288000,0.000000
162,1.620063,5915.525755340,5915.525755340,925,1295000,0.000000
163,1.630063,5915.535755005,5915.535755005,931,1303400,0.000000
164,1.640062,5915.545753971,5915.545753971,937,1311800,0.000000
165,1.650062,5915.555754439,5915.555754439,942,1318800,0.000000
166,1.660063,5915.565754983,5915.565754983,948,1327200,0.000000
167,1.670070,5915.575762359,5915.575762359,954,1335600,0.000000
168,1.680081,5915.585772767,5915.585772767,960,1344000,0.000000
169,1.690086,5915.595778409,5915.595778409,965,1351000,0.000000
170,1.700077,5915.605769296,5915.605769296,971,1359400,0.000000
171,1.710058,5915.615750739,5915.615750739,977,1367800,0.000000
172,1.720072,5915.625764024,5915.625764024,982,1374800,0.000000
173,1.730075,5915.635767332,5915.635767332,988,1383200,0.000000
174,1.740066,5915.645758219,5915.645758219,994,1391600,0.000000
175,1.750106,5915.655798165,5915.655798165,1000,1400000,0.000000
176,1.760066,5915.665757995,5915.665757995,1005,1407000,0.000000
177,1.770065,5915.675757731,5915.675757731,1011,1415400,0.000000
178,1.780091,5915.685783359,5915.685783359,1017,1423800,0.000000
179,1.790078,5915.695770529,5915.695770529,1022,1430800,0.000000
180,1.800067,5915.705758816,5915.705758816,1028,1439200,0.000000
181,1.810066,5915.715758355,5915.715758355,1034,1447600,0.000000
182,1.820074,5915.725766381,5915.725766381,1040,1456000,0.000000
183,1.830066,5915.735757931,5915.735757931,1045,1463000,0.000000
184,1.840066,5915.745757809,5915.745757809,1051,1471400,0.000000
185,1.850067,5915.755759042,5915.755759042,1057,1479800,0.000000
186,1.860063,5915.765755488,5915.765755488,1062,1486800,0.000000
187,1.870067,5915.775759548,5915.775759548,1068,1495200,0.000000
188,1.880063,5915.785755248,5915.785755248,1074,1503600,0.000000
189,1.890117,5915.795808939,5915.795808939,1080,1512000,0.000000
190,1.900067,5915.805758816,5915.805758816,1085,1519000,0.000000
191,1.910023,5915.815715004,5915.815715004,1091,1527400,0.000000
192,1.920062,5915.825753977,5915.825753977,1097,1535800,0.000000
193,1.930067,5915.835759430,5915.835759430,1102,1542800,0.000000
194,1.940063,5915.845755606,5915.845755606,1108,1551200,0.000000
195,1.950065,5915.855757262,5915.855757262,1114,1559600,0.000000
196,1.960083,5915.865775159,5915.865775159,1120,1568000,0.000000
197,1.970068,5915.875760245,5915.875760245,1125,1575000,0.000000
198,1.980074,5915.885765995,5915.885765995,1131,1583400,0.000000
199,1.990061,5915.895753702,5915.895753702,1137,1591800,0.000000
200,2.000064,5915.905756244,5915.905756244,1142,1598800,0.000000
201,2.010063,5915.915755053,5915.915755053,1148,1607200,0.000000
202,2.020062,5915.925754736,5915.925754736,1154,1615600,0.000000
203,2.030029,5915.935721175,5915.935721175,1160,1624000,0.000000
204,2.040065,5915.945757305,5915.945757305,1165,1631000,0.000000
205,2.050062,5915.955754512,5915.955754512,1171,1639400,0.000000
206,2.060021,5915.965713128,5915.965713128,1177,1647800,0.000000
207,2.070073,5915.975765703,5915.975765703,1182,1654800,0.000000
208,2.080067,5915.985759449,5915.985759449,1188,1663200,0.000000
209,2.090064,5915.995756312,5915.995756312,1194,1671600,0.000000
210,2.100079,5916.005771690,5916.005771690,1200,1680000,0.000000
211,2.110067,5916.015758908,5916.015758908,1205,1687000,0.000000
212,2.120071,5916.025763076,5916.025763076,1211,1695400,0.000000
213,2.130073,5916.035765382,5916.035765382,1217,1703800,0.000000
214,2.140065,5916.045756765,5916.045756765,1222,1710800,0.000000
215,2.150066,5916.055758567,5916.055758567,1228,1719200,0.000000
216,2.160064,5916.065755915,5916.065755915,1234,1727600,0.000000
217,2.170076,5916.075767800,5916.075767800,1240,1736000,0.000000
218,2.180070,5916.085762730,5916.085762730,1245,1743000,0.000000
219,2.190064,5916.095756022,5916.095756022,1251,1751400,0.000000
220,2.200062,5916.105753793,5916.105753793,1257,1759800,0.000000
221,2.210069,5916.115760775,5916.115760775,1262,1766800,0.000000
222,2.220073,5916.125764800,5916.125764800,1268,1775200,0.000000
223,2.230036,5916.135728149,5916.135728149,1274,1783600,0.000000
224,2.240036,5916.145727953,5916.145727953,1280,1792000,0.000000
225,2.250066,5916.155758199,5916.155758199,1285,1799000,0.000000
226,2.260065,5916.165756965,5916.165756965,1291,1807400,0.000000
227,2.270061,5916.175753081,5916.175753081,1297,1815800,0.000000
228,2.280069,5916.185761007,5916.185761007,1302,1822800,0.000000
229,2.290065,5916.195756945,5916.195756945,1308,1831200,0.000000
230,2.300063,5916.205755638,5916.205755638,1314,1839600,0.000000
231,2.310079,5916.215771139,5916.215771139,1320,1848000,0.000000
232,2.320065,5916.225757593,5916.225757593,1325,1855000,0.000000
233,2.330067,5916.235759061,5916.235759061,1331,1863400,0.000000
234,2.340061,5916.245753394,5916.245753394,1337,1871800,0.000000
235,2.350068,5916.255759871,5916.255759871,1342,1878800,0.000000
236,2.360066,5916.265758426,5916.265758426,1348,1887200,0.000000
237,2.370063,5916.275755216,5916.275755216,1354,1895600,0.000000
238,2.380079,5916.285771673,5916.285771673,1360,1904000,0.000000
239,2.390065,5916.295757258,5916.295757258,1365,1911000,0.000000
240,2.400064,5916.305756221,5916.305756221,1371,1919400,0.000000
241,2.410062,5916.315754658,5916.315754658,1377,1927800,0.000000
242,2.420069,5916.325761544,5916.325761544,1382,1934800,0.000000
243,2.430062,5916.335754447,5916.335754447,1388,1943200,0.000000
244,2.440076,5916.345768384,5916.345768384,1394,1951600,0.000000
245,2.450083,5916.355775275,5916.355775275,1400,1960000,0.000000
246,2.460071,5916.365763051,5916.365763051,1405,1967000,0.000000
247,2.470063,5916.375754959,5916.375754959,1411,1975400,0.000000
248,2.480068,5916.385760211,5916.385760211,1417,1983800,0.000000
249,2.490070,5916.395762697,5916.395762697,1422,1990800,0.000000
250,2.500077,5916.405769303,5916.405769303,1428,1999200,0.000000
251,2.510066,5916.415758219,5916.415758219,1434,2007600,0.000000
252,2.520080,5916.425772516,5916.425772516,1440,2016000,0.000000
253,2.530063,5916.435755417,5916.435755417,1445,2023000,0.000000
254,2.540067,5916.445759448,5916.445759448,1451,2031400,0.000000
255,2.550071,5916.455763260,5916.455763260,1457,2039800,0.000000
256,2.560075,5916.465766999,5916.465766999,1462,2046800,0.000000
257,2.570068,5916.475760101,5916.475760101,1468,2055200,0.000000
258,2.580069,5916.485761523,5916.485761523,1474,2063600,0.000000
259,2.590073,5916.495765036,5916.495765036,1480,2072000,0.000000
260,2.600067,5916.505759225,5916.505759225,1485,2079000,0.000000
261,2.610066,5916.515758413,5916.515758413,1491,2087400,0.000000
262,2.620062,5916.525754678,5916.525754678,1497,2095800,0.000000
263,2.630068,5916.535760492,5916.535760492,1502,2102800,0.000000
264,2.640085,5916.545777239,5916.545777239,1508,2111200,0.000000
265,2.650063,5916.555754857,5916.555754857,1514,2119600,0.000000
266,2.660075,5916.565766897,5916.565766897,1520,2128000,0.000000
267,2.670064,5916.575756639,5916.575756639,1525,2135000,0.000000
268,2.680062,5916.585754243,5916.585754243,1531,2143400,0.000000
269,2.690061,5916.595753668,5916.595753668,1537,2151800,0.000000
270,2.700065,5916.605757271,5916.605757271,1542,2158800,0.000000
271,2.710065,5916.615757345,5916.615757345,1548,2167200,0.000000
272,2.720064,5916.625756390,5916.625756390,1554,2175600,0.000000
273,2.730073,5916.635765297,5916.635765297,1560,2184000,0.000000
274,2.740067,5916.645759207,5916.645759207,1565,2191000,0.000000
275,2.750065,5916.655757682,5916.655757682,1571,2199400,0.000000
276,2.760063,5916.665755198,5916.665755198,1577,2207800,0.000000
277,2.770072,5916.675764391,5916.675764391,1582,2214800,0.000000
278,2.780066,5916.685758614,5916.685758614,1588,2223200,0.000000
279,2.790065,5916.695757625,5916.695757625,1594,2231600,0.000000
280,2.800083,5916.705775631,5916.705775631,1600,2240000,0.000000
281,2.810066,5916.715758460,5916.715758460,1605,2247000,0.000000
282,2.820066,5916.725758191,5916.725758191,1611,2255400,0.000000
283,2.830060,5916.735751749,5916.735751749,1617,2263800,0.000000
284,2.840065,5916.745757282,5916.745757282,1622,2270800,0.000000
285,2.850076,5916.755768686,5916.755768686,1628,2279200,0.000000
286,2.860064,5916.765756281,5916.765756281,1634,2287600,0.000000
287,2.870071,5916.775763682,5916.775763682,1640,2296000,0.000000
288,2.880064,5916.785756274,5916.785756274,1645,2303000,0.000000
289,2.890062,5916.795754232,5916.795754232,1651,2311400,0.000000
290,2.900061,5916.805753454,5916.805753454,1657,2319800,0.000000
291,2.910066,5916.815757912,5916.815757912,1662,2326800,0.000000
292,2.920068,5916.825759895,5916.825759895,1668,2335200,0.000000
293,2.930065,5916.835757016,5916.835757016,1674,2343600,0.000000
294,2.940075,5916.845766809,5916.845766809,1680,2352000,0.000000
295,2.950065,5916.855756899,5916.855756899,1685,2359000,0.000000
296,2.960066,5916.865757954,5916.865757954,1691,2367400,0.000000
297,2.970059,5916.875751082,5916.875751082,1697,2375800,0.000000
298,2.980070,5916.885761833,5916.885761833,1702,2382800,0.000000
299,2.990064,5916.895756201,5916.895756201,1708,2391200,0.000000
300,3.000063,5916.905755075,5916.905755075,1714,2399600,0.000000
301,3.010073,5916.915764989,5916.915764989,1720,2408000,0.000000
302,3.020064,5916.925756083,5916.925756083,1725,2415000,0.000000
303,3.030062,5916.935754392,5916.935754392,1731,2423400,0.000000
304,3.040017,5916.945709029,5916.945709029,1737,2431800,0.000000
305,3.050065,5916.955757322,5916.955757322,1742,2438800,0.000000
306,3.060067,5916.965758882,5916.965758882,1748,2447200,0.000000
307,3.070073,5916.975765544,5916.975765544,1754,2455600,0.000000
308,3.080081,5916.985773308,5916.985773308,1760,2464000,0.000000
309,3.090076,5916.995768167,5916.995768167,1765,2471000,0.000000
310,3.100065,5917.005756928,5917.005756928,1771,2479400,0.000000
311,3.110063,5917.015754901,5917.015754901,1777,2487800,0.000000
312,3.120066,5917.025757854,5917.025757854,1782,2494800,0.000000
313,3.130063,5917.035754977,5917.035754977,1788,2503200,0.000000
314,3.140038,5917.045730564,5917.045730564,1794,2511600,0.000000
315,3.150072,5917.055764261,5917.055764261,1800,2520000,0.000000
316,3.160064,5917.065756235,5917.065756235,1805,2527000,0.000000
317,3.170063,5917.075755503,5917.075755503,1811,2535400,0.000000
318,3.180058,5917.085750087,5917.085750087,1817,2543800,0.000000
319,3.190068,5917.095760030,5917.095760030,1822,2550800,0.000000
320,3.200066,5917.105758565,5917.105758565,1828,2559200,0.000000
321,3.210075,5917.115766781,5917.115766781,1834,2567600,0.000000
322,3.220084,5917.125776025,5917.125776025,1840,2576000,0.000000
323,3.230070,5917.135761925,5917.135761925,1845,2583000,0.000000
324,3.240084,5917.145775956,5917.145775956,1851,2591400,0.000000
325,3.250077,5917.155769273,5917.155769273,1857,2599800,0.000000
326,3.260074,5917.165765840,5917.165765840,1862,2606800,0.000000
327,3.270089,5917.175781623,5917.175781623,1868,2615200,0.000000
328,3.280071,5917.185762892,5917.185762892,1874,2623600,0.000000
329,3.290107,5917.195799041,5917.195799041,1880,2632000,0.000000
330,3.300071,5917.205762753,5917.205762753,1885,2639000,0.000000
331,3.310065,5917.215757667,5917.215757667,1891,2647400,0.000000
332,3.320081,5917.225773221,5917.225773221,1897,2655800,0.000000
333,3.330067,5917.235759209,5917.235759209,1902,2662800,0.000000
334,3.340046,5917.245738202,5917.245738202,1908,2671200,0.000000
335,3.350063,5917.255754911,5917.255754911,1914,2679600,0.000000
336,3.360079,5917.265770954,5917.265770954,1920,2688000,0.000000
337,3.370066,5917.275758418,5917.275758418,1925,2695000,0.000000
338,3.380065,5917.285757664,5917.285757664,1931,2703400,0.000000
339,3.390065,5917.295757371,5917.295757371,1937,2711800,0.000000
340,3.400071,5917.305763735,5917.305763735,1942,2718800,0.000000
341,3.410069,5917.315761378,5917.315761378,1948,2727200,0.000000
342,3.420068,5917.325759826,5917.325759826,1954,2735600,0.000000
343,3.430102,5917.335794314,5917.335794314,1960,2744000,0.000000
344,3.440064,5917.345755774,5917.345755774,1965,2751000,0.000000
345,3.450074,5917.355765867,5917.355765867,1971,2759400,0.000000
346,3.460060,5917.365751781,5917.365751781,1977,2767800,0.000000
347,3.470080,5917.375772253,5917.375772253,1982,2774800,0.000000
348,3.480071,5917.385762857,5917.385762857,1988,2783200,0.000000
349,3.490065,5917.395757570,5917.395757570,1994,2791600,0.000000
350,3.500098,5917.405789813,5917.405789813,2000,2800000,0.000000
351,3.510065,5917.415756945,5917.415756945,2005,2807000,0.000000
352,3.520064,5917.425756429,5917.425756429,2011,2815400,0.000000
353,3.530058,5917.435749900,5917.435749900,2017,2823800,0.000000
354,3.540071,5917.445763059,5917.445763059,2022,2830800,0.000000
355,3.550075,5917.455767327,5917.455767327,2028,2839200,0.000000
356,3.560083,5917.465774851,5917.465774851,2034,2847600,0.000000
357,3.570101,5917.475793237,5917.475793237,2040,2856000,0.000000
358,3.580065,5917.485757155,5917.485757155,2045,2863000,0.000000
359,3.590019,5917.495711399,5917.495711399,2051,2871400,0.000000
360,3.600066,5917.505758179,5917.505758179,2057,2879800,0.000000
361,3.610068,5917.515759982,5917.515759982,2062,2886800,0.000000
362,3.620068,5917.525759870,5917.525759870,2068,2895200,0.000000
363,3.630066,5917.535758585,5917.535758585,2074,2903600,0.000000
364,3.640073,5917.545765710,5917.545765710,2080,2912000,0.000000
365,3.650077,5917.555769299,5917.555769299,2085,2919000,0.000000
366,3.660066,5917.565757902,5917.565757902,2091,2927400,0.000000
367,3.670076,5917.575767956,5917.575767956,2097,2935800,0.000000
368,3.680017,5917.585708848,5917.585708848,2102,2942800,0.000000
369,3.690071,5917.595762982,5917.595762982,2108,2951200,0.000000
370,3.700069,5917.605761361,5917.605761361,2114,2959600,0.000000
371,3.710122,5917.615814010,5917.615814010,2120,2968000,0.000000
372,3.720074,5917.625766444,5917.625766444,2125,2975000,0.000000
373,3.730069,5917.635760946,5917.635760946,2131,2983400,0.000000
374,3.740068,5917.645759854,5917.645759854,2137,2991800,0.000000
375,3.750067,5917.655759655,5917.655759655,2142,2998800,0.000000
376,3.760064,5917.665756069,5917.665756069,2148,3007200,0.000000
377,3.770062,5917.675753884,5917.675753884,2154,3015600,0.000000
378,3.780077,5917.685768834,5917.685768834,2160,3024000,0.000000
379,3.790070,5917.695762125,5917.695762125,2165,3031000,0.000000
380,3.800063,5917.705755109,5917.705755109,2171,3039400,0.000000
381,3.810058,5917.715750467,5917.715750467,2177,3047800,0.000000
382,3.820060,5917.725752592,5917.725752592,2182,3054800,0.000000
383,3.830084,5917.735776116,5917.735776116,2188,3063200,0.000000
384,3.840066,5917.745757932,5917.745757932,2194,3071600,0.000000
385,3.850071,5917.755763688,5917.755763688,2200,3080000,0.000000
386,3.860066,5917.765758579,5917.765758579,2205,3087000,0.000000
387,3.870063,5917.775755068,5917.775755068,2211,3095400,0.000000
388,3.880064,5917.785756146,5917.785756146,2217,3103800,0.000000
389,3.890060,5917.795752598,5917.795752598,2222,3110800,0.000000
390,3.900071,5917.805762942,5917.805762942,2228,3119200,0.000000
391,3.910063,5917.815755548,5917.815755548,2234,3127600,0.000000
392,3.920081,5917.825773551,5917.825773551,2240,3136000,0.000000
393,3.930090,5917.835782564,5917.835782564,2245,3143000,0.000000
394,3.940069,5917.845761161,5917.845761161,2251,3151400,0.000000
395,3.950062,5917.855754136,5917.855754136,2257,3159800,0.000000
396,3.960059,5917.865751738,5917.865751738,2262,3166800,0.000000
397,3.970064,5917.875756544,5917.875756544,2268,3175200,0.000000
398,3.980065,5917.885757133,5917.885757133,2274,3183600,0.000000
399,3.990073,5917.895765368,5917.895765368,2280,3192000,0.000000
400,4.000065,5917.905757651,5917.905757651,2285,3199000,0.000000
401,4.010065,5917.915757622,5917.915757622,2291,3207400,0.000000
402,4.020058,5917.925750150,5917.925750150,2297,3215800,0.000000
403,4.030070,5917.935762135,5917.935762135,2302,3222800,0.000000
404,4.040070,5917.945762744,5917.945762744,2308,3231200,0.000000
405,4.050066,5917.955758378,5917.955758378,2314,3239600,0.000000
406,4.060082,5917.965774180,5917.965774180,2320,3248000,0.000000
407,4.070072,5917.975764575,5917.975764575,2325,3255000,0.000000
408,4.080066,5917.985757843,5917.985757843,2331,3263400,0.000000
409,4.090058,5917.995750565,5917.995750565,2337,3271800,0.000000
410,4.100059,5918.005751293,5918.005751293,2342,3278800,0.000000
411,4.110067,5918.015758889,5918.015758889,2348,3287200,0.000000
412,4.120065,5918.025757218,5918.025757218,2354,3295600,0.000000
413,4.130072,5918.035764477,5918.035764477,2360,3304000,0.000000
414,4.140067,5918.045759395,5918.045759395,2365,3311000,0.000000
415,4.150065,5918.055757437,5918.055757437,2371,3319400,0.000000
416,4.160059,5918.065751257,5918.065751257,2377,3327800,0.000000
417,4.170060,5918.075752491,5918.075752491,2382,3334800,0.000000
418,4.180066,5918.085758369,5918.085758369,2388,3343200,0.000000
419,4.190069,5918.095761260,5918.095761260,2394,3351600,0.000000
420,4.200082,5918.105773885,5918.105773885,2400,3360000,0.000000
421,4.210069,5918.115761070,5918.115761070,2405,3367000,0.000000
422,4.220064,5918.125756583,5918.125756583,2411,3375400,0.000000
423,4.230058,5918.135750162,5918.135750162,2417,3383800,0.000000
424,4.240061,5918.145752862,5918.145752862,2422,3390800,0.000000
425,4.250067,5918.155758745,5918.155758745,2428,3399200,0.000000
426,4.260064,5918.165755808,5918.165755808,2434,3407600,0.000000
427,4.270077,5918.175769662,5918.175769662,2440,3416000,0.000000
428,4.280066,5918.185758386,5918.185758386,2445,3423000,0.000000
429,4.290063,5918.195755427,5918.195755427,2451,3431400,0.000000
430,4.300058,5918.205750518,5918.205750518,2457,3439800,0.000000
431,4.310064,5918.215755916,5918.215755916,2462,3446800,0.000000
432,4.320075,5918.225766789,5918.225766789,2468,3455200,0.000000
433,4.330075,5918.235766789,5918.235766789,2474,3463600,0.000000
434,4.340081,5918.245773042,5918.245773042,2480,3472000,0.000000
435,4.350069,5918.255760763,5918.255760763,2485,3479000,0.000000
436,4.360064,5918.265755842,5918.265755842,2491,3487400,0.000000
437,4.370058,5918.275749937,5918.275749937,2497,3495800,0.000000
438,4.380060,5918.285751966,5918.285751966,2502,3502800,0.000000
439,4.390093,5918.295784798,5918.295784798,2508,3511200,0.000000
440,4.400065,5918.305756849,5918.305756849,2514,3519600,0.000000
441,4.410085,5918.315777641,5918.315777641,2520,3528000,0.000000
442,4.420067,5918.325759254,5918.325759254,2525,3535000,0.000000
443,4.430065,5918.335757502,5918.335757502,2531,3543400,0.000000
444,4.440062,5918.345753911,5918.345753911,2537,3551800,0.000000
445,4.450065,5918.355756950,5918.355756950,2542,3558800,0.000000
446,4.460078,5918.365770029,5918.365770029,2548,3567200,0.000000
447,4.470072,5918.375764449,5918.375764449,2554,3575600,0.000000
448,4.480083,5918.385774797,5918.385774797,2560,3584000,0.000000
449,4.490072,5918.395763967,5918.395763967,2565,3591000,0.000000
450,4.500064,5918.405756400,5918.405756400,2571,3599400,0.000000
451,4.510058,5918.415750143,5918.415750143,2577,3607800,0.000000
452,4.520068,5918.425759944,5918.425759944,2582,3614800,0.000000
453,4.530069,5918.435761298,5918.435761298,2588,3623200,0.000000
454,4.540065,5918.445757549,5918.445757549,2594,3631600,0.000000
455,4.550028,5918.455720440,5918.455720440,2600,3640000,0.000000
456,4.560086,5918.465777998,5918.465777998,2605,3647000,0.000000
457,4.570024,5918.475715803,5918.475715803,2611,3655400,0.000000
458,4.580024,5918.485716259,5918.485716259,2617,3663800,0.000000
459,4.590081,5918.495772984,5918.495772984,2622,3670800,0.000000
460,4.600066,5918.505758339,5918.505758339,2628,3679200,0.000000
461,4.610069,5918.515761452,5918.515761452,2634,3687600,0.000000
462,4.620076,5918.525768132,5918.525768132,2640,3696000,0.000000
463,4.630067,5918.535758809,5918.535758809,2645,3703000,0.000000
464,4.640066,5918.545757913,5918.545757913,2651,3711400,0.000000
465,4.650065,5918.555757299,5918.555757299,2657,3719800,0.000000
466,4.660067,5918.565758970,5918.565758970,2662,3726800,0.000000
467,4.670070,5918.575762177,5918.575762177,2668,3735200,0.000000
468,4.680068,5918.585759905,5918.585759905,2674,3743600,0.000000
469,4.690077,5918.595769623,5918.595769623,2680,3752000,0.000000
470,4.700071,5918.605763316,5918.605763316,2685,3759000,0.000000
471,4.710065,5918.615757060,5918.615757060,2691,3767400,0.000000
472,4.720061,5918.625753670,5918.625753670,2697,3775800,0.000000
473,4.730064,5918.635756743,5918.635756743,2702,3782800,0.000000
474,4.740068,5918.645760205,5918.645760205,2708,3791200,0.000000
475,4.750068,5918.655760057,5918.655760057,2714,3799600,0.000000
476,4.760069,5918.665761001,5918.665761001,2720,3808000,0.000000
477,4.770071,5918.675763574,5918.675763574,2725,3815000,0.000000
478,4.780068,5918.685760730,5918.685760730,2731,3823400,0.000000
479,4.790064,5918.695755994,5918.695755994,2737,3831800,0.000000
480,4.800072,5918.705764349,5918.705764349,2742,3838800,0.000000
481,4.810067,5918.715759461,5918.715759461,2748,3847200,0.000000
482,4.820065,5918.725756818,5918.725756818,2754,3855600,0.000000
483,4.830081,5918.735773257,5918.735773257,2760,3864000,0.000000
484,4.840066,5918.745757786,5918.745757786,2765,3871000,0.000000
485,4.850065,5918.755756777,5918.755756777,2771,3879400,0.000000
486,4.860064,5918.765756276,5918.765756276,2777,3887800,0.000000
487,4.870061,5918.775753694,5918.775753694,2782,3894800,0.000000
488,4.880065,5918.785757134,5918.785757134,2788,3903200,0.000000
489,4.890072,5918.795764566,5918.795764566,2794,3911600,0.000000
490,4.900080,5918.805771862,5918.805771862,2800,3920000,0.000000
491,4.910064,5918.815756134,5918.815756134,2805,3927000,0.000000
492,4.920067,5918.825759553,5918.825759553,2811,3935400,0.000000
493,4.930045,5918.835737647,5918.835737647,2817,3943800,0.000000
494,4.940066,5918.845758189,5918.845758189,2822,3950800,0.000000
495,4.950078,5918.855769886,5918.855769886,2828,3959200,0.000000
496,4.960064,5918.865756369,5918.865756369,2834,3967600,0.000000
497,4.970073,5918.875764895,5918.875764895,2840,3976000,0.000000
498,4.980064,5918.885756474,5918.885756474,2845,3983000,0.000000
499,4.990062,5918.895754321,5918.895754321,2851,3991400,0.000000
500,5.000058,5918.905749917,5918.905749917,2857,3999800,0.000000
501,5.010070,5918.915762705,5918.915762705,2862,4006800,0.000000
502,5.020063,5918.925754934,5918.925754934,2868,4015200,0.000000
503,5.030062,5918.935754471,5918.935754471,2874,4023600,0.000000
504,5.040073,5918.945765505,5918.945765505,2880,4032000,0.000000
505,5.050064,5918.955756373,5918.955756373,2885,4039000,0.000000
506,5.060065,5918.965757673,5918.965757673,2891,4047400,0.000000
507,5.070058,5918.975750710,5918.975750710,2897,4055800,0.000000
508,5.080030,5918.985722285,5918.985722285,2902,4062800,0.000000
509,5.090064,5918.995755859,5918.995755859,2908,4071200,0.000000
510,5.100063,5919.005754820,5919.005754820,2914,4079600,0.000000
511,5.110071,5919.015763408,5919.015763408,2920,4088000,0.000000
512,5.120067,5919.025759158,5919.025759158,2925,4095000,0.000000
513,5.130063,5919.035755086,5919.035755086,2931,4103400,0.000000
514,5.140066,5919.045758420,5919.045758420,2937,4111800,0.000000
515,5.150071,5919.055763443,5919.055763443,2942,4118800,0.000000
516,5.160061,5919.065753348,5919.065753348,2948,4127200,0.000000
517,5.170064,5919.075756223,5919.075756223,2954,4135600,0.000000
518,5.180110,5919.085802635,5919.085802635,2960,4144000,0.000000
519,5.190071,5919.095762945,5919.095762945,2965,4151000,0.000000
520,5.200066,5919.105758414,5919.105758414,2971,4159400,0.000000
521,5.210068,5919.115760009,5919.115760009,2977,4167800,0.000000
522,5.220068,5919.125759927,5919.125759927,2982,4174800,0.000000
523,5.230064,5919.135756357,5919.135756357,2988,4183200,0.000000
524,5.240064,5919.145755791,5919.145755791,2994,4191600,0.000000
525,5.250075,5919.155767722,5919.155767722,3000,4200000,0.000000
526,5.260068,5919.165760409,5919.165760409,3005,4207000,0.000000
527,5.270063,5919.175755076,5919.175755076,3011,4215400,0.000000
528,5.280051,5919.185743053,5919.185743053,3017,4223800,0.000000
529,5.290068,5919.195759929,5919.195759929,3022,4230800,0.000000
530,5.300065,5919.205757678,5919.205757678,3028,4239200,0.000000
531,5.310064,5919.215756725,5919.215756725,3034,4247600,0.000000
532,5.320081,5919.225773415,5919.225773415,3040,4256000,0.000000
533,5.330063,5919.235755736,5919.235755736,3045,4263000,0.000000
534,5.340065,5919.245757295,5919.245757295,3051,4271400,0.000000
535,5.350057,5919.255749689,5919.255749689,3057,4279800,0.000000
536,5.360067,5919.265758966,5919.265758966,3062,4286800,0.000000
537,5.370062,5919.275754598,5919.275754598,3068,4295200,0.000000
538,5.380040,5919.285732706,5919.285732706,3074,4303600,0.000000
539,5.390079,5919.295770748,5919.295770748,3080,4312000,0.000000
540,5.400066,5919.305758053,5919.305758053,3085,4319000,0.000000
541,5.410073,5919.315765555,5919.315765555,3091,4327400,0.000000
542,5.420064,5919.325756113,5919.325756113,3097,4335800,0.000000
543,5.430066,5919.335758330,5919.335758330,3102,4342800,0.000000
544,5.440073,5919.345764977,5919.345764977,3108,4351200,0.000000
545,5.450068,5919.355760623,5919.355760623,3114,4359600,0.000000
546,5.460080,5919.365772416,5919.365772416,3120,4368000,0.000000
547,5.470060,5919.375752284,5919.375752284,3125,4375000,0.000000
548,5.480084,5919.385775906,5919.385775906,3131,4383400,0.000000
549,5.490063,5919.395755487,5919.395755487,3137,4391800,0.000000
550,5.500065,5919.405757611,5919.405757611,3142,4398800,0.000000
551,5.510065,5919.415757025,5919.415757025,3148,4407200,0.000000
552,5.520062,5919.425753929,5919.425753929,3154,4415600,0.000000
553,5.530076,5919.435768076,5919.435768076,3160,4424000,0.000000
554,5.540065,5919.445757254,5919.445757254,3165,4431000,0.000000
555,5.550065,5919.455756929,5919.455756929,3171,4439400,0.000000
556,5.560065,5919.465757441,5919.465757441,3177,4447800,0.000000
557,5.570061,5919.475752958,5919.475752958,3182,4454800,0.000000
558,5.580065,5919.485757174,5919.485757174,3188,4463200,0.000000
559,5.590038,5919.495730465,5919.495730465,3194,4471600,0.000000
560,5.600023,5919.505715304,5919.505715304,3200,4480000,0.000000
561,5.610068,5919.515760469,5919.515760469,3205,4487000,0.000000
562,5.620065,5919.525757005,5919.525757005,3211,4495400,0.000000
563,5.630066,5919.535758644,5919.535758644,3217,4503800,0.000000
564,5.640063,5919.545755550,5919.545755550,3222,4510800,0.000000
565,5.650070,5919.555762277,5919.555762277,3228,4519200,0.000000
566,5.660067,5919.565759302,5919.565759302,3234,4527600,0.000000
567,5.670076,5919.575767938,5919.575767938,3240,4536000,0.000000
568,5.680070,5919.585762371,5919.585762371,3245,4543000,0.000000
569,5.690070,5919.595762105,5919.595762105,3251,4551400,0.000000
570,5.700062,5919.605754563,5919.605754563,3257,4559800,0.000000
571,5.710066,5919.615758712,5919.615758712,3262,4566800,0.000000
572,5.720066,5919.625758172,5919.625758172,3268,4575200,0.000000
573,5.730063,5919.635754992,5919.635754992,3274,4583600,0.000000
574,5.740048,5919.645740078,5919.645740078,3280,4592000,0.000000
575,5.750052,5919.655744581,5919.655744581,3285,4599000,0.000000
576,5.760064,5919.665756553,5919.665756553,3291,4607400,0.000000
577,5.770065,5919.675757477,5919.675757477,3297,4615800,0.000000
578,5.780064,5919.685756378,5919.685756378,3302,4622800,0.000000
579,5.790060,5919.695752090,5919.695752090,3308,4631200,0.000000
580,5.800063,5919.705755401,5919.705755401,3314,4639600,0.000000
581,5.810029,5919.715720763,5919.715720763,3320,4648000,0.000000
582,5.820065,5919.725757224,5919.725757224,3325,4655000,0.000000
583,5.830078,5919.735770587,5919.735770587,3331,4663400,0.000000
584,5.840059,5919.745751138,5919.745751138,3337,4671800,0.000000
585,5.850075,5919.755767223,5919.755767223,3342,4678800,0.000000
586,5.860071,5919.765762939,5919.765762939,3348,4687200,0.000000
587,5.870043,5919.775734933,5919.775734933,3354,4695600,0.000000
588,5.880076,5919.785767812,5919.785767812,3360,4704000,0.000000
589,5.890078,5919.795769990,5919.795769990,3365,4711000,0.000000
590,5.900067,5919.805759146,5919.805759146,3371,4719400,0.000000
591,5.910063,5919.815755340,5919.815755340,3377,4727800,0.000000
592,5.920054,5919.825746608,5919.825746608,3382,4734800,0.000000
593,5.930068,5919.835760005,5919.835760005,3388,4743200,0.000000
594,5.940068,5919.845760380,5919.845760380,3394,4751600,0.000000
595,5.950099,5919.855790786,5919.855790786,3400,4760000,0.000000
596,5.960076,5919.865768084,5919.865768084,3405,4767000,0.000000
597,5.970066,5919.875758307,5919.875758307,3411,4775400,0.000000
598,5.980060,5919.885752477,5919.885752477,3417,4783800,0.000000
599,5.990090,5919.895782744,5919.895782744,3422,4790800,0.000000
600,6.000068,5919.905760264,5919.905760264,3428,4799200,0.000000
601,6.010059,5919.915751104,5919.915751104,3434,4807600,0.000000
602,6.020078,5919.925769865,5919.925769865,3440,4816000,0.000000
603,6.030065,5919.935756861,5919.935756861,3445,4823000,0.000000
604,6.040088,5919.945780411,5919.945780411,3451,4831400,0.000000
605,6.050059,5919.955750981,5919.955750981,3457,4839800,0.000000
606,6.060066,5919.965758227,5919.965758227,3462,4846800,0.000000
607,6.070068,5919.975760285,5919.975760285,3468,4855200,0.000000
608,6.080059,5919.985751405,5919.985751405,3474,4863600,0.000000
609,6.090082,5919.995774225,5919.995774225,3480,4872000,0.000000
610,6.100069,5920.005761059,5920.005761059,3485,4879000,0.000000
611,6.110065,5920.015756764,5920.015756764,3491,4887400,0.000000
612,6.120069,5920.025761104,5920.025761104,3497,4895800,0.000000
613,6.130068,5920.035760706,5920.035760706,3502,4902800,0.000000
614,6.140063,5920.045755063,5920.045755063,3508,4911200,0.000000
615,6.150074,5920.055766661,5920.055766661,3514,4919600,0.000000
616,6.160086,5920.065778177,5920.065778177,3520,4928000,0.000000
617,6.170068,5920.075759749,5920.075759749,3525,4935000,0.000000
618,6.180067,5920.085759423,5920.085759423,3531,4943400,0.000000
619,6.190067,5920.095758876,5920.095758876,3537,4951800,0.000000
620,6.200066,5920.105758368,5920.105758368,3542,4958800,0.000000
621,6.210065,5920.115757049,5920.115757049,3548,4967200,0.000000
622,6.220059,5920.125751602,5920.125751602,3554,4975600,0.000000
623,6.230070,5920.135762743,5920.135762743,3560,4984000,0.000000
624,6.240065,5920.145757441,5920.145757441,3565,4991000,0.000000
625,6.250068,5920.155760153,5920.155760153,3571,4999400,0.000000
626,6.260058,5920.165750299,5920.165750299,3577,5007800,0.000000
627,6.270066,5920.175757833,5920.175757833,3582,5014800,0.000000
628,6.280068,5920.185759751,5920.185759751,3588,5023200,0.000000
629,6.290058,5920.195749849,5920.195749849,3594,5031600,0.000000
630,6.300112,5920.205804674,5920.205804674,3600,5040000,0.000000
631,6.310067,5920.215759150,5920.215759150,3605,5047000,0.000000
632,6.320064,5920.225755848,5920.225755848,3611,5055400,0.000000
633,6.330058,5920.235750109,5920.235750109,3617,5063800,0.000000
634,6.340064,5920.245756037,5920.245756037,3622,5070800,0.000000
635,6.350065,5920.255756998,5920.255756998,3628,5079200,0.000000
636,6.360063,5920.265755250,5920.265755250,3634,5087600,0.000000
637,6.370072,5920.275763840,5920.275763840,3640,5096000,0.000000
638,6.380069,5920.285761558,5920.285761558,3645,5103000,0.000000
639,6.390086,5920.295777903,5920.295777903,3651,5111400,0.000000
640,6.400064,5920.305756386,5920.305756386,3657,5119800,0.000000
641,6.410064,5920.315756053,5920.315756053,3662,5126800,0.000000
642,6.420069,5920.325761355,5920.325761355,3668,5135200,0.000000
643,6.430064,5920.335756278,5920.335756278,3674,5143600,0.000000
644,6.440074,5920.345766010,5920.345766010,3680,5152000,0.000000
645,6.450061,5920.355752821,5920.355752821,3685,5159000,0.000000
646,6.460065,5920.365757581,5920.365757581,3691,5167400,0.000000
647,6.470058,5920.375750668,5920.375750668,3697,5175800,0.000000
648,6.480059,5920.385751688,5920.385751688,3702,5182800,0.000000
649,6.490064,5920.395755947,5920.395755947,3708,5191200,0.000000
650,6.500063,5920.405754862,5920.405754862,3714,5199600,0.000000
651,6.510070,5920.415762002,5920.415762002,3720,5208000,0.000000
652,6.520065,5920.425756770,5920.425756770,3725,5215000,0.000000
653,6.530064,5920.435755792,5920.435755792,3731,5223400,0.000000
654,6.540058,5920.445750007,5920.445750007,3737,5231800,0.000000
655,6.550066,5920.455758282,5920.455758282,3742,5238800,0.000000
656,6.560073,5920.465765454,5920.465765454,3748,5247200,0.000000
657,6.570062,5920.475754513,5920.475754513,3754,5255600,0.000000
658,6.580075,5920.485767195,5920.485767195,3760,5264000,0.000000
659,6.590055,5920.495747353,5920.495747353,3765,5271000,0.000000
660,6.600066,5920.505758641,5920.505758641,3771,5279400,0.000000
661,6.610064,5920.515756138,5920.515756138,3777,5287800,0.000000
662,6.620071,5920.525763041,5920.525763041,3782,5294800,0.000000
663,6.630064,5920.535756617,5920.535756617,3788,5303200,0.000000
664,6.640064,5920.545756374,5920.545756374,3794,5311600,0.000000
665,6.650075,5920.555767459,5920.555767459,3800,5320000,0.000000
666,6.660067,5920.565758911,5920.565758911,3805,5327000,0.000000
667,6.670067,5920.575759410,5920.575759410,3811,5335400,0.000000
668,6.680058,5920.585750407,5920.585750407,3817,5343800,0.000000
669,6.690066,5920.595758672,5920.595758672,3822,5350800,0.000000
670,6.700058,5920.605750691,5920.605750691,3828,5359200,0.000000
671,6.710066,5920.615758562,5920.615758562,3834,5367600,0.000000
672,6.720075,5920.625767345,5920.625767345,3840,5376000,0.000000
673,6.730073,5920.635764883,5920.635764883,3845,5383000,0.000000
674,6.740069,5920.645760905,5920.645760905,3851,5391400,0.000000
675,6.750064,5920.655756329,5920.655756329,3857,5399800,0.000000
676,6.760070,5920.665762292,5920.665762292,3862,5406800,0.000000
677,6.770077,5920.675769478,5920.675769478,3868,5415200,0.000000
678,6.780063,5920.685755646,5920.685755646,3874,5423600,0.000000
679,6.790077,5920.695769719,5920.695769719,3880,5432000,0.000000
680,6.800068,5920.705760346,5920.705760346,3885,5439000,0.000000
681,6.810069,5920.715761338,5920.715761338,3891,5447400,0.000000
682,6.820069,5920.725761023,5920.725761023,3897,5455800,0.000000
683,6.830063,5920.735755420,5920.735755420,3902,5462800,0.000000
684,6.840066,5920.745758202,5920.745758202,3908,5471200,0.000000
685,6.850070,5920.755762581,5920.755762581,3914,5479600,0.000000
686,6.860086,5920.765778136,5920.765778136,3920,5488000,0.000000
687,6.870068,5920.775760634,5920.775760634,3925,5495000,0.000000
688,6.880066,5920.785758014,5920.785758014,3931,5503400,0.000000
689,6.890061,5920.795753522,5920.795753522,3937,5511800,0.000000
690,6.900067,5920.805759261,5920.805759261,3942,5518800,0.000000
691,6.910068,5920.815759894,5920.815759894,3948,5527200,0.000000
692,6.920068,5920.825760346,5920.825760346,3954,5535600,0.000000
693,6.930079,5920.835770876,5920.835770876,3960,5544000,0.000000
694,6.940076,5920.845768597,5920.845768597,3965,5551000,0.000000
695,6.950057,5920.855749134,5920.855749134,3971,5559400,0.000000
696,6.960064,5920.865756743,5920.865756743,3977,5567800,0.000000
697,6.970080,5920.875771861,5920.875771861,3982,5574800,0.000000
698,6.980066,5920.885758143,5920.885758143,3988,5583200,0.000000
699,6.990065,5920.895756919,5920.895756919,3994,5591600,0.000000
700,7.000076,5920.905768741,5920.905768741,4000,5600000,0.000000
701,7.010068,5920.915759955,5920.915759955,4005,5607000,0.000000
702,7.020065,5920.925756890,5920.925756890,4011,5615400,0.000000
703,7.030066,5920.935757863,5920.935757863,4017,5623800,0.000000
704,7.040067,5920.945758941,5920.945758941,4022,5630800,0.000000
705,7.050071,5920.955762929,5920.955762929,4028,5639200,0.000000
706,7.060068,5920.965760250,5920.965760250,4034,5647600,0.000000
707,7.070070,5920.975762672,5920.975762672,4040,5656000,0.000000
708,7.080064,5920.985756293,5920.985756293,4045,5663000,0.000000
709,7.090063,5920.995755443,5920.995755443,4051,5671400,0.000000
710,7.100064,5921.005756187,5921.005756187,4057,5679800,0.000000
711,7.110069,5921.015761429,5921.015761429,4062,5686800,0.000000
712,7.120068,5921.025760410,5921.025760410,4068,5695200,0.000000
713,7.130067,5921.035759118,5921.035759118,4074,5703600,0.000000
714,7.140080,5921.045772371,5921.045772371,4080,5712000,0.000000
715,7.150065,5921.055757336,5921.055757336,4085,5719000,0.000000
716,7.160077,5921.065769111,5921.065769111,4091,5727400,0.000000
717,7.170055,5921.075747217,5921.075747217,4097,5735800,0.000000
718,7.180075,5921.085767570,5921.085767570,4102,5742800,0.000000
719,7.190069,5921.095760958,5921.095760958,4108,5751200,0.000000
720,7.200069,5921.105761248,5921.105761248,4114,5759600,0.000000
721,7.210045,5921.115737145,5921.115737145,4120,5768000,0.000000
722,7.220076,5921.125767923,5921.125767923,4125,5775000,0.000000
723,7.230071,5921.135763006,5921.135763006,4131,5783400,0.000000
724,7.240064,5921.145756405,5921.145756405,4137,5791800,0.000000
725,7.250061,5921.155753210,5921.155753210,4142,5798800,0.000000
726,7.260067,5921.165759736,5921.165759736,4148,5807200,0.000000
727,7.270067,5921.175759282,5921.175759282,4154,5815600,0.000000
728,7.280094,5921.185786681,5921.185786681,4160,5824000,0.000000
729,7.290087,5921.195778873,5921.195778873,4165,5831000,0.000000
730,7.300075,5921.205766782,5921.205766782,4171,5839400,0.000000
731,7.310060,5921.215752511,5921.215752511,4177,5847800,0.000000
732,7.320068,5921.225760280,5921.225760280,4182,5854800,0.000000
733,7.330091,5921.235782774,5921.235782774,4188,5863200,0.000000
734,7.340066,5921.245757996,5921.245757996,4194,5871600,0.000000
735,7.350078,5921.255770330,5921.255770330,4200,5880000,0.000000
736,7.360079,5921.265771214,5921.265771214,4205,5887000,0.000000
737,7.370067,5921.275759422,5921.275759422,4211,5895400,0.000000
738,7.380058,5921.285750713,5921.285750713,4217,5903800,0.000000
739,7.390070,5921.295762104,5921.295762104,4222,5910800,0.000000
740,7.400094,5921.305786052,5921.305786052,4228,5919200,0.000000
741,7.410063,5921.315754857,5921.315754857,4234,5927600,0.000000
742,7.420076,5921.325768659,5921.325768659,4240,5936000,0.000000
743,7.430074,5921.335766358,5921.335766358,4245,5943000,0.000000
744,7.440084,5921.345776035,5921.345776035,4251,5951400,0.000000
745,7.450058,5921.355750380,5921.355750380,4257,5959800,0.000000
746,7.460059,5921.365750878,5921.365750878,4262,5966800,0.000000
747,7.470065,5921.375757697,5921.375757697,4268,5975200,0.000000
748,7.480064,5921.385756545,5921.385756545,4274,5983600,0.000000
749,7.490073,5921.395765510,5921.395765510,4280,5992000,0.000000
750,7.500064,5921.405756578,5921.405756578,4285,5999000,0.000000
751,7.510064,5921.415756297,5921.415756297,4291,6007400,0.000000
752,7.520059,5921.425751644,5921.425751644,4297,6015800,0.000000
753,7.530060,5921.435752349,5921.435752349,4302,6022800,0.000000
754,7.540067,5921.445758948,5921.445758948,4308,6031200,0.000000
755,7.550068,5921.455760546,5921.455760546,4314,6039600,0.000000
756,7.560088,5921.465780497,5921.465780497,4320,6048000,0.000000
757,7.570064,5921.475756142,5921.475756142,4325,6055000,0.000000
758,7.580065,5921.485757423,5921.485757423,4331,6063400,0.000000
759,7.590059,5921.495750794,5921.495750794,4337,6071800,0.000000
760,7.600066,5921.505758263,5921.505758263,4342,6078800,0.000000
761,7.610057,5921.515749083,5921.515749083,4348,6087200,0.000000
762,7.620051,5921.525743103,5921.525743103,4354,6095600,0.000000
763,7.630065,5921.535757445,5921.535757445,4360,6104000,0.000000
764,7.640070,5921.545761822,5921.545761822,4365,6111000,0.000000
765,7.650068,5921.555760357,5921.555760357,4371,6119400,0.000000
766,7.660062,5921.565754155,5921.565754155,4377,6127800,0.000000
767,7.670065,5921.575757474,5921.575757474,4382,6134800,0.000000
768,7.680078,5921.585770531,5921.585770531,4388,6143200,0.000000
769,7.690063,5921.595755601,5921.595755601,4394,6151600,0.000000
770,7.700101,5921.605793307,5921.605793307,4400,6160000,0.000000
771,7.710075,5921.615767683,5921.615767683,4405,6167000,0.000000
772,7.720070,5921.625762511,5921.625762511,4411,6175400,0.000000
773,7.730062,5921.635753975,5921.635753975,4417,6183800,0.000000
774,7.740067,5921.645759622,5921.645759622,4422,6190800,0.000000
775,7.750059,5921.655750997,5921.655750997,4428,6199200,0.000000
776,7.760063,5921.665755721,5921.665755721,4434,6207600,0.000000
777,7.770075,5921.675767594,5921.675767594,4440,6216000,0.000000
778,7.780068,5921.685759965,5921.685759965,4445,6223000,0.000000
779,7.790069,5921.695760921,5921.695760921,4451,6231400,0.000000
780,7.800062,5921.705753835,5921.705753835,4457,6239800,0.000000
781,7.810066,5921.715758694,5921.715758694,4462,6246800,0.000000
782,7.820065,5921.725757410,5921.725757410,4468,6255200,0.000000
783,7.830068,5921.735760578,5921.735760578,4474,6263600,0.000000
784,7.840076,5921.745768325,5921.745768325,4480,6272000,0.000000
785,7.850091,5921.755783366,5921.755783366,4485,6279000,0.000000
786,7.860068,5921.765760254,5921.765760254,4491,6287400,0.000000
787,7.870065,5921.775757045,5921.775757045,4497,6295800,0.000000
788,7.880071,5921.785763344,5921.785763344,4502,6302800,0.000000
789,7.890064,5921.795756105,5921.795756105,4508,6311200,0.000000
790,7.900063,5921.805754951,5921.805754951,4514,6319600,0.000000
791,7.910086,5921.815777970,5921.815777970,4520,6328000,0.000000
792,7.920065,5921.825757593,5921.825757593,4525,6335000,0.000000
793,7.930065,5921.835757609,5921.835757609,4531,6343400,0.000000
794,7.940062,5921.845753757,5921.845753757,4537,6351800,0.000000
795,7.950068,5921.855760379,5921.855760379,4542,6358800,0.000000
796,7.960064,5921.865756218,5921.865756218,4548,6367200,0.000000
797,7.970061,5921.875753357,5921.875753357,4554,6375600,0.000000
798,7.980071,5921.885763254,5921.885763254,4560,6384000,0.000000
799,7.990068,5921.895759809,5921.895759809,4565,6391000,0.000000
800,8.000064,5921.905755950,5921.905755950,4571,6399400,0.000000
801,8.010058,5921.915750260,5921.915750260,4577,6407800,0.000000
802,8.020065,5921.925757321,5921.925757321,4582,6414800,0.000000
803,8.030031,5921.935723710,5921.935723710,4588,6423200,0.000000
804,8.040060,5921.945752627,5921.945752627,4594,6431600,0.000000
805,8.050085,5921.955777687,5921.955777687,4600,6440000,0.000000
806,8.060062,5921.965754738,5921.965754738,4605,6447000,0.000000
807,8.070066,5921.975758573,5921.975758573,4611,6455400,0.000000
808,8.080076,5921.985768609,5921.985768609,4617,6463800,0.000000
809,8.090067,5921.995759556,5921.995759556,4622,6470800,0.000000
810,8.100070,5922.005762422,5922.005762422,4628,6479200,0.000000
811,8.110063,5922.015755289,5922.015755289,4634,6487600,0.000000
812,8.120075,5922.025766840,5922.025766840,4640,6496000,0.000000
813,8.130075,5922.035767423,5922.035767423,4645,6503000,0.000000
814,8.140068,5922.045760661,5922.045760661,4651,6511400,0.000000
815,8.150058,5922.055750040,5922.055750040,4657,6519800,0.000000
816,8.160070,5922.065762696,5922.065762696,4662,6526800,0.000000
817,8.170059,5922.075751408,5922.075751408,4668,6535200,0.000000
818,8.180052,5922.085744350,5922.085744350,4674,6543600,0.000000
819,8.190061,5922.095753046,5922.095753046,4680,6552000,0.000000
820,8.200066,5922.105757869,5922.105757869,4685,6559000,0.000000
821,8.210064,5922.115756138,5922.115756138,4691,6567400,0.000000
822,8.220058,5922.125750304,5922.125750304,4697,6575800,0.000000
823,8.230048,5922.135740057,5922.135740057,4702,6582800,0.000000
824,8.240067,5922.145759173,5922.145759173,4708,6591200,0.000000
825,8.250063,5922.155755371,5922.155755371,4714,6599600,0.000000
826,8.260074,5922.165766558,5922.165766558,4720,6608000,0.000000
827,8.270065,5922.175757009,5922.175757009,4725,6615000,0.000000
828,8.280066,5922.185757966,5922.185757966,4731,6623400,0.000000
829,8.290066,5922.195757816,5922.195757816,4737,6631800,0.000000
830,8.300069,5922.205761112,5922.205761112,4742,6638800,0.000000
831,8.310079,5922.215771063,5922.215771063,4748,6647200,0.000000
832,8.320058,5922.225750406,5922.225750406,4754,6655600,0.000000
833,8.330077,5922.235769702,5922.235769702,4760,6664000,0.000000
834,8.340067,5922.245759432,5922.245759432,4765,6671000,0.000000
835,8.350063,5922.255754925,5922.255754925,4771,6679400,0.000000
836,8.360064,5922.265756585,5922.265756585,4777,6687800,0.000000
837,8.370067,5922.275759400,5922.275759400,4782,6694800,0.000000
838,8.380065,5922.285757361,5922.285757361,4788,6703200,0.000000
839,8.390051,5922.295743121,5922.295743121,4794,6711600,0.000000
840,8.400077,5922.305769221,5922.305769221,4800,6720000,0.000000
841,8.410064,5922.315756490,5922.315756490,4805,6727000,0.000000
842,8.420063,5922.325755172,5922.325755172,4811,6735400,0.000000
843,8.430062,5922.335754030,5922.335754030,4817,6743800,0.000000
844,8.440070,5922.345761906,5922.345761906,4822,6750800,0.000000
845,8.450068,5922.355759957,5922.355759957,4828,6759200,0.000000
846,8.460062,5922.365754362,5922.365754362,4834,6767600,0.000000
847,8.470060,5922.375752561,5922.375752561,4840,6776000,0.000000
848,8.480067,5922.385759277,5922.385759277,4845,6783000,0.000000
849,8.490067,5922.395759409,5922.395759409,4851,6791400,0.000000
850,8.500064,5922.405755983,5922.405755983,4857,6799800,0.000000
851,8.510063,5922.415755624,5922.415755624,4862,6806800,0.000000
852,8.520065,5922.425756899,5922.425756899,4868,6815200,0.000000
853,8.530062,5922.435754509,5922.435754509,4874,6823600,0.000000
854,8.540092,5922.445784621,5922.445784621,4880,6832000,0.000000
855,8.550064,5922.455756131,5922.455756131,4885,6839000,0.000000
856,8.560064,5922.465756730,5922.465756730,4891,6847400,0.000000
857,8.570062,5922.475753879,5922.475753879,4897,6855800,0.000000
858,8.580072,5922.485764201,5922.485764201,4902,6862800,0.000000
859,8.590064,5922.495755863,5922.495755863,4908,6871200,0.000000
860,8.600063,5922.505754877,5922.505754877,4914,6879600,0.000000
861,8.610080,5922.515772522,5922.515772522,4920,6888000,0.000000
862,8.620039,5922.525731705,5922.525731705,4925,6895000,0.000000
863,8.630063,5922.535754881,5922.535754881,4931,6903400,0.000000
864,8.640058,5922.545750664,5922.545750664,4937,6911800,0.000000
865,8.650069,5922.555761408,5922.555761408,4942,6918800,0.000000
866,8.660070,5922.565761896,5922.565761896,4948,6927200,0.000000
867,8.670068,5922.575760355,5922.575760355,4954,6935600,0.000000
868,8.680086,5922.585778232,5922.585778232,4960,6944000,0.000000
869,8.690062,5922.595754294,5922.595754294,4965,6951000,0.000000
870,8.700066,5922.605758035,5922.605758035,4971,6959400,0.000000
871,8.710062,5922.615753988,5922.615753988,4977,6967800,0.000000
872,8.720010,5922.625702315,5922.625702315,4982,6974800,0.000000
873,8.730062,5922.635754564,5922.635754564,4988,6983200,0.000000
874,8.740067,5922.645759278,5922.645759278,4994,6991600,0.000000
875,8.750078,5922.655769779,5922.655769779,5000,7000000,0.000000
876,8.760064,5922.665756545,5922.665756545,5005,7007000,0.000000
877,8.770071,5922.675763393,5922.675763393,5011,7015400,0.000000
878,8.780063,5922.685754925,5922.685754925,5017,7023800,0.000000
879,8.790065,5922.695757517,5922.695757517,5022,7030800,0.000000
880,8.800064,5922.705756147,5922.705756147,5028,7039200,0.000000
881,8.810074,5922.715766742,5922.715766742,5034,7047600,0.000000
882,8.820094,5922.725786646,5922.725786646,5040,7056000,0.000000
883,8.830065,5922.735757060,5922.735757060,5045,7063000,0.000000
884,8.840064,5922.745756440,5922.745756440,5051,7071400,0.000000
885,8.850058,5922.755750469,5922.755750469,5057,7079800,0.000000
886,8.860067,5922.765758939,5922.765758939,5062,7086800,0.000000
887,8.870067,5922.775759344,5922.775759344,5068,7095200,0.000000
888,8.880065,5922.785756946,5922.785756946,5074,7103600,0.000000
889,8.890080,5922.795772343,5922.795772343,5080,7112000,0.000000
890,8.900060,5922.805752731,5922.805752731,5085,7119000,0.000000
891,8.910066,5922.815758224,5922.815758224,5091,7127400,0.000000
892,8.920062,5922.825754619,5922.825754619,5097,7135800,0.000000
893,8.930066,5922.835758040,5922.835758040,5102,7142800,0.000000
894,8.940061,5922.845753732,5922.845753732,5108,7151200,0.000000
895,8.950056,5922.855747867,5922.855747867,5114,7159600,0.000000
896,8.960072,5922.865764344,5922.865764344,5120,7168000,0.000000
897,8.970066,5922.875758204,5922.875758204,5125,7175000,0.000000
898,8.980064,5922.885755834,5922.885755834,5131,7183400,0.000000
899,8.990061,5922.895753233,5922.895753233,5137,7191800,0.000000
900,9.000064,5922.905756414,5922.905756414,5142,7198800,0.000000
901,9.010067,5922.915759635,5922.915759635,5148,7207200,0.000000
902,9.020053,5922.925745609,5922.925745609,5154,7215600,0.000000
903,9.030070,5922.935762650,5922.935762650,5160,7224000,0.000000
904,9.040059,5922.945751394,5922.945751394,5165,7231000,0.000000
905,9.050081,5922.955772789,5922.955772789,5171,7239400,0.000000
906,9.060059,5922.965751714,5922.965751714,5177,7247800,0.000000
907,9.070062,5922.975754437,5922.975754437,5182,7254800,0.000000
908,9.080069,5922.985760883,5922.985760883,5188,7263200,0.000000
909,9.090052,5922.995744226,5922.995744226,5194,7271600,0.000000
910,9.100079,5923.005771289,5923.005771289,5200,7280000,0.000000
911,9.110067,5923.015759454,5923.015759454,5205,7287000,0.000000
912,9.120066,5923.025758454,5923.025758454,5211,7295400,0.000000
913,9.130066,5923.035758349,5923.035758349,5217,7303800,0.000000
914,9.140065,5923.045756874,5923.045756874,5222,7310800,0.000000
915,9.150073,5923.055764842,5923.055764842,5228,7319200,0.000000
916,9.160067,5923.065759012,5923.065759012,5234,7327600,0.000000
917,9.170073,5923.075765555,5923.075765555,5240,7336000,0.000000
918,9.180063,5923.085754766,5923.085754766,5245,7343000,0.000000
919,9.190068,5923.095760215,5923.095760215,5251,7351400,0.000000
920,9.200067,5923.105759344,5923.105759344,5257,7359800,0.000000
921,9.210068,5923.115759770,5923.115759770,5262,7366800,0.000000
922,9.220089,5923.125780880,5923.125780880,5268,7375200,0.000000
923,9.230069,5923.135761684,5923.135761684,5274,7383600,0.000000
924,9.240076,5923.145768280,5923.145768280,5280,7392000,0.000000
925,9.250061,5923.155752873,5923.155752873,5285,7399000,0.000000
926,9.260065,5923.165756943,5923.165756943,5291,7407400,0.000000
927,9.270065,5923.175757010,5923.175757010,5297,7415800,0.000000
928,9.280069,5923.185761381,5923.185761381,5302,7422800,0.000000
929,9.290066,5923.195758510,5923.195758510,5308,7431200,0.000000
930,9.300068,5923.205760702,5923.205760702,5314,7439600,0.000000
931,9.310075,5923.215767053,5923.215767053,5320,7448000,0.000000
932,9.320068,5923.225759934,5923.225759934,5325,7455000,0.000000
933,9.330064,5923.235756582,5923.235756582,5331,7463400,0.000000
934,9.340068,5923.245759879,5923.245759879,5337,7471800,0.000000
935,9.350018,5923.255710167,5923.255710167,5342,7478800,0.000000
936,9.360068,5923.265760158,5923.265760158,5348,7487200,0.000000
937,9.370051,5923.275743289,5923.275743289,5354,7495600,0.000000
938,9.380081,5923.285772763,5923.285772763,5360,7504000,0.000000
939,9.390060,5923.295752689,5923.295752689,5365,7511000,0.000000
940,9.400045,5923.305737333,5923.305737333,5371,7519400,0.000000
941,9.410067,5923.315759157,5923.315759157,5377,7527800,0.000000
942,9.420066,5923.325758737,5923.325758737,5382,7534800,0.000000
943,9.430071,5923.335763419,5923.335763419,5388,7543200,0.000000
944,9.440081,5923.345773694,5923.345773694,5394,7551600,0.000000
945,9.450045,5923.355737620,5923.355737620,5400,7560000,0.000000
946,9.460062,5923.365754635,5923.365754635,5405,7567000,0.000000
947,9.470065,5923.375756745,5923.375756745,5411,7575400,0.000000
948,9.480042,5923.385734047,5923.385734047,5417,7583800,0.000000
949,9.490082,5923.395774316,5923.395774316,5422,7590800,0.000000
950,9.500068,5923.405759942,5923.405759942,5428,7599200,0.000000
951,9.510064,5923.415756649,5923.415756649,5434,7607600,0.000000
952,9.520103,5923.425795510,5923.425795510,5440,7616000,0.000000
953,9.530066,5923.435758505,5923.435758505,5445,7623000,0.000000
954,9.540068,5923.445760346,5923.445760346,5451,7631400,0.000000
955,9.550062,5923.455754046,5923.455754046,5457,7639800,0.000000
956,9.560067,5923.465758861,5923.465758861,5462,7646800,0.000000
957,9.570064,5923.475756124,5923.475756124,5468,7655200,0.000000
958,9.580062,5923.485754699,5923.485754699,5474,7663600,0.000000
959,9.590078,5923.495770338,5923.495770338,5480,7672000,0.000000
960,9.600065,5923.505757151,5923.505757151,5485,7679000,0.000000
961,9.610063,5923.515755348,5923.515755348,5491,7687400,0.000000
962,9.620054,5923.525746693,5923.525746693,5497,7695800,0.000000
963,9.630068,5923.535760523,5923.535760523,5502,7702800,0.000000
964,9.640068,5923.545760615,5923.545760615,5508,7711200,0.000000
965,9.650064,5923.555756406,5923.555756406,5514,7719600,0.000000
966,9.660091,5923.565782906,5923.565782906,5520,7728000,0.000000
967,9.670072,5923.575764307,5923.575764307,5525,7735000,0.000000
968,9.680074,5923.585765803,5923.585765803,5531,7743400,0.000000
969,9.690068,5923.595760215,5923.595760215,5537,7751800,0.000000
970,9.700067,5923.605759060,5923.605759060,5542,7758800,0.000000
971,9.710064,5923.615755923,5923.615755923,5548,7767200,0.000000
972,9.720064,5923.625756081,5923.625756081,5554,7775600,0.000000
973,9.730078,5923.635770252,5923.635770252,5560,7784000,0.000000
974,9.740068,5923.645760104,5923.645760104,5565,7791000,0.000000
975,9.750065,5923.655757411,5923.655757411,5571,7799400,0.000000
976,9.760069,5923.665761507,5923.665761507,5577,7807800,0.000000
977,9.770067,5923.675759018,5923.675759018,5582,7814800,0.000000
978,9.780064,5923.685756725,5923.685756725,5588,7823200,0.000000
979,9.790065,5923.695757220,5923.695757220,5594,7831600,0.000000
980,9.800085,5923.705777530,5923.705777530,5600,7840000,0.000000
981,9.810097,5923.715789125,5923.715789125,5605,7847000,0.000000
982,9.820068,5923.725759805,5923.725759805,5611,7855400,0.000000
983,9.830069,5923.735760899,5923.735760899,5617,7863800,0.000000
984,9.840065,5923.745757463,5923.745757463,5622,7870800,0.000000
985,9.850068,5923.755760722,5923.755760722,5628,7879200,0.000000
986,9.860066,5923.765758652,5923.765758652,5634,7887600,0.000000
987,9.870037,5923.775729185,5923.775729185,5640,7896000,0.000000
988,9.880068,5923.785760200,5923.785760200,5645,7903000,0.000000
989,9.890063,5923.795754856,5923.795754856,5651,7911400,0.000000
990,9.900062,5923.805754242,5923.805754242,5657,7919800,0.000000
991,9.910075,5923.815767474,5923.815767474,5662,7926800,0.000000
992,9.920064,5923.825756479,5923.825756479,5668,7935200,0.000000
993,9.930064,5923.835756548,5923.835756548,5674,7943600,0.000000
994,9.940093,5923.845785570,5923.845785570,5680,7952000,0.000000
995,9.950078,5923.855770103,5923.855770103,5685,7959000,0.000000
996,9.960065,5923.865756860,5923.865756860,5691,7967400,0.000000
997,9.970067,5923.875758987,5923.875758987,5697,7975800,0.000000
998,9.980076,5923.885768237,5923.885768237,5702,7982800,0.000000
999,9.990065,5923.895757255,5923.895757255,5708,7991200,0.000000
1000,10.000061,5923.905753387,5923.905753387,5714,7999600,0.000000
1001,10.010083,5923.915775228,5923.915775228,5720,8008000,0.000000
1002,10.020069,5923.925760916,5923.925760916,5725,8015000,0.000000
1003,10.030064,5923.935756583,5923.935756583,5731,8023400,0.000000
1004,10.040028,5923.945720009,5923.945720009,5737,8031800,0.000000
1005,10.050069,5923.955760974,5923.955760974,5742,8038800,0.000000
1006,10.060069,5923.965761147,5923.965761147,5748,8047200,0.000000
1007,10.070066,5923.975758130,5923.975758130,5754,8055600,0.000000
1008,10.080079,5923.985771017,5923.985771017,5760,8064000,0.000000
1009,10.090067,5923.995759240,5923.995759240,5765,8071000,0.000000
1010,10.100070,5924.005761857,5924.005761857,5771,8079400,0.000000
1011,10.110059,5924.015751733,5924.015751733,5777,8087800,0.000000
1012,10.120068,5924.025760054,5924.025760054,5782,8094800,0.000000
1013,10.130075,5924.035767717,5924.035767717,5788,8103200,0.000000
1014,10.140064,5924.045756084,5924.045756084,5794,8111600,0.000000
1015,10.150077,5924.055768755,5924.055768755,5800,8120000,0.000000
1016,10.160066,5924.065758387,5924.065758387,5805,8127000,0.000000
1017,10.170064,5924.075756740,5924.075756740,5811,8135400,0.000000
1018,10.180068,5924.085760231,5924.085760231,5817,8143800,0.000000
1019,10.190084,5924.095775908,5924.095775908,5822,8150800,0.000000
1020,10.200067,5924.105759454,5924.105759454,5828,8159200,0.000000
1021,10.210059,5924.115750808,5924.115750808,5834,8167600,0.000000
1022,10.220076,5924.125768342,5924.125768342,5840,8176000,0.000000
1023,10.230064,5924.135755954,5924.135755954,5845,8183000,0.000000
1024,10.240069,5924.145761728,5924.145761728,5851,8191400,0.000000
1025,10.250061,5924.155753728,5924.155753728,5857,8199800,0.000000
1026,10.260064,5924.165756529,5924.165756529,5862,8206800,0.000000
1027,10.270067,5924.175758798,5924.175758798,5868,8215200,0.000000
1028,10.280064,5924.185756493,5924.185756493,5874,8223600,0.000000
1029,10.290072,5924.195764593,5924.195764593,5880,8232000,0.000000
1030,10.300101,5924.205793116,5924.205793116,5885,8239000,0.000000
1031,10.310063,5924.215754918,5924.215754918,5891,8247400,0.000000
1032,10.320062,5924.225754258,5924.225754258,5897,8255800,0.000000
1033,10.330071,5924.235763222,5924.235763222,5902,8262800,0.000000
1034,10.340063,5924.245755487,5924.245755487,5908,8271200,0.000000
1035,10.350065,5924.255757243,5924.255757243,5914,8279600,0.000000
1036,10.360074,5924.265766388,5924.265766388,5920,8288000,0.000000
1037,10.370064,5924.275756352,5924.275756352,5925,8295000,0.000000
1038,10.380072,5924.285764420,5924.285764420,5931,8303400,0.000000
1039,10.390068,5924.295759856,5924.295759856,5937,8311800,0.000000
1040,10.400074,5924.305765928,5924.305765928,5942,8318800,0.000000
1041,10.410067,5924.315759695,5924.315759695,5948,8327200,0.000000
1042,10.420062,5924.325754439,5924.325754439,5954,8335600,0.000000
1043,10.430066,5924.335758681,5924.335758681,5960,8344000,0.000000
1044,10.440067,5924.345759267,5924.345759267,5965,8351000,0.000000
1045,10.450065,5924.355756819,5924.355756819,5971,8359400,0.000000
1046,10.460062,5924.365754129,5924.365754129,5977,8367800,0.000000
1047,10.470067,5924.375759144,5924.375759144,5982,8374800,0.000000
1048,10.480069,5924.385760887,5924.385760887,5988,8383200,0.000000
1049,10.490059,5924.395750986,5924.395750986,5994,8391600,0.000000
1050,10.500082,5924.405774028,5924.405774028,6000,8400000,0.000000
1051,10.510073,5924.415765535,5924.415765535,6005,8407000,0.000000
1052,10.520071,5924.425763704,5924.425763704,6011,8415400,0.000000
1053,10.530043,5924.435734843,5924.435734843,6017,8423800,0.000000
1054,10.540069,5924.445760776,5924.445760776,6022,8430800,0.000000
1055,10.550067,5924.455759628,5924.455759628,6028,8439200,0.000000
1056,10.560069,5924.465760758,5924.465760758,6034,8447600,0.000000
1057,10.570101,5924.475792935,5924.475792935,6040,8456000,0.000000
1058,10.580072,5924.485763843,5924.485763843,6045,8463000,0.000000
1059,10.590073,5924.495765543,5924.495765543,6051,8471400,0.000000
1060,10.600069,5924.505761414,5924.505761414,6057,8479800,0.000000
1061,10.610069,5924.515760924,5924.515760924,6062,8486800,0.000000
1062,10.620069,5924.525761652,5924.525761652,6068,8495200,0.000000
1063,10.630073,5924.535764820,5924.535764820,6074,8503600,0.000000
1064,10.640081,5924.545773146,5924.545773146,6080,8512000,0.000000
1065,10.650070,5924.555761836,5924.555761836,6085,8519000,0.000000
1066,10.660067,5924.565759048,5924.565759048,6091,8527400,0.000000
1067,10.670063,5924.575755025,5924.575755025,6097,8535800,0.000000
1068,10.680061,5924.585753084,5924.585753084,6102,8542800,0.000000
1069,10.690066,5924.595758734,5924.595758734,6108,8551200,0.000000
1070,10.700069,5924.605760747,5924.605760747,6114,8559600,0.000000
1071,10.710082,5924.615773944,5924.615773944,6120,8568000,0.000000
1072,10.720062,5924.625754426,5924.625754426,6125,8575000,0.000000
1073,10.730062,5924.635754284,5924.635754284,6131,8583400,0.000000
1074,10.740017,5924.645709343,5924.645709343,6137,8591800,0.000000
1075,10.750041,5924.655732780,5924.655732780,6142,8598800,0.000000
1076,10.760069,5924.665760887,5924.665760887,6148,8607200,0.000000
1077,10.770062,5924.675754655,5924.675754655,6154,8615600,0.000000
1078,10.780084,5924.685776195,5924.685776195,6160,8624000,0.000000
1079,10.790069,5924.695761180,5924.695761180,6165,8631000,0.000000
1080,10.800064,5924.705756514,5924.705756514,6171,8639400,0.000000
1081,10.810062,5924.715754330,5924.715754330,6177,8647800,0.000000
1082,10.820070,5924.725761827,5924.725761827,6182,8654800,0.000000
1083,10.830067,5924.735759351,5924.735759351,6188,8663200,0.000000
1084,10.840064,5924.745756182,5924.745756182,6194,8671600,0.000000
1085,10.850100,5924.755791767,5924.755791767,6200,8680000,0.000000
1086,10.860067,5924.765758809,5924.765758809,6205,8687000,0.000000
1087,10.870067,5924.775758855,5924.775758855,6211,8695400,0.000000
1088,10.880058,5924.785749981,5924.785749981,6217,8703800,0.000000
1089,10.890089,5924.795781499,5924.795781499,6222,8710800,0.000000
1090,10.900066,5924.805758146,5924.805758146,6228,8719200,0.000000
1091,10.910063,5924.815755145,5924.815755145,6234,8727600,0.000000
1092,10.920096,5924.825787807,5924.825787807,6240,8736000,0.000000
1093,10.930069,5924.835761381,5924.835761381,6245,8743000,0.000000
1094,10.940066,5924.845758215,5924.845758215,6251,8751400,0.000000
1095,10.950057,5924.855749499,5924.855749499,6257,8759800,0.000000
1096,10.960061,5924.865752946,5924.865752946,6262,8766800,0.000000
1097,10.970072,5924.875763767,5924.875763767,6268,8775200,0.000000
1098,10.980064,5924.885755966,5924.885755966,6274,8783600,0.000000
1099,10.990076,5924.895768091,5924.895768091,6280,8792000,0.000000
1100,11.000064,5924.905756363,5924.905756363,6285,8799000,0.000000
1101,11.010063,5924.915754794,5924.915754794,6291,8807400,0.000000
1102,11.020058,5924.925749884,5924.925749884,6297,8815800,0.000000
1103,11.030069,5924.935761568,5924.935761568,6302,8822800,0.000000
1104,11.040066,5924.945757887,5924.945757887,6308,8831200,0.000000
1105,11.050062,5924.955754454,5924.955754454,6314,8839600,0.000000
1106,11.060082,5924.965774435,5924.965774435,6320,8848000,0.000000
1107,11.070065,5924.975757646,5924.975757646,6325,8855000,0.000000
1108,11.080069,5924.985761555,5924.985761555,6331,8863400,0.000000
1109,11.090071,5924.995763343,5924.995763343,6337,8871800,0.000000
1110,11.100079,5925.005771667,5925.005771667,6342,8878800,0.000000
1111,11.110067,5925.015758980,5925.015758980,6348,8887200,0.000000
1112,11.120067,5925.025759173,5925.025759173,6354,8895600,0.000000
1113,11.130078,5925.035770602,5925.035770602,6360,8904000,0.000000
1114,11.140070,5925.045762604,5925.045762604,6365,8911000,0.000000
1115,11.150064,5925.055756524,5925.055756524,6371,8919400,0.000000
1116,11.160060,5925.065752500,5925.065752500,6377,8927800,0.000000
1117,11.170068,5925.075760606,5925.075760606,6382,8934800,0.000000
1118,11.180064,5925.085756358,5925.085756358,6388,8943200,0.000000
1119,11.190077,5925.095769272,5925.095769272,6394,8951600,0.000000
1120,11.200078,5925.105769792,5925.105769792,6400,8960000,0.000000
1121,11.210071,5925.115763057,5925.115763057,6405,8967000,0.000000
1122,11.220062,5925.125754730,5925.125754730,6411,8975400,0.000000
1123,11.230061,5925.135753343,5925.135753343,6417,8983800,0.000000
1124,11.240063,5925.145754768,5925.145754768,6422,8990800,0.000000
1125,11.250064,5925.155756614,5925.155756614,6428,8999200,0.000000
1126,11.260055,5925.165747178,5925.165747178,6434,9007600,0.000000
1127,11.270032,5925.175724063,5925.175724063,6440,9016000,0.000000
1128,11.280068,5925.185760680,5925.185760680,6445,9023000,0.000000
1129,11.290068,5925.195760536,5925.195760536,6451,9031400,0.000000
1130,11.300060,5925.205751845,5925.205751845,6457,9039800,0.000000
1131,11.310073,5925.215765066,5925.215765066,6462,9046800,0.000000
1132,11.320066,5925.225758595,5925.225758595,6468,9055200,0.000000
1133,11.330071,5925.235763725,5925.235763725,6474,9063600,0.000000
1134,11.340075,5925.245767177,5925.245767177,6480,9072000,0.000000
1135,11.350071,5925.255763244,5925.255763244,6485,9079000,0.000000
1136,11.360063,5925.265755639,5925.265755639,6491,9087400,0.000000
1137,11.370062,5925.275753793,5925.275753793,6497,9095800,0.000000
1138,11.380065,5925.285756981,5925.285756981,6502,9102800,0.000000
1139,11.390065,5925.295757086,5925.295757086,6508,9111200,0.000000
1140,11.400064,5925.305756418,5925.305756418,6514,9119600,0.000000
1141,11.410076,5925.315768192,5925.315768192,6520,9128000,0.000000
1142,11.420067,5925.325759421,5925.325759421,6525,9135000,0.000000
1143,11.430065,5925.335756866,5925.335756866,6531,9143400,0.000000
1144,11.440058,5925.345750416,5925.345750416,6537,9151800,0.000000
1145,11.450067,5925.355759311,5925.355759311,6542,9158800,0.000000
1146,11.460067,5925.365759000,5925.365759000,6548,9167200,0.000000
1147,11.470065,5925.375757597,5925.375757597,6554,9175600,0.000000
1148,11.480080,5925.385772445,5925.385772445,6560,9184000,0.000000
1149,11.490056,5925.395748551,5925.395748551,6565,9191000,0.000000
1150,11.500063,5925.405755124,5925.405755124,6571,9199400,0.000000
1151,11.510058,5925.415749995,5925.415749995,6577,9207800,0.000000
1152,11.520069,5925.425761408,5925.425761408,6582,9214800,0.000000
1153,11.530067,5925.435759573,5925.435759573,6588,9223200,0.000000
1154,11.540076,5925.445768209,5925.445768209,6594,9231600,0.000000
1155,11.550074,5925.455766462,5925.455766462,6600,9240000,0.000000
1156,11.560065,5925.465757607,5925.465757607,6605,9247000,0.000000
1157,11.570066,5925.475758289,5925.475758289,6611,9255400,0.000000
1158,11.580058,5925.485750118,5925.485750118,6617,9263800,0.000000
1159,11.590068,5925.495760365,5925.495760365,6622,9270800,0.000000
1160,11.600068,5925.505760637,5925.505760637,6628,9279200,0.000000
1161,11.610065,5925.515757001,5925.515757001,6634,9287600,0.000000
1162,11.620048,5925.525739998,5925.525739998,6640,9296000,0.000000
1163,11.630067,5925.535759343,5925.535759343,6645,9303000,0.000000
1164,11.640066,5925.545757804,5925.545757804,6651,9311400,0.000000
1165,11.650058,5925.555750018,5925.555750018,6657,9319800,0.000000
1166,11.660067,5925.565759416,5925.565759416,6662,9326800,0.000000
1167,11.670067,5925.575759472,5925.575759472,6668,9335200,0.000000
1168,11.680065,5925.585757090,5925.585757090,6674,9343600,0.000000
1169,11.690068,5925.595759797,5925.595759797,6680,9352000,0.000000
1170,11.700073,5925.605765004,5925.605765004,6685,9359000,0.000000
1171,11.710063,5925.615755108,5925.615755108,6691,9367400,0.000000
1172,11.720058,5925.625750538,5925.625750538,6697,9375800,0.000000
1173,11.730068,5925.635760669,5925.635760669,6702,9382800,0.000000
1174,11.740067,5925.645759028,5925.645759028,6708,9391200,0.000000
1175,11.750064,5925.655756176,5925.655756176,6714,9399600,0.000000
1176,11.760077,5925.665769674,5925.665769674,6720,9408000,0.000000
1177,11.770068,5925.675760581,5925.675760581,6725,9415000,0.000000
1178,11.780065,5925.685757628,5925.685757628,6731,9423400,0.000000
1179,11.790062,5925.695754077,5925.695754077,6737,9431800,0.000000
1180,11.800068,5925.705760525,5925.705760525,6742,9438800,0.000000
1181,11.810064,5925.715756735,5925.715756735,6748,9447200,0.000000
1182,11.820059,5925.725751610,5925.725751610,6754,9455600,0.000000
1183,11.830080,5925.735772357,5925.735772357,6760,9464000,0.000000
1184,11.840067,5925.745759644,5925.745759644,6765,9471000,0.000000
1185,11.850067,5925.755759399,5925.755759399,6771,9479400,0.000000
1186,11.860058,5925.765750599,5925.765750599,6777,9487800,0.000000
1187,11.870080,5925.775772154,5925.775772154,6782,9494800,0.000000
1188,11.880068,5925.785759812,5925.785759812,6788,9503200,0.000000
1189,11.890078,5925.795770168,5925.795770168,6794,9511600,0.000000
1190,11.900082,5925.805774019,5925.805774019,6800,9520000,0.000000
1191,11.910067,5925.815758983,5925.815758983,6805,9527000,0.000000
1192,11.920063,5925.825755135,5925.825755135,6811,9535400,0.000000
1193,11.930059,5925.835751205,5925.835751205,6817,9543800,0.000000
1194,11.940066,5925.845758161,5925.845758161,6822,9550800,0.000000
1195,11.950068,5925.855760323,5925.855760323,6828,9559200,0.000000
1196,11.960065,5925.865757328,5925.865757328,6834,9567600,0.000000
1197,11.970079,5925.875771728,5925.875771728,6840,9576000,0.000000
1198,11.980068,5925.885760125,5925.885760125,6845,9583000,0.000000
1199,11.990066,5925.895757823,5925.895757823,6851,9591400,0.000000
1200,12.000058,5925.905750438,5925.905750438,6857,9599800,0.000000
1201,12.010068,5925.915760008,5925.915760008,6862,9606800,0.000000
1202,12.020069,5925.925761387,5925.925761387,6868,9615200,0.000000
1203,12.030064,5925.935756722,5925.935756722,6874,9623600,0.000000
1204,12.040076,5925.945768588,5925.945768588,6880,9632000,0.000000
1205,12.050066,5925.955757952,5925.955757952,6885,9639000,0.000000
1206,12.060064,5925.965756500,5925.965756500,6891,9647400,0.000000
1207,12.070067,5925.975759739,5925.975759739,6897,9655800,0.000000
1208,12.080068,5925.985760148,5925.985760148,6902,9662800,0.000000
1209,12.090066,5925.995758355,5925.995758355,6908,9671200,0.000000
1210,12.100049,5926.005740823,5926.005740823,6914,9679600,0.000000
1211,12.110085,5926.015776859,5926.015776859,6920,9688000,0.000000
1212,12.120072,5926.025763849,5926.025763849,6925,9695000,0.000000
1213,12.130064,5926.035756382,5926.035756382,6931,9703400,0.000000
1214,12.140025,5926.045717720,5926.045717720,6937,9711800,0.000000
1215,12.150062,5926.055754696,5926.055754696,6942,9718800,0.000000
1216,12.160066,5926.065758535,5926.065758535,6948,9727200,0.000000
1217,12.170068,5926.075760038,5926.075760038,6954,9735600,0.000000
1218,12.180076,5926.085768200,5926.085768200,6960,9744000,0.000000
1219,12.190065,5926.095757463,5926.095757463,6965,9751000,0.000000
1220,12.200068,5926.105759797,5926.105759797,6971,9759400,0.000000
1221,12.210062,5926.115754470,5926.115754470,6977,9767800,0.000000
1222,12.220067,5926.125759559,5926.125759559,6982,9774800,0.000000
1223,12.230064,5926.135756634,5926.135756634,6988,9783200,0.000000
1224,12.240065,5926.145757278,5926.145757278,6994,9791600,0.000000
1225,12.250075,5926.155766838,5926.155766838,7000,9800000,0.000000
1226,12.260064,5926.165756286,5926.165756286,7005,9807000,0.000000
1227,12.270067,5926.175758960,5926.175758960,7011,9815400,0.000000
1228,12.280071,5926.185763715,5926.185763715,7017,9823800,0.000000
1229,12.290072,5926.195764342,5926.195764342,7022,9830800,0.000000
1230,12.300083,5926.205775267,5926.205775267,7028,9839200,0.000000
1231,12.310068,5926.215760242,5926.215760242,7034,9847600,0.000000
1232,12.320080,5926.225772472,5926.225772472,7040,9856000,0.000000
1233,12.330064,5926.235756614,5926.235756614,7045,9863000,0.000000
1234,12.340070,5926.245762689,5926.245762689,7051,9871400,0.000000
1235,12.350063,5926.255755369,5926.255755369,7057,9879800,0.000000
1236,12.360071,5926.265763149,5926.265763149,7062,9886800,0.000000
1237,12.370068,5926.275760476,5926.275760476,7068,9895200,0.000000
1238,12.380070,5926.285762348,5926.285762348,7074,9903600,0.000000
1239,12.390036,5926.295728130,5926.295728130,7080,9912000,0.000000
1240,12.400067,5926.305758866,5926.305758866,7085,9919000,0.000000
1241,12.410066,5926.315757900,5926.315757900,7091,9927400,0.000000
1242,12.420058,5926.325750194,5926.325750194,7097,9935800,0.000000
1243,12.430065,5926.335757299,5926.335757299,7102,9942800,0.000000
1244,12.440064,5926.345755953,5926.345755953,7108,9951200,0.000000
1245,12.450067,5926.355759607,5926.355759607,7114,9959600,0.000000
1246,12.460073,5926.365765050,5926.365765050,7120,9968000,0.000000
1247,12.470064,5926.375756130,5926.375756130,7125,9975000,0.000000
1248,12.480065,5926.385756935,5926.385756935,7131,9983400,0.000000
1249,12.490058,5926.395750274,5926.395750274,7137,9991800,0.000000
1250,12.500067,5926.405758767,5926.405758767,7142,9998800,0.000000
1251,12.510066,5926.415757798,5926.415757798,7148,10007200,0.000000
1252,12.520068,5926.425760043,5926.425760043,7154,10015600,0.000000
1253,12.530084,5926.435775887,5926.435775887,7160,10024000,0.000000
1254,12.540071,5926.445763459,5926.445763459,7165,10031000,0.000000
1255,12.550103,5926.455795081,5926.455795081,7171,10039400,0.000000
1256,12.560064,5926.465756300,5926.465756300,7177,10047800,0.000000
1257,12.570076,5926.475767982,5926.475767982,7182,10054800,0.000000
1258,12.580068,5926.485760699,5926.485760699,7188,10063200,0.000000
1259,12.590070,5926.495762529,5926.495762529,7194,10071600,0.000000
1260,12.600081,5926.505773694,5926.505773694,7200,10080000,0.000000
1261,12.610065,5926.515757173,5926.515757173,7205,10087000,0.000000
1262,12.620067,5926.525758978,5926.525758978,7211,10095400,0.000000
1263,12.630067,5926.535759383,5926.535759383,7217,10103800,0.000000
1264,12.640066,5926.545757747,5926.545757747,7222,10110800,0.000000
1265,12.650067,5926.555759329,5926.555759329,7228,10119200,0.000000
1266,12.660067,5926.565759212,5926.565759212,7234,10127600,0.000000
1267,12.670074,5926.575765912,5926.575765912,7240,10136000,0.000000
1268,12.680065,5926.585757183,5926.585757183,7245,10143000,0.000000
1269,12.690085,5926.595777304,5926.595777304,7251,10151400,0.000000
1270,12.700067,5926.605759555,5926.605759555,7257,10159800,0.000000
1271,12.710064,5926.615756213,5926.615756213,7262,10166800,0.000000
1272,12.720066,5926.625757784,5926.625757784,7268,10175200,0.000000
1273,12.730063,5926.635755537,5926.635755537,7274,10183600,0.000000
1274,12.740080,5926.645772552,5926.645772552,7280,10192000,0.000000
1275,12.750080,5926.655772570,5926.655772570,7285,10199000,0.000000
1276,12.760069,5926.665761543,5926.665761543,7291,10207400,0.000000
1277,12.770065,5926.675757611,5926.675757611,7297,10215800,0.000000
1278,12.780068,5926.685759939,5926.685759939,7302,10222800,0.000000
1279,12.790065,5926.695757147,5926.695757147,7308,10231200,0.000000
1280,12.800069,5926.705761630,5926.705761630,7314,10239600,0.000000
1281,12.810093,5926.715785695,5926.715785695,7320,10248000,0.000000
1282,12.820069,5926.725761345,5926.725761345,7325,10255000,0.000000
1283,12.830065,5926.735757508,5926.735757508,7331,10263400,0.000000
1284,12.840069,5926.745761694,5926.745761694,7337,10271800,0.000000
1285,12.850070,5926.755762156,5926.755762156,7342,10278800,0.000000
1286,12.860039,5926.765731648,5926.765731648,7348,10287200,0.000000
1287,12.870068,5926.775760574,5926.775760574,7354,10295600,0.000000
1288,12.880076,5926.785768224,5926.785768224,7360,10304000,0.000000
1289,12.890067,5926.795758772,5926.795758772,7365,10311000,0.000000
1290,12.900069,5926.805761672,5926.805761672,7371,10319400,0.000000
1291,12.910059,5926.815751727,5926.815751727,7377,10327800,0.000000
1292,12.920070,5926.825762643,5926.825762643,7382,10334800,0.000000
1293,12.930067,5926.835758791,5926.835758791,7388,10343200,0.000000
1294,12.940086,5926.845778101,5926.845778101,7394,10351600,0.000000
1295,12.950074,5926.855766489,5926.855766489,7400,10360000,0.000000
1296,12.960079,5926.865771028,5926.865771028,7405,10367000,0.000000
1297,12.970068,5926.875760622,5926.875760622,7411,10375400,0.000000
1298,12.980078,5926.885770510,5926.885770510,7417,10383800,0.000000
1299,12.990033,5926.895725113,5926.895725113,7422,10390800,0.000000
1300,13.000066,5926.905758651,5926.905758651,7428,10399200,0.000000
1301,13.010063,5926.915755007,5926.915755007,7434,10407600,0.000000
1302,13.020092,5926.925784614,5926.925784614,7440,10416000,0.000000
1303,13.030068,5926.935760582,5926.935760582,7445,10423000,0.000000
1304,13.040065,5926.945757311,5926.945757311,7451,10431400,0.000000
1305,13.050058,5926.955749846,5926.955749846,7457,10439800,0.000000
1306,13.060069,5926.965761586,5926.965761586,7462,10446800,0.000000
1307,13.070064,5926.975755984,5926.975755984,7468,10455200,0.000000
1308,13.080067,5926.985758892,5926.985758892,7474,10463600,0.000000
1309,13.090073,5926.995764830,5926.995764830,7480,10472000,0.000000
1310,13.100066,5927.005758029,5927.005758029,7485,10479000,0.000000
1311,13.110064,5927.015756002,5927.015756002,7491,10487400,0.000000
1312,13.120068,5927.025759974,5927.025759974,7497,10495800,0.000000
1313,13.130065,5927.035757436,5927.035757436,7502,10502800,0.000000
1314,13.140065,5927.045757234,5927.045757234,7508,10511200,0.000000
1315,13.150068,5927.055760729,5927.055760729,7514,10519600,0.000000
1316,13.160069,5927.065761159,5927.065761159,7520,10528000,0.000000
1317,13.170067,5927.075759613,5927.075759613,7525,10535000,0.000000
1318,13.180067,5927.085758974,5927.085758974,7531,10543400,0.000000
1319,13.190062,5927.095754131,5927.095754131,7537,10551800,0.000000
1320,13.200069,5927.105761243,5927.105761243,7542,10558800,0.000000
1321,13.210068,5927.115760299,5927.115760299,7548,10567200,0.000000
1322,13.220069,5927.125760964,5927.125760964,7554,10575600,0.000000
1323,13.230077,5927.135769433,5927.135769433,7560,10584000,0.000000
1324,13.240072,5927.145764621,5927.145764621,7565,10591000,0.000000
1325,13.250070,5927.155762008,5927.155762008,7571,10599400,0.000000
1326,13.260063,5927.165754797,5927.165754797,7577,10607800,0.000000
1327,13.270069,5927.175761556,5927.175761556,7582,10614800,0.000000
1328,13.280079,5927.185771127,5927.185771127,7588,10623200,0.000000
1329,13.290067,5927.195759271,5927.195759271,7594,10631600,0.000000
1330,13.300080,5927.205772489,5927.205772489,7600,10640000,0.000000
1331,13.310069,5927.215761410,5927.215761410,7605,10647000,0.000000
1332,13.320065,5927.225757325,5927.225757325,7611,10655400,0.000000
1333,13.330059,5927.235751588,5927.235751588,7617,10663800,0.000000
1334,13.340065,5927.245756946,5927.245756946,7622,10670800,0.000000
1335,13.350069,5927.255761698,5927.255761698,7628,10679200,0.000000
1336,13.360069,5927.265761463,5927.265761463,7634,10687600,0.000000
1337,13.370076,5927.275768125,5927.275768125,7640,10696000,0.000000
1338,13.380076,5927.285768040,5927.285768040,7645,10703000,0.000000
1339,13.390070,5927.295762510,5927.295762510,7651,10711400,0.000000
1340,13.400062,5927.305754123,5927.305754123,7657,10719800,0.000000
1341,13.410066,5927.315758154,5927.315758154,7662,10726800,0.000000
1342,13.420067,5927.325759210,5927.325759210,7668,10735200,0.000000
1343,13.430036,5927.335728249,5927.335728249,7674,10743600,0.000000
1344,13.440071,5927.345763119,5927.345763119,7680,10752000,0.000000
1345,13.450071,5927.355763335,5927.355763335,7685,10759000,0.000000
1346,13.460064,5927.365756451,5927.365756451,7691,10767400,0.000000
1347,13.470067,5927.375759575,5927.375759575,7697,10775800,0.000000
1348,13.480067,5927.385759361,5927.385759361,7702,10782800,0.000000
1349,13.490068,5927.395760149,5927.395760149,7708,10791200,0.000000
1350,13.500067,5927.405758787,5927.405758787,7714,10799600,0.000000
1351,13.510074,5927.415766451,5927.415766451,7720,10808000,0.000000
1352,13.520069,5927.425761202,5927.425761202,7725,10815000,0.000000
1353,13.530071,5927.435763525,5927.435763525,7731,10823400,0.000000
1354,13.540063,5927.445755700,5927.445755700,7737,10831800,0.000000
1355,13.550070,5927.455761942,5927.455761942,7742,10838800,0.000000
1356,13.560068,5927.465760102,5927.465760102,7748,10847200,0.000000
1357,13.570066,5927.475758716,5927.475758716,7754,10855600,0.000000
1358,13.580075,5927.485767084,5927.485767084,7760,10864000,0.000000
1359,13.590067,5927.495759649,5927.495759649,7765,10871000,0.000000
1360,13.600064,5927.505756073,5927.505756073,7771,10879400,0.000000
1361,13.610058,5927.515750258,5927.515750258,7777,10887800,0.000000
1362,13.620071,5927.525763687,5927.525763687,7782,10894800,0.000000
1363,13.630068,5927.535759906,5927.535759906,7788,10903200,0.000000
1364,13.640058,5927.545750221,5927.545750221,7794,10911600,0.000000
1365,13.650075,5927.555767638,5927.555767638,7800,10920000,0.000000
1366,13.660069,5927.565760884,5927.565760884,7805,10927000,0.000000
1367,13.670075,5927.575767628,5927.575767628,7811,10935400,0.000000
1368,13.680058,5927.585749872,5927.585749872,7817,10943800,0.000000
1369,13.690071,5927.595763085,5927.595763085,7822,10950800,0.000000
1370,13.700067,5927.605759293,5927.605759293,7828,10959200,0.000000
1371,13.710064,5927.615756581,5927.615756581,7834,10967600,0.000000
1372,13.720077,5927.625768752,5927.625768752,7840,10976000,0.000000
1373,13.730082,5927.635773885,5927.635773885,7845,10983000,0.000000
1374,13.740071,5927.645762773,5927.645762773,7851,10991400,0.000000
1375,13.750063,5927.655754974,5927.655754974,7857,10999800,0.000000
1376,13.760068,5927.665760619,5927.665760619,7862,11006800,0.000000
1377,13.770069,5927.675761161,5927.675761161,7868,11015200,0.000000
1378,13.780064,5927.685756727,5927.685756727,7874,11023600,0.000000
1379,13.790119,5927.695811636,5927.695811636,7880,11032000,0.000000
1380,13.800067,5927.705759255,5927.705759255,7885,11039000,0.000000
1381,13.810060,5927.715752120,5927.715752120,7891,11047400,0.000000
1382,13.820059,5927.725751095,5927.725751095,7897,11055800,0.000000
1383,13.830063,5927.735755688,5927.735755688,7902,11062800,0.000000
1384,13.840066,5927.745758398,5927.745758398,7908,11071200,0.000000
1385,13.850061,5927.755752975,5927.755752975,7914,11079600,0.000000
1386,13.860077,5927.765769283,5927.765769283,7920,11088000,0.000000
1387,13.870064,5927.775755920,5927.775755920,7925,11095000,0.000000
1388,13.880072,5927.785764669,5927.785764669,7931,11103400,0.000000
1389,13.890028,5927.795720174,5927.795720174,7937,11111800,0.000000
1390,13.900064,5927.805756499,5927.805756499,7942,11118800,0.000000
1391,13.910080,5927.815771760,5927.815771760,7948,11127200,0.000000
1392,13.920065,5927.825757078,5927.825757078,7954,11135600,0.000000
1393,13.930112,5927.835804605,5927.835804605,7960,11144000,0.000000
1394,13.940068,5927.845760421,5927.845760421,7965,11151000,0.000000
1395,13.950065,5927.855756785,5927.855756785,7971,11159400,0.000000
1396,13.960058,5927.865750115,5927.865750115,7977,11167800,0.000000
1397,13.970068,5927.875760135,5927.875760135,7982,11174800,0.000000
1398,13.980073,5927.885764752,5927.885764752,7988,11183200,0.000000
1399,13.990067,5927.895758772,5927.895758772,7994,11191600,0.000000
1400,14.000076,5927.905768224,5927.905768224,8000,11200000,0.000000
1401,14.010066,5927.915758165,5927.915758165,8005,11207000,0.000000
1402,14.020065,5927.925757586,5927.925757586,8011,11215400,0.000000
1403,14.030062,5927.935753748,5927.935753748,8017,11223800,0.000000
1404,14.040069,5927.945761315,5927.945761315,8022,11230800,0.000000
1405,14.050069,5927.955761726,5927.955761726,8028,11239200,0.000000
1406,14.060078,5927.965770533,5927.965770533,8034,11247600,0.000000
1407,14.070040,5927.975732311,5927.975732311,8040,11256000,0.000000
1408,14.080063,5927.985754926,5927.985754926,8045,11263000,0.000000
1409,14.090062,5927.995754726,5927.995754726,8051,11271400,0.000000
1410,14.100058,5928.005750091,5928.005750091,8057,11279800,0.000000
1411,14.110066,5928.015758419,5928.015758419,8062,11286800,0.000000
1412,14.120064,5928.025756363,5928.025756363,8068,11295200,0.000000
1413,14.130059,5928.035750891,5928.035750891,8074,11303600,0.000000
1414,14.140083,5928.045775238,5928.045775238,8080,11312000,0.000000
1415,14.150067,5928.055758955,5928.055758955,8085,11319000,0.000000
1416,14.160066,5928.065758344,5928.065758344,8091,11327400,0.000000
1417,14.170059,5928.075750952,5928.075750952,8097,11335800,0.000000
1418,14.180061,5928.085753708,5928.085753708,8102,11342800,0.000000
1419,14.190068,5928.095759859,5928.095759859,8108,11351200,0.000000
1420,14.200063,5928.105755286,5928.105755286,8114,11359600,0.000000
1421,14.210071,5928.115762849,5928.115762849,8120,11368000,0.000000
1422,14.220075,5928.125767414,5928.125767414,8125,11375000,0.000000
1423,14.230068,5928.135760019,5928.135760019,8131,11383400,0.000000
1424,14.240060,5928.145752048,5928.145752048,8137,11391800,0.000000
1425,14.250067,5928.155759610,5928.155759610,8142,11398800,0.000000
1426,14.260065,5928.165757074,5928.165757074,8148,11407200,0.000000
1427,14.270072,5928.175764098,5928.175764098,8154,11415600,0.000000
1428,14.280108,5928.185799753,5928.185799753,8160,11424000,0.000000
1429,14.290121,5928.195813030,5928.195813030,8165,11431000,0.000000
1430,14.300069,5928.205761481,5928.205761481,8171,11439400,0.000000
1431,14.310062,5928.215753759,5928.215753759,8177,11447800,0.000000
1432,14.320073,5928.225764990,5928.225764990,8182,11454800,0.000000
1433,14.330064,5928.235755935,5928.235755935,8188,11463200,0.000000
1434,14.340066,5928.245757989,5928.245757989,8194,11471600,0.000000
1435,14.350081,5928.255773152,5928.255773152,8200,11480000,0.000000
1436,14.360069,5928.265760993,5928.265760993,8205,11487000,0.000000
1437,14.370065,5928.275756866,5928.275756866,8211,11495400,0.000000
1438,14.380063,5928.285755167,5928.285755167,8217,11503800,0.000000
1439,14.390096,5928.295787791,5928.295787791,8222,11510800,0.000000
1440,14.400075,5928.305767658,5928.305767658,8228,11519200,0.000000
1441,14.410069,5928.315760920,5928.315760920,8234,11527600,0.000000
1442,14.420076,5928.325768282,5928.325768282,8240,11536000,0.000000
1443,14.430070,5928.335762104,5928.335762104,8245,11543000,0.000000
1444,14.440073,5928.345765319,5928.345765319,8251,11551400,0.000000
1445,14.450049,5928.355741626,5928.355741626,8257,11559800,0.000000
1446,14.460036,5928.365728094,5928.365728094,8262,11566800,0.000000
1447,14.470064,5928.375756118,5928.375756118,8268,11575200,0.000000
1448,14.480079,5928.385771560,5928.385771560,8274,11583600,0.000000
1449,14.490078,5928.395770083,5928.395770083,8280,11592000,0.000000
1450,14.500066,5928.405757882,5928.405757882,8285,11599000,0.000000
1451,14.510064,5928.415755820,5928.415755820,8291,11607400,0.000000
1452,14.520062,5928.425754218,5928.425754218,8297,11615800,0.000000
1453,14.530065,5928.435757255,5928.435757255,8302,11622800,0.000000
1454,14.540025,5928.445716998,5928.445716998,8308,11631200,0.000000
1455,14.550079,5928.455770956,5928.455770956,8314,11639600,0.000000
1456,14.560066,5928.465758109,5928.465758109,8320,11648000,0.000000
1457,14.570070,5928.475762727,5928.475762727,8325,11655000,0.000000
1458,14.580074,5928.485766095,5928.485766095,8331,11663400,0.000000
1459,14.590064,5928.495755839,5928.495755839,8337,11671800,0.000000
1460,14.600070,5928.505762069,5928.505762069,8342,11678800,0.000000
1461,14.610064,5928.515756035,5928.515756035,8348,11687200,0.000000
1462,14.620080,5928.525772463,5928.525772463,8354,11695600,0.000000
1463,14.630073,5928.535764955,5928.535764955,8360,11704000,0.000000
1464,14.640073,5928.545764998,5928.545764998,8365,11711000,0.000000
1465,14.650072,5928.555764237,5928.555764237,8371,11719400,0.000000
1466,14.660064,5928.565756082,5928.565756082,8377,11727800,0.000000
1467,14.670072,5928.575764332,5928.575764332,8382,11734800,0.000000
1468,14.680068,5928.585760257,5928.585760257,8388,11743200,0.000000
1469,14.690093,5928.595785404,5928.595785404,8394,11751600,0.000000
1470,14.700077,5928.605769744,5928.605769744,8400,11760000,0.000000
1471,14.710066,5928.615758568,5928.615758568,8405,11767000,0.000000
1472,14.720066,5928.625758250,5928.625758250,8411,11775400,0.000000
1473,14.730063,5928.635754903,5928.635754903,8417,11783800,0.000000
1474,14.740073,5928.645765356,5928.645765356,8422,11790800,0.000000
1475,14.750066,5928.655758170,5928.655758170,8428,11799200,0.000000
1476,14.760085,5928.665776941,5928.665776941,8434,11807600,0.000000
1477,14.770078,5928.675769918,5928.675769918,8440,11816000,0.000000
1478,14.780061,5928.685753163,5928.685753163,8445,11823000,0.000000
1479,14.790074,5928.695766026,5928.695766026,8451,11831400,0.000000
1480,14.800067,5928.705759303,5928.705759303,8457,11839800,0.000000
1481,14.810063,5928.715755041,5928.715755041,8462,11846800,0.000000
1482,14.820059,5928.725751454,5928.725751454,8468,11855200,0.000000
1483,14.830066,5928.735758154,5928.735758154,8474,11863600,0.000000
1484,14.840078,5928.745769795,5928.745769795,8480,11872000,0.000000
1485,14.850064,5928.755756313,5928.755756313,8485,11879000,0.000000
1486,14.860066,5928.765758427,5928.765758427,8491,11887400,0.000000
1487,14.870062,5928.775753942,5928.775753942,8497,11895800,0.000000
1488,14.880066,5928.785757815,5928.785757815,8502,11902800,0.000000
1489,14.890067,5928.795759238,5928.795759238,8508,11911200,0.000000
1490,14.900057,5928.805749676,5928.805749676,8514,11919600,0.000000
1491,14.910079,5928.815771675,5928.815771675,8520,11928000,0.000000
1492,14.920065,5928.825757408,5928.825757408,8525,11935000,0.000000
1493,14.930068,5928.835760424,5928.835760424,8531,11943400,0.000000
1494,14.940063,5928.845755349,5928.845755349,8537,11951800,0.000000
1495,14.950064,5928.855756566,5928.855756566,8542,11958800,0.000000
1496,14.960062,5928.865754416,5928.865754416,8548,11967200,0.000000
1497,14.970064,5928.875755975,5928.875755975,8554,11975600,0.000000
1498,14.980075,5928.885767100,5928.885767100,8560,11984000,0.000000
1499,14.990066,5928.895758444,5928.895758444,8565,11991000,0.000000
1500,15.000066,5928.905757822,5928.905757822,8571,11999400,0.000000
1501,15.010067,5928.915759590,5928.915759590,8577,12007800,0.000000
1502,15.020067,5928.925759381,5928.925759381,8582,12014800,0.000000
1503,15.030069,5928.935760923,5928.935760923,8588,12023200,0.000000
1504,15.040068,5928.945760121,5928.945760121,8594,12031600,0.000000
1505,15.050072,5928.955763866,5928.955763866,8600,12040000,0.000000
1506,15.060065,5928.965757717,5928.965757717,8605,12047000,0.000000
1507,15.070063,5928.975755220,5928.975755220,8611,12055400,0.000000
1508,15.080091,5928.985782907,5928.985782907,8617,12063800,0.000000
1509,15.090066,5928.995758355,5928.995758355,8622,12070800,0.000000
1510,15.100064,5929.005755814,5929.005755814,8628,12079200,0.000000
1511,15.110062,5929.015754379,5929.015754379,8634,12087600,0.000000
1512,15.120082,5929.025774124,5929.025774124,8640,12096000,0.000000
1513,15.130070,5929.035762306,5929.035762306,8645,12103000,0.000000
1514,15.140066,5929.045757835,5929.045757835,8651,12111400,0.000000
1515,15.150058,5929.055750076,5929.055750076,8657,12119800,0.000000
1516,15.160059,5929.065751387,5929.065751387,8662,12126800,0.000000
1517,15.170068,5929.075760000,5929.075760000,8668,12135200,0.000000
1518,15.180067,5929.085758839,5929.085758839,8674,12143600,0.000000
1519,15.190074,5929.095765945,5929.095765945,8680,12152000,0.000000
1520,15.200071,5929.105763047,5929.105763047,8685,12159000,0.000000
1521,15.210064,5929.115756362,5929.115756362,8691,12167400,0.000000
1522,15.220058,5929.125749984,5929.125749984,8697,12175800,0.000000
1523,15.230063,5929.135755660,5929.135755660,8702,12182800,0.000000
1524,15.240066,5929.145757882,5929.145757882,8708,12191200,0.000000
1525,15.250071,5929.155763008,5929.155763008,8714,12199600,0.000000
1526,15.260079,5929.165771539,5929.165771539,8720,12208000,0.000000
1527,15.270064,5929.175756740,5929.175756740,8725,12215000,0.000000
1528,15.280065,5929.185756939,5929.185756939,8731,12223400,0.000000
1529,15.290062,5929.195754716,5929.195754716,8737,12231800,0.000000
1530,15.300066,5929.205757947,5929.205757947,8742,12238800,0.000000
1531,15.310067,5929.215758957,5929.215758957,8748,12247200,0.000000
1532,15.320067,5929.225758782,5929.225758782,8754,12255600,0.000000
1533,15.330075,5929.235767074,5929.235767074,8760,12264000,0.000000
1534,15.340064,5929.245756321,5929.245756321,8765,12271000,0.000000
1535,15.350059,5929.255751649,5929.255751649,8771,12279400,0.000000
1536,15.360059,5929.265751247,5929.265751247,8777,12287800,0.000000
1537,15.370064,5929.275756100,5929.275756100,8782,12294800,0.000000
1538,15.380062,5929.285754725,5929.285754725,8788,12303200,0.000000
1539,15.390068,5929.295759791,5929.295759791,8794,12311600,0.000000
1540,15.400077,5929.305769360,5929.305769360,8800,12320000,0.000000
1541,15.410064,5929.315756019,5929.315756019,8805,12327000,0.000000
1542,15.420065,5929.325757547,5929.325757547,8811,12335400,0.000000
1543,15.430058,5929.335750318,5929.335750318,8817,12343800,0.000000
1544,15.440068,5929.345760231,5929.345760231,8822,12350800,0.000000
1545,15.450065,5929.355757409,5929.355757409,8828,12359200,0.000000
1546,15.460062,5929.365754559,5929.365754559,8834,12367600,0.000000
1547,15.470078,5929.375770470,5929.375770470,8840,12376000,0.000000
1548,15.480067,5929.385758988,5929.385758988,8845,12383000,0.000000
1549,15.490090,5929.395782622,5929.395782622,8851,12391400,0.000000
1550,15.500062,5929.405754673,5929.405754673,8857,12399800,0.000000
1551,15.510068,5929.415760303,5929.415760303,8862,12406800,0.000000
1552,15.520066,5929.425757963,5929.425757963,8868,12415200,0.000000
1553,15.530064,5929.435756387,5929.435756387,8874,12423600,0.000000
1554,15.540050,5929.445742085,5929.445742085,8880,12432000,0.000000
1555,15.550072,5929.455764645,5929.455764645,8885,12439000,0.000000
1556,15.560076,5929.465768626,5929.465768626,8891,12447400,0.000000
1557,15.570062,5929.475754031,5929.475754031,8897,12455800,0.000000
1558,15.580067,5929.485759378,5929.485759378,8902,12462800,0.000000
1559,15.590065,5929.495757324,5929.495757324,8908,12471200,0.000000
1560,15.600065,5929.505757554,5929.505757554,8914,12479600,0.000000
1561,15.610079,5929.515770860,5929.515770860,8920,12488000,0.000000
1562,15.620067,5929.525759364,5929.525759364,8925,12495000,0.000000
1563,15.630063,5929.535755243,5929.535755243,8931,12503400,0.000000
1564,15.640058,5929.545750631,5929.545750631,8937,12511800,0.000000
1565,15.650069,5929.555761249,5929.555761249,8942,12518800,0.000000
1566,15.660061,5929.565753100,5929.565753100,8948,12527200,0.000000
1567,15.670064,5929.575756363,5929.575756363,8954,12535600,0.000000
1568,15.680074,5929.585765918,5929.585765918,8960,12544000,0.000000
1569,15.690066,5929.595758162,5929.595758162,8965,12551000,0.000000
1570,15.700066,5929.605757833,5929.605757833,8971,12559400,0.000000
1571,15.710062,5929.615754180,5929.615754180,8977,12567800,0.000000
1572,15.720070,5929.625762340,5929.625762340,8982,12574800,0.000000
1573,15.730069,5929.635761200,5929.635761200,8988,12583200,0.000000
1574,15.740069,5929.645761153,5929.645761153,8994,12591600,0.000000
1575,15.750075,5929.655767346,5929.655767346,9000,12600000,0.000000
1576,15.760065,5929.665757229,5929.665757229,9005,12607000,0.000000
1577,15.770053,5929.675745492,5929.675745492,9011,12615400,0.000000
1578,15.780063,5929.685755672,5929.685755672,9017,12623800,0.000000
1579,15.790065,5929.695756869,5929.695756869,9022,12630800,0.000000
1580,15.800065,5929.705757387,5929.705757387,9028,12639200,0.000000
1581,15.810068,5929.715760484,5929.715760484,9034,12647600,0.000000
1582,15.820086,5929.725778532,5929.725778532,9040,12656000,0.000000
1583,15.830066,5929.735758087,5929.735758087,9045,12663000,0.000000
1584,15.840068,5929.745760133,5929.745760133,9051,12671400,0.000000
1585,15.850062,5929.755754251,5929.755754251,9057,12679800,0.000000
1586,15.860067,5929.765758830,5929.765758830,9062,12686800,0.000000
1587,15.870025,5929.775717301,5929.775717301,9068,12695200,0.000000
1588,15.880065,5929.785756889,5929.785756889,9074,12703600,0.000000
1589,15.890067,5929.795759644,5929.795759644,9080,12712000,0.000000
1590,15.900062,5929.805754602,5929.805754602,9085,12719000,0.000000
1591,15.910078,5929.815770020,5929.815770020,9091,12727400,0.000000
1592,15.920059,5929.825750753,5929.825750753,9097,12735800,0.000000
1593,15.930066,5929.835758484,5929.835758484,9102,12742800,0.000000
1594,15.940065,5929.845756874,5929.845756874,9108,12751200,0.000000
1595,15.950068,5929.855760322,5929.855760322,9114,12759600,0.000000
1596,15.960078,5929.865769816,5929.865769816,9120,12768000,0.000000
1597,15.970057,5929.875749049,5929.875749049,9125,12775000,0.000000
1598,15.980066,5929.885758025,5929.885758025,9131,12783400,0.000000
1599,15.990058,5929.895749862,5929.895749862,9137,12791800,0.000000
1600,16.000022,5929.905713801,5929.905713801,9142,12798800,0.000000
1601,16.010066,5929.915758472,5929.915758472,9148,12807200,0.000000
1602,16.020069,5929.925761137,5929.925761137,9154,12815600,0.000000
1603,16.030072,5929.935764671,5929.935764671,9160,12824000,0.000000
1604,16.040066,5929.945757953,5929.945757953,9165,12831000,0.000000
1605,16.050066,5929.955757909,5929.955757909,9171,12839400,0.000000
1606,16.060068,5929.965759792,5929.965759792,9177,12847800,0.000000
1607,16.070021,5929.975713220,5929.975713220,9182,12854800,0.000000
1608,16.080071,5929.985763132,5929.985763132,9188,12863200,0.000000
1609,16.090075,5929.995767095,5929.995767095,9194,12871600,0.000000
1610,16.100075,5930.005767096,5930.005767096,9200,12880000,0.000000
1611,16.110064,5930.015756365,5930.015756365,9205,12887000,0.000000
1612,16.120063,5930.025755164,5930.025755164,9211,12895400,0.000000
1613,16.130059,5930.035751590,5930.035751590,9217,12903800,0.000000
1614,16.140064,5930.045756736,5930.045756736,9222,12910800,0.000000
1615,16.150067,5930.055759451,5930.055759451,9228,12919200,0.000000
1616,16.160068,5930.065760088,5930.065760088,9234,12927600,0.000000
1617,16.170085,5930.075777714,5930.075777714,9240,12936000,0.000000
1618,16.180068,5930.085760372,5930.085760372,9245,12943000,0.000000
1619,16.190063,5930.095755224,5930.095755224,9251,12951400,0.000000
1620,16.200069,5930.105760980,5930.105760980,9257,12959800,0.000000
1621,16.210071,5930.115763159,5930.115763159,9262,12966800,0.000000
1622,16.220036,5930.125728118,5930.125728118,9268,12975200,0.000000
1623,16.230067,5930.135758805,5930.135758805,9274,12983600,0.000000
1624,16.240076,5930.145768067,5930.145768067,9280,12992000,0.000000
1625,16.250070,5930.155762197,5930.155762197,9285,12999000,0.000000
1626,16.260068,5930.165760634,5930.165760634,9291,13007400,0.000000
1627,16.270058,5930.175749982,5930.175749982,9297,13015800,0.000000
1628,16.280067,5930.185758919,5930.185758919,9302,13022800,0.000000
1629,16.290063,5930.195755634,5930.195755634,9308,13031200,0.000000
1630,16.300059,5930.205751632,5930.205751632,9314,13039600,0.000000
1631,16.310060,5930.215752631,5930.215752631,9320,13048000,0.000000
1632,16.320068,5930.225760198,5930.225760198,9325,13055000,0.000000
1633,16.330064,5930.235756112,5930.235756112,9331,13063400,0.000000
1634,16.340067,5930.245759144,5930.245759144,9337,13071800,0.000000
1635,16.350065,5930.255757740,5930.255757740,9342,13078800,0.000000
1636,16.360066,5930.265757862,5930.265757862,9348,13087200,0.000000
1637,16.370066,5930.275757895,5930.275757895,9354,13095600,0.000000
1638,16.380078,5930.285770676,5930.285770676,9360,13104000,0.000000
1639,16.390063,5930.295755487,5930.295755487,9365,13111000,0.000000
1640,16.400064,5930.305756220,5930.305756220,9371,13119400,0.000000
1641,16.410067,5930.315758892,5930.315758892,9377,13127800,0.000000
1642,16.420067,5930.325758905,5930.325758905,9382,13134800,0.000000
1643,16.430063,5930.335755350,5930.335755350,9388,13143200,0.000000
1644,16.440069,5930.345761009,5930.345761009,9394,13151600,0.000000
1645,16.450081,5930.355773520,5930.355773520,9400,13160000,0.000000
1646,16.460068,5930.365760573,5930.365760573,9405,13167000,0.000000
1647,16.470069,5930.375760767,5930.375760767,9411,13175400,0.000000
1648,16.480069,5930.385760924,5930.385760924,9417,13183800,0.000000
1649,16.490066,5930.395758725,5930.395758725,9422,13190800,0.000000
1650,16.500066,5930.405758356,5930.405758356,9428,13199200,0.000000
1651,16.510069,5930.415760815,5930.415760815,9434,13207600,0.000000
1652,16.520076,5930.425768534,5930.425768534,9440,13216000,0.000000
1653,16.530067,5930.435759579,5930.435759579,9445,13223000,0.000000
1654,16.540064,5930.445755753,5930.445755753,9451,13231400,0.000000
1655,16.550060,5930.455752216,5930.455752216,9457,13239800,0.000000
1656,16.560025,5930.465717725,5930.465717725,9462,13246800,0.000000
1657,16.570066,5930.475758181,5930.475758181,9468,13255200,0.000000
1658,16.580064,5930.485756098,5930.485756098,9474,13263600,0.000000
1659,16.590075,5930.495766887,5930.495766887,9480,13272000,0.000000
1660,16.600063,5930.505755513,5930.505755513,9485,13279000,0.000000
1661,16.610065,5930.515757233,5930.515757233,9491,13287400,0.000000
1662,16.620064,5930.525756518,5930.525756518,9497,13295800,0.000000
1663,16.630069,5930.535760762,5930.535760762,9502,13302800,0.000000
1664,16.640068,5930.545760702,5930.545760702,9508,13311200,0.000000
1665,16.650066,5930.555758204,5930.555758204,9514,13319600,0.000000
1666,16.660084,5930.565776488,5930.565776488,9520,13328000,0.000000
1667,16.670064,5930.575756439,5930.575756439,9525,13335000,0.000000
1668,16.680082,5930.585773812,5930.585773812,9531,13343400,0.000000
1669,16.690070,5930.595761954,5930.595761954,9537,13351800,0.000000
1670,16.700070,5930.605762148,5930.605762148,9542,13358800,0.000000
1671,16.710065,5930.615756862,5930.615756862,9548,13367200,0.000000
1672,16.720064,5930.625756039,5930.625756039,9554,13375600,0.000000
1673,16.730074,5930.635766488,5930.635766488,9560,13384000,0.000000
1674,16.740070,5930.645762490,5930.645762490,9565,13391000,0.000000
1675,16.750065,5930.655757318,5930.655757318,9571,13399400,0.000000
1676,16.760068,5930.665759869,5930.665759869,9577,13407800,0.000000
1677,16.770070,5930.675762386,5930.675762386,9582,13414800,0.000000
1678,16.780066,5930.685757938,5930.685757938,9588,13423200,0.000000
1679,16.790068,5930.695760682,5930.695760682,9594,13431600,0.000000
1680,16.800103,5930.705794747,5930.705794747,9600,13440000,0.000000
1681,16.810065,5930.715757092,5930.715757092,9605,13447000,0.000000
1682,16.820064,5930.725756158,5930.725756158,9611,13455400,0.000000
1683,16.830061,5930.735753118,5930.735753118,9617,13463800,0.000000
1684,16.840063,5930.745755275,5930.745755275,9622,13470800,0.000000
1685,16.850063,5930.755755040,5930.755755040,9628,13479200,0.000000
1686,16.860064,5930.765756017,5930.765756017,9634,13487600,0.000000
1687,16.870078,5930.775770703,5930.775770703,9640,13496000,0.000000
1688,16.880060,5930.785752670,5930.785752670,9645,13503000,0.000000
1689,16.890066,5930.795758139,5930.795758139,9651,13511400,0.000000
1690,16.900028,5930.805720166,5930.805720166,9657,13519800,0.000000
1691,16.910078,5930.815770707,5930.815770707,9662,13526800,0.000000
1692,16.920062,5930.825754542,5930.825754542,9668,13535200,0.000000
1693,16.930070,5930.835762002,5930.835762002,9674,13543600,0.000000
1694,16.940083,5930.845775246,5930.845775246,9680,13552000,0.000000
1695,16.950063,5930.855755730,5930.855755730,9685,13559000,0.000000
1696,16.960064,5930.865756728,5930.865756728,9691,13567400,0.000000
1697,16.970068,5930.875760411,5930.875760411,9697,13575800,0.000000
1698,16.980059,5930.885751276,5930.885751276,9702,13582800,0.000000
1699,16.990067,5930.895759725,5930.895759725,9708,13591200,0.000000
1700,17.000064,5930.905755767,5930.905755767,9714,13599600,0.000000
1701,17.010042,5930.915733942,5930.915733942,9720,13608000,0.000000
1702,17.020067,5930.925759103,5930.925759103,9725,13615000,0.000000
1703,17.030065,5930.935757533,5930.935757533,9731,13623400,0.000000
1704,17.040058,5930.945750411,5930.945750411,9737,13631800,0.000000
1705,17.050064,5930.955756185,5930.955756185,9742,13638800,0.000000
1706,17.060071,5930.965763493,5930.965763493,9748,13647200,0.000000
1707,17.070067,5930.975758940,5930.975758940,9754,13655600,0.000000
1708,17.080083,5930.985774923,5930.985774923,9760,13664000,0.000000
1709,17.090066,5930.995757746,5930.995757746,9765,13671000,0.000000
1710,17.100067,5931.005759500,5931.005759500,9771,13679400,0.000000
1711,17.110085,5931.015777659,5931.015777659,9777,13687800,0.000000
1712,17.120065,5931.025757399,5931.025757399,9782,13694800,0.000000
1713,17.130072,5931.035764100,5931.035764100,9788,13703200,0.000000
1714,17.140066,5931.045757757,5931.045757757,9794,13711600,0.000000
1715,17.150078,5931.055769880,5931.055769880,9800,13720000,0.000000
1716,17.160065,5931.065757144,5931.065757144,9805,13727000,0.000000
1717,17.170065,5931.075757066,5931.075757066,9811,13735400,0.000000
1718,17.180064,5931.085755843,5931.085755843,9817,13743800,0.000000
1719,17.190073,5931.095765728,5931.095765728,9822,13750800,0.000000
1720,17.200062,5931.105754007,5931.105754007,9828,13759200,0.000000
1721,17.210058,5931.115750733,5931.115750733,9834,13767600,0.000000
1722,17.220078,5931.125770043,5931.125770043,9840,13776000,0.000000
1723,17.230064,5931.135755874,5931.135755874,9845,13783000,0.000000
1724,17.240063,5931.145755741,5931.145755741,9851,13791400,0.000000
1725,17.250066,5931.155758440,5931.155758440,9857,13799800,0.000000
1726,17.260069,5931.165760863,5931.165760863,9862,13806800,0.000000
1727,17.270072,5931.175763874,5931.175763874,9868,13815200,0.000000
1728,17.280065,5931.185757266,5931.185757266,9874,13823600,0.000000
1729,17.290089,5931.195780950,5931.195780950,9880,13832000,0.000000
1730,17.300079,5931.205770882,5931.205770882,9885,13839000,0.000000
1731,17.310065,5931.215756885,5931.215756885,9891,13847400,0.000000
1732,17.320068,5931.225759868,5931.225759868,9897,13855800,0.000000
1733,17.330066,5931.235758524,5931.235758524,9902,13862800,0.000000
1734,17.340065,5931.245757099,5931.245757099,9908,13871200,0.000000
1735,17.350065,5931.255757685,5931.255757685,9914,13879600,0.000000
1736,17.360077,5931.265768935,5931.265768935,9920,13888000,0.000000
1737,17.370066,5931.275758741,5931.275758741,9925,13895000,0.000000
1738,17.380066,5931.285758077,5931.285758077,9931,13903400,0.000000
1739,17.390063,5931.295755225,5931.295755225,9937,13911800,0.000000
1740,17.400065,5931.305757590,5931.305757590,9942,13918800,0.000000
1741,17.410068,5931.315760082,5931.315760082,9948,13927200,0.000000
1742,17.420065,5931.325756911,5931.325756911,9954,13935600,0.000000
1743,17.430080,5931.335771937,5931.335771937,9960,13944000,0.000000
1744,17.440069,5931.345761301,5931.345761301,9965,13951000,0.000000
1745,17.450064,5931.355755840,5931.355755840,9971,13959400,0.000000
1746,17.460062,5931.365753765,5931.365753765,9977,13967800,0.000000
1747,17.470066,5931.375758456,5931.375758456,9982,13974800,0.000000
1748,17.480059,5931.385751185,5931.385751185,9988,13983200,0.000000
1749,17.490058,5931.395750055,5931.395750055,9994,13991600,0.000000
1750,17.500055,5931.405747351,5931.405747351,10000,14000000,0.000000
1751,17.510062,5931.415754452,5931.415754452,10005,14007000,0.000000
1752,17.520058,5931.425750614,5931.425750614,10011,14015400,0.000000
1753,17.530062,5931.435753967,5931.435753967,10017,14023800,0.000000
1754,17.540065,5931.445757074,5931.445757074,10022,14030800,0.000000
1755,17.550066,5931.455757874,5931.455757874,10028,14039200,0.000000
1756,17.560064,5931.465756710,5931.465756710,10034,14047600,0.000000
1757,17.570077,5931.475769452,5931.475769452,10040,14056000,0.000000
1758,17.580066,5931.485757780,5931.485757780,10045,14063000,0.000000
1759,17.590059,5931.495751414,5931.495751414,10051,14071400,0.000000
1760,17.600009,5931.505700756,5931.505700756,10057,14079800,0.000000
1761,17.610063,5931.515754904,5931.515754904,10062,14086800,0.000000
1762,17.620065,5931.525757116,5931.525757116,10068,14095200,0.000000
1763,17.630066,5931.535758327,5931.535758327,10074,14103600,0.000000
1764,17.640073,5931.545765149,5931.545765149,10080,14112000,0.000000
1765,17.650065,5931.555757098,5931.555757098,10085,14119000,0.000000
1766,17.660065,5931.565756813,5931.565756813,10091,14127400,0.000000
1767,17.670067,5931.575759031,5931.575759031,10097,14135800,0.000000
1768,17.680015,5931.585707662,5931.585707662,10102,14142800,0.000000
1769,17.690065,5931.595757220,5931.595757220,10108,14151200,0.000000
1770,17.700063,5931.605755285,5931.605755285,10114,14159600,0.000000
1771,17.710069,5931.615760930,5931.615760930,10120,14168000,0.000000
1772,17.720068,5931.625760646,5931.625760646,10125,14175000,0.000000
1773,17.730063,5931.635755464,5931.635755464,10131,14183400,0.000000
1774,17.740058,5931.645750258,5931.645750258,10137,14191800,0.000000
1775,17.750066,5931.655757999,5931.655757999,10142,14198800,0.000000
1776,17.760065,5931.665756932,5931.665756932,10148,14207200,0.000000
1777,17.770058,5931.675750385,5931.675750385,10154,14215600,0.000000
1778,17.780072,5931.685764325,5931.685764325,10160,14224000,0.000000
1779,17.790064,5931.695756333,5931.695756333,10165,14231000,0.000000
1780,17.800063,5931.705754866,5931.705754866,10171,14239400,0.000000
1781,17.810062,5931.715753996,5931.715753996,10177,14247800,0.000000
1782,17.820063,5931.725755630,5931.725755630,10182,14254800,0.000000
1783,17.830065,5931.735757132,5931.735757132,10188,14263200,0.000000
1784,17.840059,5931.745751386,5931.745751386,10194,14271600,0.000000
1785,17.850077,5931.755768788,5931.755768788,10200,14280000,0.000000
1786,17.860083,5931.765774812,5931.765774812,10205,14287000,0.000000
1787,17.870065,5931.775757443,5931.775757443,10211,14295400,0.000000
1788,17.880061,5931.785752947,5931.785752947,10217,14303800,0.000000
1789,17.890069,5931.795761370,5931.795761370,10222,14310800,0.000000
1790,17.900070,5931.805762357,5931.805762357,10228,14319200,0.000000
1791,17.910079,5931.815771006,5931.815771006,10234,14327600,0.000000
1792,17.920083,5931.825774799,5931.825774799,10240,14336000,0.000000
1793,17.930065,5931.835757677,5931.835757677,10245,14343000,0.000000
1794,17.940063,5931.845755449,5931.845755449,10251,14351400,0.000000
1795,17.950062,5931.855754183,5931.855754183,10257,14359800,0.000000
1796,17.960068,5931.865760635,5931.865760635,10262,14366800,0.000000
1797,17.970065,5931.875757549,5931.875757549,10268,14375200,0.000000
1798,17.980065,5931.885756797,5931.885756797,10274,14383600,0.000000
1799,17.990078,5931.895770337,5931.895770337,10280,14392000,0.000000
1800,18.000066,5931.905758060,5931.905758060,10285,14399000,0.000000
1801,18.010062,5931.915754708,5931.915754708,10291,14407400,0.000000
1802,18.020025,5931.925716997,5931.925716997,10297,14415800,0.000000
1803,18.030067,5931.935758851,5931.935758851,10302,14422800,0.000000
1804,18.040065,5931.945757378,5931.945757378,10308,14431200,0.000000
1805,18.050062,5931.955754686,5931.955754686,10314,14439600,0.000000
1806,18.060075,5931.965767090,5931.965767090,10320,14448000,0.000000
1807,18.070076,5931.975768609,5931.975768609,10325,14455000,0.000000
1808,18.080068,5931.985759760,5931.985759760,10331,14463400,0.000000
1809,18.090064,5931.995756072,5931.995756072,10337,14471800,0.000000
1810,18.100066,5932.005758343,5932.005758343,10342,14478800,0.000000
1811,18.110065,5932.015756947,5932.015756947,10348,14487200,0.000000
1812,18.120062,5932.025754741,5932.025754741,10354,14495600,0.000000
1813,18.130072,5932.035764131,5932.035764131,10360,14504000,0.000000
1814,18.140065,5932.045757125,5932.045757125,10365,14511000,0.000000
1815,18.150064,5932.055756127,5932.055756127,10371,14519400,0.000000
1816,18.160058,5932.065750142,5932.065750142,10377,14527800,0.000000
1817,18.170062,5932.075754582,5932.075754582,10382,14534800,0.000000
1818,18.180062,5932.085754290,5932.085754290,10388,14543200,0.000000
1819,18.190062,5932.095754234,5932.095754234,10394,14551600,0.000000
1820,18.200067,5932.105758925,5932.105758925,10400,14560000,0.000000
1821,18.210070,5932.115762115,5932.115762115,10405,14567000,0.000000
1822,18.220090,5932.125781794,5932.125781794,10411,14575400,0.000000
1823,18.230058,5932.135750325,5932.135750325,10417,14583800,0.000000
1824,18.240027,5932.145719552,5932.145719552,10422,14590800,0.000000
1825,18.250065,5932.155757240,5932.155757240,10428,14599200,0.000000
1826,18.260060,5932.165752713,5932.165752713,10434,14607600,0.000000
1827,18.270076,5932.175768744,5932.175768744,10440,14616000,0.000000
1828,18.280070,5932.185762326,5932.185762326,10445,14623000,0.000000
1829,18.290065,5932.195756887,5932.195756887,10451,14631400,0.000000
1830,18.300037,5932.205729632,5932.205729632,10457,14639800,0.000000
1831,18.310068,5932.215760599,5932.215760599,10462,14646800,0.000000
1832,18.320069,5932.225760894,5932.225760894,10468,14655200,0.000000
1833,18.330062,5932.235754444,5932.235754444,10474,14663600,0.000000
1834,18.340086,5932.245777984,5932.245777984,10480,14672000,0.000000
1835,18.350072,5932.255764690,5932.255764690,10485,14679000,0.000000
1836,18.360064,5932.265756002,5932.265756002,10491,14687400,0.000000
1837,18.370061,5932.275753244,5932.275753244,10497,14695800,0.000000
1838,18.380066,5932.285758313,5932.285758313,10502,14702800,0.000000
1839,18.390065,5932.295757114,5932.295757114,10508,14711200,0.000000
1840,18.400068,5932.305759891,5932.305759891,10514,14719600,0.000000
1841,18.410078,5932.315769940,5932.315769940,10520,14728000,0.000000
1842,18.420065,5932.325757313,5932.325757313,10525,14735000,0.000000
1843,18.430066,5932.335758230,5932.335758230,10531,14743400,0.000000
1844,18.440063,5932.345755001,5932.345755001,10537,14751800,0.000000
1845,18.450067,5932.355759741,5932.355759741,10542,14758800,0.000000
1846,18.460068,5932.365759838,5932.365759838,10548,14767200,0.000000
1847,18.470064,5932.375756685,5932.375756685,10554,14775600,0.000000
1848,18.480077,5932.385769115,5932.385769115,10560,14784000,0.000000
1849,18.490068,5932.395759921,5932.395759921,10565,14791000,0.000000
1850,18.500064,5932.405756571,5932.405756571,10571,14799400,0.000000
1851,18.510065,5932.415756821,5932.415756821,10577,14807800,0.000000
1852,18.520070,5932.425762172,5932.425762172,10582,14814800,0.000000
1853,18.530067,5932.435759089,5932.435759089,10588,14823200,0.000000
1854,18.540074,5932.445766266,5932.445766266,10594,14831600,0.000000
1855,18.550074,5932.455766601,5932.455766601,10600,14840000,0.000000
1856,18.560065,5932.465757459,5932.465757459,10605,14847000,0.000000
1857,18.570063,5932.475755732,5932.475755732,10611,14855400,0.000000
1858,18.580065,5932.485757728,5932.485757728,10617,14863800,0.000000
1859,18.590061,5932.495753733,5932.495753733,10622,14870800,0.000000
1860,18.600066,5932.505758033,5932.505758033,10628,14879200,0.000000
1861,18.610060,5932.515752034,5932.515752034,10634,14887600,0.000000
1862,18.620060,5932.525752741,5932.525752741,10640,14896000,0.000000
1863,18.630062,5932.535754679,5932.535754679,10645,14903000,0.000000
1864,18.640048,5932.545740066,5932.545740066,10651,14911400,0.000000
1865,18.650066,5932.555758247,5932.555758247,10657,14919800,0.000000
1866,18.660069,5932.565760951,5932.565760951,10662,14926800,0.000000
1867,18.670066,5932.575758646,5932.575758646,10668,14935200,0.000000
1868,18.680069,5932.585761283,5932.585761283,10674,14943600,0.000000
1869,18.690067,5932.595758967,5932.595758967,10680,14952000,0.000000
1870,18.700064,5932.605755789,5932.605755789,10685,14959000,0.000000
1871,18.710065,5932.615757309,5932.615757309,10691,14967400,0.000000
1872,18.720014,5932.625705831,5932.625705831,10697,14975800,0.000000
1873,18.730064,5932.635755849,5932.635755849,10702,14982800,0.000000
1874,18.740065,5932.645757084,5932.645757084,10708,14991200,0.000000
1875,18.750072,5932.655764441,5932.655764441,10714,14999600,0.000000
1876,18.760074,5932.665766315,5932.665766315,10720,15008000,0.000000
1877,18.770065,5932.675757300,5932.675757300,10725,15015000,0.000000
1878,18.780066,5932.685758183,5932.685758183,10731,15023400,0.000000
1879,18.790058,5932.695750699,5932.695750699,10737,15031800,0.000000
1880,18.800066,5932.705758203,5932.705758203,10742,15038800,0.000000
1881,18.810068,5932.715759860,5932.715759860,10748,15047200,0.000000
1882,18.820063,5932.725754759,5932.725754759,10754,15055600,0.000000
1883,18.830070,5932.735762304,5932.735762304,10760,15064000,0.000000
1884,18.840077,5932.745769714,5932.745769714,10765,15071000,0.000000
1885,18.850065,5932.755756992,5932.755756992,10771,15079400,0.000000
1886,18.860066,5932.765757776,5932.765757776,10777,15087800,0.000000
1887,18.870071,5932.775763212,5932.775763212,10782,15094800,0.000000
1888,18.880068,5932.785759982,5932.785759982,10788,15103200,0.000000
1889,18.890059,5932.795751071,5932.795751071,10794,15111600,0.000000
1890,18.900081,5932.805772964,5932.805772964,10800,15120000,0.000000
1891,18.910067,5932.815759186,5932.815759186,10805,15127000,0.000000
1892,18.920055,5932.825746837,5932.825746837,10811,15135400,0.000000
1893,18.930072,5932.835764487,5932.835764487,10817,15143800,0.000000
1894,18.940073,5932.845765290,5932.845765290,10822,15150800,0.000000
1895,18.950068,5932.855760125,5932.855760125,10828,15159200,0.000000
1896,18.960070,5932.865762016,5932.865762016,10834,15167600,0.000000
1897,18.970092,5932.875783797,5932.875783797,10840,15176000,0.000000
1898,18.980062,5932.885754231,5932.885754231,10845,15183000,0.000000
1899,18.990080,5932.895772596,5932.895772596,10851,15191400,0.000000
1900,19.000053,5932.905745200,5932.905745200,10857,15199800,0.000000
1901,19.010097,5932.915789633,5932.915789633,10862,15206800,0.000000
1902,19.020064,5932.925756479,5932.925756479,10868,15215200,0.000000
1903,19.030060,5932.935751911,5932.935751911,10874,15223600,0.000000
1904,19.040088,5932.945780303,5932.945780303,10880,15232000,0.000000
1905,19.050071,5932.955763171,5932.955763171,10885,15239000,0.000000
1906,19.060060,5932.965752341,5932.965752341,10891,15247400,0.000000
1907,19.070066,5932.975757823,5932.975757823,10897,15255800,0.000000
1908,19.080066,5932.985757834,5932.985757834,10902,15262800,0.000000
1909,19.090069,5932.995761126,5932.995761126,10908,15271200,0.000000
1910,19.100065,5933.005757574,5933.005757574,10914,15279600,0.000000
1911,19.110069,5933.015761715,5933.015761715,10920,15288000,0.000000
1912,19.120065,5933.025756932,5933.025756932,10925,15295000,0.000000
1913,19.130065,5933.035757291,5933.035757291,10931,15303400,0.000000
1914,19.140058,5933.045749995,5933.045749995,10937,15311800,0.000000
1915,19.150072,5933.055763769,5933.055763769,10942,15318800,0.000000
1916,19.160065,5933.065757088,5933.065757088,10948,15327200,0.000000
1917,19.170068,5933.075760386,5933.075760386,10954,15335600,0.000000
1918,19.180079,5933.085771735,5933.085771735,10960,15344000,0.000000
1919,19.190076,5933.095768382,5933.095768382,10965,15351000,0.000000
1920,19.200063,5933.105755652,5933.105755652,10971,15359400,0.000000
1921,19.210063,5933.115755639,5933.115755639,10977,15367800,0.000000
1922,19.220074,5933.125765982,5933.125765982,10982,15374800,0.000000
1923,19.230073,5933.135765704,5933.135765704,10988,15383200,0.000000
1924,19.240064,5933.145756642,5933.145756642,10994,15391600,0.000000
1925,19.250069,5933.155761646,5933.155761646,11000,15400000,0.000000
1926,19.260064,5933.165756080,5933.165756080,11005,15407000,0.000000
1927,19.270063,5933.175754937,5933.175754937,11011,15415400,0.000000
1928,19.280022,5933.185714633,5933.185714633,11017,15423800,0.000000
1929,19.290062,5933.195754363,5933.195754363,11022,15430800,0.000000
1930,19.300065,5933.205756922,5933.205756922,11028,15439200,0.000000
1931,19.310065,5933.215756871,5933.215756871,11034,15447600,0.000000
1932,19.320076,5933.225768354,5933.225768354,11040,15456000,0.000000
1933,19.330054,5933.235745797,5933.235745797,11045,15463000,0.000000
1934,19.340060,5933.245752065,5933.245752065,11051,15471400,0.000000
1935,19.350065,5933.255757702,5933.255757702,11057,15479800,0.000000
1936,19.360062,5933.265753809,5933.265753809,11062,15486800,0.000000
1937,19.370067,5933.275758799,5933.275758799,11068,15495200,0.000000
1938,19.380052,5933.285744165,5933.285744165,11074,15503600,0.000000
1939,19.390034,5933.295726295,5933.295726295,11080,15512000,0.000000
1940,19.400066,5933.305757798,5933.305757798,11085,15519000,0.000000
1941,19.410059,5933.315751259,5933.315751259,11091,15527400,0.000000
1942,19.420062,5933.325754094,5933.325754094,11097,15535800,0.000000
1943,19.430062,5933.335754718,5933.335754718,11102,15542800,0.000000
1944,19.440064,5933.345756100,5933.345756100,11108,15551200,0.000000
1945,19.450062,5933.355754576,5933.355754576,11114,15559600,0.000000
1946,19.460076,5933.365767817,5933.365767817,11120,15568000,0.000000
1947,19.470067,5933.375759515,5933.375759515,11125,15575000,0.000000
1948,19.480068,5933.385760093,5933.385760093,11131,15583400,0.000000
1949,19.490064,5933.395756073,5933.395756073,11137,15591800,0.000000
1950,19.500069,5933.405761261,5933.405761261,11142,15598800,0.000000
1951,19.510067,5933.415759360,5933.415759360,11148,15607200,0.000000
1952,19.520069,5933.425761168,5933.425761168,11154,15615600,0.000000
1953,19.530084,5933.435775905,5933.435775905,11160,15624000,0.000000
1954,19.540069,5933.445761104,5933.445761104,11165,15631000,0.000000
1955,19.550066,5933.455758135,5933.455758135,11171,15639400,0.000000
1956,19.560058,5933.465750091,5933.465750091,11177,15647800,0.000000
1957,19.570061,5933.475752911,5933.475752911,11182,15654800,0.000000
1958,19.580068,5933.485760609,5933.485760609,11188,15663200,0.000000
1959,19.590074,5933.495766065,5933.495766065,11194,15671600,0.000000
1960,19.600074,5933.505765923,5933.505765923,11200,15680000,0.000000
1961,19.610065,5933.515757643,5933.515757643,11205,15687000,0.000000
1962,19.620065,5933.525757212,5933.525757212,11211,15695400,0.000000
1963,19.630059,5933.535750921,5933.535750921,11217,15703800,0.000000
1964,19.640066,5933.545757807,5933.545757807,11222,15710800,0.000000
1965,19.650066,5933.555757880,5933.555757880,11228,15719200,0.000000
1966,19.660066,5933.565757951,5933.565757951,11234,15727600,0.000000
1967,19.670069,5933.575761668,5933.575761668,11240,15736000,0.000000
1968,19.680065,5933.585756966,5933.585756966,11245,15743000,0.000000
1969,19.690063,5933.595755035,5933.595755035,11251,15751400,0.000000
1970,19.700063,5933.605754973,5933.605754973,11257,15759800,0.000000
1971,19.710069,5933.615761119,5933.615761119,11262,15766800,0.000000
1972,19.720076,5933.625768263,5933.625768263,11268,15775200,0.000000
1973,19.730059,5933.635751227,5933.635751227,11274,15783600,0.000000
1974,19.740091,5933.645782992,5933.645782992,11280,15792000,0.000000
1975,19.750047,5933.655738842,5933.655738842,11285,15799000,0.000000
1976,19.760066,5933.665758407,5933.665758407,11291,15807400,0.000000
1977,19.770058,5933.675749815,5933.675749815,11297,15815800,0.000000
1978,19.780061,5933.685753334,5933.685753334,11302,15822800,0.000000
1979,19.790065,5933.695757079,5933.695757079,11308,15831200,0.000000
1980,19.800069,5933.705760805,5933.705760805,11314,15839600,0.000000
1981,19.810070,5933.715762200,5933.715762200,11320,15848000,0.000000
1982,19.820081,5933.725773046,5933.725773046,11325,15855000,0.000000
1983,19.830069,5933.735760958,5933.735760958,11331,15863400,0.000000
1984,19.840059,5933.745751398,5933.745751398,11337,15871800,0.000000
1985,19.850064,5933.755756336,5933.755756336,11342,15878800,0.000000
1986,19.860064,5933.765756624,5933.765756624,11348,15887200,0.000000
1987,19.870062,5933.775754330,5933.775754330,11354,15895600,0.000000
1988,19.880081,5933.785773360,5933.785773360,11360,15904000,0.000000
1989,19.890068,5933.795759933,5933.795759933,11365,15911000,0.000000
1990,19.900071,5933.805763649,5933.805763649,11371,15919400,0.000000
1991,19.910066,5933.815758149,5933.815758149,11377,15927800,0.000000
1992,19.920060,5933.825752565,5933.825752565,11382,15934800,0.000000
1993,19.930068,5933.835760046,5933.835760046,11388,15943200,0.000000
1994,19.940067,5933.845758916,5933.845758916,11394,15951600,0.000000
1995,19.950071,5933.855763700,5933.855763700,11400,15960000,0.000000
1996,19.960067,5933.865759217,5933.865759217,11405,15967000,0.000000
1997,19.970063,5933.875755679,5933.875755679,11411,15975400,0.000000
1998,19.980011,5933.885703169,5933.885703169,11417,15983800,0.000000
1999,19.990073,5933.895765700,5933.895765700,11422,15990800,0.000000
2000,20.000066,5933.905758369,5933.905758369,11428,15999200,0.000000
2001,20.010065,5933.915757146,5933.915757146,11434,16007600,0.000000
2002,20.020085,5933.925776998,5933.925776998,11440,16016000,0.000000
2003,20.030067,5933.935759279,5933.935759279,11445,16023000,0.000000
2004,20.040069,5933.945760906,5933.945760906,11451,16031400,0.000000
2005,20.050065,5933.955757003,5933.955757003,11457,16039800,0.000000
2006,20.060075,5933.965766762,5933.965766762,11462,16046800,0.000000
2007,20.070064,5933.975756188,5933.975756188,11468,16055200,0.000000
2008,20.080059,5933.985751404,5933.985751404,11474,16063600,0.000000
2009,20.090090,5933.995782261,5933.995782261,11480,16072000,0.000000
2010,20.100065,5934.005757470,5934.005757470,11485,16079000,0.000000
2011,20.110072,5934.015764610,5934.015764610,11491,16087400,0.000000
2012,20.120048,5934.025740508,5934.025740508,11497,16095800,0.000000
2013,20.130071,5934.035763278,5934.035763278,11502,16102800,0.000000
2014,20.140060,5934.045751893,5934.045751893,11508,16111200,0.000000
2015,20.150053,5934.055745332,5934.055745332,11514,16119600,0.000000
2016,20.160077,5934.065769063,5934.065769063,11520,16128000,0.000000
2017,20.170064,5934.075756650,5934.075756650,11525,16135000,0.000000
2018,20.180065,5934.085757458,5934.085757458,11531,16143400,0.000000
2019,20.190058,5934.095750221,5934.095750221,11537,16151800,0.000000
2020,20.200059,5934.105751510,5934.105751510,11542,16158800,0.000000
2021,20.210068,5934.115760650,5934.115760650,11548,16167200,0.000000
2022,20.220062,5934.125753981,5934.125753981,11554,16175600,0.000000
2023,20.230080,5934.135772216,5934.135772216,11560,16184000,0.000000
2024,20.240070,5934.145762343,5934.145762343,11565,16191000,0.000000
2025,20.250031,5934.155723038,5934.155723038,11571,16199400,0.000000
2026,20.260062,5934.165754133,5934.165754133,11577,16207800,0.000000
2027,20.270068,5934.175760486,5934.175760486,11582,16214800,0.000000
2028,20.280069,5934.185760802,5934.185760802,11588,16223200,0.000000
2029,20.290068,5934.195760356,5934.195760356,11594,16231600,0.000000
2030,20.300080,5934.205771793,5934.205771793,11600,16240000,0.000000
2031,20.310069,5934.215761511,5934.215761511,11605,16247000,0.000000
2032,20.320063,5934.225755449,5934.225755449,11611,16255400,0.000000
2033,20.330063,5934.235755417,5934.235755417,11617,16263800,0.000000
2034,20.340065,5934.245757272,5934.245757272,11622,16270800,0.000000
2035,20.350017,5934.255709010,5934.255709010,11628,16279200,0.000000
2036,20.360078,5934.265769775,5934.265769775,11634,16287600,0.000000
2037,20.370033,5934.275725585,5934.275725585,11640,16296000,0.000000
2038,20.380072,5934.285764642,5934.285764642,11645,16303000,0.000000
2039,20.390073,5934.295764972,5934.295764972,11651,16311400,0.000000
2040,20.400058,5934.305750314,5934.305750314,11657,16319800,0.000000
2041,20.410069,5934.315760754,5934.315760754,11662,16326800,0.000000
2042,20.420072,5934.325764738,5934.325764738,11668,16335200,0.000000
2043,20.430067,5934.335759457,5934.335759457,11674,16343600,0.000000
2044,20.440080,5934.345771814,5934.345771814,11680,16352000,0.000000
2045,20.450069,5934.355760861,5934.355760861,11685,16359000,0.000000
2046,20.460067,5934.365759187,5934.365759187,11691,16367400,0.000000
2047,20.470058,5934.375750550,5934.375750550,11697,16375800,0.000000
2048,20.480064,5934.385755948,5934.385755948,11702,16382800,0.000000
2049,20.490067,5934.395759639,5934.395759639,11708,16391200,0.000000
2050,20.500061,5934.405752887,5934.405752887,11714,16399600,0.000000
2051,20.510077,5934.415768747,5934.415768747,11720,16408000,0.000000
2052,20.520064,5934.425756271,5934.425756271,11725,16415000,0.000000
2053,20.530064,5934.435755960,5934.435755960,11731,16423400,0.000000
2054,20.540068,5934.445760036,5934.445760036,11737,16431800,0.000000
2055,20.550039,5934.455731641,5934.455731641,11742,16438800,0.000000
2056,20.560065,5934.465757639,5934.465757639,11748,16447200,0.000000
2057,20.570067,5934.475759567,5934.475759567,11754,16455600,0.000000
2058,20.580047,5934.485739225,5934.485739225,11760,16464000,0.000000
2059,20.590065,5934.495757406,5934.495757406,11765,16471000,0.000000
2060,20.600074,5934.505766033,5934.505766033,11771,16479400,0.000000
2061,20.610030,5934.515722234,5934.515722234,11777,16487800,0.000000
2062,20.620069,5934.525760824,5934.525760824,11782,16494800,0.000000
2063,20.630064,5934.535756411,5934.535756411,11788,16503200,0.000000
2064,20.640065,5934.545757183,5934.545757183,11794,16511600,0.000000
2065,20.650078,5934.555770202,5934.555770202,11800,16520000,0.000000
2066,20.660065,5934.565757172,5934.565757172,11805,16527000,0.000000
2067,20.670059,5934.575751288,5934.575751288,11811,16535400,0.000000
2068,20.680067,5934.585758832,5934.585758832,11817,16543800,0.000000
2069,20.690068,5934.595759955,5934.595759955,11822,16550800,0.000000
2070,20.700032,5934.605724450,5934.605724450,11828,16559200,0.000000
2071,20.710064,5934.615756508,5934.615756508,11834,16567600,0.000000
2072,20.720071,5934.625763695,5934.625763695,11840,16576000,0.000000
2073,20.730068,5934.635760019,5934.635760019,11845,16583000,0.000000
2074,20.740063,5934.645755251,5934.645755251,11851,16591400,0.000000
2075,20.750063,5934.655755064,5934.655755064,11857,16599800,0.000000
2076,20.760071,5934.665763126,5934.665763126,11862,16606800,0.000000
2077,20.770064,5934.675756478,5934.675756478,11868,16615200,0.000000
2078,20.780063,5934.685755196,5934.685755196,11874,16623600,0.000000
2079,20.790077,5934.695769613,5934.695769613,11880,16632000,0.000000
2080,20.800063,5934.705755481,5934.705755481,11885,16639000,0.000000
2081,20.810064,5934.715755895,5934.715755895,11891,16647400,0.000000
2082,20.820057,5934.725749123,5934.725749123,11897,16655800,0.000000
2083,20.830064,5934.735756226,5934.735756226,11902,16662800,0.000000
2084,20.840066,5934.745758498,5934.745758498,11908,16671200,0.000000
2085,20.850065,5934.755756964,5934.755756964,11914,16679600,0.000000
2086,20.860084,5934.765776387,5934.765776387,11920,16688000,0.000000
2087,20.870069,5934.775761375,5934.775761375,11925,16695000,0.000000
2088,20.880065,5934.785757178,5934.785757178,11931,16703400,0.000000
2089,20.890065,5934.795757539,5934.795757539,11937,16711800,0.000000
2090,20.900073,5934.805765409,5934.805765409,11942,16718800,0.000000
2091,20.910067,5934.815759067,5934.815759067,11948,16727200,0.000000
2092,20.920065,5934.825757147,5934.825757147,11954,16735600,0.000000
2093,20.930091,5934.835783735,5934.835783735,11960,16744000,0.000000
2094,20.940068,5934.845760208,5934.845760208,11965,16751000,0.000000
2095,20.950068,5934.855760526,5934.855760526,11971,16759400,0.000000
2096,20.960064,5934.865755917,5934.865755917,11977,16767800,0.000000
2097,20.970073,5934.875764885,5934.875764885,11982,16774800,0.000000
2098,20.980065,5934.885756975,5934.885756975,11988,16783200,0.000000
2099,20.990065,5934.895757723,5934.895757723,11994,16791600,0.000000
2100,21.000089,5934.905781723,5934.905781723,12000,16800000,0.000000
2101,21.010065,5934.915757566,5934.915757566,12005,16807000,0.000000
2102,21.020066,5934.925758024,5934.925758024,12011,16815400,0.000000
2103,21.030071,5934.935763506,5934.935763506,12017,16823800,0.000000
2104,21.040073,5934.945765251,5934.945765251,12022,16830800,0.000000
2105,21.050070,5934.955761869,5934.955761869,12028,16839200,0.000000
2106,21.060071,5934.965763141,5934.965763141,12034,16847600,0.000000
2107,21.070074,5934.975766471,5934.975766471,12040,16856000,0.000000
2108,21.080064,5934.985756716,5934.985756716,12045,16863000,0.000000
2109,21.090066,5934.995758360,5934.995758360,12051,16871400,0.000000
2110,21.100038,5935.005730390,5935.005730390,12057,16879800,0.000000
2111,21.110073,5935.015765586,5935.015765586,12062,16886800,0.000000
2112,21.120069,5935.025761454,5935.025761454,12068,16895200,0.000000
2113,21.130068,5935.035760265,5935.035760265,12074,16903600,0.000000
2114,21.140071,5935.045763126,5935.045763126,12080,16912000,0.000000
2115,21.150069,5935.055761374,5935.055761374,12085,16919000,0.000000
2116,21.160065,5935.065757670,5935.065757670,12091,16927400,0.000000
2117,21.170063,5935.075755557,5935.075755557,12097,16935800,0.000000
2118,21.180070,5935.085762448,5935.085762448,12102,16942800,0.000000
2119,21.190065,5935.095756874,5935.095756874,12108,16951200,0.000000
2120,21.200064,5935.105756678,5935.105756678,12114,16959600,0.000000
2121,21.210077,5935.115769520,5935.115769520,12120,16968000,0.000000
2122,21.220069,5935.125761357,5935.125761357,12125,16975000,0.000000
2123,21.230070,5935.135762105,5935.135762105,12131,16983400,0.000000
2124,21.240076,5935.145768230,5935.145768230,12137,16991800,0.000000
2125,21.250066,5935.155758610,5935.155758610,12142,16998800,0.000000
2126,21.260060,5935.165752373,5935.165752373,12148,17007200,0.000000
2127,21.270070,5935.175762195,5935.175762195,12154,17015600,0.000000
2128,21.280032,5935.185724617,5935.185724617,12160,17024000,0.000000
2129,21.290069,5935.195761659,5935.195761659,12165,17031000,0.000000
2130,21.300079,5935.205771071,5935.205771071,12171,17039400,0.000000
2131,21.310064,5935.215756584,5935.215756584,12177,17047800,0.000000
2132,21.320067,5935.225758959,5935.225758959,12182,17054800,0.000000
2133,21.330067,5935.235758760,5935.235758760,12188,17063200,0.000000
2134,21.340069,5935.245760796,5935.245760796,12194,17071600,0.000000
2135,21.350074,5935.255765783,5935.255765783,12200,17080000,0.000000
2136,21.360061,5935.265753528,5935.265753528,12205,17087000,0.000000
2137,21.370068,5935.275759928,5935.275759928,12211,17095400,0.000000
2138,21.380067,5935.285759547,5935.285759547,12217,17103800,0.000000
2139,21.390016,5935.295708383,5935.295708383,12222,17110800,0.000000
2140,21.400061,5935.305752966,5935.305752966,12228,17119200,0.000000
2141,21.410063,5935.315754779,5935.315754779,12234,17127600,0.000000
2142,21.420085,5935.325777518,5935.325777518,12240,17136000,0.000000
2143,21.430072,5935.335763884,5935.335763884,12245,17143000,0.000000
2144,21.440065,5935.345757544,5935.345757544,12251,17151400,0.000000
2145,21.450061,5935.355753699,5935.355753699,12257,17159800,0.000000
2146,21.460070,5935.365762531,5935.365762531,12262,17166800,0.000000
2147,21.470068,5935.375760043,5935.375760043,12268,17175200,0.000000
2148,21.480066,5935.385757856,5935.385757856,12274,17183600,0.000000
2149,21.490080,5935.395771747,5935.395771747,12280,17192000,0.000000
2150,21.500071,5935.405762992,5935.405762992,12285,17199000,0.000000
2151,21.510062,5935.415754260,5935.415754260,12291,17207400,0.000000
2152,21.520061,5935.425753717,5935.425753717,12297,17215800,0.000000
2153,21.530067,5935.435758883,5935.435758883,12302,17222800,0.000000
2154,21.540069,5935.445761022,5935.445761022,12308,17231200,0.000000
2155,21.550069,5935.455760752,5935.455760752,12314,17239600,0.000000
2156,21.560081,5935.465772979,5935.465772979,12320,17248000,0.000000
2157,21.570069,5935.475761077,5935.475761077,12325,17255000,0.000000
2158,21.580065,5935.485756945,5935.485756945,12331,17263400,0.000000
2159,21.590062,5935.495754147,5935.495754147,12337,17271800,0.000000
2160,21.600071,5935.505763276,5935.505763276,12342,17278800,0.000000
2161,21.610064,5935.515756699,5935.515756699,12348,17287200,0.000000
2162,21.620069,5935.525760841,5935.525760841,12354,17295600,0.000000
2163,21.630080,5935.535772648,5935.535772648,12360,17304000,0.000000
2164,21.640068,5935.545760373,5935.545760373,12365,17311000,0.000000
2165,21.650064,5935.555755858,5935.555755858,12371,17319400,0.000000
2166,21.660062,5935.565754437,5935.565754437,12377,17327800,0.000000
2167,21.670072,5935.575764066,5935.575764066,12382,17334800,0.000000
2168,21.680063,5935.585755350,5935.585755350,12388,17343200,0.000000
2169,21.690064,5935.595755953,5935.595755953,12394,17351600,0.000000
2170,21.700075,5935.605766995,5935.605766995,12400,17360000,0.000000
2171,21.710065,5935.615757523,5935.615757523,12405,17367000,0.000000
2172,21.720064,5935.625756369,5935.625756369,12411,17375400,0.000000
2173,21.730050,5935.635741942,5935.635741942,12417,17383800,0.000000
2174,21.740088,5935.645780438,5935.645780438,12422,17390800,0.000000
2175,21.750069,5935.655761665,5935.655761665,12428,17399200,0.000000
2176,21.760065,5935.665757265,5935.665757265,12434,17407600,0.000000
2177,21.770081,5935.675773579,5935.675773579,12440,17416000,0.000000
2178,21.780065,5935.685757383,5935.685757383,12445,17423000,0.000000
2179,21.790062,5935.695754197,5935.695754197,12451,17431400,0.000000
2180,21.800058,5935.705750597,5935.705750597,12457,17439800,0.000000
2181,21.810064,5935.715756530,5935.715756530,12462,17446800,0.000000
2182,21.820065,5935.725757718,5935.725757718,12468,17455200,0.000000
2183,21.830063,5935.735755169,5935.735755169,12474,17463600,0.000000
2184,21.840080,5935.745772149,5935.745772149,12480,17472000,0.000000
2185,21.850058,5935.755750156,5935.755750156,12485,17479000,0.000000
2186,21.860069,5935.765761278,5935.765761278,12491,17487400,0.000000
2187,21.870066,5935.775757817,5935.775757817,12497,17495800,0.000000
2188,21.880069,5935.785761337,5935.785761337,12502,17502800,0.000000
2189,21.890065,5935.795757664,5935.795757664,12508,17511200,0.000000
2190,21.900080,5935.805772030,5935.805772030,12514,17519600,0.000000
2191,21.910039,5935.815731589,5935.815731589,12520,17528000,0.000000
2192,21.920065,5935.825757271,5935.825757271,12525,17535000,0.000000
2193,21.930063,5935.835755413,5935.835755413,12531,17543400,0.000000
2194,21.940019,5935.845710763,5935.845710763,12537,17551800,0.000000
2195,21.950016,5935.855708534,5935.855708534,12542,17558800,0.000000
2196,21.960066,5935.865757948,5935.865757948,12548,17567200,0.000000
2197,21.970035,5935.875727593,5935.875727593,12554,17575600,0.000000
2198,21.980087,5935.885779624,5935.885779624,12560,17584000,0.000000
2199,21.990069,5935.895761698,5935.895761698,12565,17591000,0.000000
2200,22.000066,5935.905758223,5935.905758223,12571,17599400,0.000000
2201,22.010061,5935.915753554,5935.915753554,12577,17607800,0.000000
2202,22.020068,5935.925759818,5935.925759818,12582,17614800,0.000000
2203,22.030066,5935.935758557,5935.935758557,12588,17623200,0.000000
2204,22.040064,5935.945755807,5935.945755807,12594,17631600,0.000000
2205,22.050082,5935.955774468,5935.955774468,12600,17640000,0.000000
2206,22.060065,5935.965757133,5935.965757133,12605,17647000,0.000000
2207,22.070065,5935.975757050,5935.975757050,12611,17655400,0.000000
2208,22.080063,5935.985754890,5935.985754890,12617,17663800,0.000000
2209,22.090068,5935.995760684,5935.995760684,12622,17670800,0.000000
2210,22.100066,5936.005758117,5936.005758117,12628,17679200,0.000000
2211,22.110069,5936.015761140,5936.015761140,12634,17687600,0.000000
2212,22.120078,5936.025770224,5936.025770224,12640,17696000,0.000000
2213,22.130087,5936.035779491,5936.035779491,12645,17703000,0.000000
2214,22.140066,5936.045758387,5936.045758387,12651,17711400,0.000000
2215,22.150063,5936.055755722,5936.055755722,12657,17719800,0.000000
2216,22.160071,5936.065762816,5936.065762816,12662,17726800,0.000000
2217,22.170075,5936.075767510,5936.075767510,12668,17735200,0.000000
2218,22.180069,5936.085760806,5936.085760806,12674,17743600,0.000000
2219,22.190074,5936.095766422,5936.095766422,12680,17752000,0.000000
2220,22.200078,5936.105770183,5936.105770183,12685,17759000,0.000000
2221,22.210068,5936.115760066,5936.115760066,12691,17767400,0.000000
2222,22.220063,5936.125755719,5936.125755719,12697,17775800,0.000000
2223,22.230078,5936.135770235,5936.135770235,12702,17782800,0.000000
2224,22.240065,5936.145757297,5936.145757297,12708,17791200,0.000000
2225,22.250068,5936.155759959,5936.155759959,12714,17799600,0.000000
2226,22.260083,5936.165775424,5936.165775424,12720,17808000,0.000000
2227,22.270060,5936.175752592,5936.175752592,12725,17815000,0.000000
2228,22.280064,5936.185756682,5936.185756682,12731,17823400,0.000000
2229,22.290070,5936.195762069,5936.195762069,12737,17831800,0.000000
2230,22.300077,5936.205768754,5936.205768754,12742,17838800,0.000000
2231,22.310065,5936.215757501,5936.215757501,12748,17847200,0.000000
2232,22.320065,5936.225757399,5936.225757399,12754,17855600,0.000000
2233,22.330079,5936.235771217,5936.235771217,12760,17864000,0.000000
2234,22.340067,5936.245759285,5936.245759285,12765,17871000,0.000000
2235,22.350064,5936.255755871,5936.255755871,12771,17879400,0.000000
2236,22.360062,5936.265754674,5936.265754674,12777,17887800,0.000000
2237,22.370068,5936.275760117,5936.275760117,12782,17894800,0.000000
2238,22.380084,5936.285776401,5936.285776401,12788,17903200,0.000000
2239,22.390044,5936.295736382,5936.295736382,12794,17911600,0.000000
2240,22.400031,5936.305723607,5936.305723607,12800,17920000,0.000000
2241,22.410067,5936.315759203,5936.315759203,12805,17927000,0.000000
2242,22.420067,5936.325759241,5936.325759241,12811,17935400,0.000000
2243,22.430068,5936.335760146,5936.335760146,12817,17943800,0.000000
2244,22.440073,5936.345765359,5936.345765359,12822,17950800,0.000000
2245,22.450070,5936.355762492,5936.355762492,12828,17959200,0.000000
2246,22.460066,5936.365758441,5936.365758441,12834,17967600,0.000000
2247,22.470082,5936.375773791,5936.375773791,12840,17976000,0.000000
2248,22.480067,5936.385758754,5936.385758754,12845,17983000,0.000000
2249,22.490066,5936.395757819,5936.395757819,12851,17991400,0.000000
2250,22.500063,5936.405755380,5936.405755380,12857,17999800,0.000000
2251,22.510067,5936.415758976,5936.415758976,12862,18006800,0.000000
2252,22.520068,5936.425760197,5936.425760197,12868,18015200,0.000000
2253,22.530067,5936.435759284,5936.435759284,12874,18023600,0.000000
2254,22.540070,5936.445762011,5936.445762011,12880,18032000,0.000000
2255,22.550071,5936.455763011,5936.455763011,12885,18039000,0.000000
2256,22.560066,5936.465757980,5936.465757980,12891,18047400,0.000000
2257,22.570066,5936.475758015,5936.475758015,12897,18055800,0.000000
2258,22.580070,5936.485762462,5936.485762462,12902,18062800,0.000000
2259,22.590067,5936.495758820,5936.495758820,12908,18071200,0.000000
2260,22.600066,5936.505758734,5936.505758734,12914,18079600,0.000000
2261,22.610076,5936.515768189,5936.515768189,12920,18088000,0.000000
2262,22.620071,5936.525762923,5936.525762923,12925,18095000,0.000000
2263,22.630065,5936.535757289,5936.535757289,12931,18103400,0.000000
2264,22.640066,5936.545758227,5936.545758227,12937,18111800,0.000000
2265,22.650067,5936.555758914,5936.555758914,12942,18118800,0.000000
2266,22.660066,5936.565758581,5936.565758581,12948,18127200,0.000000
2267,22.670067,5936.575758794,5936.575758794,12954,18135600,0.000000
2268,22.680079,5936.585771352,5936.585771352,12960,18144000,0.000000
2269,22.690064,5936.595756240,5936.595756240,12965,18151000,0.000000
2270,22.700066,5936.605757781,5936.605757781,12971,18159400,0.000000
2271,22.710063,5936.615755581,5936.615755581,12977,18167800,0.000000
2272,22.720069,5936.625761712,5936.625761712,12982,18174800,0.000000
2273,22.730067,5936.635759207,5936.635759207,12988,18183200,0.000000
2274,22.740067,5936.645759097,5936.645759097,12994,18191600,0.000000
2275,22.750074,5936.655766006,5936.655766006,13000,18200000,0.000000
2276,22.760068,5936.665760568,5936.665760568,13005,18207000,0.000000
2277,22.770067,5936.675759486,5936.675759486,13011,18215400,0.000000
2278,22.780061,5936.685753628,5936.685753628,13017,18223800,0.000000
2279,22.790068,5936.695760165,5936.695760165,13022,18230800,0.000000
2280,22.800066,5936.705758730,5936.705758730,13028,18239200,0.000000
2281,22.810064,5936.715756420,5936.715756420,13034,18247600,0.000000
2282,22.820071,5936.725763014,5936.725763014,13040,18256000,0.000000
2283,22.830064,5936.735756734,5936.735756734,13045,18263000,0.000000
2284,22.840064,5936.745756137,5936.745756137,13051,18271400,0.000000
2285,22.850065,5936.755756946,5936.755756946,13057,18279800,0.000000
2286,22.860074,5936.765765795,5936.765765795,13062,18286800,0.000000
2287,22.870070,5936.775761861,5936.775761861,13068,18295200,0.000000
2288,22.880068,5936.785759851,5936.785759851,13074,18303600,0.000000
2289,22.890076,5936.795768422,5936.795768422,13080,18312000,0.000000
2290,22.900069,5936.805761292,5936.805761292,13085,18319000,0.000000
2291,22.910069,5936.815761043,5936.815761043,13091,18327400,0.000000
2292,22.920068,5936.825759967,5936.825759967,13097,18335800,0.000000
2293,22.930065,5936.835756773,5936.835756773,13102,18342800,0.000000
2294,22.940064,5936.845756562,5936.845756562,13108,18351200,0.000000
2295,22.950067,5936.855759296,5936.855759296,13114,18359600,0.000000
2296,22.960076,5936.865768457,5936.865768457,13120,18368000,0.000000
2297,22.970066,5936.875757979,5936.875757979,13125,18375000,0.000000
2298,22.980063,5936.885755128,5936.885755128,13131,18383400,0.000000
2299,22.990059,5936.895751497,5936.895751497,13137,18391800,0.000000
2300,23.000071,5936.905762838,5936.905762838,13142,18398800,0.000000
2301,23.010072,5936.915764240,5936.915764240,13148,18407200,0.000000
2302,23.020064,5936.925756006,5936.925756006,13154,18415600,0.000000
2303,23.030073,5936.935764918,5936.935764918,13160,18424000,0.000000
2304,23.040066,5936.945758297,5936.945758297,13165,18431000,0.000000
2305,23.050067,5936.955759153,5936.955759153,13171,18439400,0.000000
2306,23.060065,5936.965757497,5936.965757497,13177,18447800,0.000000
2307,23.070068,5936.975759832,5936.975759832,13182,18454800,0.000000
2308,23.080075,5936.985766834,5936.985766834,13188,18463200,0.000000
2309,23.090071,5936.995763308,5936.995763308,13194,18471600,0.000000
2310,23.100084,5937.005776715,5937.005776715,13200,18480000,0.000000
2311,23.110065,5937.015757060,5937.015757060,13205,18487000,0.000000
2312,23.120065,5937.025757490,5937.025757490,13211,18495400,0.000000
2313,23.130058,5937.035750372,5937.035750372,13217,18503800,0.000000
2314,23.140045,5937.045737398,5937.045737398,13222,18510800,0.000000
2315,23.150069,5937.055760787,5937.055760787,13228,18519200,0.000000
2316,23.160063,5937.065755275,5937.065755275,13234,18527600,0.000000
2317,23.170082,5937.075774233,5937.075774233,13240,18536000,0.000000
2318,23.180067,5937.085758811,5937.085758811,13245,18543000,0.000000
2319,23.190068,5937.095760407,5937.095760407,13251,18551400,0.000000
2320,23.200058,5937.105749897,5937.105749897,13257,18559800,0.000000
2321,23.210063,5937.115755475,5937.115755475,13262,18566800,0.000000
2322,23.220087,5937.125779660,5937.125779660,13268,18575200,0.000000
2323,23.230064,5937.135755795,5937.135755795,13274,18583600,0.000000
2324,23.240076,5937.145768659,5937.145768659,13280,18592000,0.000000
2325,23.250063,5937.155755382,5937.155755382,13285,18599000,0.000000
2326,23.260065,5937.165757366,5937.165757366,13291,18607400,0.000000
2327,23.270062,5937.175754666,5937.175754666,13297,18615800,0.000000
2328,23.280059,5937.185751654,5937.185751654,13302,18622800,0.000000
2329,23.290067,5937.195759136,5937.195759136,13308,18631200,0.000000
2330,23.300067,5937.205759391,5937.205759391,13314,18639600,0.000000
2331,23.310077,5937.215769196,5937.215769196,13320,18648000,0.000000
2332,23.320064,5937.225756413,5937.225756413,13325,18655000,0.000000
2333,23.330063,5937.235755567,5937.235755567,13331,18663400,0.000000
2334,23.340063,5937.245755028,5937.245755028,13337,18671800,0.000000
2335,23.350066,5937.255758696,5937.255758696,13342,18678800,0.000000
2336,23.360066,5937.265758556,5937.265758556,13348,18687200,0.000000
2337,23.370065,5937.275757682,5937.275757682,13354,18695600,0.000000
2338,23.380073,5937.285765443,5937.285765443,13360,18704000,0.000000
2339,23.390063,5937.295755121,5937.295755121,13365,18711000,0.000000
2340,23.400066,5937.305758464,5937.305758464,13371,18719400,0.000000
2341,23.410044,5937.315735834,5937.315735834,13377,18727800,0.000000
2342,23.420038,5937.325730365,5937.325730365,13382,18734800,0.000000
2343,23.430066,5937.335758075,5937.335758075,13388,18743200,0.000000
2344,23.440067,5937.345759352,5937.345759352,13394,18751600,0.000000
2345,23.450077,5937.355769225,5937.355769225,13400,18760000,0.000000
2346,23.460067,5937.365759306,5937.365759306,13405,18767000,0.000000
2347,23.470070,5937.375762075,5937.375762075,13411,18775400,0.000000
2348,23.480062,5937.385754361,5937.385754361,13417,18783800,0.000000
2349,23.490067,5937.395759361,5937.395759361,13422,18790800,0.000000
2350,23.500065,5937.405757210,5937.405757210,13428,18799200,0.000000
2351,23.510067,5937.415759212,5937.415759212,13434,18807600,0.000000
2352,23.520074,5937.425766339,5937.425766339,13440,18816000,0.000000
2353,23.530058,5937.435749827,5937.435749827,13445,18823000,0.000000
2354,23.540081,5937.445773056,5937.445773056,13451,18831400,0.000000
2355,23.550067,5937.455758918,5937.455758918,13457,18839800,0.000000
2356,23.560061,5937.465753583,5937.465753583,13462,18846800,0.000000
2357,23.570064,5937.475755783,5937.475755783,13468,18855200,0.000000
2358,23.580067,5937.485759368,5937.485759368,13474,18863600,0.000000
2359,23.590073,5937.495765338,5937.495765338,13480,18872000,0.000000
2360,23.600069,5937.505761072,5937.505761072,13485,18879000,0.000000
2361,23.610068,5937.515760583,5937.515760583,13491,18887400,0.000000
2362,23.620062,5937.525753869,5937.525753869,13497,18895800,0.000000
2363,23.630060,5937.535752422,5937.535752422,13502,18902800,0.000000
2364,23.640061,5937.545753673,5937.545753673,13508,18911200,0.000000
2365,23.650067,5937.555759544,5937.555759544,13514,18919600,0.000000
2366,23.660071,5937.565763256,5937.565763256,13520,18928000,0.000000
2367,23.670064,5937.575756730,5937.575756730,13525,18935000,0.000000
2368,23.680064,5937.585756043,5937.585756043,13531,18943400,0.000000
2369,23.690067,5937.595759103,5937.595759103,13537,18951800,0.000000
2370,23.700059,5937.605751316,5937.605751316,13542,18958800,0.000000
2371,23.710066,5937.615758419,5937.615758419,13548,18967200,0.000000
2372,23.720073,5937.625765711,5937.625765711,13554,18975600,0.000000
2373,23.730051,5937.635743642,5937.635743642,13560,18984000,0.000000
2374,23.740065,5937.645757683,5937.645757683,13565,18991000,0.000000
2375,23.750072,5937.655764543,5937.655764543,13571,18999400,0.000000
2376,23.760062,5937.665754193,5937.665754193,13577,19007800,0.000000
2377,23.770065,5937.675757546,5937.675757546,13582,19014800,0.000000
2378,23.780069,5937.685760756,5937.685760756,13588,19023200,0.000000
2379,23.790063,5937.695755626,5937.695755626,13594,19031600,0.000000
2380,23.800082,5937.705774196,5937.705774196,13600,19040000,0.000000
2381,23.810067,5937.715759386,5937.715759386,13605,19047000,0.000000
2382,23.820065,5937.725756958,5937.725756958,13611,19055400,0.000000
2383,23.830062,5937.735753993,5937.735753993,13617,19063800,0.000000
2384,23.840065,5937.745756874,5937.745756874,13622,19070800,0.000000
2385,23.850067,5937.755759512,5937.755759512,13628,19079200,0.000000
2386,23.860068,5937.765760291,5937.765760291,13634,19087600,0.000000
2387,23.870042,5937.775734218,5937.775734218,13640,19096000,0.000000
2388,23.880074,5937.785766031,5937.785766031,13645,19103000,0.000000
2389,23.890065,5937.795757344,5937.795757344,13651,19111400,0.000000
2390,23.900070,5937.805762107,5937.805762107,13657,19119800,0.000000
2391,23.910063,5937.815755737,5937.815755737,13662,19126800,0.000000
2392,23.920068,5937.825760190,5937.825760190,13668,19135200,0.000000
2393,23.930068,5937.835760401,5937.835760401,13674,19143600,0.000000
2394,23.940085,5937.845777393,5937.845777393,13680,19152000,0.000000
2395,23.950069,5937.855760976,5937.855760976,13685,19159000,0.000000
2396,23.960066,5937.865758092,5937.865758092,13691,19167400,0.000000
2397,23.970062,5937.875754457,5937.875754457,13697,19175800,0.000000
2398,23.980063,5937.885754978,5937.885754978,13702,19182800,0.000000
2399,23.990067,5937.895759477,5937.895759477,13708,19191200,0.000000
2400,24.000067,5937.905759652,5937.905759652,13714,19199600,0.000000
2401,24.010078,5937.915769981,5937.915769981,13720,19208000,0.000000
2402,24.020065,5937.925757544,5937.925757544,13725,19215000,0.000000
2403,24.030088,5937.935780640,5937.935780640,13731,19223400,0.000000
2404,24.040063,5937.945755604,5937.945755604,13737,19231800,0.000000
2405,24.050060,5937.955752572,5937.955752572,13742,19238800,0.000000
2406,24.060066,5937.965757911,5937.965757911,13748,19247200,0.000000
2407,24.070067,5937.975759040,5937.975759040,13754,19255600,0.000000
2408,24.080071,5937.985762951,5937.985762951,13760,19264000,0.000000
2409,24.090077,5937.995768938,5937.995768938,13765,19271000,0.000000
2410,24.100071,5938.005763677,5938.005763677,13771,19279400,0.000000
2411,24.110076,5938.015768229,5938.015768229,13777,19287800,0.000000
2412,24.120070,5938.025761978,5938.025761978,13782,19294800,0.000000
2413,24.130078,5938.035770020,5938.035770020,13788,19303200,0.000000
2414,24.140064,5938.045756145,5938.045756145,13794,19311600,0.000000
2415,24.150075,5938.055766761,5938.055766761,13800,19320000,0.000000
2416,24.160067,5938.065759431,5938.065759431,13805,19327000,0.000000
2417,24.170064,5938.075755806,5938.075755806,13811,19335400,0.000000
2418,24.180042,5938.085734575,5938.085734575,13817,19343800,0.000000
2419,24.190074,5938.095766282,5938.095766282,13822,19350800,0.000000
2420,24.200066,5938.105758731,5938.105758731,13828,19359200,0.000000
2421,24.210069,5938.115761468,5938.115761468,13834,19367600,0.000000
2422,24.220078,5938.125769962,5938.125769962,13840,19376000,0.000000
2423,24.230070,5938.135762233,5938.135762233,13845,19383000,0.000000
2424,24.240070,5938.145762024,5938.145762024,13851,19391400,0.000000
2425,24.250059,5938.155750845,5938.155750845,13857,19399800,0.000000
2426,24.260065,5938.165757629,5938.165757629,13862,19406800,0.000000
2427,24.270073,5938.175765185,5938.175765185,13868,19415200,0.000000
2428,24.280068,5938.185759985,5938.185759985,13874,19423600,0.000000
2429,24.290071,5938.195763528,5938.195763528,13880,19432000,0.000000
2430,24.300066,5938.205758228,5938.205758228,13885,19439000,0.000000
2431,24.310066,5938.215757766,5938.215757766,13891,19447400,0.000000
2432,24.320065,5938.225757681,5938.225757681,13897,19455800,0.000000
2433,24.330060,5938.235752521,5938.235752521,13902,19462800,0.000000
2434,24.340066,5938.245758205,5938.245758205,13908,19471200,0.000000
2435,24.350068,5938.255760402,5938.255760402,13914,19479600,0.000000
2436,24.360041,5938.265733305,5938.265733305,13920,19488000,0.000000
2437,24.370071,5938.275762770,5938.275762770,13925,19495000,0.000000
2438,24.380064,5938.285756419,5938.285756419,13931,19503400,0.000000
2439,24.390063,5938.295755112,5938.295755112,13937,19511800,0.000000
2440,24.400062,5938.305753763,5938.305753763,13942,19518800,0.000000
2441,24.410072,5938.315764102,5938.315764102,13948,19527200,0.000000
2442,24.420089,5938.325780988,5938.325780988,13954,19535600,0.000000
2443,24.430090,5938.335782657,5938.335782657,13960,19544000,0.000000
2444,24.440067,5938.345758918,5938.345758918,13965,19551000,0.000000
2445,24.450065,5938.355757224,5938.355757224,13971,19559400,0.000000
2446,24.460060,5938.365752396,5938.365752396,13977,19567800,0.000000
2447,24.470073,5938.375765523,5938.375765523,13982,19574800,0.000000
2448,24.480073,5938.385765562,5938.385765562,13988,19583200,0.000000
2449,24.490075,5938.395766808,5938.395766808,13994,19591600,0.000000
2450,24.500076,5938.405768083,5938.405768083,14000,19600000,0.000000
2451,24.510081,5938.415772877,5938.415772877,14005,19607000,0.000000
2452,24.520067,5938.425759564,5938.425759564,14011,19615400,0.000000
2453,24.530059,5938.435751153,5938.435751153,14017,19623800,0.000000
2454,24.540047,5938.445739705,5938.445739705,14022,19630800,0.000000
2455,24.550066,5938.455758702,5938.455758702,14028,19639200,0.000000
2456,24.560066,5938.465758533,5938.465758533,14034,19647600,0.000000
2457,24.570080,5938.475772278,5938.475772278,14040,19656000,0.000000
2458,24.580074,5938.485765981,5938.485765981,14045,19663000,0.000000
2459,24.590074,5938.495766431,5938.495766431,14051,19671400,0.000000
2460,24.600058,5938.505750002,5938.505750002,14057,19679800,0.000000
2461,24.610067,5938.515759405,5938.515759405,14062,19686800,0.000000
2462,24.620061,5938.525752850,5938.525752850,14068,19695200,0.000000
2463,24.630061,5938.535752948,5938.535752948,14074,19703600,0.000000
2464,24.640076,5938.545768026,5938.545768026,14080,19712000,0.000000
2465,24.650078,5938.555769882,5938.555769882,14085,19719000,0.000000
2466,24.660067,5938.565759202,5938.565759202,14091,19727400,0.000000
2467,24.670068,5938.575759866,5938.575759866,14097,19735800,0.000000
2468,24.680078,5938.585770573,5938.585770573,14102,19742800,0.000000
2469,24.690067,5938.595759246,5938.595759246,14108,19751200,0.000000
2470,24.700055,5938.605747213,5938.605747213,14114,19759600,0.000000
2471,24.710076,5938.615768034,5938.615768034,14120,19768000,0.000000
2472,24.720065,5938.625757648,5938.625757648,14125,19775000,0.000000
2473,24.730073,5938.635764932,5938.635764932,14131,19783400,0.000000
2474,24.740058,5938.645750478,5938.645750478,14137,19791800,0.000000
2475,24.750066,5938.655757815,5938.655757815,14142,19798800,0.000000
2476,24.760064,5938.665756573,5938.665756573,14148,19807200,0.000000
2477,24.770074,5938.675766308,5938.675766308,14154,19815600,0.000000
2478,24.780077,5938.685769113,5938.685769113,14160,19824000,0.000000
2479,24.790059,5938.695750910,5938.695750910,14165,19831000,0.000000
2480,24.800036,5938.705728218,5938.705728218,14171,19839400,0.000000
2481,24.810061,5938.715753662,5938.715753662,14177,19847800,0.000000
2482,24.820065,5938.725757069,5938.725757069,14182,19854800,0.000000
2483,24.830063,5938.735755167,5938.735755167,14188,19863200,0.000000
2484,24.840051,5938.745743292,5938.745743292,14194,19871600,0.000000
2485,24.850072,5938.755764657,5938.755764657,14200,19880000,0.000000
2486,24.860064,5938.765756322,5938.765756322,14205,19887000,0.000000
2487,24.870064,5938.775756046,5938.775756046,14211,19895400,0.000000
2488,24.880064,5938.785756441,5938.785756441,14217,19903800,0.000000
2489,24.890064,5938.795756101,5938.795756101,14222,19910800,0.000000
2490,24.900068,5938.805759745,5938.805759745,14228,19919200,0.000000
2491,24.910054,5938.815746650,5938.815746650,14234,19927600,0.000000
2492,24.920075,5938.825767688,5938.825767688,14240,19936000,0.000000
2493,24.930059,5938.835751134,5938.835751134,14245,19943000,0.000000
2494,24.940044,5938.845736515,5938.845736515,14251,19951400,0.000000
2495,24.950063,5938.855755348,5938.855755348,14257,19959800,0.000000
2496,24.960036,5938.865728225,5938.865728225,14262,19966800,0.000000
2497,24.970060,5938.875751916,5938.875751916,14268,19975200,0.000000
2498,24.980055,5938.885747192,5938.885747192,14274,19983600,0.000000
2499,24.990087,5938.895779421,5938.895779421,14280,19992000,0.000000
2500,25.000067,5938.905758908,5938.905758908,14285,19999000,0.000000
2501,25.010064,5938.915756126,5938.915756126,14291,20007400,0.000000
2502,25.020059,5938.925751698,5938.925751698,14297,20015800,0.000000
2503,25.030060,5938.935752652,5938.935752652,14302,20022800,0.000000
2504,25.040064,5938.945755970,5938.945755970,14308,20031200,0.000000
2505,25.050058,5938.955750358,5938.955750358,14314,20039600,0.000000
2506,25.060045,5938.965736952,5938.965736952,14320,20048000,0.000000
2507,25.070060,5938.975751771,5938.975751771,14325,20055000,0.000000
2508,25.080084,5938.985776403,5938.985776403,14331,20063400,0.000000
2509,25.090067,5938.995759015,5938.995759015,14337,20071800,0.000000
2510,25.100060,5939.005752054,5939.005752054,14342,20078800,0.000000
2511,25.110067,5939.015759721,5939.015759721,14348,20087200,0.000000
2512,25.120065,5939.025756746,5939.025756746,14354,20095600,0.000000
2513,25.130118,5939.035810325,5939.035810325,14360,20104000,0.000000
2514,25.140073,5939.045765105,5939.045765105,14365,20111000,0.000000
2515,25.150059,5939.055750895,5939.055750895,14371,20119400,0.000000
2516,25.160058,5939.065750020,5939.065750020,14377,20127800,0.000000
2517,25.170065,5939.075757343,5939.075757343,14382,20134800,0.000000
2518,25.180074,5939.085766477,5939.085766477,14388,20143200,0.000000
2519,25.190063,5939.095755486,5939.095755486,14394,20151600,0.000000
2520,25.200074,5939.105766162,5939.105766162,14400,20160000,0.000000
2521,25.210066,5939.115758347,5939.115758347,14405,20167000,0.000000
2522,25.220065,5939.125756791,5939.125756791,14411,20175400,0.000000
2523,25.230064,5939.135756099,5939.135756099,14417,20183800,0.000000
2524,25.240062,5939.145754017,5939.145754017,14422,20190800,0.000000
2525,25.250062,5939.155754100,5939.155754100,14428,20199200,0.000000
2526,25.260058,5939.165750522,5939.165750522,14434,20207600,0.000000
2527,25.270080,5939.175772109,5939.175772109,14440,20216000,0.000000
2528,25.280066,5939.185758186,5939.185758186,14445,20223000,0.000000
2529,25.290065,5939.195757392,5939.195757392,14451,20231400,0.000000
2530,25.300069,5939.205761065,5939.205761065,14457,20239800,0.000000
2531,25.310065,5939.215756910,5939.215756910,14462,20246800,0.000000
2532,25.320066,5939.225758719,5939.225758719,14468,20255200,0.000000
2533,25.330054,5939.235746679,5939.235746679,14474,20263600,0.000000
2534,25.340076,5939.245768464,5939.245768464,14480,20272000,0.000000
2535,25.350068,5939.255759839,5939.255759839,14485,20279000,0.000000
2536,25.360066,5939.265758397,5939.265758397,14491,20287400,0.000000
2537,25.370065,5939.275757375,5939.275757375,14497,20295800,0.000000
2538,25.380065,5939.285757588,5939.285757588,14502,20302800,0.000000
2539,25.390063,5939.295755623,5939.295755623,14508,20311200,0.000000
2540,25.400058,5939.305750639,5939.305750639,14514,20319600,0.000000
2541,25.410070,5939.315762041,5939.315762041,14520,20328000,0.000000
2542,25.420067,5939.325759180,5939.325759180,14525,20335000,0.000000
2543,25.430066,5939.335757881,5939.335757881,14531,20343400,0.000000
2544,25.440067,5939.345759287,5939.345759287,14537,20351800,0.000000
2545,25.450064,5939.355755876,5939.355755876,14542,20358800,0.000000
2546,25.460064,5939.365756347,5939.365756347,14548,20367200,0.000000
2547,25.470065,5939.375757609,5939.375757609,14554,20375600,0.000000
2548,25.480081,5939.385773376,5939.385773376,14560,20384000,0.000000
2549,25.490066,5939.395758738,5939.395758738,14565,20391000,0.000000
2550,25.500065,5939.405757346,5939.405757346,14571,20399400,0.000000
2551,25.510057,5939.415749633,5939.415749633,14577,20407800,0.000000
2552,25.520065,5939.425757563,5939.425757563,14582,20414800,0.000000
2553,25.530064,5939.435756346,5939.435756346,14588,20423200,0.000000
2554,25.540066,5939.445757766,5939.445757766,14594,20431600,0.000000
2555,25.550077,5939.455768837,5939.455768837,14600,20440000,0.000000
2556,25.560063,5939.465755393,5939.465755393,14605,20447000,0.000000
2557,25.570065,5939.475756803,5939.475756803,14611,20455400,0.000000
2558,25.580059,5939.485750754,5939.485750754,14617,20463800,0.000000
2559,25.590066,5939.495758262,5939.495758262,14622,20470800,0.000000
2560,25.600066,5939.505758296,5939.505758296,14628,20479200,0.000000
2561,25.610063,5939.515755720,5939.515755720,14634,20487600,0.000000
2562,25.620053,5939.525744958,5939.525744958,14640,20496000,0.000000
2563,25.630059,5939.535751054,5939.535751054,14645,20503000,0.000000
2564,25.640064,5939.545756295,5939.545756295,14651,20511400,0.000000
2565,25.650058,5939.555750071,5939.555750071,14657,20519800,0.000000
2566,25.660066,5939.565757998,5939.565757998,14662,20526800,0.000000
2567,25.670068,5939.575760223,5939.575760223,14668,20535200,0.000000
2568,25.680067,5939.585759298,5939.585759298,14674,20543600,0.000000
2569,25.690079,5939.595771256,5939.595771256,14680,20552000,0.000000
2570,25.700076,5939.605767793,5939.605767793,14685,20559000,0.000000
2571,25.710065,5939.615757452,5939.615757452,14691,20567400,0.000000
2572,25.720058,5939.625750167,5939.625750167,14697,20575800,0.000000
2573,25.730067,5939.635759263,5939.635759263,14702,20582800,0.000000
2574,25.740060,5939.645751792,5939.645751792,14708,20591200,0.000000
2575,25.750057,5939.655748841,5939.655748841,14714,20599600,0.000000
2576,25.760076,5939.665767816,5939.665767816,14720,20608000,0.000000
2577,25.770065,5939.675757291,5939.675757291,14725,20615000,0.000000
2578,25.780063,5939.685755461,5939.685755461,14731,20623400,0.000000
2579,25.790061,5939.695753188,5939.695753188,14737,20631800,0.000000
2580,25.800074,5939.705766066,5939.705766066,14742,20638800,0.000000
2581,25.810067,5939.715759647,5939.715759647,14748,20647200,0.000000
2582,25.820068,5939.725759850,5939.725759850,14754,20655600,0.000000
2583,25.830077,5939.735769410,5939.735769410,14760,20664000,0.000000
2584,25.840068,5939.745760363,5939.745760363,14765,20671000,0.000000
2585,25.850067,5939.755759638,5939.755759638,14771,20679400,0.000000
2586,25.860069,5939.765760815,5939.765760815,14777,20687800,0.000000
2587,25.870068,5939.775760431,5939.775760431,14782,20694800,0.000000
2588,25.880068,5939.785760425,5939.785760425,14788,20703200,0.000000
2589,25.890063,5939.795755212,5939.795755212,14794,20711600,0.000000
2590,25.900039,5939.805731101,5939.805731101,14800,20720000,0.000000
2591,25.910068,5939.815760127,5939.815760127,14805,20727000,0.000000
2592,25.920067,5939.825759671,5939.825759671,14811,20735400,0.000000
2593,25.930058,5939.835750204,5939.835750204,14817,20743800,0.000000
2594,25.940067,5939.845759312,5939.845759312,14822,20750800,0.000000
2595,25.950071,5939.855763068,5939.855763068,14828,20759200,0.000000
2596,25.960068,5939.865759760,5939.865759760,14834,20767600,0.000000
2597,25.970079,5939.875771454,5939.875771454,14840,20776000,0.000000
2598,25.980071,5939.885763355,5939.885763355,14845,20783000,0.000000
2599,25.990065,5939.895757302,5939.895757302,14851,20791400,0.000000
2600,26.000028,5939.905720725,5939.905720725,14857,20799800,0.000000
2601,26.010071,5939.915762821,5939.915762821,14862,20806800,0.000000
2602,26.020068,5939.925759860,5939.925759860,14868,20815200,0.000000
2603,26.030060,5939.935752069,5939.935752069,14874,20823600,0.000000
2604,26.040075,5939.945767197,5939.945767197,14880,20832000,0.000000
2605,26.050069,5939.955760814,5939.955760814,14885,20839000,0.000000
2606,26.060064,5939.965756360,5939.965756360,14891,20847400,0.000000
2607,26.070067,5939.975759187,5939.975759187,14897,20855800,0.000000
2608,26.080069,5939.985761325,5939.985761325,14902,20862800,0.000000
2609,26.090065,5939.995757522,5939.995757522,14908,20871200,0.000000
2610,26.100098,5940.005790608,5940.005790608,14914,20879600,0.000000
2611,26.110080,5940.015772354,5940.015772354,14920,20888000,0.000000
2612,26.120068,5940.025760686,5940.025760686,14925,20895000,0.000000
2613,26.130068,5940.035760391,5940.035760391,14931,20903400,0.000000
2614,26.140067,5940.045759683,5940.045759683,14937,20911800,0.000000
2615,26.150070,5940.055762393,5940.055762393,14942,20918800,0.000000
2616,26.160065,5940.065757001,5940.065757001,14948,20927200,0.000000
2617,26.170059,5940.075750820,5940.075750820,14954,20935600,0.000000
2618,26.180091,5940.085783722,5940.085783722,14960,20944000,0.000000
2619,26.190070,5940.095762005,5940.095762005,14965,20951000,0.000000
2620,26.200064,5940.105755763,5940.105755763,14971,20959400,0.000000
2621,26.210061,5940.115753141,5940.115753141,14977,20967800,0.000000
2622,26.220060,5940.125752460,5940.125752460,14982,20974800,0.000000
2623,26.230068,5940.135759765,5940.135759765,14988,20983200,0.000000
2624,26.240067,5940.145759730,5940.145759730,14994,20991600,0.000000
2625,26.250073,5940.155765455,5940.155765455,15000,21000000,0.000000
2626,26.260064,5940.165756464,5940.165756464,15005,21007000,0.000000
2627,26.270065,5940.175757173,5940.175757173,15011,21015400,0.000000
2628,26.280061,5940.185753605,5940.185753605,15017,21023800,0.000000
2629,26.290060,5940.195752545,5940.195752545,15022,21030800,0.000000
2630,26.300068,5940.205759805,5940.205759805,15028,21039200,0.000000
2631,26.310068,5940.215759768,5940.215759768,15034,21047600,0.000000
2632,26.320081,5940.225772913,5940.225772913,15040,21056000,0.000000
2633,26.330065,5940.235757231,5940.235757231,15045,21063000,0.000000
2634,26.340069,5940.245761190,5940.245761190,15051,21071400,0.000000
2635,26.350061,5940.255753059,5940.255753059,15057,21079800,0.000000
2636,26.360073,5940.265765098,5940.265765098,15062,21086800,0.000000
2637,26.370066,5940.275758672,5940.275758672,15068,21095200,0.000000
2638,26.380064,5940.285756705,5940.285756705,15074,21103600,0.000000
2639,26.390079,5940.295771393,5940.295771393,15080,21112000,0.000000
2640,26.400067,5940.305759129,5940.305759129,15085,21119000,0.000000
2641,26.410068,5940.315760468,5940.315760468,15091,21127400,0.000000
2642,26.420062,5940.325754543,5940.325754543,15097,21135800,0.000000
2643,26.430060,5940.335752717,5940.335752717,15102,21142800,0.000000
2644,26.440060,5940.345752476,5940.345752476,15108,21151200,0.000000
2645,26.450063,5940.355755659,5940.355755659,15114,21159600,0.000000
2646,26.460084,5940.365776501,5940.365776501,15120,21168000,0.000000
2647,26.470069,5940.375760885,5940.375760885,15125,21175000,0.000000
2648,26.480066,5940.385757757,5940.385757757,15131,21183400,0.000000
2649,26.490068,5940.395760193,5940.395760193,15137,21191800,0.000000
2650,26.500070,5940.405762113,5940.405762113,15142,21198800,0.000000
2651,26.510064,5940.415756556,5940.415756556,15148,21207200,0.000000
2652,26.520071,5940.425762994,5940.425762994,15154,21215600,0.000000
2653,26.530075,5940.435767262,5940.435767262,15160,21224000,0.000000
2654,26.540065,5940.445757418,5940.445757418,15165,21231000,0.000000
2655,26.550063,5940.455755698,5940.455755698,15171,21239400,0.000000
2656,26.560067,5940.465759177,5940.465759177,15177,21247800,0.000000
2657,26.570066,5940.475758738,5940.475758738,15182,21254800,0.000000
2658,26.580063,5940.485755495,5940.485755495,15188,21263200,0.000000
2659,26.590060,5940.495752202,5940.495752202,15194,21271600,0.000000
2660,26.600031,5940.505723138,5940.505723138,15200,21280000,0.000000
2661,26.610058,5940.515749827,5940.515749827,15205,21287000,0.000000
2662,26.620063,5940.525755095,5940.525755095,15211,21295400,0.000000
2663,26.630066,5940.535758578,5940.535758578,15217,21303800,0.000000
2664,26.640063,5940.545755545,5940.545755545,15222,21310800,0.000000
2665,26.650065,5940.555757182,5940.555757182,15228,21319200,0.000000
2666,26.660058,5940.565750328,5940.565750328,15234,21327600,0.000000
2667,26.670075,5940.575767264,5940.575767264,15240,21336000,0.000000
2668,26.680065,5940.585757430,5940.585757430,15245,21343000,0.000000
2669,26.690060,5940.595751837,5940.595751837,15251,21351400,0.000000
2670,26.700062,5940.605753978,5940.605753978,15257,21359800,0.000000
2671,26.710069,5940.615760892,5940.615760892,15262,21366800,0.000000
2672,26.720077,5940.625769147,5940.625769147,15268,21375200,0.000000
2673,26.730068,5940.635760294,5940.635760294,15274,21383600,0.000000
2674,26.740086,5940.645778416,5940.645778416,15280,21392000,0.000000
2675,26.750070,5940.655762235,5940.655762235,15285,21399000,0.000000
2676,26.760070,5940.665761815,5940.665761815,15291,21407400,0.000000
2677,26.770059,5940.675751139,5940.675751139,15297,21415800,0.000000
2678,26.780095,5940.685786750,5940.685786750,15302,21422800,0.000000
2679,26.790069,5940.695761558,5940.695761558,15308,21431200,0.000000
2680,26.800065,5940.705756782,5940.705756782,15314,21439600,0.000000
2681,26.810081,5940.715773012,5940.715773012,15320,21448000,0.000000
2682,26.820065,5940.725757652,5940.725757652,15325,21455000,0.000000
2683,26.830065,5940.735757066,5940.735757066,15331,21463400,0.000000
2684,26.840062,5940.745754132,5940.745754132,15337,21471800,0.000000
2685,26.850063,5940.755755493,5940.755755493,15342,21478800,0.000000
2686,26.860074,5940.765766255,5940.765766255,15348,21487200,0.000000
2687,26.870071,5940.775763562,5940.775763562,15354,21495600,0.000000
2688,26.880101,5940.785793187,5940.785793187,15360,21504000,0.000000
2689,26.890067,5940.795758875,5940.795758875,15365,21511000,0.000000
2690,26.900063,5940.805755377,5940.805755377,15371,21519400,0.000000
2691,26.910058,5940.815749783,5940.815749783,15377,21527800,0.000000
2692,26.920072,5940.825764700,5940.825764700,15382,21534800,0.000000
2693,26.930089,5940.835781326,5940.835781326,15388,21543200,0.000000
2694,26.940059,5940.845751599,5940.845751599,15394,21551600,0.000000
2695,26.950074,5940.855766122,5940.855766122,15400,21560000,0.000000
2696,26.960070,5940.865762478,5940.865762478,15405,21567000,0.000000
2697,26.970059,5940.875751312,5940.875751312,15411,21575400,0.000000
2698,26.980062,5940.885754149,5940.885754149,15417,21583800,0.000000
2699,26.990067,5940.895759386,5940.895759386,15422,21590800,0.000000
2700,27.000072,5940.905764242,5940.905764242,15428,21599200,0.000000
2701,27.010067,5940.915759290,5940.915759290,15434,21607600,0.000000
2702,27.020078,5940.925770338,5940.925770338,15440,21616000,0.000000
2703,27.030068,5940.935760316,5940.935760316,15445,21623000,0.000000
2704,27.040074,5940.945766058,5940.945766058,15451,21631400,0.000000
2705,27.050063,5940.955754775,5940.955754775,15457,21639800,0.000000
2706,27.060065,5940.965756861,5940.965756861,15462,21646800,0.000000
2707,27.070066,5940.975758232,5940.975758232,15468,21655200,0.000000
2708,27.080066,5940.985757945,5940.985757945,15474,21663600,0.000000
2709,27.090072,5940.995763840,5940.995763840,15480,21672000,0.000000
2710,27.100068,5941.005760145,5941.005760145,15485,21679000,0.000000
2711,27.110063,5941.015755547,5941.015755547,15491,21687400,0.000000
2712,27.120063,5941.025755668,5941.025755668,15497,21695800,0.000000
2713,27.130067,5941.035759131,5941.035759131,15502,21702800,0.000000
2714,27.140069,5941.045761360,5941.045761360,15508,21711200,0.000000
2715,27.150064,5941.055756310,5941.055756310,15514,21719600,0.000000
2716,27.160079,5941.065771509,5941.065771509,15520,21728000,0.000000
2717,27.170066,5941.075758125,5941.075758125,15525,21735000,0.000000
2718,27.180065,5941.085757508,5941.085757508,15531,21743400,0.000000
2719,27.190074,5941.095766400,5941.095766400,15537,21751800,0.000000
2720,27.200086,5941.105778606,5941.105778606,15542,21758800,0.000000
2721,27.210068,5941.115760572,5941.115760572,15548,21767200,0.000000
2722,27.220070,5941.125762361,5941.125762361,15554,21775600,0.000000
2723,27.230088,5941.135780648,5941.135780648,15560,21784000,0.000000
2724,27.240070,5941.145762513,5941.145762513,15565,21791000,0.000000
2725,27.250063,5941.155755665,5941.155755665,15571,21799400,0.000000
2726,27.260058,5941.165750085,5941.165750085,15577,21807800,0.000000
2727,27.270018,5941.175710222,5941.175710222,15582,21814800,0.000000
2728,27.280065,5941.185757124,5941.185757124,15588,21823200,0.000000
2729,27.290064,5941.195756103,5941.195756103,15594,21831600,0.000000
2730,27.300074,5941.205766385,5941.205766385,15600,21840000,0.000000
2731,27.310067,5941.215759524,5941.215759524,15605,21847000,0.000000
2732,27.320068,5941.225759819,5941.225759819,15611,21855400,0.000000
2733,27.330047,5941.235739699,5941.235739699,15617,21863800,0.000000
2734,27.340068,5941.245760416,5941.245760416,15622,21870800,0.000000
2735,27.350069,5941.255761192,5941.255761192,15628,21879200,0.000000
2736,27.360068,5941.265759828,5941.265759828,15634,21887600,0.000000
2737,27.370077,5941.275769452,5941.275769452,15640,21896000,0.000000
2738,27.380070,5941.285762608,5941.285762608,15645,21903000,0.000000
2739,27.390065,5941.295756847,5941.295756847,15651,21911400,0.000000
2740,27.400058,5941.305750210,5941.305750210,15657,21919800,0.000000
2741,27.410063,5941.315755230,5941.315755230,15662,21926800,0.000000
2742,27.420067,5941.325759518,5941.325759518,15668,21935200,0.000000
2743,27.430065,5941.335757714,5941.335757714,15674,21943600,0.000000
2744,27.440074,5941.345766410,5941.345766410,15680,21952000,0.000000
2745,27.450061,5941.355752844,5941.355752844,15685,21959000,0.000000
2746,27.460065,5941.365757014,5941.365757014,15691,21967400,0.000000
2747,27.470058,5941.375749768,5941.375749768,15697,21975800,0.000000
2748,27.480065,5941.385757197,5941.385757197,15702,21982800,0.000000
2749,27.490065,5941.395757088,5941.395757088,15708,21991200,0.000000
2750,27.500063,5941.405755640,5941.405755640,15714,21999600,0.000000
2751,27.510075,5941.415767380,5941.415767380,15720,22008000,0.000000
2752,27.520070,5941.425762466,5941.425762466,15725,22015000,0.000000
2753,27.530063,5941.435755377,5941.435755377,15731,22023400,0.000000
2754,27.540034,5941.445726648,5941.445726648,15737,22031800,0.000000
2755,27.550070,5941.455762555,5941.455762555,15742,22038800,0.000000
2756,27.560066,5941.465758388,5941.465758388,15748,22047200,0.000000
2757,27.570065,5941.475757611,5941.475757611,15754,22055600,0.000000
2758,27.580073,5941.485765117,5941.485765117,15760,22064000,0.000000
2759,27.590056,5941.495748640,5941.495748640,15765,22071000,0.000000
2760,27.600065,5941.505757135,5941.505757135,15771,22079400,0.000000
2761,27.610065,5941.515757282,5941.515757282,15777,22087800,0.000000
2762,27.620065,5941.525757708,5941.525757708,15782,22094800,0.000000
2763,27.630065,5941.535756857,5941.535756857,15788,22103200,0.000000
2764,27.640065,5941.545757067,5941.545757067,15794,22111600,0.000000
2765,27.650081,5941.555773280,5941.555773280,15800,22120000,0.000000
2766,27.660067,5941.565759073,5941.565759073,15805,22127000,0.000000
2767,27.670086,5941.575778144,5941.575778144,15811,22135400,0.000000
2768,27.680058,5941.585750229,5941.585750229,15817,22143800,0.000000
2769,27.690062,5941.595754609,5941.595754609,15822,22150800,0.000000
2770,27.700064,5941.605755791,5941.605755791,15828,22159200,0.000000
2771,27.710063,5941.615754932,5941.615754932,15834,22167600,0.000000
2772,27.720072,5941.625764399,5941.625764399,15840,22176000,0.000000
2773,27.730066,5941.635758117,5941.635758117,15845,22183000,0.000000
2774,27.740066,5941.645758231,5941.645758231,15851,22191400,0.000000
2775,27.750057,5941.655749645,5941.655749645,15857,22199800,0.000000
2776,27.760063,5941.665755281,5941.665755281,15862,22206800,0.000000
2777,27.770065,5941.675757245,5941.675757245,15868,22215200,0.000000
2778,27.780046,5941.685738683,5941.685738683,15874,22223600,0.000000
2779,27.790069,5941.695761727,5941.695761727,15880,22232000,0.000000
2780,27.800065,5941.705756963,5941.705756963,15885,22239000,0.000000
2781,27.810065,5941.715757252,5941.715757252,15891,22247400,0.000000
2782,27.820058,5941.725750166,5941.725750166,15897,22255800,0.000000
2783,27.830068,5941.735759933,5941.735759933,15902,22262800,0.000000
2784,27.840065,5941.745757661,5941.745757661,15908,22271200,0.000000
2785,27.850060,5941.755752330,5941.755752330,15914,22279600,0.000000
2786,27.860073,5941.765765036,5941.765765036,15920,22288000,0.000000
2787,27.870061,5941.775753429,5941.775753429,15925,22295000,0.000000
2788,27.880065,5941.785756745,5941.785756745,15931,22303400,0.000000
2789,27.890057,5941.795749598,5941.795749598,15937,22311800,0.000000
2790,27.900060,5941.805751891,5941.805751891,15942,22318800,0.000000
2791,27.910067,5941.815759556,5941.815759556,15948,22327200,0.000000
2792,27.920044,5941.825736292,5941.825736292,15954,22335600,0.000000
2793,27.930073,5941.835764918,5941.835764918,15960,22344000,0.000000
2794,27.940069,5941.845761365,5941.845761365,15965,22351000,0.000000
2795,27.950065,5941.855757442,5941.855757442,15971,22359400,0.000000
2796,27.960061,5941.865753468,5941.865753468,15977,22367800,0.000000
2797,27.970067,5941.875758914,5941.875758914,15982,22374800,0.000000
2798,27.980069,5941.885761304,5941.885761304,15988,22383200,0.000000
2799,27.990092,5941.895783889,5941.895783889,15994,22391600,0.000000
2800,28.000110,5941.905802588,5941.905802588,16000,22400000,0.000000
2801,28.010078,5941.915770483,5941.915770483,16005,22407000,0.000000
2802,28.020068,5941.925760282,5941.925760282,16011,22415400,0.000000
2803,28.030062,5941.935753786,5941.935753786,16017,22423800,0.000000
2804,28.040064,5941.945756038,5941.945756038,16022,22430800,0.000000
2805,28.050065,5941.955757457,5941.955757457,16028,22439200,0.000000
2806,28.060067,5941.965759485,5941.965759485,16034,22447600,0.000000
2807,28.070053,5941.975744977,5941.975744977,16040,22456000,0.000000
2808,28.080063,5941.985755122,5941.985755122,16045,22463000,0.000000
2809,28.090043,5941.995735117,5941.995735117,16051,22471400,0.000000
2810,28.100066,5942.005757901,5942.005757901,16057,22479800,0.000000
2811,28.110067,5942.015759736,5942.015759736,16062,22486800,0.000000
2812,28.120066,5942.025758289,5942.025758289,16068,22495200,0.000000
2813,28.130063,5942.035754982,5942.035754982,16074,22503600,0.000000
2814,28.140097,5942.045789585,5942.045789585,16080,22512000,0.000000
2815,28.150067,5942.055758797,5942.055758797,16085,22519000,0.000000
2816,28.160071,5942.065762945,5942.065762945,16091,22527400,0.000000
2817,28.170063,5942.075754806,5942.075754806,16097,22535800,0.000000
2818,28.180070,5942.085762613,5942.085762613,16102,22542800,0.000000
2819,28.190067,5942.095759000,5942.095759000,16108,22551200,0.000000
2820,28.200067,5942.105759510,5942.105759510,16114,22559600,0.000000
2821,28.210040,5942.115732211,5942.115732211,16120,22568000,0.000000
2822,28.220091,5942.125783564,5942.125783564,16125,22575000,0.000000
2823,28.230065,5942.135757518,5942.135757518,16131,22583400,0.000000
2824,28.240058,5942.145749852,5942.145749852,16137,22591800,0.000000
2825,28.250062,5942.155753777,5942.155753777,16142,22598800,0.000000
2826,28.260078,5942.165769764,5942.165769764,16148,22607200,0.000000
2827,28.270067,5942.175759242,5942.175759242,16154,22615600,0.000000
2828,28.280077,5942.185768833,5942.185768833,16160,22624000,0.000000
2829,28.290068,5942.195760650,5942.195760650,16165,22631000,0.000000
2830,28.300065,5942.205757070,5942.205757070,16171,22639400,0.000000
2831,28.310059,5942.215751045,5942.215751045,16177,22647800,0.000000
2832,28.320072,5942.225763887,5942.225763887,16182,22654800,0.000000
2833,28.330066,5942.235758045,5942.235758045,16188,22663200,0.000000
2834,28.340063,5942.245755404,5942.245755404,16194,22671600,0.000000
2835,28.350087,5942.255779450,5942.255779450,16200,22680000,0.000000
2836,28.360071,5942.265763144,5942.265763144,16205,22687000,0.000000
2837,28.370063,5942.275755409,5942.275755409,16211,22695400,0.000000
2838,28.380062,5942.285754428,5942.285754428,16217,22703800,0.000000
2839,28.390022,5942.295713942,5942.295713942,16222,22710800,0.000000
2840,28.400064,5942.305755804,5942.305755804,16228,22719200,0.000000
2841,28.410067,5942.315758941,5942.315758941,16234,22727600,0.000000
2842,28.420074,5942.325766666,5942.325766666,16240,22736000,0.000000
2843,28.430068,5942.335760231,5942.335760231,16245,22743000,0.000000
2844,28.440083,5942.345775393,5942.345775393,16251,22751400,0.000000
2845,28.450067,5942.355758834,5942.355758834,16257,22759800,0.000000
2846,28.460068,5942.365759954,5942.365759954,16262,22766800,0.000000
2847,28.470085,5942.375776786,5942.375776786,16268,22775200,0.000000
2848,28.480060,5942.385752106,5942.385752106,16274,22783600,0.000000
2849,28.490074,5942.395765947,5942.395765947,16280,22792000,0.000000
2850,28.500074,5942.405766598,5942.405766598,16285,22799000,0.000000
2851,28.510064,5942.415756167,5942.415756167,16291,22807400,0.000000
2852,28.520058,5942.425750304,5942.425750304,16297,22815800,0.000000
2853,28.530068,5942.435760668,5942.435760668,16302,22822800,0.000000
2854,28.540068,5942.445760402,5942.445760402,16308,22831200,0.000000
2855,28.550067,5942.455759564,5942.455759564,16314,22839600,0.000000
2856,28.560073,5942.465764975,5942.465764975,16320,22848000,0.000000
2857,28.570068,5942.475759929,5942.475759929,16325,22855000,0.000000
2858,28.580067,5942.485758860,5942.485758860,16331,22863400,0.000000
2859,28.590058,5942.495750142,5942.495750142,16337,22871800,0.000000
2860,28.600071,5942.505763077,5942.505763077,16342,22878800,0.000000
2861,28.610070,5942.515762124,5942.515762124,16348,22887200,0.000000
2862,28.620068,5942.525760040,5942.525760040,16354,22895600,0.000000
2863,28.630076,5942.535768103,5942.535768103,16360,22904000,0.000000
2864,28.640068,5942.545759977,5942.545759977,16365,22911000,0.000000
2865,28.650068,5942.555760183,5942.555760183,16371,22919400,0.000000
2866,28.660061,5942.565753223,5942.565753223,16377,22927800,0.000000
2867,28.670073,5942.575765051,5942.575765051,16382,22934800,0.000000
2868,28.680067,5942.585759036,5942.585759036,16388,22943200,0.000000
2869,28.690068,5942.595759749,5942.595759749,16394,22951600,0.000000
2870,28.700079,5942.605771489,5942.605771489,16400,22960000,0.000000
2871,28.710064,5942.615756571,5942.615756571,16405,22967000,0.000000
2872,28.720066,5942.625757965,5942.625757965,16411,22975400,0.000000
2873,28.730062,5942.635754216,5942.635754216,16417,22983800,0.000000
2874,28.740068,5942.645760504,5942.645760504,16422,22990800,0.000000
2875,28.750065,5942.655757619,5942.655757619,16428,22999200,0.000000
2876,28.760062,5942.665753879,5942.665753879,16434,23007600,0.000000
2877,28.770069,5942.675761332,5942.675761332,16440,23016000,0.000000
2878,28.780064,5942.685755872,5942.685755872,16445,23023000,0.000000
2879,28.790063,5942.695754904,5942.695754904,16451,23031400,0.000000
2880,28.800062,5942.705754155,5942.705754155,16457,23039800,0.000000
2881,28.810068,5942.715760333,5942.715760333,16462,23046800,0.000000
2882,28.820067,5942.725759590,5942.725759590,16468,23055200,0.000000
2883,28.830066,5942.735757949,5942.735757949,16474,23063600,0.000000
2884,28.840077,5942.745769648,5942.745769648,16480,23072000,0.000000
2885,28.850065,5942.755756913,5942.755756913,16485,23079000,0.000000
2886,28.860067,5942.765759433,5942.765759433,16491,23087400,0.000000
2887,28.870059,5942.775751622,5942.775751622,16497,23095800,0.000000
2888,28.880071,5942.785763415,5942.785763415,16502,23102800,0.000000
2889,28.890065,5942.795757712,5942.795757712,16508,23111200,0.000000
2890,28.900044,5942.805736193,5942.805736193,16514,23119600,0.000000
2891,28.910075,5942.815767233,5942.815767233,16520,23128000,0.000000
2892,28.920071,5942.825763121,5942.825763121,16525,23135000,0.000000
2893,28.930062,5942.835754469,5942.835754469,16531,23143400,0.000000
2894,28.940058,5942.845750241,5942.845750241,16537,23151800,0.000000
2895,28.950067,5942.855759498,5942.855759498,16542,23158800,0.000000
2896,28.960068,5942.865760360,5942.865760360,16548,23167200,0.000000
2897,28.970065,5942.875756974,5942.875756974,16554,23175600,0.000000
2898,28.980075,5942.885766745,5942.885766745,16560,23184000,0.000000
2899,28.990092,5942.895783885,5942.895783885,16565,23191000,0.000000
2900,29.000070,5942.905762610,5942.905762610,16571,23199400,0.000000
2901,29.010059,5942.915751137,5942.915751137,16577,23207800,0.000000
2902,29.020059,5942.925751608,5942.925751608,16582,23214800,0.000000
2903,29.030069,5942.935761029,5942.935761029,16588,23223200,0.000000
2904,29.040060,5942.945752074,5942.945752074,16594,23231600,0.000000
2905,29.050078,5942.955769917,5942.955769917,16600,23240000,0.000000
2906,29.060066,5942.965758195,5942.965758195,16605,23247000,0.000000
2907,29.070065,5942.975757598,5942.975757598,16611,23255400,0.000000
2908,29.080058,5942.985750435,5942.985750435,16617,23263800,0.000000
2909,29.090065,5942.995756946,5942.995756946,16622,23270800,0.000000
2910,29.100060,5943.005752027,5943.005752027,16628,23279200,0.000000
2911,29.110053,5943.015745117,5943.015745117,16634,23287600,0.000000
2912,29.120075,5943.025767172,5943.025767172,16640,23296000,0.000000
2913,29.130064,5943.035756192,5943.035756192,16645,23303000,0.000000
2914,29.140064,5943.045755921,5943.045755921,16651,23311400,0.000000
2915,29.150058,5943.055750171,5943.055750171,16657,23319800,0.000000
2916,29.160066,5943.065758217,5943.065758217,16662,23326800,0.000000
2917,29.170063,5943.075754815,5943.075754815,16668,23335200,0.000000
2918,29.180064,5943.085756177,5943.085756177,16674,23343600,0.000000
2919,29.190069,5943.095761342,5943.095761342,16680,23352000,0.000000
2920,29.200062,5943.105753854,5943.105753854,16685,23359000,0.000000
2921,29.210019,5943.115711630,5943.115711630,16691,23367400,0.000000
2922,29.220059,5943.125751512,5943.125751512,16697,23375800,0.000000
2923,29.230059,5943.135751350,5943.135751350,16702,23382800,0.000000
2924,29.240066,5943.145758065,5943.145758065,16708,23391200,0.000000
2925,29.250062,5943.155753875,5943.155753875,16714,23399600,0.000000
2926,29.260080,5943.165771804,5943.165771804,16720,23408000,0.000000
2927,29.270067,5943.175758997,5943.175758997,16725,23415000,0.000000
2928,29.280074,5943.185766082,5943.185766082,16731,23423400,0.000000
2929,29.290062,5943.195753870,5943.195753870,16737,23431800,0.000000
2930,29.300066,5943.205758565,5943.205758565,16742,23438800,0.000000
2931,29.310032,5943.215724070,5943.215724070,16748,23447200,0.000000
2932,29.320064,5943.225756052,5943.225756052,16754,23455600,0.000000
2933,29.330088,5943.235779983,5943.235779983,16760,23464000,0.000000
2934,29.340085,5943.245777364,5943.245777364,16765,23471000,0.000000
2935,29.350054,5943.255746617,5943.255746617,16771,23479400,0.000000
2936,29.360070,5943.265761899,5943.265761899,16777,23487800,0.000000
2937,29.370069,5943.275761700,5943.275761700,16782,23494800,0.000000
2938,29.380070,5943.285762200,5943.285762200,16788,23503200,0.000000
2939,29.390073,5943.295765343,5943.295765343,16794,23511600,0.000000
2940,29.400084,5943.305776354,5943.305776354,16800,23520000,0.000000
2941,29.410063,5943.315755603,5943.315755603,16805,23527000,0.000000
2942,29.420066,5943.325758509,5943.325758509,16811,23535400,0.000000
2943,29.430059,5943.335751355,5943.335751355,16817,23543800,0.000000
2944,29.440035,5943.345727364,5943.345727364,16822,23550800,0.000000
2945,29.450033,5943.355725501,5943.355725501,16828,23559200,0.000000
2946,29.460054,5943.365746732,5943.365746732,16834,23567600,0.000000
2947,29.470054,5943.375746208,5943.375746208,16840,23576000,0.000000
2948,29.480072,5943.385764533,5943.385764533,16845,23583000,0.000000
2949,29.490077,5943.395768761,5943.395768761,16851,23591400,0.000000
2950,29.500063,5943.405755125,5943.405755125,16857,23599800,0.000000
2951,29.510019,5943.415711189,5943.415711189,16862,23606800,0.000000
2952,29.520069,5943.425761542,5943.425761542,16868,23615200,0.000000
2953,29.530075,5943.435767534,5943.435767534,16874,23623600,0.000000
2954,29.540085,5943.445776769,5943.445776769,16880,23632000,0.000000
2955,29.550068,5943.455759873,5943.455759873,16885,23639000,0.000000
2956,29.560063,5943.465755589,5943.465755589,16891,23647400,0.000000
2957,29.570061,5943.475753425,5943.475753425,16897,23655800,0.000000
2958,29.580069,5943.485760773,5943.485760773,16902,23662800,0.000000
2959,29.590063,5943.495754803,5943.495754803,16908,23671200,0.000000
2960,29.600054,5943.505746255,5943.505746255,16914,23679600,0.000000
2961,29.610076,5943.515767994,5943.515767994,16920,23688000,0.000000
2962,29.620077,5943.525769620,5943.525769620,16925,23695000,0.000000
2963,29.630065,5943.535756752,5943.535756752,16931,23703400,0.000000
2964,29.640058,5943.545750192,5943.545750192,16937,23711800,0.000000
2965,29.650066,5943.555758161,5943.555758161,16942,23718800,0.000000
2966,29.660065,5943.565757398,5943.565757398,16948,23727200,0.000000
2967,29.670070,5943.575761914,5943.575761914,16954,23735600,0.000000
2968,29.680080,5943.585771850,5943.585771850,16960,23744000,0.000000
2969,29.690068,5943.595760259,5943.595760259,16965,23751000,0.000000
2970,29.700093,5943.605785072,5943.605785072,16971,23759400,0.000000
2971,29.710066,5943.615758281,5943.615758281,16977,23767800,0.000000
2972,29.720071,5943.625763450,5943.625763450,16982,23774800,0.000000
2973,29.730068,5943.635760314,5943.635760314,16988,23783200,0.000000
2974,29.740065,5943.645757339,5943.645757339,16994,23791600,0.000000
2975,29.750077,5943.655769724,5943.655769724,17000,23800000,0.000000
2976,29.760066,5943.665758307,5943.665758307,17005,23807000,0.000000
2977,29.770068,5943.675760028,5943.675760028,17011,23815400,0.000000
2978,29.780028,5943.685720099,5943.685720099,17017,23823800,0.000000
2979,29.790067,5943.695758829,5943.695758829,17022,23830800,0.000000
2980,29.800066,5943.705758116,5943.705758116,17028,23839200,0.000000
2981,29.810068,5943.715759975,5943.715759975,17034,23847600,0.000000
2982,29.820074,5943.725766461,5943.725766461,17040,23856000,0.000000
2983,29.830072,5943.735764348,5943.735764348,17045,23863000,0.000000
2984,29.840067,5943.745759409,5943.745759409,17051,23871400,0.000000
2985,29.850059,5943.755750920,5943.755750920,17057,23879800,0.000000
2986,29.860065,5943.765757500,5943.765757500,17062,23886800,0.000000
2987,29.870067,5943.775758753,5943.775758753,17068,23895200,0.000000
2988,29.880066,5943.785758336,5943.785758336,17074,23903600,0.000000
2989,29.890081,5943.795773328,5943.795773328,17080,23912000,0.000000
2990,29.900067,5943.805759561,5943.805759561,17085,23919000,0.000000
2991,29.910070,5943.815761985,5943.815761985,17091,23927400,0.000000
2992,29.920061,5943.825753663,5943.825753663,17097,23935800,0.000000
2993,29.930066,5943.835758352,5943.835758352,17102,23942800,0.000000
2994,29.940068,5943.845760246,5943.845760246,17108,23951200,0.000000
2995,29.950063,5943.855754997,5943.855754997,17114,23959600,0.000000
2996,29.960075,5943.865766834,5943.865766834,17120,23968000,0.000000
2997,29.970068,5943.875759969,5943.875759969,17125,23975000,0.000000
2998,29.980068,5943.885760523,5943.885760523,17131,23983400,0.000000
2999,29.990059,5943.895750970,5943.895750970,17137,23991800,0.000000
3000,30.000076,5943.905767893,5943.905767893,17142,23998800,0.000000
3001,30.010074,5943.915766098,5943.915766098,17148,24007200,0.000000
3002,30.020042,5943.925734218,5943.925734218,17154,24015600,0.000000
3003,30.030075,5943.935767716,5943.935767716,17160,24024000,0.000000
3004,30.040068,5943.945760246,5943.945760246,17165,24031000,0.000000
3005,30.050066,5943.955758687,5943.955758687,17171,24039400,0.000000
3006,30.060068,5943.965759879,5943.965759879,17177,24047800,0.000000
3007,30.070067,5943.975759029,5943.975759029,17182,24054800,0.000000
3008,30.080067,5943.985759487,5943.985759487,17188,24063200,0.000000
3009,30.090060,5943.995752036,5943.995752036,17194,24071600,0.000000
3010,30.100077,5944.005769566,5944.005769566,17200,24080000,0.000000
3011,30.110069,5944.015761575,5944.015761575,17205,24087000,0.000000
3012,30.120072,5944.025764055,5944.025764055,17211,24095400,0.000000
3013,30.130062,5944.035754263,5944.035754263,17217,24103800,0.000000
3014,30.140068,5944.045760296,5944.045760296,17222,24110800,0.000000
3015,30.150066,5944.055758138,5944.055758138,17228,24119200,0.000000
3016,30.160055,5944.065747672,5944.065747672,17234,24127600,0.000000
3017,30.170077,5944.075769210,5944.075769210,17240,24136000,0.000000
3018,30.180067,5944.085759208,5944.085759208,17245,24143000,0.000000
3019,30.190070,5944.095762736,5944.095762736,17251,24151400,0.000000
3020,30.200058,5944.105750571,5944.105750571,17257,24159800,0.000000
3021,30.210068,5944.115760480,5944.115760480,17262,24166800,0.000000
3022,30.220030,5944.125722648,5944.125722648,17268,24175200,0.000000
3023,30.230066,5944.135758545,5944.135758545,17274,24183600,0.000000
3024,30.240033,5944.145725026,5944.145725026,17280,24192000,0.000000
3025,30.250064,5944.155756379,5944.155756379,17285,24199000,0.000000
3026,30.260067,5944.165759184,5944.165759184,17291,24207400,0.000000
3027,30.270080,5944.175772212,5944.175772212,17297,24215800,0.000000
3028,30.280064,5944.185756270,5944.185756270,17302,24222800,0.000000
3029,30.290063,5944.195755560,5944.195755560,17308,24231200,0.000000
3030,30.300063,5944.205755346,5944.205755346,17314,24239600,0.000000
3031,30.310075,5944.215766761,5944.215766761,17320,24248000,0.000000
3032,30.320067,5944.225759169,5944.225759169,17325,24255000,0.000000
3033,30.330023,5944.235715453,5944.235715453,17331,24263400,0.000000
3034,30.340062,5944.245754147,5944.245754147,17337,24271800,0.000000
3035,30.350068,5944.255760461,5944.255760461,17342,24278800,0.000000
3036,30.360060,5944.265751985,5944.265751985,17348,24287200,0.000000
3037,30.370062,5944.275754585,5944.275754585,17354,24295600,0.000000
3038,30.380084,5944.285776181,5944.285776181,17360,24304000,0.000000
3039,30.390064,5944.295755774,5944.295755774,17365,24311000,0.000000
3040,30.400063,5944.305755391,5944.305755391,17371,24319400,0.000000
3041,30.410057,5944.315749674,5944.315749674,17377,24327800,0.000000
3042,30.420066,5944.325758305,5944.325758305,17382,24334800,0.000000
3043,30.430060,5944.335752721,5944.335752721,17388,24343200,0.000000
3044,30.440049,5944.345741570,5944.345741570,17394,24351600,0.000000
3045,30.450072,5944.355763912,5944.355763912,17400,24360000,0.000000
3046,30.460073,5944.365765269,5944.365765269,17405,24367000,0.000000
3047,30.470063,5944.375755339,5944.375755339,17411,24375400,0.000000
3048,30.480058,5944.385750300,5944.385750300,17417,24383800,0.000000
3049,30.490067,5944.395758941,5944.395758941,17422,24390800,0.000000
3050,30.500064,5944.405756592,5944.405756592,17428,24399200,0.000000
3051,30.510059,5944.415750750,5944.415750750,17434,24407600,0.000000
3052,30.520081,5944.425773621,5944.425773621,17440,24416000,0.000000
3053,30.530064,5944.435756077,5944.435756077,17445,24423000,0.000000
3054,30.540063,5944.445755212,5944.445755212,17451,24431400,0.000000
3055,30.550057,5944.455749582,5944.455749582,17457,24439800,0.000000
3056,30.560059,5944.465751680,5944.465751680,17462,24446800,0.000000
3057,30.570070,5944.475762182,5944.475762182,17468,24455200,0.000000
3058,30.580061,5944.485753058,5944.485753058,17474,24463600,0.000000
3059,30.590077,5944.495769422,5944.495769422,17480,24472000,0.000000
3060,30.600069,5944.505761331,5944.505761331,17485,24479000,0.000000
3061,30.610070,5944.515762252,5944.515762252,17491,24487400,0.000000
3062,30.620068,5944.525760737,5944.525760737,17497,24495800,0.000000
3063,30.630065,5944.535757131,5944.535757131,17502,24502800,0.000000
3064,30.640063,5944.545754918,5944.545754918,17508,24511200,0.000000
3065,30.650064,5944.555756221,5944.555756221,17514,24519600,0.000000
3066,30.660079,5944.565770946,5944.565770946,17520,24528000,0.000000
3067,30.670066,5944.575757873,5944.575757873,17525,24535000,0.000000
3068,30.680062,5944.585753781,5944.585753781,17531,24543400,0.000000
3069,30.690062,5944.595754130,5944.595754130,17537,24551800,0.000000
3070,30.700064,5944.605755945,5944.605755945,17542,24558800,0.000000
3071,30.710062,5944.615753961,5944.615753961,17548,24567200,0.000000
3072,30.720050,5944.625742263,5944.625742263,17554,24575600,0.000000
3073,30.730071,5944.635763379,5944.635763379,17560,24584000,0.000000
3074,30.740065,5944.645757737,5944.645757737,17565,24591000,0.000000
3075,30.750062,5944.655754312,5944.655754312,17571,24599400,0.000000
3076,30.760058,5944.665750696,5944.665750696,17577,24607800,0.000000
3077,30.770060,5944.675752226,5944.675752226,17582,24614800,0.000000
3078,30.780066,5944.685758062,5944.685758062,17588,24623200,0.000000
3079,30.790063,5944.695755231,5944.695755231,17594,24631600,0.000000
3080,30.800075,5944.705766753,5944.705766753,17600,24640000,0.000000
3081,30.810067,5944.715758882,5944.715758882,17605,24647000,0.000000
3082,30.820064,5944.725756416,5944.725756416,17611,24655400,0.000000
3083,30.830058,5944.735750433,5944.735750433,17617,24663800,0.000000
3084,30.840073,5944.745765184,5944.745765184,17622,24670800,0.000000
3085,30.850067,5944.755759062,5944.755759062,17628,24679200,0.000000
3086,30.860072,5944.765764662,5944.765764662,17634,24687600,0.000000
3087,30.870083,5944.775774857,5944.775774857,17640,24696000,0.000000
3088,30.880084,5944.785776211,5944.785776211,17645,24703000,0.000000
3089,30.890067,5944.795759051,5944.795759051,17651,24711400,0.000000
3090,30.900062,5944.805753830,5944.805753830,17657,24719800,0.000000
3091,30.910066,5944.815757872,5944.815757872,17662,24726800,0.000000
3092,30.920067,5944.825759425,5944.825759425,17668,24735200,0.000000
3093,30.930059,5944.835751476,5944.835751476,17674,24743600,0.000000
3094,30.940080,5944.845772230,5944.845772230,17680,24752000,0.000000
3095,30.950067,5944.855758948,5944.855758948,17685,24759000,0.000000
3096,30.960063,5944.865755227,5944.865755227,17691,24767400,0.000000
3097,30.970058,5944.875749975,5944.875749975,17697,24775800,0.000000
3098,30.980060,5944.885752384,5944.885752384,17702,24782800,0.000000
3099,30.990060,5944.895752271,5944.895752271,17708,24791200,0.000000
3100,31.000043,5944.905735374,5944.905735374,17714,24799600,0.000000
3101,31.010071,5944.915763505,5944.915763505,17720,24808000,0.000000
3102,31.020068,5944.925760072,5944.925760072,17725,24815000,0.000000
3103,31.030063,5944.935755220,5944.935755220,17731,24823400,0.000000
3104,31.040058,5944.945750426,5944.945750426,17737,24831800,0.000000
3105,31.050072,5944.955764042,5944.955764042,17742,24838800,0.000000
3106,31.060067,5944.965759055,5944.965759055,17748,24847200,0.000000
3107,31.070089,5944.975781437,5944.975781437,17754,24855600,0.000000
3108,31.080090,5944.985782456,5944.985782456,17760,24864000,0.000000
3109,31.090066,5944.995758337,5944.995758337,17765,24871000,0.000000
3110,31.100065,5945.005756985,5945.005756985,17771,24879400,0.000000
3111,31.110058,5945.015750307,5945.015750307,17777,24887800,0.000000
3112,31.120069,5945.025761008,5945.025761008,17782,24894800,0.000000
3113,31.130067,5945.035759534,5945.035759534,17788,24903200,0.000000
3114,31.140057,5945.045749563,5945.045749563,17794,24911600,0.000000
3115,31.150087,5945.055779043,5945.055779043,17800,24920000,0.000000
3116,31.160071,5945.065763098,5945.065763098,17805,24927000,0.000000
3117,31.170067,5945.075759017,5945.075759017,17811,24935400,0.000000
3118,31.180066,5945.085758207,5945.085758207,17817,24943800,0.000000
3119,31.190070,5945.095761844,5945.095761844,17822,24950800,0.000000
3120,31.200068,5945.105760377,5945.105760377,17828,24959200,0.000000
3121,31.210058,5945.115750522,5945.115750522,17834,24967600,0.000000
3122,31.220073,5945.125765444,5945.125765444,17840,24976000,0.000000
3123,31.230068,5945.135759977,5945.135759977,17845,24983000,0.000000
3124,31.240066,5945.145758281,5945.145758281,17851,24991400,0.000000
3125,31.250063,5945.155755085,5945.155755085,17857,24999800,0.000000
3126,31.260064,5945.165756643,5945.165756643,17862,25006800,0.000000
3127,31.270066,5945.175757951,5945.175757951,17868,25015200,0.000000
3128,31.280048,5945.185740625,5945.185740625,17874,25023600,0.000000
3129,31.290103,5945.195794786,5945.195794786,17880,25032000,0.000000
3130,31.300073,5945.205765401,5945.205765401,17885,25039000,0.000000
3131,31.310064,5945.215756632,5945.215756632,17891,25047400,0.000000
3132,31.320065,5945.225757664,5945.225757664,17897,25055800,0.000000
3133,31.330068,5945.235760617,5945.235760617,17902,25062800,0.000000
3134,31.340065,5945.245757235,5945.245757235,17908,25071200,0.000000
3135,31.350048,5945.255740410,5945.255740410,17914,25079600,0.000000
3136,31.360082,5945.265773914,5945.265773914,17920,25088000,0.000000
3137,31.370069,5945.275760841,5945.275760841,17925,25095000,0.000000
3138,31.380069,5945.285761140,5945.285761140,17931,25103400,0.000000
3139,31.390068,5945.295760276,5945.295760276,17937,25111800,0.000000
3140,31.400064,5945.305756743,5945.305756743,17942,25118800,0.000000
3141,31.410067,5945.315759183,5945.315759183,17948,25127200,0.000000
3142,31.420063,5945.325755524,5945.325755524,17954,25135600,0.000000
3143,31.430075,5945.335767548,5945.335767548,17960,25144000,0.000000
3144,31.440068,5945.345760662,5945.345760662,17965,25151000,0.000000
3145,31.450075,5945.355767105,5945.355767105,17971,25159400,0.000000
3146,31.460033,5945.365724791,5945.365724791,17977,25167800,0.000000
3147,31.470074,5945.375766032,5945.375766032,17982,25174800,0.000000
3148,31.480066,5945.385758378,5945.385758378,17988,25183200,0.000000
3149,31.490059,5945.395751044,5945.395751044,17994,25191600,0.000000
3150,31.500081,5945.405773177,5945.405773177,18000,25200000,0.000000
3151,31.510065,5945.415756795,5945.415756795,18005,25207000,0.000000
3152,31.520063,5945.425755477,5945.425755477,18011,25215400,0.000000
3153,31.530058,5945.435750011,5945.435750011,18017,25223800,0.000000
3154,31.540064,5945.445756673,5945.445756673,18022,25230800,0.000000
3155,31.550069,5945.455760849,5945.455760849,18028,25239200,0.000000
3156,31.560065,5945.465757156,5945.465757156,18034,25247600,0.000000
3157,31.570072,5945.475764575,5945.475764575,18040,25256000,0.000000
3158,31.580068,5945.485759970,5945.485759970,18045,25263000,0.000000
3159,31.590063,5945.495755273,5945.495755273,18051,25271400,0.000000
3160,31.600067,5945.505759671,5945.505759671,18057,25279800,0.000000
3161,31.610067,5945.515759553,5945.515759553,18062,25286800,0.000000
3162,31.620064,5945.525756680,5945.525756680,18068,25295200,0.000000
3163,31.630067,5945.535758861,5945.535758861,18074,25303600,0.000000
3164,31.640083,5945.545775413,5945.545775413,18080,25312000,0.000000
3165,31.650082,5945.555774193,5945.555774193,18085,25319000,0.000000
3166,31.660065,5945.565756986,5945.565756986,18091,25327400,0.000000
3167,31.670059,5945.575751587,5945.575751587,18097,25335800,0.000000
3168,31.680071,5945.585762938,5945.585762938,18102,25342800,0.000000
3169,31.690069,5945.595761413,5945.595761413,18108,25351200,0.000000
3170,31.700064,5945.605755936,5945.605755936,18114,25359600,0.000000
3171,31.710031,5945.615723648,5945.615723648,18120,25368000,0.000000
3172,31.720066,5945.625758592,5945.625758592,18125,25375000,0.000000
3173,31.730066,5945.635758028,5945.635758028,18131,25383400,0.000000
3174,31.740065,5945.645757357,5945.645757357,18137,25391800,0.000000
3175,31.750065,5945.655757106,5945.655757106,18142,25398800,0.000000
3176,31.760065,5945.665757387,5945.665757387,18148,25407200,0.000000
3177,31.770075,5945.675766835,5945.675766835,18154,25415600,0.000000
3178,31.780078,5945.685769971,5945.685769971,18160,25424000,0.000000
3179,31.790065,5945.695756811,5945.695756811,18165,25431000,0.000000
3180,31.800063,5945.705755505,5945.705755505,18171,25439400,0.000000
3181,31.810061,5945.715753405,5945.715753405,18177,25447800,0.000000
3182,31.820068,5945.725760273,5945.725760273,18182,25454800,0.000000
3183,31.830067,5945.735759151,5945.735759151,18188,25463200,0.000000
3184,31.840067,5945.745759227,5945.745759227,18194,25471600,0.000000
3185,31.850078,5945.755769924,5945.755769924,18200,25480000,0.000000
3186,31.860064,5945.765756452,5945.765756452,18205,25487000,0.000000
3187,31.870062,5945.775753968,5945.775753968,18211,25495400,0.000000
3188,31.880062,5945.785753818,5945.785753818,18217,25503800,0.000000
3189,31.890066,5945.795758578,5945.795758578,18222,25510800,0.000000
3190,31.900065,5945.805756769,5945.805756769,18228,25519200,0.000000
3191,31.910059,5945.815751232,5945.815751232,18234,25527600,0.000000
3192,31.920076,5945.825768262,5945.825768262,18240,25536000,0.000000
3193,31.930070,5945.835762018,5945.835762018,18245,25543000,0.000000
3194,31.940066,5945.845757986,5945.845757986,18251,25551400,0.000000
3195,31.950061,5945.855753501,5945.855753501,18257,25559800,0.000000
3196,31.960070,5945.865762578,5945.865762578,18262,25566800,0.000000
3197,31.970044,5945.875736172,5945.875736172,18268,25575200,0.000000
3198,31.980078,5945.885770307,5945.885770307,18274,25583600,0.000000
3199,31.990032,5945.895724016,5945.895724016,18280,25592000,0.000000
3200,32.000066,5945.905758183,5945.905758183,18285,25599000,0.000000
3201,32.010068,5945.915760353,5945.915760353,18291,25607400,0.000000
3202,32.020030,5945.925722010,5945.925722010,18297,25615800,0.000000
3203,32.030068,5945.935760102,5945.935760102,18302,25622800,0.000000
3204,32.040068,5945.945760233,5945.945760233,18308,25631200,0.000000
3205,32.050075,5945.955766875,5945.955766875,18314,25639600,0.000000
3206,32.060058,5945.965750706,5945.965750706,18320,25648000,0.000000
3207,32.070066,5945.975758479,5945.975758479,18325,25655000,0.000000
3208,32.080063,5945.985755320,5945.985755320,18331,25663400,0.000000
3209,32.090062,5945.995754225,5945.995754225,18337,25671800,0.000000
3210,32.100075,5946.005766926,5946.005766926,18342,25678800,0.000000
3211,32.110067,5946.015759123,5946.015759123,18348,25687200,0.000000
3212,32.120066,5946.025758004,5946.025758004,18354,25695600,0.000000
3213,32.130080,5946.035772442,5946.035772442,18360,25704000,0.000000
3214,32.140065,5946.045757007,5946.045757007,18365,25711000,0.000000
3215,32.150064,5946.055756578,5946.055756578,18371,25719400,0.000000
3216,32.160062,5946.065754140,5946.065754140,18377,25727800,0.000000
3217,32.170074,5946.075766463,5946.075766463,18382,25734800,0.000000
3218,32.180066,5946.085757923,5946.085757923,18388,25743200,0.000000
3219,32.190068,5946.095759927,5946.095759927,18394,25751600,0.000000
3220,32.200075,5946.105767017,5946.105767017,18400,25760000,0.000000
3221,32.210065,5946.115756898,5946.115756898,18405,25767000,0.000000
3222,32.220064,5946.125756230,5946.125756230,18411,25775400,0.000000
3223,32.230063,5946.135754839,5946.135754839,18417,25783800,0.000000
3224,32.240075,5946.145767149,5946.145767149,18422,25790800,0.000000
3225,32.250065,5946.155757309,5946.155757309,18428,25799200,0.000000
3226,32.260053,5946.165745509,5946.165745509,18434,25807600,0.000000
3227,32.270180,5946.175872481,5946.175872481,18440,25816000,0.000000
3228,32.280065,5946.185756916,5946.185756916,18445,25823000,0.000000
3229,32.290066,5946.195758203,5946.195758203,18451,25831400,0.000000
3230,32.300059,5946.205751696,5946.205751696,18457,25839800,0.000000
3231,32.310077,5946.215769000,5946.215769000,18462,25846800,0.000000
3232,32.320065,5946.225757555,5946.225757555,18468,25855200,0.000000
3233,32.330063,5946.235755108,5946.235755108,18474,25863600,0.000000
3234,32.340088,5946.245779814,5946.245779814,18480,25872000,0.000000
3235,32.350077,5946.255769026,5946.255769026,18485,25879000,0.000000
3236,32.360065,5946.265757099,5946.265757099,18491,25887400,0.000000
3237,32.370064,5946.275755885,5946.275755885,18497,25895800,0.000000
3238,32.380063,5946.285755563,5946.285755563,18502,25902800,0.000000
3239,32.390063,5946.295755727,5946.295755727,18508,25911200,0.000000
3240,32.400063,5946.305755586,5946.305755586,18514,25919600,0.000000
3241,32.410081,5946.315773073,5946.315773073,18520,25928000,0.000000
3242,32.420063,5946.325755685,5946.325755685,18525,25935000,0.000000
3243,32.430062,5946.335754738,5946.335754738,18531,25943400,0.000000
3244,32.440064,5946.345756111,5946.345756111,18537,25951800,0.000000
3245,32.450068,5946.355760351,5946.355760351,18542,25958800,0.000000
3246,32.460066,5946.365758346,5946.365758346,18548,25967200,0.000000
3247,32.470051,5946.375743192,5946.375743192,18554,25975600,0.000000
3248,32.480081,5946.385772821,5946.385772821,18560,25984000,0.000000
3249,32.490064,5946.395755757,5946.395755757,18565,25991000,0.000000
3250,32.500064,5946.405756494,5946.405756494,18571,25999400,0.000000
3251,32.510061,5946.415753606,5946.415753606,18577,26007800,0.000000
3252,32.520066,5946.425758133,5946.425758133,18582,26014800,0.000000
3253,32.530064,5946.435756477,5946.435756477,18588,26023200,0.000000
3254,32.540082,5946.445774389,5946.445774389,18594,26031600,0.000000
3255,32.550020,5946.455712693,5946.455712693,18600,26040000,0.000000
3256,32.560065,5946.465757583,5946.465757583,18605,26047000,0.000000
3257,32.570063,5946.475755648,5946.475755648,18611,26055400,0.000000
3258,32.580030,5946.485722378,5946.485722378,18617,26063800,0.000000
3259,32.590068,5946.495760097,5946.495760097,18622,26070800,0.000000
3260,32.600070,5946.505761777,5946.505761777,18628,26079200,0.000000
3261,32.610062,5946.515754551,5946.515754551,18634,26087600,0.000000
3262,32.620089,5946.525781525,5946.525781525,18640,26096000,0.000000
3263,32.630068,5946.535760001,5946.535760001,18645,26103000,0.000000
3264,32.640069,5946.545760826,5946.545760826,18651,26111400,0.000000
3265,32.650063,5946.555754868,5946.555754868,18657,26119800,0.000000
3266,32.660067,5946.565759402,5946.565759402,18662,26126800,0.000000
3267,32.670069,5946.575761012,5946.575761012,18668,26135200,0.000000
3268,32.680066,5946.585758518,5946.585758518,18674,26143600,0.000000
3269,32.690075,5946.595767226,5946.595767226,18680,26152000,0.000000
3270,32.700071,5946.605762865,5946.605762865,18685,26159000,0.000000
3271,32.710067,5946.615759662,5946.615759662,18691,26167400,0.000000
3272,32.720066,5946.625758200,5946.625758200,18697,26175800,0.000000
3273,32.730072,5946.635764339,5946.635764339,18702,26182800,0.000000
3274,32.740064,5946.645756081,5946.645756081,18708,26191200,0.000000
3275,32.750066,5946.655758023,5946.655758023,18714,26199600,0.000000
3276,32.760072,5946.665764064,5946.665764064,18720,26208000,0.000000
3277,32.770063,5946.675754938,5946.675754938,18725,26215000,0.000000
3278,32.780064,5946.685756354,5946.685756354,18731,26223400,0.000000
3279,32.790057,5946.695749510,5946.695749510,18737,26231800,0.000000
3280,32.800064,5946.705756028,5946.705756028,18742,26238800,0.000000
3281,32.810066,5946.715758016,5946.715758016,18748,26247200,0.000000
3282,32.820058,5946.725750434,5946.725750434,18754,26255600,0.000000
3283,32.830083,5946.735775179,5946.735775179,18760,26264000,0.000000
3284,32.840069,5946.745760988,5946.745760988,18765,26271000,0.000000
3285,32.850065,5946.755757154,5946.755757154,18771,26279400,0.000000
3286,32.860067,5946.765758982,5946.765758982,18777,26287800,0.000000
3287,32.870070,5946.775762248,5946.775762248,18782,26294800,0.000000
3288,32.880064,5946.785756688,5946.785756688,18788,26303200,0.000000
3289,32.890080,5946.795771971,5946.795771971,18794,26311600,0.000000
3290,32.900084,5946.805775826,5946.805775826,18800,26320000,0.000000
3291,32.910068,5946.815760679,5946.815760679,18805,26327000,0.000000
3292,32.920070,5946.825762449,5946.825762449,18811,26335400,0.000000
3293,32.930067,5946.835758930,5946.835758930,18817,26343800,0.000000
3294,32.940076,5946.845767877,5946.845767877,18822,26350800,0.000000
3295,32.950068,5946.855760542,5946.855760542,18828,26359200,0.000000
3296,32.960065,5946.865757579,5946.865757579,18834,26367600,0.000000
3297,32.970086,5946.875778343,5946.875778343,18840,26376000,0.000000
3298,32.980077,5946.885768898,5946.885768898,18845,26383000,0.000000
3299,32.990079,5946.895770850,5946.895770850,18851,26391400,0.000000
3300,33.000067,5946.905758794,5946.905758794,18857,26399800,0.000000
3301,33.010067,5946.915759518,5946.915759518,18862,26406800,0.000000
3302,33.020070,5946.925762294,5946.925762294,18868,26415200,0.000000
3303,33.030064,5946.935756504,5946.935756504,18874,26423600,0.000000
3304,33.040077,5946.945769714,5946.945769714,18880,26432000,0.000000
3305,33.050060,5946.955752236,5946.955752236,18885,26439000,0.000000
3306,33.060065,5946.965756939,5946.965756939,18891,26447400,0.000000
3307,33.070075,5946.975767329,5946.975767329,18897,26455800,0.000000
3308,33.080080,5946.985771984,5946.985771984,18902,26462800,0.000000
3309,33.090026,5946.995718146,5946.995718146,18908,26471200,0.000000
3310,33.100066,5947.005757935,5947.005757935,18914,26479600,0.000000
3311,33.110095,5947.015787587,5947.015787587,18920,26488000,0.000000
3312,33.120071,5947.025763101,5947.025763101,18925,26495000,0.000000
3313,33.130074,5947.035765792,5947.035765792,18931,26503400,0.000000
3314,33.140065,5947.045757235,5947.045757235,18937,26511800,0.000000
3315,33.150070,5947.055762298,5947.055762298,18942,26518800,0.000000
3316,33.160066,5947.065758045,5947.065758045,18948,26527200,0.000000
3317,33.170050,5947.075741818,5947.075741818,18954,26535600,0.000000
3318,33.180070,5947.085762173,5947.085762173,18960,26544000,0.000000
3319,33.190069,5947.095761615,5947.095761615,18965,26551000,0.000000
3320,33.200063,5947.105755258,5947.105755258,18971,26559400,0.000000
3321,33.210064,5947.115756216,5947.115756216,18977,26567800,0.000000
3322,33.220065,5947.125757078,5947.125757078,18982,26574800,0.000000
3323,33.230064,5947.135756128,5947.135756128,18988,26583200,0.000000
3324,33.240052,5947.145744676,5947.145744676,18994,26591600,0.000000
3325,33.250075,5947.155767239,5947.155767239,19000,26600000,0.000000
3326,33.260059,5947.165751702,5947.165751702,19005,26607000,0.000000
3327,33.270067,5947.175759736,5947.175759736,19011,26615400,0.000000
3328,33.280058,5947.185750694,5947.185750694,19017,26623800,0.000000
3329,33.290066,5947.195758203,5947.195758203,19022,26630800,0.000000
3330,33.300066,5947.205757867,5947.205757867,19028,26639200,0.000000
3331,33.310073,5947.215765416,5947.215765416,19034,26647600,0.000000
3332,33.320083,5947.225775074,5947.225775074,19040,26656000,0.000000
3333,33.330066,5947.235758158,5947.235758158,19045,26663000,0.000000
3334,33.340068,5947.245760651,5947.245760651,19051,26671400,0.000000
3335,33.350058,5947.255750231,5947.255750231,19057,26679800,0.000000
3336,33.360066,5947.265757898,5947.265757898,19062,26686800,0.000000
3337,33.370067,5947.275759159,5947.275759159,19068,26695200,0.000000
3338,33.380068,5947.285760584,5947.285760584,19074,26703600,0.000000
3339,33.390088,5947.295779953,5947.295779953,19080,26712000,0.000000
3340,33.400066,5947.305758671,5947.305758671,19085,26719000,0.000000
3341,33.410062,5947.315754060,5947.315754060,19091,26727400,0.000000
3342,33.420066,5947.325758625,5947.325758625,19097,26735800,0.000000
3343,33.430070,5947.335762391,5947.335762391,19102,26742800,0.000000
3344,33.440067,5947.345759643,5947.345759643,19108,26751200,0.000000
3345,33.450064,5947.355756430,5947.355756430,19114,26759600,0.000000
3346,33.460099,5947.365790746,5947.365790746,19120,26768000,0.000000
3347,33.470070,5947.375762100,5947.375762100,19125,26775000,0.000000
3348,33.480065,5947.385757297,5947.385757297,19131,26783400,0.000000
3349,33.490071,5947.395763138,5947.395763138,19137,26791800,0.000000
3350,33.500072,5947.405763809,5947.405763809,19142,26798800,0.000000
3351,33.510063,5947.415755508,5947.415755508,19148,26807200,0.000000
3352,33.520060,5947.425751863,5947.425751863,19154,26815600,0.000000
3353,33.530064,5947.435756251,5947.435756251,19160,26824000,0.000000
3354,33.540067,5947.445759634,5947.445759634,19165,26831000,0.000000
3355,33.550065,5947.455756912,5947.455756912,19171,26839400,0.000000
3356,33.560058,5947.465749960,5947.465749960,19177,26847800,0.000000
3357,33.570065,5947.475757535,5947.475757535,19182,26854800,0.000000
3358,33.580032,5947.485723820,5947.485723820,19188,26863200,0.000000
3359,33.590063,5947.495755299,5947.495755299,19194,26871600,0.000000
3360,33.600076,5947.505768686,5947.505768686,19200,26880000,0.000000
3361,33.610067,5947.515758822,5947.515758822,19205,26887000,0.000000
3362,33.620066,5947.525758038,5947.525758038,19211,26895400,0.000000
3363,33.630065,5947.535757014,5947.535757014,19217,26903800,0.000000
3364,33.640063,5947.545754779,5947.545754779,19222,26910800,0.000000
3365,33.650069,5947.555760977,5947.555760977,19228,26919200,0.000000
3366,33.660060,5947.565752132,5947.565752132,19234,26927600,0.000000
3367,33.670067,5947.575758911,5947.575758911,19240,26936000,0.000000
3368,33.680096,5947.585787931,5947.585787931,19245,26943000,0.000000
3369,33.690065,5947.595757577,5947.595757577,19251,26951400,0.000000
3370,33.700064,5947.605755917,5947.605755917,19257,26959800,0.000000
3371,33.710069,5947.615761518,5947.615761518,19262,26966800,0.000000
3372,33.720070,5947.625761924,5947.625761924,19268,26975200,0.000000
3373,33.730065,5947.635757692,5947.635757692,19274,26983600,0.000000
3374,33.740077,5947.645769070,5947.645769070,19280,26992000,0.000000
3375,33.750067,5947.655759145,5947.655759145,19285,26999000,0.000000
3376,33.760066,5947.665758560,5947.665758560,19291,27007400,0.000000
3377,33.770063,5947.675755290,5947.675755290,19297,27015800,0.000000
3378,33.780059,5947.685751107,5947.685751107,19302,27022800,0.000000
3379,33.790066,5947.695758695,5947.695758695,19308,27031200,0.000000
3380,33.800059,5947.705751433,5947.705751433,19314,27039600,0.000000
3381,33.810079,5947.715771661,5947.715771661,19320,27048000,0.000000
3382,33.820069,5947.725761230,5947.725761230,19325,27055000,0.000000
3383,33.830071,5947.735763569,5947.735763569,19331,27063400,0.000000
3384,33.840065,5947.745756862,5947.745756862,19337,27071800,0.000000
3385,33.850067,5947.755759020,5947.755759020,19342,27078800,0.000000
3386,33.860071,5947.765763496,5947.765763496,19348,27087200,0.000000
3387,33.870071,5947.775763683,5947.775763683,19354,27095600,0.000000
3388,33.880073,5947.785764974,5947.785764974,19360,27104000,0.000000
3389,33.890067,5947.795759307,5947.795759307,19365,27111000,0.000000
3390,33.900063,5947.805755446,5947.805755446,19371,27119400,0.000000
3391,33.910066,5947.815758168,5947.815758168,19377,27127800,0.000000
3392,33.920054,5947.825746623,5947.825746623,19382,27134800,0.000000
3393,33.930068,5947.835760663,5947.835760663,19388,27143200,0.000000
3394,33.940067,5947.845758829,5947.845758829,19394,27151600,0.000000
3395,33.950076,5947.855768142,5947.855768142,19400,27160000,0.000000
3396,33.960067,5947.865759741,5947.865759741,19405,27167000,0.000000
3397,33.970063,5947.875755384,5947.875755384,19411,27175400,0.000000
3398,33.980059,5947.885750896,5947.885750896,19417,27183800,0.000000
3399,33.990087,5947.895779132,5947.895779132,19422,27190800,0.000000
3400,34.000063,5947.905755636,5947.905755636,19428,27199200,0.000000
3401,34.010062,5947.915753757,5947.915753757,19434,27207600,0.000000
3402,34.020085,5947.925777332,5947.925777332,19440,27216000,0.000000
3403,34.030087,5947.935779409,5947.935779409,19445,27223000,0.000000
3404,34.040063,5947.945755407,5947.945755407,19451,27231400,0.000000
3405,34.050056,5947.955748225,5947.955748225,19457,27239800,0.000000
3406,34.060078,5947.965769879,5947.965769879,19462,27246800,0.000000
3407,34.070074,5947.975765891,5947.975765891,19468,27255200,0.000000
3408,34.080084,5947.985776560,5947.985776560,19474,27263600,0.000000
3409,34.090106,5947.995798065,5947.995798065,19480,27272000,0.000000
3410,34.100071,5948.005763680,5948.005763680,19485,27279000,0.000000
3411,34.110072,5948.015763882,5948.015763882,19491,27287400,0.000000
3412,34.120063,5948.025754892,5948.025754892,19497,27295800,0.000000
3413,34.130074,5948.035766353,5948.035766353,19502,27302800,0.000000
3414,34.140078,5948.045770545,5948.045770545,19508,27311200,0.000000
3415,34.150073,5948.055765348,5948.055765348,19514,27319600,0.000000
3416,34.160088,5948.065780350,5948.065780350,19520,27328000,0.000000
3417,34.170071,5948.075762798,5948.075762798,19525,27335000,0.000000
3418,34.180066,5948.085758357,5948.085758357,19531,27343400,0.000000
3419,34.190068,5948.095760101,5948.095760101,19537,27351800,0.000000
3420,34.200066,5948.105758602,5948.105758602,19542,27358800,0.000000
3421,34.210068,5948.115760479,5948.115760479,19548,27367200,0.000000
3422,34.220065,5948.125757126,5948.125757126,19554,27375600,0.000000
3423,34.230080,5948.135772617,5948.135772617,19560,27384000,0.000000
3424,34.240071,5948.145762964,5948.145762964,19565,27391000,0.000000
3425,34.250073,5948.155765415,5948.155765415,19571,27399400,0.000000
3426,34.260066,5948.165758051,5948.165758051,19577,27407800,0.000000
3427,34.270071,5948.175762826,5948.175762826,19582,27414800,0.000000
3428,34.280065,5948.185757405,5948.185757405,19588,27423200,0.000000
3429,34.290067,5948.195759566,5948.195759566,19594,27431600,0.000000
3430,34.300023,5948.205715349,5948.205715349,19600,27440000,0.000000
3431,34.310128,5948.215820226,5948.215820226,19605,27447000,0.000000
3432,34.320069,5948.225761715,5948.225761715,19611,27455400,0.000000
3433,34.330058,5948.235750139,5948.235750139,19617,27463800,0.000000
3434,34.340070,5948.245761893,5948.245761893,19622,27470800,0.000000
3435,34.350069,5948.255760884,5948.255760884,19628,27479200,0.000000
3436,34.360062,5948.265754304,5948.265754304,19634,27487600,0.000000
3437,34.370075,5948.275767300,5948.275767300,19640,27496000,0.000000
3438,34.380064,5948.285756182,5948.285756182,19645,27503000,0.000000
3439,34.390072,5948.295764198,5948.295764198,19651,27511400,0.000000
3440,34.400055,5948.305747709,5948.305747709,19657,27519800,0.000000
3441,34.410065,5948.315757082,5948.315757082,19662,27526800,0.000000
3442,34.420064,5948.325755851,5948.325755851,19668,27535200,0.000000
3443,34.430066,5948.335758181,5948.335758181,19674,27543600,0.000000
3444,34.440081,5948.345773642,5948.345773642,19680,27552000,0.000000
3445,34.450068,5948.355760676,5948.355760676,19685,27559000,0.000000
3446,34.460068,5948.365760139,5948.365760139,19691,27567400,0.000000
3447,34.470017,5948.375709395,5948.375709395,19697,27575800,0.000000
3448,34.480052,5948.385744225,5948.385744225,19702,27582800,0.000000
3449,34.490065,5948.395757550,5948.395757550,19708,27591200,0.000000
3450,34.500032,5948.405723912,5948.405723912,19714,27599600,0.000000
3451,34.510082,5948.415774280,5948.415774280,19720,27608000,0.000000
3452,34.520071,5948.425763592,5948.425763592,19725,27615000,0.000000
3453,34.530069,5948.435761461,5948.435761461,19731,27623400,0.000000
3454,34.540058,5948.445750552,5948.445750552,19737,27631800,0.000000
3455,34.550070,5948.455762056,5948.455762056,19742,27638800,0.000000
3456,34.560071,5948.465763354,5948.465763354,19748,27647200,0.000000
3457,34.570057,5948.475749402,5948.475749402,19754,27655600,0.000000
3458,34.580072,5948.485764611,5948.485764611,19760,27664000,0.000000
3459,34.590064,5948.495756532,5948.495756532,19765,27671000,0.000000
3460,34.600051,5948.505743689,5948.505743689,19771,27679400,0.000000
3461,34.610058,5948.515750551,5948.515750551,19777,27687800,0.000000
3462,34.620071,5948.525763096,5948.525763096,19782,27694800,0.000000
3463,34.630067,5948.535758814,5948.535758814,19788,27703200,0.000000
3464,34.640065,5948.545757100,5948.545757100,19794,27711600,0.000000
3465,34.650079,5948.555771487,5948.555771487,19800,27720000,0.000000
3466,34.660071,5948.565763191,5948.565763191,19805,27727000,0.000000
3467,34.670066,5948.575758453,5948.575758453,19811,27735400,0.000000
3468,34.680059,5948.585751139,5948.585751139,19817,27743800,0.000000
3469,34.690082,5948.595773751,5948.595773751,19822,27750800,0.000000
3470,34.700064,5948.605756329,5948.605756329,19828,27759200,0.000000
3471,34.710066,5948.615758631,5948.615758631,19834,27767600,0.000000
3472,34.720079,5948.625771200,5948.625771200,19840,27776000,0.000000
3473,34.730067,5948.635759122,5948.635759122,19845,27783000,0.000000
3474,34.740065,5948.645757081,5948.645757081,19851,27791400,0.000000
3475,34.750063,5948.655755628,5948.655755628,19857,27799800,0.000000
3476,34.760087,5948.665778915,5948.665778915,19862,27806800,0.000000
3477,34.770067,5948.675759220,5948.675759220,19868,27815200,0.000000
3478,34.780065,5948.685757339,5948.685757339,19874,27823600,0.000000
3479,34.790067,5948.695758871,5948.695758871,19880,27832000,0.000000
3480,34.800060,5948.705751994,5948.705751994,19885,27839000,0.000000
3481,34.810032,5948.715724390,5948.715724390,19891,27847400,0.000000
3482,34.820009,5948.725701442,5948.725701442,19897,27855800,0.000000
3483,34.830067,5948.735759439,5948.735759439,19902,27862800,0.000000
3484,34.840043,5948.745734965,5948.745734965,19908,27871200,0.000000
3485,34.850066,5948.755758278,5948.755758278,19914,27879600,0.000000
3486,34.860098,5948.765790201,5948.765790201,19920,27888000,0.000000
3487,34.870066,5948.775758520,5948.775758520,19925,27895000,0.000000
3488,34.880067,5948.785759316,5948.785759316,19931,27903400,0.000000
3489,34.890032,5948.795724648,5948.795724648,19937,27911800,0.000000
3490,34.900063,5948.805754989,5948.805754989,19942,27918800,0.000000
3491,34.910040,5948.815732623,5948.815732623,19948,27927200,0.000000
3492,34.920078,5948.825770006,5948.825770006,19954,27935600,0.000000
3493,34.930083,5948.835775329,5948.835775329,19960,27944000,0.000000
3494,34.940031,5948.845723531,5948.845723531,19965,27951000,0.000000
3495,34.950069,5948.855760767,5948.855760767,19971,27959400,0.000000
3496,34.960064,5948.865756126,5948.865756126,19977,27967800,0.000000
3497,34.970066,5948.875757752,5948.875757752,19982,27974800,0.000000
3498,34.980065,5948.885757047,5948.885757047,19988,27983200,0.000000
3499,34.990081,5948.895773300,5948.895773300,19994,27991600,0.000000
3500,35.000075,5948.905767092,5948.905767092,20000,28000000,0.000000
3501,35.010066,5948.915758017,5948.915758017,20005,28007000,0.000000
3502,35.020066,5948.925758033,5948.925758033,20011,28015400,0.000000
3503,35.030062,5948.935754197,5948.935754197,20017,28023800,0.000000
3504,35.040062,5948.945753819,5948.945753819,20022,28030800,0.000000
3505,35.050063,5948.955755035,5948.955755035,20028,28039200,0.000000
3506,35.060054,5948.965746387,5948.965746387,20034,28047600,0.000000
3507,35.070077,5948.975769401,5948.975769401,20040,28056000,0.000000
3508,35.080067,5948.985758887,5948.985758887,20045,28063000,0.000000
3509,35.090065,5948.995756770,5948.995756770,20051,28071400,0.000000
3510,35.100058,5949.005750056,5949.005750056,20057,28079800,0.000000
3511,35.110072,5949.015763987,5949.015763987,20062,28086800,0.000000
3512,35.120070,5949.025762163,5949.025762163,20068,28095200,0.000000
3513,35.130065,5949.035757093,5949.035757093,20074,28103600,0.000000
3514,35.140080,5949.045772622,5949.045772622,20080,28112000,0.000000
3515,35.150071,5949.055763164,5949.055763164,20085,28119000,0.000000
3516,35.160064,5949.065756476,5949.065756476,20091,28127400,0.000000
3517,35.170040,5949.075732524,5949.075732524,20097,28135800,0.000000
3518,35.180071,5949.085763706,5949.085763706,20102,28142800,0.000000
3519,35.190066,5949.095758491,5949.095758491,20108,28151200,0.000000
3520,35.200045,5949.105736834,5949.105736834,20114,28159600,0.000000
3521,35.210075,5949.115767504,5949.115767504,20120,28168000,0.000000
3522,35.220065,5949.125756774,5949.125756774,20125,28175000,0.000000
3523,35.230066,5949.135757951,5949.135757951,20131,28183400,0.000000
3524,35.240058,5949.145750407,5949.145750407,20137,28191800,0.000000
3525,35.250069,5949.155760762,5949.155760762,20142,28198800,0.000000
3526,35.260070,5949.165762072,5949.165762072,20148,28207200,0.000000
3527,35.270051,5949.175742981,5949.175742981,20154,28215600,0.000000
3528,35.280057,5949.185749618,5949.185749618,20160,28224000,0.000000
3529,35.290063,5949.195755319,5949.195755319,20165,28231000,0.000000
3530,35.300066,5949.205758645,5949.205758645,20171,28239400,0.000000
3531,35.310062,5949.215754625,5949.215754625,20177,28247800,0.000000
3532,35.320064,5949.225756227,5949.225756227,20182,28254800,0.000000
3533,35.330065,5949.235757251,5949.235757251,20188,28263200,0.000000
3534,35.340063,5949.245754931,5949.245754931,20194,28271600,0.000000
3535,35.350069,5949.255760785,5949.255760785,20200,28280000,0.000000
3536,35.360065,5949.265756907,5949.265756907,20205,28287000,0.000000
3537,35.370063,5949.275755661,5949.275755661,20211,28295400,0.000000
3538,35.380062,5949.285754638,5949.285754638,20217,28303800,0.000000
3539,35.390066,5949.295758381,5949.295758381,20222,28310800,0.000000
3540,35.400065,5949.305757328,5949.305757328,20228,28319200,0.000000
3541,35.410074,5949.315765884,5949.315765884,20234,28327600,0.000000
3542,35.420071,5949.325762925,5949.325762925,20240,28336000,0.000000
3543,35.430066,5949.335758083,5949.335758083,20245,28343000,0.000000
3544,35.440065,5949.345757180,5949.345757180,20251,28351400,0.000000
3545,35.450064,5949.355756288,5949.355756288,20257,28359800,0.000000
3546,35.460073,5949.365765441,5949.365765441,20262,28366800,0.000000
3547,35.470067,5949.375759658,5949.375759658,20268,28375200,0.000000
3548,35.480043,5949.385735198,5949.385735198,20274,28383600,0.000000
3549,35.490080,5949.395771768,5949.395771768,20280,28392000,0.000000
3550,35.500069,5949.405761440,5949.405761440,20285,28399000,0.000000
3551,35.510067,5949.415759187,5949.415759187,20291,28407400,0.000000
3552,35.520066,5949.425758374,5949.425758374,20297,28415800,0.000000
3553,35.530063,5949.435755242,5949.435755242,20302,28422800,0.000000
3554,35.540066,5949.445758600,5949.445758600,20308,28431200,0.000000
3555,35.550065,5949.455757276,5949.455757276,20314,28439600,0.000000
3556,35.560075,5949.465767163,5949.465767163,20320,28448000,0.000000
3557,35.570065,5949.475756912,5949.475756912,20325,28455000,0.000000
3558,35.580067,5949.485759583,5949.485759583,20331,28463400,0.000000
3559,35.590064,5949.495756453,5949.495756453,20337,28471800,0.000000
3560,35.600059,5949.505751398,5949.505751398,20342,28478800,0.000000
3561,35.610068,5949.515759833,5949.515759833,20348,28487200,0.000000
3562,35.620065,5949.525757575,5949.525757575,20354,28495600,0.000000
3563,35.630078,5949.535770146,5949.535770146,20360,28504000,0.000000
3564,35.640074,5949.545766650,5949.545766650,20365,28511000,0.000000
3565,35.650064,5949.555756483,5949.555756483,20371,28519400,0.000000
3566,35.660058,5949.565750596,5949.565750596,20377,28527800,0.000000
3567,35.670064,5949.575756123,5949.575756123,20382,28534800,0.000000
3568,35.680066,5949.585758379,5949.585758379,20388,28543200,0.000000
3569,35.690068,5949.595760670,5949.595760670,20394,28551600,0.000000
3570,35.700078,5949.605770376,5949.605770376,20400,28560000,0.000000
3571,35.710068,5949.615760598,5949.615760598,20405,28567000,0.000000
3572,35.720018,5949.625710528,5949.625710528,20411,28575400,0.000000
3573,35.730055,5949.635747459,5949.635747459,20417,28583800,0.000000
3574,35.740028,5949.645720303,5949.645720303,20422,28590800,0.000000
3575,35.750066,5949.655758370,5949.655758370,20428,28599200,0.000000
3576,35.760065,5949.665757324,5949.665757324,20434,28607600,0.000000
3577,35.770078,5949.675770414,5949.675770414,20440,28616000,0.000000
3578,35.780067,5949.685759410,5949.685759410,20445,28623000,0.000000
3579,35.790066,5949.695758052,5949.695758052,20451,28631400,0.000000
3580,35.800061,5949.705753135,5949.705753135,20457,28639800,0.000000
3581,35.810068,5949.715760609,5949.715760609,20462,28646800,0.000000
3582,35.820063,5949.725755168,5949.725755168,20468,28655200,0.000000
3583,35.830068,5949.735760702,5949.735760702,20474,28663600,0.000000
3584,35.840082,5949.745774341,5949.745774341,20480,28672000,0.000000
3585,35.850065,5949.755757363,5949.755757363,20485,28679000,0.000000
3586,35.860072,5949.765764013,5949.765764013,20491,28687400,0.000000
3587,35.870064,5949.775756723,5949.775756723,20497,28695800,0.000000
3588,35.880068,5949.785760132,5949.785760132,20502,28702800,0.000000
3589,35.890064,5949.795756587,5949.795756587,20508,28711200,0.000000
3590,35.900066,5949.805758614,5949.805758614,20514,28719600,0.000000
3591,35.910076,5949.815768365,5949.815768365,20520,28728000,0.000000
3592,35.920069,5949.825761039,5949.825761039,20525,28735000,0.000000
3593,35.930048,5949.835740696,5949.835740696,20531,28743400,0.000000
3594,35.940088,5949.845780487,5949.845780487,20537,28751800,0.000000
3595,35.950065,5949.855756915,5949.855756915,20542,28758800,0.000000
3596,35.960061,5949.865753003,5949.865753003,20548,28767200,0.000000
3597,35.970067,5949.875759008,5949.875759008,20554,28775600,0.000000
3598,35.980071,5949.885762892,5949.885762892,20560,28784000,0.000000
3599,35.990064,5949.895756630,5949.895756630,20565,28791000,0.000000
3600,36.000064,5949.905756427,5949.905756427,20571,28799400,0.000000
3601,36.010066,5949.915758330,5949.915758330,20577,28807800,0.000000
3602,36.020066,5949.925758710,5949.925758710,20582,28814800,0.000000
3603,36.030068,5949.935760469,5949.935760469,20588,28823200,0.000000
3604,36.040068,5949.945759984,5949.945759984,20594,28831600,0.000000
3605,36.050095,5949.955787716,5949.955787716,20600,28840000,0.000000
3606,36.060069,5949.965761073,5949.965761073,20605,28847000,0.000000
3607,36.070059,5949.975751465,5949.975751465,20611,28855400,0.000000
3608,36.080068,5949.985760461,5949.985760461,20617,28863800,0.000000
3609,36.090061,5949.995753326,5949.995753326,20622,28870800,0.000000
3610,36.100075,5950.005767501,5950.005767501,20628,28879200,0.000000
3611,36.110070,5950.015762145,5950.015762145,20634,28887600,0.000000
3612,36.120076,5950.025768203,5950.025768203,20640,28896000,0.000000
3613,36.130066,5950.035758564,5950.035758564,20645,28903000,0.000000
3614,36.140073,5950.045765428,5950.045765428,20651,28911400,0.000000
3615,36.150059,5950.055751717,5950.055751717,20657,28919800,0.000000
3616,36.160068,5950.065760734,5950.065760734,20662,28926800,0.000000
3617,36.170065,5950.075756809,5950.075756809,20668,28935200,0.000000
3618,36.180058,5950.085750073,5950.085750073,20674,28943600,0.000000
3619,36.190023,5950.095715263,5950.095715263,20680,28952000,0.000000
3620,36.200065,5950.105756888,5950.105756888,20685,28959000,0.000000
3621,36.210068,5950.115759778,5950.115759778,20691,28967400,0.000000
3622,36.220066,5950.125758055,5950.125758055,20697,28975800,0.000000
3623,36.230072,5950.135764373,5950.135764373,20702,28982800,0.000000
3624,36.240076,5950.145768610,5950.145768610,20708,28991200,0.000000
3625,36.250064,5950.155756536,5950.155756536,20714,28999600,0.000000
3626,36.260077,5950.165769653,5950.165769653,20720,29008000,0.000000
3627,36.270061,5950.175753553,5950.175753553,20725,29015000,0.000000
3628,36.280076,5950.185768658,5950.185768658,20731,29023400,0.000000
3629,36.290073,5950.195765275,5950.195765275,20737,29031800,0.000000
3630,36.300068,5950.205760045,5950.205760045,20742,29038800,0.000000
3631,36.310056,5950.215748426,5950.215748426,20748,29047200,0.000000
3632,36.320066,5950.225757757,5950.225757757,20754,29055600,0.000000
3633,36.330089,5950.235781733,5950.235781733,20760,29064000,0.000000
3634,36.340073,5950.245764969,5950.245764969,20765,29071000,0.000000
3635,36.350069,5950.255760933,5950.255760933,20771,29079400,0.000000
3636,36.360066,5950.265758436,5950.265758436,20777,29087800,0.000000
3637,36.370069,5950.275761335,5950.275761335,20782,29094800,0.000000
3638,36.380070,5950.285762333,5950.285762333,20788,29103200,0.000000
3639,36.390055,5950.295747657,5950.295747657,20794,29111600,0.000000
3640,36.400083,5950.305775505,5950.305775505,20800,29120000,0.000000
3641,36.410069,5950.315760835,5950.315760835,20805,29127000,0.000000
3642,36.420065,5950.325756870,5950.325756870,20811,29135400,0.000000
3643,36.430060,5950.335752102,5950.335752102,20817,29143800,0.000000
3644,36.440061,5950.345753261,5950.345753261,20822,29150800,0.000000
3645,36.450066,5950.355758475,5950.355758475,20828,29159200,0.000000
3646,36.460063,5950.365754907,5950.365754907,20834,29167600,0.000000
3647,36.470092,5950.375784655,5950.375784655,20840,29176000,0.000000
3648,36.480065,5950.385756985,5950.385756985,20845,29183000,0.000000
3649,36.490063,5950.395755003,5950.395755003,20851,29191400,0.000000
3650,36.500068,5950.405760253,5950.405760253,20857,29199800,0.000000
3651,36.510069,5950.415761343,5950.415761343,20862,29206800,0.000000
3652,36.520073,5950.425765316,5950.425765316,20868,29215200,0.000000
3653,36.530068,5950.435759960,5950.435759960,20874,29223600,0.000000
3654,36.540036,5950.445727912,5950.445727912,20880,29232000,0.000000
3655,36.550064,5950.455756248,5950.455756248,20885,29239000,0.000000
3656,36.560065,5950.465756827,5950.465756827,20891,29247400,0.000000
3657,36.570064,5950.475756467,5950.475756467,20897,29255800,0.000000
3658,36.580072,5950.485763925,5950.485763925,20902,29262800,0.000000
3659,36.590067,5950.495759423,5950.495759423,20908,29271200,0.000000
3660,36.600064,5950.505756611,5950.505756611,20914,29279600,0.000000
3661,36.610077,5950.515768777,5950.515768777,20920,29288000,0.000000
3662,36.620063,5950.525755361,5950.525755361,20925,29295000,0.000000
3663,36.630067,5950.535759692,5950.535759692,20931,29303400,0.000000
3664,36.640061,5950.545753470,5950.545753470,20937,29311800,0.000000
3665,36.650067,5950.555759285,5950.555759285,20942,29318800,0.000000
3666,36.660067,5950.565759415,5950.565759415,20948,29327200,0.000000
3667,36.670057,5950.575749291,5950.575749291,20954,29335600,0.000000
3668,36.680075,5950.585766792,5950.585766792,20960,29344000,0.000000
3669,36.690065,5950.595756763,5950.595756763,20965,29351000,0.000000
3670,36.700065,5950.605757159,5950.605757159,20971,29359400,0.000000
3671,36.710065,5950.615757361,5950.615757361,20977,29367800,0.000000
3672,36.720037,5950.625729088,5950.625729088,20982,29374800,0.000000
3673,36.730069,5950.635761335,5950.635761335,20988,29383200,0.000000
3674,36.740070,5950.645761959,5950.645761959,20994,29391600,0.000000
3675,36.750084,5950.655775953,5950.655775953,21000,29400000,0.000000
3676,36.760067,5950.665759027,5950.665759027,21005,29407000,0.000000
3677,36.770064,5950.675756177,5950.675756177,21011,29415400,0.000000
3678,36.780062,5950.685754251,5950.685754251,21017,29423800,0.000000
3679,36.790068,5950.695760658,5950.695760658,21022,29430800,0.000000
3680,36.800072,5950.705764269,5950.705764269,21028,29439200,0.000000
3681,36.810063,5950.715755569,5950.715755569,21034,29447600,0.000000
3682,36.820082,5950.725774235,5950.725774235,21040,29456000,0.000000
3683,36.830070,5950.735761906,5950.735761906,21045,29463000,0.000000
3684,36.840070,5950.745762288,5950.745762288,21051,29471400,0.000000
3685,36.850063,5950.755755069,5950.755755069,21057,29479800,0.000000
3686,36.860068,5950.765760450,5950.765760450,21062,29486800,0.000000
3687,36.870092,5950.775784505,5950.775784505,21068,29495200,0.000000
3688,36.880068,5950.785759818,5950.785759818,21074,29503600,0.000000
3689,36.890077,5950.795769125,5950.795769125,21080,29512000,0.000000
3690,36.900066,5950.805758566,5950.805758566,21085,29519000,0.000000
3691,36.910063,5950.815755329,5950.815755329,21091,29527400,0.000000
3692,36.920069,5950.825761667,5950.825761667,21097,29535800,0.000000
3693,36.930067,5950.835758829,5950.835758829,21102,29542800,0.000000
3694,36.940065,5950.845757478,5950.845757478,21108,29551200,0.000000
3695,36.950063,5950.855755527,5950.855755527,21114,29559600,0.000000
3696,36.960077,5950.865768764,5950.865768764,21120,29568000,0.000000
3697,36.970064,5950.875756124,5950.875756124,21125,29575000,0.000000
3698,36.980063,5950.885754806,5950.885754806,21131,29583400,0.000000
3699,36.990067,5950.895759723,5950.895759723,21137,29591800,0.000000
3700,37.000068,5950.905760275,5950.905760275,21142,29598800,0.000000
3701,37.010068,5950.915760517,5950.915760517,21148,29607200,0.000000
3702,37.020078,5950.925770032,5950.925770032,21154,29615600,0.000000
3703,37.030076,5950.935768591,5950.935768591,21160,29624000,0.000000
3704,37.040066,5950.945758440,5950.945758440,21165,29631000,0.000000
3705,37.050059,5950.955750767,5950.955750767,21171,29639400,0.000000
3706,37.060029,5950.965721026,5950.965721026,21177,29647800,0.000000
3707,37.070062,5950.975753959,5950.975753959,21182,29654800,0.000000
3708,37.080068,5950.985760616,5950.985760616,21188,29663200,0.000000
3709,37.090058,5950.995750678,5950.995750678,21194,29671600,0.000000
3710,37.100077,5951.005769202,5951.005769202,21200,29680000,0.000000
3711,37.110064,5951.015755851,5951.015755851,21205,29687000,0.000000
3712,37.120066,5951.025757762,5951.025757762,21211,29695400,0.000000
3713,37.130065,5951.035756889,5951.035756889,21217,29703800,0.000000
3714,37.140079,5951.045770751,5951.045770751,21222,29710800,0.000000
3715,37.150066,5951.055758361,5951.055758361,21228,29719200,0.000000
3716,37.160057,5951.065749460,5951.065749460,21234,29727600,0.000000
3717,37.170076,5951.075768260,5951.075768260,21240,29736000,0.000000
3718,37.180068,5951.085760383,5951.085760383,21245,29743000,0.000000
3719,37.190068,5951.095759805,5951.095759805,21251,29751400,0.000000
3720,37.200068,5951.105760543,5951.105760543,21257,29759800,0.000000
3721,37.210067,5951.115758991,5951.115758991,21262,29766800,0.000000
3722,37.220029,5951.125721702,5951.125721702,21268,29775200,0.000000
3723,37.230062,5951.135754323,5951.135754323,21274,29783600,0.000000
3724,37.240085,5951.145777540,5951.145777540,21280,29792000,0.000000
3725,37.250072,5951.155764618,5951.155764618,21285,29799000,0.000000
3726,37.260064,5951.165755932,5951.165755932,21291,29807400,0.000000
3727,37.270058,5951.175749863,5951.175749863,21297,29815800,0.000000
3728,37.280063,5951.185755585,5951.185755585,21302,29822800,0.000000
3729,37.290080,5951.195772666,5951.195772666,21308,29831200,0.000000
3730,37.300065,5951.205757200,5951.205757200,21314,29839600,0.000000
3731,37.310071,5951.215763061,5951.215763061,21320,29848000,0.000000
3732,37.320073,5951.225765644,5951.225765644,21325,29855000,0.000000
3733,37.330059,5951.235750814,5951.235750814,21331,29863400,0.000000
3734,37.340058,5951.245750047,5951.245750047,21337,29871800,0.000000
3735,37.350060,5951.255752179,5951.255752179,21342,29878800,0.000000
3736,37.360064,5951.265755803,5951.265755803,21348,29887200,0.000000
3737,37.370144,5951.275836343,5951.275836343,21354,29895600,0.000000
3738,37.380083,5951.285774791,5951.285774791,21360,29904000,0.000000
3739,37.390067,5951.295759354,5951.295759354,21365,29911000,0.000000
3740,37.400068,5951.305759757,5951.305759757,21371,29919400,0.000000
3741,37.410026,5951.315717841,5951.315717841,21377,29927800,0.000000
3742,37.420079,5951.325771176,5951.325771176,21382,29934800,0.000000
3743,37.430067,5951.335758818,5951.335758818,21388,29943200,0.000000
3744,37.440067,5951.345759250,5951.345759250,21394,29951600,0.000000
3745,37.450092,5951.355784231,5951.355784231,21400,29960000,0.000000
3746,37.460467,5951.366158819,5951.366158819,21405,29967000,0.000000
3747,37.470068,5951.375760445,5951.375760445,21411,29975400,0.000000
3748,37.480064,5951.385755920,5951.385755920,21417,29983800,0.000000
3749,37.490065,5951.395757321,5951.395757321,21422,29990800,0.000000
3750,37.500068,5951.405760201,5951.405760201,21428,29999200,0.000000
3751,37.510086,5951.415778229,5951.415778229,21434,30007600,0.000000
3752,37.520059,5951.425751685,5951.425751685,21440,30016000,0.000000
3753,37.530080,5951.435772266,5951.435772266,21445,30023000,0.000000
3754,37.540074,5951.445766654,5951.445766654,21451,30031400,0.000000
3755,37.550059,5951.455751575,5951.455751575,21457,30039800,0.000000
3756,37.560067,5951.465758990,5951.465758990,21462,30046800,0.000000
3757,37.570065,5951.475757078,5951.475757078,21468,30055200,0.000000
3758,37.580065,5951.485757247,5951.485757247,21474,30063600,0.000000
3759,37.590076,5951.495768276,5951.495768276,21480,30072000,0.000000
3760,37.600068,5951.505760274,5951.505760274,21485,30079000,0.000000
3761,37.610065,5951.515757186,5951.515757186,21491,30087400,0.000000
3762,37.620067,5951.525758924,5951.525758924,21497,30095800,0.000000
3763,37.630068,5951.535760376,5951.535760376,21502,30102800,0.000000
3764,37.640070,5951.545762309,5951.545762309,21508,30111200,0.000000
3765,37.650066,5951.555758690,5951.555758690,21514,30119600,0.000000
3766,37.660081,5951.565773552,5951.565773552,21520,30128000,0.000000
3767,37.670070,5951.575761882,5951.575761882,21525,30135000,0.000000
3768,37.680069,5951.585761234,5951.585761234,21531,30143400,0.000000
3769,37.690068,5951.595759822,5951.595759822,21537,30151800,0.000000
3770,37.700066,5951.605758102,5951.605758102,21542,30158800,0.000000
3771,37.710064,5951.615755959,5951.615755959,21548,30167200,0.000000
3772,37.720061,5951.625753734,5951.625753734,21554,30175600,0.000000
3773,37.730099,5951.635791283,5951.635791283,21560,30184000,0.000000
3774,37.740064,5951.645756468,5951.645756468,21565,30191000,0.000000
3775,37.750066,5951.655757894,5951.655757894,21571,30199400,0.000000
3776,37.760061,5951.665753101,5951.665753101,21577,30207800,0.000000
3777,37.770065,5951.675757190,5951.675757190,21582,30214800,0.000000
3778,37.780064,5951.685756586,5951.685756586,21588,30223200,0.000000
3779,37.790066,5951.695758226,5951.695758226,21594,30231600,0.000000
3780,37.800082,5951.705774669,5951.705774669,21600,30240000,0.000000
3781,37.810063,5951.715755331,5951.715755331,21605,30247000,0.000000
3782,37.820066,5951.725758291,5951.725758291,21611,30255400,0.000000
3783,37.830020,5951.735712418,5951.735712418,21617,30263800,0.000000
3784,37.840016,5951.745707763,5951.745707763,21622,30270800,0.000000
3785,37.850067,5951.755759401,5951.755759401,21628,30279200,0.000000
3786,37.860054,5951.765745934,5951.765745934,21634,30287600,0.000000
3787,37.870079,5951.775771622,5951.775771622,21640,30296000,0.000000
3788,37.880066,5951.785758092,5951.785758092,21645,30303000,0.000000
3789,37.890071,5951.795763573,5951.795763573,21651,30311400,0.000000
3790,37.900058,5951.805750613,5951.805750613,21657,30319800,0.000000
3791,37.910066,5951.815758178,5951.815758178,21662,30326800,0.000000
3792,37.920065,5951.825757603,5951.825757603,21668,30335200,0.000000
3793,37.930066,5951.835757865,5951.835757865,21674,30343600,0.000000
3794,37.940074,5951.845766674,5951.845766674,21680,30352000,0.000000
3795,37.950066,5951.855757910,5951.855757910,21685,30359000,0.000000
3796,37.960069,5951.865760762,5951.865760762,21691,30367400,0.000000
3797,37.970059,5951.875750840,5951.875750840,21697,30375800,0.000000
3798,37.980068,5951.885759894,5951.885759894,21702,30382800,0.000000
3799,37.990071,5951.895763348,5951.895763348,21708,30391200,0.000000
3800,38.000061,5951.905753010,5951.905753010,21714,30399600,0.000000
3801,38.010077,5951.915769480,5951.915769480,21720,30408000,0.000000
3802,38.020066,5951.925757788,5951.925757788,21725,30415000,0.000000
3803,38.030064,5951.935756178,5951.935756178,21731,30423400,0.000000
3804,38.040065,5951.945756973,5951.945756973,21737,30431800,0.000000
3805,38.050061,5951.955753543,5951.955753543,21742,30438800,0.000000
3806,38.060064,5951.965755966,5951.965755966,21748,30447200,0.000000
3807,38.070068,5951.975760188,5951.975760188,21754,30455600,0.000000
3808,38.080030,5951.985722089,5951.985722089,21760,30464000,0.000000
3809,38.090066,5951.995758213,5951.995758213,21765,30471000,0.000000
3810,38.100064,5952.005756430,5952.005756430,21771,30479400,0.000000
3811,38.110065,5952.015757540,5952.015757540,21777,30487800,0.000000
3812,38.120067,5952.025758961,5952.025758961,21782,30494800,0.000000
3813,38.130066,5952.035758411,5952.035758411,21788,30503200,0.000000
3814,38.140068,5952.045759892,5952.045759892,21794,30511600,0.000000
3815,38.150074,5952.055766737,5952.055766737,21800,30520000,0.000000
3816,38.160065,5952.065757072,5952.065757072,21805,30527000,0.000000
3817,38.170025,5952.075717656,5952.075717656,21811,30535400,0.000000
3818,38.180066,5952.085757784,5952.085757784,21817,30543800,0.000000
3819,38.190022,5952.095714576,5952.095714576,21822,30550800,0.000000
3820,38.200066,5952.105758427,5952.105758427,21828,30559200,0.000000
3821,38.210059,5952.115751709,5952.115751709,21834,30567600,0.000000
3822,38.220083,5952.125775590,5952.125775590,21840,30576000,0.000000
3823,38.230068,5952.135760115,5952.135760115,21845,30583000,0.000000
3824,38.240064,5952.145756561,5952.145756561,21851,30591400,0.000000
3825,38.250058,5952.155749814,5952.155749814,21857,30599800,0.000000
3826,38.260070,5952.165761759,5952.165761759,21862,30606800,0.000000
3827,38.270040,5952.175732740,5952.175732740,21868,30615200,0.000000
3828,38.280063,5952.185755395,5952.185755395,21874,30623600,0.000000
3829,38.290075,5952.195767310,5952.195767310,21880,30632000,0.000000
3830,38.300065,5952.205757105,5952.205757105,21885,30639000,0.000000
3831,38.310045,5952.215737177,5952.215737177,21891,30647400,0.000000
3832,38.320058,5952.225750342,5952.225750342,21897,30655800,0.000000
3833,38.330066,5952.235757875,5952.235757875,21902,30662800,0.000000
3834,38.340068,5952.245759785,5952.245759785,21908,30671200,0.000000
3835,38.350064,5952.255756038,5952.255756038,21914,30679600,0.000000
3836,38.360076,5952.265768288,5952.265768288,21920,30688000,0.000000
3837,38.370071,5952.275763203,5952.275763203,21925,30695000,0.000000
3838,38.380071,5952.285763656,5952.285763656,21931,30703400,0.000000
3839,38.390063,5952.295755118,5952.295755118,21937,30711800,0.000000
3840,38.400010,5952.305702635,5952.305702635,21942,30718800,0.000000
3841,38.410064,5952.315756106,5952.315756106,21948,30727200,0.000000
3842,38.420069,5952.325761404,5952.325761404,21954,30735600,0.000000
3843,38.430097,5952.335789700,5952.335789700,21960,30744000,0.000000
3844,38.440069,5952.345760803,5952.345760803,21965,30751000,0.000000
3845,38.450070,5952.355762292,5952.355762292,21971,30759400,0.000000
3846,38.460033,5952.365725429,5952.365725429,21977,30767800,0.000000
3847,38.470068,5952.375760066,5952.375760066,21982,30774800,0.000000
3848,38.480068,5952.385760381,5952.385760381,21988,30783200,0.000000
3849,38.490059,5952.395751352,5952.395751352,21994,30791600,0.000000
3850,38.500075,5952.405767129,5952.405767129,22000,30800000,0.000000
3851,38.510063,5952.415755663,5952.415755663,22005,30807000,0.000000
3852,38.520064,5952.425756311,5952.425756311,22011,30815400,0.000000
3853,38.530062,5952.435753849,5952.435753849,22017,30823800,0.000000
3854,38.540067,5952.445759455,5952.445759455,22022,30830800,0.000000
3855,38.550067,5952.455759379,5952.455759379,22028,30839200,0.000000
3856,38.560079,5952.465771602,5952.465771602,22034,30847600,0.000000
3857,38.570081,5952.475773187,5952.475773187,22040,30856000,0.000000
3858,38.580066,5952.485758681,5952.485758681,22045,30863000,0.000000
3859,38.590063,5952.495755040,5952.495755040,22051,30871400,0.000000
3860,38.600066,5952.505758406,5952.505758406,22057,30879800,0.000000
3861,38.610067,5952.515759447,5952.515759447,22062,30886800,0.000000
3862,38.620068,5952.525759776,5952.525759776,22068,30895200,0.000000
3863,38.630066,5952.535758012,5952.535758012,22074,30903600,0.000000
3864,38.640075,5952.545767698,5952.545767698,22080,30912000,0.000000
3865,38.650068,5952.555759767,5952.555759767,22085,30919000,0.000000
3866,38.660065,5952.565757132,5952.565757132,22091,30927400,0.000000
3867,38.670063,5952.575755309,5952.575755309,22097,30935800,0.000000
3868,38.680066,5952.585758425,5952.585758425,22102,30942800,0.000000
3869,38.690065,5952.595757602,5952.595757602,22108,30951200,0.000000
3870,38.700065,5952.605757587,5952.605757587,22114,30959600,0.000000
3871,38.710084,5952.615776125,5952.615776125,22120,30968000,0.000000
3872,38.720067,5952.625759672,5952.625759672,22125,30975000,0.000000
3873,38.730065,5952.635757322,5952.635757322,22131,30983400,0.000000
3874,38.740061,5952.645753537,5952.645753537,22137,30991800,0.000000
3875,38.750072,5952.655764480,5952.655764480,22142,30998800,0.000000
3876,38.760069,5952.665760939,5952.665760939,22148,31007200,0.000000
3877,38.770074,5952.675766704,5952.675766704,22154,31015600,0.000000
3878,38.780064,5952.685755856,5952.685755856,22160,31024000,0.000000
3879,38.790093,5952.695785329,5952.695785329,22165,31031000,0.000000
3880,38.800065,5952.705757720,5952.705757720,22171,31039400,0.000000
3881,38.810062,5952.715754446,5952.715754446,22177,31047800,0.000000
3882,38.820071,5952.725762821,5952.725762821,22182,31054800,0.000000
3883,38.830066,5952.735758584,5952.735758584,22188,31063200,0.000000
3884,38.840064,5952.745755916,5952.745755916,22194,31071600,0.000000
3885,38.850075,5952.755767355,5952.755767355,22200,31080000,0.000000
3886,38.860075,5952.765767104,5952.765767104,22205,31087000,0.000000
3887,38.870070,5952.775761753,5952.775761753,22211,31095400,0.000000
3888,38.880070,5952.785761759,5952.785761759,22217,31103800,0.000000
3889,38.890068,5952.795759921,5952.795759921,22222,31110800,0.000000
3890,38.900065,5952.805756863,5952.805756863,22228,31119200,0.000000
3891,38.910058,5952.815750167,5952.815750167,22234,31127600,0.000000
3892,38.920074,5952.825766009,5952.825766009,22240,31136000,0.000000
3893,38.930064,5952.835755850,5952.835755850,22245,31143000,0.000000
3894,38.940063,5952.845755251,5952.845755251,22251,31151400,0.000000
3895,38.950063,5952.855755632,5952.855755632,22257,31159800,0.000000
3896,38.960067,5952.865758929,5952.865758929,22262,31166800,0.000000
3897,38.970065,5952.875757395,5952.875757395,22268,31175200,0.000000
3898,38.980042,5952.885734363,5952.885734363,22274,31183600,0.000000
3899,38.990069,5952.895761529,5952.895761529,22280,31192000,0.000000
3900,39.000060,5952.905752304,5952.905752304,22285,31199000,0.000000
3901,39.010063,5952.915754800,5952.915754800,22291,31207400,0.000000
3902,39.020059,5952.925751174,5952.925751174,22297,31215800,0.000000
3903,39.030061,5952.935753277,5952.935753277,22302,31222800,0.000000
3904,39.040065,5952.945757035,5952.945757035,22308,31231200,0.000000
3905,39.050059,5952.955750782,5952.955750782,22314,31239600,0.000000
3906,39.060072,5952.965764217,5952.965764217,22320,31248000,0.000000
3907,39.070068,5952.975759916,5952.975759916,22325,31255000,0.000000
3908,39.080067,5952.985759354,5952.985759354,22331,31263400,0.000000
3909,39.090067,5952.995758763,5952.995758763,22337,31271800,0.000000
3910,39.100068,5953.005759774,5953.005759774,22342,31278800,0.000000
3911,39.110064,5953.015756537,5953.015756537,22348,31287200,0.000000
3912,39.120065,5953.025757160,5953.025757160,22354,31295600,0.000000
3913,39.130073,5953.035765556,5953.035765556,22360,31304000,0.000000
3914,39.140063,5953.045755295,5953.045755295,22365,31311000,0.000000
3915,39.150070,5953.055762718,5953.055762718,22371,31319400,0.000000
3916,39.160059,5953.065751401,5953.065751401,22377,31327800,0.000000
3917,39.170060,5953.075752205,5953.075752205,22382,31334800,0.000000
3918,39.180066,5953.085758331,5953.085758331,22388,31343200,0.000000
3919,39.190063,5953.095755705,5953.095755705,22394,31351600,0.000000
3920,39.200082,5953.105773984,5953.105773984,22400,31360000,0.000000
3921,39.210067,5953.115758766,5953.115758766,22405,31367000,0.000000
3922,39.220063,5953.125755641,5953.125755641,22411,31375400,0.000000
3923,39.230063,5953.135755187,5953.135755187,22417,31383800,0.000000
3924,39.240064,5953.145755943,5953.145755943,22422,31390800,0.000000
3925,39.250068,5953.155760087,5953.155760087,22428,31399200,0.000000
3926,39.260066,5953.165758275,5953.165758275,22434,31407600,0.000000
3927,39.270081,5953.175773114,5953.175773114,22440,31416000,0.000000
3928,39.280059,5953.185751104,5953.185751104,22445,31423000,0.000000
3929,39.290048,5953.195740305,5953.195740305,22451,31431400,0.000000
3930,39.300062,5953.205754737,5953.205754737,22457,31439800,0.000000
3931,39.310075,5953.215767341,5953.215767341,22462,31446800,0.000000
3932,39.320059,5953.225751477,5953.225751477,22468,31455200,0.000000
3933,39.330068,5953.235759939,5953.235759939,22474,31463600,0.000000
3934,39.340087,5953.245779204,5953.245779204,22480,31472000,0.000000
3935,39.350071,5953.255762793,5953.255762793,22485,31479000,0.000000
3936,39.360064,5953.265755869,5953.265755869,22491,31487400,0.000000
3937,39.370059,5953.275750856,5953.275750856,22497,31495800,0.000000
3938,39.380074,5953.285765934,5953.285765934,22502,31502800,0.000000
3939,39.390033,5953.295725530,5953.295725530,22508,31511200,0.000000
3940,39.400068,5953.305759983,5953.305759983,22514,31519600,0.000000
3941,39.410076,5953.315768543,5953.315768543,22520,31528000,0.000000
3942,39.420064,5953.325756299,5953.325756299,22525,31535000,0.000000
3943,39.430064,5953.335756423,5953.335756423,22531,31543400,0.000000
3944,39.440063,5953.345755094,5953.345755094,22537,31551800,0.000000
3945,39.450067,5953.355759732,5953.355759732,22542,31558800,0.000000
3946,39.460066,5953.365757844,5953.365757844,22548,31567200,0.000000
3947,39.470065,5953.375757350,5953.375757350,22554,31575600,0.000000
3948,39.480088,5953.385780086,5953.385780086,22560,31584000,0.000000
3949,39.490075,5953.395767687,5953.395767687,22565,31591000,0.000000
3950,39.500065,5953.405757731,5953.405757731,22571,31599400,0.000000
3951,39.510062,5953.415753932,5953.415753932,22577,31607800,0.000000
3952,39.520068,5953.425759997,5953.425759997,22582,31614800,0.000000
3953,39.530068,5953.435760537,5953.435760537,22588,31623200,0.000000
3954,39.540066,5953.445758076,5953.445758076,22594,31631600,0.000000
3955,39.550074,5953.455766384,5953.455766384,22600,31640000,0.000000
3956,39.560066,5953.465757824,5953.465757824,22605,31647000,0.000000
3957,39.570066,5953.475758262,5953.475758262,22611,31655400,0.000000
3958,39.580027,5953.485718922,5953.485718922,22617,31663800,0.000000
3959,39.590061,5953.495752845,5953.495752845,22622,31670800,0.000000
3960,39.600062,5953.505754581,5953.505754581,22628,31679200,0.000000
3961,39.610064,5953.515755895,5953.515755895,22634,31687600,0.000000
3962,39.620074,5953.525765916,5953.525765916,22640,31696000,0.000000
3963,39.630065,5953.535757608,5953.535757608,22645,31703000,0.000000
3964,39.640065,5953.545756932,5953.545756932,22651,31711400,0.000000
3965,39.650057,5953.555749603,5953.555749603,22657,31719800,0.000000
3966,39.660072,5953.565764286,5953.565764286,22662,31726800,0.000000
3967,39.670067,5953.575759418,5953.575759418,22668,31735200,0.000000
3968,39.680065,5953.585756882,5953.585756882,22674,31743600,0.000000
3969,39.690078,5953.595770234,5953.595770234,22680,31752000,0.000000
3970,39.700079,5953.605770754,5953.605770754,22685,31759000,0.000000
3971,39.710064,5953.615756503,5953.615756503,22691,31767400,0.000000
3972,39.720059,5953.625751139,5953.625751139,22697,31775800,0.000000
3973,39.730063,5953.635755573,5953.635755573,22702,31782800,0.000000
3974,39.740063,5953.645755360,5953.645755360,22708,31791200,0.000000
3975,39.750063,5953.655755112,5953.655755112,22714,31799600,0.000000
3976,39.760083,5953.665774794,5953.665774794,22720,31808000,0.000000
3977,39.770070,5953.675761829,5953.675761829,22725,31815000,0.000000
3978,39.780065,5953.685757168,5953.685757168,22731,31823400,0.000000
3979,39.790066,5953.695757899,5953.695757899,22737,31831800,0.000000
3980,39.800067,5953.705759534,5953.705759534,22742,31838800,0.000000
3981,39.810067,5953.715759380,5953.715759380,22748,31847200,0.000000
3982,39.820066,5953.725757806,5953.725757806,22754,31855600,0.000000
3983,39.830077,5953.735769730,5953.735769730,22760,31864000,0.000000
3984,39.840066,5953.745757924,5953.745757924,22765,31871000,0.000000
3985,39.850064,5953.755756085,5953.755756085,22771,31879400,0.000000
3986,39.860067,5953.765759081,5953.765759081,22777,31887800,0.000000
3987,39.870068,5953.775760388,5953.775760388,22782,31894800,0.000000
3988,39.880068,5953.785760083,5953.785760083,22788,31903200,0.000000
3989,39.890081,5953.795772931,5953.795772931,22794,31911600,0.000000
3990,39.900075,5953.805767182,5953.805767182,22800,31920000,0.000000
3991,39.910064,5953.815755777,5953.815755777,22805,31927000,0.000000
3992,39.920064,5953.825756197,5953.825756197,22811,31935400,0.000000
3993,39.930062,5953.835753758,5953.835753758,22817,31943800,0.000000
3994,39.940066,5953.845758528,5953.845758528,22822,31950800,0.000000
3995,39.950065,5953.855757049,5953.855757049,22828,31959200,0.000000
3996,39.960063,5953.865754831,5953.865754831,22834,31967600,0.000000
3997,39.970076,5953.875767940,5953.875767940,22840,31976000,0.000000
3998,39.980066,5953.885758609,5953.885758609,22845,31983000,0.000000
3999,39.990068,5953.895760093,5953.895760093,22851,31991400,0.000000
4000,40.000063,5953.905755158,5953.905755158,22857,31999800,0.000000
4001,40.010064,5953.915755903,5953.915755903,22862,32006800,0.000000
4002,40.020068,5953.925760373,5953.925760373,22868,32015200,0.000000
4003,40.030066,5953.935758312,5953.935758312,22874,32023600,0.000000
4004,40.040075,5953.945767509,5953.945767509,22880,32032000,0.000000
4005,40.050067,5953.955759335,5953.955759335,22885,32039000,0.000000
4006,40.060065,5953.965757329,5953.965757329,22891,32047400,0.000000
4007,40.070059,5953.975751241,5953.975751241,22897,32055800,0.000000
4008,40.080064,5953.985756596,5953.985756596,22902,32062800,0.000000
4009,40.090069,5953.995761201,5953.995761201,22908,32071200,0.000000
4010,40.100068,5954.005760000,5954.005760000,22914,32079600,0.000000
4011,40.110083,5954.015774882,5954.015774882,22920,32088000,0.000000
4012,40.120061,5954.025752882,5954.025752882,22925,32095000,0.000000
4013,40.130067,5954.035759151,5954.035759151,22931,32103400,0.000000
4014,40.140067,5954.045758979,5954.045758979,22937,32111800,0.000000
4015,40.150072,5954.055764442,5954.055764442,22942,32118800,0.000000
4016,40.160067,5954.065759375,5954.065759375,22948,32127200,0.000000
4017,40.170067,5954.075759358,5954.075759358,22954,32135600,0.000000
4018,40.180077,5954.085769009,5954.085769009,22960,32144000,0.000000
4019,40.190067,5954.095759066,5954.095759066,22965,32151000,0.000000
4020,40.200068,5954.105759851,5954.105759851,22971,32159400,0.000000
4021,40.210065,5954.115757440,5954.115757440,22977,32167800,0.000000
4022,40.220072,5954.125764438,5954.125764438,22982,32174800,0.000000
4023,40.230065,5954.135757213,5954.135757213,22988,32183200,0.000000
4024,40.240064,5954.145755780,5954.145755780,22994,32191600,0.000000
4025,40.250074,5954.155766196,5954.155766196,23000,32200000,0.000000
4026,40.260066,5954.165758715,5954.165758715,23005,32207000,0.000000
4027,40.270068,5954.175759749,5954.175759749,23011,32215400,0.000000
4028,40.280058,5954.185750240,5954.185750240,23017,32223800,0.000000
4029,40.290060,5954.195752567,5954.195752567,23022,32230800,0.000000
4030,40.300031,5954.205723352,5954.205723352,23028,32239200,0.000000
4031,40.310065,5954.215757568,5954.215757568,23034,32247600,0.000000
4032,40.320075,5954.225766797,5954.225766797,23040,32256000,0.000000
4033,40.330067,5954.235759529,5954.235759529,23045,32263000,0.000000
4034,40.340062,5954.245754710,5954.245754710,23051,32271400,0.000000
4035,40.350062,5954.255754082,5954.255754082,23057,32279800,0.000000
4036,40.360069,5954.265761481,5954.265761481,23062,32286800,0.000000
4037,40.370070,5954.275762419,5954.275762419,23068,32295200,0.000000
4038,40.380063,5954.285754957,5954.285754957,23074,32303600,0.000000
4039,40.390078,5954.295769970,5954.295769970,23080,32312000,0.000000
4040,40.400069,5954.305761257,5954.305761257,23085,32319000,0.000000
4041,40.410026,5954.315718005,5954.315718005,23091,32327400,0.000000
4042,40.420061,5954.325753585,5954.325753585,23097,32335800,0.000000
4043,40.430068,5954.335760359,5954.335760359,23102,32342800,0.000000
4044,40.440065,5954.345757617,5954.345757617,23108,32351200,0.000000
4045,40.450061,5954.355753436,5954.355753436,23114,32359600,0.000000
4046,40.460091,5954.365783551,5954.365783551,23120,32368000,0.000000
4047,40.470064,5954.375756096,5954.375756096,23125,32375000,0.000000
4048,40.480069,5954.385761388,5954.385761388,23131,32383400,0.000000
4049,40.490058,5954.395750272,5954.395750272,23137,32391800,0.000000
4050,40.500067,5954.405759464,5954.405759464,23142,32398800,0.000000
4051,40.510073,5954.415765019,5954.415765019,23148,32407200,0.000000
4052,40.520064,5954.425756529,5954.425756529,23154,32415600,0.000000
4053,40.530074,5954.435765758,5954.435765758,23160,32424000,0.000000
4054,40.540061,5954.445752854,5954.445752854,23165,32431000,0.000000
4055,40.550064,5954.455756717,5954.455756717,23171,32439400,0.000000
4056,40.560069,5954.465761341,5954.465761341,23177,32447800,0.000000
4057,40.570069,5954.475761170,5954.475761170,23182,32454800,0.000000
4058,40.580068,5954.485760335,5954.485760335,23188,32463200,0.000000
4059,40.590067,5954.495759170,5954.495759170,23194,32471600,0.000000
4060,40.600072,5954.505764509,5954.505764509,23200,32480000,0.000000
4061,40.610066,5954.515758278,5954.515758278,23205,32487000,0.000000
4062,40.620067,5954.525759219,5954.525759219,23211,32495400,0.000000
4063,40.630058,5954.535750342,5954.535750342,23217,32503800,0.000000
4064,40.640069,5954.545761521,5954.545761521,23222,32510800,0.000000
4065,40.650068,5954.555759779,5954.555759779,23228,32519200,0.000000
4066,40.660064,5954.565756345,5954.565756345,23234,32527600,0.000000
4067,40.670070,5954.575762491,5954.575762491,23240,32536000,0.000000
4068,40.680069,5954.585761613,5954.585761613,23245,32543000,0.000000
4069,40.690063,5954.595755672,5954.595755672,23251,32551400,0.000000
4070,40.700067,5954.605758853,5954.605758853,23257,32559800,0.000000
4071,40.710068,5954.615759868,5954.615759868,23262,32566800,0.000000
4072,40.720066,5954.625757782,5954.625757782,23268,32575200,0.000000
4073,40.730061,5954.635753621,5954.635753621,23274,32583600,0.000000
4074,40.740074,5954.645766389,5954.645766389,23280,32592000,0.000000
4075,40.750064,5954.655755781,5954.655755781,23285,32599000,0.000000
4076,40.760063,5954.665755417,5954.665755417,23291,32607400,0.000000
4077,40.770056,5954.675748284,5954.675748284,23297,32615800,0.000000
4078,40.780068,5954.685760561,5954.685760561,23302,32622800,0.000000
4079,40.790067,5954.695759090,5954.695759090,23308,32631200,0.000000
4080,40.800066,5954.705758168,5954.705758168,23314,32639600,0.000000
4081,40.810072,5954.715764274,5954.715764274,23320,32648000,0.000000
4082,40.820067,5954.725759671,5954.725759671,23325,32655000,0.000000
4083,40.830064,5954.735755946,5954.735755946,23331,32663400,0.000000
4084,40.840058,5954.745750179,5954.745750179,23337,32671800,0.000000
4085,40.850067,5954.755758868,5954.755758868,23342,32678800,0.000000
4086,40.860065,5954.765757367,5954.765757367,23348,32687200,0.000000
4087,40.870049,5954.775741304,5954.775741304,23354,32695600,0.000000
4088,40.880037,5954.785729738,5954.785729738,23360,32704000,0.000000
4089,40.890059,5954.795750779,5954.795750779,23365,32711000,0.000000
4090,40.900064,5954.805756216,5954.805756216,23371,32719400,0.000000
4091,40.910058,5954.815749991,5954.815749991,23377,32727800,0.000000
4092,40.920071,5954.825763097,5954.825763097,23382,32734800,0.000000
4093,40.930068,5954.835760673,5954.835760673,23388,32743200,0.000000
4094,40.940067,5954.845758903,5954.845758903,23394,32751600,0.000000
4095,40.950069,5954.855761120,5954.855761120,23400,32760000,0.000000
4096,40.960068,5954.865760593,5954.865760593,23405,32767000,0.000000
4097,40.970064,5954.875756022,5954.875756022,23411,32775400,0.000000
4098,40.980067,5954.885759670,5954.885759670,23417,32783800,0.000000
4099,40.990067,5954.895759137,5954.895759137,23422,32790800,0.000000
4100,41.000063,5954.905755697,5954.905755697,23428,32799200,0.000000
4101,41.010063,5954.915754747,5954.915754747,23434,32807600,0.000000
4102,41.020078,5954.925770064,5954.925770064,23440,32816000,0.000000
4103,41.030067,5954.935759117,5954.935759117,23445,32823000,0.000000
4104,41.040063,5954.945754907,5954.945754907,23451,32831400,0.000000
4105,41.050058,5954.955750205,5954.955750205,23457,32839800,0.000000
4106,41.060067,5954.965759639,5954.965759639,23462,32846800,0.000000
4107,41.070066,5954.975758156,5954.975758156,23468,32855200,0.000000
4108,41.080061,5954.985752776,5954.985752776,23474,32863600,0.000000
4109,41.090073,5954.995764957,5954.995764957,23480,32872000,0.000000
4110,41.100065,5955.005757042,5955.005757042,23485,32879000,0.000000
4111,41.110078,5955.015769797,5955.015769797,23491,32887400,0.000000
4112,41.120060,5955.025752718,5955.025752718,23497,32895800,0.000000
4113,41.130069,5955.035761508,5955.035761508,23502,32902800,0.000000
4114,41.140067,5955.045759294,5955.045759294,23508,32911200,0.000000
4115,41.150056,5955.055747892,5955.055747892,23514,32919600,0.000000
4116,41.160071,5955.065763030,5955.065763030,23520,32928000,0.000000
4117,41.170071,5955.075762769,5955.075762769,23525,32935000,0.000000
4118,41.180063,5955.085754977,5955.085754977,23531,32943400,0.000000
4119,41.190058,5955.095750275,5955.095750275,23537,32951800,0.000000
4120,41.200071,5955.105763062,5955.105763062,23542,32958800,0.000000
4121,41.210059,5955.115751659,5955.115751659,23548,32967200,0.000000
4122,41.220068,5955.125760130,5955.125760130,23554,32975600,0.000000
4123,41.230073,5955.135765623,5955.135765623,23560,32984000,0.000000
4124,41.240071,5955.145762998,5955.145762998,23565,32991000,0.000000
4125,41.250062,5955.155754337,5955.155754337,23571,32999400,0.000000
4126,41.260062,5955.165753827,5955.165753827,23577,33007800,0.000000
4127,41.270084,5955.175776445,5955.175776445,23582,33014800,0.000000
4128,41.280074,5955.185766714,5955.185766714,23588,33023200,0.000000
4129,41.290067,5955.195758960,5955.195758960,23594,33031600,0.000000
4130,41.300077,5955.205769300,5955.205769300,23600,33040000,0.000000
4131,41.310072,5955.215763772,5955.215763772,23605,33047000,0.000000
4132,41.320065,5955.225756818,5955.225756818,23611,33055400,0.000000
4133,41.330074,5955.235765751,5955.235765751,23617,33063800,0.000000
4134,41.340069,5955.245761260,5955.245761260,23622,33070800,0.000000
4135,41.350066,5955.255758433,5955.255758433,23628,33079200,0.000000
4136,41.360067,5955.265758749,5955.265758749,23634,33087600,0.000000
4137,41.370076,5955.275767754,5955.275767754,23640,33096000,0.000000
4138,41.380067,5955.285759032,5955.285759032,23645,33103000,0.000000
4139,41.390064,5955.295756680,5955.295756680,23651,33111400,0.000000
4140,41.400063,5955.305755008,5955.305755008,23657,33119800,0.000000
4141,41.410070,5955.315762209,5955.315762209,23662,33126800,0.000000
4142,41.420060,5955.325751816,5955.325751816,23668,33135200,0.000000
4143,41.430082,5955.335773937,5955.335773937,23674,33143600,0.000000
4144,41.440090,5955.345781788,5955.345781788,23680,33152000,0.000000
4145,41.450063,5955.355755367,5955.355755367,23685,33159000,0.000000
4146,41.460064,5955.365756229,5955.365756229,23691,33167400,0.000000
4147,41.470068,5955.375759938,5955.375759938,23697,33175800,0.000000
4148,41.480068,5955.385760232,5955.385760232,23702,33182800,0.000000
4149,41.490067,5955.395759707,5955.395759707,23708,33191200,0.000000
4150,41.500091,5955.405783605,5955.405783605,23714,33199600,0.000000
4151,41.510102,5955.415794728,5955.415794728,23720,33208000,0.000000
4152,41.520066,5955.425758343,5955.425758343,23725,33215000,0.000000
4153,41.530073,5955.435765078,5955.435765078,23731,33223400,0.000000
4154,41.540063,5955.445755661,5955.445755661,23737,33231800,0.000000
4155,41.550073,5955.455765731,5955.455765731,23742,33238800,0.000000
4156,41.560068,5955.465759834,5955.465759834,23748,33247200,0.000000
4157,41.570028,5955.475720658,5955.475720658,23754,33255600,0.000000
4158,41.580084,5955.485775967,5955.485775967,23760,33264000,0.000000
4159,41.590063,5955.495755237,5955.495755237,23765,33271000,0.000000
4160,41.600063,5955.505755116,5955.505755116,23771,33279400,0.000000
4161,41.610061,5955.515753554,5955.515753554,23777,33287800,0.000000
4162,41.620088,5955.525780628,5955.525780628,23782,33294800,0.000000
4163,41.630065,5955.535756785,5955.535756785,23788,33303200,0.000000
4164,41.640063,5955.545755009,5955.545755009,23794,33311600,0.000000
4165,41.650086,5955.555778400,5955.555778400,23800,33320000,0.000000
4166,41.660069,5955.565761373,5955.565761373,23805,33327000,0.000000
4167,41.670061,5955.575753262,5955.575753262,23811,33335400,0.000000
4168,41.680063,5955.585754920,5955.585754920,23817,33343800,0.000000
4169,41.690063,5955.595755705,5955.595755705,23822,33350800,0.000000
4170,41.700065,5955.605757305,5955.605757305,23828,33359200,0.000000
4171,41.710061,5955.615753601,5955.615753601,23834,33367600,0.000000
4172,41.720076,5955.625767823,5955.625767823,23840,33376000,0.000000
4173,41.730067,5955.635759137,5955.635759137,23845,33383000,0.000000
4174,41.740064,5955.645756198,5955.645756198,23851,33391400,0.000000
4175,41.750058,5955.655749754,5955.655749754,23857,33399800,0.000000
4176,41.760066,5955.665758303,5955.665758303,23862,33406800,0.000000
4177,41.770066,5955.675758543,5955.675758543,23868,33415200,0.000000
4178,41.780073,5955.685765049,5955.685765049,23874,33423600,0.000000
4179,41.790081,5955.695773493,5955.695773493,23880,33432000,0.000000
4180,41.800090,5955.705782515,5955.705782515,23885,33439000,0.000000
4181,41.810064,5955.715756543,5955.715756543,23891,33447400,0.000000
4182,41.820059,5955.725750825,5955.725750825,23897,33455800,0.000000
4183,41.830066,5955.735757915,5955.735757915,23902,33462800,0.000000
4184,41.840064,5955.745756116,5955.745756116,23908,33471200,0.000000
4185,41.850080,5955.755772260,5955.755772260,23914,33479600,0.000000
4186,41.860083,5955.765774957,5955.765774957,23920,33488000,0.000000
4187,41.870066,5955.775757946,5955.775757946,23925,33495000,0.000000
4188,41.880067,5955.785759211,5955.785759211,23931,33503400,0.000000
4189,41.890065,5955.795756867,5955.795756867,23937,33511800,0.000000
4190,41.900073,5955.805765157,5955.805765157,23942,33518800,0.000000
4191,41.910063,5955.815755418,5955.815755418,23948,33527200,0.000000
4192,41.920064,5955.825755780,5955.825755780,23954,33535600,0.000000
4193,41.930108,5955.835800165,5955.835800165,23960,33544000,0.000000
4194,41.940064,5955.845756439,5955.845756439,23965,33551000,0.000000
4195,41.950062,5955.855754558,5955.855754558,23971,33559400,0.000000
4196,41.960062,5955.865753979,5955.865753979,23977,33567800,0.000000
4197,41.970065,5955.875757539,5955.875757539,23982,33574800,0.000000
4198,41.980063,5955.885755003,5955.885755003,23988,33583200,0.000000
4199,41.990076,5955.895768580,5955.895768580,23994,33591600,0.000000
