sample_index,timestamp_s,monotonic_s,t_mono,cum_packets,cum_bytes,lag_s
0,0.000109,5913.765217708,5913.765217708,0,0,0.000000
1,0.013929,5913.779037721,5913.779037721,6,8400,0.000000
2,0.020064,5913.785172620,5913.785172620,9,12600,0.000000
3,0.030065,5913.795172999,5913.795172999,14,19600,0.000000
4,0.040103,5913.805211684,5913.805211684,19,26600,0.000000
5,0.050060,5913.815168322,5913.815168322,24,33600,0.000000
6,0.060067,5913.825175144,5913.825175144,29,40600,0.000000
7,0.070061,5913.835169254,5913.835169254,34,47600,0.000000
8,0.082926,5913.848034621,5913.848034621,40,56000,0.000000
9,0.090921,5913.856028727,5913.856028727,44,61600,0.000000
10,0.100040,5913.865148252,5913.865148252,49,68600,0.000000
11,0.110065,5913.875173367,5913.875173367,53,74200,0.000000
12,0.120065,5913.885172886,5913.885172886,58,81200,0.000000
13,0.130066,5913.895174690,5913.895174690,63,88200,0.000000
14,0.140059,5913.905167072,5913.905167072,68,95200,0.000000
15,0.150062,5913.915169771,5913.915169771,73,102200,0.000000
16,0.160059,5913.925167016,5913.925167016,78,109200,0.000000
17,0.170059,5913.935166851,5913.935166851,83,116200,0.000000
18,0.180060,5913.945168113,5913.945168113,88,123200,0.000000
19,0.190059,5913.955167097,5913.955167097,93,130200,0.000000
20,0.200056,5913.965164400,5913.965164400,98,137200,0.000000
21,0.210066,5913.975174389,5913.975174389,102,142800,0.000000
22,0.220066,5913.985174418,5913.985174418,107,149800,0.000000
23,0.230065,5913.995173110,5913.995173110,112,156800,0.000000
24,0.240065,5914.005173297,5914.005173297,117,163800,0.000000
25,0.250066,5914.015174629,5914.015174629,122,170800,0.000000
26,0.260059,5914.025167426,5914.025167426,127,177800,0.000000
27,0.270064,5914.035172623,5914.035172623,132,184800,0.000000
28,0.280072,5914.045179836,5914.045179836,137,191800,0.000000
29,0.290065,5914.055172929,5914.055172929,142,198800,0.000000
30,0.300063,5914.065170843,5914.065170843,147,205800,0.000000
31,0.310066,5914.075173944,5914.075173944,151,211400,0.000000
32,0.320066,5914.085174723,5914.085174723,156,218400,0.000000
33,0.330065,5914.095173536,5914.095173536,161,225400,0.000000
34,0.340060,5914.105168519,5914.105168519,166,232400,0.000000
35,0.350072,5914.115180646,5914.115180646,171,239400,0.000000
36,0.360072,5914.125180302,5914.125180302,176,246400,0.000000
37,0.370065,5914.135173417,5914.135173417,181,253400,0.000000
38,0.380065,5914.145173709,5914.145173709,186,260400,0.000000
39,0.390040,5914.155148143,5914.155148143,191,267400,0.000000
40,0.400048,5914.165155802,5914.165155802,196,274400,0.000000
41,0.410023,5914.175131157,5914.175131157,200,280000,0.000000
42,0.420070,5914.185178696,5914.185178696,205,287000,0.000000
43,0.430061,5914.195169019,5914.195169019,210,294000,0.000000
44,0.440066,5914.205173948,5914.205173948,215,301000,0.000000
45,0.450040,5914.215148084,5914.215148084,220,308000,0.000000
46,0.460066,5914.225173910,5914.225173910,225,315000,0.000000
47,0.470061,5914.235169396,5914.235169396,230,322000,0.000000
48,0.480067,5914.245174873,5914.245174873,235,329000,0.000000
49,0.490063,5914.255170737,5914.255170737,240,336000,0.000000
50,0.500046,5914.265153782,5914.265153782,245,343000,0.000000
51,0.510073,5914.275180737,5914.275180737,250,350000,0.000000
52,0.520084,5914.285192222,5914.285192222,254,355600,0.000000
53,0.530068,5914.295176082,5914.295176082,259,362600,0.000000
54,0.540063,5914.305170825,5914.305170825,264,369600,0.000000
55,0.550068,5914.315175980,5914.315175980,269,376600,0.000000
56,0.560069,5914.325177582,5914.325177582,274,383600,0.000000
57,0.570061,5914.335169240,5914.335169240,279,390600,0.000000
58,0.580071,5914.345179609,5914.345179609,284,397600,0.000000
59,0.590025,5914.355133085,5914.355133085,289,404600,0.000000
60,0.600075,5914.365183061,5914.365183061,294,411600,0.000000
61,0.610058,5914.375166071,5914.375166071,299,418600,0.000000
62,0.620072,5914.385180120,5914.385180120,303,424200,0.000000
63,0.630064,5914.395172448,5914.395172448,308,431200,0.000000
64,0.640073,5914.405180905,5914.405180905,313,438200,0.000000
65,0.650072,5914.415179753,5914.415179753,318,445200,0.000000
66,0.660064,5914.425172077,5914.425172077,323,452200,0.000000
67,0.670065,5914.435172910,5914.435172910,328,459200,0.000000
68,0.680067,5914.445175547,5914.445175547,333,466200,0.000000
69,0.690059,5914.455166867,5914.455166867,338,473200,0.000000
70,0.700058,5914.465166569,5914.465166569,343,480200,0.000000
71,0.710019,5914.475126927,5914.475126927,348,487200,0.000000
72,0.720067,5914.485175178,5914.485175178,352,492800,0.000000
73,0.730067,5914.495175041,5914.495175041,357,499800,0.000000
74,0.740067,5914.505175193,5914.505175193,362,506800,0.000000
75,0.750066,5914.515174064,5914.515174064,367,513800,0.000000
76,0.760066,5914.525173944,5914.525173944,372,520800,0.000000
77,0.770068,5914.535175976,5914.535175976,377,527800,0.000000
78,0.780066,5914.545174286,5914.545174286,382,534800,0.000000
79,0.790066,5914.555174030,5914.555174030,387,541800,0.000000
80,0.800059,5914.565167010,5914.565167010,392,548800,0.000000
81,0.810062,5914.575170662,5914.575170662,397,555800,0.000000
82,0.820041,5914.585148745,5914.585148745,401,561400,0.000000
83,0.830061,5914.595169624,5914.595169624,406,568400,0.000000
84,0.840066,5914.605174158,5914.605174158,411,575400,0.000000
85,0.850066,5914.615173880,5914.615173880,416,582400,0.000000
86,0.860068,5914.625175796,5914.625175796,421,589400,0.000000
87,0.870065,5914.635173105,5914.635173105,426,596400,0.000000
88,0.880066,5914.645173893,5914.645173893,431,603400,0.000000
89,0.890064,5914.655171968,5914.655171968,436,610400,0.000000
90,0.900063,5914.665171468,5914.665171468,441,617400,0.000000
91,0.910027,5914.675134932,5914.675134932,446,624400,0.000000
92,0.920069,5914.685177401,5914.685177401,450,630000,0.000000
93,0.930065,5914.695173134,5914.695173134,455,637000,0.000000
94,0.940070,5914.705178290,5914.705178290,460,644000,0.000000
95,0.950031,5914.715139280,5914.715139280,465,651000,0.000000
96,0.960067,5914.725175514,5914.725175514,470,658000,0.000000
97,0.970064,5914.735172389,5914.735172389,475,665000,0.000000
98,0.980069,5914.745177313,5914.745177313,480,672000,0.000000
99,0.990066,5914.755174497,5914.755174497,485,679000,0.000000
100,1.000071,5914.765178990,5914.765178990,490,686000,0.000000
101,1.010030,5914.775138694,5914.775138694,495,693000,0.000000
102,1.020073,5914.785181043,5914.785181043,500,700000,0.000000
103,1.030065,5914.795172899,5914.795172899,504,705600,0.000000
104,1.040069,5914.805176884,5914.805176884,509,712600,0.000000
105,1.050070,5914.815178550,5914.815178550,514,719600,0.000000
106,1.060070,5914.825178623,5914.825178623,519,726600,0.000000
107,1.070065,5914.835173052,5914.835173052,524,733600,0.000000
108,1.080066,5914.845173744,5914.845173744,529,740600,0.000000
109,1.090063,5914.855171651,5914.855171651,534,747600,0.000000
110,1.100072,5914.865180288,5914.865180288,539,754600,0.000000
111,1.110029,5914.875137327,5914.875137327,544,761600,0.000000
112,1.120074,5914.885182502,5914.885182502,549,768600,0.000000
113,1.130066,5914.895174168,5914.895174168,553,774200,0.000000
114,1.140069,5914.905177146,5914.905177146,558,781200,0.000000
115,1.150066,5914.915174184,5914.915174184,563,788200,0.000000
116,1.160071,5914.925179450,5914.925179450,568,795200,0.000000
117,1.170069,5914.935177405,5914.935177405,573,802200,0.000000
118,1.180065,5914.945173449,5914.945173449,578,809200,0.000000
119,1.190065,5914.955173461,5914.955173461,583,816200,0.000000
120,1.200066,5914.965174111,5914.965174111,588,823200,0.000000
121,1.210016,5914.975124070,5914.975124070,593,830200,0.000000
122,1.220046,5914.985154638,5914.985154638,598,837200,0.000000
123,1.230066,5914.995174667,5914.995174667,602,842800,0.000000
124,1.240067,5915.005175013,5915.005175013,607,849800,0.000000
125,1.250069,5915.015177065,5915.015177065,612,856800,0.000000
126,1.260066,5915.025174423,5915.025174423,617,863800,0.000000
127,1.270066,5915.035174216,5915.035174216,622,870800,0.000000
128,1.280070,5915.045177814,5915.045177814,627,877800,0.000000
129,1.290067,5915.055174754,5915.055174754,632,884800,0.000000
130,1.300060,5915.065168013,5915.065168013,637,891800,0.000000
131,1.310059,5915.075166951,5915.075166951,642,898800,0.000000
132,1.320010,5915.085118347,5915.085118347,647,905800,0.000000
133,1.330067,5915.095175554,5915.095175554,651,911400,0.000000
134,1.340071,5915.105179629,5915.105179629,656,918400,0.000000
135,1.350065,5915.115173130,5915.115173130,661,925400,0.000000
136,1.360071,5915.125179457,5915.125179457,666,932400,0.000000
137,1.370064,5915.135172260,5915.135172260,671,939400,0.000000
138,1.380066,5915.145174066,5915.145174066,676,946400,0.000000
139,1.390066,5915.155173817,5915.155173817,681,953400,0.000000
140,1.400065,5915.165173181,5915.165173181,686,960400,0.000000
141,1.410064,5915.175172424,5915.175172424,691,967400,0.000000
142,1.420045,5915.185153250,5915.185153250,696,974400,0.000000
143,1.430066,5915.195174553,5915.195174553,700,980000,0.000000
144,1.440069,5915.205177044,5915.205177044,705,987000,0.000000
145,1.450064,5915.215172616,5915.215172616,710,994000,0.000000
146,1.460069,5915.225177239,5915.225177239,715,1001000,0.000000
147,1.470065,5915.235172773,5915.235172773,720,1008000,0.000000
148,1.480068,5915.245176377,5915.245176377,725,1015000,0.000000
149,1.490069,5915.255177598,5915.255177598,730,1022000,0.000000
150,1.500065,5915.265172723,5915.265172723,735,1029000,0.000000
151,1.510065,5915.275173323,5915.275173323,740,1036000,0.000000
152,1.520040,5915.285148607,5915.285148607,745,1043000,0.000000
153,1.530071,5915.295179417,5915.295179417,750,1050000,0.000000
154,1.540063,5915.305171310,5915.305171310,754,1055600,0.000000
155,1.550065,5915.315172959,5915.315172959,759,1062600,0.000000
156,1.560068,5915.325175770,5915.325175770,764,1069600,0.000000
157,1.570077,5915.335185635,5915.335185635,769,1076600,0.000000
158,1.580064,5915.345172022,5915.345172022,774,1083600,0.000000
159,1.590065,5915.355173323,5915.355173323,779,1090600,0.000000
160,1.600067,5915.365175351,5915.365175351,784,1097600,0.000000
161,1.610060,5915.375168501,5915.375168501,789,1104600,0.000000
162,1.620045,5915.385153601,5915.385153601,794,1111600,0.000000
163,1.630071,5915.395178852,5915.395178852,799,1118600,0.000000
164,1.640039,5915.405147033,5915.405147033,803,1124200,0.000000
165,1.650060,5915.415168094,5915.415168094,808,1131200,0.000000
166,1.660114,5915.425221947,5915.425221947,813,1138200,0.000000
167,1.670068,5915.435176229,5915.435176229,818,1145200,0.000000
168,1.680067,5915.445175453,5915.445175453,823,1152200,0.000000
169,1.690066,5915.455174226,5915.455174226,828,1159200,0.000000
170,1.700066,5915.465174003,5915.465174003,833,1166200,0.000000
171,1.710053,5915.475161523,5915.475161523,838,1173200,0.000000
172,1.720019,5915.485126768,5915.485126768,843,1180200,0.000000
173,1.730055,5915.495162882,5915.495162882,848,1187200,0.000000
174,1.740066,5915.505174111,5915.505174111,852,1192800,0.000000
175,1.750066,5915.515174217,5915.515174217,857,1199800,0.000000
176,1.760060,5915.525168070,5915.525168070,862,1206800,0.000000
177,1.770042,5915.535150526,5915.535150526,867,1213800,0.000000
178,1.780075,5915.545182983,5915.545182983,872,1220800,0.000000
179,1.790069,5915.555177256,5915.555177256,877,1227800,0.000000
180,1.800067,5915.565175434,5915.565175434,882,1234800,0.000000
181,1.810072,5915.575180375,5915.575180375,887,1241800,0.000000
182,1.820061,5915.585169336,5915.585169336,892,1248800,0.000000
183,1.830020,5915.595128103,5915.595128103,897,1255800,0.000000
184,1.840069,5915.605176900,5915.605176900,901,1261400,0.000000
185,1.850068,5915.615176324,5915.615176324,906,1268400,0.000000
186,1.860079,5915.625187693,5915.625187693,911,1275400,0.000000
187,1.870069,5915.635177286,5915.635177286,916,1282400,0.000000
188,1.880066,5915.645174717,5915.645174717,921,1289400,0.000000
189,1.890079,5915.655187070,5915.655187070,926,1296400,0.000000
190,1.900067,5915.665174839,5915.665174839,931,1303400,0.000000
191,1.910059,5915.675167358,5915.675167358,936,1310400,0.000000
192,1.920064,5915.685172712,5915.685172712,941,1317400,0.000000
193,1.930057,5915.695165717,5915.695165717,946,1324400,0.000000
194,1.940064,5915.705172448,5915.705172448,950,1330000,0.000000
195,1.950066,5915.715173956,5915.715173956,955,1337000,0.000000
196,1.960067,5915.725175317,5915.725175317,960,1344000,0.000000
197,1.970069,5915.735177511,5915.735177511,965,1351000,0.000000
198,1.980078,5915.745186436,5915.745186436,970,1358000,0.000000
199,1.990066,5915.755174319,5915.755174319,975,1365000,0.000000
200,2.000076,5915.765183748,5915.765183748,980,1372000,0.000000
201,2.010063,5915.775171327,5915.775171327,985,1379000,0.000000
202,2.020074,5915.785182363,5915.785182363,990,1386000,0.000000
203,2.030027,5915.795134979,5915.795134979,995,1393000,0.000000
204,2.040069,5915.805176850,5915.805176850,999,1398600,0.000000
205,2.050065,5915.815173129,5915.815173129,1004,1405600,0.000000
206,2.060063,5915.825170856,5915.825170856,1009,1412600,0.000000
207,2.070066,5915.835173769,5915.835173769,1014,1419600,0.000000
208,2.080068,5915.845176297,5915.845176297,1019,1426600,0.000000
209,2.090077,5915.855184863,5915.855184863,1024,1433600,0.000000
210,2.100073,5915.865181214,5915.865181214,1029,1440600,0.000000
211,2.110068,5915.875175987,5915.875175987,1034,1447600,0.000000
212,2.120065,5915.885173460,5915.885173460,1039,1454600,0.000000
213,2.130033,5915.895140798,5915.895140798,1044,1461600,0.000000
214,2.140075,5915.905182876,5915.905182876,1049,1468600,0.000000
215,2.150061,5915.915169180,5915.915169180,1053,1474200,0.000000
216,2.160071,5915.925179017,5915.925179017,1058,1481200,0.000000
217,2.170071,5915.935179115,5915.935179115,1063,1488200,0.000000
218,2.180061,5915.945169350,5915.945169350,1068,1495200,0.000000
219,2.190068,5915.955175845,5915.955175845,1073,1502200,0.000000
220,2.200069,5915.965177176,5915.965177176,1078,1509200,0.000000
221,2.210070,5915.975177759,5915.975177759,1083,1516200,0.000000
222,2.220063,5915.985170882,5915.985170882,1088,1523200,0.000000
223,2.230069,5915.995176775,5915.995176775,1093,1530200,0.000000
224,2.240073,5916.005181716,5916.005181716,1098,1537200,0.000000
225,2.250068,5916.015175863,5916.015175863,1102,1542800,0.000000
226,2.260065,5916.025173166,5916.025173166,1107,1549800,0.000000
227,2.270064,5916.035172566,5916.035172566,1112,1556800,0.000000
228,2.280067,5916.045175189,5916.045175189,1117,1563800,0.000000
229,2.290062,5916.055170545,5916.055170545,1122,1570800,0.000000
230,2.300079,5916.065187690,5916.065187690,1127,1577800,0.000000
231,2.310059,5916.075167280,5916.075167280,1132,1584800,0.000000
232,2.320051,5916.085159681,5916.085159681,1137,1591800,0.000000
233,2.330062,5916.095170092,5916.095170092,1142,1598800,0.000000
234,2.340048,5916.105155896,5916.105155896,1147,1605800,0.000000
235,2.350032,5916.115139793,5916.115139793,1151,1611400,0.000000
236,2.360067,5916.125174740,5916.125174740,1156,1618400,0.000000
237,2.370064,5916.135172700,5916.135172700,1161,1625400,0.000000
238,2.380074,5916.145181856,5916.145181856,1166,1632400,0.000000
239,2.390063,5916.155171376,5916.155171376,1171,1639400,0.000000
240,2.400064,5916.165172340,5916.165172340,1176,1646400,0.000000
241,2.410065,5916.175173464,5916.175173464,1181,1653400,0.000000
242,2.420065,5916.185173399,5916.185173399,1186,1660400,0.000000
243,2.430067,5916.195174788,5916.195174788,1191,1667400,0.000000
244,2.440000,5916.205108361,5916.205108361,1196,1674400,0.000000
245,2.450037,5916.215144973,5916.215144973,1200,1680000,0.000000
246,2.460072,5916.225180054,5916.225180054,1205,1687000,0.000000
247,2.470067,5916.235175094,5916.235175094,1210,1694000,0.000000
248,2.480067,5916.245175260,5916.245175260,1215,1701000,0.000000
249,2.490067,5916.255174836,5916.255174836,1220,1708000,0.000000
250,2.500065,5916.265173090,5916.265173090,1225,1715000,0.000000
251,2.510064,5916.275171749,5916.275171749,1230,1722000,0.000000
252,2.520066,5916.285174637,5916.285174637,1235,1729000,0.000000
253,2.530070,5916.295178028,5916.295178028,1240,1736000,0.000000
254,2.540062,5916.305169911,5916.305169911,1245,1743000,0.000000
255,2.550064,5916.315172190,5916.315172190,1249,1748600,0.000000
256,2.560068,5916.325175776,5916.325175776,1254,1755600,0.000000
257,2.570065,5916.335173564,5916.335173564,1259,1762600,0.000000
258,2.580067,5916.345175379,5916.345175379,1264,1769600,0.000000
259,2.590056,5916.355164383,5916.355164383,1269,1776600,0.000000
260,2.600078,5916.365186107,5916.365186107,1274,1783600,0.000000
261,2.610059,5916.375167355,5916.375167355,1279,1790600,0.000000
262,2.620060,5916.385168334,5916.385168334,1284,1797600,0.000000
263,2.630031,5916.395138972,5916.395138972,1289,1804600,0.000000
264,2.640056,5916.405163723,5916.405163723,1294,1811600,0.000000
265,2.650024,5916.415132246,5916.415132246,1298,1817200,0.000000
266,2.660069,5916.425176929,5916.425176929,1303,1824200,0.000000
267,2.670066,5916.435174335,5916.435174335,1308,1831200,0.000000
268,2.680066,5916.445174388,5916.445174388,1313,1838200,0.000000
269,2.690065,5916.455173541,5916.455173541,1318,1845200,0.000000
270,2.700065,5916.465173155,5916.465173155,1323,1852200,0.000000
271,2.710064,5916.475172065,5916.475172065,1328,1859200,0.000000
272,2.720064,5916.485172612,5916.485172612,1333,1866200,0.000000
273,2.730067,5916.495174876,5916.495174876,1338,1873200,0.000000
274,2.740044,5916.505152509,5916.505152509,1343,1880200,0.000000
275,2.750075,5916.515183091,5916.515183091,1348,1887200,0.000000
276,2.760073,5916.525181489,5916.525181489,1352,1892800,0.000000
277,2.770066,5916.535174273,5916.535174273,1357,1899800,0.000000
278,2.780075,5916.545183456,5916.545183456,1362,1906800,0.000000
279,2.790067,5916.555175267,5916.555175267,1367,1913800,0.000000
280,2.800066,5916.565173992,5916.565173992,1372,1920800,0.000000
281,2.810065,5916.575173337,5916.575173337,1377,1927800,0.000000
282,2.820064,5916.585172681,5916.585172681,1382,1934800,0.000000
283,2.830060,5916.595168014,5916.595168014,1387,1941800,0.000000
284,2.840021,5916.605129101,5916.605129101,1392,1948800,0.000000
285,2.850055,5916.615163208,5916.615163208,1397,1955800,0.000000
286,2.860068,5916.625176611,5916.625176611,1401,1961400,0.000000
287,2.870066,5916.635173751,5916.635173751,1406,1968400,0.000000
288,2.880067,5916.645174820,5916.645174820,1411,1975400,0.000000
289,2.890067,5916.655175150,5916.655175150,1416,1982400,0.000000
290,2.900083,5916.665191116,5916.665191116,1421,1989400,0.000000
291,2.910042,5916.675149921,5916.675149921,1426,1996400,0.000000
292,2.920061,5916.685168891,5916.685168891,1431,2003400,0.000000
293,2.930063,5916.695171689,5916.695171689,1436,2010400,0.000000
294,2.940067,5916.705174761,5916.705174761,1441,2017400,0.000000
295,2.950021,5916.715128941,5916.715128941,1446,2024400,0.000000
296,2.960066,5916.725174172,5916.725174172,1450,2030000,0.000000
297,2.970034,5916.735142555,5916.735142555,1455,2037000,0.000000
298,2.980067,5916.745175395,5916.745175395,1460,2044000,0.000000
299,2.990063,5916.755170965,5916.755170965,1465,2051000,0.000000
300,3.000067,5916.765174738,5916.765174738,1470,2058000,0.000000
301,3.010070,5916.775178463,5916.775178463,1475,2065000,0.000000
302,3.020067,5916.785174937,5916.785174937,1480,2072000,0.000000
303,3.030067,5916.795174813,5916.795174813,1485,2079000,0.000000
304,3.040071,5916.805179694,5916.805179694,1490,2086000,0.000000
305,3.050036,5916.815144021,5916.815144021,1495,2093000,0.000000
306,3.060066,5916.825174304,5916.825174304,1499,2098600,0.000000
307,3.070064,5916.835172613,5916.835172613,1504,2105600,0.000000
308,3.080066,5916.845174150,5916.845174150,1509,2112600,0.000000
309,3.090067,5916.855175617,5916.855175617,1514,2119600,0.000000
310,3.100065,5916.865173701,5916.865173701,1519,2126600,0.000000
311,3.110066,5916.875174042,5916.875174042,1524,2133600,0.000000
312,3.120065,5916.885173112,5916.885173112,1529,2140600,0.000000
313,3.130064,5916.895172657,5916.895172657,1534,2147600,0.000000
314,3.140066,5916.905174233,5916.905174233,1539,2154600,0.000000
315,3.150029,5916.915136747,5916.915136747,1544,2161600,0.000000
316,3.160064,5916.925172462,5916.925172462,1548,2167200,0.000000
317,3.170026,5916.935134053,5916.935134053,1553,2174200,0.000000
318,3.180072,5916.945180587,5916.945180587,1558,2181200,0.000000
319,3.190071,5916.955179273,5916.955179273,1563,2188200,0.000000
320,3.200038,5916.965146535,5916.965146535,1568,2195200,0.000000
321,3.210020,5916.975128253,5916.975128253,1573,2202200,0.000000
322,3.220062,5916.985170458,5916.985170458,1578,2209200,0.000000
323,3.230059,5916.995166736,5916.995166736,1583,2216200,0.000000
324,3.240064,5917.005172531,5917.005172531,1588,2223200,0.000000
325,3.250029,5917.015137253,5917.015137253,1593,2230200,0.000000
326,3.260071,5917.025179346,5917.025179346,1598,2237200,0.000000
327,3.270058,5917.035166416,5917.035166416,1602,2242800,0.000000
328,3.280064,5917.045172224,5917.045172224,1607,2249800,0.000000
329,3.290063,5917.055171403,5917.055171403,1612,2256800,0.000000
330,3.300066,5917.065174286,5917.065174286,1617,2263800,0.000000
331,3.310071,5917.075178796,5917.075178796,1622,2270800,0.000000
332,3.320070,5917.085178568,5917.085178568,1627,2277800,0.000000
333,3.330070,5917.095177926,5917.095177926,1632,2284800,0.000000
334,3.340065,5917.105173665,5917.105173665,1637,2291800,0.000000
335,3.350066,5917.115173930,5917.115173930,1642,2298800,0.000000
336,3.360077,5917.125184810,5917.125184810,1647,2305800,0.000000
337,3.370068,5917.135176213,5917.135176213,1651,2311400,0.000000
338,3.380067,5917.145175206,5917.145175206,1656,2318400,0.000000
339,3.390066,5917.155174162,5917.155174162,1661,2325400,0.000000
340,3.400070,5917.165178071,5917.165178071,1666,2332400,0.000000
341,3.410065,5917.175173435,5917.175173435,1671,2339400,0.000000
342,3.420027,5917.185134785,5917.185134785,1676,2346400,0.000000
343,3.430067,5917.195175663,5917.195175663,1681,2353400,0.000000
344,3.440053,5917.205161175,5917.205161175,1686,2360400,0.000000
345,3.450063,5917.215170791,5917.215170791,1691,2367400,0.000000
346,3.460041,5917.225149586,5917.225149586,1696,2374400,0.000000
347,3.470067,5917.235175377,5917.235175377,1700,2380000,0.000000
348,3.480063,5917.245170855,5917.245170855,1705,2387000,0.000000
349,3.490067,5917.255175615,5917.255175615,1710,2394000,0.000000
350,3.500067,5917.265174749,5917.265174749,1715,2401000,0.000000
351,3.510066,5917.275174049,5917.275174049,1720,2408000,0.000000
352,3.520066,5917.285174183,5917.285174183,1725,2415000,0.000000
353,3.530066,5917.295174601,5917.295174601,1730,2422000,0.000000
354,3.540067,5917.305174736,5917.305174736,1735,2429000,0.000000
355,3.550066,5917.315173861,5917.315173861,1740,2436000,0.000000
356,3.560008,5917.325116592,5917.325116592,1745,2443000,0.000000
357,3.570066,5917.335174524,5917.335174524,1749,2448600,0.000000
358,3.580069,5917.345177606,5917.345177606,1754,2455600,0.000000
359,3.590091,5917.355198933,5917.355198933,1759,2462600,0.000000
360,3.600071,5917.365179283,5917.365179283,1764,2469600,0.000000
361,3.610080,5917.375187948,5917.375187948,1769,2476600,0.000000
362,3.620066,5917.385174332,5917.385174332,1774,2483600,0.000000
363,3.630064,5917.395172450,5917.395172450,1779,2490600,0.000000
364,3.640062,5917.405170374,5917.405170374,1784,2497600,0.000000
365,3.650065,5917.415172887,5917.415172887,1789,2504600,0.000000
366,3.660016,5917.425123788,5917.425123788,1794,2511600,0.000000
367,3.670071,5917.435178971,5917.435178971,1798,2517200,0.000000
368,3.680066,5917.445174635,5917.445174635,1803,2524200,0.000000
369,3.690082,5917.455190370,5917.455190370,1808,2531200,0.000000
370,3.700073,5917.465181277,5917.465181277,1813,2538200,0.000000
371,3.710070,5917.475178166,5917.475178166,1818,2545200,0.000000
372,3.720068,5917.485176711,5917.485176711,1823,2552200,0.000000
373,3.730066,5917.495173746,5917.495173746,1828,2559200,0.000000
374,3.740066,5917.505173917,5917.505173917,1833,2566200,0.000000
375,3.750064,5917.515172707,5917.515172707,1838,2573200,0.000000
376,3.760039,5917.525147548,5917.525147548,1843,2580200,0.000000
377,3.770072,5917.535179968,5917.535179968,1848,2587200,0.000000
378,3.780071,5917.545178871,5917.545178871,1852,2592800,0.000000
379,3.790065,5917.555172946,5917.555172946,1857,2599800,0.000000
380,3.800064,5917.565172109,5917.565172109,1862,2606800,0.000000
381,3.810066,5917.575174422,5917.575174422,1867,2613800,0.000000
382,3.820066,5917.585173813,5917.585173813,1872,2620800,0.000000
383,3.830065,5917.595173483,5917.595173483,1877,2627800,0.000000
384,3.840066,5917.605174124,5917.605174124,1882,2634800,0.000000
385,3.850070,5917.615178369,5917.615178369,1887,2641800,0.000000
386,3.860025,5917.625133163,5917.625133163,1892,2648800,0.000000
387,3.870072,5917.635180489,5917.635180489,1897,2655800,0.000000
388,3.880074,5917.645182090,5917.645182090,1901,2661400,0.000000
389,3.890069,5917.655177430,5917.655177430,1906,2668400,0.000000
390,3.900091,5917.665199636,5917.665199636,1911,2675400,0.000000
391,3.910077,5917.675185441,5917.675185441,1916,2682400,0.000000
392,3.920071,5917.685179618,5917.685179618,1921,2689400,0.000000
393,3.930110,5917.695217946,5917.695217946,1926,2696400,0.000000
394,3.940071,5917.705179198,5917.705179198,1931,2703400,0.000000
395,3.950073,5917.715181147,5917.715181147,1936,2710400,0.000000
396,3.960037,5917.725145361,5917.725145361,1941,2717400,0.000000
397,3.970060,5917.735168356,5917.735168356,1946,2724400,0.000000
398,3.980074,5917.745181949,5917.745181949,1950,2730000,0.000000
399,3.990071,5917.755179498,5917.755179498,1955,2737000,0.000000
400,4.000062,5917.765169858,5917.765169858,1960,2744000,0.000000
401,4.010070,5917.775178036,5917.775178036,1965,2751000,0.000000
402,4.020047,5917.785155309,5917.785155309,1970,2758000,0.000000
403,4.030060,5917.795168207,5917.795168207,1975,2765000,0.000000
404,4.040064,5917.805172247,5917.805172247,1980,2772000,0.000000
405,4.050066,5917.815174412,5917.815174412,1985,2779000,0.000000
406,4.060064,5917.825172041,5917.825172041,1990,2786000,0.000000
407,4.070043,5917.835151677,5917.835151677,1995,2793000,0.000000
408,4.080077,5917.845185558,5917.845185558,1999,2798600,0.000000
409,4.090061,5917.855169337,5917.855169337,2004,2805600,0.000000
410,4.100065,5917.865173717,5917.865173717,2009,2812600,0.000000
411,4.110071,5917.875179709,5917.875179709,2014,2819600,0.000000
412,4.120084,5917.885191798,5917.885191798,2019,2826600,0.000000
413,4.130067,5917.895175652,5917.895175652,2024,2833600,0.000000
414,4.140066,5917.905173772,5917.905173772,2029,2840600,0.000000
415,4.150069,5917.915176892,5917.915176892,2034,2847600,0.000000
416,4.160064,5917.925172094,5917.925172094,2039,2854600,0.000000
417,4.170062,5917.935170532,5917.935170532,2044,2861600,0.000000
418,4.180039,5917.945147133,5917.945147133,2048,2867200,0.000000
419,4.190069,5917.955177188,5917.955177188,2053,2874200,0.000000
420,4.200065,5917.965173054,5917.965173054,2058,2881200,0.000000
421,4.210067,5917.975175350,5917.975175350,2063,2888200,0.000000
422,4.220066,5917.985174072,5917.985174072,2068,2895200,0.000000
423,4.230068,5917.995175730,5917.995175730,2073,2902200,0.000000
424,4.240068,5918.005175835,5918.005175835,2078,2909200,0.000000
425,4.250064,5918.015172129,5918.015172129,2083,2916200,0.000000
426,4.260068,5918.025176303,5918.025176303,2088,2923200,0.000000
427,4.270046,5918.035154372,5918.035154372,2093,2930200,0.000000
428,4.280068,5918.045176033,5918.045176033,2097,2935800,0.000000
429,4.290072,5918.055180516,5918.055180516,2102,2942800,0.000000
430,4.300038,5918.065146327,5918.065146327,2107,2949800,0.000000
431,4.310065,5918.075173406,5918.075173406,2112,2956800,0.000000
432,4.320066,5918.085174170,5918.085174170,2117,2963800,0.000000
433,4.330063,5918.095170820,5918.095170820,2122,2970800,0.000000
434,4.340066,5918.105174721,5918.105174721,2127,2977800,0.000000
435,4.350063,5918.115171380,5918.115171380,2132,2984800,0.000000
436,4.360062,5918.125170532,5918.125170532,2137,2991800,0.000000
437,4.370035,5918.135143101,5918.135143101,2142,2998800,0.000000
438,4.380080,5918.145188034,5918.145188034,2147,3005800,0.000000
439,4.390066,5918.155174478,5918.155174478,2151,3011400,0.000000
440,4.400066,5918.165174108,5918.165174108,2156,3018400,0.000000
441,4.410061,5918.175169360,5918.175169360,2161,3025400,0.000000
442,4.420064,5918.185171919,5918.185171919,2166,3032400,0.000000
443,4.430063,5918.195171357,5918.195171357,2171,3039400,0.000000
444,4.440063,5918.205171439,5918.205171439,2176,3046400,0.000000
445,4.450068,5918.215176226,5918.215176226,2181,3053400,0.000000
446,4.460082,5918.225189768,5918.225189768,2186,3060400,0.000000
447,4.470058,5918.235166569,5918.235166569,2191,3067400,0.000000
448,4.480074,5918.245182231,5918.245182231,2196,3074400,0.000000
449,4.490065,5918.255173500,5918.255173500,2200,3080000,0.000000
450,4.500066,5918.265174309,5918.265174309,2205,3087000,0.000000
451,4.510067,5918.275175595,5918.275175595,2210,3094000,0.000000
452,4.520065,5918.285173717,5918.285173717,2215,3101000,0.000000
453,4.530059,5918.295167139,5918.295167139,2220,3108000,0.000000
454,4.540062,5918.305170439,5918.305170439,2225,3115000,0.000000
455,4.550064,5918.315172181,5918.315172181,2230,3122000,0.000000
456,4.560064,5918.325172354,5918.325172354,2235,3129000,0.000000
457,4.570064,5918.335171762,5918.335171762,2240,3136000,0.000000
458,4.580037,5918.345145663,5918.345145663,2245,3143000,0.000000
459,4.590065,5918.355173325,5918.355173325,2249,3148600,0.000000
460,4.600068,5918.365175803,5918.365175803,2254,3155600,0.000000
461,4.610060,5918.375167893,5918.375167893,2259,3162600,0.000000
462,4.620063,5918.385171294,5918.385171294,2264,3169600,0.000000
463,4.630029,5918.395137445,5918.395137445,2269,3176600,0.000000
464,4.640065,5918.405172972,5918.405172972,2274,3183600,0.000000
465,4.650060,5918.415167772,5918.415167772,2279,3190600,0.000000
466,4.660069,5918.425177227,5918.425177227,2284,3197600,0.000000
467,4.670053,5918.435161504,5918.435161504,2289,3204600,0.000000
468,4.680005,5918.445113687,5918.445113687,2294,3211600,0.000000
469,4.690066,5918.455174555,5918.455174555,2298,3217200,0.000000
470,4.700076,5918.465184192,5918.465184192,2303,3224200,0.000000
471,4.710032,5918.475140383,5918.475140383,2308,3231200,0.000000
472,4.720067,5918.485175234,5918.485175234,2313,3238200,0.000000
473,4.730067,5918.495175076,5918.495175076,2318,3245200,0.000000
474,4.740068,5918.505176570,5918.505176570,2323,3252200,0.000000
475,4.750067,5918.515175294,5918.515175294,2328,3259200,0.000000
476,4.760067,5918.525175282,5918.525175282,2333,3266200,0.000000
477,4.770065,5918.535173713,5918.535173713,2338,3273200,0.000000
478,4.780037,5918.545144818,5918.545144818,2343,3280200,0.000000
479,4.790070,5918.555178317,5918.555178317,2347,3285800,0.000000
480,4.800068,5918.565175922,5918.565175922,2352,3292800,0.000000
481,4.810068,5918.575176388,5918.575176388,2357,3299800,0.000000
482,4.820064,5918.585172002,5918.585172002,2362,3306800,0.000000
483,4.830075,5918.595183021,5918.595183021,2367,3313800,0.000000
484,4.840066,5918.605174161,5918.605174161,2372,3320800,0.000000
485,4.850061,5918.615169512,5918.615169512,2377,3327800,0.000000
486,4.860072,5918.625180606,5918.625180606,2382,3334800,0.000000
487,4.870065,5918.635173296,5918.635173296,2387,3341800,0.000000
488,4.880038,5918.645146301,5918.645146301,2392,3348800,0.000000
489,4.890081,5918.655189173,5918.655189173,2397,3355800,0.000000
490,4.900018,5918.665126622,5918.665126622,2401,3361400,0.000000
491,4.910070,5918.675177987,5918.675177987,2406,3368400,0.000000
492,4.920069,5918.685176812,5918.685176812,2411,3375400,0.000000
493,4.930071,5918.695179237,5918.695179237,2416,3382400,0.000000
494,4.940067,5918.705175593,5918.705175593,2421,3389400,0.000000
495,4.950073,5918.715180939,5918.715180939,2426,3396400,0.000000
496,4.960065,5918.725173102,5918.725173102,2431,3403400,0.000000
497,4.970065,5918.735173538,5918.735173538,2436,3410400,0.000000
498,4.980040,5918.745147741,5918.745147741,2441,3417400,0.000000
499,4.990078,5918.755185885,5918.755185885,2446,3424400,0.000000
500,5.000068,5918.765175859,5918.765175859,2450,3430000,0.000000
501,5.010069,5918.775177580,5918.775177580,2455,3437000,0.000000
502,5.020059,5918.785167074,5918.785167074,2460,3444000,0.000000
503,5.030065,5918.795173632,5918.795173632,2465,3451000,0.000000
504,5.040063,5918.805171550,5918.805171550,2470,3458000,0.000000
505,5.050064,5918.815172342,5918.815172342,2475,3465000,0.000000
506,5.060064,5918.825172462,5918.825172462,2480,3472000,0.000000
507,5.070035,5918.835143266,5918.835143266,2485,3479000,0.000000
508,5.080065,5918.845173321,5918.845173321,2490,3486000,0.000000
509,5.090058,5918.855166600,5918.855166600,2495,3493000,0.000000
510,5.100069,5918.865177706,5918.865177706,2499,3498600,0.000000
511,5.110064,5918.875172681,5918.875172681,2504,3505600,0.000000
512,5.120064,5918.885172045,5918.885172045,2509,3512600,0.000000
513,5.130071,5918.895178751,5918.895178751,2514,3519600,0.000000
514,5.140065,5918.905173634,5918.905173634,2519,3526600,0.000000
515,5.150067,5918.915174847,5918.915174847,2524,3533600,0.000000
516,5.160067,5918.925174787,5918.925174787,2529,3540600,0.000000
517,5.170070,5918.935178133,5918.935178133,2534,3547600,0.000000
518,5.180067,5918.945175089,5918.945175089,2539,3554600,0.000000
519,5.190019,5918.955127653,5918.955127653,2544,3561600,0.000000
520,5.200067,5918.965175040,5918.965175040,2548,3567200,0.000000
521,5.210070,5918.975178408,5918.975178408,2553,3574200,0.000000
522,5.220070,5918.985178061,5918.985178061,2558,3581200,0.000000
523,5.230068,5918.995175884,5918.995175884,2563,3588200,0.000000
524,5.240065,5919.005172884,5919.005172884,2568,3595200,0.000000
525,5.250066,5919.015174411,5919.015174411,2573,3602200,0.000000
526,5.260066,5919.025174373,5919.025174373,2578,3609200,0.000000
527,5.270063,5919.035171588,5919.035171588,2583,3616200,0.000000
528,5.280071,5919.045179576,5919.045179576,2588,3623200,0.000000
529,5.290067,5919.055175108,5919.055175108,2593,3630200,0.000000
530,5.300034,5919.065141976,5919.065141976,2597,3635800,0.000000
531,5.310067,5919.075175169,5919.075175169,2602,3642800,0.000000
532,5.320066,5919.085173884,5919.085173884,2607,3649800,0.000000
533,5.330065,5919.095173463,5919.095173463,2612,3656800,0.000000
534,5.340063,5919.105170883,5919.105170883,2617,3663800,0.000000
535,5.350037,5919.115144999,5919.115144999,2622,3670800,0.000000
536,5.360064,5919.125172447,5919.125172447,2627,3677800,0.000000
537,5.370067,5919.135174971,5919.135174971,2632,3684800,0.000000
538,5.380059,5919.145167472,5919.145167472,2637,3691800,0.000000
539,5.390044,5919.155151810,5919.155151810,2642,3698800,0.000000
540,5.400066,5919.165174287,5919.165174287,2646,3704400,0.000000
541,5.410028,5919.175135757,5919.175135757,2651,3711400,0.000000
542,5.420068,5919.185176324,5919.185176324,2656,3718400,0.000000
543,5.430069,5919.195177035,5919.195177035,2661,3725400,0.000000
544,5.440068,5919.205176117,5919.205176117,2666,3732400,0.000000
545,5.450064,5919.215172005,5919.215172005,2671,3739400,0.000000
546,5.460066,5919.225173786,5919.225173786,2676,3746400,0.000000
547,5.470063,5919.235171430,5919.235171430,2681,3753400,0.000000
548,5.480028,5919.245135918,5919.245135918,2686,3760400,0.000000
549,5.490029,5919.255137662,5919.255137662,2691,3767400,0.000000
550,5.500072,5919.265180031,5919.265180031,2696,3774400,0.000000
551,5.510064,5919.275172012,5919.275172012,2700,3780000,0.000000
552,5.520065,5919.285173248,5919.285173248,2705,3787000,0.000000
553,5.530068,5919.295176225,5919.295176225,2710,3794000,0.000000
554,5.540060,5919.305168264,5919.305168264,2715,3801000,0.000000
555,5.550066,5919.315174192,5919.315174192,2720,3808000,0.000000
556,5.560031,5919.325139475,5919.325139475,2725,3815000,0.000000
557,5.570066,5919.335173859,5919.335173859,2730,3822000,0.000000
558,5.580061,5919.345169561,5919.345169561,2735,3829000,0.000000
559,5.590068,5919.355175946,5919.355175946,2740,3836000,0.000000
560,5.600076,5919.365184464,5919.365184464,2745,3843000,0.000000
561,5.610063,5919.375171722,5919.375171722,2749,3848600,0.000000
562,5.620070,5919.385177746,5919.385177746,2754,3855600,0.000000
563,5.630061,5919.395168924,5919.395168924,2759,3862600,0.000000
564,5.640071,5919.405179075,5919.405179075,2764,3869600,0.000000
565,5.650063,5919.415171702,5919.415171702,2769,3876600,0.000000
566,5.660067,5919.425175015,5919.425175015,2774,3883600,0.000000
567,5.670065,5919.435172855,5919.435172855,2779,3890600,0.000000
568,5.680049,5919.445157672,5919.445157672,2784,3897600,0.000000
569,5.690029,5919.455137357,5919.455137357,2789,3904600,0.000000
570,5.700044,5919.465152530,5919.465152530,2794,3911600,0.000000
571,5.710066,5919.475173907,5919.475173907,2798,3917200,0.000000
572,5.720063,5919.485171274,5919.485171274,2803,3924200,0.000000
573,5.730066,5919.495174397,5919.495174397,2808,3931200,0.000000
574,5.740069,5919.505176931,5919.505176931,2813,3938200,0.000000
575,5.750078,5919.515186028,5919.515186028,2818,3945200,0.000000
576,5.760060,5919.525167904,5919.525167904,2823,3952200,0.000000
577,5.770066,5919.535174485,5919.535174485,2828,3959200,0.000000
578,5.780065,5919.545172983,5919.545172983,2833,3966200,0.000000
579,5.790066,5919.555173836,5919.555173836,2838,3973200,0.000000
580,5.800002,5919.565110444,5919.565110444,2843,3980200,0.000000
581,5.810067,5919.575175444,5919.575175444,2847,3985800,0.000000
582,5.820066,5919.585174023,5919.585174023,2852,3992800,0.000000
583,5.830066,5919.595174560,5919.595174560,2857,3999800,0.000000
584,5.840068,5919.605175772,5919.605175772,2862,4006800,0.000000
585,5.850068,5919.615176397,5919.615176397,2867,4013800,0.000000
586,5.860064,5919.625172212,5919.625172212,2872,4020800,0.000000
587,5.870064,5919.635172298,5919.635172298,2877,4027800,0.000000
588,5.880064,5919.645172371,5919.645172371,2882,4034800,0.000000
589,5.890045,5919.655153381,5919.655153381,2887,4041800,0.000000
590,5.900042,5919.665150134,5919.665150134,2892,4048800,0.000000
591,5.910070,5919.675178169,5919.675178169,2896,4054400,0.000000
592,5.920066,5919.685173872,5919.685173872,2901,4061400,0.000000
593,5.930066,5919.695173731,5919.695173731,2906,4068400,0.000000
594,5.940065,5919.705173463,5919.705173463,2911,4075400,0.000000
595,5.950033,5919.715141206,5919.715141206,2916,4082400,0.000000
596,5.960066,5919.725173900,5919.725173900,2921,4089400,0.000000
597,5.970042,5919.735150164,5919.735150164,2926,4096400,0.000000
598,5.980024,5919.745132051,5919.745132051,2931,4103400,0.000000
599,5.990069,5919.755176925,5919.755176925,2936,4110400,0.000000
600,6.000031,5919.765139701,5919.765139701,2941,4117400,0.000000
601,6.010076,5919.775183777,5919.775183777,2946,4124400,0.000000
602,6.020063,5919.785170820,5919.785170820,2950,4130000,0.000000
603,6.030067,5919.795175542,5919.795175542,2955,4137000,0.000000
604,6.040039,5919.805147592,5919.805147592,2960,4144000,0.000000
605,6.050072,5919.815180472,5919.815180472,2965,4151000,0.000000
606,6.060076,5919.825183824,5919.825183824,2970,4158000,0.000000
607,6.070069,5919.835177357,5919.835177357,2975,4165000,0.000000
608,6.080065,5919.845172940,5919.845172940,2980,4172000,0.000000
609,6.090074,5919.855181842,5919.855181842,2985,4179000,0.000000
610,6.100033,5919.865140839,5919.865140839,2990,4186000,0.000000
611,6.110062,5919.875169929,5919.875169929,2995,4193000,0.000000
612,6.120079,5919.885187078,5919.885187078,2999,4198600,0.000000
613,6.130068,5919.895176358,5919.895176358,3004,4205600,0.000000
614,6.140077,5919.905184886,5919.905184886,3009,4212600,0.000000
615,6.150072,5919.915180262,5919.915180262,3014,4219600,0.000000
616,6.160067,5919.925175712,5919.925175712,3019,4226600,0.000000
617,6.170061,5919.935169639,5919.935169639,3024,4233600,0.000000
618,6.180064,5919.945172473,5919.945172473,3029,4240600,0.000000
619,6.190067,5919.955175245,5919.955175245,3034,4247600,0.000000
620,6.200067,5919.965175449,5919.965175449,3039,4254600,0.000000
621,6.210056,5919.975164405,5919.975164405,3044,4261600,0.000000
622,6.220067,5919.985174986,5919.985174986,3048,4267200,0.000000
623,6.230065,5919.995173131,5919.995173131,3053,4274200,0.000000
624,6.240072,5920.005180033,5920.005180033,3058,4281200,0.000000
625,6.250069,5920.015177319,5920.015177319,3063,4288200,0.000000
626,6.260068,5920.025175906,5920.025175906,3068,4295200,0.000000
627,6.270070,5920.035178183,5920.035178183,3073,4302200,0.000000
628,6.280067,5920.045175578,5920.045175578,3078,4309200,0.000000
629,6.290069,5920.055177473,5920.055177473,3083,4316200,0.000000
630,6.300066,5920.065174326,5920.065174326,3088,4323200,0.000000
631,6.310023,5920.075131042,5920.075131042,3093,4330200,0.000000
632,6.320087,5920.085195007,5920.085195007,3097,4335800,0.000000
633,6.330065,5920.095172985,5920.095172985,3102,4342800,0.000000
634,6.340077,5920.105185566,5920.105185566,3107,4349800,0.000000
635,6.350068,5920.115175783,5920.115175783,3112,4356800,0.000000
636,6.360065,5920.125172865,5920.125172865,3117,4363800,0.000000
637,6.370062,5920.135170164,5920.135170164,3122,4370800,0.000000
638,6.380068,5920.145176640,5920.145176640,3127,4377800,0.000000
639,6.390072,5920.155180229,5920.155180229,3132,4384800,0.000000
640,6.400068,5920.165176509,5920.165176509,3137,4391800,0.000000
641,6.410014,5920.175122309,5920.175122309,3142,4398800,0.000000
642,6.420070,5920.185177816,5920.185177816,3146,4404400,0.000000
643,6.430065,5920.195172875,5920.195172875,3151,4411400,0.000000
644,6.440064,5920.205172517,5920.205172517,3156,4418400,0.000000
645,6.450069,5920.215176961,5920.215176961,3161,4425400,0.000000
646,6.460060,5920.225167731,5920.225167731,3166,4432400,0.000000
647,6.470071,5920.235178769,5920.235178769,3171,4439400,0.000000
648,6.480066,5920.245173961,5920.245173961,3176,4446400,0.000000
649,6.490066,5920.255174668,5920.255174668,3181,4453400,0.000000
650,6.500066,5920.265174082,5920.265174082,3186,4460400,0.000000
651,6.510037,5920.275145715,5920.275145715,3191,4467400,0.000000
652,6.520067,5920.285175150,5920.285175150,3195,4473000,0.000000
653,6.530081,5920.295189652,5920.295189652,3200,4480000,0.000000
654,6.540066,5920.305174702,5920.305174702,3205,4487000,0.000000
655,6.550064,5920.315172627,5920.315172627,3210,4494000,0.000000
656,6.560060,5920.325168171,5920.325168171,3215,4501000,0.000000
657,6.570066,5920.335174500,5920.335174500,3220,4508000,0.000000
658,6.580065,5920.345173103,5920.345173103,3225,4515000,0.000000
659,6.590065,5920.355172916,5920.355172916,3230,4522000,0.000000
660,6.600070,5920.365178027,5920.365178027,3235,4529000,0.000000
661,6.610031,5920.375139412,5920.375139412,3240,4536000,0.000000
662,6.620073,5920.385181462,5920.385181462,3245,4543000,0.000000
663,6.630071,5920.395179232,5920.395179232,3249,4548600,0.000000
664,6.640069,5920.405176804,5920.405176804,3254,4555600,0.000000
665,6.650072,5920.415180667,5920.415180667,3259,4562600,0.000000
666,6.660061,5920.425169626,5920.425169626,3264,4569600,0.000000
667,6.670065,5920.435173020,5920.435173020,3269,4576600,0.000000
668,6.680065,5920.445172807,5920.445172807,3274,4583600,0.000000
669,6.690059,5920.455167650,5920.455167650,3279,4590600,0.000000
670,6.700066,5920.465173755,5920.465173755,3284,4597600,0.000000
671,6.710070,5920.475178676,5920.475178676,3289,4604600,0.000000
672,6.720080,5920.485187783,5920.485187783,3294,4611600,0.000000
673,6.730074,5920.495182492,5920.495182492,3298,4617200,0.000000
674,6.740072,5920.505180462,5920.505180462,3303,4624200,0.000000
675,6.750049,5920.515157288,5920.515157288,3308,4631200,0.000000
676,6.760069,5920.525177318,5920.525177318,3313,4638200,0.000000
677,6.770072,5920.535179747,5920.535179747,3318,4645200,0.000000
678,6.780065,5920.545173429,5920.545173429,3323,4652200,0.000000
679,6.790059,5920.555167585,5920.555167585,3328,4659200,0.000000
680,6.800067,5920.565175310,5920.565175310,3333,4666200,0.000000
681,6.810027,5920.575135690,5920.575135690,3338,4673200,0.000000
682,6.820041,5920.585148795,5920.585148795,3343,4680200,0.000000
683,6.830067,5920.595175113,5920.595175113,3347,4685800,0.000000
684,6.840067,5920.605175093,5920.605175093,3352,4692800,0.000000
685,6.850066,5920.615173998,5920.615173998,3357,4699800,0.000000
686,6.860072,5920.625180599,5920.625180599,3362,4706800,0.000000
687,6.870064,5920.635172448,5920.635172448,3367,4713800,0.000000
688,6.880037,5920.645144908,5920.645144908,3372,4720800,0.000000
689,6.890059,5920.655167230,5920.655167230,3377,4727800,0.000000
690,6.900064,5920.665172316,5920.665172316,3382,4734800,0.000000
691,6.910084,5920.675191801,5920.675191801,3387,4741800,0.000000
692,6.920010,5920.685118213,5920.685118213,3392,4748800,0.000000
693,6.930062,5920.695170718,5920.695170718,3396,4754400,0.000000
694,6.940064,5920.705172443,5920.705172443,3401,4761400,0.000000
695,6.950059,5920.715167411,5920.715167411,3406,4768400,0.000000
696,6.960066,5920.725174504,5920.725174504,3411,4775400,0.000000
697,6.970067,5920.735175302,5920.735175302,3416,4782400,0.000000
698,6.980067,5920.745174856,5920.745174856,3421,4789400,0.000000
699,6.990089,5920.755196853,5920.755196853,3426,4796400,0.000000
700,7.000067,5920.765175433,5920.765175433,3431,4803400,0.000000
701,7.010069,5920.775177004,5920.775177004,3436,4810400,0.000000
702,7.020030,5920.785137789,5920.785137789,3441,4817400,0.000000
703,7.030074,5920.795181760,5920.795181760,3445,4823000,0.000000
704,7.040066,5920.805174553,5920.805174553,3450,4830000,0.000000
705,7.050065,5920.815172977,5920.815172977,3455,4837000,0.000000
706,7.060061,5920.825168798,5920.825168798,3460,4844000,0.000000
707,7.070064,5920.835172572,5920.835172572,3465,4851000,0.000000
708,7.080064,5920.845172693,5920.845172693,3470,4858000,0.000000
709,7.090066,5920.855174533,5920.855174533,3475,4865000,0.000000
710,7.100067,5920.865174873,5920.865174873,3480,4872000,0.000000
711,7.110068,5920.875176266,5920.875176266,3485,4879000,0.000000
712,7.120023,5920.885131395,5920.885131395,3490,4886000,0.000000
713,7.130077,5920.895184816,5920.895184816,3495,4893000,0.000000
714,7.140069,5920.905177374,5920.905177374,3499,4898600,0.000000
715,7.150068,5920.915176387,5920.915176387,3504,4905600,0.000000
716,7.160070,5920.925178697,5920.925178697,3509,4912600,0.000000
717,7.170074,5920.935182361,5920.935182361,3514,4919600,0.000000
718,7.180065,5920.945173575,5920.945173575,3519,4926600,0.000000
719,7.190068,5920.955176136,5920.955176136,3524,4933600,0.000000
720,7.200062,5920.965170242,5920.965170242,3529,4940600,0.000000
721,7.210071,5920.975179044,5920.975179044,3534,4947600,0.000000
722,7.220059,5920.985166926,5920.985166926,3539,4954600,0.000000
723,7.230075,5920.995183395,5920.995183395,3544,4961600,0.000000
724,7.240033,5921.005141396,5921.005141396,3548,4967200,0.000000
725,7.250066,5921.015174256,5921.015174256,3553,4974200,0.000000
726,7.260074,5921.025181754,5921.025181754,3558,4981200,0.000000
727,7.270066,5921.035174341,5921.035174341,3563,4988200,0.000000
728,7.280070,5921.045177777,5921.045177777,3568,4995200,0.000000
729,7.290065,5921.055173410,5921.055173410,3573,5002200,0.000000
730,7.300074,5921.065182422,5921.065182422,3578,5009200,0.000000
731,7.310068,5921.075176491,5921.075176491,3583,5016200,0.000000
732,7.320043,5921.085151217,5921.085151217,3588,5023200,0.000000
733,7.330047,5921.095155719,5921.095155719,3593,5030200,0.000000
734,7.340074,5921.105181810,5921.105181810,3597,5035800,0.000000
735,7.350068,5921.115175727,5921.115175727,3602,5042800,0.000000
736,7.360073,5921.125181343,5921.125181343,3607,5049800,0.000000
737,7.370056,5921.135164027,5921.135164027,3612,5056800,0.000000
738,7.380073,5921.145181227,5921.145181227,3617,5063800,0.000000
739,7.390071,5921.155179635,5921.155179635,3622,5070800,0.000000
740,7.400069,5921.165176752,5921.165176752,3627,5077800,0.000000
741,7.410062,5921.175170076,5921.175170076,3632,5084800,0.000000
742,7.420060,5921.185168520,5921.185168520,3637,5091800,0.000000
743,7.430026,5921.195134292,5921.195134292,3642,5098800,0.000000
744,7.440073,5921.205181275,5921.205181275,3646,5104400,0.000000
745,7.450063,5921.215171233,5921.215171233,3651,5111400,0.000000
746,7.460067,5921.225175555,5921.225175555,3656,5118400,0.000000
747,7.470065,5921.235173406,5921.235173406,3661,5125400,0.000000
748,7.480059,5921.245166936,5921.245166936,3666,5132400,0.000000
749,7.490078,5921.255186317,5921.255186317,3671,5139400,0.000000
750,7.500067,5921.265174898,5921.265174898,3676,5146400,0.000000
751,7.510071,5921.275178819,5921.275178819,3681,5153400,0.000000
752,7.520064,5921.285172679,5921.285172679,3686,5160400,0.000000
753,7.530062,5921.295170182,5921.295170182,3691,5167400,0.000000
754,7.540065,5921.305173695,5921.305173695,3695,5173000,0.000000
755,7.550067,5921.315174812,5921.315174812,3700,5180000,0.000000
756,7.560066,5921.325174680,5921.325174680,3705,5187000,0.000000
757,7.570066,5921.335173921,5921.335173921,3710,5194000,0.000000
758,7.580068,5921.345176712,5921.345176712,3715,5201000,0.000000
759,7.590070,5921.355178197,5921.355178197,3720,5208000,0.000000
760,7.600091,5921.365198868,5921.365198868,3725,5215000,0.000000
761,7.610066,5921.375173957,5921.375173957,3730,5222000,0.000000
762,7.620071,5921.385179523,5921.385179523,3735,5229000,0.000000
763,7.630052,5921.395160096,5921.395160096,3740,5236000,0.000000
764,7.640064,5921.405171998,5921.405171998,3744,5241600,0.000000
765,7.650067,5921.415175309,5921.415175309,3749,5248600,0.000000
766,7.660036,5921.425144377,5921.425144377,3754,5255600,0.000000
767,7.670060,5921.435168565,5921.435168565,3759,5262600,0.000000
768,7.680068,5921.445176149,5921.445176149,3764,5269600,0.000000
769,7.690068,5921.455175799,5921.455175799,3769,5276600,0.000000
770,7.700065,5921.465173704,5921.465173704,3774,5283600,0.000000
771,7.710062,5921.475169879,5921.475169879,3779,5290600,0.000000
772,7.720067,5921.485175452,5921.485175452,3784,5297600,0.000000
773,7.730048,5921.495156659,5921.495156659,3789,5304600,0.000000
774,7.740092,5921.505200230,5921.505200230,3794,5311600,0.000000
775,7.750072,5921.515180532,5921.515180532,3798,5317200,0.000000
776,7.760075,5921.525183328,5921.525183328,3803,5324200,0.000000
777,7.770078,5921.535186433,5921.535186433,3808,5331200,0.000000
778,7.780049,5921.545157697,5921.545157697,3813,5338200,0.000000
779,7.790077,5921.555184899,5921.555184899,3818,5345200,0.000000
780,7.800068,5921.565175782,5921.565175782,3823,5352200,0.000000
781,7.810065,5921.575173393,5921.575173393,3828,5359200,0.000000
782,7.820040,5921.585147771,5921.585147771,3833,5366200,0.000000
783,7.830033,5921.595140907,5921.595140907,3838,5373200,0.000000
784,7.840080,5921.605188460,5921.605188460,3843,5380200,0.000000
785,7.850065,5921.615173167,5921.615173167,3847,5385800,0.000000
786,7.860061,5921.625169103,5921.625169103,3852,5392800,0.000000
787,7.870053,5921.635161021,5921.635161021,3857,5399800,0.000000
788,7.880068,5921.645175930,5921.645175930,3862,5406800,0.000000
789,7.890061,5921.655168767,5921.655168767,3867,5413800,0.000000
790,7.900064,5921.665172721,5921.665172721,3872,5420800,0.000000
791,7.910064,5921.675171913,5921.675171913,3877,5427800,0.000000
792,7.920060,5921.685167932,5921.685167932,3882,5434800,0.000000
793,7.930079,5921.695187659,5921.695187659,3887,5441800,0.000000
794,7.940046,5921.705154032,5921.705154032,3892,5448800,0.000000
795,7.950061,5921.715168847,5921.715168847,3896,5454400,0.000000
796,7.960048,5921.725155946,5921.725155946,3901,5461400,0.000000
797,7.970063,5921.735171603,5921.735171603,3906,5468400,0.000000
798,7.980066,5921.745174218,5921.745174218,3911,5475400,0.000000
799,7.990062,5921.755170153,5921.755170153,3916,5482400,0.000000
800,8.000062,5921.765170620,5921.765170620,3921,5489400,0.000000
801,8.010069,5921.775176792,5921.775176792,3926,5496400,0.000000
802,8.020067,5921.785174924,5921.785174924,3931,5503400,0.000000
803,8.030064,5921.795172075,5921.795172075,3936,5510400,0.000000
804,8.040003,5921.805110830,5921.805110830,3941,5517400,0.000000
805,8.050061,5921.815168947,5921.815168947,3945,5523000,0.000000
806,8.060065,5921.825173558,5921.825173558,3950,5530000,0.000000
807,8.070065,5921.835173482,5921.835173482,3955,5537000,0.000000
808,8.080064,5921.845172616,5921.845172616,3960,5544000,0.000000
809,8.090064,5921.855171921,5921.855171921,3965,5551000,0.000000
810,8.100068,5921.865176097,5921.865176097,3970,5558000,0.000000
811,8.110065,5921.875173501,5921.875173501,3975,5565000,0.000000
812,8.120059,5921.885167538,5921.885167538,3980,5572000,0.000000
813,8.130064,5921.895172559,5921.895172559,3985,5579000,0.000000
814,8.140062,5921.905170024,5921.905170024,3990,5586000,0.000000
815,8.150069,5921.915176944,5921.915176944,3994,5591600,0.000000
816,8.160069,5921.925176924,5921.925176924,3999,5598600,0.000000
817,8.170067,5921.935174733,5921.935174733,4004,5605600,0.000000
818,8.180066,5921.945173934,5921.945173934,4009,5612600,0.000000
819,8.190065,5921.955173675,5921.955173675,4014,5619600,0.000000
820,8.200063,5921.965171187,5921.965171187,4019,5626600,0.000000
821,8.210042,5921.975149907,5921.975149907,4024,5633600,0.000000
822,8.220066,5921.985174634,5921.985174634,4029,5640600,0.000000
823,8.230066,5921.995174316,5921.995174316,4034,5647600,0.000000
824,8.240026,5922.005134454,5922.005134454,4039,5654600,0.000000
825,8.250074,5922.015181835,5922.015181835,4044,5661600,0.000000
826,8.260067,5922.025174782,5922.025174782,4048,5667200,0.000000
827,8.270068,5922.035176642,5922.035176642,4053,5674200,0.000000
828,8.280071,5922.045179276,5922.045179276,4058,5681200,0.000000
829,8.290064,5922.055172124,5922.055172124,4063,5688200,0.000000
830,8.300064,5922.065171873,5922.065171873,4068,5695200,0.000000
831,8.310040,5922.075148312,5922.075148312,4073,5702200,0.000000
832,8.320063,5922.085171482,5922.085171482,4078,5709200,0.000000
833,8.330059,5922.095167000,5922.095167000,4083,5716200,0.000000
834,8.340030,5922.105138211,5922.105138211,4088,5723200,0.000000
835,8.350080,5922.115187974,5922.115187974,4093,5730200,0.000000
836,8.360069,5922.125176785,5922.125176785,4097,5735800,0.000000
837,8.370065,5922.135173640,5922.135173640,4102,5742800,0.000000
838,8.380054,5922.145162351,5922.145162351,4107,5749800,0.000000
839,8.390068,5922.155175958,5922.155175958,4112,5756800,0.000000
840,8.400065,5922.165173333,5922.165173333,4117,5763800,0.000000
841,8.410061,5922.175169448,5922.175169448,4122,5770800,0.000000
842,8.420074,5922.185181818,5922.185181818,4127,5777800,0.000000
843,8.430060,5922.195168332,5922.195168332,4132,5784800,0.000000
844,8.440064,5922.205171987,5922.205171987,4137,5791800,0.000000
845,8.450044,5922.215152174,5922.215152174,4142,5798800,0.000000
846,8.460065,5922.225173645,5922.225173645,4146,5804400,0.000000
847,8.470064,5922.235172579,5922.235172579,4151,5811400,0.000000
848,8.480069,5922.245177148,5922.245177148,4156,5818400,0.000000
849,8.490073,5922.255181692,5922.255181692,4161,5825400,0.000000
850,8.500066,5922.265174020,5922.265174020,4166,5832400,0.000000
851,8.510066,5922.275174051,5922.275174051,4171,5839400,0.000000
852,8.520070,5922.285178033,5922.285178033,4176,5846400,0.000000
853,8.530061,5922.295169417,5922.295169417,4181,5853400,0.000000
854,8.540064,5922.305172306,5922.305172306,4186,5860400,0.000000
855,8.550029,5922.315137172,5922.315137172,4191,5867400,0.000000
856,8.560071,5922.325179518,5922.325179518,4195,5873000,0.000000
857,8.570069,5922.335176746,5922.335176746,4200,5880000,0.000000
858,8.580069,5922.345177281,5922.345177281,4205,5887000,0.000000
859,8.590071,5922.355178992,5922.355178992,4210,5894000,0.000000
860,8.600066,5922.365174592,5922.365174592,4215,5901000,0.000000
861,8.610067,5922.375174981,5922.375174981,4220,5908000,0.000000
862,8.620068,5922.385176009,5922.385176009,4225,5915000,0.000000
863,8.630069,5922.395177215,5922.395177215,4230,5922000,0.000000
864,8.640063,5922.405171013,5922.405171013,4235,5929000,0.000000
865,8.650029,5922.415137015,5922.415137015,4240,5936000,0.000000
866,8.660072,5922.425180103,5922.425180103,4244,5941600,0.000000
867,8.670068,5922.435176588,5922.435176588,4249,5948600,0.000000
868,8.680064,5922.445171799,5922.445171799,4254,5955600,0.000000
869,8.690064,5922.455171974,5922.455171974,4259,5962600,0.000000
870,8.700068,5922.465176447,5922.465176447,4264,5969600,0.000000
871,8.710059,5922.475167168,5922.475167168,4269,5976600,0.000000
872,8.720066,5922.485174703,5922.485174703,4274,5983600,0.000000
873,8.730067,5922.495175100,5922.495175100,4279,5990600,0.000000
874,8.740073,5922.505181310,5922.505181310,4284,5997600,0.000000
875,8.750030,5922.515138601,5922.515138601,4289,6004600,0.000000
876,8.760064,5922.525172286,5922.525172286,4293,6010200,0.000000
877,8.770047,5922.535155024,5922.535155024,4298,6017200,0.000000
878,8.780076,5922.545183778,5922.545183778,4303,6024200,0.000000
879,8.790071,5922.555179542,5922.555179542,4308,6031200,0.000000
880,8.800069,5922.565177624,5922.565177624,4313,6038200,0.000000
881,8.810070,5922.575178358,5922.575178358,4318,6045200,0.000000
882,8.820070,5922.585178068,5922.585178068,4323,6052200,0.000000
883,8.830066,5922.595174515,5922.595174515,4328,6059200,0.000000
884,8.840094,5922.605202338,5922.605202338,4333,6066200,0.000000
885,8.850048,5922.615156525,5922.615156525,4338,6073200,0.000000
886,8.860076,5922.625184476,5922.625184476,4343,6080200,0.000000
887,8.870065,5922.635173563,5922.635173563,4347,6085800,0.000000
888,8.880067,5922.645175461,5922.645175461,4352,6092800,0.000000
889,8.890060,5922.655167927,5922.655167927,4357,6099800,0.000000
890,8.900066,5922.665174250,5922.665174250,4362,6106800,0.000000
891,8.910071,5922.675179522,5922.675179522,4367,6113800,0.000000
892,8.920068,5922.685176162,5922.685176162,4372,6120800,0.000000
893,8.930068,5922.695175739,5922.695175739,4377,6127800,0.000000
894,8.940065,5922.705173281,5922.705173281,4382,6134800,0.000000
895,8.950069,5922.715176909,5922.715176909,4387,6141800,0.000000
896,8.960088,5922.725196448,5922.725196448,4392,6148800,0.000000
897,8.970067,5922.735174865,5922.735174865,4396,6154400,0.000000
898,8.980066,5922.745174142,5922.745174142,4401,6161400,0.000000
899,8.990032,5922.755140223,5922.755140223,4406,6168400,0.000000
900,9.000071,5922.765179547,5922.765179547,4411,6175400,0.000000
901,9.010068,5922.775176210,5922.775176210,4416,6182400,0.000000
902,9.020064,5922.785171926,5922.785171926,4421,6189400,0.000000
903,9.030071,5922.795179451,5922.795179451,4426,6196400,0.000000
904,9.040068,5922.805176474,5922.805176474,4431,6203400,0.000000
905,9.050032,5922.815140412,5922.815140412,4436,6210400,0.000000
906,9.060038,5922.825145997,5922.825145997,4441,6217400,0.000000
907,9.070066,5922.835174085,5922.835174085,4445,6223000,0.000000
908,9.080071,5922.845179582,5922.845179582,4450,6230000,0.000000
909,9.090068,5922.855175773,5922.855175773,4455,6237000,0.000000
910,9.100065,5922.865173149,5922.865173149,4460,6244000,0.000000
911,9.110064,5922.875171929,5922.875171929,4465,6251000,0.000000
912,9.120059,5922.885167109,5922.885167109,4470,6258000,0.000000
913,9.130067,5922.895174991,5922.895174991,4475,6265000,0.000000
914,9.140063,5922.905171569,5922.905171569,4480,6272000,0.000000
915,9.150061,5922.915169354,5922.915169354,4485,6279000,0.000000
916,9.160011,5922.925118855,5922.925118855,4490,6286000,0.000000
917,9.170069,5922.935176992,5922.935176992,4494,6291600,0.000000
918,9.180066,5922.945174175,5922.945174175,4499,6298600,0.000000
919,9.190069,5922.955176990,5922.955176990,4504,6305600,0.000000
920,9.200060,5922.965168361,5922.965168361,4509,6312600,0.000000
921,9.210068,5922.975176245,5922.975176245,4514,6319600,0.000000
922,9.220069,5922.985177524,5922.985177524,4519,6326600,0.000000
923,9.230067,5922.995175259,5922.995175259,4524,6333600,0.000000
924,9.240060,5923.005168451,5923.005168451,4529,6340600,0.000000
925,9.250046,5923.015154289,5923.015154289,4534,6347600,0.000000
926,9.260066,5923.025174563,5923.025174563,4539,6354600,0.000000
927,9.270069,5923.035177579,5923.035177579,4543,6360200,0.000000
928,9.280065,5923.045172795,5923.045172795,4548,6367200,0.000000
929,9.290065,5923.055172999,5923.055172999,4553,6374200,0.000000
930,9.300046,5923.065153806,5923.065153806,4558,6381200,0.000000
931,9.310066,5923.075174090,5923.075174090,4563,6388200,0.000000
932,9.320064,5923.085172230,5923.085172230,4568,6395200,0.000000
933,9.330063,5923.095171685,5923.095171685,4573,6402200,0.000000
934,9.340089,5923.105197534,5923.105197534,4578,6409200,0.000000
935,9.350067,5923.115175199,5923.115175199,4583,6416200,0.000000
936,9.360059,5923.125167029,5923.125167029,4588,6423200,0.000000
937,9.370074,5923.135182272,5923.135182272,4593,6430200,0.000000
938,9.380066,5923.145174709,5923.145174709,4597,6435800,0.000000
939,9.390072,5923.155179868,5923.155179868,4602,6442800,0.000000
940,9.400070,5923.165177945,5923.165177945,4607,6449800,0.000000
941,9.410089,5923.175197099,5923.175197099,4612,6456800,0.000000
942,9.420071,5923.185178951,5923.185178951,4617,6463800,0.000000
943,9.430065,5923.195173391,5923.195173391,4622,6470800,0.000000
944,9.440069,5923.205177066,5923.205177066,4627,6477800,0.000000
945,9.450026,5923.215133835,5923.215133835,4632,6484800,0.000000
946,9.460035,5923.225143052,5923.225143052,4637,6491800,0.000000
947,9.470074,5923.235181922,5923.235181922,4642,6498800,0.000000
948,9.480062,5923.245169956,5923.245169956,4646,6504400,0.000000
949,9.490070,5923.255177970,5923.255177970,4651,6511400,0.000000
950,9.500061,5923.265168826,5923.265168826,4656,6518400,0.000000
951,9.510067,5923.275175090,5923.275175090,4661,6525400,0.000000
952,9.520068,5923.285176457,5923.285176457,4666,6532400,0.000000
953,9.530062,5923.295170639,5923.295170639,4671,6539400,0.000000
954,9.540066,5923.305174438,5923.305174438,4676,6546400,0.000000
955,9.550066,5923.315174530,5923.315174530,4681,6553400,0.000000
956,9.560061,5923.325169225,5923.325169225,4686,6560400,0.000000
957,9.570058,5923.335166512,5923.335166512,4691,6567400,0.000000
958,9.580065,5923.345173268,5923.345173268,4695,6573000,0.000000
959,9.590061,5923.355169688,5923.355169688,4700,6580000,0.000000
960,9.600030,5923.365138300,5923.365138300,4705,6587000,0.000000
961,9.610054,5923.375162256,5923.375162256,4710,6594000,0.000000
962,9.620063,5923.385171381,5923.385171381,4715,6601000,0.000000
963,9.630084,5923.395192649,5923.395192649,4720,6608000,0.000000
964,9.640063,5923.405170733,5923.405170733,4725,6615000,0.000000
965,9.650068,5923.415175974,5923.415175974,4730,6622000,0.000000
966,9.660067,5923.425174902,5923.425174902,4735,6629000,0.000000
967,9.670017,5923.435125171,5923.435125171,4740,6636000,0.000000
968,9.680071,5923.445178933,5923.445178933,4744,6641600,0.000000
969,9.690068,5923.455176470,5923.455176470,4749,6648600,0.000000
970,9.700067,5923.465175045,5923.465175045,4754,6655600,0.000000
971,9.710070,5923.475178044,5923.475178044,4759,6662600,0.000000
972,9.720061,5923.485169561,5923.485169561,4764,6669600,0.000000
973,9.730067,5923.495175128,5923.495175128,4769,6676600,0.000000
974,9.740068,5923.505176195,5923.505176195,4774,6683600,0.000000
975,9.750064,5923.515171902,5923.515171902,4779,6690600,0.000000
976,9.760061,5923.525168842,5923.525168842,4784,6697600,0.000000
977,9.770070,5923.535178325,5923.535178325,4789,6704600,0.000000
978,9.780061,5923.545169473,5923.545169473,4793,6710200,0.000000
979,9.790068,5923.555176387,5923.555176387,4798,6717200,0.000000
980,9.800069,5923.565177516,5923.565177516,4803,6724200,0.000000
981,9.810070,5923.575177834,5923.575177834,4808,6731200,0.000000
982,9.820065,5923.585172747,5923.585172747,4813,6738200,0.000000
983,9.830067,5923.595175447,5923.595175447,4818,6745200,0.000000
984,9.840068,5923.605176372,5923.605176372,4823,6752200,0.000000
985,9.850072,5923.615180128,5923.615180128,4828,6759200,0.000000
986,9.860068,5923.625176572,5923.625176572,4833,6766200,0.000000
987,9.870062,5923.635170415,5923.635170415,4838,6773200,0.000000
988,9.880069,5923.645176883,5923.645176883,4842,6778800,0.000000
989,9.890063,5923.655171228,5923.655171228,4847,6785800,0.000000
990,9.900067,5923.665175350,5923.665175350,4852,6792800,0.000000
991,9.910067,5923.675175533,5923.675175533,4857,6799800,0.000000
992,9.920068,5923.685176088,5923.685176088,4862,6806800,0.000000
993,9.930064,5923.695172282,5923.695172282,4867,6813800,0.000000
994,9.940064,5923.705172014,5923.705172014,4872,6820800,0.000000
995,9.950064,5923.715172215,5923.715172215,4877,6827800,0.000000
996,9.960069,5923.725177053,5923.725177053,4882,6834800,0.000000
997,9.970067,5923.735174743,5923.735174743,4887,6841800,0.000000
998,9.980072,5923.745180259,5923.745180259,4892,6848800,0.000000
999,9.990068,5923.755175939,5923.755175939,4896,6854400,0.000000
1000,10.000065,5923.765172930,5923.765172930,4901,6861400,0.000000
1001,10.010063,5923.775171216,5923.775171216,4906,6868400,0.000000
1002,10.020068,5923.785176411,5923.785176411,4911,6875400,0.000000
1003,10.030065,5923.795173574,5923.795173574,4916,6882400,0.000000
1004,10.040068,5923.805176323,5923.805176323,4921,6889400,0.000000
1005,10.050082,5923.815189796,5923.815189796,4926,6896400,0.000000
1006,10.060074,5923.825181923,5923.825181923,4931,6903400,0.000000
1007,10.070067,5923.835175010,5923.835175010,4936,6910400,0.000000
1008,10.080076,5923.845183817,5923.845183817,4941,6917400,0.000000
1009,10.090075,5923.855183601,5923.855183601,4945,6923000,0.000000
1010,10.100066,5923.865173729,5923.865173729,4950,6930000,0.000000
1011,10.110060,5923.875168159,5923.875168159,4955,6937000,0.000000
1012,10.120016,5923.885124092,5923.885124092,4960,6944000,0.000000
1013,10.130072,5923.895180076,5923.895180076,4965,6951000,0.000000
1014,10.140068,5923.905175798,5923.905175798,4970,6958000,0.000000
1015,10.150066,5923.915173946,5923.915173946,4975,6965000,0.000000
1016,10.160067,5923.925175046,5923.925175046,4980,6972000,0.000000
1017,10.170064,5923.935172294,5923.935172294,4985,6979000,0.000000
1018,10.180043,5923.945150788,5923.945150788,4990,6986000,0.000000
1019,10.190068,5923.955176603,5923.955176603,4994,6991600,0.000000
1020,10.200068,5923.965176310,5923.965176310,4999,6998600,0.000000
1021,10.210075,5923.975183293,5923.975183293,5004,7005600,0.000000
1022,10.220067,5923.985175568,5923.985175568,5009,7012600,0.000000
1023,10.230065,5923.995173685,5923.995173685,5014,7019600,0.000000
1024,10.240063,5924.005170832,5924.005170832,5019,7026600,0.000000
1025,10.250065,5924.015172827,5924.015172827,5024,7033600,0.000000
1026,10.260062,5924.025169806,5924.025169806,5029,7040600,0.000000
1027,10.270067,5924.035175037,5924.035175037,5034,7047600,0.000000
1028,10.280005,5924.045113225,5924.045113225,5039,7054600,0.000000
1029,10.290069,5924.055176812,5924.055176812,5043,7060200,0.000000
1030,10.300074,5924.065182230,5924.065182230,5048,7067200,0.000000
1031,10.310066,5924.075174032,5924.075174032,5053,7074200,0.000000
1032,10.320065,5924.085173115,5924.085173115,5058,7081200,0.000000
1033,10.330062,5924.095170535,5924.095170535,5063,7088200,0.000000
1034,10.340061,5924.105168949,5924.105168949,5068,7095200,0.000000
1035,10.350064,5924.115172593,5924.115172593,5073,7102200,0.000000
1036,10.360065,5924.125173226,5924.125173226,5078,7109200,0.000000
1037,10.370064,5924.135171923,5924.135171923,5083,7116200,0.000000
1038,10.380027,5924.145135438,5924.145135438,5088,7123200,0.000000
1039,10.390065,5924.155173046,5924.155173046,5092,7128800,0.000000
1040,10.400063,5924.165171011,5924.165171011,5097,7135800,0.000000
1041,10.410078,5924.175186133,5924.175186133,5102,7142800,0.000000
1042,10.420070,5924.185177978,5924.185177978,5107,7149800,0.000000
1043,10.430080,5924.195187779,5924.195187779,5112,7156800,0.000000
1044,10.440095,5924.205203468,5924.205203468,5117,7163800,0.000000
1045,10.450065,5924.215172883,5924.215172883,5122,7170800,0.000000
1046,10.460062,5924.225169838,5924.225169838,5127,7177800,0.000000
1047,10.470065,5924.235173190,5924.235173190,5132,7184800,0.000000
1048,10.480056,5924.245164170,5924.245164170,5137,7191800,0.000000
1049,10.490108,5924.255216428,5924.255216428,5142,7198800,0.000000
1050,10.500069,5924.265177014,5924.265177014,5146,7204400,0.000000
1051,10.510069,5924.275177652,5924.275177652,5151,7211400,0.000000
1052,10.520069,5924.285177044,5924.285177044,5156,7218400,0.000000
1053,10.530065,5924.295173524,5924.295173524,5161,7225400,0.000000
1054,10.540064,5924.305172120,5924.305172120,5166,7232400,0.000000
1055,10.550066,5924.315174142,5924.315174142,5171,7239400,0.000000
1056,10.560063,5924.325171701,5924.325171701,5176,7246400,0.000000
1057,10.570064,5924.335171787,5924.335171787,5181,7253400,0.000000
1058,10.580033,5924.345141682,5924.345141682,5186,7260400,0.000000
1059,10.590031,5924.355138767,5924.355138767,5191,7267400,0.000000
1060,10.600064,5924.365172520,5924.365172520,5195,7273000,0.000000
1061,10.610068,5924.375176043,5924.375176043,5200,7280000,0.000000
1062,10.620061,5924.385169320,5924.385169320,5205,7287000,0.000000
1063,10.630067,5924.395175193,5924.395175193,5210,7294000,0.000000
1064,10.640066,5924.405174401,5924.405174401,5215,7301000,0.000000
1065,10.650065,5924.415172985,5924.415172985,5220,7308000,0.000000
1066,10.660067,5924.425175175,5924.425175175,5225,7315000,0.000000
1067,10.670060,5924.435168248,5924.435168248,5230,7322000,0.000000
1068,10.680062,5924.445170265,5924.445170265,5235,7329000,0.000000
1069,10.690055,5924.455163002,5924.455163002,5240,7336000,0.000000
1070,10.700066,5924.465174100,5924.465174100,5244,7341600,0.000000
1071,10.710066,5924.475173877,5924.475173877,5249,7348600,0.000000
1072,10.720069,5924.485177172,5924.485177172,5254,7355600,0.000000
1073,10.730041,5924.495149538,5924.495149538,5259,7362600,0.000000
1074,10.740065,5924.505173196,5924.505173196,5264,7369600,0.000000
1075,10.750066,5924.515173864,5924.515173864,5269,7376600,0.000000
1076,10.760069,5924.525177527,5924.525177527,5274,7383600,0.000000
1077,10.770065,5924.535172908,5924.535172908,5279,7390600,0.000000
1078,10.780063,5924.545171275,5924.545171275,5284,7397600,0.000000
1079,10.790018,5924.555126087,5924.555126087,5289,7404600,0.000000
1080,10.800065,5924.565173016,5924.565173016,5293,7410200,0.000000
1081,10.810075,5924.575183304,5924.575183304,5298,7417200,0.000000
1082,10.820079,5924.585186887,5924.585186887,5303,7424200,0.000000
1083,10.830070,5924.595178435,5924.595178435,5308,7431200,0.000000
1084,10.840063,5924.605171583,5924.605171583,5313,7438200,0.000000
1085,10.850076,5924.615184089,5924.615184089,5318,7445200,0.000000
1086,10.860066,5924.625173920,5924.625173920,5323,7452200,0.000000
1087,10.870059,5924.635167025,5924.635167025,5328,7459200,0.000000
1088,10.880074,5924.645182642,5924.645182642,5333,7466200,0.000000
1089,10.890055,5924.655162753,5924.655162753,5338,7473200,0.000000
1090,10.900070,5924.665178513,5924.665178513,5342,7478800,0.000000
1091,10.910065,5924.675172943,5924.675172943,5347,7485800,0.000000
1092,10.920068,5924.685176457,5924.685176457,5352,7492800,0.000000
1093,10.930066,5924.695174441,5924.695174441,5357,7499800,0.000000
1094,10.940033,5924.705141141,5924.705141141,5362,7506800,0.000000
1095,10.950070,5924.715177785,5924.715177785,5367,7513800,0.000000
1096,10.960063,5924.725171475,5924.725171475,5372,7520800,0.000000
1097,10.970066,5924.735173997,5924.735173997,5377,7527800,0.000000
1098,10.980069,5924.745177620,5924.745177620,5382,7534800,0.000000
1099,10.990033,5924.755141536,5924.755141536,5387,7541800,0.000000
1100,11.000068,5924.765176344,5924.765176344,5391,7547400,0.000000
1101,11.010065,5924.775173225,5924.775173225,5396,7554400,0.000000
1102,11.020064,5924.785172113,5924.785172113,5401,7561400,0.000000
1103,11.030064,5924.795172221,5924.795172221,5406,7568400,0.000000
1104,11.040060,5924.805168485,5924.805168485,5411,7575400,0.000000
1105,11.050066,5924.815174156,5924.815174156,5416,7582400,0.000000
1106,11.060064,5924.825172571,5924.825172571,5421,7589400,0.000000
1107,11.070079,5924.835187125,5924.835187125,5426,7596400,0.000000
1108,11.080069,5924.845177061,5924.845177061,5431,7603400,0.000000
1109,11.090042,5924.855150066,5924.855150066,5436,7610400,0.000000
1110,11.100071,5924.865178949,5924.865178949,5441,7617400,0.000000
1111,11.110068,5924.875176692,5924.875176692,5445,7623000,0.000000
1112,11.120065,5924.885172745,5924.885172745,5450,7630000,0.000000
1113,11.130038,5924.895146111,5924.895146111,5455,7637000,0.000000
1114,11.140063,5924.905171485,5924.905171485,5460,7644000,0.000000
1115,11.150063,5924.915171416,5924.915171416,5465,7651000,0.000000
1116,11.160065,5924.925173402,5924.925173402,5470,7658000,0.000000
1117,11.170066,5924.935174187,5924.935174187,5475,7665000,0.000000
1118,11.180069,5924.945176910,5924.945176910,5480,7672000,0.000000
1119,11.190031,5924.955139591,5924.955139591,5485,7679000,0.000000
1120,11.200073,5924.965181268,5924.965181268,5490,7686000,0.000000
1121,11.210065,5924.975173131,5924.975173131,5494,7691600,0.000000
1122,11.220067,5924.985175226,5924.985175226,5499,7698600,0.000000
1123,11.230070,5924.995178153,5924.995178153,5504,7705600,0.000000
1124,11.240083,5925.005191211,5925.005191211,5509,7712600,0.000000
1125,11.250071,5925.015179020,5925.015179020,5514,7719600,0.000000
1126,11.260066,5925.025174233,5925.025174233,5519,7726600,0.000000
1127,11.270064,5925.035172243,5925.035172243,5524,7733600,0.000000
1128,11.280062,5925.045170682,5925.045170682,5529,7740600,0.000000
1129,11.290062,5925.055170436,5925.055170436,5534,7747600,0.000000
1130,11.300070,5925.065178558,5925.065178558,5539,7754600,0.000000
1131,11.310070,5925.075178716,5925.075178716,5543,7760200,0.000000
1132,11.320075,5925.085183210,5925.085183210,5548,7767200,0.000000
1133,11.330072,5925.095179835,5925.095179835,5553,7774200,0.000000
1134,11.340067,5925.105175166,5925.105175166,5558,7781200,0.000000
1135,11.350063,5925.115171592,5925.115171592,5563,7788200,0.000000
1136,11.360066,5925.125173937,5925.125173937,5568,7795200,0.000000
1137,11.370070,5925.135177906,5925.135177906,5573,7802200,0.000000
1138,11.380066,5925.145173941,5925.145173941,5578,7809200,0.000000
1139,11.390068,5925.155176714,5925.155176714,5583,7816200,0.000000
1140,11.400007,5925.165115463,5925.165115463,5588,7823200,0.000000
1141,11.410085,5925.175193307,5925.175193307,5592,7828800,0.000000
1142,11.420067,5925.185175434,5925.185175434,5597,7835800,0.000000
1143,11.430073,5925.195181113,5925.195181113,5602,7842800,0.000000
1144,11.440070,5925.205178213,5925.205178213,5607,7849800,0.000000
1145,11.450067,5925.215175473,5925.215175473,5612,7856800,0.000000
1146,11.460073,5925.225180772,5925.225180772,5617,7863800,0.000000
1147,11.470062,5925.235170716,5925.235170716,5622,7870800,0.000000
1148,11.480061,5925.245168774,5925.245168774,5627,7877800,0.000000
1149,11.490045,5925.255152787,5925.255152787,5632,7884800,0.000000
1150,11.500063,5925.265171356,5925.265171356,5637,7891800,0.000000
1151,11.510071,5925.275179507,5925.275179507,5641,7897400,0.000000
1152,11.520065,5925.285173031,5925.285173031,5646,7904400,0.000000
1153,11.530068,5925.295176343,5925.295176343,5651,7911400,0.000000
1154,11.540060,5925.305168277,5925.305168277,5656,7918400,0.000000
1155,11.550070,5925.315178438,5925.315178438,5661,7925400,0.000000
1156,11.560064,5925.325172412,5925.325172412,5666,7932400,0.000000
1157,11.570064,5925.335172582,5925.335172582,5671,7939400,0.000000
1158,11.580064,5925.345172413,5925.345172413,5676,7946400,0.000000
1159,11.590056,5925.355164401,5925.355164401,5681,7953400,0.000000
1160,11.600034,5925.365142229,5925.365142229,5686,7960400,0.000000
1161,11.610080,5925.375188223,5925.375188223,5691,7967400,0.000000
1162,11.620065,5925.385173245,5925.385173245,5695,7973000,0.000000
1163,11.630066,5925.395174557,5925.395174557,5700,7980000,0.000000
1164,11.640064,5925.405172268,5925.405172268,5705,7987000,0.000000
1165,11.650067,5925.415175055,5925.415175055,5710,7994000,0.000000
1166,11.660064,5925.425172634,5925.425172634,5715,8001000,0.000000
1167,11.670066,5925.435173896,5925.435173896,5720,8008000,0.000000
1168,11.680069,5925.445176977,5925.445176977,5725,8015000,0.000000
1169,11.690027,5925.455135214,5925.455135214,5730,8022000,0.000000
1170,11.700072,5925.465180506,5925.465180506,5735,8029000,0.000000
1171,11.710070,5925.475178690,5925.475178690,5740,8036000,0.000000
1172,11.720066,5925.485173848,5925.485173848,5744,8041600,0.000000
1173,11.730063,5925.495171594,5925.495171594,5749,8048600,0.000000
1174,11.740066,5925.505173760,5925.505173760,5754,8055600,0.000000
1175,11.750064,5925.515172544,5925.515172544,5759,8062600,0.000000
1176,11.760065,5925.525173082,5925.525173082,5764,8069600,0.000000
1177,11.770064,5925.535171967,5925.535171967,5769,8076600,0.000000
1178,11.780066,5925.545173811,5925.545173811,5774,8083600,0.000000
1179,11.790067,5925.555175555,5925.555175555,5779,8090600,0.000000
1180,11.800061,5925.565169679,5925.565169679,5784,8097600,0.000000
1181,11.810060,5925.575168504,5925.575168504,5789,8104600,0.000000
1182,11.820067,5925.585175341,5925.585175341,5793,8110200,0.000000
1183,11.830066,5925.595174217,5925.595174217,5798,8117200,0.000000
1184,11.840076,5925.605184288,5925.605184288,5803,8124200,0.000000
1185,11.850068,5925.615176175,5925.615176175,5808,8131200,0.000000
1186,11.860039,5925.625147299,5925.625147299,5813,8138200,0.000000
1187,11.870042,5925.635150684,5925.635150684,5818,8145200,0.000000
1188,11.880065,5925.645173437,5925.645173437,5823,8152200,0.000000
1189,11.890071,5925.655179380,5925.655179380,5828,8159200,0.000000
1190,11.900062,5925.665170348,5925.665170348,5833,8166200,0.000000
1191,11.910023,5925.675130744,5925.675130744,5838,8173200,0.000000
1192,11.920071,5925.685179414,5925.685179414,5842,8178800,0.000000
1193,11.930066,5925.695174629,5925.695174629,5847,8185800,0.000000
1194,11.940067,5925.705174963,5925.705174963,5852,8192800,0.000000
1195,11.950067,5925.715174825,5925.715174825,5857,8199800,0.000000
1196,11.960066,5925.725174311,5925.725174311,5862,8206800,0.000000
1197,11.970064,5925.735172381,5925.735172381,5867,8213800,0.000000
1198,11.980065,5925.745173654,5925.745173654,5872,8220800,0.000000
1199,11.990062,5925.755170126,5925.755170126,5877,8227800,0.000000
1200,12.000063,5925.765170870,5925.765170870,5882,8234800,0.000000
1201,12.010063,5925.775171275,5925.775171275,5887,8241800,0.000000
1202,12.020077,5925.785185366,5925.785185366,5891,8247400,0.000000
1203,12.030076,5925.795183936,5925.795183936,5896,8254400,0.000000
1204,12.040066,5925.805174321,5925.805174321,5901,8261400,0.000000
1205,12.050068,5925.815176697,5925.815176697,5906,8268400,0.000000
1206,12.060067,5925.825174837,5925.825174837,5911,8275400,0.000000
1207,12.070067,5925.835174880,5925.835174880,5916,8282400,0.000000
1208,12.080064,5925.845172433,5925.845172433,5921,8289400,0.000000
1209,12.090042,5925.855150433,5925.855150433,5926,8296400,0.000000
1210,12.100067,5925.865175706,5925.865175706,5931,8303400,0.000000
1211,12.110020,5925.875128625,5925.875128625,5936,8310400,0.000000
1212,12.120064,5925.885171975,5925.885171975,5940,8316000,0.000000
1213,12.130080,5925.895188463,5925.895188463,5945,8323000,0.000000
1214,12.140063,5925.905170778,5925.905170778,5950,8330000,0.000000
1215,12.150066,5925.915173888,5925.915173888,5955,8337000,0.000000
1216,12.160058,5925.925166648,5925.925166648,5960,8344000,0.000000
1217,12.170065,5925.935173192,5925.935173192,5965,8351000,0.000000
1218,12.180068,5925.945175965,5925.945175965,5970,8358000,0.000000
1219,12.190062,5925.955170056,5925.955170056,5975,8365000,0.000000
1220,12.200066,5925.965174331,5925.965174331,5980,8372000,0.000000
1221,12.210027,5925.975135216,5925.975135216,5985,8379000,0.000000
1222,12.220074,5925.985181973,5925.985181973,5990,8386000,0.000000
1223,12.230034,5925.995142368,5925.995142368,5994,8391600,0.000000
1224,12.240060,5926.005168704,5926.005168704,5999,8398600,0.000000
1225,12.250064,5926.015172599,5926.015172599,6004,8405600,0.000000
1226,12.260064,5926.025172069,5926.025172069,6009,8412600,0.000000
1227,12.270042,5926.035150165,5926.035150165,6014,8419600,0.000000
1228,12.280060,5926.045168620,5926.045168620,6019,8426600,0.000000
1229,12.290064,5926.055171983,5926.055171983,6024,8433600,0.000000
1230,12.300044,5926.065152434,5926.065152434,6029,8440600,0.000000
1231,12.310063,5926.075171205,5926.075171205,6034,8447600,0.000000
1232,12.320079,5926.085186963,5926.085186963,6039,8454600,0.000000
1233,12.330066,5926.095174228,5926.095174228,6043,8460200,0.000000
1234,12.340072,5926.105180161,5926.105180161,6048,8467200,0.000000
1235,12.350059,5926.115167659,5926.115167659,6053,8474200,0.000000
1236,12.360076,5926.125183853,5926.125183853,6058,8481200,0.000000
1237,12.370070,5926.135177833,5926.135177833,6063,8488200,0.000000
1238,12.380068,5926.145176435,5926.145176435,6068,8495200,0.000000
1239,12.390065,5926.155173302,5926.155173302,6073,8502200,0.000000
1240,12.400062,5926.165170181,5926.165170181,6078,8509200,0.000000
1241,12.410068,5926.175176257,5926.175176257,6083,8516200,0.000000
1242,12.420038,5926.185146719,5926.185146719,6088,8523200,0.000000
1243,12.430067,5926.195175327,5926.195175327,6092,8528800,0.000000
1244,12.440071,5926.205179684,5926.205179684,6097,8535800,0.000000
1245,12.450065,5926.215172970,5926.215172970,6102,8542800,0.000000
1246,12.460064,5926.225172432,5926.225172432,6107,8549800,0.000000
1247,12.470068,5926.235175837,5926.235175837,6112,8556800,0.000000
1248,12.480073,5926.245181158,5926.245181158,6117,8563800,0.000000
1249,12.490076,5926.255184554,5926.255184554,6122,8570800,0.000000
1250,12.500059,5926.265167711,5926.265167711,6127,8577800,0.000000
1251,12.510046,5926.275153922,5926.275153922,6132,8584800,0.000000
1252,12.520001,5926.285108884,5926.285108884,6137,8591800,0.000000
1253,12.530048,5926.295156313,5926.295156313,6141,8597400,0.000000
1254,12.540067,5926.305175664,5926.305175664,6146,8604400,0.000000
1255,12.550064,5926.315171876,5926.315171876,6151,8611400,0.000000
1256,12.560070,5926.325178550,5926.325178550,6156,8618400,0.000000
1257,12.570066,5926.335173742,5926.335173742,6161,8625400,0.000000
1258,12.580034,5926.345142459,5926.345142459,6166,8632400,0.000000
1259,12.590065,5926.355173247,5926.355173247,6171,8639400,0.000000
1260,12.600059,5926.365167433,5926.365167433,6176,8646400,0.000000
1261,12.610083,5926.375191087,5926.375191087,6181,8653400,0.000000
1262,12.620076,5926.385184028,5926.385184028,6186,8660400,0.000000
1263,12.630044,5926.395152364,5926.395152364,6190,8666000,0.000000
1264,12.640065,5926.405173153,5926.405173153,6195,8673000,0.000000
1265,12.650066,5926.415174333,5926.415174333,6200,8680000,0.000000
1266,12.660066,5926.425174415,5926.425174415,6205,8687000,0.000000
1267,12.670067,5926.435175457,5926.435175457,6210,8694000,0.000000
1268,12.680067,5926.445175274,5926.445175274,6215,8701000,0.000000
1269,12.690067,5926.455175317,5926.455175317,6220,8708000,0.000000
1270,12.700065,5926.465173175,5926.465173175,6225,8715000,0.000000
1271,12.710062,5926.475169822,5926.475169822,6230,8722000,0.000000
1272,12.720045,5926.485152770,5926.485152770,6235,8729000,0.000000
1273,12.730081,5926.495189582,5926.495189582,6240,8736000,0.000000
1274,12.740074,5926.505182387,5926.505182387,6244,8741600,0.000000
1275,12.750065,5926.515173436,5926.515173436,6249,8748600,0.000000
1276,12.760064,5926.525172399,5926.525172399,6254,8755600,0.000000
1277,12.770064,5926.535172275,5926.535172275,6259,8762600,0.000000
1278,12.780066,5926.545173950,5926.545173950,6264,8769600,0.000000
1279,12.790065,5926.555172775,5926.555172775,6269,8776600,0.000000
1280,12.800064,5926.565172522,5926.565172522,6274,8783600,0.000000
1281,12.810069,5926.575176829,5926.575176829,6279,8790600,0.000000
1282,12.820018,5926.585126503,5926.585126503,6284,8797600,0.000000
1283,12.830085,5926.595193648,5926.595193648,6289,8804600,0.000000
1284,12.840073,5926.605181229,5926.605181229,6293,8810200,0.000000
1285,12.850067,5926.615175418,5926.615175418,6298,8817200,0.000000
1286,12.860068,5926.625176398,5926.625176398,6303,8824200,0.000000
1287,12.870067,5926.635175205,5926.635175205,6308,8831200,0.000000
1288,12.880068,5926.645176400,5926.645176400,6313,8838200,0.000000
1289,12.890068,5926.655175833,5926.655175833,6318,8845200,0.000000
1290,12.900066,5926.665173745,5926.665173745,6323,8852200,0.000000
1291,12.910058,5926.675166538,5926.675166538,6328,8859200,0.000000
1292,12.920062,5926.685170264,5926.685170264,6333,8866200,0.000000
1293,12.930065,5926.695172975,5926.695172975,6338,8873200,0.000000
1294,12.940061,5926.705168929,5926.705168929,6342,8878800,0.000000
1295,12.950066,5926.715173868,5926.715173868,6347,8885800,0.000000
1296,12.960063,5926.725171392,5926.725171392,6352,8892800,0.000000
1297,12.970047,5926.735154992,5926.735154992,6357,8899800,0.000000
1298,12.980065,5926.745173455,5926.745173455,6362,8906800,0.000000
1299,12.990066,5926.755174151,5926.755174151,6367,8913800,0.000000
1300,13.000064,5926.765172710,5926.765172710,6372,8920800,0.000000
1301,13.010060,5926.775168110,5926.775168110,6377,8927800,0.000000
1302,13.020065,5926.785172806,5926.785172806,6382,8934800,0.000000
1303,13.030030,5926.795137951,5926.795137951,6387,8941800,0.000000
1304,13.040065,5926.805173472,5926.805173472,6391,8947400,0.000000
1305,13.050065,5926.815173417,5926.815173417,6396,8954400,0.000000
1306,13.060067,5926.825174980,5926.825174980,6401,8961400,0.000000
1307,13.070050,5926.835158438,5926.835158438,6406,8968400,0.000000
1308,13.080065,5926.845172790,5926.845172790,6411,8975400,0.000000
1309,13.090067,5926.855175420,5926.855175420,6416,8982400,0.000000
1310,13.100064,5926.865172570,5926.865172570,6421,8989400,0.000000
1311,13.110066,5926.875174323,5926.875174323,6426,8996400,0.000000
1312,13.120064,5926.885172027,5926.885172027,6431,9003400,0.000000
1313,13.130057,5926.895165414,5926.895165414,6436,9010400,0.000000
1314,13.140066,5926.905174253,5926.905174253,6440,9016000,0.000000
1315,13.150067,5926.915175517,5926.915175517,6445,9023000,0.000000
1316,13.160069,5926.925177380,5926.925177380,6450,9030000,0.000000
1317,13.170065,5926.935173444,5926.935173444,6455,9037000,0.000000
1318,13.180080,5926.945187874,5926.945187874,6460,9044000,0.000000
1319,13.190068,5926.955176581,5926.955176581,6465,9051000,0.000000
1320,13.200066,5926.965174183,5926.965174183,6470,9058000,0.000000
1321,13.210047,5926.975155636,5926.975155636,6475,9065000,0.000000
1322,13.220035,5926.985143520,5926.985143520,6480,9072000,0.000000
1323,13.230049,5926.995156802,5926.995156802,6485,9079000,0.000000
1324,13.240073,5927.005181673,5927.005181673,6489,9084600,0.002040
1325,13.250065,5927.015173517,5927.015173517,6494,9091600,0.000000
1326,13.260065,5927.025173662,5927.025173662,6499,9098600,0.000000
1327,13.270066,5927.035173738,5927.035173738,6504,9105600,0.000000
1328,13.280072,5927.045180409,5927.045180409,6509,9112600,0.000000
1329,13.290067,5927.055175461,5927.055175461,6514,9119600,0.000000
1330,13.300068,5927.065176419,5927.065176419,6519,9126600,0.000000
1331,13.310065,5927.075173560,5927.075173560,6524,9133600,0.000000
1332,13.320069,5927.085177434,5927.085177434,6529,9140600,0.000000
1333,13.330025,5927.095133035,5927.095133035,6534,9147600,0.000000
1334,13.340090,5927.105198565,5927.105198565,6539,9154600,0.000000
1335,13.350099,5927.115206753,5927.115206753,6543,9160200,0.000000
1336,13.360066,5927.125174317,5927.125174317,6548,9167200,0.000000
1337,13.370067,5927.135175376,5927.135175376,6553,9174200,0.000000
1338,13.380072,5927.145180524,5927.145180524,6558,9181200,0.000000
1339,13.390065,5927.155172973,5927.155172973,6563,9188200,0.000000
1340,13.400063,5927.165171505,5927.165171505,6568,9195200,0.000000
1341,13.410068,5927.175176634,5927.175176634,6573,9202200,0.000000
1342,13.420062,5927.185169936,5927.185169936,6578,9209200,0.000000
1343,13.430070,5927.195178256,5927.195178256,6583,9216200,0.000000
1344,13.440074,5927.205182161,5927.205182161,6588,9223200,0.000000
1345,13.450064,5927.215172497,5927.215172497,6592,9228800,0.000000
1346,13.460059,5927.225167605,5927.225167605,6597,9235800,0.000000
1347,13.470072,5927.235180606,5927.235180606,6602,9242800,0.000000
1348,13.480067,5927.245175370,5927.245175370,6607,9249800,0.000000
1349,13.490066,5927.255174590,5927.255174590,6612,9256800,0.000000
1350,13.500064,5927.265172274,5927.265172274,6617,9263800,0.000000
1351,13.510066,5927.275174004,5927.275174004,6622,9270800,0.000000
1352,13.520060,5927.285167959,5927.285167959,6627,9277800,0.000000
1353,13.530078,5927.295185917,5927.295185917,6632,9284800,0.000000
1354,13.540037,5927.305145206,5927.305145206,6637,9291800,0.000000
1355,13.550061,5927.315169662,5927.315169662,6641,9297400,0.000000
1356,13.560059,5927.325167287,5927.325167287,6646,9304400,0.000000
1357,13.570065,5927.335172989,5927.335172989,6651,9311400,0.000000
1358,13.580064,5927.345172499,5927.345172499,6656,9318400,0.000000
1359,13.590105,5927.355213708,5927.355213708,6661,9325400,0.000000
1360,13.600070,5927.365178142,5927.365178142,6666,9332400,0.000000
1361,13.610022,5927.375130510,5927.375130510,6671,9339400,0.000000
1362,13.620060,5927.385168526,5927.385168526,6676,9346400,0.000000
1363,13.630050,5927.395158157,5927.395158157,6681,9353400,0.000000
1364,13.640010,5927.405118337,5927.405118337,6686,9360400,0.000000
1365,13.650066,5927.415173795,5927.415173795,6690,9366000,0.000000
1366,13.660067,5927.425174745,5927.425174745,6695,9373000,0.000000
1367,13.670066,5927.435173984,5927.435173984,6700,9380000,0.000000
1368,13.680062,5927.445170522,5927.445170522,6705,9387000,0.000000
1369,13.690067,5927.455175267,5927.455175267,6710,9394000,0.000000
1370,13.700067,5927.465174799,5927.465174799,6715,9401000,0.000000
1371,13.710065,5927.475172815,5927.475172815,6720,9408000,0.000000
1372,13.720064,5927.485172577,5927.485172577,6725,9415000,0.000000
1373,13.730068,5927.495176508,5927.495176508,6730,9422000,0.000000
1374,13.740040,5927.505147941,5927.505147941,6735,9429000,0.000000
1375,13.750060,5927.515168452,5927.515168452,6739,9434600,0.000000
1376,13.760067,5927.525175662,5927.525175662,6744,9441600,0.000000
1377,13.770046,5927.535154219,5927.535154219,6749,9448600,0.000000
1378,13.780064,5927.545172555,5927.545172555,6754,9455600,0.000000
1379,13.790064,5927.555171939,5927.555171939,6759,9462600,0.000000
1380,13.800074,5927.565181897,5927.565181897,6764,9469600,0.000000
1381,13.810064,5927.575172495,5927.575172495,6769,9476600,0.000000
1382,13.820064,5927.585172388,5927.585172388,6774,9483600,0.000000
1383,13.830061,5927.595169270,5927.595169270,6779,9490600,0.000000
1384,13.840045,5927.605152775,5927.605152775,6784,9497600,0.000000
1385,13.850026,5927.615133764,5927.615133764,6788,9503200,0.000000
1386,13.860067,5927.625175599,5927.625175599,6793,9510200,0.000000
1387,13.870066,5927.635174312,5927.635174312,6798,9517200,0.000000
1388,13.880066,5927.645174253,5927.645174253,6803,9524200,0.000000
1389,13.890065,5927.655173406,5927.655173406,6808,9531200,0.000000
1390,13.900063,5927.665171572,5927.665171572,6813,9538200,0.000000
1391,13.910057,5927.675164915,5927.675164915,6818,9545200,0.000000
1392,13.920066,5927.685173771,5927.685173771,6823,9552200,0.000000
1393,13.930072,5927.695179903,5927.695179903,6828,9559200,0.000000
1394,13.940017,5927.705125239,5927.705125239,6833,9566200,0.000000
1395,13.950087,5927.715195354,5927.715195354,6838,9573200,0.000000
1396,13.960066,5927.725174599,5927.725174599,6842,9578800,0.000000
1397,13.970068,5927.735176339,5927.735176339,6847,9585800,0.000000
1398,13.980067,5927.745175634,5927.745175634,6852,9592800,0.000000
1399,13.990066,5927.755174040,5927.755174040,6857,9599800,0.000000
1400,14.000074,5927.765182021,5927.765182021,6862,9606800,0.000000
1401,14.010065,5927.775172781,5927.775172781,6867,9613800,0.000000
1402,14.020061,5927.785169492,5927.785169492,6872,9620800,0.000000
1403,14.030059,5927.795166802,5927.795166802,6877,9627800,0.000000
1404,14.040028,5927.805136053,5927.805136053,6882,9634800,0.000000
1405,14.050054,5927.815162373,5927.815162373,6887,9641800,0.000000
1406,14.060067,5927.825174860,5927.825174860,6891,9647400,0.000000
1407,14.070068,5927.835176123,5927.835176123,6896,9654400,0.000000
1408,14.080060,5927.845168475,5927.845168475,6901,9661400,0.000000
1409,14.090068,5927.855175762,5927.855175762,6906,9668400,0.000000
1410,14.100061,5927.865169680,5927.865169680,6911,9675400,0.000000
1411,14.110061,5927.875169509,5927.875169509,6916,9682400,0.000000
1412,14.120045,5927.885153063,5927.885153063,6921,9689400,0.000000
1413,14.130078,5927.895186122,5927.895186122,6926,9696400,0.000000
1414,14.140068,5927.905176347,5927.905176347,6931,9703400,0.000000
1415,14.150017,5927.915125328,5927.915125328,6936,9710400,0.000000
1416,14.160072,5927.925180261,5927.925180261,6940,9716000,0.000000
1417,14.170065,5927.935173556,5927.935173556,6945,9723000,0.000000
1418,14.180065,5927.945172849,5927.945172849,6950,9730000,0.000000
1419,14.190044,5927.955151844,5927.955151844,6955,9737000,0.000000
1420,14.200062,5927.965169929,5927.965169929,6960,9744000,0.000000
1421,14.210067,5927.975175608,5927.975175608,6965,9751000,0.000000
1422,14.220062,5927.985170478,5927.985170478,6970,9758000,0.000000
1423,14.230063,5927.995170873,5927.995170873,6975,9765000,0.000000
1424,14.240075,5928.005183567,5928.005183567,6980,9772000,0.000000
1425,14.250061,5928.015169076,5928.015169076,6985,9779000,0.000000
1426,14.260073,5928.025180822,5928.025180822,6989,9784600,0.000000
1427,14.270071,5928.035179007,5928.035179007,6994,9791600,0.000000
1428,14.280074,5928.045182279,5928.045182279,6999,9798600,0.000000
1429,14.290061,5928.055169168,5928.055169168,7004,9805600,0.000000
1430,14.300069,5928.065177327,5928.065177327,7009,9812600,0.000000
1431,14.310070,5928.075178051,5928.075178051,7014,9819600,0.000000
1432,14.320068,5928.085175756,5928.085175756,7019,9826600,0.000000
1433,14.330054,5928.095162357,5928.095162357,7024,9833600,0.000000
1434,14.340067,5928.105175105,5928.105175105,7029,9840600,0.000000
1435,14.350071,5928.115179623,5928.115179623,7034,9847600,0.000000
1436,14.360068,5928.125175969,5928.125175969,7038,9853200,0.000000
1437,14.370063,5928.135171318,5928.135171318,7043,9860200,0.000000
1438,14.380069,5928.145177316,5928.145177316,7048,9867200,0.000000
1439,14.390066,5928.155174292,5928.155174292,7053,9874200,0.000000
1440,14.400031,5928.165139124,5928.165139124,7058,9881200,0.000000
1441,14.410065,5928.175173209,5928.175173209,7063,9888200,0.000000
1442,14.420065,5928.185173001,5928.185173001,7068,9895200,0.000000
1443,14.430067,5928.195175649,5928.195175649,7073,9902200,0.000000
1444,14.440079,5928.205186751,5928.205186751,7078,9909200,0.000000
1445,14.450068,5928.215175835,5928.215175835,7083,9916200,0.000000
1446,14.460085,5928.225192885,5928.225192885,7088,9923200,0.000000
1447,14.470067,5928.235174759,5928.235174759,7092,9928800,0.000000
1448,14.480072,5928.245180542,5928.245180542,7097,9935800,0.000000
1449,14.490074,5928.255182008,5928.255182008,7102,9942800,0.000000
1450,14.500067,5928.265175258,5928.265175258,7107,9949800,0.000000
1451,14.510079,5928.275187235,5928.275187235,7112,9956800,0.000000
1452,14.520072,5928.285180227,5928.285180227,7117,9963800,0.000000
1453,14.530060,5928.295168482,5928.295168482,7122,9970800,0.000000
1454,14.540089,5928.305196970,5928.305196970,7127,9977800,0.000000
1455,14.550068,5928.315176227,5928.315176227,7132,9984800,0.000000
1456,14.560078,5928.325186360,5928.325186360,7137,9991800,0.000000
1457,14.570067,5928.335174948,5928.335174948,7141,9997400,0.000000
1458,14.580067,5928.345174800,5928.345174800,7146,10004400,0.000000
1459,14.590064,5928.355172600,5928.355172600,7151,10011400,0.000000
1460,14.600067,5928.365174902,5928.365174902,7156,10018400,0.000000
1461,14.610069,5928.375176744,5928.375176744,7161,10025400,0.000000
1462,14.620064,5928.385172491,5928.385172491,7166,10032400,0.000000
1463,14.630068,5928.395176295,5928.395176295,7171,10039400,0.000000
1464,14.640067,5928.405174850,5928.405174850,7176,10046400,0.000000
1465,14.650063,5928.415171613,5928.415171613,7181,10053400,0.000000
1466,14.660045,5928.425153173,5928.425153173,7186,10060400,0.000000
1467,14.670027,5928.435135042,5928.435135042,7190,10066000,0.000000
1468,14.680076,5928.445183833,5928.445183833,7195,10073000,0.000000
1469,14.690015,5928.455123483,5928.455123483,7200,10080000,0.000000
1470,14.700077,5928.465184883,5928.465184883,7205,10087000,0.000000
1471,14.710066,5928.475174283,5928.475174283,7210,10094000,0.000000
1472,14.720067,5928.485175017,5928.485175017,7215,10101000,0.000000
1473,14.730061,5928.495169594,5928.495169594,7220,10108000,0.000000
1474,14.740064,5928.505172015,5928.505172015,7225,10115000,0.000000
1475,14.750058,5928.515166575,5928.515166575,7230,10122000,0.000000
1476,14.760005,5928.525112746,5928.525112746,7235,10129000,0.000000
1477,14.770072,5928.535179797,5928.535179797,7239,10134600,0.000000
1478,14.780066,5928.545174143,5928.545174143,7244,10141600,0.000000
1479,14.790069,5928.555176772,5928.555176772,7249,10148600,0.000000
1480,14.800077,5928.565184876,5928.565184876,7254,10155600,0.000000
1481,14.810072,5928.575180516,5928.575180516,7259,10162600,0.000000
1482,14.820029,5928.585137154,5928.585137154,7264,10169600,0.000000
1483,14.830063,5928.595171692,5928.595171692,7269,10176600,0.000000
1484,14.840068,5928.605176385,5928.605176385,7274,10183600,0.000000
1485,14.850070,5928.615177836,5928.615177836,7279,10190600,0.000000
1486,14.860058,5928.625165926,5928.625165926,7284,10197600,0.000000
1487,14.870066,5928.635174723,5928.635174723,7288,10203200,0.000000
1488,14.880064,5928.645171913,5928.645171913,7293,10210200,0.000000
1489,14.890069,5928.655177631,5928.655177631,7298,10217200,0.000000
1490,14.900068,5928.665176569,5928.665176569,7303,10224200,0.000000
1491,14.910067,5928.675175041,5928.675175041,7308,10231200,0.000000
1492,14.920065,5928.685173235,5928.685173235,7313,10238200,0.000000
1493,14.930076,5928.695184320,5928.695184320,7318,10245200,0.000000
1494,14.940066,5928.705174076,5928.705174076,7323,10252200,0.000000
1495,14.950070,5928.715178033,5928.715178033,7328,10259200,0.000000
1496,14.960064,5928.725172067,5928.725172067,7333,10266200,0.000000
1497,14.970085,5928.735193082,5928.735193082,7338,10273200,0.000000
1498,14.980067,5928.745174779,5928.745174779,7342,10278800,0.000000
1499,14.990065,5928.755173483,5928.755173483,7347,10285800,0.000000
1500,15.000071,5928.765179080,5928.765179080,7352,10292800,0.000000
1501,15.010064,5928.775172501,5928.775172501,7357,10299800,0.000000
1502,15.020067,5928.785174889,5928.785174889,7362,10306800,0.000000
1503,15.030066,5928.795174307,5928.795174307,7367,10313800,0.000000
1504,15.040065,5928.805173279,5928.805173279,7372,10320800,0.000000
1505,15.050064,5928.815171878,5928.815171878,7377,10327800,0.000000
1506,15.060070,5928.825177875,5928.825177875,7382,10334800,0.000000
1507,15.070072,5928.835180197,5928.835180197,7387,10341800,0.000000
1508,15.080020,5928.845128207,5928.845128207,7391,10347400,0.000000
1509,15.090064,5928.855171784,5928.855171784,7396,10354400,0.000000
1510,15.100067,5928.865175042,5928.865175042,7401,10361400,0.000000
1511,15.110068,5928.875176320,5928.875176320,7406,10368400,0.000000
1512,15.120065,5928.885172983,5928.885172983,7411,10375400,0.000000
1513,15.130065,5928.895173353,5928.895173353,7416,10382400,0.000000
1514,15.140027,5928.905135652,5928.905135652,7421,10389400,0.000000
1515,15.150071,5928.915179721,5928.915179721,7426,10396400,0.000000
1516,15.160070,5928.925178092,5928.925178092,7431,10403400,0.000000
1517,15.170060,5928.935167926,5928.935167926,7436,10410400,0.000000
1518,15.180075,5928.945182960,5928.945182960,7440,10416000,0.000000
1519,15.190066,5928.955174667,5928.955174667,7445,10423000,0.000000
1520,15.200071,5928.965179569,5928.965179569,7450,10430000,0.000000
1521,15.210056,5928.975164377,5928.975164377,7455,10437000,0.000000
1522,15.220067,5928.985175523,5928.985175523,7460,10444000,0.000000
1523,15.230066,5928.995173924,5928.995173924,7465,10451000,0.000000
1524,15.240066,5929.005174413,5929.005174413,7470,10458000,0.000000
1525,15.250061,5929.015169639,5929.015169639,7475,10465000,0.000000
1526,15.260066,5929.025174149,5929.025174149,7480,10472000,0.000000
1527,15.270020,5929.035128390,5929.035128390,7485,10479000,0.000000
1528,15.280117,5929.045225007,5929.045225007,7489,10484600,0.000000
1529,15.290076,5929.055184401,5929.055184401,7494,10491600,0.000000
1530,15.300067,5929.065175461,5929.065175461,7499,10498600,0.000000
1531,15.310078,5929.075186110,5929.075186110,7504,10505600,0.000000
1532,15.320070,5929.085178003,5929.085178003,7509,10512600,0.000000
1533,15.330069,5929.095177002,5929.095177002,7514,10519600,0.000000
1534,15.340069,5929.105177262,5929.105177262,7519,10526600,0.000000
1535,15.350067,5929.115174884,5929.115174884,7524,10533600,0.000000
1536,15.360064,5929.125172330,5929.125172330,7529,10540600,0.000000
1537,15.370060,5929.135167827,5929.135167827,7534,10547600,0.000000
1538,15.380073,5929.145181299,5929.145181299,7538,10553200,0.000000
1539,15.390068,5929.155175799,5929.155175799,7543,10560200,0.000000
1540,15.400067,5929.165174859,5929.165174859,7548,10567200,0.000000
1541,15.410067,5929.175175168,5929.175175168,7553,10574200,0.000000
1542,15.420070,5929.185177829,5929.185177829,7558,10581200,0.000000
1543,15.430067,5929.195174773,5929.195174773,7563,10588200,0.000000
1544,15.440065,5929.205173307,5929.205173307,7568,10595200,0.000000
1545,15.450065,5929.215173251,5929.215173251,7573,10602200,0.000000
1546,15.460070,5929.225178571,5929.225178571,7578,10609200,0.000000
1547,15.470037,5929.235144728,5929.235144728,7583,10616200,0.000000
1548,15.480064,5929.245172652,5929.245172652,7587,10621800,0.000000
1549,15.490025,5929.255133159,5929.255133159,7592,10628800,0.000000
1550,15.500023,5929.265131522,5929.265131522,7597,10635800,0.000000
1551,15.510063,5929.275171480,5929.275171480,7602,10642800,0.000000
1552,15.520070,5929.285178008,5929.285178008,7607,10649800,0.000000
1553,15.530064,5929.295171911,5929.295171911,7612,10656800,0.000000
1554,15.540065,5929.305173517,5929.305173517,7617,10663800,0.000000
1555,15.550063,5929.315171444,5929.315171444,7622,10670800,0.000000
1556,15.560066,5929.325173883,5929.325173883,7627,10677800,0.000000
1557,15.570030,5929.335138687,5929.335138687,7632,10684800,0.000000
1558,15.580078,5929.345186267,5929.345186267,7637,10691800,0.000000
1559,15.590067,5929.355175658,5929.355175658,7641,10697400,0.000000
1560,15.600067,5929.365175374,5929.365175374,7646,10704400,0.000000
1561,15.610073,5929.375181594,5929.375181594,7651,10711400,0.000000
1562,15.620068,5929.385175833,5929.385175833,7656,10718400,0.000000
1563,15.630067,5929.395174904,5929.395174904,7661,10725400,0.000000
1564,15.640065,5929.405172879,5929.405172879,7666,10732400,0.000000
1565,15.650067,5929.415175246,5929.415175246,7671,10739400,0.000000
1566,15.660070,5929.425177952,5929.425177952,7676,10746400,0.000000
1567,15.670070,5929.435178345,5929.435178345,7681,10753400,0.000000
1568,15.680077,5929.445185049,5929.445185049,7686,10760400,0.000000
1569,15.690067,5929.455175660,5929.455175660,7690,10766000,0.000000
1570,15.700066,5929.465174036,5929.465174036,7695,10773000,0.000000
1571,15.710061,5929.475168739,5929.475168739,7700,10780000,0.000000
1572,15.720067,5929.485174802,5929.485174802,7705,10787000,0.000000
1573,15.730073,5929.495180747,5929.495180747,7710,10794000,0.000000
1574,15.740068,5929.505176049,5929.505176049,7715,10801000,0.000000
1575,15.750063,5929.515171690,5929.515171690,7720,10808000,0.000000
1576,15.760067,5929.525175525,5929.525175525,7725,10815000,0.000000
1577,15.770039,5929.535147498,5929.535147498,7730,10822000,0.000000
1578,15.780036,5929.545144719,5929.545144719,7735,10829000,0.000000
1579,15.790068,5929.555176247,5929.555176247,7739,10834600,0.000000
1580,15.800065,5929.565173561,5929.565173561,7744,10841600,0.000000
1581,15.810061,5929.575168864,5929.575168864,7749,10848600,0.000000
1582,15.820068,5929.585176520,5929.585176520,7754,10855600,0.000000
1583,15.830065,5929.595173120,5929.595173120,7759,10862600,0.000000
1584,15.840070,5929.605177974,5929.605177974,7764,10869600,0.000000
1585,15.850062,5929.615170190,5929.615170190,7769,10876600,0.000000
1586,15.860067,5929.625175688,5929.625175688,7774,10883600,0.000000
1587,15.870066,5929.635174562,5929.635174562,7779,10890600,0.000000
1588,15.880005,5929.645113196,5929.645113196,7784,10897600,0.000000
1589,15.890068,5929.655176328,5929.655176328,7788,10903200,0.000000
1590,15.900068,5929.665176671,5929.665176671,7793,10910200,0.000000
1591,15.910071,5929.675179155,5929.675179155,7798,10917200,0.000000
1592,15.920067,5929.685174903,5929.685174903,7803,10924200,0.000000
1593,15.930063,5929.695171472,5929.695171472,7808,10931200,0.000000
1594,15.940066,5929.705174374,5929.705174374,7813,10938200,0.000000
1595,15.950066,5929.715174170,5929.715174170,7818,10945200,0.000000
1596,15.960062,5929.725169907,5929.725169907,7823,10952200,0.000000
1597,15.970082,5929.735190494,5929.735190494,7828,10959200,0.000000
1598,15.980067,5929.745175500,5929.745175500,7833,10966200,0.000000
1599,15.990040,5929.755148070,5929.755148070,7837,10971800,0.000000
1600,16.000066,5929.765174064,5929.765174064,7842,10978800,0.000000
1601,16.010083,5929.775191375,5929.775191375,7847,10985800,0.000000
1602,16.020064,5929.785172186,5929.785172186,7852,10992800,0.000000
1603,16.030068,5929.795175758,5929.795175758,7857,10999800,0.000000
1604,16.040064,5929.805172605,5929.805172605,7862,11006800,0.000000
1605,16.050064,5929.815171852,5929.815171852,7867,11013800,0.000000
1606,16.060030,5929.825137763,5929.825137763,7872,11020800,0.000000
1607,16.070064,5929.835172071,5929.835172071,7877,11027800,0.000000
1608,16.080052,5929.845160295,5929.845160295,7882,11034800,0.000000
1609,16.090081,5929.855189210,5929.855189210,7887,11041800,0.000000
1610,16.100070,5929.865178100,5929.865178100,7891,11047400,0.000000
1611,16.110067,5929.875174976,5929.875174976,7896,11054400,0.000000
1612,16.120068,5929.885176200,5929.885176200,7901,11061400,0.000000
1613,16.130077,5929.895185155,5929.895185155,7906,11068400,0.000000
1614,16.140065,5929.905172999,5929.905172999,7911,11075400,0.000000
1615,16.150068,5929.915176193,5929.915176193,7916,11082400,0.000000
1616,16.160064,5929.925171995,5929.925171995,7921,11089400,0.000000
1617,16.170066,5929.935174055,5929.935174055,7926,11096400,0.000000
1618,16.180020,5929.945128192,5929.945128192,7931,11103400,0.000000
1619,16.190036,5929.955144670,5929.955144670,7936,11110400,0.000000
1620,16.200070,5929.965178031,5929.965178031,7940,11116000,0.000000
1621,16.210068,5929.975176472,5929.975176472,7945,11123000,0.000000
1622,16.220068,5929.985175989,5929.985175989,7950,11130000,0.000000
1623,16.230065,5929.995172848,5929.995172848,7955,11137000,0.000000
1624,16.240064,5930.005172399,5930.005172399,7960,11144000,0.000000
1625,16.250061,5930.015168777,5930.015168777,7965,11151000,0.000000
1626,16.260059,5930.025167009,5930.025167009,7970,11158000,0.000000
1627,16.270070,5930.035178185,5930.035178185,7975,11165000,0.000000
1628,16.280069,5930.045177442,5930.045177442,7980,11172000,0.000000
1629,16.290063,5930.055171432,5930.055171432,7985,11179000,0.000000
1630,16.300071,5930.065179655,5930.065179655,7989,11184600,0.000000
1631,16.310067,5930.075174817,5930.075174817,7994,11191600,0.000000
1632,16.320069,5930.085177135,5930.085177135,7999,11198600,0.000000
1633,16.330063,5930.095171693,5930.095171693,8004,11205600,0.000000
1634,16.340069,5930.105176964,5930.105176964,8009,11212600,0.000000
1635,16.350068,5930.115176610,5930.115176610,8014,11219600,0.000000
1636,16.360055,5930.125163529,5930.125163529,8019,11226600,0.000000
1637,16.370060,5930.135167897,5930.135167897,8024,11233600,0.000000
1638,16.380064,5930.145172509,5930.145172509,8029,11240600,0.000000
1639,16.390020,5930.155128605,5930.155128605,8034,11247600,0.000000
1640,16.400067,5930.165175318,5930.165175318,8038,11253200,0.000000
1641,16.410065,5930.175173359,5930.175173359,8043,11260200,0.000000
1642,16.420075,5930.185183264,5930.185183264,8048,11267200,0.000000
1643,16.430071,5930.195178924,5930.195178924,8053,11274200,0.000000
1644,16.440070,5930.205178142,5930.205178142,8058,11281200,0.000000
1645,16.450063,5930.215171073,5930.215171073,8063,11288200,0.000000
1646,16.460075,5930.225182836,5930.225182836,8068,11295200,0.000000
1647,16.470068,5930.235175775,5930.235175775,8073,11302200,0.000000
1648,16.480065,5930.245173063,5930.245173063,8078,11309200,0.000000
1649,16.490063,5930.255170832,5930.255170832,8083,11316200,0.000000
1650,16.500048,5930.265156605,5930.265156605,8087,11321800,0.000000
1651,16.510066,5930.275174409,5930.275174409,8092,11328800,0.000000
1652,16.520069,5930.285176890,5930.285176890,8097,11335800,0.000000
1653,16.530067,5930.295174908,5930.295174908,8102,11342800,0.000000
1654,16.540063,5930.305171318,5930.305171318,8107,11349800,0.000000
1655,16.550067,5930.315174997,5930.315174997,8112,11356800,0.000000
1656,16.560067,5930.325175355,5930.325175355,8117,11363800,0.000000
1657,16.570043,5930.335151272,5930.335151272,8122,11370800,0.000000
1658,16.580070,5930.345177914,5930.345177914,8127,11377800,0.000000
1659,16.590076,5930.355184400,5930.355184400,8132,11384800,0.000000
1660,16.600065,5930.365173172,5930.365173172,8136,11390400,0.000000
1661,16.610069,5930.375177049,5930.375177049,8141,11397400,0.000000
1662,16.620065,5930.385173457,5930.385173457,8146,11404400,0.000000
1663,16.630076,5930.395184373,5930.395184373,8151,11411400,0.000000
1664,16.640082,5930.405190326,5930.405190326,8156,11418400,0.000000
1665,16.650078,5930.415185724,5930.415185724,8161,11425400,0.000000
1666,16.660069,5930.425177216,5930.425177216,8166,11432400,0.000000
1667,16.670067,5930.435175026,5930.435175026,8171,11439400,0.000000
1668,16.680066,5930.445174190,5930.445174190,8176,11446400,0.000000
1669,16.690066,5930.455173793,5930.455173793,8181,11453400,0.000000
1670,16.700094,5930.465201828,5930.465201828,8186,11460400,0.000000
1671,16.710070,5930.475177762,5930.475177762,8190,11466000,0.000000
1672,16.720065,5930.485172831,5930.485172831,8195,11473000,0.000000
1673,16.730062,5930.495169737,5930.495169737,8200,11480000,0.000000
1674,16.740066,5930.505174273,5930.505174273,8205,11487000,0.000000
1675,16.750065,5930.515173215,5930.515173215,8210,11494000,0.000000
1676,16.760060,5930.525167746,5930.525167746,8215,11501000,0.000000
1677,16.770066,5930.535174705,5930.535174705,8220,11508000,0.000000
1678,16.780041,5930.545149242,5930.545149242,8225,11515000,0.000000
1679,16.790068,5930.555175996,5930.555175996,8230,11522000,0.000000
1680,16.800074,5930.565182040,5930.565182040,8235,11529000,0.000000
1681,16.810066,5930.575174573,5930.575174573,8239,11534600,0.000000
1682,16.820067,5930.585174978,5930.585174978,8244,11541600,0.000000
1683,16.830070,5930.595178426,5930.595178426,8249,11548600,0.000000
1684,16.840072,5930.605180678,5930.605180678,8254,11555600,0.000000
1685,16.850067,5930.615175029,5930.615175029,8259,11562600,0.000000
1686,16.860068,5930.625176088,5930.625176088,8264,11569600,0.000000
1687,16.870068,5930.635175960,5930.635175960,8269,11576600,0.000000
1688,16.880067,5930.645175696,5930.645175696,8274,11583600,0.000000
1689,16.890066,5930.655174424,5930.655174424,8279,11590600,0.000000
1690,16.900058,5930.665166145,5930.665166145,8284,11597600,0.000000
1691,16.910075,5930.675182878,5930.675182878,8288,11603200,0.000000
1692,16.920063,5930.685170780,5930.685170780,8293,11610200,0.000000
1693,16.930070,5930.695178296,5930.695178296,8298,11617200,0.000000
1694,16.940061,5930.705169458,5930.705169458,8303,11624200,0.000000
1695,16.950066,5930.715174405,5930.715174405,8308,11631200,0.000000
1696,16.960065,5930.725173532,5930.725173532,8313,11638200,0.000000
1697,16.970065,5930.735173447,5930.735173447,8318,11645200,0.000000
1698,16.980066,5930.745173885,5930.745173885,8323,11652200,0.000000
1699,16.990066,5930.755173883,5930.755173883,8328,11659200,0.000000
1700,17.000002,5930.765110659,5930.765110659,8333,11666200,0.000000
1701,17.010076,5930.775184305,5930.775184305,8337,11671800,0.000000
1702,17.020070,5930.785177962,5930.785177962,8342,11678800,0.000000
1703,17.030076,5930.795183739,5930.795183739,8347,11685800,0.000000
1704,17.040077,5930.805185701,5930.805185701,8352,11692800,0.000000
1705,17.050073,5930.815181010,5930.815181010,8357,11699800,0.000000
1706,17.060079,5930.825186850,5930.825186850,8362,11706800,0.000000
1707,17.070071,5930.835178929,5930.835178929,8367,11713800,0.000000
1708,17.080068,5930.845175941,5930.845175941,8372,11720800,0.000000
1709,17.090065,5930.855173220,5930.855173220,8377,11727800,0.000000
1710,17.100041,5930.865148961,5930.865148961,8382,11734800,0.000000
1711,17.110053,5930.875161310,5930.875161310,8386,11740400,0.000000
1712,17.120067,5930.885175646,5930.885175646,8391,11747400,0.000000
1713,17.130097,5930.895205439,5930.895205439,8396,11754400,0.000000
1714,17.140069,5930.905177106,5930.905177106,8401,11761400,0.000000
1715,17.150064,5930.915172403,5930.915172403,8406,11768400,0.000000
1716,17.160065,5930.925173448,5930.925173448,8411,11775400,0.000000
1717,17.170060,5930.935168668,5930.935168668,8416,11782400,0.000000
1718,17.180065,5930.945173460,5930.945173460,8421,11789400,0.000000
1719,17.190086,5930.955194664,5930.955194664,8426,11796400,0.000000
1720,17.200040,5930.965148452,5930.965148452,8431,11803400,0.000000
1721,17.210044,5930.975151950,5930.975151950,8435,11809000,0.000000
1722,17.220065,5930.985172875,5930.985172875,8440,11816000,0.000000
1723,17.230068,5930.995176501,5930.995176501,8445,11823000,0.000000
1724,17.240069,5931.005177115,5931.005177115,8450,11830000,0.000000
1725,17.250067,5931.015175542,5931.015175542,8455,11837000,0.000000
1726,17.260072,5931.025179946,5931.025179946,8460,11844000,0.000000
1727,17.270064,5931.035172720,5931.035172720,8465,11851000,0.000000
1728,17.280063,5931.045171007,5931.045171007,8470,11858000,0.000000
1729,17.290059,5931.055167168,5931.055167168,8475,11865000,0.000000
1730,17.300059,5931.065166881,5931.065166881,8480,11872000,0.000000
1731,17.310078,5931.075185788,5931.075185788,8485,11879000,0.000000
1732,17.320067,5931.085175515,5931.085175515,8489,11884600,0.000000
1733,17.330071,5931.095179136,5931.095179136,8494,11891600,0.000000
1734,17.340071,5931.105179691,5931.105179691,8499,11898600,0.000000
1735,17.350063,5931.115171373,5931.115171373,8504,11905600,0.000000
1736,17.360064,5931.125172036,5931.125172036,8509,11912600,0.000000
1737,17.370064,5931.135172561,5931.135172561,8514,11919600,0.000000
1738,17.380028,5931.145136482,5931.145136482,8519,11926600,0.000000
1739,17.390066,5931.155174620,5931.155174620,8524,11933600,0.000000
1740,17.400065,5931.165173361,5931.165173361,8529,11940600,0.000000
1741,17.410063,5931.175171648,5931.175171648,8534,11947600,0.000000
1742,17.420067,5931.185175108,5931.185175108,8538,11953200,0.000000
1743,17.430068,5931.195176210,5931.195176210,8543,11960200,0.000000
1744,17.440060,5931.205168345,5931.205168345,8548,11967200,0.000000
1745,17.450064,5931.215172063,5931.215172063,8553,11974200,0.000000
1746,17.460088,5931.225195934,5931.225195934,8558,11981200,0.000000
1747,17.470079,5931.235187132,5931.235187132,8563,11988200,0.000000
1748,17.480060,5931.245168233,5931.245168233,8568,11995200,0.000000
1749,17.490063,5931.255171592,5931.255171592,8573,12002200,0.000000
1750,17.500064,5931.265172159,5931.265172159,8578,12009200,0.000000
1751,17.510020,5931.275128623,5931.275128623,8583,12016200,0.000000
1752,17.520083,5931.285191709,5931.285191709,8587,12021800,0.000000
1753,17.530060,5931.295168589,5931.295168589,8592,12028800,0.000000
1754,17.540064,5931.305172561,5931.305172561,8597,12035800,0.000000
1755,17.550062,5931.315170661,5931.315170661,8602,12042800,0.000000
1756,17.560059,5931.325167516,5931.325167516,8607,12049800,0.000000
1757,17.570023,5931.335131267,5931.335131267,8612,12056800,0.000000
1758,17.580060,5931.345168479,5931.345168479,8617,12063800,0.000000
1759,17.590060,5931.355168050,5931.355168050,8622,12070800,0.000000
1760,17.600065,5931.365172892,5931.365172892,8627,12077800,0.000000
1761,17.610066,5931.375174055,5931.375174055,8632,12084800,0.000000
1762,17.620063,5931.385171622,5931.385171622,8636,12090400,0.000000
1763,17.630064,5931.395172062,5931.395172062,8641,12097400,0.000000
1764,17.640067,5931.405174796,5931.405174796,8646,12104400,0.000000
1765,17.650062,5931.415169882,5931.415169882,8651,12111400,0.000000
1766,17.660030,5931.425138401,5931.425138401,8656,12118400,0.000000
1767,17.670045,5931.435153012,5931.435153012,8661,12125400,0.000000
1768,17.680069,5931.445176987,5931.445176987,8666,12132400,0.000000
1769,17.690059,5931.455167456,5931.455167456,8671,12139400,0.000000
1770,17.700064,5931.465172300,5931.465172300,8676,12146400,0.000000
1771,17.710029,5931.475137196,5931.475137196,8681,12153400,0.000000
1772,17.720061,5931.485169080,5931.485169080,8685,12159000,0.000000
1773,17.730065,5931.495172771,5931.495172771,8690,12166000,0.000000
1774,17.740077,5931.505184813,5931.505184813,8695,12173000,0.000000
1775,17.750081,5931.515189073,5931.515189073,8700,12180000,0.000000
1776,17.760069,5931.525177434,5931.525177434,8705,12187000,0.000000
1777,17.770066,5931.535174574,5931.535174574,8710,12194000,0.000000
1778,17.780070,5931.545177755,5931.545177755,8715,12201000,0.000000
1779,17.790065,5931.555173462,5931.555173462,8720,12208000,0.000000
1780,17.800073,5931.565181137,5931.565181137,8725,12215000,0.000000
1781,17.810034,5931.575141955,5931.575141955,8730,12222000,0.000000
1782,17.820082,5931.585190469,5931.585190469,8735,12229000,0.000000
1783,17.830064,5931.595172497,5931.595172497,8739,12234600,0.000000
1784,17.840070,5931.605178014,5931.605178014,8744,12241600,0.000000
1785,17.850070,5931.615178572,5931.615178572,8749,12248600,0.000000
1786,17.860065,5931.625173088,5931.625173088,8754,12255600,0.000000
1787,17.870066,5931.635173891,5931.635173891,8759,12262600,0.000000
1788,17.880066,5931.645173766,5931.645173766,8764,12269600,0.000000
1789,17.890063,5931.655170793,5931.655170793,8769,12276600,0.000000
1790,17.900062,5931.665169897,5931.665169897,8774,12283600,0.000000
1791,17.910065,5931.675173645,5931.675173645,8779,12290600,0.000000
1792,17.920075,5931.685183178,5931.685183178,8784,12297600,0.000000
1793,17.930067,5931.695175424,5931.695175424,8788,12303200,0.000000
1794,17.940069,5931.705176836,5931.705176836,8793,12310200,0.000000
1795,17.950065,5931.715172821,5931.715172821,8798,12317200,0.000000
1796,17.960068,5931.725176107,5931.725176107,8803,12324200,0.000000
1797,17.970059,5931.735167152,5931.735167152,8808,12331200,0.000000
1798,17.980071,5931.745179443,5931.745179443,8813,12338200,0.000000
1799,17.990069,5931.755176982,5931.755176982,8818,12345200,0.000000
1800,18.000076,5931.765183750,5931.765183750,8823,12352200,0.000000
1801,18.010061,5931.775169332,5931.775169332,8828,12359200,0.000000
1802,18.020041,5931.785149445,5931.785149445,8833,12366200,0.000000
1803,18.030073,5931.795180781,5931.795180781,8837,12371800,0.000000
1804,18.040069,5931.805177259,5931.805177259,8842,12378800,0.000000
1805,18.050067,5931.815175575,5931.815175575,8847,12385800,0.000000
1806,18.060067,5931.825175277,5931.825175277,8852,12392800,0.000000
1807,18.070067,5931.835175414,5931.835175414,8857,12399800,0.000000
1808,18.080067,5931.845175409,5931.845175409,8862,12406800,0.000000
1809,18.090066,5931.855174692,5931.855174692,8867,12413800,0.000000
1810,18.100068,5931.865176602,5931.865176602,8872,12420800,0.000000
1811,18.110065,5931.875173543,5931.875173543,8877,12427800,0.000000
1812,18.120004,5931.885112244,5931.885112244,8882,12434800,0.000000
1813,18.130068,5931.895176251,5931.895176251,8886,12440400,0.000000
1814,18.140065,5931.905173500,5931.905173500,8891,12447400,0.000000
1815,18.150061,5931.915169118,5931.915169118,8896,12454400,0.000000
1816,18.160077,5931.925185008,5931.925185008,8901,12461400,0.000000
1817,18.170068,5931.935176028,5931.935176028,8906,12468400,0.000000
1818,18.180068,5931.945176197,5931.945176197,8911,12475400,0.000000
1819,18.190066,5931.955174508,5931.955174508,8916,12482400,0.000000
1820,18.200064,5931.965172132,5931.965172132,8921,12489400,0.000000
1821,18.210065,5931.975173703,5931.975173703,8926,12496400,0.000000
1822,18.220067,5931.985175316,5931.985175316,8931,12503400,0.000000
1823,18.230069,5931.995177658,5931.995177658,8935,12509000,0.000000
1824,18.240069,5932.005177692,5932.005177692,8940,12516000,0.000000
1825,18.250069,5932.015176732,5932.015176732,8945,12523000,0.000000
1826,18.260074,5932.025181878,5932.025181878,8950,12530000,0.000000
1827,18.270064,5932.035171776,5932.035171776,8955,12537000,0.000000
1828,18.280066,5932.045174700,5932.045174700,8960,12544000,0.000000
1829,18.290066,5932.055173841,5932.055173841,8965,12551000,0.000000
1830,18.300067,5932.065174909,5932.065174909,8970,12558000,0.000000
1831,18.310069,5932.075177413,5932.075177413,8975,12565000,0.000000
1832,18.320065,5932.085172833,5932.085172833,8980,12572000,0.000000
1833,18.330077,5932.095184826,5932.095184826,8985,12579000,0.000000
1834,18.340067,5932.105175557,5932.105175557,8989,12584600,0.000000
1835,18.350075,5932.115183570,5932.115183570,8994,12591600,0.000000
1836,18.360059,5932.125167429,5932.125167429,8999,12598600,0.000000
1837,18.370069,5932.135177026,5932.135177026,9004,12605600,0.000000
1838,18.380064,5932.145172500,5932.145172500,9009,12612600,0.000000
1839,18.390070,5932.155177853,5932.155177853,9014,12619600,0.000000
1840,18.400064,5932.165171752,5932.165171752,9019,12626600,0.000000
1841,18.410024,5932.175132478,5932.175132478,9024,12633600,0.000000
1842,18.420022,5932.185130489,5932.185130489,9029,12640600,0.000000
1843,18.430084,5932.195191966,5932.195191966,9034,12647600,0.000000
1844,18.440070,5932.205178064,5932.205178064,9038,12653200,0.000000
1845,18.450072,5932.215180287,5932.215180287,9043,12660200,0.000000
1846,18.460022,5932.225129966,5932.225129966,9048,12667200,0.000000
1847,18.470067,5932.235174823,5932.235174823,9053,12674200,0.000000
1848,18.480062,5932.245169737,5932.245169737,9058,12681200,0.000000
1849,18.490068,5932.255175802,5932.255175802,9063,12688200,0.000000
1850,18.500065,5932.265173132,5932.265173132,9068,12695200,0.000000
1851,18.510049,5932.275157440,5932.275157440,9073,12702200,0.000000
1852,18.520060,5932.285168061,5932.285168061,9078,12709200,0.000000
1853,18.530060,5932.295167832,5932.295167832,9083,12716200,0.000000
1854,18.540073,5932.305181374,5932.305181374,9087,12721800,0.000000
1855,18.550070,5932.315178093,5932.315178093,9092,12728800,0.000000
1856,18.560068,5932.325176158,5932.325176158,9097,12735800,0.000000
1857,18.570044,5932.335152142,5932.335152142,9102,12742800,0.000000
1858,18.580071,5932.345179401,5932.345179401,9107,12749800,0.000000
1859,18.590063,5932.355171625,5932.355171625,9112,12756800,0.000000
1860,18.600065,5932.365172936,5932.365172936,9117,12763800,0.000000
1861,18.610059,5932.375167034,5932.375167034,9122,12770800,0.000000
1862,18.620068,5932.385175755,5932.385175755,9127,12777800,0.000000
1863,18.630018,5932.395125889,5932.395125889,9132,12784800,0.000000
1864,18.640075,5932.405183191,5932.405183191,9136,12790400,0.000000
1865,18.650068,5932.415176435,5932.415176435,9141,12797400,0.000000
1866,18.660064,5932.425172650,5932.425172650,9146,12804400,0.000000
1867,18.670067,5932.435175323,5932.435175323,9151,12811400,0.000000
1868,18.680067,5932.445175686,5932.445175686,9156,12818400,0.000000
1869,18.690067,5932.455175124,5932.455175124,9161,12825400,0.000000
1870,18.700071,5932.465178855,5932.465178855,9166,12832400,0.000000
1871,18.710086,5932.475194544,5932.475194544,9171,12839400,0.000000
1872,18.720069,5932.485177527,5932.485177527,9176,12846400,0.000000
1873,18.730067,5932.495175373,5932.495175373,9181,12853400,0.000000
1874,18.740035,5932.505143536,5932.505143536,9185,12859000,0.000000
1875,18.750067,5932.515174874,5932.515174874,9190,12866000,0.000000
1876,18.760068,5932.525176588,5932.525176588,9195,12873000,0.000000
1877,18.770071,5932.535179060,5932.535179060,9200,12880000,0.000000
1878,18.780073,5932.545180911,5932.545180911,9205,12887000,0.000000
1879,18.790058,5932.555166697,5932.555166697,9210,12894000,0.000000
1880,18.800070,5932.565177881,5932.565177881,9215,12901000,0.000000
1881,18.810070,5932.575177798,5932.575177798,9220,12908000,0.000000
1882,18.820074,5932.585181901,5932.585181901,9225,12915000,0.000000
1883,18.830070,5932.595178703,5932.595178703,9230,12922000,0.000000
1884,18.840064,5932.605172040,5932.605172040,9234,12927600,0.000000
1885,18.850069,5932.615176898,5932.615176898,9239,12934600,0.000000
1886,18.860122,5932.625230158,5932.625230158,9244,12941600,0.000000
1887,18.870068,5932.635176618,5932.635176618,9249,12948600,0.000000
1888,18.880040,5932.645148215,5932.645148215,9254,12955600,0.000000
1889,18.890017,5932.655125356,5932.655125356,9259,12962600,0.000000
1890,18.900050,5932.665158020,5932.665158020,9264,12969600,0.000000
1891,18.910095,5932.675203675,5932.675203675,9269,12976600,0.000000
1892,18.920066,5932.685174276,5932.685174276,9274,12983600,0.000000
1893,18.930042,5932.695149832,5932.695149832,9279,12990600,0.000000
1894,18.940097,5932.705205015,5932.705205015,9284,12997600,0.000000
1895,18.950064,5932.715172690,5932.715172690,9288,13003200,0.000000
1896,18.960067,5932.725174746,5932.725174746,9293,13010200,0.000000
1897,18.970066,5932.735173857,5932.735173857,9298,13017200,0.000000
1898,18.980063,5932.745171221,5932.745171221,9303,13024200,0.000000
1899,18.990069,5932.755176959,5932.755176959,9308,13031200,0.000000
1900,19.000072,5932.765179854,5932.765179854,9313,13038200,0.000000
1901,19.010065,5932.775172953,5932.775172953,9318,13045200,0.000000
1902,19.020077,5932.785184890,5932.785184890,9323,13052200,0.000000
1903,19.030058,5932.795166486,5932.795166486,9328,13059200,0.000000
1904,19.040077,5932.805185694,5932.805185694,9333,13066200,0.000000
1905,19.050081,5932.815189109,5932.815189109,9337,13071800,0.000000
1906,19.060069,5932.825176995,5932.825176995,9342,13078800,0.000000
1907,19.070073,5932.835181174,5932.835181174,9347,13085800,0.000000
1908,19.080070,5932.845178108,5932.845178108,9352,13092800,0.000000
1909,19.090075,5932.855182731,5932.855182731,9357,13099800,0.000000
1910,19.100074,5932.865182574,5932.865182574,9362,13106800,0.000000
1911,19.110072,5932.875180412,5932.875180412,9367,13113800,0.000000
1912,19.120067,5932.885175097,5932.885175097,9372,13120800,0.000000
1913,19.130073,5932.895181073,5932.895181073,9377,13127800,0.000000
1914,19.140059,5932.905167171,5932.905167171,9382,13134800,0.000000
1915,19.150070,5932.915178432,5932.915178432,9386,13140400,0.000000
1916,19.160070,5932.925178688,5932.925178688,9391,13147400,0.000000
1917,19.170070,5932.935178405,5932.935178405,9396,13154400,0.000000
1918,19.180071,5932.945178764,5932.945178764,9401,13161400,0.000000
1919,19.190072,5932.955180346,5932.955180346,9406,13168400,0.000000
1920,19.200030,5932.965138575,5932.965138575,9411,13175400,0.000000
1921,19.210064,5932.975172383,5932.975172383,9416,13182400,0.000000
1922,19.220063,5932.985171424,5932.985171424,9421,13189400,0.000000
1923,19.230066,5932.995174177,5932.995174177,9426,13196400,0.000000
1924,19.240057,5933.005165574,5933.005165574,9431,13203400,0.000000
1925,19.250065,5933.015172895,5933.015172895,9435,13209000,0.000000
1926,19.260071,5933.025179600,5933.025179600,9440,13216000,0.000000
1927,19.270063,5933.035171043,5933.035171043,9445,13223000,0.000000
1928,19.280073,5933.045180945,5933.045180945,9450,13230000,0.000000
1929,19.290060,5933.055168482,5933.055168482,9455,13237000,0.000000
1930,19.300061,5933.065169648,5933.065169648,9460,13244000,0.000000
1931,19.310065,5933.075172903,5933.075172903,9465,13251000,0.000000
1932,19.320060,5933.085168549,5933.085168549,9470,13258000,0.000000
1933,19.330046,5933.095154124,5933.095154124,9475,13265000,0.000000
1934,19.340033,5933.105141541,5933.105141541,9480,13272000,0.000000
1935,19.350086,5933.115194104,5933.115194104,9484,13277600,0.000000
1936,19.360064,5933.125172533,5933.125172533,9489,13284600,0.000000
1937,19.370065,5933.135173418,5933.135173418,9494,13291600,0.000000
1938,19.380066,5933.145173757,5933.145173757,9499,13298600,0.000000
1939,19.390064,5933.155172561,5933.155172561,9504,13305600,0.000000
1940,19.400061,5933.165168886,5933.165168886,9509,13312600,0.000000
1941,19.410064,5933.175171945,5933.175171945,9514,13319600,0.000000
1942,19.420063,5933.185171035,5933.185171035,9519,13326600,0.000000
1943,19.430072,5933.195180432,5933.195180432,9524,13333600,0.000000
1944,19.440063,5933.205171353,5933.205171353,9529,13340600,0.000000
1945,19.450073,5933.215181422,5933.215181422,9534,13347600,0.000000
1946,19.460064,5933.225172269,5933.225172269,9538,13353200,0.000000
1947,19.470064,5933.235172341,5933.235172341,9543,13360200,0.000000
1948,19.480059,5933.245167634,5933.245167634,9548,13367200,0.000000
1949,19.490074,5933.255182260,5933.255182260,9553,13374200,0.000000
1950,19.500074,5933.265181763,5933.265181763,9558,13381200,0.000000
1951,19.510069,5933.275177714,5933.275177714,9563,13388200,0.000000
1952,19.520063,5933.285171395,5933.285171395,9568,13395200,0.000000
1953,19.530065,5933.295172982,5933.295172982,9573,13402200,0.000000
1954,19.540061,5933.305169096,5933.305169096,9578,13409200,0.000000
1955,19.550072,5933.315179839,5933.315179839,9583,13416200,0.000000
1956,19.560037,5933.325145338,5933.325145338,9587,13421800,0.000000
1957,19.570063,5933.335171031,5933.335171031,9592,13428800,0.000000
1958,19.580073,5933.345181034,5933.345181034,9597,13435800,0.000000
1959,19.590068,5933.355176607,5933.355176607,9602,13442800,0.000000
1960,19.600065,5933.365173405,5933.365173405,9607,13449800,0.000000
1961,19.610067,5933.375175188,5933.375175188,9612,13456800,0.000000
1962,19.620065,5933.385172908,5933.385172908,9617,13463800,0.000000
1963,19.630070,5933.395178415,5933.395178415,9622,13470800,0.000000
1964,19.640056,5933.405163909,5933.405163909,9627,13477800,0.000000
1965,19.650061,5933.415169529,5933.415169529,9632,13484800,0.000000
1966,19.660074,5933.425181838,5933.425181838,9636,13490400,0.000000
1967,19.670071,5933.435179402,5933.435179402,9641,13497400,0.000000
1968,19.680072,5933.445180411,5933.445180411,9646,13504400,0.000000
1969,19.690069,5933.455177002,5933.455177002,9651,13511400,0.000000
1970,19.700066,5933.465174287,5933.465174287,9656,13518400,0.000000
1971,19.710067,5933.475174752,5933.475174752,9661,13525400,0.000000
1972,19.720068,5933.485176130,5933.485176130,9666,13532400,0.000000
1973,19.730069,5933.495176745,5933.495176745,9671,13539400,0.000000
1974,19.740063,5933.505171391,5933.505171391,9676,13546400,0.000000
1975,19.750022,5933.515130453,5933.515130453,9681,13553400,0.000000
1976,19.760067,5933.525175453,5933.525175453,9685,13559000,0.000000
1977,19.770071,5933.535179472,5933.535179472,9690,13566000,0.000000
1978,19.780082,5933.545190029,5933.545190029,9695,13573000,0.000000
1979,19.790069,5933.555177671,5933.555177671,9700,13580000,0.000000
1980,19.800066,5933.565174636,5933.565174636,9705,13587000,0.000000
1981,19.810069,5933.575176844,5933.575176844,9710,13594000,0.000000
1982,19.820071,5933.585178904,5933.585178904,9715,13601000,0.000000
1983,19.830065,5933.595173587,5933.595173587,9720,13608000,0.000000
1984,19.840048,5933.605156648,5933.605156648,9725,13615000,0.000000
1985,19.850071,5933.615179228,5933.615179228,9730,13622000,0.000000
1986,19.860070,5933.625178232,5933.625178232,9734,13627600,0.000000
1987,19.870068,5933.635176462,5933.635176462,9739,13634600,0.000000
1988,19.880067,5933.645174890,5933.645174890,9744,13641600,0.000000
1989,19.890067,5933.655175095,5933.655175095,9749,13648600,0.000000
1990,19.900078,5933.665185773,5933.665185773,9754,13655600,0.000000
1991,19.910064,5933.675172698,5933.675172698,9759,13662600,0.000000
1992,19.920066,5933.685174508,5933.685174508,9764,13669600,0.000000
1993,19.930066,5933.695174206,5933.695174206,9769,13676600,0.000000
1994,19.940070,5933.705178192,5933.705178192,9774,13683600,0.000000
1995,19.950069,5933.715177450,5933.715177450,9779,13690600,0.000000
1996,19.960075,5933.725183372,5933.725183372,9783,13696200,0.002040
1997,19.970073,5933.735181565,5933.735181565,9788,13703200,0.000000
1998,19.980069,5933.745177151,5933.745177151,9793,13710200,0.000000
1999,19.990091,5933.755199528,5933.755199528,9798,13717200,0.000000
2000,20.000073,5933.765180801,5933.765180801,9803,13724200,0.000000
2001,20.010069,5933.775177485,5933.775177485,9808,13731200,0.000000
2002,20.020066,5933.785173764,5933.785173764,9813,13738200,0.000000
2003,20.030068,5933.795175952,5933.795175952,9818,13745200,0.000000
2004,20.040071,5933.805179112,5933.805179112,9823,13752200,0.000000
2005,20.050032,5933.815140049,5933.815140049,9828,13759200,0.000000
2006,20.060076,5933.825184372,5933.825184372,9833,13766200,0.000000
2007,20.070067,5933.835174900,5933.835174900,9837,13771800,0.000000
2008,20.080068,5933.845175906,5933.845175906,9842,13778800,0.000000
2009,20.090075,5933.855182946,5933.855182946,9847,13785800,0.000000
2010,20.100065,5933.865172932,5933.865172932,9852,13792800,0.000000
2011,20.110070,5933.875178235,5933.875178235,9857,13799800,0.000000
2012,20.120067,5933.885175549,5933.885175549,9862,13806800,0.000000
2013,20.130064,5933.895172660,5933.895172660,9867,13813800,0.000000
2014,20.140066,5933.905173941,5933.905173941,9872,13820800,0.000000
2015,20.150060,5933.915168391,5933.915168391,9877,13827800,0.000000
2016,20.160082,5933.925189972,5933.925189972,9882,13834800,0.000000
2017,20.170067,5933.935175307,5933.935175307,9886,13840400,0.000000
2018,20.180071,5933.945179554,5933.945179554,9891,13847400,0.000000
2019,20.190069,5933.955176982,5933.955176982,9896,13854400,0.000000
2020,20.200069,5933.965176820,5933.965176820,9901,13861400,0.000000
2021,20.210063,5933.975171670,5933.975171670,9906,13868400,0.000000
2022,20.220064,5933.985172297,5933.985172297,9911,13875400,0.000000
2023,20.230069,5933.995177052,5933.995177052,9916,13882400,0.000000
2024,20.240055,5934.005163003,5934.005163003,9921,13889400,0.000000
2025,20.250109,5934.015217585,5934.015217585,9926,13896400,0.000000
2026,20.260045,5934.025152762,5934.025152762,9931,13903400,0.000000
2027,20.270071,5934.035178824,5934.035178824,9935,13909000,0.000000
2028,20.280064,5934.045172664,5934.045172664,9940,13916000,0.000000
2029,20.290083,5934.055191447,5934.055191447,9945,13923000,0.000000
2030,20.300066,5934.065174123,5934.065174123,9950,13930000,0.000000
2031,20.310060,5934.075168535,5934.075168535,9955,13937000,0.000000
2032,20.320065,5934.085173512,5934.085173512,9960,13944000,0.000000
2033,20.330065,5934.095173066,5934.095173066,9965,13951000,0.000000
2034,20.340066,5934.105174117,5934.105174117,9970,13958000,0.000000
2035,20.350028,5934.115136119,5934.115136119,9975,13965000,0.000000
2036,20.360011,5934.125118927,5934.125118927,9980,13972000,0.000000
2037,20.370068,5934.135175825,5934.135175825,9984,13977600,0.000000
2038,20.380062,5934.145170234,5934.145170234,9989,13984600,0.000000
2039,20.390030,5934.155138401,5934.155138401,9994,13991600,0.000000
2040,20.400066,5934.165174592,5934.165174592,9999,13998600,0.000000
2041,20.410072,5934.175179885,5934.175179885,10004,14005600,0.000000
2042,20.420064,5934.185171777,5934.185171777,10009,14012600,0.000000
2043,20.430072,5934.195180330,5934.195180330,10014,14019600,0.000000
2044,20.440066,5934.205174714,5934.205174714,10019,14026600,0.000000
2045,20.450038,5934.215146423,5934.215146423,10024,14033600,0.000000
2046,20.460024,5934.225132586,5934.225132586,10029,14040600,0.000000
2047,20.470068,5934.235176103,5934.235176103,10033,14046200,0.000000
2048,20.480066,5934.245174417,5934.245174417,10038,14053200,0.000000
2049,20.490067,5934.255175425,5934.255175425,10043,14060200,0.000000
2050,20.500070,5934.265178056,5934.265178056,10048,14067200,0.000000
2051,20.510066,5934.275174526,5934.275174526,10053,14074200,0.000000
2052,20.520063,5934.285171643,5934.285171643,10058,14081200,0.000000
2053,20.530063,5934.295171599,5934.295171599,10063,14088200,0.000000
2054,20.540061,5934.305168844,5934.305168844,10068,14095200,0.000000
2055,20.550060,5934.315167824,5934.315167824,10073,14102200,0.000000
2056,20.560036,5934.325144598,5934.325144598,10078,14109200,0.000000
2057,20.570084,5934.335192020,5934.335192020,10083,14116200,0.000000
2058,20.580074,5934.345182542,5934.345182542,10087,14121800,0.000000
2059,20.590066,5934.355174176,5934.355174176,10092,14128800,0.000000
2060,20.600030,5934.365137969,5934.365137969,10097,14135800,0.000000
2061,20.610065,5934.375173520,5934.375173520,10102,14142800,0.000000
2062,20.620066,5934.385174247,5934.385174247,10107,14149800,0.000000
2063,20.630063,5934.395170914,5934.395170914,10112,14156800,0.000000
2064,20.640064,5934.405171941,5934.405171941,10117,14163800,0.000000
2065,20.650060,5934.415168196,5934.415168196,10122,14170800,0.000000
2066,20.660021,5934.425129116,5934.425129116,10127,14177800,0.000000
2067,20.670077,5934.435185176,5934.435185176,10132,14184800,0.000000
2068,20.680066,5934.445173751,5934.445173751,10136,14190400,0.000000
2069,20.690067,5934.455174807,5934.455174807,10141,14197400,0.000000
2070,20.700017,5934.465125169,5934.465125169,10146,14204400,0.000000
2071,20.710067,5934.475175078,5934.475175078,10151,14211400,0.000000
2072,20.720066,5934.485173885,5934.485173885,10156,14218400,0.000000
2073,20.730068,5934.495176651,5934.495176651,10161,14225400,0.000000
2074,20.740028,5934.505136445,5934.505136445,10166,14232400,0.000000
2075,20.750070,5934.515177778,5934.515177778,10171,14239400,0.000000
2076,20.760061,5934.525169321,5934.525169321,10176,14246400,0.000000
2077,20.770072,5934.535180102,5934.535180102,10181,14253400,0.000000
2078,20.780075,5934.545182960,5934.545182960,10185,14259000,0.000000
2079,20.790069,5934.555177002,5934.555177002,10190,14266000,0.000000
2080,20.800064,5934.565172595,5934.565172595,10195,14273000,0.000000
2081,20.810068,5934.575175783,5934.575175783,10200,14280000,0.000000
2082,20.820066,5934.585173772,5934.585173772,10205,14287000,0.000000
2083,20.830065,5934.595173017,5934.595173017,10210,14294000,0.000000
2084,20.840071,5934.605179371,5934.605179371,10215,14301000,0.000000
2085,20.850059,5934.615167661,5934.615167661,10220,14308000,0.000000
2086,20.860067,5934.625174876,5934.625174876,10225,14315000,0.000000
2087,20.870059,5934.635166979,5934.635166979,10230,14322000,0.000000
2088,20.880071,5934.645179645,5934.645179645,10234,14327600,0.000000
2089,20.890067,5934.655175123,5934.655175123,10239,14334600,0.000000
2090,20.900067,5934.665174963,5934.665174963,10244,14341600,0.000000
2091,20.910066,5934.675173910,5934.675173910,10249,14348600,0.000000
2092,20.920064,5934.685172679,5934.685172679,10254,14355600,0.000000
2093,20.930075,5934.695182758,5934.695182758,10259,14362600,0.000000
2094,20.940069,5934.705177658,5934.705177658,10264,14369600,0.000000
2095,20.950066,5934.715174008,5934.715174008,10269,14376600,0.000000
2096,20.960066,5934.725174070,5934.725174070,10274,14383600,0.000000
2097,20.970045,5934.735153094,5934.735153094,10279,14390600,0.000000
2098,20.980068,5934.745175924,5934.745175924,10283,14396200,0.000000
2099,20.990066,5934.755173917,5934.755173917,10288,14403200,0.000000
2100,21.000065,5934.765172818,5934.765172818,10293,14410200,0.000000
2101,21.010070,5934.775178656,5934.775178656,10298,14417200,0.000000
2102,21.020060,5934.785168604,5934.785168604,10303,14424200,0.000000
2103,21.030067,5934.795175296,5934.795175296,10308,14431200,0.000000
2104,21.040065,5934.805173538,5934.805173538,10313,14438200,0.000000
2105,21.050067,5934.815174791,5934.815174791,10318,14445200,0.000000
2106,21.060064,5934.825172176,5934.825172176,10323,14452200,0.000000
2107,21.070036,5934.835144337,5934.835144337,10328,14459200,0.000000
2108,21.080067,5934.845174775,5934.845174775,10332,14464800,0.000000
2109,21.090074,5934.855182574,5934.855182574,10337,14471800,0.000000
2110,21.100077,5934.865185209,5934.865185209,10342,14478800,0.000000
2111,21.110067,5934.875174939,5934.875174939,10347,14485800,0.000000
2112,21.120071,5934.885179382,5934.885179382,10352,14492800,0.000000
2113,21.130065,5934.895172960,5934.895172960,10357,14499800,0.000000
2114,21.140098,5934.905206211,5934.905206211,10362,14506800,0.000000
2115,21.150063,5934.915170923,5934.915170923,10367,14513800,0.000000
2116,21.160063,5934.925170949,5934.925170949,10372,14520800,0.000000
2117,21.170026,5934.935133817,5934.935133817,10377,14527800,0.000000
2118,21.180079,5934.945187102,5934.945187102,10382,14534800,0.000000
2119,21.190067,5934.955175688,5934.955175688,10386,14540400,0.000000
2120,21.200063,5934.965171166,5934.965171166,10391,14547400,0.000000
2121,21.210069,5934.975176928,5934.975176928,10396,14554400,0.000000
2122,21.220068,5934.985176003,5934.985176003,10401,14561400,0.000000
2123,21.230073,5934.995181201,5934.995181201,10406,14568400,0.000000
2124,21.240060,5935.005168101,5935.005168101,10411,14575400,0.000000
2125,21.250073,5935.015181015,5935.015181015,10416,14582400,0.000000
2126,21.260065,5935.025173363,5935.025173363,10421,14589400,0.000000
2127,21.270059,5935.035167197,5935.035167197,10426,14596400,0.000000
2128,21.280084,5935.045191967,5935.045191967,10431,14603400,0.000000
2129,21.290070,5935.055178666,5935.055178666,10435,14609000,0.000000
2130,21.300065,5935.065173195,5935.065173195,10440,14616000,0.000000
2131,21.310067,5935.075175162,5935.075175162,10445,14623000,0.000000
2132,21.320027,5935.085135302,5935.085135302,10450,14630000,0.000000
2133,21.330066,5935.095173948,5935.095173948,10455,14637000,0.000000
2134,21.340069,5935.105177222,5935.105177222,10460,14644000,0.000000
2135,21.350065,5935.115173665,5935.115173665,10465,14651000,0.000000
2136,21.360061,5935.125169049,5935.125169049,10470,14658000,0.000000
2137,21.370040,5935.135148701,5935.135148701,10475,14665000,0.000000
2138,21.380039,5935.145147326,5935.145147326,10480,14672000,0.000000
2139,21.390070,5935.155177881,5935.155177881,10484,14677600,0.000000
2140,21.400093,5935.165201157,5935.165201157,10489,14684600,0.000000
2141,21.410060,5935.175168375,5935.175168375,10494,14691600,0.000000
2142,21.420066,5935.185173746,5935.185173746,10499,14698600,0.000000
2143,21.430068,5935.195176162,5935.195176162,10504,14705600,0.000000
2144,21.440095,5935.205203080,5935.205203080,10509,14712600,0.000000
2145,21.450078,5935.215186388,5935.215186388,10514,14719600,0.000000
2146,21.460071,5935.225178784,5935.225178784,10519,14726600,0.000000
2147,21.470039,5935.235147037,5935.235147037,10524,14733600,0.000000
2148,21.480011,5935.245118754,5935.245118754,10529,14740600,0.000000
2149,21.490091,5935.255199234,5935.255199234,10533,14746200,0.000000
2150,21.500069,5935.265176938,5935.265176938,10538,14753200,0.000000
2151,21.510089,5935.275196734,5935.275196734,10543,14760200,0.000000
2152,21.520026,5935.285134550,5935.285134550,10548,14767200,0.000000
2153,21.530068,5935.295175910,5935.295175910,10553,14774200,0.000000
2154,21.540067,5935.305174784,5935.305174784,10558,14781200,0.000000
2155,21.550063,5935.315170781,5935.315170781,10563,14788200,0.000000
2156,21.560060,5935.325168057,5935.325168057,10568,14795200,0.000000
2157,21.570059,5935.335167719,5935.335167719,10573,14802200,0.000000
2158,21.580060,5935.345168182,5935.345168182,10578,14809200,0.000000
2159,21.590064,5935.355172409,5935.355172409,10582,14814800,0.000000
2160,21.600065,5935.365173688,5935.365173688,10587,14821800,0.000000
2161,21.610064,5935.375172644,5935.375172644,10592,14828800,0.000000
2162,21.620065,5935.385172974,5935.385172974,10597,14835800,0.000000
2163,21.630089,5935.395196809,5935.395196809,10602,14842800,0.000000
2164,21.640062,5935.405169962,5935.405169962,10607,14849800,0.000000
2165,21.650077,5935.415184995,5935.415184995,10612,14856800,0.000000
2166,21.660062,5935.425170165,5935.425170165,10617,14863800,0.000000
2167,21.670063,5935.435170763,5935.435170763,10622,14870800,0.000000
2168,21.680035,5935.445143253,5935.445143253,10627,14877800,0.000000
2169,21.690035,5935.455143278,5935.455143278,10631,14883400,0.000000
2170,21.700059,5935.465167714,5935.465167714,10636,14890400,0.000000
2171,21.710069,5935.475177102,5935.475177102,10641,14897400,0.000000
2172,21.720069,5935.485176937,5935.485176937,10646,14904400,0.000000
2173,21.730070,5935.495177845,5935.495177845,10651,14911400,0.000000
2174,21.740071,5935.505178744,5935.505178744,10656,14918400,0.000000
2175,21.750072,5935.515180343,5935.515180343,10661,14925400,0.000000
2176,21.760070,5935.525178158,5935.525178158,10666,14932400,0.000000
2177,21.770070,5935.535178440,5935.535178440,10671,14939400,0.000000
2178,21.780023,5935.545130837,5935.545130837,10676,14946400,0.000000
2179,21.790077,5935.555185001,5935.555185001,10681,14953400,0.000000
2180,21.800068,5935.565176642,5935.565176642,10685,14959000,0.000000
2181,21.810065,5935.575172852,5935.575172852,10690,14966000,0.000000
2182,21.820065,5935.585172760,5935.585172760,10695,14973000,0.000000
2183,21.830063,5935.595171683,5935.595171683,10700,14980000,0.000000
2184,21.840069,5935.605177073,5935.605177073,10705,14987000,0.000000
2185,21.850067,5935.615175084,5935.615175084,10710,14994000,0.000000
2186,21.860067,5935.625175042,5935.625175042,10715,15001000,0.000000
2187,21.870068,5935.635176708,5935.635176708,10720,15008000,0.000000
2188,21.880027,5935.645135500,5935.645135500,10725,15015000,0.000000
2189,21.890063,5935.655171509,5935.655171509,10730,15022000,0.000000
2190,21.900070,5935.665178371,5935.665178371,10734,15027600,0.000000
2191,21.910068,5935.675175966,5935.675175966,10739,15034600,0.000000
2192,21.920065,5935.685172777,5935.685172777,10744,15041600,0.000000
2193,21.930070,5935.695178632,5935.695178632,10749,15048600,0.000000
2194,21.940067,5935.705175495,5935.705175495,10754,15055600,0.000000
2195,21.950065,5935.715173020,5935.715173020,10759,15062600,0.000000
2196,21.960067,5935.725175323,5935.725175323,10764,15069600,0.000000
2197,21.970061,5935.735169331,5935.735169331,10769,15076600,0.000000
2198,21.980077,5935.745185390,5935.745185390,10774,15083600,0.000000
2199,21.990020,5935.755128204,5935.755128204,10779,15090600,0.000000
2200,22.000065,5935.765173584,5935.765173584,10783,15096200,0.000000
2201,22.010060,5935.775168221,5935.775168221,10788,15103200,0.000000
2202,22.020068,5935.785176538,5935.785176538,10793,15110200,0.000000
2203,22.030065,5935.795173032,5935.795173032,10798,15117200,0.000000
2204,22.040064,5935.805172093,5935.805172093,10803,15124200,0.000000
2205,22.050084,5935.815192513,5935.815192513,10808,15131200,0.000000
2206,22.060065,5935.825173272,5935.825173272,10813,15138200,0.000000
2207,22.070085,5935.835193266,5935.835193266,10818,15145200,0.000000
2208,22.080060,5935.845167866,5935.845167866,10823,15152200,0.000000
2209,22.090057,5935.855165596,5935.855165596,10828,15159200,0.000000
2210,22.100066,5935.865174178,5935.865174178,10832,15164800,0.000000
2211,22.110070,5935.875177878,5935.875177878,10837,15171800,0.000000
2212,22.120074,5935.885181833,5935.885181833,10842,15178800,0.000000
2213,22.130060,5935.895168706,5935.895168706,10847,15185800,0.000000
2214,22.140069,5935.905176941,5935.905176941,10852,15192800,0.000000
2215,22.150063,5935.915171651,5935.915171651,10857,15199800,0.000000
2216,22.160067,5935.925175394,5935.925175394,10862,15206800,0.000000
2217,22.170049,5935.935156854,5935.935156854,10867,15213800,0.000000
2218,22.180072,5935.945179910,5935.945179910,10872,15220800,0.000000
2219,22.190059,5935.955167231,5935.955167231,10877,15227800,0.000000
2220,22.200065,5935.965173083,5935.965173083,10881,15233400,0.000000
2221,22.210072,5935.975179981,5935.975179981,10886,15240400,0.000000
2222,22.220067,5935.985175392,5935.985175392,10891,15247400,0.000000
2223,22.230068,5935.995176487,5935.995176487,10896,15254400,0.000000
2224,22.240073,5936.005181141,5936.005181141,10901,15261400,0.000000
2225,22.250063,5936.015171575,5936.015171575,10906,15268400,0.000000
2226,22.260066,5936.025173920,5936.025173920,10911,15275400,0.000000
2227,22.270065,5936.035172768,5936.035172768,10916,15282400,0.000000
2228,22.280069,5936.045177469,5936.045177469,10921,15289400,0.000000
2229,22.290046,5936.055154375,5936.055154375,10926,15296400,0.000000
2230,22.300072,5936.065180119,5936.065180119,10931,15303400,0.000000
2231,22.310062,5936.075170561,5936.075170561,10935,15309000,0.000000
2232,22.320065,5936.085173433,5936.085173433,10940,15316000,0.000000
2233,22.330061,5936.095168806,5936.095168806,10945,15323000,0.000000
2234,22.340068,5936.105176368,5936.105176368,10950,15330000,0.000000
2235,22.350060,5936.115168327,5936.115168327,10955,15337000,0.000000
2236,22.360061,5936.125169135,5936.125169135,10960,15344000,0.000000
2237,22.370065,5936.135173633,5936.135173633,10965,15351000,0.000000
2238,22.380073,5936.145180791,5936.145180791,10970,15358000,0.000000
2239,22.390067,5936.155175285,5936.155175285,10975,15365000,0.000000
2240,22.400075,5936.165183408,5936.165183408,10980,15372000,0.000000
2241,22.410066,5936.175173950,5936.175173950,10984,15377600,0.000000
2242,22.420066,5936.185174093,5936.185174093,10989,15384600,0.000000
2243,22.430069,5936.195176887,5936.195176887,10994,15391600,0.000000
2244,22.440066,5936.205173820,5936.205173820,10999,15398600,0.000000
2245,22.450067,5936.215175312,5936.215175312,11004,15405600,0.000000
2246,22.460064,5936.225172026,5936.225172026,11009,15412600,0.000000
2247,22.470067,5936.235174883,5936.235174883,11014,15419600,0.000000
2248,22.480065,5936.245173639,5936.245173639,11019,15426600,0.000000
2249,22.490071,5936.255178893,5936.255178893,11024,15433600,0.000000
2250,22.500036,5936.265144414,5936.265144414,11029,15440600,0.000000
2251,22.510066,5936.275173753,5936.275173753,11033,15446200,0.000000
2252,22.520072,5936.285180035,5936.285180035,11038,15453200,0.000000
2253,22.530069,5936.295176762,5936.295176762,11043,15460200,0.000000
2254,22.540065,5936.305172997,5936.305172997,11048,15467200,0.000000
2255,22.550068,5936.315176589,5936.315176589,11053,15474200,0.000000
2256,22.560067,5936.325175369,5936.325175369,11058,15481200,0.000000
2257,22.570081,5936.335189332,5936.335189332,11063,15488200,0.000000
2258,22.580063,5936.345170994,5936.345170994,11068,15495200,0.000000
2259,22.590062,5936.355170707,5936.355170707,11073,15502200,0.000000
2260,22.600075,5936.365183723,5936.365183723,11078,15509200,0.000000
2261,22.610066,5936.375173986,5936.375173986,11082,15514800,0.000000
2262,22.620067,5936.385174834,5936.385174834,11087,15521800,0.000000
2263,22.630066,5936.395173857,5936.395173857,11092,15528800,0.000000
2264,22.640064,5936.405172451,5936.405172451,11097,15535800,0.000000
2265,22.650064,5936.415172635,5936.415172635,11102,15542800,0.000000
2266,22.660069,5936.425177294,5936.425177294,11107,15549800,0.000000
2267,22.670065,5936.435173139,5936.435173139,11112,15556800,0.000000
2268,22.680069,5936.445177586,5936.445177586,11117,15563800,0.000000
2269,22.690063,5936.455170843,5936.455170843,11122,15570800,0.000000
2270,22.700033,5936.465141719,5936.465141719,11127,15577800,0.000000
2271,22.710065,5936.475173265,5936.475173265,11131,15583400,0.000000
2272,22.720066,5936.485173845,5936.485173845,11136,15590400,0.000000
2273,22.730064,5936.495172535,5936.495172535,11141,15597400,0.000000
2274,22.740065,5936.505173481,5936.505173481,11146,15604400,0.000000
2275,22.750065,5936.515173092,5936.515173092,11151,15611400,0.000000
2276,22.760062,5936.525170542,5936.525170542,11156,15618400,0.000000
2277,22.770060,5936.535168215,5936.535168215,11161,15625400,0.000000
2278,22.780074,5936.545182374,5936.545182374,11166,15632400,0.000000
2279,22.790061,5936.555168856,5936.555168856,11171,15639400,0.000000
2280,22.800042,5936.565150389,5936.565150389,11176,15646400,0.000000
2281,22.810075,5936.575183515,5936.575183515,11181,15653400,0.000000
2282,22.820060,5936.585168421,5936.585168421,11185,15659000,0.000000
2283,22.830065,5936.595172960,5936.595172960,11190,15666000,0.000000
2284,22.840068,5936.605176242,5936.605176242,11195,15673000,0.000000
2285,22.850064,5936.615172707,5936.615172707,11200,15680000,0.000000
2286,22.860064,5936.625172687,5936.625172687,11205,15687000,0.000000
2287,22.870064,5936.635171880,5936.635171880,11210,15694000,0.000000
2288,22.880064,5936.645172607,5936.645172607,11215,15701000,0.000000
2289,22.890069,5936.655176830,5936.655176830,11220,15708000,0.000000
2290,22.900041,5936.665149294,5936.665149294,11225,15715000,0.000000
2291,22.910073,5936.675181232,5936.675181232,11230,15722000,0.000000
2292,22.920034,5936.685142531,5936.685142531,11234,15727600,0.000000
2293,22.930066,5936.695174642,5936.695174642,11239,15734600,0.000000
2294,22.940067,5936.705174878,5936.705174878,11244,15741600,0.000000
2295,22.950071,5936.715179591,5936.715179591,11249,15748600,0.000000
2296,22.960065,5936.725173450,5936.725173450,11254,15755600,0.000000
2297,22.970067,5936.735175001,5936.735175001,11259,15762600,0.000000
2298,22.980065,5936.745173015,5936.745173015,11264,15769600,0.000000
2299,22.990064,5936.755172595,5936.755172595,11269,15776600,0.000000
2300,23.000066,5936.765174631,5936.765174631,11274,15783600,0.000000
2301,23.010055,5936.775162945,5936.775162945,11279,15790600,0.000000
2302,23.020067,5936.785175228,5936.785175228,11283,15796200,0.000000
2303,23.030066,5936.795174271,5936.795174271,11288,15803200,0.000000
2304,23.040064,5936.805172507,5936.805172507,11293,15810200,0.000000
2305,23.050068,5936.815176444,5936.815176444,11298,15817200,0.000000
2306,23.060064,5936.825172131,5936.825172131,11303,15824200,0.000000
2307,23.070088,5936.835196488,5936.835196488,11308,15831200,0.000000
2308,23.080061,5936.845168779,5936.845168779,11313,15838200,0.000000
2309,23.090066,5936.855174019,5936.855174019,11318,15845200,0.000000
2310,23.100064,5936.865171971,5936.865171971,11323,15852200,0.000000
2311,23.110021,5936.875129653,5936.875129653,11328,15859200,0.000000
2312,23.120068,5936.885175922,5936.885175922,11332,15864800,0.000000
2313,23.130068,5936.895175732,5936.895175732,11337,15871800,0.000000
2314,23.140065,5936.905173219,5936.905173219,11342,15878800,0.000000
2315,23.150065,5936.915172928,5936.915172928,11347,15885800,0.000000
2316,23.160064,5936.925172715,5936.925172715,11352,15892800,0.000000
2317,23.170066,5936.935173963,5936.935173963,11357,15899800,0.000000
2318,23.180066,5936.945174036,5936.945174036,11362,15906800,0.000000
2319,23.190062,5936.955170089,5936.955170089,11367,15913800,0.000000
2320,23.200062,5936.965170326,5936.965170326,11372,15920800,0.000000
2321,23.210068,5936.975176140,5936.975176140,11377,15927800,0.000000
2322,23.220071,5936.985179053,5936.985179053,11381,15933400,0.000000
2323,23.230061,5936.995169271,5936.995169271,11386,15940400,0.000000
2324,23.240067,5937.005175322,5937.005175322,11391,15947400,0.000000
2325,23.250066,5937.015174336,5937.015174336,11396,15954400,0.000000
2326,23.260070,5937.025178509,5937.025178509,11401,15961400,0.000000
2327,23.270069,5937.035177017,5937.035177017,11406,15968400,0.000000
2328,23.280068,5937.045176166,5937.045176166,11411,15975400,0.000000
2329,23.290036,5937.055143837,5937.055143837,11416,15982400,0.000000
2330,23.300070,5937.065178270,5937.065178270,11421,15989400,0.000000
2331,23.310047,5937.075154941,5937.075154941,11426,15996400,0.000000
2332,23.320068,5937.085176339,5937.085176339,11430,16002000,0.000000
2333,23.330077,5937.095184812,5937.095184812,11435,16009000,0.000000
2334,23.340065,5937.105173547,5937.105173547,11440,16016000,0.000000
2335,23.350070,5937.115178207,5937.115178207,11445,16023000,0.000000
2336,23.360070,5937.125178303,5937.125178303,11450,16030000,0.000000
2337,23.370066,5937.135174228,5937.135174228,11455,16037000,0.000000
2338,23.380066,5937.145174291,5937.145174291,11460,16044000,0.000000
2339,23.390065,5937.155173118,5937.155173118,11465,16051000,0.000000
2340,23.400063,5937.165171697,5937.165171697,11470,16058000,0.000000
2341,23.410035,5937.175143109,5937.175143109,11475,16065000,0.000000
2342,23.420081,5937.185189100,5937.185189100,11480,16072000,0.000000
2343,23.430066,5937.195174685,5937.195174685,11484,16077600,0.000000
2344,23.440064,5937.205172653,5937.205172653,11489,16084600,0.000000
2345,23.450070,5937.215178012,5937.215178012,11494,16091600,0.000000
2346,23.460076,5937.225183841,5937.225183841,11499,16098600,0.000000
2347,23.470074,5937.235182575,5937.235182575,11504,16105600,0.000000
2348,23.480071,5937.245178742,5937.245178742,11509,16112600,0.000000
2349,23.490070,5937.255178292,5937.255178292,11514,16119600,0.000000
2350,23.500065,5937.265173211,5937.265173211,11519,16126600,0.000000
2351,23.510064,5937.275172377,5937.275172377,11524,16133600,0.000000
2352,23.520077,5937.285185104,5937.285185104,11529,16140600,0.000000
2353,23.530072,5937.295180452,5937.295180452,11533,16146200,0.000000
2354,23.540070,5937.305178226,5937.305178226,11538,16153200,0.000000
2355,23.550073,5937.315181070,5937.315181070,11543,16160200,0.000000
2356,23.560074,5937.325182571,5937.325182571,11548,16167200,0.000000
2357,23.570065,5937.335172766,5937.335172766,11553,16174200,0.000000
2358,23.580071,5937.345179545,5937.345179545,11558,16181200,0.000000
2359,23.590066,5937.355174631,5937.355174631,11563,16188200,0.000000
2360,23.600060,5937.365168131,5937.365168131,11568,16195200,0.000000
2361,23.610082,5937.375189730,5937.375189730,11573,16202200,0.000000
2362,23.620040,5937.385148542,5937.385148542,11578,16209200,0.000000
2363,23.630067,5937.395175087,5937.395175087,11582,16214800,0.000000
2364,23.640067,5937.405174785,5937.405174785,11587,16221800,0.000000
2365,23.650065,5937.415173391,5937.415173391,11592,16228800,0.000000
2366,23.660065,5937.425173231,5937.425173231,11597,16235800,0.000000
2367,23.670064,5937.435172637,5937.435172637,11602,16242800,0.000000
2368,23.680067,5937.445175187,5937.445175187,11607,16249800,0.000000
2369,23.690074,5937.455182434,5937.455182434,11612,16256800,0.000000
2370,23.700067,5937.465175446,5937.465175446,11617,16263800,0.000000
2371,23.710063,5937.475171579,5937.475171579,11622,16270800,0.000000
2372,23.720058,5937.485166021,5937.485166021,11627,16277800,0.000000
2373,23.730068,5937.495176232,5937.495176232,11631,16283400,0.000000
2374,23.740069,5937.505177214,5937.505177214,11636,16290400,0.000000
2375,23.750070,5937.515178060,5937.515178060,11641,16297400,0.000000
2376,23.760072,5937.525180298,5937.525180298,11646,16304400,0.000000
2377,23.770071,5937.535178846,5937.535178846,11651,16311400,0.000000
2378,23.780071,5937.545179674,5937.545179674,11656,16318400,0.000000
2379,23.790070,5937.555177907,5937.555177907,11661,16325400,0.000000
2380,23.800068,5937.565176029,5937.565176029,11666,16332400,0.000000
2381,23.810068,5937.575176476,5937.575176476,11671,16339400,0.000000
2382,23.820057,5937.585165423,5937.585165423,11676,16346400,0.000000
2383,23.830125,5937.595232851,5937.595232851,11681,16353400,0.000000
2384,23.840069,5937.605177120,5937.605177120,11685,16359000,0.000000
2385,23.850074,5937.615182472,5937.615182472,11690,16366000,0.000000
2386,23.860095,5937.625202738,5937.625202738,11695,16373000,0.000000
2387,23.870078,5937.635186521,5937.635186521,11700,16380000,0.000000
2388,23.880068,5937.645175878,5937.645175878,11705,16387000,0.000000
2389,23.890065,5937.655173315,5937.655173315,11710,16394000,0.000000
2390,23.900062,5937.665170181,5937.665170181,11715,16401000,0.000000
2391,23.910068,5937.675176527,5937.675176527,11720,16408000,0.000000
2392,23.920039,5937.685147345,5937.685147345,11725,16415000,0.000000
2393,23.930087,5937.695195236,5937.695195236,11730,16422000,0.000000
2394,23.940070,5937.705178198,5937.705178198,11734,16427600,0.000000
2395,23.950068,5937.715175826,5937.715175826,11739,16434600,0.000000
2396,23.960066,5937.725174408,5937.725174408,11744,16441600,0.000000
2397,23.970065,5937.735173415,5937.735173415,11749,16448600,0.000000
2398,23.980064,5937.745172570,5937.745172570,11754,16455600,0.000000
2399,23.990064,5937.755172212,5937.755172212,11759,16462600,0.000000
2400,24.000064,5937.765172381,5937.765172381,11764,16469600,0.000000
2401,24.010060,5937.775167749,5937.775167749,11769,16476600,0.000000
2402,24.020058,5937.785166481,5937.785166481,11774,16483600,0.000000
2403,24.030075,5937.795183370,5937.795183370,11779,16490600,0.000000
2404,24.040069,5937.805177126,5937.805177126,11783,16496200,0.000000
2405,24.050067,5937.815175592,5937.815175592,11788,16503200,0.000000
2406,24.060067,5937.825175277,5937.825175277,11793,16510200,0.000000
2407,24.070066,5937.835173999,5937.835173999,11798,16517200,0.000000
2408,24.080068,5937.845176040,5937.845176040,11803,16524200,0.000000
2409,24.090065,5937.855173343,5937.855173343,11808,16531200,0.000000
2410,24.100072,5937.865179904,5937.865179904,11813,16538200,0.000000
2411,24.110073,5937.875181596,5937.875181596,11818,16545200,0.000000
2412,24.120041,5937.885149016,5937.885149016,11823,16552200,0.000000
2413,24.130050,5937.895158379,5937.895158379,11828,16559200,0.000000
2414,24.140089,5937.905197188,5937.905197188,11832,16564800,0.000000
2415,24.150064,5937.915172117,5937.915172117,11837,16571800,0.000000
2416,24.160070,5937.925178711,5937.925178711,11842,16578800,0.000000
2417,24.170068,5937.935175792,5937.935175792,11847,16585800,0.000000
2418,24.180065,5937.945172828,5937.945172828,11852,16592800,0.000000
2419,24.190075,5937.955183698,5937.955183698,11857,16599800,0.000000
2420,24.200064,5937.965172716,5937.965172716,11862,16606800,0.000000
2421,24.210061,5937.975169634,5937.975169634,11867,16613800,0.000000
2422,24.220065,5937.985173650,5937.985173650,11872,16620800,0.000000
2423,24.230022,5937.995129856,5937.995129856,11877,16627800,0.000000
2424,24.240075,5938.005182923,5938.005182923,11881,16633400,0.000000
2425,24.250069,5938.015177011,5938.015177011,11886,16640400,0.000000
2426,24.260078,5938.025186351,5938.025186351,11891,16647400,0.000000
2427,24.270068,5938.035176252,5938.035176252,11896,16654400,0.000000
2428,24.280073,5938.045181285,5938.045181285,11901,16661400,0.000000
2429,24.290065,5938.055172887,5938.055172887,11906,16668400,0.000000
2430,24.300069,5938.065177045,5938.065177045,11911,16675400,0.000000
2431,24.310075,5938.075183364,5938.075183364,11916,16682400,0.000000
2432,24.320063,5938.085171159,5938.085171159,11921,16689400,0.000000
2433,24.330070,5938.095178462,5938.095178462,11926,16696400,0.000000
2434,24.340026,5938.105134408,5938.105134408,11930,16702000,0.000000
2435,24.350065,5938.115173356,5938.115173356,11935,16709000,0.000000
2436,24.360065,5938.125172848,5938.125172848,11940,16716000,0.000000
2437,24.370065,5938.135172766,5938.135172766,11945,16723000,0.000000
2438,24.380067,5938.145175405,5938.145175405,11950,16730000,0.000000
2439,24.390064,5938.155171896,5938.155171896,11955,16737000,0.000000
2440,24.400071,5938.165179288,5938.165179288,11960,16744000,0.000000
2441,24.410076,5938.175184223,5938.175184223,11965,16751000,0.000000
2442,24.420064,5938.185172491,5938.185172491,11970,16758000,0.000000
2443,24.430049,5938.195157131,5938.195157131,11975,16765000,0.000000
2444,24.440070,5938.205177882,5938.205177882,11979,16770600,0.000000
2445,24.450073,5938.215181650,5938.215181650,11984,16777600,0.000000
2446,24.460040,5938.225147845,5938.225147845,11989,16784600,0.000000
2447,24.470059,5938.235166754,5938.235166754,11994,16791600,0.000000
2448,24.480043,5938.245150903,5938.245150903,11999,16798600,0.000000
2449,24.490062,5938.255169801,5938.255169801,12004,16805600,0.000000
2450,24.500066,5938.265173935,5938.265173935,12009,16812600,0.000000
2451,24.510068,5938.275176279,5938.275176279,12014,16819600,0.000000
2452,24.520064,5938.285172376,5938.285172376,12019,16826600,0.000000
2453,24.530030,5938.295138003,5938.295138003,12024,16833600,0.000000
2454,24.540076,5938.305184499,5938.305184499,12029,16840600,0.000000
2455,24.550068,5938.315176136,5938.315176136,12033,16846200,0.000000
2456,24.560070,5938.325178403,5938.325178403,12038,16853200,0.000000
2457,24.570068,5938.335176185,5938.335176185,12043,16860200,0.000000
2458,24.580066,5938.345174000,5938.345174000,12048,16867200,0.000000
2459,24.590068,5938.355176657,5938.355176657,12053,16874200,0.000000
2460,24.600064,5938.365172498,5938.365172498,12058,16881200,0.000000
2461,24.610076,5938.375183796,5938.375183796,12063,16888200,0.000000
2462,24.620067,5938.385175366,5938.385175366,12068,16895200,0.000000
2463,24.630075,5938.395183175,5938.395183175,12073,16902200,0.000000
2464,24.640078,5938.405186281,5938.405186281,12078,16909200,0.000000
2465,24.650074,5938.415182484,5938.415182484,12082,16914800,0.000000
2466,24.660067,5938.425175043,5938.425175043,12087,16921800,0.000000
2467,24.670066,5938.435174105,5938.435174105,12092,16928800,0.000000
2468,24.680070,5938.445178634,5938.445178634,12097,16935800,0.000000
2469,24.690068,5938.455175814,5938.455175814,12102,16942800,0.000000
2470,24.700067,5938.465174869,5938.465174869,12107,16949800,0.000000
2471,24.710060,5938.475168352,5938.475168352,12112,16956800,0.000000
2472,24.720060,5938.485167799,5938.485167799,12117,16963800,0.000000
2473,24.730066,5938.495173777,5938.495173777,12122,16970800,0.000000
2474,24.740041,5938.505149231,5938.505149231,12127,16977800,0.000000
2475,24.750072,5938.515180580,5938.515180580,12131,16983400,0.000000
2476,24.760069,5938.525176906,5938.525176906,12136,16990400,0.000000
2477,24.770066,5938.535174291,5938.535174291,12141,16997400,0.000000
2478,24.780068,5938.545176622,5938.545176622,12146,17004400,0.000000
2479,24.790053,5938.555161585,5938.555161585,12151,17011400,0.000000
2480,24.800066,5938.565173869,5938.565173869,12156,17018400,0.000000
2481,24.810065,5938.575173142,5938.575173142,12161,17025400,0.000000
2482,24.820065,5938.585172824,5938.585172824,12166,17032400,0.000000
2483,24.830058,5938.595166438,5938.595166438,12171,17039400,0.000000
2484,24.840065,5938.605173214,5938.605173214,12176,17046400,0.000000
2485,24.850065,5938.615172850,5938.615172850,12180,17052000,0.000000
2486,24.860070,5938.625178047,5938.625178047,12185,17059000,0.000000
2487,24.870066,5938.635174172,5938.635174172,12190,17066000,0.000000
2488,24.880065,5938.645173190,5938.645173190,12195,17073000,0.000000
2489,24.890065,5938.655172889,5938.655172889,12200,17080000,0.000000
2490,24.900071,5938.665178799,5938.665178799,12205,17087000,0.000000
2491,24.910082,5938.675190007,5938.675190007,12210,17094000,0.000000
2492,24.920067,5938.685175335,5938.685175335,12215,17101000,0.000000
2493,24.930051,5938.695159455,5938.695159455,12220,17108000,0.000000
2494,24.940039,5938.705147295,5938.705147295,12225,17115000,0.000000
2495,24.950088,5938.715195736,5938.715195736,12229,17120600,0.000000
2496,24.960070,5938.725177864,5938.725177864,12234,17127600,0.000000
2497,24.970078,5938.735185731,5938.735185731,12239,17134600,0.000000
2498,24.980066,5938.745174186,5938.745174186,12244,17141600,0.000000
2499,24.990061,5938.755169163,5938.755169163,12249,17148600,0.000000
2500,25.000068,5938.765175983,5938.765175983,12254,17155600,0.000000
2501,25.010072,5938.775180374,5938.775180374,12259,17162600,0.000000
2502,25.020060,5938.785167904,5938.785167904,12264,17169600,0.000000
2503,25.030060,5938.795168118,5938.795168118,12269,17176600,0.000000
2504,25.040061,5938.805169066,5938.805169066,12274,17183600,0.000000
2505,25.050086,5938.815194655,5938.815194655,12279,17190600,0.000000
2506,25.060072,5938.825179757,5938.825179757,12283,17196200,0.000000
2507,25.070067,5938.835175216,5938.835175216,12288,17203200,0.000000
2508,25.080060,5938.845167913,5938.845167913,12293,17210200,0.000000
2509,25.090077,5938.855185639,5938.855185639,12298,17217200,0.000000
2510,25.100062,5938.865170442,5938.865170442,12303,17224200,0.000000
2511,25.110070,5938.875178507,5938.875178507,12308,17231200,0.000000
2512,25.120063,5938.885171665,5938.885171665,12313,17238200,0.000000
2513,25.130061,5938.895168912,5938.895168912,12318,17245200,0.000000
2514,25.140036,5938.905144369,5938.905144369,12323,17252200,0.000000
2515,25.150079,5938.915187527,5938.915187527,12328,17259200,0.000000
2516,25.160066,5938.925174358,5938.925174358,12332,17264800,0.000000
2517,25.170069,5938.935177495,5938.935177495,12337,17271800,0.000000
2518,25.180063,5938.945171331,5938.945171331,12342,17278800,0.000000
2519,25.190066,5938.955174147,5938.955174147,12347,17285800,0.000000
2520,25.200062,5938.965170474,5938.965170474,12352,17292800,0.000000
2521,25.210064,5938.975172549,5938.975172549,12357,17299800,0.000000
2522,25.220058,5938.985166706,5938.985166706,12362,17306800,0.000000
2523,25.230058,5938.995166717,5938.995166717,12367,17313800,0.000000
2524,25.240058,5939.005166365,5939.005166365,12372,17320800,0.000000
2525,25.250066,5939.015174560,5939.015174560,12377,17327800,0.000000
2526,25.260067,5939.025175575,5939.025175575,12381,17333400,0.000000
2527,25.270066,5939.035174255,5939.035174255,12386,17340400,0.000000
2528,25.280064,5939.045172347,5939.045172347,12391,17347400,0.000000
2529,25.290081,5939.055189108,5939.055189108,12396,17354400,0.000000
2530,25.300055,5939.065163563,5939.065163563,12401,17361400,0.000000
2531,25.310068,5939.075176584,5939.075176584,12406,17368400,0.000000
2532,25.320064,5939.085172330,5939.085172330,12411,17375400,0.000000
2533,25.330064,5939.095172426,5939.095172426,12416,17382400,0.000000
2534,25.340064,5939.105172399,5939.105172399,12421,17389400,0.000000
2535,25.350033,5939.115141436,5939.115141436,12426,17396400,0.000000
2536,25.360071,5939.125178804,5939.125178804,12430,17402000,0.000000
2537,25.370063,5939.135171103,5939.135171103,12435,17409000,0.000000
2538,25.380065,5939.145172918,5939.145172918,12440,17416000,0.000000
2539,25.390066,5939.155173897,5939.155173897,12445,17423000,0.000000
2540,25.400063,5939.165170919,5939.165170919,12450,17430000,0.000000
2541,25.410069,5939.175177587,5939.175177587,12455,17437000,0.000000
2542,25.420066,5939.185173940,5939.185173940,12460,17444000,0.000000
2543,25.430069,5939.195177232,5939.195177232,12465,17451000,0.000000
2544,25.440027,5939.205135019,5939.205135019,12470,17458000,0.000000
2545,25.450066,5939.215173947,5939.215173947,12475,17465000,0.000000
2546,25.460043,5939.225151675,5939.225151675,12479,17470600,0.000000
2547,25.470063,5939.235171638,5939.235171638,12484,17477600,0.000000
2548,25.480065,5939.245173039,5939.245173039,12489,17484600,0.000000
2549,25.490067,5939.255175194,5939.255175194,12494,17491600,0.000000
2550,25.500068,5939.265176619,5939.265176619,12499,17498600,0.000000
2551,25.510064,5939.275172506,5939.275172506,12504,17505600,0.000000
2552,25.520071,5939.285178885,5939.285178885,12509,17512600,0.000000
2553,25.530067,5939.295174919,5939.295174919,12514,17519600,0.000000
2554,25.540062,5939.305170292,5939.305170292,12519,17526600,0.000000
2555,25.550041,5939.315149107,5939.315149107,12524,17533600,0.000000
2556,25.560068,5939.325175868,5939.325175868,12528,17539200,0.000000
2557,25.570069,5939.335177561,5939.335177561,12533,17546200,0.000000
2558,25.580070,5939.345178259,5939.345178259,12538,17553200,0.000000
2559,25.590064,5939.355172200,5939.355172200,12543,17560200,0.000000
2560,25.600071,5939.365179296,5939.365179296,12548,17567200,0.000000
2561,25.610065,5939.375173427,5939.375173427,12553,17574200,0.000000
2562,25.620071,5939.385179084,5939.385179084,12558,17581200,0.000000
2563,25.630064,5939.395172099,5939.395172099,12563,17588200,0.000000
2564,25.640024,5939.405132135,5939.405132135,12568,17595200,0.000000
2565,25.650021,5939.415129044,5939.415129044,12573,17602200,0.000000
2566,25.660084,5939.425192094,5939.425192094,12578,17609200,0.000000
2567,25.670067,5939.435174987,5939.435174987,12582,17614800,0.000000
2568,25.680066,5939.445174667,5939.445174667,12587,17621800,0.000000
2569,25.690069,5939.455176996,5939.455176996,12592,17628800,0.000000
2570,25.700061,5939.465169627,5939.465169627,12597,17635800,0.000000
2571,25.710032,5939.475140700,5939.475140700,12602,17642800,0.000000
2572,25.720068,5939.485175984,5939.485175984,12607,17649800,0.000000
2573,25.730068,5939.495176084,5939.495176084,12612,17656800,0.000000
2574,25.740078,5939.505186267,5939.505186267,12617,17663800,0.000000
2575,25.750058,5939.515166679,5939.515166679,12622,17670800,0.000000
2576,25.760080,5939.525187843,5939.525187843,12627,17677800,0.000000
2577,25.770066,5939.535174454,5939.535174454,12631,17683400,0.000000
2578,25.780065,5939.545173565,5939.545173565,12636,17690400,0.000000
2579,25.790064,5939.555171789,5939.555171789,12641,17697400,0.000000
2580,25.800064,5939.565172372,5939.565172372,12646,17704400,0.000000
2581,25.810077,5939.575185400,5939.575185400,12651,17711400,0.000000
2582,25.820063,5939.585171575,5939.585171575,12656,17718400,0.000000
2583,25.830063,5939.595171393,5939.595171393,12661,17725400,0.000000
2584,25.840060,5939.605168041,5939.605168041,12666,17732400,0.000000
2585,25.850044,5939.615152599,5939.615152599,12671,17739400,0.000000
2586,25.860040,5939.625148130,5939.625148130,12676,17746400,0.000000
2587,25.870071,5939.635179608,5939.635179608,12680,17752000,0.000000
2588,25.880065,5939.645173666,5939.645173666,12685,17759000,0.000000
2589,25.890065,5939.655173054,5939.655173054,12690,17766000,0.000000
2590,25.900067,5939.665174984,5939.665174984,12695,17773000,0.000000
2591,25.910063,5939.675170921,5939.675170921,12700,17780000,0.000000
2592,25.920066,5939.685174483,5939.685174483,12705,17787000,0.000000
2593,25.930064,5939.695172336,5939.695172336,12710,17794000,0.000000
2594,25.940064,5939.705172221,5939.705172221,12715,17801000,0.000000
2595,25.950067,5939.715174989,5939.715174989,12720,17808000,0.000000
2596,25.960005,5939.725113646,5939.725113646,12725,17815000,0.000000
2597,25.970085,5939.735192917,5939.735192917,12729,17820600,0.000000
2598,25.980071,5939.745179461,5939.745179461,12734,17827600,0.000000
2599,25.990065,5939.755173639,5939.755173639,12739,17834600,0.000000
2600,26.000075,5939.765183563,5939.765183563,12744,17841600,0.000000
2601,26.010067,5939.775175096,5939.775175096,12749,17848600,0.000000
2602,26.020077,5939.785185130,5939.785185130,12754,17855600,0.000000
2603,26.030077,5939.795184764,5939.795184764,12759,17862600,0.000000
2604,26.040064,5939.805171735,5939.805171735,12764,17869600,0.000000
2605,26.050070,5939.815178708,5939.815178708,12769,17876600,0.000000
2606,26.060035,5939.825143370,5939.825143370,12774,17883600,0.000000
2607,26.070067,5939.835175637,5939.835175637,12778,17889200,0.000000
2608,26.080074,5939.845182085,5939.845182085,12783,17896200,0.000000
2609,26.090044,5939.855152365,5939.855152365,12788,17903200,0.000000
2610,26.100066,5939.865173885,5939.865173885,12793,17910200,0.000000
2611,26.110078,5939.875186609,5939.875186609,12798,17917200,0.000000
2612,26.120067,5939.885175530,5939.885175530,12803,17924200,0.000000
2613,26.130063,5939.895171344,5939.895171344,12808,17931200,0.000000
2614,26.140068,5939.905176705,5939.905176705,12813,17938200,0.000000
2615,26.150069,5939.915177720,5939.915177720,12818,17945200,0.000000
2616,26.160046,5939.925153970,5939.925153970,12823,17952200,0.000000
2617,26.170084,5939.935191771,5939.935191771,12828,17959200,0.000000
2618,26.180066,5939.945174276,5939.945174276,12832,17964800,0.000000
2619,26.190067,5939.955175658,5939.955175658,12837,17971800,0.000000
2620,26.200068,5939.965176089,5939.965176089,12842,17978800,0.000000
2621,26.210067,5939.975174952,5939.975174952,12847,17985800,0.000000
2622,26.220063,5939.985170906,5939.985170906,12852,17992800,0.000000
2623,26.230061,5939.995169714,5939.995169714,12857,17999800,0.000000
2624,26.240058,5940.005166328,5940.005166328,12862,18006800,0.000000
2625,26.250062,5940.015170428,5940.015170428,12867,18013800,0.000000
2626,26.260059,5940.025167610,5940.025167610,12872,18020800,0.000000
2627,26.270103,5940.035211130,5940.035211130,12877,18027800,0.000000
2628,26.280081,5940.045189623,5940.045189623,12881,18033400,0.000000
2629,26.290071,5940.055179041,5940.055179041,12886,18040400,0.000000
2630,26.300066,5940.065174607,5940.065174607,12891,18047400,0.000000
2631,26.310068,5940.075176682,5940.075176682,12896,18054400,0.000000
2632,26.320073,5940.085181049,5940.085181049,12901,18061400,0.000000
2633,26.330060,5940.095168174,5940.095168174,12906,18068400,0.000000
2634,26.340061,5940.105168875,5940.105168875,12911,18075400,0.000000
2635,26.350063,5940.115171121,5940.115171121,12916,18082400,0.000000
2636,26.360030,5940.125137924,5940.125137924,12921,18089400,0.000000
2637,26.370058,5940.135166204,5940.135166204,12926,18096400,0.000000
2638,26.380065,5940.145173492,5940.145173492,12930,18102000,0.000000
2639,26.390066,5940.155174470,5940.155174470,12935,18109000,0.000000
2640,26.400065,5940.165173698,5940.165173698,12940,18116000,0.000000
2641,26.410069,5940.175177469,5940.175177469,12945,18123000,0.000000
2642,26.420066,5940.185174437,5940.185174437,12950,18130000,0.000000
2643,26.430066,5940.195174298,5940.195174298,12955,18137000,0.000000
2644,26.440066,5940.205173925,5940.205173925,12960,18144000,0.000000
2645,26.450061,5940.215169650,5940.215169650,12965,18151000,0.000000
2646,26.460060,5940.225168186,5940.225168186,12970,18158000,0.000000
2647,26.470017,5940.235124727,5940.235124727,12975,18165000,0.000000
2648,26.480060,5940.245168516,5940.245168516,12979,18170600,0.000000
2649,26.490072,5940.255180002,5940.255180002,12984,18177600,0.000000
2650,26.500073,5940.265181305,5940.265181305,12989,18184600,0.000000
2651,26.510070,5940.275178120,5940.275178120,12994,18191600,0.000000
2652,26.520069,5940.285176990,5940.285176990,12999,18198600,0.000000
2653,26.530067,5940.295175381,5940.295175381,13004,18205600,0.000000
2654,26.540068,5940.305175814,5940.305175814,13009,18212600,0.000000
2655,26.550066,5940.315174058,5940.315174058,13014,18219600,0.000000
2656,26.560078,5940.325186385,5940.325186385,13019,18226600,0.000000
2657,26.570058,5940.335165726,5940.335165726,13024,18233600,0.000000
2658,26.580081,5940.345188743,5940.345188743,13028,18239200,0.000000
2659,26.590067,5940.355174869,5940.355174869,13033,18246200,0.000000
2660,26.600066,5940.365173822,5940.365173822,13038,18253200,0.000000
2661,26.610060,5940.375168479,5940.375168479,13043,18260200,0.000000
2662,26.620072,5940.385180378,5940.385180378,13048,18267200,0.000000
2663,26.630021,5940.395128738,5940.395128738,13053,18274200,0.000000
2664,26.640068,5940.405176116,5940.405176116,13058,18281200,0.000000
2665,26.650068,5940.415176094,5940.415176094,13063,18288200,0.000000
2666,26.660064,5940.425172319,5940.425172319,13068,18295200,0.000000
2667,26.670064,5940.435172202,5940.435172202,13073,18302200,0.000000
2668,26.680065,5940.445172899,5940.445172899,13077,18307800,0.000000
2669,26.690065,5940.455173645,5940.455173645,13082,18314800,0.000000
2670,26.700064,5940.465172165,5940.465172165,13087,18321800,0.000000
2671,26.710066,5940.475173899,5940.475173899,13092,18328800,0.000000
2672,26.720068,5940.485176474,5940.485176474,13097,18335800,0.000000
2673,26.730064,5940.495172549,5940.495172549,13102,18342800,0.000000
2674,26.740065,5940.505172736,5940.505172736,13107,18349800,0.000000
2675,26.750065,5940.515173586,5940.515173586,13112,18356800,0.000000
2676,26.760059,5940.525166838,5940.525166838,13117,18363800,0.000000
2677,26.770060,5940.535168139,5940.535168139,13122,18370800,0.000000
2678,26.780073,5940.545180779,5940.545180779,13127,18377800,0.000000
2679,26.790070,5940.555178612,5940.555178612,13131,18383400,0.000000
2680,26.800072,5940.565180723,5940.565180723,13136,18390400,0.000000
2681,26.810077,5940.575184917,5940.575184917,13141,18397400,0.000000
2682,26.820067,5940.585175274,5940.585175274,13146,18404400,0.000000
2683,26.830065,5940.595173099,5940.595173099,13151,18411400,0.000000
2684,26.840067,5940.605175625,5940.605175625,13156,18418400,0.000000
2685,26.850070,5940.615178700,5940.615178700,13161,18425400,0.000000
2686,26.860069,5940.625177256,5940.625177256,13166,18432400,0.000000
2687,26.870026,5940.635134638,5940.635134638,13171,18439400,0.000000
2688,26.880072,5940.645179996,5940.645179996,13176,18446400,0.000000
2689,26.890065,5940.655172842,5940.655172842,13180,18452000,0.000000
2690,26.900060,5940.665168102,5940.665168102,13185,18459000,0.000000
2691,26.910046,5940.675154409,5940.675154409,13190,18466000,0.000000
2692,26.920049,5940.685157574,5940.685157574,13195,18473000,0.000000
2693,26.930065,5940.695173159,5940.695173159,13200,18480000,0.000000
2694,26.940063,5940.705171219,5940.705171219,13205,18487000,0.000000
2695,26.950062,5940.715170327,5940.715170327,13210,18494000,0.000000
2696,26.960062,5940.725170682,5940.725170682,13215,18501000,0.000000
2697,26.970063,5940.735171645,5940.735171645,13220,18508000,0.000000
2698,26.980033,5940.745141615,5940.745141615,13225,18515000,0.000000
2699,26.990066,5940.755174376,5940.755174376,13229,18520600,0.000000
2700,27.000063,5940.765171635,5940.765171635,13234,18527600,0.000000
2701,27.010066,5940.775174583,5940.775174583,13239,18534600,0.000000
2702,27.020068,5940.785176297,5940.785176297,13244,18541600,0.000000
2703,27.030067,5940.795174875,5940.795174875,13249,18548600,0.000000
2704,27.040059,5940.805167448,5940.805167448,13254,18555600,0.000000
2705,27.050059,5940.815167537,5940.815167537,13259,18562600,0.000000
2706,27.060065,5940.825173544,5940.825173544,13264,18569600,0.000000
2707,27.070068,5940.835176027,5940.835176027,13269,18576600,0.000000
2708,27.080053,5940.845161472,5940.845161472,13274,18583600,0.000000
2709,27.090065,5940.855173385,5940.855173385,13278,18589200,0.000000
2710,27.100060,5940.865168314,5940.865168314,13283,18596200,0.000000
2711,27.110064,5940.875172172,5940.875172172,13288,18603200,0.000000
2712,27.120039,5940.885146774,5940.885146774,13293,18610200,0.000000
2713,27.130065,5940.895173143,5940.895173143,13298,18617200,0.000000
2714,27.140070,5940.905178693,5940.905178693,13303,18624200,0.000000
2715,27.150065,5940.915173713,5940.915173713,13308,18631200,0.000000
2716,27.160065,5940.925173404,5940.925173404,13313,18638200,0.000000
2717,27.170071,5940.935178746,5940.935178746,13318,18645200,0.000000
2718,27.180038,5940.945146194,5940.945146194,13323,18652200,0.000000
2719,27.190060,5940.955167794,5940.955167794,13327,18657800,0.000000
2720,27.200065,5940.965173145,5940.965173145,13332,18664800,0.000000
2721,27.210061,5940.975169656,5940.975169656,13337,18671800,0.000000
2722,27.220064,5940.985172346,5940.985172346,13342,18678800,0.000000
2723,27.230064,5940.995172302,5940.995172302,13347,18685800,0.000000
2724,27.240061,5941.005169196,5941.005169196,13352,18692800,0.000000
2725,27.250063,5941.015171722,5941.015171722,13357,18699800,0.000000
2726,27.260066,5941.025174244,5941.025174244,13362,18706800,0.000000
2727,27.270069,5941.035177088,5941.035177088,13367,18713800,0.000000
2728,27.280039,5941.045147039,5941.045147039,13372,18720800,0.000000
2729,27.290071,5941.055178952,5941.055178952,13377,18727800,0.000000
2730,27.300067,5941.065174962,5941.065174962,13381,18733400,0.000000
2731,27.310067,5941.075175434,5941.075175434,13386,18740400,0.000000
2732,27.320062,5941.085169788,5941.085169788,13391,18747400,0.000000
2733,27.330067,5941.095174880,5941.095174880,13396,18754400,0.000000
2734,27.340068,5941.105176183,5941.105176183,13401,18761400,0.000000
2735,27.350070,5941.115178275,5941.115178275,13406,18768400,0.000000
2736,27.360060,5941.125168491,5941.125168491,13411,18775400,0.000000
2737,27.370063,5941.135170728,5941.135170728,13416,18782400,0.000000
2738,27.380033,5941.145141605,5941.145141605,13421,18789400,0.000000
2739,27.390096,5941.155203916,5941.155203916,13426,18796400,0.000000
2740,27.400065,5941.165173485,5941.165173485,13430,18802000,0.000000
2741,27.410045,5941.175152818,5941.175152818,13435,18809000,0.000000
2742,27.420068,5941.185176020,5941.185176020,13440,18816000,0.000000
2743,27.430071,5941.195179623,5941.195179623,13445,18823000,0.000000
2744,27.440067,5941.205175145,5941.205175145,13450,18830000,0.000000
2745,27.450067,5941.215175515,5941.215175515,13455,18837000,0.000000
2746,27.460066,5941.225174163,5941.225174163,13460,18844000,0.000000
2747,27.470061,5941.235169573,5941.235169573,13465,18851000,0.000000
2748,27.480061,5941.245169634,5941.245169634,13470,18858000,0.000000
2749,27.490070,5941.255178655,5941.255178655,13475,18865000,0.000000
2750,27.500066,5941.265174636,5941.265174636,13479,18870600,0.000000
2751,27.510064,5941.275172251,5941.275172251,13484,18877600,0.000000
2752,27.520068,5941.285176559,5941.285176559,13489,18884600,0.000000
2753,27.530065,5941.295173429,5941.295173429,13494,18891600,0.000000
2754,27.540065,5941.305173070,5941.305173070,13499,18898600,0.000000
2755,27.550066,5941.315173891,5941.315173891,13504,18905600,0.000000
2756,27.560066,5941.325174076,5941.325174076,13509,18912600,0.000000
2757,27.570066,5941.335174536,5941.335174536,13514,18919600,0.000000
2758,27.580059,5941.345167634,5941.345167634,13519,18926600,0.000000
2759,27.590022,5941.355129939,5941.355129939,13524,18933600,0.000000
2760,27.600065,5941.365173462,5941.365173462,13528,18939200,0.000000
2761,27.610065,5941.375173077,5941.375173077,13533,18946200,0.000000
2762,27.620064,5941.385172210,5941.385172210,13538,18953200,0.000000
2763,27.630038,5941.395146610,5941.395146610,13543,18960200,0.000000
2764,27.640066,5941.405174526,5941.405174526,13548,18967200,0.000000
2765,27.650075,5941.415183000,5941.415183000,13553,18974200,0.000000
2766,27.660063,5941.425171621,5941.425171621,13558,18981200,0.000000
2767,27.670068,5941.435176380,5941.435176380,13563,18988200,0.000000
2768,27.680058,5941.445166699,5941.445166699,13568,18995200,0.000000
2769,27.690052,5941.455160123,5941.455160123,13573,19002200,0.000000
2770,27.700071,5941.465178822,5941.465178822,13577,19007800,0.000000
2771,27.710069,5941.475176734,5941.475176734,13582,19014800,0.000000
2772,27.720061,5941.485168925,5941.485168925,13587,19021800,0.000000
2773,27.730065,5941.495173032,5941.495173032,13592,19028800,0.000000
2774,27.740064,5941.505171859,5941.505171859,13597,19035800,0.000000
2775,27.750066,5941.515173799,5941.515173799,13602,19042800,0.000000
2776,27.760064,5941.525172390,5941.525172390,13607,19049800,0.000000
2777,27.770040,5941.535148266,5941.535148266,13612,19056800,0.000000
2778,27.780065,5941.545173472,5941.545173472,13617,19063800,0.000000
2779,27.790043,5941.555151475,5941.555151475,13622,19070800,0.000000
2780,27.800064,5941.565171850,5941.565171850,13626,19076400,0.000000
2781,27.810071,5941.575179018,5941.575179018,13631,19083400,0.000000
2782,27.820064,5941.585172626,5941.585172626,13636,19090400,0.000000
2783,27.830070,5941.595177784,5941.595177784,13641,19097400,0.000000
2784,27.840062,5941.605170220,5941.605170220,13646,19104400,0.000000
2785,27.850060,5941.615168597,5941.615168597,13651,19111400,0.000000
2786,27.860063,5941.625171576,5941.625171576,13656,19118400,0.000000
2787,27.870066,5941.635173784,5941.635173784,13661,19125400,0.000000
2788,27.880068,5941.645176136,5941.645176136,13666,19132400,0.000000
2789,27.890031,5941.655139360,5941.655139360,13671,19139400,0.000000
2790,27.900072,5941.665180400,5941.665180400,13676,19146400,0.000000
2791,27.910067,5941.675175338,5941.675175338,13680,19152000,0.000000
2792,27.920064,5941.685171839,5941.685171839,13685,19159000,0.000000
2793,27.930068,5941.695176337,5941.695176337,13690,19166000,0.000000
2794,27.940065,5941.705173111,5941.705173111,13695,19173000,0.000000
2795,27.950029,5941.715137047,5941.715137047,13700,19180000,0.000000
2796,27.960068,5941.725176657,5941.725176657,13705,19187000,0.000000
2797,27.970064,5941.735172673,5941.735172673,13710,19194000,0.000000
2798,27.980067,5941.745175656,5941.745175656,13715,19201000,0.000000
2799,27.990049,5941.755156808,5941.755156808,13720,19208000,0.000000
2800,28.000071,5941.765179139,5941.765179139,13725,19215000,0.000000
2801,28.010065,5941.775172819,5941.775172819,13729,19220600,0.000000
2802,28.020070,5941.785177726,5941.785177726,13734,19227600,0.000000
2803,28.030062,5941.795170558,5941.795170558,13739,19234600,0.000000
2804,28.040061,5941.805169439,5941.805169439,13744,19241600,0.000000
2805,28.050064,5941.815172696,5941.815172696,13749,19248600,0.000000
2806,28.060065,5941.825172918,5941.825172918,13754,19255600,0.000000
2807,28.070063,5941.835171402,5941.835171402,13759,19262600,0.000000
2808,28.080068,5941.845176479,5941.845176479,13764,19269600,0.000000
2809,28.090064,5941.855172452,5941.855172452,13769,19276600,0.000000
2810,28.100043,5941.865151421,5941.865151421,13774,19283600,0.000000
2811,28.110071,5941.875179473,5941.875179473,13778,19289200,0.000000
2812,28.120084,5941.885192050,5941.885192050,13783,19296200,0.000000
2813,28.130067,5941.895175450,5941.895175450,13788,19303200,0.000000
2814,28.140062,5941.905169759,5941.905169759,13793,19310200,0.000000
2815,28.150064,5941.915171758,5941.915171758,13798,19317200,0.000000
2816,28.160072,5941.925180121,5941.925180121,13803,19324200,0.000000
2817,28.170067,5941.935174843,5941.935174843,13808,19331200,0.000000
2818,28.180058,5941.945166689,5941.945166689,13813,19338200,0.000000
2819,28.190058,5941.955166710,5941.955166710,13818,19345200,0.000000
2820,28.200015,5941.965123443,5941.965123443,13823,19352200,0.000000
2821,28.210076,5941.975184559,5941.975184559,13827,19357800,0.000000
2822,28.220080,5941.985188387,5941.985188387,13832,19364800,0.000000
2823,28.230080,5941.995187799,5941.995187799,13837,19371800,0.000000
2824,28.240064,5942.005172491,5942.005172491,13842,19378800,0.000000
2825,28.250066,5942.015174679,5942.015174679,13847,19385800,0.000000
2826,28.260037,5942.025145030,5942.025145030,13852,19392800,0.000000
2827,28.270067,5942.035175314,5942.035175314,13857,19399800,0.000000
2828,28.280064,5942.045171749,5942.045171749,13862,19406800,0.000000
2829,28.290066,5942.055174216,5942.055174216,13867,19413800,0.000000
2830,28.300023,5942.065131088,5942.065131088,13872,19420800,0.000000
2831,28.310041,5942.075149123,5942.075149123,13876,19426400,0.000000
2832,28.320067,5942.085175697,5942.085175697,13881,19433400,0.000000
2833,28.330044,5942.095152550,5942.095152550,13886,19440400,0.000000
2834,28.340067,5942.105175001,5942.105175001,13891,19447400,0.000000
2835,28.350065,5942.115173369,5942.115173369,13896,19454400,0.000000
2836,28.360068,5942.125176425,5942.125176425,13901,19461400,0.000000
2837,28.370064,5942.135172338,5942.135172338,13906,19468400,0.000000
2838,28.380080,5942.145187750,5942.145187750,13911,19475400,0.000000
2839,28.390066,5942.155174231,5942.155174231,13916,19482400,0.000000
2840,28.400069,5942.165177028,5942.165177028,13921,19489400,0.000000
2841,28.410096,5942.175204394,5942.175204394,13926,19496400,0.000000
2842,28.420069,5942.185176949,5942.185176949,13930,19502000,0.000000
2843,28.430064,5942.195172636,5942.195172636,13935,19509000,0.000000
2844,28.440066,5942.205174053,5942.205174053,13940,19516000,0.000000
2845,28.450065,5942.215172863,5942.215172863,13945,19523000,0.000000
2846,28.460063,5942.225171539,5942.225171539,13950,19530000,0.000000
2847,28.470076,5942.235184019,5942.235184019,13955,19537000,0.000000
2848,28.480063,5942.245171300,5942.245171300,13960,19544000,0.000000
2849,28.490063,5942.255171480,5942.255171480,13965,19551000,0.000000
2850,28.500070,5942.265178011,5942.265178011,13970,19558000,0.000000
2851,28.510081,5942.275189373,5942.275189373,13975,19565000,0.000000
2852,28.520065,5942.285173627,5942.285173627,13979,19570600,0.000000
2853,28.530031,5942.295139471,5942.295139471,13984,19577600,0.000000
2854,28.540043,5942.305151459,5942.305151459,13989,19584600,0.000000
2855,28.550065,5942.315172806,5942.315172806,13994,19591600,0.000000
2856,28.560065,5942.325173029,5942.325173029,13999,19598600,0.000000
2857,28.570060,5942.335168340,5942.335168340,14004,19605600,0.000000
2858,28.580070,5942.345178601,5942.345178601,14009,19612600,0.000000
2859,28.590071,5942.355179424,5942.355179424,14014,19619600,0.000000
2860,28.600059,5942.365167057,5942.365167057,14019,19626600,0.000000
2861,28.610084,5942.375191899,5942.375191899,14024,19633600,0.000000
2862,28.620067,5942.385175398,5942.385175398,14028,19639200,0.000000
2863,28.630080,5942.395188682,5942.395188682,14033,19646200,0.000000
2864,28.640072,5942.405180474,5942.405180474,14038,19653200,0.000000
2865,28.650065,5942.415173028,5942.415173028,14043,19660200,0.000000
2866,28.660070,5942.425177962,5942.425177962,14048,19667200,0.000000
2867,28.670059,5942.435167712,5942.435167712,14053,19674200,0.000000
2868,28.680060,5942.445168550,5942.445168550,14058,19681200,0.000000
2869,28.690033,5942.455141479,5942.455141479,14063,19688200,0.000000
2870,28.700063,5942.465171325,5942.465171325,14068,19695200,0.000000
2871,28.710028,5942.475135876,5942.475135876,14073,19702200,0.000000
2872,28.720063,5942.485171007,5942.485171007,14077,19707800,0.000000
2873,28.730064,5942.495172478,5942.495172478,14082,19714800,0.000000
2874,28.740066,5942.505174136,5942.505174136,14087,19721800,0.000000
2875,28.750050,5942.515157784,5942.515157784,14092,19728800,0.000000
2876,28.760066,5942.525174685,5942.525174685,14097,19735800,0.000000
2877,28.770066,5942.535174144,5942.535174144,14102,19742800,0.000000
2878,28.780062,5942.545170145,5942.545170145,14107,19749800,0.000000
2879,28.790065,5942.555172842,5942.555172842,14112,19756800,0.000000
2880,28.800080,5942.565188643,5942.565188643,14117,19763800,0.000000
2881,28.810057,5942.575165595,5942.575165595,14122,19770800,0.000000
2882,28.820067,5942.585174891,5942.585174891,14126,19776400,0.000000
2883,28.830067,5942.595174921,5942.595174921,14131,19783400,0.000000
2884,28.840067,5942.605175643,5942.605175643,14136,19790400,0.000000
2885,28.850068,5942.615176578,5942.615176578,14141,19797400,0.000000
2886,28.860040,5942.625148487,5942.625148487,14146,19804400,0.000000
2887,28.870024,5942.635132122,5942.635132122,14151,19811400,0.000000
2888,28.880065,5942.645172756,5942.645172756,14156,19818400,0.000000
2889,28.890068,5942.655176517,5942.655176517,14161,19825400,0.000000
2890,28.900060,5942.665168535,5942.665168535,14166,19832400,0.000000
2891,28.910057,5942.675165335,5942.675165335,14171,19839400,0.000000
2892,28.920065,5942.685173157,5942.685173157,14175,19845000,0.000000
2893,28.930069,5942.695177185,5942.695177185,14180,19852000,0.000000
2894,28.940069,5942.705177114,5942.705177114,14185,19859000,0.000000
2895,28.950071,5942.715178960,5942.715178960,14190,19866000,0.000000
2896,28.960069,5942.725177574,5942.725177574,14195,19873000,0.000000
2897,28.970065,5942.735172990,5942.735172990,14200,19880000,0.000000
2898,28.980065,5942.745173625,5942.745173625,14205,19887000,0.000000
2899,28.990066,5942.755173923,5942.755173923,14210,19894000,0.000000
2900,29.000037,5942.765145705,5942.765145705,14215,19901000,0.000000
2901,29.010048,5942.775156110,5942.775156110,14220,19908000,0.000000
2902,29.020074,5942.785181836,5942.785181836,14225,19915000,0.000000
2903,29.030065,5942.795172832,5942.795172832,14229,19920600,0.000000
2904,29.040068,5942.805176164,5942.805176164,14234,19927600,0.000000
2905,29.050064,5942.815172381,5942.815172381,14239,19934600,0.000000
2906,29.060068,5942.825176050,5942.825176050,14244,19941600,0.000000
2907,29.070065,5942.835173478,5942.835173478,14249,19948600,0.000000
2908,29.080068,5942.845176357,5942.845176357,14254,19955600,0.000000
2909,29.090066,5942.855174391,5942.855174391,14259,19962600,0.000000
2910,29.100060,5942.865168084,5942.865168084,14264,19969600,0.000000
2911,29.110048,5942.875155956,5942.875155956,14269,19976600,0.000000
2912,29.120078,5942.885186364,5942.885186364,14274,19983600,0.000000
2913,29.130059,5942.895167137,5942.895167137,14278,19989200,0.000000
2914,29.140066,5942.905174281,5942.905174281,14283,19996200,0.000000
2915,29.150071,5942.915179261,5942.915179261,14288,20003200,0.000000
2916,29.160075,5942.925183664,5942.925183664,14293,20010200,0.000000
2917,29.170068,5942.935176699,5942.935176699,14298,20017200,0.000000
2918,29.180070,5942.945178263,5942.945178263,14303,20024200,0.000000
2919,29.190067,5942.955175445,5942.955175445,14308,20031200,0.000000
2920,29.200069,5942.965177176,5942.965177176,14313,20038200,0.000000
2921,29.210056,5942.975163796,5942.975163796,14318,20045200,0.000000
2922,29.220037,5942.985145521,5942.985145521,14323,20052200,0.000000
2923,29.230069,5942.995176834,5942.995176834,14327,20057800,0.000000
2924,29.240065,5943.005173534,5943.005173534,14332,20064800,0.000000
2925,29.250066,5943.015174479,5943.015174479,14337,20071800,0.000000
2926,29.260061,5943.025169589,5943.025169589,14342,20078800,0.000000
2927,29.270064,5943.035171838,5943.035171838,14347,20085800,0.000000
2928,29.280023,5943.045131187,5943.045131187,14352,20092800,0.000000
2929,29.290063,5943.055171419,5943.055171419,14357,20099800,0.000000
2930,29.300058,5943.065166520,5943.065166520,14362,20106800,0.000000
2931,29.310063,5943.075170862,5943.075170862,14367,20113800,0.000000
2932,29.320040,5943.085147798,5943.085147798,14372,20120800,0.000000
2933,29.330064,5943.095172585,5943.095172585,14376,20126400,0.000000
2934,29.340064,5943.105171777,5943.105171777,14381,20133400,0.000000
2935,29.350082,5943.115190146,5943.115190146,14386,20140400,0.000000
2936,29.360066,5943.125174235,5943.125174235,14391,20147400,0.000000
2937,29.370063,5943.135171687,5943.135171687,14396,20154400,0.000000
2938,29.380064,5943.145171995,5943.145171995,14401,20161400,0.000000
2939,29.390066,5943.155174346,5943.155174346,14406,20168400,0.000000
2940,29.400075,5943.165182930,5943.165182930,14411,20175400,0.000000
2941,29.410060,5943.175168142,5943.175168142,14416,20182400,0.000000
2942,29.420037,5943.185145659,5943.185145659,14421,20189400,0.000000
2943,29.430080,5943.195188499,5943.195188499,14425,20195000,0.000000
2944,29.440073,5943.205181521,5943.205181521,14430,20202000,0.000000
2945,29.450071,5943.215179325,5943.215179325,14435,20209000,0.000000
2946,29.460065,5943.225173248,5943.225173248,14440,20216000,0.000000
2947,29.470069,5943.235176881,5943.235176881,14445,20223000,0.000000
2948,29.480069,5943.245177160,5943.245177160,14450,20230000,0.000000
2949,29.490067,5943.255175316,5943.255175316,14455,20237000,0.000000
2950,29.500068,5943.265176217,5943.265176217,14460,20244000,0.000000
2951,29.510035,5943.275143284,5943.275143284,14465,20251000,0.000000
2952,29.520034,5943.285142636,5943.285142636,14470,20258000,0.000000
2953,29.530026,5943.295133969,5943.295133969,14474,20263600,0.000000
2954,29.540062,5943.305170641,5943.305170641,14479,20270600,0.000000
2955,29.550068,5943.315176085,5943.315176085,14484,20277600,0.000000
2956,29.560067,5943.325175420,5943.325175420,14489,20284600,0.000000
2957,29.570065,5943.335173629,5943.335173629,14494,20291600,0.000000
2958,29.580063,5943.345171609,5943.345171609,14499,20298600,0.000000
2959,29.590065,5943.355172726,5943.355172726,14504,20305600,0.000000
2960,29.600063,5943.365171045,5943.365171045,14509,20312600,0.000000
2961,29.610070,5943.375178325,5943.375178325,14514,20319600,0.000000
2962,29.620041,5943.385148968,5943.385148968,14519,20326600,0.000000
2963,29.630077,5943.395185634,5943.395185634,14524,20333600,0.000000
2964,29.640070,5943.405177884,5943.405177884,14528,20339200,0.000000
2965,29.650069,5943.415177382,5943.415177382,14533,20346200,0.000000
2966,29.660038,5943.425145844,5943.425145844,14538,20353200,0.000000
2967,29.670068,5943.435176098,5943.435176098,14543,20360200,0.000000
2968,29.680066,5943.445174365,5943.445174365,14548,20367200,0.000000
2969,29.690064,5943.455172711,5943.455172711,14553,20374200,0.000000
2970,29.700063,5943.465170856,5943.465170856,14558,20381200,0.000000
2971,29.710058,5943.475166458,5943.475166458,14563,20388200,0.000000
2972,29.720065,5943.485173152,5943.485173152,14568,20395200,0.000000
2973,29.730052,5943.495160238,5943.495160238,14573,20402200,0.000000
2974,29.740065,5943.505173512,5943.505173512,14577,20407800,0.000000
2975,29.750064,5943.515172495,5943.515172495,14582,20414800,0.000000
2976,29.760071,5943.525178839,5943.525178839,14587,20421800,0.000000
2977,29.770072,5943.535180442,5943.535180442,14592,20428800,0.000000
2978,29.780070,5943.545178002,5943.545178002,14597,20435800,0.000000
2979,29.790069,5943.555177248,5943.555177248,14602,20442800,0.000000
2980,29.800065,5943.565172950,5943.565172950,14607,20449800,0.000000
2981,29.810067,5943.575175492,5943.575175492,14612,20456800,0.000000
2982,29.820059,5943.585166910,5943.585166910,14617,20463800,0.000000
2983,29.830019,5943.595127651,5943.595127651,14622,20470800,0.000000
2984,29.840061,5943.605168842,5943.605168842,14626,20476400,0.000000
2985,29.850069,5943.615177598,5943.615177598,14631,20483400,0.000000
2986,29.860063,5943.625171242,5943.625171242,14636,20490400,0.000000
2987,29.870064,5943.635172177,5943.635172177,14641,20497400,0.000000
2988,29.880067,5943.645174790,5943.645174790,14646,20504400,0.000000
2989,29.890071,5943.655178953,5943.655178953,14651,20511400,0.000000
2990,29.900065,5943.665173078,5943.665173078,14656,20518400,0.000000
2991,29.910064,5943.675172269,5943.675172269,14661,20525400,0.000000
2992,29.920096,5943.685204231,5943.685204231,14666,20532400,0.000000
2993,29.930061,5943.695169303,5943.695169303,14671,20539400,0.000000
2994,29.940071,5943.705178997,5943.705178997,14675,20545000,0.000000
2995,29.950066,5943.715174235,5943.715174235,14680,20552000,0.000000
2996,29.960066,5943.725174071,5943.725174071,14685,20559000,0.000000
2997,29.970066,5943.735174347,5943.735174347,14690,20566000,0.000000
2998,29.980064,5943.745172357,5943.745172357,14695,20573000,0.000000
2999,29.990065,5943.755173697,5943.755173697,14700,20580000,0.000000
3000,30.000066,5943.765173739,5943.765173739,14705,20587000,0.000000
3001,30.010068,5943.775175972,5943.775175972,14710,20594000,0.000000
3002,30.020075,5943.785182828,5943.785182828,14715,20601000,0.000000
3003,30.030041,5943.795149238,5943.795149238,14720,20608000,0.000000
3004,30.040066,5943.805173819,5943.805173819,14724,20613600,0.000000
3005,30.050066,5943.815174145,5943.815174145,14729,20620600,0.000000
3006,30.060067,5943.825175334,5943.825175334,14734,20627600,0.000000
3007,30.070067,5943.835175386,5943.835175386,14739,20634600,0.000000
3008,30.080066,5943.845174402,5943.845174402,14744,20641600,0.000000
3009,30.090063,5943.855171076,5943.855171076,14749,20648600,0.000000
3010,30.100065,5943.865172793,5943.865172793,14754,20655600,0.000000
3011,30.110065,5943.875173240,5943.875173240,14759,20662600,0.000000
3012,30.120061,5943.885169657,5943.885169657,14764,20669600,0.000000
3013,30.130037,5943.895145093,5943.895145093,14769,20676600,0.000000
3014,30.140098,5943.905206505,5943.905206505,14774,20683600,0.000000
3015,30.150061,5943.915168741,5943.915168741,14778,20689200,0.000000
3016,30.160067,5943.925174899,5943.925174899,14783,20696200,0.000000
3017,30.170064,5943.935172296,5943.935172296,14788,20703200,0.000000
3018,30.180065,5943.945173316,5943.945173316,14793,20710200,0.000000
3019,30.190086,5943.955194084,5943.955194084,14798,20717200,0.000000
3020,30.200039,5943.965147371,5943.965147371,14803,20724200,0.000000
3021,30.210064,5943.975171923,5943.975171923,14808,20731200,0.000000
3022,30.220060,5943.985167941,5943.985167941,14813,20738200,0.000000
3023,30.230059,5943.995166782,5943.995166782,14818,20745200,0.000000
3024,30.240072,5944.005180669,5944.005180669,14823,20752200,0.000000
3025,30.250065,5944.015173370,5944.015173370,14827,20757800,0.000000
3026,30.260064,5944.025172656,5944.025172656,14832,20764800,0.000000
3027,30.270068,5944.035176199,5944.035176199,14837,20771800,0.000000
3028,30.280067,5944.045174816,5944.045174816,14842,20778800,0.000000
3029,30.290067,5944.055174754,5944.055174754,14847,20785800,0.000000
3030,30.300070,5944.065178425,5944.065178425,14852,20792800,0.000000
3031,30.310068,5944.075175913,5944.075175913,14857,20799800,0.000000
3032,30.320069,5944.085177401,5944.085177401,14862,20806800,0.000000
3033,30.330059,5944.095166836,5944.095166836,14867,20813800,0.000000
3034,30.340046,5944.105154154,5944.105154154,14872,20820800,0.000000
3035,30.350067,5944.115175096,5944.115175096,14876,20826400,0.000000
3036,30.360094,5944.125201796,5944.125201796,14881,20833400,0.000000
3037,30.370067,5944.135175551,5944.135175551,14886,20840400,0.000000
3038,30.380070,5944.145178113,5944.145178113,14891,20847400,0.000000
3039,30.390065,5944.155173508,5944.155173508,14896,20854400,0.000000
3040,30.400068,5944.165176583,5944.165176583,14901,20861400,0.000000
3041,30.410064,5944.175172274,5944.175172274,14906,20868400,0.000000
3042,30.420064,5944.185172513,5944.185172513,14911,20875400,0.000000
3043,30.430071,5944.195179384,5944.195179384,14916,20882400,0.000000
3044,30.440002,5944.205109836,5944.205109836,14921,20889400,0.000000
3045,30.450037,5944.215145153,5944.215145153,14925,20895000,0.000000
3046,30.460059,5944.225167671,5944.225167671,14930,20902000,0.000000
3047,30.470059,5944.235167104,5944.235167104,14935,20909000,0.000000
3048,30.480034,5944.245142596,5944.245142596,14940,20916000,0.000000
3049,30.490062,5944.255169875,5944.255169875,14945,20923000,0.000000
3050,30.500026,5944.265134710,5944.265134710,14950,20930000,0.000000
3051,30.510063,5944.275170769,5944.275170769,14955,20937000,0.000000
3052,30.520064,5944.285172190,5944.285172190,14960,20944000,0.000000
3053,30.530074,5944.295182013,5944.295182013,14965,20951000,0.000000
3054,30.540024,5944.305132303,5944.305132303,14970,20958000,0.000000
3055,30.550064,5944.315172534,5944.315172534,14974,20963600,0.000000
3056,30.560066,5944.325174496,5944.325174496,14979,20970600,0.000000
3057,30.570068,5944.335176552,5944.335176552,14984,20977600,0.000000
3058,30.580070,5944.345177832,5944.345177832,14989,20984600,0.000000
3059,30.590064,5944.355172721,5944.355172721,14994,20991600,0.000000
3060,30.600064,5944.365172203,5944.365172203,14999,20998600,0.000000
3061,30.610063,5944.375171069,5944.375171069,15004,21005600,0.000000
3062,30.620065,5944.385173245,5944.385173245,15009,21012600,0.000000
3063,30.630064,5944.395172036,5944.395172036,15014,21019600,0.000000
3064,30.640037,5944.405144962,5944.405144962,15019,21026600,0.000000
3065,30.650077,5944.415184874,5944.415184874,15024,21033600,0.000000
3066,30.660066,5944.425174136,5944.425174136,15028,21039200,0.000000
3067,30.670067,5944.435174727,5944.435174727,15033,21046200,0.000000
3068,30.680064,5944.445172567,5944.445172567,15038,21053200,0.000000
3069,30.690068,5944.455176172,5944.455176172,15043,21060200,0.000000
3070,30.700066,5944.465174319,5944.465174319,15048,21067200,0.000000
3071,30.710066,5944.475174369,5944.475174369,15053,21074200,0.000000
3072,30.720075,5944.485182926,5944.485182926,15058,21081200,0.000000
3073,30.730070,5944.495178352,5944.495178352,15063,21088200,0.000000
3074,30.740062,5944.505169795,5944.505169795,15068,21095200,0.000000
3075,30.750071,5944.515178821,5944.515178821,15073,21102200,0.000000
3076,30.760034,5944.525142112,5944.525142112,15077,21107800,0.000000
3077,30.770063,5944.535170926,5944.535170926,15082,21114800,0.000000
3078,30.780065,5944.545172935,5944.545172935,15087,21121800,0.000000
3079,30.790065,5944.555173411,5944.555173411,15092,21128800,0.000000
3080,30.800065,5944.565172849,5944.565172849,15097,21135800,0.000000
3081,30.810064,5944.575171789,5944.575171789,15102,21142800,0.000000
3082,30.820064,5944.585172189,5944.585172189,15107,21149800,0.000000
3083,30.830058,5944.595166409,5944.595166409,15112,21156800,0.000000
3084,30.840069,5944.605176861,5944.605176861,15117,21163800,0.000000
3085,30.850057,5944.615165423,5944.615165423,15122,21170800,0.000000
3086,30.860066,5944.625173756,5944.625173756,15126,21176400,0.000000
3087,30.870065,5944.635172890,5944.635172890,15131,21183400,0.000000
3088,30.880060,5944.645168545,5944.645168545,15136,21190400,0.000000
3089,30.890065,5944.655172810,5944.655172810,15141,21197400,0.000000
3090,30.900065,5944.665173555,5944.665173555,15146,21204400,0.000000
3091,30.910065,5944.675173508,5944.675173508,15151,21211400,0.000000
3092,30.920066,5944.685174398,5944.685174398,15156,21218400,0.000000
3093,30.930066,5944.695173822,5944.695173822,15161,21225400,0.000000
3094,30.940060,5944.705168236,5944.705168236,15166,21232400,0.000000
3095,30.950016,5944.715124301,5944.715124301,15171,21239400,0.000000
3096,30.960069,5944.725177287,5944.725177287,15175,21245000,0.000000
3097,30.970062,5944.735170508,5944.735170508,15180,21252000,0.000000
3098,30.980063,5944.745171384,5944.745171384,15185,21259000,0.000000
3099,30.990059,5944.755166798,5944.755166798,15190,21266000,0.000000
3100,31.000067,5944.765174870,5944.765174870,15195,21273000,0.000000
3101,31.010060,5944.775168210,5944.775168210,15200,21280000,0.000000
3102,31.020077,5944.785185213,5944.785185213,15205,21287000,0.000000
3103,31.030071,5944.795179267,5944.795179267,15210,21294000,0.000000
3104,31.040067,5944.805175422,5944.805175422,15215,21301000,0.000000
3105,31.050064,5944.815172632,5944.815172632,15220,21308000,0.000000
3106,31.060076,5944.825183780,5944.825183780,15224,21313600,0.000000
3107,31.070073,5944.835181623,5944.835181623,15229,21320600,0.000000
3108,31.080069,5944.845177303,5944.845177303,15234,21327600,0.000000
3109,31.090071,5944.855179079,5944.855179079,15239,21334600,0.000000
3110,31.100074,5944.865181869,5944.865181869,15244,21341600,0.000000
3111,31.110064,5944.875172135,5944.875172135,15249,21348600,0.000000
3112,31.120066,5944.885174463,5944.885174463,15254,21355600,0.000000
3113,31.130067,5944.895175340,5944.895175340,15259,21362600,0.000000
3114,31.140075,5944.905183121,5944.905183121,15264,21369600,0.000000
3115,31.150035,5944.915142786,5944.915142786,15269,21376600,0.000000
3116,31.160069,5944.925176810,5944.925176810,15273,21382200,0.000000
3117,31.170064,5944.935172224,5944.935172224,15278,21389200,0.000000
3118,31.180067,5944.945175075,5944.945175075,15283,21396200,0.000000
3119,31.190040,5944.955148668,5944.955148668,15288,21403200,0.000000
3120,31.200036,5944.965144493,5944.965144493,15293,21410200,0.000000
3121,31.210067,5944.975174800,5944.975174800,15298,21417200,0.000000
3122,31.220067,5944.985175652,5944.985175652,15303,21424200,0.000000
3123,31.230070,5944.995178206,5944.995178206,15308,21431200,0.000000
3124,31.240068,5945.005176111,5945.005176111,15313,21438200,0.000000
3125,31.250033,5945.015141275,5945.015141275,15318,21445200,0.000000
3126,31.260076,5945.025184714,5945.025184714,15323,21452200,0.000000
3127,31.270071,5945.035178790,5945.035178790,15327,21457800,0.000000
3128,31.280066,5945.045174234,5945.045174234,15332,21464800,0.000000
3129,31.290067,5945.055175196,5945.055175196,15337,21471800,0.000000
3130,31.300071,5945.065179570,5945.065179570,15342,21478800,0.000000
3131,31.310066,5945.075173868,5945.075173868,15347,21485800,0.000000
3132,31.320064,5945.085172505,5945.085172505,15352,21492800,0.000000
3133,31.330066,5945.095174526,5945.095174526,15357,21499800,0.000000
3134,31.340070,5945.105178489,5945.105178489,15362,21506800,0.000000
3135,31.350070,5945.115178481,5945.115178481,15367,21513800,0.000000
3136,31.360076,5945.125183819,5945.125183819,15372,21520800,0.000000
3137,31.370069,5945.135177701,5945.135177701,15376,21526400,0.000000
3138,31.380070,5945.145178232,5945.145178232,15381,21533400,0.000000
3139,31.390064,5945.155171744,5945.155171744,15386,21540400,0.000000
3140,31.400068,5945.165175748,5945.165175748,15391,21547400,0.000000
3141,31.410068,5945.175176257,5945.175176257,15396,21554400,0.000000
3142,31.420063,5945.185171660,5945.185171660,15401,21561400,0.000000
3143,31.430075,5945.195182787,5945.195182787,15406,21568400,0.000000
3144,31.440086,5945.205194658,5945.205194658,15411,21575400,0.000000
3145,31.450071,5945.215179534,5945.215179534,15416,21582400,0.000000
3146,31.460044,5945.225152557,5945.225152557,15421,21589400,0.000000
3147,31.470197,5945.235305224,5945.235305224,15426,21596400,0.000000
3148,31.480064,5945.245172042,5945.245172042,15430,21602000,0.000000
3149,31.490060,5945.255168474,5945.255168474,15435,21609000,0.000000
3150,31.500072,5945.265179841,5945.265179841,15440,21616000,0.000000
3151,31.510067,5945.275175295,5945.275175295,15445,21623000,0.000000
3152,31.520064,5945.285172327,5945.285172327,15450,21630000,0.000000
3153,31.530063,5945.295171697,5945.295171697,15455,21637000,0.000000
3154,31.540063,5945.305170869,5945.305170869,15460,21644000,0.000000
3155,31.550070,5945.315177968,5945.315177968,15465,21651000,0.000000
3156,31.560001,5945.325109002,5945.325109002,15470,21658000,0.000000
3157,31.570068,5945.335175799,5945.335175799,15474,21663600,0.000000
3158,31.580066,5945.345174379,5945.345174379,15479,21670600,0.000000
3159,31.590069,5945.355177251,5945.355177251,15484,21677600,0.000000
3160,31.600064,5945.365172351,5945.365172351,15489,21684600,0.000000
3161,31.610063,5945.375171675,5945.375171675,15494,21691600,0.000000
3162,31.620033,5945.385141551,5945.385141551,15499,21698600,0.000000
3163,31.630063,5945.395171436,5945.395171436,15504,21705600,0.000000
3164,31.640062,5945.405170565,5945.405170565,15509,21712600,0.000000
3165,31.650071,5945.415178870,5945.415178870,15514,21719600,0.000000
3166,31.660039,5945.425146860,5945.425146860,15519,21726600,0.000000
3167,31.670068,5945.435175801,5945.435175801,15523,21732200,0.000000
3168,31.680066,5945.445174218,5945.445174218,15528,21739200,0.000000
3169,31.690069,5945.455177619,5945.455177619,15533,21746200,0.000000
3170,31.700066,5945.465174090,5945.465174090,15538,21753200,0.000000
3171,31.710026,5945.475133733,5945.475133733,15543,21760200,0.000000
3172,31.720074,5945.485181736,5945.485181736,15548,21767200,0.000000
3173,31.730067,5945.495175374,5945.495175374,15553,21774200,0.000000
3174,31.740067,5945.505175358,5945.505175358,15558,21781200,0.000000
3175,31.750068,5945.515175960,5945.515175960,15563,21788200,0.000000
3176,31.760045,5945.525153538,5945.525153538,15568,21795200,0.000000
3177,31.770073,5945.535181642,5945.535181642,15573,21802200,0.000000
3178,31.780066,5945.545174622,5945.545174622,15577,21807800,0.000000
3179,31.790067,5945.555175124,5945.555175124,15582,21814800,0.000000
3180,31.800058,5945.565166365,5945.565166365,15587,21821800,0.000000
3181,31.810065,5945.575173413,5945.575173413,15592,21828800,0.000000
3182,31.820070,5945.585177993,5945.585177993,15597,21835800,0.000000
3183,31.830066,5945.595174030,5945.595174030,15602,21842800,0.000000
3184,31.840064,5945.605172029,5945.605172029,15607,21849800,0.000000
3185,31.850065,5945.615173283,5945.615173283,15612,21856800,0.000000
3186,31.860071,5945.625179565,5945.625179565,15617,21863800,0.000000
3187,31.870073,5945.635180782,5945.635180782,15622,21870800,0.000000
3188,31.880063,5945.645170800,5945.645170800,15626,21876400,0.000000
3189,31.890064,5945.655171889,5945.655171889,15631,21883400,0.000000
3190,31.900064,5945.665172143,5945.665172143,15636,21890400,0.000000
3191,31.910066,5945.675174664,5945.675174664,15641,21897400,0.000000
3192,31.920074,5945.685181751,5945.685181751,15646,21904400,0.000000
3193,31.930064,5945.695172066,5945.695172066,15651,21911400,0.000000
3194,31.940067,5945.705175050,5945.705175050,15656,21918400,0.000000
3195,31.950060,5945.715167771,5945.715167771,15661,21925400,0.000000
3196,31.960058,5945.725166596,5945.725166596,15666,21932400,0.000000
3197,31.970051,5945.735159039,5945.735159039,15671,21939400,0.000000
3198,31.980068,5945.745176434,5945.745176434,15675,21945000,0.000000
3199,31.990062,5945.755169920,5945.755169920,15680,21952000,0.000000
3200,32.000061,5945.765169262,5945.765169262,15685,21959000,0.000000
3201,32.010072,5945.775179961,5945.775179961,15690,21966000,0.000000
3202,32.020072,5945.785180353,5945.785180353,15695,21973000,0.000000
3203,32.030072,5945.795179989,5945.795179989,15700,21980000,0.000000
3204,32.040065,5945.805173323,5945.805173323,15705,21987000,0.000000
3205,32.050061,5945.815169483,5945.815169483,15710,21994000,0.000000
3206,32.060059,5945.825167032,5945.825167032,15715,22001000,0.000000
3207,32.070020,5945.835127926,5945.835127926,15720,22008000,0.000000
3208,32.080059,5945.845166909,5945.845166909,15724,22013600,0.000000
3209,32.090061,5945.855169709,5945.855169709,15729,22020600,0.000000
3210,32.100062,5945.865170320,5945.865170320,15734,22027600,0.000000
3211,32.110045,5945.875153679,5945.875153679,15739,22034600,0.000000
3212,32.120063,5945.885171351,5945.885171351,15744,22041600,0.000000
3213,32.130090,5945.895197959,5945.895197959,15749,22048600,0.000000
3214,32.140065,5945.905172733,5945.905172733,15754,22055600,0.000000
3215,32.150068,5945.915176676,5945.915176676,15759,22062600,0.000000
3216,32.160072,5945.925180097,5945.925180097,15764,22069600,0.000000
3217,32.170037,5945.935145423,5945.935145423,15769,22076600,0.000000
3218,32.180066,5945.945174102,5945.945174102,15773,22082200,0.000000
3219,32.190065,5945.955172749,5945.955172749,15778,22089200,0.000000
3220,32.200064,5945.965172586,5945.965172586,15783,22096200,0.000000
3221,32.210067,5945.975174839,5945.975174839,15788,22103200,0.000000
3222,32.220069,5945.985176750,5945.985176750,15793,22110200,0.000000
3223,32.230065,5945.995173012,5945.995173012,15798,22117200,0.000000
3224,32.240067,5946.005174983,5946.005174983,15803,22124200,0.000000
3225,32.250045,5946.015153115,5946.015153115,15808,22131200,0.000000
3226,32.260065,5946.025173095,5946.025173095,15813,22138200,0.000000
3227,32.270044,5946.035152108,5946.035152108,15818,22145200,0.000000
3228,32.280068,5946.045176080,5946.045176080,15822,22150800,0.000000
3229,32.290069,5946.055176972,5946.055176972,15827,22157800,0.000000
3230,32.300080,5946.065187733,5946.065187733,15832,22164800,0.000000
3231,32.310066,5946.075174183,5946.075174183,15837,22171800,0.000000
3232,32.320065,5946.085173074,5946.085173074,15842,22178800,0.000000
3233,32.330067,5946.095175577,5946.095175577,15847,22185800,0.000000
3234,32.340028,5946.105136448,5946.105136448,15852,22192800,0.000000
3235,32.350066,5946.115173807,5946.115173807,15857,22199800,0.000000
3236,32.360025,5946.125133344,5946.125133344,15862,22206800,0.000000
3237,32.370031,5946.135139086,5946.135139086,15867,22213800,0.000000
3238,32.380088,5946.145196359,5946.145196359,15872,22220800,0.000000
3239,32.390064,5946.155172144,5946.155172144,15876,22226400,0.000000
3240,32.400072,5946.165180350,5946.165180350,15881,22233400,0.000000
3241,32.410067,5946.175175210,5946.175175210,15886,22240400,0.000000
3242,32.420069,5946.185177263,5946.185177263,15891,22247400,0.000000
3243,32.430085,5946.195192876,5946.195192876,15896,22254400,0.000000
3244,32.440069,5946.205177327,5946.205177327,15901,22261400,0.000000
3245,32.450065,5946.215173511,5946.215173511,15906,22268400,0.000000
3246,32.460067,5946.225174902,5946.225174902,15911,22275400,0.000000
3247,32.470062,5946.235170465,5946.235170465,15916,22282400,0.000000
3248,32.480079,5946.245186921,5946.245186921,15921,22289400,0.000000
3249,32.490078,5946.255185886,5946.255185886,15925,22295000,0.000000
3250,32.500074,5946.265181987,5946.265181987,15930,22302000,0.000000
3251,32.510068,5946.275176570,5946.275176570,15935,22309000,0.000000
3252,32.520068,5946.285175756,5946.285175756,15940,22316000,0.000000
3253,32.530067,5946.295175505,5946.295175505,15945,22323000,0.000000
3254,32.540059,5946.305167051,5946.305167051,15950,22330000,0.000000
3255,32.550065,5946.315173414,5946.315173414,15955,22337000,0.000000
3256,32.560065,5946.325173458,5946.325173458,15960,22344000,0.000000
3257,32.570062,5946.335169946,5946.335169946,15965,22351000,0.000000
3258,32.580046,5946.345154254,5946.345154254,15970,22358000,0.000000
3259,32.590072,5946.355180410,5946.355180410,15974,22363600,0.000000
3260,32.600084,5946.365192364,5946.365192364,15979,22370600,0.000000
3261,32.610069,5946.375176866,5946.375176866,15984,22377600,0.000000
3262,32.620073,5946.385181429,5946.385181429,15989,22384600,0.000000
3263,32.630067,5946.395175068,5946.395175068,15994,22391600,0.000000
3264,32.640063,5946.405170859,5946.405170859,15999,22398600,0.000000
3265,32.650070,5946.415178660,5946.415178660,16004,22405600,0.000000
3266,32.660063,5946.425171722,5946.425171722,16009,22412600,0.000000
3267,32.670067,5946.435175328,5946.435175328,16014,22419600,0.000000
3268,32.680019,5946.445126752,5946.445126752,16019,22426600,0.000000
3269,32.690069,5946.455177549,5946.455177549,16023,22432200,0.000000
3270,32.700069,5946.465177564,5946.465177564,16028,22439200,0.000000
3271,32.710067,5946.475175093,5946.475175093,16033,22446200,0.000000
3272,32.720066,5946.485174225,5946.485174225,16038,22453200,0.000000
3273,32.730068,5946.495175979,5946.495175979,16043,22460200,0.000000
3274,32.740073,5946.505180893,5946.505180893,16048,22467200,0.000000
3275,32.750066,5946.515173785,5946.515173785,16053,22474200,0.000000
3276,32.760061,5946.525169511,5946.525169511,16058,22481200,0.000000
3277,32.770073,5946.535181687,5946.535181687,16063,22488200,0.000000
3278,32.780044,5946.545152423,5946.545152423,16068,22495200,0.000000
3279,32.790068,5946.555175986,5946.555175986,16072,22500800,0.000000
3280,32.800064,5946.565172600,5946.565172600,16077,22507800,0.000000
3281,32.810068,5946.575176333,5946.575176333,16082,22514800,0.000000
3282,32.820069,5946.585176856,5946.585176856,16087,22521800,0.000000
3283,32.830067,5946.595174932,5946.595174932,16092,22528800,0.000000
3284,32.840064,5946.605172219,5946.605172219,16097,22535800,0.000000
3285,32.850068,5946.615176698,5946.615176698,16102,22542800,0.000000
3286,32.860064,5946.625172586,5946.625172586,16107,22549800,0.000000
3287,32.870064,5946.635172558,5946.635172558,16112,22556800,0.000000
3288,32.880054,5946.645162153,5946.645162153,16117,22563800,0.000000
3289,32.890079,5946.655187473,5946.655187473,16122,22570800,0.000000
3290,32.900074,5946.665182057,5946.665182057,16126,22576400,0.000000
3291,32.910069,5946.675176888,5946.675176888,16131,22583400,0.000000
3292,32.920067,5946.685175226,5946.685175226,16136,22590400,0.000000
3293,32.930071,5946.695179499,5946.695179499,16141,22597400,0.000000
3294,32.940068,5946.705176165,5946.705176165,16146,22604400,0.000000
3295,32.950068,5946.715176021,5946.715176021,16151,22611400,0.000000
3296,32.960068,5946.725176090,5946.725176090,16156,22618400,0.000000
3297,32.970065,5946.735173682,5946.735173682,16161,22625400,0.000000
3298,32.980023,5946.745130999,5946.745130999,16166,22632400,0.000000
3299,32.990075,5946.755182945,5946.755182945,16171,22639400,0.000000
3300,33.000066,5946.765174254,5946.765174254,16175,22645000,0.000000
3301,33.010070,5946.775178141,5946.775178141,16180,22652000,0.000000
3302,33.020060,5946.785168048,5946.785168048,16185,22659000,0.000000
3303,33.030064,5946.795172639,5946.795172639,16190,22666000,0.000000
3304,33.040062,5946.805170277,5946.805170277,16195,22673000,0.000000
3305,33.050064,5946.815172092,5946.815172092,16200,22680000,0.000000
3306,33.060068,5946.825176420,5946.825176420,16205,22687000,0.000000
3307,33.070065,5946.835173485,5946.835173485,16210,22694000,0.000000
3308,33.080067,5946.845175527,5946.845175527,16215,22701000,0.000000
3309,33.090056,5946.855163990,5946.855163990,16220,22708000,0.000000
3310,33.100079,5946.865187685,5946.865187685,16224,22713600,0.000000
3311,33.110065,5946.875173193,5946.875173193,16229,22720600,0.000000
3312,33.120067,5946.885174884,5946.885174884,16234,22727600,0.000000
3313,33.130066,5946.895173916,5946.895173916,16239,22734600,0.000000
3314,33.140065,5946.905173603,5946.905173603,16244,22741600,0.000000
3315,33.150093,5946.915200724,5946.915200724,16249,22748600,0.000000
3316,33.160066,5946.925174320,5946.925174320,16254,22755600,0.000000
3317,33.170065,5946.935173552,5946.935173552,16259,22762600,0.000000
3318,33.180063,5946.945171143,5946.945171143,16264,22769600,0.000000
3319,33.190022,5946.955130559,5946.955130559,16269,22776600,0.000000
3320,33.200064,5946.965172158,5946.965172158,16273,22782200,0.000000
3321,33.210073,5946.975181276,5946.975181276,16278,22789200,0.000000
3322,33.220067,5946.985174815,5946.985174815,16283,22796200,0.000000
3323,33.230065,5946.995173299,5946.995173299,16288,22803200,0.000000
3324,33.240066,5947.005174231,5947.005174231,16293,22810200,0.000000
3325,33.250066,5947.015174246,5947.015174246,16298,22817200,0.000000
3326,33.260069,5947.025176863,5947.025176863,16303,22824200,0.000000
3327,33.270065,5947.035173527,5947.035173527,16308,22831200,0.000000
3328,33.280065,5947.045173469,5947.045173469,16313,22838200,0.000000
3329,33.290058,5947.055165750,5947.055165750,16318,22845200,0.000000
3330,33.300060,5947.065167994,5947.065167994,16322,22850800,0.000000
3331,33.310065,5947.075173122,5947.075173122,16327,22857800,0.000000
3332,33.320066,5947.085173826,5947.085173826,16332,22864800,0.000000
3333,33.330065,5947.095172985,5947.095172985,16337,22871800,0.000000
3334,33.340066,5947.105174232,5947.105174232,16342,22878800,0.000000
3335,33.350064,5947.115171963,5947.115171963,16347,22885800,0.000000
3336,33.360064,5947.125171946,5947.125171946,16352,22892800,0.000000
3337,33.370040,5947.135147822,5947.135147822,16357,22899800,0.000000
3338,33.380064,5947.145172403,5947.145172403,16362,22906800,0.000000
3339,33.390035,5947.155143438,5947.155143438,16367,22913800,0.000000
3340,33.400063,5947.165171630,5947.165171630,16371,22919400,0.000000
3341,33.410069,5947.175177666,5947.175177666,16376,22926400,0.000000
3342,33.420068,5947.185176694,5947.185176694,16381,22933400,0.000000
3343,33.430066,5947.195174709,5947.195174709,16386,22940400,0.000000
3344,33.440070,5947.205177806,5947.205177806,16391,22947400,0.000000
3345,33.450065,5947.215173353,5947.215173353,16396,22954400,0.000000
3346,33.460063,5947.225171202,5947.225171202,16401,22961400,0.000000
3347,33.470072,5947.235180608,5947.235180608,16406,22968400,0.000000
3348,33.480059,5947.245167396,5947.245167396,16411,22975400,0.000000
3349,33.490027,5947.255134936,5947.255134936,16416,22982400,0.000000
3350,33.500077,5947.265185135,5947.265185135,16421,22989400,0.000000
3351,33.510047,5947.275155152,5947.275155152,16425,22995000,0.000000
3352,33.520066,5947.285173956,5947.285173956,16430,23002000,0.000000
3353,33.530065,5947.295173515,5947.295173515,16435,23009000,0.000000
3354,33.540062,5947.305170366,5947.305170366,16440,23016000,0.000000
3355,33.550071,5947.315179262,5947.315179262,16445,23023000,0.000000
3356,33.560070,5947.325178210,5947.325178210,16450,23030000,0.000000
3357,33.570066,5947.335174088,5947.335174088,16455,23037000,0.000000
3358,33.580071,5947.345179031,5947.345179031,16460,23044000,0.000000
3359,33.590064,5947.355172321,5947.355172321,16465,23051000,0.000000
3360,33.600075,5947.365183701,5947.365183701,16470,23058000,0.000000
3361,33.610068,5947.375176233,5947.375176233,16474,23063600,0.000000
3362,33.620072,5947.385180421,5947.385180421,16479,23070600,0.000000
3363,33.630064,5947.395172715,5947.395172715,16484,23077600,0.000000
3364,33.640072,5947.405180152,5947.405180152,16489,23084600,0.000000
3365,33.650069,5947.415177128,5947.415177128,16494,23091600,0.000000
3366,33.660068,5947.425176624,5947.425176624,16499,23098600,0.000000
3367,33.670066,5947.435173865,5947.435173865,16504,23105600,0.000000
3368,33.680064,5947.445171812,5947.445171812,16509,23112600,0.000000
3369,33.690047,5947.455154814,5947.455154814,16514,23119600,0.000000
3370,33.700044,5947.465152548,5947.465152548,16519,23126600,0.000000
3371,33.710071,5947.475178876,5947.475178876,16523,23132200,0.000000
3372,33.720071,5947.485179250,5947.485179250,16528,23139200,0.000000
3373,33.730064,5947.495172690,5947.495172690,16533,23146200,0.000000
3374,33.740078,5947.505186175,5947.505186175,16538,23153200,0.000000
3375,33.750068,5947.515176333,5947.515176333,16543,23160200,0.000000
3376,33.760064,5947.525171838,5947.525171838,16548,23167200,0.000000
3377,33.770059,5947.535166807,5947.535166807,16553,23174200,0.000000
3378,33.780059,5947.545167256,5947.545167256,16558,23181200,0.000000
3379,33.790024,5947.555131939,5947.555131939,16563,23188200,0.000000
3380,33.800012,5947.565119984,5947.565119984,16568,23195200,0.000000
3381,33.810025,5947.575133711,5947.575133711,16572,23200800,0.000000
3382,33.820063,5947.585171023,5947.585171023,16577,23207800,0.000000
3383,33.830070,5947.595178269,5947.595178269,16582,23214800,0.000000
3384,33.840063,5947.605171638,5947.605171638,16587,23221800,0.000000
3385,33.850065,5947.615173086,5947.615173086,16592,23228800,0.000000
3386,33.860048,5947.625156352,5947.625156352,16597,23235800,0.000000
3387,33.870064,5947.635171913,5947.635171913,16602,23242800,0.000000
3388,33.880066,5947.645174295,5947.645174295,16607,23249800,0.000000
3389,33.890075,5947.655182792,5947.655182792,16612,23256800,0.000000
3390,33.900072,5947.665180552,5947.665180552,16617,23263800,0.000000
3391,33.910067,5947.675174776,5947.675174776,16621,23269400,0.000000
3392,33.920066,5947.685173913,5947.685173913,16626,23276400,0.000000
3393,33.930027,5947.695135440,5947.695135440,16631,23283400,0.000000
3394,33.940069,5947.705177571,5947.705177571,16636,23290400,0.000000
3395,33.950071,5947.715179526,5947.715179526,16641,23297400,0.000000
3396,33.960059,5947.725167237,5947.725167237,16646,23304400,0.000000
3397,33.970068,5947.735176504,5947.735176504,16651,23311400,0.000000
3398,33.980062,5947.745170477,5947.745170477,16656,23318400,0.000000
3399,33.990069,5947.755177128,5947.755177128,16661,23325400,0.000000
3400,34.000057,5947.765165450,5947.765165450,16666,23332400,0.000000
3401,34.010086,5947.775194394,5947.775194394,16671,23339400,0.000000
3402,34.020067,5947.785174821,5947.785174821,16675,23345000,0.000000
3403,34.030066,5947.795174553,5947.795174553,16680,23352000,0.000000
3404,34.040070,5947.805178710,5947.805178710,16685,23359000,0.000000
3405,34.050067,5947.815175222,5947.815175222,16690,23366000,0.000000
3406,34.060067,5947.825175160,5947.825175160,16695,23373000,0.000000
3407,34.070070,5947.835178415,5947.835178415,16700,23380000,0.000000
3408,34.080062,5947.845170689,5947.845170689,16705,23387000,0.000000
3409,34.090069,5947.855176915,5947.855176915,16710,23394000,0.000000
3410,34.100008,5947.865116340,5947.865116340,16715,23401000,0.000000
3411,34.110079,5947.875187428,5947.875187428,16720,23408000,0.000000
3412,34.120068,5947.885176225,5947.885176225,16724,23413600,0.000000
3413,34.130062,5947.895169891,5947.895169891,16729,23420600,0.000000
3414,34.140071,5947.905179086,5947.905179086,16734,23427600,0.000000
3415,34.150065,5947.915172881,5947.915172881,16739,23434600,0.000000
3416,34.160069,5947.925177105,5947.925177105,16744,23441600,0.000000
3417,34.170064,5947.935172378,5947.935172378,16749,23448600,0.000000
3418,34.180064,5947.945172155,5947.945172155,16754,23455600,0.000000
3419,34.190064,5947.955172525,5947.955172525,16759,23462600,0.000000
3420,34.200067,5947.965175398,5947.965175398,16764,23469600,0.000000
3421,34.210048,5947.975155917,5947.975155917,16769,23476600,0.000000
3422,34.220070,5947.985178441,5947.985178441,16773,23482200,0.000000
3423,34.230068,5947.995175910,5947.995175910,16778,23489200,0.000000
3424,34.240066,5948.005174028,5948.005174028,16783,23496200,0.000000
3425,34.250066,5948.015173751,5948.015173751,16788,23503200,0.000000
3426,34.260064,5948.025172339,5948.025172339,16793,23510200,0.000000
3427,34.270063,5948.035170943,5948.035170943,16798,23517200,0.000000
3428,34.280060,5948.045168192,5948.045168192,16803,23524200,0.000000
3429,34.290060,5948.055168062,5948.055168062,16808,23531200,0.000000
3430,34.300066,5948.065174084,5948.065174084,16813,23538200,0.000000
3431,34.310016,5948.075124145,5948.075124145,16818,23545200,0.000000
3432,34.320060,5948.085167813,5948.085167813,16822,23550800,0.000000
3433,34.330072,5948.095179862,5948.095179862,16827,23557800,0.000000
3434,34.340064,5948.105172391,5948.105172391,16832,23564800,0.000000
3435,34.350047,5948.115155535,5948.115155535,16837,23571800,0.000000
3436,34.360062,5948.125170591,5948.125170591,16842,23578800,0.000000
3437,34.370066,5948.135173817,5948.135173817,16847,23585800,0.000000
3438,34.380069,5948.145177438,5948.145177438,16852,23592800,0.000000
3439,34.390063,5948.155170757,5948.155170757,16857,23599800,0.000000
3440,34.400067,5948.165174929,5948.165174929,16862,23606800,0.000000
3441,34.410068,5948.175176128,5948.175176128,16867,23613800,0.000000
3442,34.420071,5948.185179495,5948.185179495,16871,23619400,0.000000
3443,34.430066,5948.195174656,5948.195174656,16876,23626400,0.000000
3444,34.440065,5948.205173207,5948.205173207,16881,23633400,0.000000
3445,34.450066,5948.215174131,5948.215174131,16886,23640400,0.000000
3446,34.460066,5948.225174534,5948.225174534,16891,23647400,0.000000
3447,34.470069,5948.235176824,5948.235176824,16896,23654400,0.000000
3448,34.480064,5948.245172222,5948.245172222,16901,23661400,0.000000
3449,34.490066,5948.255174608,5948.255174608,16906,23668400,0.000000
3450,34.500060,5948.265168270,5948.265168270,16911,23675400,0.000000
3451,34.510033,5948.275141468,5948.275141468,16916,23682400,0.000000
3452,34.520069,5948.285177155,5948.285177155,16920,23688000,0.000000
3453,34.530055,5948.295163256,5948.295163256,16925,23695000,0.000000
3454,34.540068,5948.305176091,5948.305176091,16930,23702000,0.000000
3455,34.550065,5948.315173349,5948.315173349,16935,23709000,0.000000
3456,34.560062,5948.325169764,5948.325169764,16940,23716000,0.000000
3457,34.570076,5948.335184407,5948.335184407,16945,23723000,0.000000
3458,34.580069,5948.345177185,5948.345177185,16950,23730000,0.000000
3459,34.590063,5948.355171197,5948.355171197,16955,23737000,0.000000
3460,34.600065,5948.365173211,5948.365173211,16960,23744000,0.000000
3461,34.610036,5948.375144497,5948.375144497,16965,23751000,0.000000
3462,34.620104,5948.385211935,5948.385211935,16970,23758000,0.000000
3463,34.630066,5948.395174271,5948.395174271,16974,23763600,0.000000
3464,34.640066,5948.405174323,5948.405174323,16979,23770600,0.000000
3465,34.650065,5948.415172853,5948.415172853,16984,23777600,0.000000
3466,34.660068,5948.425176509,5948.425176509,16989,23784600,0.000000
3467,34.670070,5948.435178084,5948.435178084,16994,23791600,0.000000
3468,34.680065,5948.445172890,5948.445172890,16999,23798600,0.000000
3469,34.690061,5948.455169663,5948.455169663,17004,23805600,0.000000
3470,34.700068,5948.465176653,5948.465176653,17009,23812600,0.000000
3471,34.710030,5948.475138715,5948.475138715,17014,23819600,0.000000
3472,34.720083,5948.485191454,5948.485191454,17019,23826600,0.000000
3473,34.730068,5948.495176353,5948.495176353,17023,23832200,0.000000
3474,34.740075,5948.505183436,5948.505183436,17028,23839200,0.000000
3475,34.750063,5948.515171275,5948.515171275,17033,23846200,0.000000
3476,34.760066,5948.525174180,5948.525174180,17038,23853200,0.000000
3477,34.770067,5948.535174890,5948.535174890,17043,23860200,0.000000
3478,34.780071,5948.545179049,5948.545179049,17048,23867200,0.000000
3479,34.790065,5948.555173684,5948.555173684,17053,23874200,0.000000
3480,34.800073,5948.565180874,5948.565180874,17058,23881200,0.000000
3481,34.810029,5948.575137071,5948.575137071,17063,23888200,0.000000
3482,34.820059,5948.585167187,5948.585167187,17068,23895200,0.000000
3483,34.830076,5948.595184678,5948.595184678,17072,23900800,0.000000
3484,34.840088,5948.605196719,5948.605196719,17077,23907800,0.000000
3485,34.850063,5948.615171588,5948.615171588,17082,23914800,0.000000
3486,34.860094,5948.625201820,5948.625201820,17087,23921800,0.000000
3487,34.870067,5948.635175194,5948.635175194,17092,23928800,0.000000
3488,34.880076,5948.645184173,5948.645184173,17097,23935800,0.000000
3489,34.890068,5948.655176674,5948.655176674,17102,23942800,0.000000
3490,34.900065,5948.665173112,5948.665173112,17107,23949800,0.000000
3491,34.910068,5948.675176246,5948.675176246,17112,23956800,0.000000
3492,34.920007,5948.685114973,5948.685114973,17117,23963800,0.000000
3493,34.930070,5948.695177744,5948.695177744,17121,23969400,0.000000
3494,34.940065,5948.705173673,5948.705173673,17126,23976400,0.000000
3495,34.950063,5948.715171618,5948.715171618,17131,23983400,0.000000
3496,34.960071,5948.725178941,5948.725178941,17136,23990400,0.000000
3497,34.970068,5948.735176122,5948.735176122,17141,23997400,0.000000
3498,34.980070,5948.745178172,5948.745178172,17146,24004400,0.000000
3499,34.990066,5948.755174131,5948.755174131,17151,24011400,0.000000
3500,35.000065,5948.765173413,5948.765173413,17156,24018400,0.000000
3501,35.010065,5948.775172918,5948.775172918,17161,24025400,0.000000
3502,35.020069,5948.785177288,5948.785177288,17166,24032400,0.000000
3503,35.030065,5948.795173646,5948.795173646,17170,24038000,0.000000
3504,35.040067,5948.805175716,5948.805175716,17175,24045000,0.000000
3505,35.050067,5948.815174991,5948.815174991,17180,24052000,0.000000
3506,35.060080,5948.825188641,5948.825188641,17185,24059000,0.000000
3507,35.070079,5948.835186991,5948.835186991,17190,24066000,0.000000
3508,35.080070,5948.845178180,5948.845178180,17195,24073000,0.000000
3509,35.090067,5948.855174895,5948.855174895,17200,24080000,0.000000
3510,35.100066,5948.865174346,5948.865174346,17205,24087000,0.000000
3511,35.110088,5948.875196710,5948.875196710,17210,24094000,0.000000
3512,35.120045,5948.885153543,5948.885153543,17215,24101000,0.000000
3513,35.130095,5948.895202904,5948.895202904,17220,24108000,0.000000
3514,35.140073,5948.905181497,5948.905181497,17224,24113600,0.000000
3515,35.150087,5948.915195639,5948.915195639,17229,24120600,0.000000
3516,35.160076,5948.925184411,5948.925184411,17234,24127600,0.000000
3517,35.170078,5948.935186003,5948.935186003,17239,24134600,0.000000
3518,35.180080,5948.945188047,5948.945188047,17244,24141600,0.000000
3519,35.190065,5948.955173287,5948.955173287,17249,24148600,0.000000
3520,35.200063,5948.965171109,5948.965171109,17254,24155600,0.000000
3521,35.210060,5948.975168608,5948.975168608,17259,24162600,0.000000
3522,35.220058,5948.985166177,5948.985166177,17264,24169600,0.000000
3523,35.230034,5948.995142526,5948.995142526,17269,24176600,0.000000
3524,35.240066,5949.005174588,5949.005174588,17273,24182200,0.000000
3525,35.250083,5949.015191567,5949.015191567,17278,24189200,0.000000
3526,35.260065,5949.025173665,5949.025173665,17283,24196200,0.000000
3527,35.270067,5949.035175410,5949.035175410,17288,24203200,0.000000
3528,35.280071,5949.045178851,5949.045178851,17293,24210200,0.000000
3529,35.290062,5949.055170704,5949.055170704,17298,24217200,0.000000
3530,35.300066,5949.065174502,5949.065174502,17303,24224200,0.000000
3531,35.310063,5949.075170882,5949.075170882,17308,24231200,0.000000
3532,35.320061,5949.085169482,5949.085169482,17313,24238200,0.000000
3533,35.330052,5949.095159840,5949.095159840,17318,24245200,0.000000
3534,35.340071,5949.105179446,5949.105179446,17322,24250800,0.000000
3535,35.350066,5949.115174593,5949.115174593,17327,24257800,0.000000
3536,35.360069,5949.125177339,5949.125177339,17332,24264800,0.000000
3537,35.370072,5949.135179856,5949.135179856,17337,24271800,0.000000
3538,35.380064,5949.145172644,5949.145172644,17342,24278800,0.000000
3539,35.390062,5949.155170220,5949.155170220,17347,24285800,0.000000
3540,35.400033,5949.165141292,5949.165141292,17352,24292800,0.000000
3541,35.410059,5949.175167609,5949.175167609,17357,24299800,0.000000
3542,35.420059,5949.185166886,5949.185166886,17362,24306800,0.000000
3543,35.430023,5949.195130779,5949.195130779,17367,24313800,0.000000
3544,35.440068,5949.205176027,5949.205176027,17371,24319400,0.000000
3545,35.450063,5949.215170820,5949.215170820,17376,24326400,0.000000
3546,35.460072,5949.225180352,5949.225180352,17381,24333400,0.000000
3547,35.470055,5949.235162967,5949.235162967,17386,24340400,0.000000
3548,35.480065,5949.245173017,5949.245173017,17391,24347400,0.000000
3549,35.490070,5949.255178002,5949.255178002,17396,24354400,0.000000
3550,35.500065,5949.265173146,5949.265173146,17401,24361400,0.000000
3551,35.510064,5949.275172584,5949.275172584,17406,24368400,0.000000
3552,35.520064,5949.285172141,5949.285172141,17411,24375400,0.000000
3553,35.530062,5949.295170076,5949.295170076,17416,24382400,0.000000
3554,35.540039,5949.305147097,5949.305147097,17420,24388000,0.000000
3555,35.550089,5949.315197600,5949.315197600,17425,24395000,0.000000
3556,35.560066,5949.325173997,5949.325173997,17430,24402000,0.000000
3557,35.570069,5949.335177276,5949.335177276,17435,24409000,0.000000
3558,35.580074,5949.345181848,5949.345181848,17440,24416000,0.000000
3559,35.590062,5949.355170214,5949.355170214,17445,24423000,0.000000
3560,35.600062,5949.365170132,5949.365170132,17450,24430000,0.000000
3561,35.610074,5949.375182094,5949.375182094,17455,24437000,0.000000
3562,35.620061,5949.385169472,5949.385169472,17460,24444000,0.000000
3563,35.630062,5949.395170572,5949.395170572,17465,24451000,0.000000
3564,35.640071,5949.405179594,5949.405179594,17469,24456600,0.000000
3565,35.650065,5949.415172866,5949.415172866,17474,24463600,0.000000
3566,35.660067,5949.425175039,5949.425175039,17479,24470600,0.000000
3567,35.670063,5949.435171535,5949.435171535,17484,24477600,0.000000
3568,35.680065,5949.445173589,5949.445173589,17489,24484600,0.000000
3569,35.690066,5949.455173870,5949.455173870,17494,24491600,0.000000
3570,35.700067,5949.465174823,5949.465174823,17499,24498600,0.000000
3571,35.710066,5949.475174453,5949.475174453,17504,24505600,0.000000
3572,35.720068,5949.485176494,5949.485176494,17509,24512600,0.000000
3573,35.730027,5949.495134975,5949.495134975,17514,24519600,0.000000
3574,35.740091,5949.505199022,5949.505199022,17519,24526600,0.000000
3575,35.750067,5949.515175548,5949.515175548,17523,24532200,0.000000
3576,35.760065,5949.525173309,5949.525173309,17528,24539200,0.000000
3577,35.770067,5949.535174829,5949.535174829,17533,24546200,0.000000
3578,35.780060,5949.545168404,5949.545168404,17538,24553200,0.000000
3579,35.790059,5949.555166832,5949.555166832,17543,24560200,0.000000
3580,35.800065,5949.565173148,5949.565173148,17548,24567200,0.000000
3581,35.810066,5949.575174314,5949.575174314,17553,24574200,0.000000
3582,35.820071,5949.585178966,5949.585178966,17558,24581200,0.000000
3583,35.830071,5949.595179366,5949.595179366,17563,24588200,0.000000
3584,35.840076,5949.605183900,5949.605183900,17568,24595200,0.000000
3585,35.850067,5949.615175223,5949.615175223,17572,24600800,0.000000
3586,35.860071,5949.625178836,5949.625178836,17577,24607800,0.000000
3587,35.870051,5949.635158800,5949.635158800,17582,24614800,0.000000
3588,35.880078,5949.645185770,5949.645185770,17587,24621800,0.000000
3589,35.890060,5949.655168632,5949.655168632,17592,24628800,0.000000
3590,35.900067,5949.665174956,5949.665174956,17597,24635800,0.000000
3591,35.910064,5949.675172216,5949.675172216,17602,24642800,0.000000
3592,35.920058,5949.685166232,5949.685166232,17607,24649800,0.000000
3593,35.930063,5949.695171114,5949.695171114,17612,24656800,0.000000
3594,35.940032,5949.705140541,5949.705140541,17617,24663800,0.000000
3595,35.950065,5949.715172802,5949.715172802,17621,24669400,0.000000
3596,35.960066,5949.725174635,5949.725174635,17626,24676400,0.000000
3597,35.970066,5949.735174417,5949.735174417,17631,24683400,0.000000
3598,35.980066,5949.745174259,5949.745174259,17636,24690400,0.000000
3599,35.990063,5949.755170991,5949.755170991,17641,24697400,0.000000
3600,36.000067,5949.765175060,5949.765175060,17646,24704400,0.000000
3601,36.010064,5949.775171968,5949.775171968,17651,24711400,0.000000
3602,36.020066,5949.785173749,5949.785173749,17656,24718400,0.000000
3603,36.030069,5949.795176727,5949.795176727,17661,24725400,0.000000
3604,36.040010,5949.805118218,5949.805118218,17666,24732400,0.000000
3605,36.050067,5949.815175670,5949.815175670,17670,24738000,0.000000
3606,36.060061,5949.825168946,5949.825168946,17675,24745000,0.000000
3607,36.070065,5949.835172914,5949.835172914,17680,24752000,0.000000
3608,36.080063,5949.845171026,5949.845171026,17685,24759000,0.000000
3609,36.090060,5949.855168258,5949.855168258,17690,24766000,0.000000
3610,36.100065,5949.865173030,5949.865173030,17695,24773000,0.000000
3611,36.110064,5949.875172258,5949.875172258,17700,24780000,0.000000
3612,36.120062,5949.885170211,5949.885170211,17705,24787000,0.000000
3613,36.130064,5949.895172637,5949.895172637,17710,24794000,0.000000
3614,36.140031,5949.905138885,5949.905138885,17715,24801000,0.000000
3615,36.150066,5949.915173809,5949.915173809,17719,24806600,0.000000
3616,36.160067,5949.925174836,5949.925174836,17724,24813600,0.000000
3617,36.170065,5949.935173069,5949.935173069,17729,24820600,0.000000
3618,36.180017,5949.945125142,5949.945125142,17734,24827600,0.000000
3619,36.190031,5949.955139479,5949.955139479,17739,24834600,0.000000
3620,36.200071,5949.965179642,5949.965179642,17744,24841600,0.000000
3621,36.210066,5949.975173765,5949.975173765,17749,24848600,0.000000
3622,36.220064,5949.985172269,5949.985172269,17754,24855600,0.000000
3623,36.230029,5949.995137174,5949.995137174,17759,24862600,0.000000
3624,36.240045,5950.005153595,5950.005153595,17764,24869600,0.000000
3625,36.250077,5950.015185037,5950.015185037,17769,24876600,0.000000
3626,36.260072,5950.025179925,5950.025179925,17773,24882200,0.000000
3627,36.270063,5950.035171641,5950.035171641,17778,24889200,0.000000
3628,36.280065,5950.045173175,5950.045173175,17783,24896200,0.000000
3629,36.290069,5950.055177047,5950.055177047,17788,24903200,0.000000
3630,36.300078,5950.065186084,5950.065186084,17793,24910200,0.000000
3631,36.310069,5950.075176735,5950.075176735,17798,24917200,0.000000
3632,36.320066,5950.085173785,5950.085173785,17803,24924200,0.000000
3633,36.330066,5950.095174661,5950.095174661,17808,24931200,0.000000
3634,36.340055,5950.105163454,5950.105163454,17813,24938200,0.000000
3635,36.350049,5950.115157551,5950.115157551,17818,24945200,0.000000
3636,36.360076,5950.125184489,5950.125184489,17822,24950800,0.000000
3637,36.370041,5950.135149592,5950.135149592,17827,24957800,0.000000
3638,36.380070,5950.145178170,5950.145178170,17832,24964800,0.000000
3639,36.390069,5950.155177195,5950.155177195,17837,24971800,0.000000
3640,36.400066,5950.165173856,5950.165173856,17842,24978800,0.000000
3641,36.410063,5950.175171383,5950.175171383,17847,24985800,0.000000
3642,36.420063,5950.185171441,5950.185171441,17852,24992800,0.000000
3643,36.430086,5950.195193896,5950.195193896,17857,24999800,0.000000
3644,36.440070,5950.205177732,5950.205177732,17862,25006800,0.000000
3645,36.450083,5950.215190992,5950.215190992,17867,25013800,0.000000
3646,36.460067,5950.225174953,5950.225174953,17871,25019400,0.000000
3647,36.470072,5950.235180596,5950.235180596,17876,25026400,0.000000
3648,36.480069,5950.245177088,5950.245177088,17881,25033400,0.000000
3649,36.490053,5950.255160764,5950.255160764,17886,25040400,0.000000
3650,36.500066,5950.265174278,5950.265174278,17891,25047400,0.000000
3651,36.510068,5950.275176301,5950.275176301,17896,25054400,0.000000
3652,36.520067,5950.285175138,5950.285175138,17901,25061400,0.000000
3653,36.530061,5950.295169313,5950.295169313,17906,25068400,0.000000
3654,36.540059,5950.305166994,5950.305166994,17911,25075400,0.000000
3655,36.550012,5950.315120392,5950.315120392,17916,25082400,0.000000
3656,36.560074,5950.325181825,5950.325181825,17920,25088000,0.000000
3657,36.570065,5950.335173570,5950.335173570,17925,25095000,0.000000
3658,36.580057,5950.345165199,5950.345165199,17930,25102000,0.000000
3659,36.590072,5950.355180112,5950.355180112,17935,25109000,0.000000
3660,36.600065,5950.365172759,5950.365172759,17940,25116000,0.000000
3661,36.610066,5950.375174141,5950.375174141,17945,25123000,0.000000
3662,36.620065,5950.385172968,5950.385172968,17950,25130000,0.000000
3663,36.630071,5950.395178785,5950.395178785,17955,25137000,0.000000
3664,36.640069,5950.405176818,5950.405176818,17960,25144000,0.000000
3665,36.650066,5950.415174162,5950.415174162,17965,25151000,0.000000
3666,36.660034,5950.425141960,5950.425141960,17969,25156600,0.000000
3667,36.670062,5950.435169778,5950.435169778,17974,25163600,0.000000
3668,36.680066,5950.445174033,5950.445174033,17979,25170600,0.000000
3669,36.690067,5950.455175467,5950.455175467,17984,25177600,0.000000
3670,36.700074,5950.465182050,5950.465182050,17989,25184600,0.000000
3671,36.710065,5950.475173516,5950.475173516,17994,25191600,0.000000
3672,36.720061,5950.485169722,5950.485169722,17999,25198600,0.000000
3673,36.730062,5950.495170051,5950.495170051,18004,25205600,0.000000
3674,36.740065,5950.505172936,5950.505172936,18009,25212600,0.000000
3675,36.750035,5950.515143384,5950.515143384,18014,25219600,0.000000
3676,36.760068,5950.525176627,5950.525176627,18018,25225200,0.000000
3677,36.770071,5950.535179247,5950.535179247,18023,25232200,0.000000
3678,36.780067,5950.545175577,5950.545175577,18028,25239200,0.000000
3679,36.790066,5950.555174342,5950.555174342,18033,25246200,0.000000
3680,36.800037,5950.565145533,5950.565145533,18038,25253200,0.000000
3681,36.810061,5950.575168921,5950.575168921,18043,25260200,0.000000
3682,36.820050,5950.585157911,5950.585157911,18048,25267200,0.000000
3683,36.830064,5950.595171933,5950.595171933,18053,25274200,0.000000
3684,36.840061,5950.605168784,5950.605168784,18058,25281200,0.000000
3685,36.850029,5950.615137201,5950.615137201,18063,25288200,0.000000
3686,36.860122,5950.625229828,5950.625229828,18068,25295200,0.000000
3687,36.870043,5950.635151448,5950.635151448,18072,25300800,0.000000
3688,36.880068,5950.645176249,5950.645176249,18077,25307800,0.000000
3689,36.890070,5950.655177790,5950.655177790,18082,25314800,0.000000
3690,36.900066,5950.665174225,5950.665174225,18087,25321800,0.000000
3691,36.910062,5950.675170665,5950.675170665,18092,25328800,0.000000
3692,36.920060,5950.685168610,5950.685168610,18097,25335800,0.000000
3693,36.930060,5950.695168214,5950.695168214,18102,25342800,0.000000
3694,36.940074,5950.705181925,5950.705181925,18107,25349800,0.000000
3695,36.950018,5950.715125859,5950.715125859,18112,25356800,0.000000
3696,36.960072,5950.725179990,5950.725179990,18117,25363800,0.000000
3697,36.970068,5950.735176142,5950.735176142,18121,25369400,0.000000
3698,36.980072,5950.745180630,5950.745180630,18126,25376400,0.000000
3699,36.990061,5950.755168835,5950.755168835,18131,25383400,0.000000
3700,37.000064,5950.765171756,5950.765171756,18136,25390400,0.000000
3701,37.010070,5950.775178411,5950.775178411,18141,25397400,0.000000
3702,37.020060,5950.785167904,5950.785167904,18146,25404400,0.000000
3703,37.030064,5950.795172113,5950.795172113,18151,25411400,0.000000
3704,37.040045,5950.805152878,5950.805152878,18156,25418400,0.000000
3705,37.050075,5950.815183204,5950.815183204,18161,25425400,0.000000
3706,37.060039,5950.825147122,5950.825147122,18166,25432400,0.000000
3707,37.070030,5950.835138456,5950.835138456,18170,25438000,0.000000
3708,37.080066,5950.845174649,5950.845174649,18175,25445000,0.000000
3709,37.090064,5950.855172410,5950.855172410,18180,25452000,0.000000
3710,37.100066,5950.865174518,5950.865174518,18185,25459000,0.000000
3711,37.110064,5950.875171923,5950.875171923,18190,25466000,0.000000
3712,37.120059,5950.885167475,5950.885167475,18195,25473000,0.000000
3713,37.130066,5950.895173954,5950.895173954,18200,25480000,0.000000
3714,37.140059,5950.905166828,5950.905166828,18205,25487000,0.000000
3715,37.150060,5950.915168703,5950.915168703,18210,25494000,0.000000
3716,37.160010,5950.925118652,5950.925118652,18215,25501000,0.000000
3717,37.170067,5950.935175231,5950.935175231,18219,25506600,0.000000
3718,37.180067,5950.945175295,5950.945175295,18224,25513600,0.000000
3719,37.190066,5950.955174405,5950.955174405,18229,25520600,0.000000
3720,37.200066,5950.965174093,5950.965174093,18234,25527600,0.000000
3721,37.210066,5950.975173825,5950.975173825,18239,25534600,0.000000
3722,37.220064,5950.985172623,5950.985172623,18244,25541600,0.000000
3723,37.230065,5950.995172873,5950.995172873,18249,25548600,0.000000
3724,37.240060,5951.005167864,5951.005167864,18254,25555600,0.000000
3725,37.250058,5951.015166368,5951.015166368,18259,25562600,0.000000
3726,37.260063,5951.025171248,5951.025171248,18264,25569600,0.000000
3727,37.270040,5951.035147994,5951.035147994,18268,25575200,0.000000
3728,37.280068,5951.045176399,5951.045176399,18273,25582200,0.000000
3729,37.290070,5951.055178275,5951.055178275,18278,25589200,0.000000
3730,37.300068,5951.065176049,5951.065176049,18283,25596200,0.000000
3731,37.310065,5951.075173145,5951.075173145,18288,25603200,0.000000
3732,37.320065,5951.085172734,5951.085172734,18293,25610200,0.000000
3733,37.330069,5951.095176820,5951.095176820,18298,25617200,0.000000
3734,37.340066,5951.105173859,5951.105173859,18303,25624200,0.000000
3735,37.350061,5951.115168961,5951.115168961,18308,25631200,0.000000
3736,37.360042,5951.125150578,5951.125150578,18313,25638200,0.000000
3737,37.370072,5951.135180534,5951.135180534,18318,25645200,0.000000
3738,37.380065,5951.145172946,5951.145172946,18322,25650800,0.000000
3739,37.390066,5951.155174228,5951.155174228,18327,25657800,0.000000
3740,37.400065,5951.165172979,5951.165172979,18332,25664800,0.000000
3741,37.410065,5951.175173465,5951.175173465,18337,25671800,0.000000
3742,37.420066,5951.185174117,5951.185174117,18342,25678800,0.000000
3743,37.430038,5951.195146439,5951.195146439,18347,25685800,0.000000
3744,37.440064,5951.205172498,5951.205172498,18352,25692800,0.000000
3745,37.450072,5951.215179828,5951.215179828,18357,25699800,0.000000
3746,37.460068,5951.225175833,5951.225175833,18362,25706800,0.000000
3747,37.470087,5951.235195057,5951.235195057,18367,25713800,0.000000
3748,37.480076,5951.245184574,5951.245184574,18371,25719400,0.000000
3749,37.490068,5951.255176485,5951.255176485,18376,25726400,0.000000
3750,37.500060,5951.265168275,5951.265168275,18381,25733400,0.000000
3751,37.510063,5951.275171403,5951.275171403,18386,25740400,0.000000
3752,37.520064,5951.285172690,5951.285172690,18391,25747400,0.000000
3753,37.530068,5951.295176037,5951.295176037,18396,25754400,0.000000
3754,37.540072,5951.305179935,5951.305179935,18401,25761400,0.000000
3755,37.550083,5951.315191030,5951.315191030,18406,25768400,0.000000
3756,37.560071,5951.325179560,5951.325179560,18411,25775400,0.000000
3757,37.570049,5951.335157703,5951.335157703,18416,25782400,0.000000
3758,37.580066,5951.345174002,5951.345174002,18420,25788000,0.000000
3759,37.590082,5951.355189802,5951.355189802,18425,25795000,0.000000
3760,37.600068,5951.365176088,5951.365176088,18430,25802000,0.000000
3761,37.610064,5951.375172452,5951.375172452,18435,25809000,0.000000
3762,37.620048,5951.385156006,5951.385156006,18440,25816000,0.000000
3763,37.630060,5951.395167763,5951.395167763,18445,25823000,0.000000
3764,37.640077,5951.405185431,5951.405185431,18450,25830000,0.000000
3765,37.650066,5951.415173929,5951.415173929,18455,25837000,0.000000
3766,37.660069,5951.425177090,5951.425177090,18460,25844000,0.000000
3767,37.670029,5951.435137284,5951.435137284,18465,25851000,0.000000
3768,37.680061,5951.445168756,5951.445168756,18469,25856600,0.000000
3769,37.690077,5951.455185341,5951.455185341,18474,25863600,0.000000
3770,37.700067,5951.465175287,5951.465175287,18479,25870600,0.000000
3771,37.710065,5951.475172896,5951.475172896,18484,25877600,0.000000
3772,37.720067,5951.485175102,5951.485175102,18489,25884600,0.000000
3773,37.730071,5951.495179614,5951.495179614,18494,25891600,0.000000
3774,37.740067,5951.505175273,5951.505175273,18499,25898600,0.000000
3775,37.750064,5951.515172583,5951.515172583,18504,25905600,0.000000
3776,37.760019,5951.525127607,5951.525127607,18509,25912600,0.000000
3777,37.770062,5951.535170487,5951.535170487,18514,25919600,0.000000
3778,37.780071,5951.545179217,5951.545179217,18518,25925200,0.000000
3779,37.790069,5951.555177643,5951.555177643,18523,25932200,0.000000
3780,37.800049,5951.565157556,5951.565157556,18528,25939200,0.000000
3781,37.810067,5951.575174731,5951.575174731,18533,25946200,0.000000
3782,37.820131,5951.585239587,5951.585239587,18538,25953200,0.000000
3783,37.830066,5951.595174377,5951.595174377,18543,25960200,0.000000
3784,37.840063,5951.605171424,5951.605171424,18548,25967200,0.000000
3785,37.850064,5951.615172515,5951.615172515,18553,25974200,0.000000
3786,37.860062,5951.625170431,5951.625170431,18558,25981200,0.000000
3787,37.870046,5951.635154368,5951.635154368,18563,25988200,0.000000
3788,37.880070,5951.645178312,5951.645178312,18567,25993800,0.000000
3789,37.890036,5951.655144492,5951.655144492,18572,26000800,0.000000
3790,37.900067,5951.665175125,5951.665175125,18577,26007800,0.000000
3791,37.910066,5951.675174084,5951.675174084,18582,26014800,0.000000
3792,37.920068,5951.685176142,5951.685176142,18587,26021800,0.000000
3793,37.930065,5951.695173569,5951.695173569,18592,26028800,0.000000
3794,37.940064,5951.705172279,5951.705172279,18597,26035800,0.000000
3795,37.950064,5951.715172528,5951.715172528,18602,26042800,0.000000
3796,37.960066,5951.725174278,5951.725174278,18607,26049800,0.000000
3797,37.970038,5951.735145843,5951.735145843,18612,26056800,0.000000
3798,37.980092,5951.745199739,5951.745199739,18617,26063800,0.000000
3799,37.990037,5951.755145620,5951.755145620,18621,26069400,0.000000
3800,38.000068,5951.765175991,5951.765175991,18626,26076400,0.000000
3801,38.010068,5951.775176532,5951.775176532,18631,26083400,0.000000
3802,38.020069,5951.785177006,5951.785177006,18636,26090400,0.000000
3803,38.030065,5951.795173451,5951.795173451,18641,26097400,0.000000
3804,38.040066,5951.805174656,5951.805174656,18646,26104400,0.000000
3805,38.050071,5951.815178726,5951.815178726,18651,26111400,0.000000
3806,38.060043,5951.825151070,5951.825151070,18656,26118400,0.000000
3807,38.070062,5951.835170538,5951.835170538,18661,26125400,0.000000
3808,38.080075,5951.845183469,5951.845183469,18666,26132400,0.000000
3809,38.090065,5951.855173148,5951.855173148,18670,26138000,0.000000
3810,38.100026,5951.865134328,5951.865134328,18675,26145000,0.000000
3811,38.110067,5951.875175516,5951.875175516,18680,26152000,0.000000
3812,38.120066,5951.885174122,5951.885174122,18685,26159000,0.000000
3813,38.130064,5951.895171855,5951.895171855,18690,26166000,0.000000
3814,38.140064,5951.905172270,5951.905172270,18695,26173000,0.000000
3815,38.150064,5951.915172276,5951.915172276,18700,26180000,0.000000
3816,38.160060,5951.925168374,5951.925168374,18705,26187000,0.000000
3817,38.170070,5951.935178091,5951.935178091,18710,26194000,0.000000
3818,38.180040,5951.945147877,5951.945147877,18715,26201000,0.000000
3819,38.190066,5951.955173830,5951.955173830,18719,26206600,0.000000
3820,38.200065,5951.965173043,5951.965173043,18724,26213600,0.000000
3821,38.210064,5951.975172423,5951.975172423,18729,26220600,0.000000
3822,38.220064,5951.985172531,5951.985172531,18734,26227600,0.000000
3823,38.230066,5951.995174255,5951.995174255,18739,26234600,0.000000
3824,38.240067,5952.005175580,5952.005175580,18744,26241600,0.000000
3825,38.250065,5952.015173075,5952.015173075,18749,26248600,0.000000
3826,38.260060,5952.025168688,5952.025168688,18754,26255600,0.000000
3827,38.270064,5952.035172182,5952.035172182,18759,26262600,0.000000
3828,38.280009,5952.045116850,5952.045116850,18764,26269600,0.000000
3829,38.290068,5952.055175748,5952.055175748,18768,26275200,0.000000
3830,38.300068,5952.065176172,5952.065176172,18773,26282200,0.000000
3831,38.310027,5952.075135552,5952.075135552,18778,26289200,0.000000
3832,38.320067,5952.085174779,5952.085174779,18783,26296200,0.000000
3833,38.330066,5952.095173975,5952.095173975,18788,26303200,0.000000
3834,38.340059,5952.105167420,5952.105167420,18793,26310200,0.000000
3835,38.350063,5952.115171099,5952.115171099,18798,26317200,0.000000
3836,38.360063,5952.125171474,5952.125171474,18803,26324200,0.000000
3837,38.370081,5952.135188734,5952.135188734,18808,26331200,0.000000
3838,38.380070,5952.145177758,5952.145177758,18813,26338200,0.000000
3839,38.390071,5952.155179614,5952.155179614,18817,26343800,0.000000
3840,38.400066,5952.165174173,5952.165174173,18822,26350800,0.000000
3841,38.410046,5952.175154554,5952.175154554,18827,26357800,0.000000
3842,38.420067,5952.185174810,5952.185174810,18832,26364800,0.000000
3843,38.430019,5952.195127332,5952.195127332,18837,26371800,0.000000
3844,38.440066,5952.205174318,5952.205174318,18842,26378800,0.000000
3845,38.450063,5952.215171613,5952.215171613,18847,26385800,0.000000
3846,38.460066,5952.225173896,5952.225173896,18852,26392800,0.000000
3847,38.470065,5952.235172899,5952.235172899,18857,26399800,0.000000
3848,38.480036,5952.245143794,5952.245143794,18862,26406800,0.000000
3849,38.490074,5952.255182267,5952.255182267,18867,26413800,0.000000
3850,38.500065,5952.265173721,5952.265173721,18871,26419400,0.000000
3851,38.510072,5952.275180151,5952.275180151,18876,26426400,0.000000
3852,38.520087,5952.285195529,5952.285195529,18881,26433400,0.000000
3853,38.530066,5952.295174325,5952.295174325,18886,26440400,0.000000
3854,38.540066,5952.305173959,5952.305173959,18891,26447400,0.000000
3855,38.550067,5952.315175047,5952.315175047,18896,26454400,0.000000
3856,38.560061,5952.325169296,5952.325169296,18901,26461400,0.000000
3857,38.570064,5952.335172659,5952.335172659,18906,26468400,0.000000
3858,38.580021,5952.345128846,5952.345128846,18911,26475400,0.000000
3859,38.590074,5952.355182213,5952.355182213,18916,26482400,0.000000
3860,38.600064,5952.365172292,5952.365172292,18920,26488000,0.000000
3861,38.610090,5952.375198236,5952.375198236,18925,26495000,0.000000
3862,38.620049,5952.385157070,5952.385157070,18930,26502000,0.000000
3863,38.630065,5952.395172771,5952.395172771,18935,26509000,0.000000
3864,38.640065,5952.405172899,5952.405172899,18940,26516000,0.000000
3865,38.650064,5952.415172342,5952.415172342,18945,26523000,0.000000
3866,38.660066,5952.425174262,5952.425174262,18950,26530000,0.000000
3867,38.670066,5952.435174264,5952.435174264,18955,26537000,0.000000
3868,38.680062,5952.445170364,5952.445170364,18960,26544000,0.000000
3869,38.690026,5952.455134101,5952.455134101,18965,26551000,0.000000
3870,38.700065,5952.465173688,5952.465173688,18969,26556600,0.000000
3871,38.710068,5952.475176401,5952.475176401,18974,26563600,0.000000
3872,38.720066,5952.485174508,5952.485174508,18979,26570600,0.000000
3873,38.730069,5952.495177612,5952.495177612,18984,26577600,0.000000
3874,38.740039,5952.505147550,5952.505147550,18989,26584600,0.000000
3875,38.750066,5952.515173898,5952.515173898,18994,26591600,0.000000
3876,38.760055,5952.525162803,5952.525162803,18999,26598600,0.000000
3877,38.770061,5952.535168800,5952.535168800,19004,26605600,0.000000
3878,38.780067,5952.545175443,5952.545175443,19009,26612600,0.000000
3879,38.790017,5952.555125327,5952.555125327,19014,26619600,0.000000
3880,38.800067,5952.565175333,5952.565175333,19018,26625200,0.000000
3881,38.810068,5952.575176126,5952.575176126,19023,26632200,0.000000
3882,38.820065,5952.585172877,5952.585172877,19028,26639200,0.000000
3883,38.830047,5952.595154731,5952.595154731,19033,26646200,0.000000
3884,38.840065,5952.605173295,5952.605173295,19038,26653200,0.000000
3885,38.850060,5952.615167941,5952.615167941,19043,26660200,0.000000
3886,38.860061,5952.625169490,5952.625169490,19048,26667200,0.000000
3887,38.870067,5952.635175649,5952.635175649,19053,26674200,0.000000
3888,38.880045,5952.645152883,5952.645152883,19058,26681200,0.000000
3889,38.890062,5952.655170153,5952.655170153,19063,26688200,0.000000
3890,38.900063,5952.665171268,5952.665171268,19067,26693800,0.000000
3891,38.910065,5952.675173668,5952.675173668,19072,26700800,0.000000
3892,38.920064,5952.685171734,5952.685171734,19077,26707800,0.000000
3893,38.930071,5952.695179329,5952.695179329,19082,26714800,0.000000
3894,38.940071,5952.705178899,5952.705178899,19087,26721800,0.000000
3895,38.950069,5952.715176876,5952.715176876,19092,26728800,0.000000
3896,38.960068,5952.725175755,5952.725175755,19097,26735800,0.000000
3897,38.970051,5952.735158883,5952.735158883,19102,26742800,0.000000
3898,38.980067,5952.745175231,5952.745175231,19107,26749800,0.000000
3899,38.990041,5952.755149106,5952.755149106,19112,26756800,0.000000
3900,39.000064,5952.765172094,5952.765172094,19116,26762400,0.000000
3901,39.010061,5952.775169138,5952.775169138,19121,26769400,0.000000
3902,39.020079,5952.785186729,5952.785186729,19126,26776400,0.000000
3903,39.030073,5952.795180986,5952.795180986,19131,26783400,0.000000
3904,39.040075,5952.805183029,5952.805183029,19136,26790400,0.000000
3905,39.050070,5952.815178367,5952.815178367,19141,26797400,0.000000
3906,39.060048,5952.825155827,5952.825155827,19146,26804400,0.000000
3907,39.070064,5952.835171943,5952.835171943,19151,26811400,0.000000
3908,39.080067,5952.845174858,5952.845174858,19156,26818400,0.000000
3909,39.090030,5952.855138381,5952.855138381,19161,26825400,0.000000
3910,39.100083,5952.865191455,5952.865191455,19166,26832400,0.000000
3911,39.110073,5952.875181156,5952.875181156,19170,26838000,0.000000
3912,39.120069,5952.885177539,5952.885177539,19175,26845000,0.000000
3913,39.130069,5952.895177623,5952.895177623,19180,26852000,0.000000
3914,39.140066,5952.905174270,5952.905174270,19185,26859000,0.000000
3915,39.150071,5952.915179546,5952.915179546,19190,26866000,0.000000
3916,39.160061,5952.925169279,5952.925169279,19195,26873000,0.000000
3917,39.170058,5952.935166624,5952.935166624,19200,26880000,0.000000
3918,39.180064,5952.945172199,5952.945172199,19205,26887000,0.000000
3919,39.190059,5952.955167230,5952.955167230,19210,26894000,0.000000
3920,39.200077,5952.965185548,5952.965185548,19215,26901000,0.000000
3921,39.210063,5952.975171562,5952.975171562,19219,26906600,0.000000
3922,39.220071,5952.985179054,5952.985179054,19224,26913600,0.000000
3923,39.230069,5952.995177602,5952.995177602,19229,26920600,0.000000
3924,39.240070,5953.005177880,5953.005177880,19234,26927600,0.000000
3925,39.250064,5953.015172690,5953.015172690,19239,26934600,0.000000
3926,39.260074,5953.025182515,5953.025182515,19244,26941600,0.000000
3927,39.270068,5953.035176458,5953.035176458,19249,26948600,0.000000
3928,39.280061,5953.045169455,5953.045169455,19254,26955600,0.000000
3929,39.290065,5953.055173163,5953.055173163,19259,26962600,0.000000
3930,39.300043,5953.065150973,5953.065150973,19264,26969600,0.000000
3931,39.310070,5953.075178148,5953.075178148,19268,26975200,0.000000
3932,39.320068,5953.085176008,5953.085176008,19273,26982200,0.000000
3933,39.330060,5953.095168384,5953.095168384,19278,26989200,0.000000
3934,39.340063,5953.105171521,5953.105171521,19283,26996200,0.000000
3935,39.350066,5953.115173878,5953.115173878,19288,27003200,0.000000
3936,39.360070,5953.125178378,5953.125178378,19293,27010200,0.000000
3937,39.370063,5953.135171283,5953.135171283,19298,27017200,0.000000
3938,39.380068,5953.145176509,5953.145176509,19303,27024200,0.000000
3939,39.390041,5953.155149119,5953.155149119,19308,27031200,0.000000
3940,39.400001,5953.165108982,5953.165108982,19313,27038200,0.000000
3941,39.410063,5953.175171296,5953.175171296,19317,27043800,0.000000
3942,39.420063,5953.185170995,5953.185170995,19322,27050800,0.000000
3943,39.430027,5953.195135204,5953.195135204,19327,27057800,0.000000
3944,39.440075,5953.205182736,5953.205182736,19332,27064800,0.000000
3945,39.450067,5953.215175485,5953.215175485,19337,27071800,0.000000
3946,39.460041,5953.225148804,5953.225148804,19342,27078800,0.000000
3947,39.470075,5953.235183182,5953.235183182,19347,27085800,0.000000
3948,39.480058,5953.245166535,5953.245166535,19352,27092800,0.000000
3949,39.490060,5953.255167959,5953.255167959,19357,27099800,0.000000
3950,39.500068,5953.265176046,5953.265176046,19362,27106800,0.000000
3951,39.510081,5953.275189477,5953.275189477,19366,27112400,0.000000
3952,39.520068,5953.285175756,5953.285175756,19371,27119400,0.000000
3953,39.530063,5953.295170906,5953.295170906,19376,27126400,0.000000
3954,39.540060,5953.305168272,5953.305168272,19381,27133400,0.000000
3955,39.550032,5953.315140368,5953.315140368,19386,27140400,0.000000
3956,39.560068,5953.325176526,5953.325176526,19391,27147400,0.000000
3957,39.570077,5953.335184868,5953.335184868,19396,27154400,0.000000
3958,39.580065,5953.345173208,5953.345173208,19401,27161400,0.000000
3959,39.590063,5953.355171387,5953.355171387,19406,27168400,0.000000
3960,39.600035,5953.365142798,5953.365142798,19411,27175400,0.000000
3961,39.610085,5953.375193127,5953.375193127,19416,27182400,0.000000
3962,39.620063,5953.385171128,5953.385171128,19420,27188000,0.000000
3963,39.630083,5953.395191520,5953.395191520,19425,27195000,0.000000
3964,39.640069,5953.405177275,5953.405177275,19430,27202000,0.000000
3965,39.650069,5953.415177015,5953.415177015,19435,27209000,0.000000
3966,39.660071,5953.425178801,5953.425178801,19440,27216000,0.000000
3967,39.670066,5953.435174427,5953.435174427,19445,27223000,0.000000
3968,39.680066,5953.445174003,5953.445174003,19450,27230000,0.000000
3969,39.690068,5953.455175809,5953.455175809,19455,27237000,0.000000
3970,39.700059,5953.465166984,5953.465166984,19460,27244000,0.000000
3971,39.710084,5953.475191980,5953.475191980,19465,27251000,0.000000
3972,39.720070,5953.485178338,5953.485178338,19469,27256600,0.000000
3973,39.730070,5953.495177765,5953.495177765,19474,27263600,0.000000
3974,39.740069,5953.505177039,5953.505177039,19479,27270600,0.000000
3975,39.750073,5953.515181073,5953.515181073,19484,27277600,0.000000
3976,39.760065,5953.525172814,5953.525172814,19489,27284600,0.000000
3977,39.770064,5953.535172485,5953.535172485,19494,27291600,0.000000
3978,39.780036,5953.545144236,5953.545144236,19499,27298600,0.000000
3979,39.790052,5953.555160554,5953.555160554,19504,27305600,0.000000
3980,39.800070,5953.565177941,5953.565177941,19509,27312600,0.000000
3981,39.810072,5953.575180019,5953.575180019,19514,27319600,0.000000
3982,39.820067,5953.585174814,5953.585174814,19518,27325200,0.000000
3983,39.830063,5953.595171624,5953.595171624,19523,27332200,0.000000
3984,39.840069,5953.605177312,5953.605177312,19528,27339200,0.000000
3985,39.850064,5953.615172384,5953.615172384,19533,27346200,0.000000
3986,39.860064,5953.625172695,5953.625172695,19538,27353200,0.000000
3987,39.870038,5953.635146025,5953.635146025,19543,27360200,0.000000
3988,39.880069,5953.645176993,5953.645176993,19548,27367200,0.000000
3989,39.890061,5953.655169599,5953.655169599,19553,27374200,0.000000
3990,39.900059,5953.665166754,5953.665166754,19558,27381200,0.000000
3991,39.910029,5953.675137473,5953.675137473,19563,27388200,0.000000
3992,39.920066,5953.685174370,5953.685174370,19567,27393800,0.000000
3993,39.930067,5953.695175313,5953.695175313,19572,27400800,0.000000
3994,39.940068,5953.705175899,5953.705175899,19577,27407800,0.000000
3995,39.950069,5953.715177179,5953.715177179,19582,27414800,0.000000
3996,39.960077,5953.725185203,5953.725185203,19587,27421800,0.000000
3997,39.970066,5953.735173857,5953.735173857,19592,27428800,0.000000
3998,39.980066,5953.745174226,5953.745174226,19597,27435800,0.000000
3999,39.990063,5953.755171323,5953.755171323,19602,27442800,0.000000
4000,40.000067,5953.765175129,5953.765175129,19607,27449800,0.000000
4001,40.010066,5953.775173789,5953.775173789,19612,27456800,0.000000
4002,40.020064,5953.785172250,5953.785172250,19616,27462400,0.000000
4003,40.030066,5953.795174158,5953.795174158,19621,27469400,0.000000
4004,40.040068,5953.805176471,5953.805176471,19626,27476400,0.000000
4005,40.050065,5953.815173079,5953.815173079,19631,27483400,0.000000
4006,40.060039,5953.825147172,5953.825147172,19636,27490400,0.000000
4007,40.070066,5953.835173852,5953.835173852,19641,27497400,0.000000
4008,40.080064,5953.845171816,5953.845171816,19646,27504400,0.000000
4009,40.090068,5953.855176612,5953.855176612,19651,27511400,0.000000
4010,40.100066,5953.865174659,5953.865174659,19656,27518400,0.000000
4011,40.110071,5953.875179575,5953.875179575,19661,27525400,0.000000
4012,40.120067,5953.885175311,5953.885175311,19665,27531000,0.000000
4013,40.130065,5953.895173676,5953.895173676,19670,27538000,0.000000
4014,40.140070,5953.905178537,5953.905178537,19675,27545000,0.000000
4015,40.150068,5953.915175821,5953.915175821,19680,27552000,0.000000
4016,40.160069,5953.925177715,5953.925177715,19685,27559000,0.000000
4017,40.170064,5953.935172106,5953.935172106,19690,27566000,0.000000
4018,40.180064,5953.945172169,5953.945172169,19695,27573000,0.000000
4019,40.190066,5953.955173981,5953.955173981,19700,27580000,0.000000
4020,40.200062,5953.965170704,5953.965170704,19705,27587000,0.000000
4021,40.210036,5953.975143855,5953.975143855,19710,27594000,0.000000
4022,40.220076,5953.985184065,5953.985184065,19715,27601000,0.000000
4023,40.230071,5953.995179241,5953.995179241,19719,27606600,0.000000
4024,40.240068,5954.005176567,5954.005176567,19724,27613600,0.000000
4025,40.250066,5954.015173918,5954.015173918,19729,27620600,0.000000
4026,40.260068,5954.025175921,5954.025175921,19734,27627600,0.000000
4027,40.270067,5954.035175298,5954.035175298,19739,27634600,0.000000
4028,40.280070,5954.045178224,5954.045178224,19744,27641600,0.000000
4029,40.290067,5954.055175355,5954.055175355,19749,27648600,0.000000
4030,40.300065,5954.065173698,5954.065173698,19754,27655600,0.000000
4031,40.310064,5954.075171822,5954.075171822,19759,27662600,0.000000
4032,40.320075,5954.085183326,5954.085183326,19764,27669600,0.000000
4033,40.330065,5954.095173012,5954.095173012,19768,27675200,0.000000
4034,40.340065,5954.105173610,5954.105173610,19773,27682200,0.000000
4035,40.350056,5954.115163855,5954.115163855,19778,27689200,0.000000
4036,40.360073,5954.125181023,5954.125181023,19783,27696200,0.000000
4037,40.370065,5954.135173649,5954.135173649,19788,27703200,0.000000
4038,40.380060,5954.145168034,5954.145168034,19793,27710200,0.000000
4039,40.390064,5954.155172303,5954.155172303,19798,27717200,0.000000
4040,40.400079,5954.165187432,5954.165187432,19803,27724200,0.000000
4041,40.410062,5954.175170061,5954.175170061,19808,27731200,0.000000
4042,40.420048,5954.185155760,5954.185155760,19813,27738200,0.000000
4043,40.430067,5954.195174751,5954.195174751,19817,27743800,0.000000
4044,40.440063,5954.205171136,5954.205171136,19822,27750800,0.000000
4045,40.450069,5954.215176891,5954.215176891,19827,27757800,0.000000
4046,40.460068,5954.225176370,5954.225176370,19832,27764800,0.000000
4047,40.470065,5954.235172936,5954.235172936,19837,27771800,0.000000
4048,40.480069,5954.245177484,5954.245177484,19842,27778800,0.000000
4049,40.490066,5954.255174534,5954.255174534,19847,27785800,0.000000
4050,40.500064,5954.265172543,5954.265172543,19852,27792800,0.000000
4051,40.510061,5954.275169468,5954.275169468,19857,27799800,0.000000
4052,40.520016,5954.285124388,5954.285124388,19862,27806800,0.000000
4053,40.530071,5954.295178913,5954.295178913,19866,27812400,0.000000
4054,40.540064,5954.305172578,5954.305172578,19871,27819400,0.000000
4055,40.550026,5954.315134199,5954.315134199,19876,27826400,0.000000
4056,40.560067,5954.325175626,5954.325175626,19881,27833400,0.000000
4057,40.570064,5954.335172189,5954.335172189,19886,27840400,0.000000
4058,40.580064,5954.345172451,5954.345172451,19891,27847400,0.000000
4059,40.590064,5954.355172640,5954.355172640,19896,27854400,0.000000
4060,40.600088,5954.365195891,5954.365195891,19901,27861400,0.000000
4061,40.610066,5954.375174159,5954.375174159,19906,27868400,0.000000
4062,40.620035,5954.385143278,5954.385143278,19911,27875400,0.000000
4063,40.630066,5954.395174240,5954.395174240,19915,27881000,0.000000
4064,40.640066,5954.405173905,5954.405173905,19920,27888000,0.000000
4065,40.650067,5954.415174990,5954.415174990,19925,27895000,0.000000
4066,40.660067,5954.425175055,5954.425175055,19930,27902000,0.000000
4067,40.670033,5954.435141685,5954.435141685,19935,27909000,0.000000
4068,40.680066,5954.445174234,5954.445174234,19940,27916000,0.000000
4069,40.690070,5954.455178217,5954.455178217,19945,27923000,0.000000
4070,40.700062,5954.465170255,5954.465170255,19950,27930000,0.000000
4071,40.710069,5954.475177631,5954.475177631,19955,27937000,0.000000
4072,40.720064,5954.485171895,5954.485171895,19960,27944000,0.000000
4073,40.730080,5954.495188236,5954.495188236,19965,27951000,0.000000
4074,40.740072,5954.505180149,5954.505180149,19969,27956600,0.000000
4075,40.750069,5954.515177207,5954.515177207,19974,27963600,0.000000
4076,40.760077,5954.525184809,5954.525184809,19979,27970600,0.000000
4077,40.770067,5954.535175644,5954.535175644,19984,27977600,0.000000
4078,40.780066,5954.545174295,5954.545174295,19989,27984600,0.000000
4079,40.790075,5954.555182836,5954.555182836,19994,27991600,0.000000
4080,40.800061,5954.565169468,5954.565169468,19999,27998600,0.000000
4081,40.810066,5954.575174237,5954.575174237,20004,28005600,0.000000
4082,40.820024,5954.585132139,5954.585132139,20009,28012600,0.000000
4083,40.830054,5954.595161941,5954.595161941,20014,28019600,0.000000
4084,40.840076,5954.605183955,5954.605183955,20018,28025200,0.000000
4085,40.850051,5954.615159262,5954.615159262,20023,28032200,0.000000
4086,40.860080,5954.625188126,5954.625188126,20028,28039200,0.000000
4087,40.870068,5954.635176332,5954.635176332,20033,28046200,0.000000
4088,40.880064,5954.645172660,5954.645172660,20038,28053200,0.000000
4089,40.890065,5954.655173120,5954.655173120,20043,28060200,0.000000
4090,40.900068,5954.665176616,5954.665176616,20048,28067200,0.000000
4091,40.910069,5954.675177149,5954.675177149,20053,28074200,0.000000
4092,40.920067,5954.685175686,5954.685175686,20058,28081200,0.000000
4093,40.930067,5954.695175700,5954.695175700,20063,28088200,0.000000
4094,40.940068,5954.705175925,5954.705175925,20067,28093800,0.000000
4095,40.950067,5954.715175319,5954.715175319,20072,28100800,0.000000
4096,40.960070,5954.725178251,5954.725178251,20077,28107800,0.000000
4097,40.970067,5954.735174931,5954.735174931,20082,28114800,0.000000
4098,40.980069,5954.745176948,5954.745176948,20087,28121800,0.000000
4099,40.990066,5954.755174562,5954.755174562,20092,28128800,0.000000
4100,41.000067,5954.765175135,5954.765175135,20097,28135800,0.000000
4101,41.010067,5954.775175654,5954.775175654,20102,28142800,0.000000
4102,41.020066,5954.785174056,5954.785174056,20107,28149800,0.000000
4103,41.030026,5954.795134517,5954.795134517,20112,28156800,0.000000
4104,41.040066,5954.805173788,5954.805173788,20116,28162400,0.000000
4105,41.050064,5954.815172517,5954.815172517,20121,28169400,0.000000
4106,41.060076,5954.825184424,5954.825184424,20126,28176400,0.000000
4107,41.070052,5954.835160626,5954.835160626,20131,28183400,0.000000
4108,41.080074,5954.845182015,5954.845182015,20136,28190400,0.000000
4109,41.090066,5954.855174144,5954.855174144,20141,28197400,0.000000
4110,41.100068,5954.865176043,5954.865176043,20146,28204400,0.000000
4111,41.110062,5954.875170696,5954.875170696,20151,28211400,0.000000
4112,41.120030,5954.885137765,5954.885137765,20156,28218400,0.000000
4113,41.130057,5954.895165387,5954.895165387,20161,28225400,0.000000
4114,41.140055,5954.905163271,5954.905163271,20165,28231000,0.000000
4115,41.150071,5954.915178768,5954.915178768,20170,28238000,0.000000
4116,41.160091,5954.925198938,5954.925198938,20175,28245000,0.000000
4117,41.170066,5954.935174298,5954.935174298,20180,28252000,0.000000
4118,41.180071,5954.945179720,5954.945179720,20185,28259000,0.000000
4119,41.190070,5954.955178378,5954.955178378,20190,28266000,0.000000
4120,41.200083,5954.965191320,5954.965191320,20195,28273000,0.000000
4121,41.210060,5954.975167792,5954.975167792,20200,28280000,0.000000
4122,41.220066,5954.985174157,5954.985174157,20205,28287000,0.000000
4123,41.230045,5954.995153037,5954.995153037,20210,28294000,0.000000
4124,41.240061,5955.005168823,5955.005168823,20214,28299600,0.000000
4125,41.250066,5955.015174503,5955.015174503,20219,28306600,0.000000
4126,41.260067,5955.025175556,5955.025175556,20224,28313600,0.000000
4127,41.270077,5955.035185555,5955.035185555,20229,28320600,0.000000
4128,41.280073,5955.045180993,5955.045180993,20234,28327600,0.000000
4129,41.290064,5955.055172373,5955.055172373,20239,28334600,0.000000
4130,41.300069,5955.065176749,5955.065176749,20244,28341600,0.000000
4131,41.310090,5955.075197895,5955.075197895,20249,28348600,0.000000
4132,41.320070,5955.085177990,5955.085177990,20254,28355600,0.000000
4133,41.330026,5955.095134101,5955.095134101,20259,28362600,0.000000
4134,41.340101,5955.105209499,5955.105209499,20264,28369600,0.000000
4135,41.350066,5955.115174712,5955.115174712,20268,28375200,0.000000
4136,41.360068,5955.125176147,5955.125176147,20273,28382200,0.000000
4137,41.370092,5955.135200491,5955.135200491,20278,28389200,0.000000
4138,41.380069,5955.145177541,5955.145177541,20283,28396200,0.000000
4139,41.390067,5955.155175008,5955.155175008,20288,28403200,0.000000
4140,41.400066,5955.165173754,5955.165173754,20293,28410200,0.000000
4141,41.410063,5955.175170899,5955.175170899,20298,28417200,0.000000
4142,41.420067,5955.185174944,5955.185174944,20303,28424200,0.000000
4143,41.430060,5955.195168384,5955.195168384,20308,28431200,0.000000
4144,41.440083,5955.205191332,5955.205191332,20313,28438200,0.000000
4145,41.450070,5955.215178678,5955.215178678,20317,28443800,0.000000
4146,41.460071,5955.225179173,5955.225179173,20322,28450800,0.000000
4147,41.470064,5955.235172437,5955.235172437,20327,28457800,0.000000
4148,41.480068,5955.245176003,5955.245176003,20332,28464800,0.000000
4149,41.490069,5955.255177203,5955.255177203,20337,28471800,0.000000
4150,41.500063,5955.265171682,5955.265171682,20342,28478800,0.000000
4151,41.510063,5955.275171537,5955.275171537,20347,28485800,0.000000
4152,41.520063,5955.285171425,5955.285171425,20352,28492800,0.000000
4153,41.530059,5955.295167170,5955.295167170,20357,28499800,0.000000
4154,41.540040,5955.305148321,5955.305148321,20362,28506800,0.000000
4155,41.550076,5955.315184122,5955.315184122,20366,28512400,0.000000
4156,41.560067,5955.325175151,5955.325175151,20371,28519400,0.000000
4157,41.570064,5955.335171942,5955.335171942,20376,28526400,0.000000
4158,41.580069,5955.345177431,5955.345177431,20381,28533400,0.000000
4159,41.590067,5955.355174967,5955.355174967,20386,28540400,0.000000
4160,41.600064,5955.365171965,5955.365171965,20391,28547400,0.000000
4161,41.610067,5955.375175662,5955.375175662,20396,28554400,0.000000
4162,41.620061,5955.385169173,5955.385169173,20401,28561400,0.000000
4163,41.630066,5955.395174066,5955.395174066,20406,28568400,0.000000
4164,41.640024,5955.405131993,5955.405131993,20411,28575400,0.000000
4165,41.650068,5955.415176191,5955.415176191,20415,28581000,0.000000
4166,41.660067,5955.425174846,5955.425174846,20420,28588000,0.000000
4167,41.670072,5955.435180662,5955.435180662,20425,28595000,0.000000
4168,41.680073,5955.445181687,5955.445181687,20430,28602000,0.000000
4169,41.690067,5955.455175124,5955.455175124,20435,28609000,0.000000
4170,41.700061,5955.465169671,5955.465169671,20440,28616000,0.000000
4171,41.710062,5955.475170609,5955.475170609,20445,28623000,0.000000
4172,41.720060,5955.485167950,5955.485167950,20450,28630000,0.000000
4173,41.730045,5955.495152734,5955.495152734,20455,28637000,0.000000
4174,41.740047,5955.505155592,5955.505155592,20460,28644000,0.000000
4175,41.750070,5955.515178017,5955.515178017,20464,28649600,0.000000
4176,41.760077,5955.525184824,5955.525184824,20469,28656600,0.000000
4177,41.770077,5955.535184977,5955.535184977,20474,28663600,0.000000
4178,41.780065,5955.545172939,5955.545172939,20479,28670600,0.000000
4179,41.790065,5955.555173352,5955.555173352,20484,28677600,0.000000
4180,41.800064,5955.565172604,5955.565172604,20489,28684600,0.000000
4181,41.810068,5955.575176645,5955.575176645,20494,28691600,0.000000
4182,41.820062,5955.585170193,5955.585170193,20499,28698600,0.000000
4183,41.830064,5955.595171847,5955.595171847,20504,28705600,0.000000
4184,41.840063,5955.605171408,5955.605171408,20509,28712600,0.000000
4185,41.850032,5955.615140087,5955.615140087,20513,28718200,0.000000
4186,41.860064,5955.625172414,5955.625172414,20518,28725200,0.000000
4187,41.870064,5955.635172183,5955.635172183,20523,28732200,0.000000
4188,41.880064,5955.645172111,5955.645172111,20528,28739200,0.000000
4189,41.890062,5955.655170443,5955.655170443,20533,28746200,0.000000
4190,41.900058,5955.665166141,5955.665166141,20538,28753200,0.000000
4191,41.910072,5955.675180623,5955.675180623,20543,28760200,0.000000
4192,41.920060,5955.685168173,5955.685168173,20548,28767200,0.000000
4193,41.930067,5955.695175263,5955.695175263,20553,28774200,0.000000
4194,41.940030,5955.705137774,5955.705137774,20558,28781200,0.000000
4195,41.950100,5955.715208153,5955.715208153,20563,28788200,0.000000
4196,41.960077,5955.725185642,5955.725185642,20567,28793800,0.000000
4197,41.970091,5955.735199142,5955.735199142,20572,28800800,0.000000
4198,41.980066,5955.745173768,5955.745173768,20577,28807800,0.000000
4199,41.990068,5955.755176132,5955.755176132,20582,28814800,0.000000
