sample_index,timestamp_s,monotonic_s,t_mono,cum_packets,cum_bytes,lag_s
0,0.000109,5913.825932441,5913.825932441,0,0,0.000000
1,0.010060,5913.835883823,5913.835883823,4,5600,0.000000
2,0.020061,5913.845884157,5913.845884157,9,12600,0.000000
3,0.030060,5913.855883798,5913.855883798,14,19600,0.000000
4,0.040064,5913.865887258,5913.865887258,19,26600,0.000000
5,0.050059,5913.875882534,5913.875882534,24,33600,0.000000
6,0.060066,5913.885889587,5913.885889587,29,40600,0.000000
7,0.070059,5913.895882924,5913.895882924,34,47600,0.000000
8,0.080060,5913.905883206,5913.905883206,39,54600,0.000000
9,0.090074,5913.915897713,5913.915897713,44,61600,0.000000
10,0.100051,5913.925874702,5913.925874702,49,68600,0.000000
11,0.110070,5913.935893404,5913.935893404,54,75600,0.000000
12,0.120070,5913.945893407,5913.945893407,59,82600,0.000000
13,0.130062,5913.955885887,5913.955885887,64,89600,0.000000
14,0.140066,5913.965889256,5913.965889256,69,96600,0.000000
15,0.150065,5913.975888799,5913.975888799,74,103600,0.000000
16,0.160079,5913.985902701,5913.985902701,79,110600,0.000000
17,0.170068,5913.995891679,5913.995891679,84,117600,0.000000
18,0.180062,5914.005885293,5914.005885293,89,124600,0.000000
19,0.190064,5914.015887923,5914.015887923,94,131600,0.000000
20,0.200063,5914.025886797,5914.025886797,99,138600,0.000000
21,0.210076,5914.035899731,5914.035899731,104,145600,0.000000
22,0.220036,5914.045859218,5914.045859218,109,152600,0.000000
23,0.230077,5914.055900322,5914.055900322,114,159600,0.000000
24,0.240080,5914.065903173,5914.065903173,118,165200,0.000000
25,0.250067,5914.075890846,5914.075890846,123,172200,0.000000
26,0.260067,5914.085890539,5914.085890539,128,179200,0.000000
27,0.270067,5914.095890585,5914.095890585,133,186200,0.000000
28,0.280056,5914.105879603,5914.105879603,138,193200,0.000000
29,0.290063,5914.115886909,5914.115886909,143,200200,0.000000
30,0.300066,5914.125889536,5914.125889536,148,207200,0.000000
31,0.310066,5914.135889560,5914.135889560,153,214200,0.000000
32,0.320065,5914.145888365,5914.145888365,158,221200,0.000000
33,0.330064,5914.155887434,5914.155887434,163,228200,0.000000
34,0.340069,5914.165892096,5914.165892096,168,235200,0.000000
35,0.350067,5914.175890949,5914.175890949,173,242200,0.000000
36,0.360071,5914.185894207,5914.185894207,178,249200,0.000000
37,0.370029,5914.195852942,5914.195852942,183,256200,0.000000
38,0.380067,5914.205890306,5914.205890306,188,263200,0.000000
39,0.390065,5914.215888477,5914.215888477,193,270200,0.000000
40,0.400068,5914.225891234,5914.225891234,198,277200,0.000000
41,0.410062,5914.235885798,5914.235885798,203,284200,0.000000
42,0.420068,5914.245891795,5914.245891795,208,291200,0.000000
43,0.430028,5914.255850985,5914.255850985,213,298200,0.000000
44,0.440003,5914.265826874,5914.265826874,218,305200,0.000000
45,0.450074,5914.275896968,5914.275896968,223,312200,0.000000
46,0.460075,5914.285898919,5914.285898919,227,317800,0.000000
47,0.470074,5914.295897036,5914.295897036,232,324800,0.000000
48,0.480022,5914.305845681,5914.305845681,237,331800,0.000000
49,0.490080,5914.315903030,5914.315903030,242,338800,0.000000
50,0.500051,5914.325874191,5914.325874191,247,345800,0.000000
51,0.510068,5914.335891413,5914.335891413,252,352800,0.000000
52,0.520062,5914.345885041,5914.345885041,257,359800,0.000000
53,0.530069,5914.355892593,5914.355892593,262,366800,0.000000
54,0.540068,5914.365891368,5914.365891368,267,373800,0.000000
55,0.550068,5914.375891163,5914.375891163,272,380800,0.000000
56,0.560067,5914.385890342,5914.385890342,277,387800,0.000000
57,0.570070,5914.395893681,5914.395893681,282,394800,0.000000
58,0.580064,5914.405887890,5914.405887890,287,401800,0.000000
59,0.590067,5914.415890947,5914.415890947,292,408800,0.000000
60,0.600072,5914.425895132,5914.425895132,297,415800,0.000000
61,0.610066,5914.435889331,5914.435889331,302,422800,0.000000
62,0.620067,5914.445890473,5914.445890473,307,429800,0.000000
63,0.630065,5914.455888103,5914.455888103,312,436800,0.000000
64,0.640068,5914.465891166,5914.465891166,317,443800,0.000000
65,0.650063,5914.475886665,5914.475886665,322,450800,0.000000
66,0.660058,5914.485881814,5914.485881814,327,457800,0.000000
67,0.670054,5914.495877189,5914.495877189,332,464800,0.000000
68,0.680066,5914.505889644,5914.505889644,336,470400,0.000000
69,0.690068,5914.515891422,5914.515891422,341,477400,0.000000
70,0.700067,5914.525890219,5914.525890219,346,484400,0.000000
71,0.710069,5914.535892074,5914.535892074,351,491400,0.000000
72,0.720068,5914.545891242,5914.545891242,356,498400,0.000000
73,0.730064,5914.555887088,5914.555887088,361,505400,0.000000
74,0.740068,5914.565891944,5914.565891944,366,512400,0.000000
75,0.750066,5914.575889422,5914.575889422,371,519400,0.000000
76,0.760068,5914.585891787,5914.585891787,376,526400,0.000000
77,0.770067,5914.595890319,5914.595890319,381,533400,0.000000
78,0.780029,5914.605852790,5914.605852790,386,540400,0.000000
79,0.790070,5914.615893855,5914.615893855,391,547400,0.000000
80,0.800065,5914.625888604,5914.625888604,396,554400,0.000000
81,0.810066,5914.635889879,5914.635889879,401,561400,0.000000
82,0.820059,5914.645882029,5914.645882029,406,568400,0.000000
83,0.830065,5914.655888436,5914.655888436,411,575400,0.000000
84,0.840072,5914.665895589,5914.665895589,416,582400,0.000000
85,0.850061,5914.675884885,5914.675884885,421,589400,0.000000
86,0.860063,5914.685886269,5914.685886269,426,596400,0.000000
87,0.870061,5914.695884681,5914.695884681,431,603400,0.000000
88,0.880062,5914.705885195,5914.705885195,436,610400,0.000000
89,0.890023,5914.715846000,5914.715846000,441,617400,0.000000
90,0.900074,5914.725897810,5914.725897810,446,624400,0.000000
91,0.910065,5914.735888451,5914.735888451,450,630000,0.000000
92,0.920062,5914.745885504,5914.745885504,455,637000,0.000000
93,0.930040,5914.755863268,5914.755863268,460,644000,0.000000
94,0.940074,5914.765897233,5914.765897233,465,651000,0.000000
95,0.950073,5914.775896562,5914.775896562,470,658000,0.000000
96,0.960063,5914.785886045,5914.785886045,475,665000,0.000000
97,0.970065,5914.795888884,5914.795888884,480,672000,0.000000
98,0.980067,5914.805889969,5914.805889969,485,679000,0.000000
99,0.990069,5914.815892196,5914.815892196,490,686000,0.000000
100,1.000066,5914.825889187,5914.825889187,495,693000,0.000000
101,1.010066,5914.835889420,5914.835889420,500,700000,0.000000
102,1.020068,5914.845891813,5914.845891813,505,707000,0.000000
103,1.030064,5914.855887121,5914.855887121,510,714000,0.000000
104,1.040064,5914.865887504,5914.865887504,515,721000,0.000000
105,1.050065,5914.875888306,5914.875888306,520,728000,0.000000
106,1.060071,5914.885894860,5914.885894860,525,735000,0.000000
107,1.070059,5914.895882096,5914.895882096,530,742000,0.000000
108,1.080071,5914.905894502,5914.905894502,535,749000,0.000000
109,1.090041,5914.915864741,5914.915864741,540,756000,0.000000
110,1.100013,5914.925835978,5914.925835978,545,763000,0.000000
111,1.110071,5914.935894680,5914.935894680,550,770000,0.000000
112,1.120080,5914.945903183,5914.945903183,555,777000,0.000000
113,1.130065,5914.955888707,5914.955888707,559,782600,0.000000
114,1.140067,5914.965890082,5914.965890082,564,789600,0.000000
115,1.150066,5914.975889946,5914.975889946,569,796600,0.000000
116,1.160066,5914.985889404,5914.985889404,574,803600,0.000000
117,1.170066,5914.995889916,5914.995889916,579,810600,0.000000
118,1.180066,5915.005889112,5915.005889112,584,817600,0.000000
119,1.190062,5915.015885796,5915.015885796,589,824600,0.000000
120,1.200066,5915.025889127,5915.025889127,594,831600,0.000000
121,1.210066,5915.035889395,5915.035889395,599,838600,0.000000
122,1.220065,5915.045888119,5915.045888119,604,845600,0.000000
123,1.230066,5915.055889787,5915.055889787,609,852600,0.000000
124,1.240065,5915.065888238,5915.065888238,614,859600,0.000000
125,1.250065,5915.075888486,5915.075888486,619,866600,0.000000
126,1.260063,5915.085886077,5915.085886077,624,873600,0.000000
127,1.270063,5915.095886785,5915.095886785,629,880600,0.000000
128,1.280066,5915.105889174,5915.105889174,634,887600,0.000000
129,1.290038,5915.115861693,5915.115861693,639,894600,0.000000
130,1.300062,5915.125885243,5915.125885243,644,901600,0.000000
131,1.310065,5915.135888284,5915.135888284,649,908600,0.000000
132,1.320061,5915.145884393,5915.145884393,654,915600,0.000000
133,1.330062,5915.155885616,5915.155885616,659,922600,0.000000
134,1.340051,5915.165874664,5915.165874664,664,929600,0.000000
135,1.350074,5915.175897347,5915.175897347,669,936600,0.000000
136,1.360067,5915.185890331,5915.185890331,673,942200,0.000000
137,1.370069,5915.195892725,5915.195892725,678,949200,0.000000
138,1.380069,5915.205892909,5915.205892909,683,956200,0.000000
139,1.390037,5915.215860917,5915.215860917,688,963200,0.000000
140,1.400054,5915.225877043,5915.225877043,693,970200,0.000000
141,1.410066,5915.235889061,5915.235889061,698,977200,0.000000
142,1.420066,5915.245889626,5915.245889626,703,984200,0.000000
143,1.430068,5915.255891764,5915.255891764,708,991200,0.000000
144,1.440066,5915.265889249,5915.265889249,713,998200,0.000000
145,1.450068,5915.275891239,5915.275891239,718,1005200,0.000000
146,1.460067,5915.285890301,5915.285890301,723,1012200,0.000000
147,1.470067,5915.295890086,5915.295890086,728,1019200,0.000000
148,1.480068,5915.305891902,5915.305891902,733,1026200,0.000000
149,1.490065,5915.315888418,5915.315888418,738,1033200,0.000000
150,1.500064,5915.325887424,5915.325887424,743,1040200,0.000000
151,1.510062,5915.335885662,5915.335885662,748,1047200,0.000000
152,1.520063,5915.345886382,5915.345886382,753,1054200,0.000000
153,1.530062,5915.355885811,5915.355885811,758,1061200,0.000000
154,1.540058,5915.365881121,5915.365881121,763,1068200,0.000000
155,1.550032,5915.375855100,5915.375855100,768,1075200,0.000000
156,1.560007,5915.385830026,5915.385830026,773,1082200,0.000000
157,1.570075,5915.395898408,5915.395898408,778,1089200,0.000000
158,1.580065,5915.405888476,5915.405888476,782,1094800,0.000000
159,1.590066,5915.415889580,5915.415889580,787,1101800,0.000000
160,1.600050,5915.425873175,5915.425873175,792,1108800,0.000000
161,1.610068,5915.435891895,5915.435891895,797,1115800,0.000000
162,1.620075,5915.445898797,5915.445898797,802,1122800,0.000000
163,1.630068,5915.455891841,5915.455891841,807,1129800,0.000000
164,1.640073,5915.465896248,5915.465896248,812,1136800,0.000000
165,1.650059,5915.475882906,5915.475882906,817,1143800,0.000000
166,1.660059,5915.485882783,5915.485882783,822,1150800,0.000000
167,1.670045,5915.495868876,5915.495868876,827,1157800,0.000000
168,1.680063,5915.505886553,5915.505886553,832,1164800,0.000000
169,1.690052,5915.515875948,5915.515875948,837,1171800,0.000000
170,1.700063,5915.525886810,5915.525886810,842,1178800,0.000000
171,1.710062,5915.535885549,5915.535885549,847,1185800,0.000000
172,1.720068,5915.545891054,5915.545891054,852,1192800,0.000000
173,1.730089,5915.555912775,5915.555912775,857,1199800,0.000000
174,1.740064,5915.565887552,5915.565887552,862,1206800,0.000000
175,1.750067,5915.575890628,5915.575890628,867,1213800,0.000000
176,1.760062,5915.585885514,5915.585885514,872,1220800,0.000000
177,1.770058,5915.595881514,5915.595881514,877,1227800,0.000000
178,1.780073,5915.605896106,5915.605896106,882,1234800,0.000000
179,1.790060,5915.615883903,5915.615883903,887,1241800,0.000000
180,1.800066,5915.625889723,5915.625889723,891,1247400,0.000000
181,1.810065,5915.635888910,5915.635888910,896,1254400,0.000000
182,1.820067,5915.645890678,5915.645890678,901,1261400,0.000000
183,1.830064,5915.655887296,5915.655887296,906,1268400,0.000000
184,1.840069,5915.665892233,5915.665892233,911,1275400,0.000000
185,1.850071,5915.675894057,5915.675894057,916,1282400,0.000000
186,1.860087,5915.685910392,5915.685910392,921,1289400,0.000000
187,1.870078,5915.695900992,5915.695900992,926,1296400,0.000000
188,1.880068,5915.705891814,5915.705891814,931,1303400,0.000000
189,1.890070,5915.715892978,5915.715892978,936,1310400,0.000000
190,1.900012,5915.725835055,5915.725835055,941,1317400,0.000000
191,1.910082,5915.735905490,5915.735905490,946,1324400,0.000000
192,1.920063,5915.745886466,5915.745886466,951,1331400,0.000000
193,1.930065,5915.755888642,5915.755888642,956,1338400,0.000000
194,1.940064,5915.765887339,5915.765887339,961,1345400,0.000000
195,1.950045,5915.775868094,5915.775868094,966,1352400,0.000000
196,1.960065,5915.785888455,5915.785888455,971,1359400,0.000000
197,1.970068,5915.795891579,5915.795891579,976,1366400,0.000000
198,1.980062,5915.805885080,5915.805885080,981,1373400,0.000000
199,1.990063,5915.815886136,5915.815886136,986,1380400,0.000000
200,2.000024,5915.825847622,5915.825847622,991,1387400,0.000000
201,2.010020,5915.835843427,5915.835843427,996,1394400,0.000000
202,2.020074,5915.845897421,5915.845897421,1001,1401400,0.000000
203,2.030066,5915.855889889,5915.855889889,1005,1407000,0.000000
204,2.040066,5915.865889937,5915.865889937,1010,1414000,0.000000
205,2.050069,5915.875892071,5915.875892071,1015,1421000,0.000000
206,2.060072,5915.885895288,5915.885895288,1020,1428000,0.000000
207,2.070063,5915.895886784,5915.895886784,1025,1435000,0.000000
208,2.080065,5915.905888222,5915.905888222,1030,1442000,0.000000
209,2.090031,5915.915854909,5915.915854909,1035,1449000,0.000000
210,2.100074,5915.925897759,5915.925897759,1040,1456000,0.000000
211,2.110048,5915.935870990,5915.935870990,1045,1463000,0.000000
212,2.120067,5915.945890118,5915.945890118,1050,1470000,0.000000
213,2.130066,5915.955889113,5915.955889113,1055,1477000,0.000000
214,2.140062,5915.965885673,5915.965885673,1060,1484000,0.000000
215,2.150063,5915.975886228,5915.975886228,1065,1491000,0.000000
216,2.160067,5915.985890149,5915.985890149,1070,1498000,0.000000
217,2.170060,5915.995883306,5915.995883306,1075,1505000,0.000000
218,2.180062,5916.005885960,5916.005885960,1080,1512000,0.000000
219,2.190066,5916.015888985,5916.015888985,1085,1519000,0.000000
220,2.200060,5916.025883398,5916.025883398,1090,1526000,0.000000
221,2.210060,5916.035883027,5916.035883027,1095,1533000,0.000000
222,2.220062,5916.045885707,5916.045885707,1100,1540000,0.000000
223,2.230002,5916.055825097,5916.055825097,1105,1547000,0.000000
224,2.240079,5916.065902047,5916.065902047,1110,1554000,0.000000
225,2.250065,5916.075888689,5916.075888689,1114,1559600,0.000000
226,2.260069,5916.085892701,5916.085892701,1119,1566600,0.000000
227,2.270075,5916.095898640,5916.095898640,1124,1573600,0.000000
228,2.280070,5916.105893423,5916.105893423,1129,1580600,0.000000
229,2.290066,5916.115889912,5916.115889912,1134,1587600,0.000000
230,2.300064,5916.125887883,5916.125887883,1139,1594600,0.000000
231,2.310069,5916.135892710,5916.135892710,1144,1601600,0.000000
232,2.320067,5916.145890436,5916.145890436,1149,1608600,0.000000
233,2.330066,5916.155889816,5916.155889816,1154,1615600,0.000000
234,2.340065,5916.165888764,5916.165888764,1159,1622600,0.000000
235,2.350065,5916.175888802,5916.175888802,1164,1629600,0.000000
236,2.360064,5916.185887265,5916.185887265,1169,1636600,0.000000
237,2.370064,5916.195887001,5916.195887001,1174,1643600,0.000000
238,2.380063,5916.205886831,5916.205886831,1179,1650600,0.000000
239,2.390064,5916.215887712,5916.215887712,1184,1657600,0.000000
240,2.400065,5916.225888585,5916.225888585,1189,1664600,0.000000
241,2.410056,5916.235879224,5916.235879224,1194,1671600,0.000000
242,2.420059,5916.245882558,5916.245882558,1199,1678600,0.000000
243,2.430064,5916.255887203,5916.255887203,1204,1685600,0.000000
244,2.440063,5916.265886159,5916.265886159,1209,1692600,0.000000
245,2.450065,5916.275888063,5916.275888063,1214,1699600,0.000000
246,2.460034,5916.285857650,5916.285857650,1219,1706600,0.000000
247,2.470076,5916.295899663,5916.295899663,1224,1713600,0.000000
248,2.480065,5916.305888781,5916.305888781,1228,1719200,0.000000
249,2.490065,5916.315888363,5916.315888363,1233,1726200,0.000000
250,2.500066,5916.325889315,5916.325889315,1238,1733200,0.000000
251,2.510071,5916.335894574,5916.335894574,1243,1740200,0.000000
252,2.520079,5916.345902088,5916.345902088,1248,1747200,0.000000
253,2.530066,5916.355889533,5916.355889533,1253,1754200,0.000000
254,2.540069,5916.365892191,5916.365892191,1258,1761200,0.000000
255,2.550070,5916.375893861,5916.375893861,1263,1768200,0.000000
256,2.560079,5916.385902859,5916.385902859,1268,1775200,0.000000
257,2.570065,5916.395888958,5916.395888958,1273,1782200,0.000000
258,2.580070,5916.405893030,5916.405893030,1278,1789200,0.000000
259,2.590065,5916.415888707,5916.415888707,1283,1796200,0.000000
260,2.600077,5916.425900254,5916.425900254,1288,1803200,0.000000
261,2.610041,5916.435864775,5916.435864775,1293,1810200,0.000000
262,2.620071,5916.445894518,5916.445894518,1298,1817200,0.000000
263,2.630066,5916.455889802,5916.455889802,1303,1824200,0.000000
264,2.640070,5916.465893330,5916.465893330,1308,1831200,0.000000
265,2.650062,5916.475885122,5916.475885122,1313,1838200,0.000000
266,2.660073,5916.485896840,5916.485896840,1318,1845200,0.000000
267,2.670034,5916.495857645,5916.495857645,1323,1852200,0.000000
268,2.680059,5916.505882146,5916.505882146,1328,1859200,0.000000
269,2.690080,5916.515903695,5916.515903695,1333,1866200,0.000000
270,2.700075,5916.525898014,5916.525898014,1337,1871800,0.000000
271,2.710071,5916.535894315,5916.535894315,1342,1878800,0.000000
272,2.720074,5916.545897428,5916.545897428,1347,1885800,0.000000
273,2.730070,5916.555893529,5916.555893529,1352,1892800,0.000000
274,2.740068,5916.565891882,5916.565891882,1357,1899800,0.000000
275,2.750073,5916.575896272,5916.575896272,1362,1906800,0.000000
276,2.760075,5916.585898215,5916.585898215,1367,1913800,0.000000
277,2.770067,5916.595890305,5916.595890305,1372,1920800,0.000000
278,2.780069,5916.605892613,5916.605892613,1377,1927800,0.000000
279,2.790083,5916.615906142,5916.615906142,1382,1934800,0.000000
280,2.800066,5916.625889534,5916.625889534,1387,1941800,0.000000
281,2.810064,5916.635887754,5916.635887754,1392,1948800,0.000000
282,2.820064,5916.645887352,5916.645887352,1397,1955800,0.000000
283,2.830073,5916.655896157,5916.655896157,1402,1962800,0.000000
284,2.840064,5916.665887801,5916.665887801,1407,1969800,0.000000
285,2.850070,5916.675893955,5916.675893955,1412,1976800,0.000000
286,2.860063,5916.685886521,5916.685886521,1417,1983800,0.000000
287,2.870062,5916.695885491,5916.695885491,1422,1990800,0.000000
288,2.880064,5916.705887715,5916.705887715,1427,1997800,0.000000
289,2.890059,5916.715882343,5916.715882343,1432,2004800,0.000000
290,2.900058,5916.725881382,5916.725881382,1437,2011800,0.000000
291,2.910063,5916.735886802,5916.735886802,1442,2018800,0.000000
292,2.920025,5916.745848289,5916.745848289,1446,2024400,0.000000
293,2.930091,5916.755914375,5916.755914375,1451,2031400,0.000000
294,2.940086,5916.765909723,5916.765909723,1456,2038400,0.000000
295,2.950060,5916.775883338,5916.775883338,1461,2045400,0.000000
296,2.960068,5916.785891537,5916.785891537,1466,2052400,0.000000
297,2.970070,5916.795893601,5916.795893601,1471,2059400,0.000000
298,2.980069,5916.805892410,5916.805892410,1476,2066400,0.000000
299,2.990068,5916.815891886,5916.815891886,1481,2073400,0.000000
300,3.000072,5916.825895665,5916.825895665,1486,2080400,0.000000
301,3.010059,5916.835882818,5916.835882818,1491,2087400,0.000000
302,3.020060,5916.845883511,5916.845883511,1496,2094400,0.000000
303,3.030071,5916.855894105,5916.855894105,1501,2101400,0.000000
304,3.040063,5916.865886225,5916.865886225,1506,2108400,0.000000
305,3.050061,5916.875884297,5916.875884297,1511,2115400,0.000000
306,3.060069,5916.885892337,5916.885892337,1516,2122400,0.000000
307,3.070067,5916.895890891,5916.895890891,1521,2129400,0.000000
308,3.080064,5916.905887260,5916.905887260,1526,2136400,0.000000
309,3.090064,5916.915887372,5916.915887372,1531,2143400,0.000000
310,3.100062,5916.925885222,5916.925885222,1536,2150400,0.000000
311,3.110057,5916.935880841,5916.935880841,1541,2157400,0.000000
312,3.120036,5916.945859079,5916.945859079,1546,2164400,0.000000
313,3.130027,5916.955850151,5916.955850151,1551,2171400,0.000000
314,3.140080,5916.965903593,5916.965903593,1556,2178400,0.000000
315,3.150072,5916.975895299,5916.975895299,1560,2184000,0.000000
316,3.160068,5916.985891762,5916.985891762,1565,2191000,0.000000
317,3.170068,5916.995891563,5916.995891563,1570,2198000,0.000000
318,3.180066,5917.005889498,5917.005889498,1575,2205000,0.000000
319,3.190067,5917.015890043,5917.015890043,1580,2212000,0.000000
320,3.200072,5917.025895908,5917.025895908,1585,2219000,0.000000
321,3.210069,5917.035892637,5917.035892637,1590,2226000,0.000000
322,3.220072,5917.045895234,5917.045895234,1595,2233000,0.000000
323,3.230070,5917.055893448,5917.055893448,1600,2240000,0.000000
324,3.240042,5917.065865549,5917.065865549,1605,2247000,0.000000
325,3.250063,5917.075886904,5917.075886904,1610,2254000,0.000000
326,3.260067,5917.085890077,5917.085890077,1615,2261000,0.000000
327,3.270065,5917.095888566,5917.095888566,1620,2268000,0.000000
328,3.280063,5917.105886844,5917.105886844,1625,2275000,0.000000
329,3.290064,5917.115887964,5917.115887964,1630,2282000,0.000000
330,3.300065,5917.125888703,5917.125888703,1635,2289000,0.000000
331,3.310068,5917.135891466,5917.135891466,1640,2296000,0.000000
332,3.320077,5917.145900664,5917.145900664,1645,2303000,0.000000
333,3.330063,5917.155886455,5917.155886455,1650,2310000,0.000000
334,3.340035,5917.165857983,5917.165857983,1655,2317000,0.000000
335,3.350066,5917.175889160,5917.175889160,1660,2324000,0.000000
336,3.360080,5917.185903227,5917.185903227,1665,2331000,0.000000
337,3.370067,5917.195890943,5917.195890943,1669,2336600,0.000000
338,3.380064,5917.205887180,5917.205887180,1674,2343600,0.000000
339,3.390067,5917.215890179,5917.215890179,1679,2350600,0.000000
340,3.400069,5917.225892187,5917.225892187,1684,2357600,0.000000
341,3.410077,5917.235900923,5917.235900923,1689,2364600,0.000000
342,3.420066,5917.245889312,5917.245889312,1694,2371600,0.000000
343,3.430073,5917.255896567,5917.255896567,1699,2378600,0.000000
344,3.440074,5917.265897376,5917.265897376,1704,2385600,0.000000
345,3.450069,5917.275892668,5917.275892668,1709,2392600,0.000000
346,3.460083,5917.285906913,5917.285906913,1714,2399600,0.000000
347,3.470065,5917.295888922,5917.295888922,1719,2406600,0.000000
348,3.480066,5917.305889638,5917.305889638,1724,2413600,0.000000
349,3.490064,5917.315887910,5917.315887910,1729,2420600,0.000000
350,3.500065,5917.325888684,5917.325888684,1734,2427600,0.000000
351,3.510065,5917.335888690,5917.335888690,1739,2434600,0.000000
352,3.520059,5917.345882130,5917.345882130,1744,2441600,0.000000
353,3.530072,5917.355895487,5917.355895487,1749,2448600,0.000000
354,3.540078,5917.365901295,5917.365901295,1754,2455600,0.000000
355,3.550068,5917.375891035,5917.375891035,1759,2462600,0.000000
356,3.560067,5917.385890229,5917.385890229,1764,2469600,0.000000
357,3.570071,5917.395894386,5917.395894386,1769,2476600,0.000000
358,3.580046,5917.405869800,5917.405869800,1774,2483600,0.000000
359,3.590081,5917.415904315,5917.415904315,1779,2490600,0.000000
360,3.600070,5917.425893265,5917.425893265,1783,2496200,0.000000
361,3.610078,5917.435901946,5917.435901946,1788,2503200,0.000000
362,3.620069,5917.445892191,5917.445892191,1793,2510200,0.000000
363,3.630073,5917.455896284,5917.455896284,1798,2517200,0.000000
364,3.640061,5917.465884007,5917.465884007,1803,2524200,0.000000
365,3.650067,5917.475890914,5917.475890914,1808,2531200,0.000000
366,3.660061,5917.485884086,5917.485884086,1813,2538200,0.000000
367,3.670067,5917.495890614,5917.495890614,1818,2545200,0.000000
368,3.680043,5917.505866029,5917.505866029,1823,2552200,0.000000
369,3.690070,5917.515893895,5917.515893895,1828,2559200,0.000000
370,3.700069,5917.525891972,5917.525891972,1833,2566200,0.000000
371,3.710063,5917.535886851,5917.535886851,1838,2573200,0.000000
372,3.720063,5917.545886095,5917.545886095,1843,2580200,0.000000
373,3.730044,5917.555867173,5917.555867173,1848,2587200,0.000000
374,3.740055,5917.565878897,5917.565878897,1853,2594200,0.000000
375,3.750086,5917.575909821,5917.575909821,1858,2601200,0.000000
376,3.760073,5917.585896363,5917.585896363,1863,2608200,0.000000
377,3.770074,5917.595897723,5917.595897723,1868,2615200,0.000000
378,3.780066,5917.605889332,5917.605889332,1873,2622200,0.000000
379,3.790069,5917.615892522,5917.615892522,1878,2629200,0.000000
380,3.800021,5917.625844038,5917.625844038,1883,2636200,0.000000
381,3.810075,5917.635898016,5917.635898016,1888,2643200,0.000000
382,3.820064,5917.645887013,5917.645887013,1892,2648800,0.000000
383,3.830074,5917.655897053,5917.655897053,1897,2655800,0.000000
384,3.840074,5917.665897269,5917.665897269,1902,2662800,0.000000
385,3.850064,5917.675887247,5917.675887247,1907,2669800,0.000000
386,3.860069,5917.685892189,5917.685892189,1912,2676800,0.000000
387,3.870069,5917.695892389,5917.695892389,1917,2683800,0.000000
388,3.880067,5917.705890051,5917.705890051,1922,2690800,0.000000
389,3.890062,5917.715885559,5917.715885559,1927,2697800,0.000000
390,3.900059,5917.725882797,5917.725882797,1932,2704800,0.000000
391,3.910093,5917.735916587,5917.735916587,1937,2711800,0.000000
392,3.920065,5917.745888459,5917.745888459,1942,2718800,0.000000
393,3.930064,5917.755887660,5917.755887660,1947,2725800,0.000000
394,3.940069,5917.765892029,5917.765892029,1952,2732800,0.000000
395,3.950062,5917.775885873,5917.775885873,1957,2739800,0.000000
396,3.960060,5917.785883722,5917.785883722,1962,2746800,0.000000
397,3.970063,5917.795886938,5917.795886938,1967,2753800,0.000000
398,3.980065,5917.805888074,5917.805888074,1972,2760800,0.000000
399,3.990066,5917.815889619,5917.815889619,1977,2767800,0.000000
400,4.000066,5917.825889603,5917.825889603,1982,2774800,0.000000
401,4.010068,5917.835891314,5917.835891314,1987,2781800,0.000000
402,4.020073,5917.845896041,5917.845896041,1992,2788800,0.000000
403,4.030064,5917.855887211,5917.855887211,1997,2795800,0.000000
404,4.040073,5917.865896922,5917.865896922,2001,2801400,0.002018
405,4.050070,5917.875893285,5917.875893285,2006,2808400,0.000000
406,4.060065,5917.885888962,5917.885888962,2011,2815400,0.000000
407,4.070072,5917.895895028,5917.895895028,2016,2822400,0.000000
408,4.080061,5917.905884414,5917.905884414,2021,2829400,0.000000
409,4.090065,5917.915888766,5917.915888766,2026,2836400,0.000000
410,4.100090,5917.925913309,5917.925913309,2031,2843400,0.000000
411,4.110069,5917.935892503,5917.935892503,2036,2850400,0.000000
412,4.120065,5917.945888814,5917.945888814,2041,2857400,0.000000
413,4.130065,5917.955888121,5917.955888121,2046,2864400,0.000000
414,4.140072,5917.965895021,5917.965895021,2051,2871400,0.000000
415,4.150073,5917.975896627,5917.975896627,2056,2878400,0.000000
416,4.160068,5917.985891080,5917.985891080,2061,2885400,0.000000
417,4.170064,5917.995887283,5917.995887283,2066,2892400,0.000000
418,4.180064,5918.005887125,5918.005887125,2071,2899400,0.000000
419,4.190077,5918.015899993,5918.015899993,2076,2906400,0.000000
420,4.200063,5918.025886257,5918.025886257,2081,2913400,0.000000
421,4.210059,5918.035882452,5918.035882452,2086,2920400,0.000000
422,4.220059,5918.045882077,5918.045882077,2091,2927400,0.000000
423,4.230059,5918.055882483,5918.055882483,2096,2934400,0.000000
424,4.240070,5918.065893094,5918.065893094,2101,2941400,0.000000
425,4.250037,5918.075860098,5918.075860098,2106,2948400,0.000000
426,4.260073,5918.085896808,5918.085896808,2111,2955400,0.000000
427,4.270090,5918.095913164,5918.095913164,2115,2961000,0.000000
428,4.280072,5918.105895191,5918.105895191,2120,2968000,0.000000
429,4.290067,5918.115890270,5918.115890270,2125,2975000,0.000000
430,4.300069,5918.125892406,5918.125892406,2130,2982000,0.000000
431,4.310069,5918.135892887,5918.135892887,2135,2989000,0.000000
432,4.320071,5918.145894034,5918.145894034,2140,2996000,0.000000
433,4.330069,5918.155892815,5918.155892815,2145,3003000,0.000000
434,4.340072,5918.165895737,5918.165895737,2150,3010000,0.000000
435,4.350069,5918.175892699,5918.175892699,2155,3017000,0.000000
436,4.360013,5918.185836157,5918.185836157,2160,3024000,0.000000
437,4.370087,5918.195910661,5918.195910661,2165,3031000,0.000000
438,4.380061,5918.205884749,5918.205884749,2170,3038000,0.000000
439,4.390065,5918.215888443,5918.215888443,2175,3045000,0.000000
440,4.400065,5918.225888250,5918.225888250,2180,3052000,0.000000
441,4.410064,5918.235887880,5918.235887880,2185,3059000,0.000000
442,4.420064,5918.245887548,5918.245887548,2190,3066000,0.000000
443,4.430037,5918.255860717,5918.255860717,2195,3073000,0.000000
444,4.440068,5918.265890996,5918.265890996,2200,3080000,0.000000
445,4.450069,5918.275892915,5918.275892915,2205,3087000,0.000000
446,4.460058,5918.285880971,5918.285880971,2210,3094000,0.000000
447,4.470062,5918.295885731,5918.295885731,2215,3101000,0.000000
448,4.480076,5918.305899202,5918.305899202,2220,3108000,0.000000
449,4.490066,5918.315889943,5918.315889943,2224,3113600,0.000000
450,4.500016,5918.325839901,5918.325839901,2229,3120600,0.000000
451,4.510072,5918.335895378,5918.335895378,2234,3127600,0.000000
452,4.520091,5918.345914615,5918.345914615,2239,3134600,0.000000
453,4.530064,5918.355887412,5918.355887412,2244,3141600,0.000000
454,4.540065,5918.365888635,5918.365888635,2249,3148600,0.000000
455,4.550073,5918.375896554,5918.375896554,2254,3155600,0.000000
456,4.560060,5918.385883712,5918.385883712,2259,3162600,0.000000
457,4.570071,5918.395894298,5918.395894298,2264,3169600,0.000000
458,4.580068,5918.405891752,5918.405891752,2269,3176600,0.000000
459,4.590061,5918.415884184,5918.415884184,2274,3183600,0.000000
460,4.600078,5918.425901325,5918.425901325,2279,3190600,0.000000
461,4.610071,5918.435894121,5918.435894121,2284,3197600,0.000000
462,4.620064,5918.445887933,5918.445887933,2289,3204600,0.000000
463,4.630021,5918.455844277,5918.455844277,2294,3211600,0.000000
464,4.640029,5918.465852695,5918.465852695,2299,3218600,0.000000
465,4.650062,5918.475885543,5918.475885543,2304,3225600,0.000000
466,4.660073,5918.485896649,5918.485896649,2309,3232600,0.000000
467,4.670067,5918.495890739,5918.495890739,2314,3239600,0.000000
468,4.680062,5918.505885183,5918.505885183,2319,3246600,0.000000
469,4.690061,5918.515884617,5918.515884617,2324,3253600,0.000000
470,4.700059,5918.525882778,5918.525882778,2329,3260600,0.000000
471,4.710080,5918.535903146,5918.535903146,2334,3267600,0.000000
472,4.720088,5918.545911216,5918.545911216,2338,3273200,0.000000
473,4.730073,5918.555896965,5918.555896965,2343,3280200,0.000000
474,4.740074,5918.565897469,5918.565897469,2348,3287200,0.000000
475,4.750062,5918.575885694,5918.575885694,2353,3294200,0.000000
476,4.760068,5918.585891563,5918.585891563,2358,3301200,0.000000
477,4.770072,5918.595895805,5918.595895805,2363,3308200,0.000000
478,4.780068,5918.605891825,5918.605891825,2368,3315200,0.000000
479,4.790070,5918.615893006,5918.615893006,2373,3322200,0.000000
480,4.800035,5918.625858809,5918.625858809,2378,3329200,0.000000
481,4.810073,5918.635896563,5918.635896563,2383,3336200,0.000000
482,4.820069,5918.645892694,5918.645892694,2388,3343200,0.000000
483,4.830070,5918.655893638,5918.655893638,2393,3350200,0.000000
484,4.840062,5918.665885755,5918.665885755,2398,3357200,0.000000
485,4.850059,5918.675882457,5918.675882457,2403,3364200,0.000000
486,4.860063,5918.685886325,5918.685886325,2408,3371200,0.000000
487,4.870063,5918.695886379,5918.695886379,2413,3378200,0.000000
488,4.880072,5918.705895298,5918.705895298,2418,3385200,0.000000
489,4.890065,5918.715888861,5918.715888861,2423,3392200,0.000000
490,4.900065,5918.725888778,5918.725888778,2428,3399200,0.000000
491,4.910059,5918.735882060,5918.735882060,2433,3406200,0.000000
492,4.920022,5918.745845052,5918.745845052,2438,3413200,0.000000
493,4.930080,5918.755903920,5918.755903920,2443,3420200,0.000000
494,4.940073,5918.765896725,5918.765896725,2447,3425800,0.000000
495,4.950072,5918.775895967,5918.775895967,2452,3432800,0.000000
496,4.960067,5918.785890399,5918.785890399,2457,3439800,0.000000
497,4.970065,5918.795888222,5918.795888222,2462,3446800,0.000000
498,4.980069,5918.805892230,5918.805892230,2467,3453800,0.000000
499,4.990070,5918.815893828,5918.815893828,2472,3460800,0.000000
500,5.000075,5918.825898386,5918.825898386,2477,3467800,0.000000
501,5.010017,5918.835840178,5918.835840178,2482,3474800,0.000000
502,5.020066,5918.845889234,5918.845889234,2487,3481800,0.000000
503,5.030065,5918.855888525,5918.855888525,2492,3488800,0.000000
504,5.040065,5918.865888125,5918.865888125,2497,3495800,0.000000
505,5.050063,5918.875886119,5918.875886119,2502,3502800,0.000000
506,5.060063,5918.885886788,5918.885886788,2507,3509800,0.000000
507,5.070058,5918.895881869,5918.895881869,2512,3516800,0.000000
508,5.080041,5918.905864158,5918.905864158,2517,3523800,0.000000
509,5.090063,5918.915886467,5918.915886467,2522,3530800,0.000000
510,5.100062,5918.925885827,5918.925885827,2527,3537800,0.000000
511,5.110064,5918.935887289,5918.935887289,2532,3544800,0.000000
512,5.120063,5918.945886185,5918.945886185,2537,3551800,0.000000
513,5.130059,5918.955882224,5918.955882224,2542,3558800,0.000000
514,5.140058,5918.965881283,5918.965881283,2547,3565800,0.000000
515,5.150084,5918.975907301,5918.975907301,2552,3572800,0.000000
516,5.160071,5918.985894827,5918.985894827,2556,3578400,0.000000
517,5.170067,5918.995890778,5918.995890778,2561,3585400,0.000000
518,5.180063,5919.005886480,5919.005886480,2566,3592400,0.000000
519,5.190061,5919.015884535,5919.015884535,2571,3599400,0.000000
520,5.200068,5919.025891036,5919.025891036,2576,3606400,0.000000
521,5.210072,5919.035895467,5919.035895467,2581,3613400,0.000000
522,5.220066,5919.045889664,5919.045889664,2586,3620400,0.000000
523,5.230066,5919.055889462,5919.055889462,2591,3627400,0.000000
524,5.240072,5919.065895320,5919.065895320,2596,3634400,0.000000
525,5.250065,5919.075888269,5919.075888269,2601,3641400,0.000000
526,5.260066,5919.085889357,5919.085889357,2606,3648400,0.000000
527,5.270063,5919.095886852,5919.095886852,2611,3655400,0.000000
528,5.280064,5919.105887177,5919.105887177,2616,3662400,0.000000
529,5.290069,5919.115892551,5919.115892551,2621,3669400,0.000000
530,5.300068,5919.125891436,5919.125891436,2626,3676400,0.000000
531,5.310063,5919.135886232,5919.135886232,2631,3683400,0.000000
532,5.320068,5919.145891566,5919.145891566,2636,3690400,0.000000
533,5.330068,5919.155891665,5919.155891665,2641,3697400,0.000000
534,5.340059,5919.165882822,5919.165882822,2646,3704400,0.000000
535,5.350063,5919.175886481,5919.175886481,2651,3711400,0.000000
536,5.360076,5919.185899445,5919.185899445,2656,3718400,0.000000
537,5.370019,5919.195842199,5919.195842199,2661,3725400,0.000000
538,5.380074,5919.205897320,5919.205897320,2666,3732400,0.000000
539,5.390068,5919.215891662,5919.215891662,2670,3738000,0.000000
540,5.400072,5919.225895602,5919.225895602,2675,3745000,0.000000
541,5.410065,5919.235888378,5919.235888378,2680,3752000,0.000000
542,5.420068,5919.245891174,5919.245891174,2685,3759000,0.000000
543,5.430063,5919.255886284,5919.255886284,2690,3766000,0.000000
544,5.440066,5919.265889519,5919.265889519,2695,3773000,0.000000
545,5.450065,5919.275888449,5919.275888449,2700,3780000,0.000000
546,5.460066,5919.285889178,5919.285889178,2705,3787000,0.000000
547,5.470060,5919.295882993,5919.295882993,2710,3794000,0.000000
548,5.480012,5919.305835561,5919.305835561,2715,3801000,0.000000
549,5.490068,5919.315891727,5919.315891727,2720,3808000,0.000000
550,5.500072,5919.325895629,5919.325895629,2725,3815000,0.000000
551,5.510068,5919.335891875,5919.335891875,2730,3822000,0.000000
552,5.520079,5919.345902888,5919.345902888,2735,3829000,0.000000
553,5.530064,5919.355887429,5919.355887429,2740,3836000,0.000000
554,5.540064,5919.365887065,5919.365887065,2745,3843000,0.000000
555,5.550066,5919.375889521,5919.375889521,2750,3850000,0.000000
556,5.560069,5919.385892649,5919.385892649,2755,3857000,0.000000
557,5.570066,5919.395889363,5919.395889363,2760,3864000,0.000000
558,5.580041,5919.405864627,5919.405864627,2765,3871000,0.000000
559,5.590061,5919.415884107,5919.415884107,2770,3878000,0.000000
560,5.600074,5919.425897141,5919.425897141,2775,3885000,0.000000
561,5.610067,5919.435890403,5919.435890403,2779,3890600,0.000000
562,5.620071,5919.445894075,5919.445894075,2784,3897600,0.000000
563,5.630091,5919.455914531,5919.455914531,2789,3904600,0.000000
564,5.640075,5919.465898554,5919.465898554,2794,3911600,0.000000
565,5.650069,5919.475892748,5919.475892748,2799,3918600,0.000000
566,5.660069,5919.485892399,5919.485892399,2804,3925600,0.000000
567,5.670060,5919.495883745,5919.495883745,2809,3932600,0.000000
568,5.680070,5919.505893592,5919.505893592,2814,3939600,0.000000
569,5.690071,5919.515894121,5919.515894121,2819,3946600,0.000000
570,5.700071,5919.525894637,5919.525894637,2824,3953600,0.000000
571,5.710073,5919.535896692,5919.535896692,2829,3960600,0.000000
572,5.720065,5919.545888052,5919.545888052,2834,3967600,0.000000
573,5.730071,5919.555894347,5919.555894347,2839,3974600,0.000000
574,5.740065,5919.565887974,5919.565887974,2844,3981600,0.000000
575,5.750057,5919.575880080,5919.575880080,2849,3988600,0.000000
576,5.760066,5919.585889639,5919.585889639,2854,3995600,0.000000
577,5.770064,5919.595887262,5919.595887262,2859,4002600,0.000000
578,5.780064,5919.605887489,5919.605887489,2864,4009600,0.000000
579,5.790061,5919.615884572,5919.615884572,2869,4016600,0.000000
580,5.800061,5919.625884854,5919.625884854,2874,4023600,0.000000
581,5.810025,5919.635848060,5919.635848060,2879,4030600,0.000000
582,5.820032,5919.645855503,5919.645855503,2884,4037600,0.000000
583,5.830088,5919.655911934,5919.655911934,2889,4044600,0.000000
584,5.840063,5919.665886123,5919.665886123,2893,4050200,0.000000
585,5.850068,5919.675891523,5919.675891523,2898,4057200,0.000000
586,5.860068,5919.685891720,5919.685891720,2903,4064200,0.000000
587,5.870070,5919.695893819,5919.695893819,2908,4071200,0.000000
588,5.880053,5919.705876481,5919.705876481,2913,4078200,0.000000
589,5.890064,5919.715887448,5919.715887448,2918,4085200,0.000000
590,5.900067,5919.725890760,5919.725890760,2923,4092200,0.000000
591,5.910074,5919.735897414,5919.735897414,2928,4099200,0.000000
592,5.920066,5919.745889877,5919.745889877,2933,4106200,0.000000
593,5.930068,5919.755891910,5919.755891910,2938,4113200,0.000000
594,5.940063,5919.765886886,5919.765886886,2943,4120200,0.000000
595,5.950067,5919.775890824,5919.775890824,2948,4127200,0.000000
596,5.960065,5919.785888029,5919.785888029,2953,4134200,0.000000
597,5.970063,5919.795886490,5919.795886490,2958,4141200,0.000000
598,5.980062,5919.805885728,5919.805885728,2963,4148200,0.000000
599,5.990064,5919.815887260,5919.815887260,2968,4155200,0.000000
600,6.000069,5919.825891991,5919.825891991,2973,4162200,0.000000
601,6.010065,5919.835887972,5919.835887972,2978,4169200,0.000000
602,6.020063,5919.845886454,5919.845886454,2983,4176200,0.000000
603,6.030058,5919.855881563,5919.855881563,2988,4183200,0.000000
604,6.040007,5919.865830018,5919.865830018,2993,4190200,0.000000
605,6.050075,5919.875897971,5919.875897971,2998,4197200,0.000000
606,6.060066,5919.885889154,5919.885889154,3002,4202800,0.000000
607,6.070088,5919.895911687,5919.895911687,3007,4209800,0.000000
608,6.080067,5919.905890427,5919.905890427,3012,4216800,0.000000
609,6.090065,5919.915888176,5919.915888176,3017,4223800,0.000000
610,6.100078,5919.925901946,5919.925901946,3022,4230800,0.000000
611,6.110060,5919.935883777,5919.935883777,3027,4237800,0.000000
612,6.120072,5919.945895589,5919.945895589,3032,4244800,0.000000
613,6.130023,5919.955846009,5919.955846009,3037,4251800,0.000000
614,6.140063,5919.965886821,5919.965886821,3042,4258800,0.000000
615,6.150066,5919.975889438,5919.975889438,3047,4265800,0.000000
616,6.160061,5919.985884710,5919.985884710,3052,4272800,0.000000
617,6.170061,5919.995884022,5919.995884022,3057,4279800,0.000000
618,6.180066,5920.005889296,5920.005889296,3062,4286800,0.000000
619,6.190070,5920.015893416,5920.015893416,3067,4293800,0.000000
620,6.200067,5920.025890510,5920.025890510,3072,4300800,0.000000
621,6.210062,5920.035885590,5920.035885590,3077,4307800,0.000000
622,6.220067,5920.045890195,5920.045890195,3082,4314800,0.000000
623,6.230059,5920.055882454,5920.055882454,3087,4321800,0.000000
624,6.240066,5920.065889516,5920.065889516,3092,4328800,0.000000
625,6.250067,5920.075890108,5920.075890108,3097,4335800,0.000000
626,6.260074,5920.085897370,5920.085897370,3102,4342800,0.000000
627,6.270058,5920.095881466,5920.095881466,3107,4349800,0.000000
628,6.280069,5920.105892930,5920.105892930,3111,4355400,0.000000
629,6.290065,5920.115888062,5920.115888062,3116,4362400,0.000000
630,6.300070,5920.125893651,5920.125893651,3121,4369400,0.000000
631,6.310069,5920.135892594,5920.135892594,3126,4376400,0.000000
632,6.320066,5920.145889950,5920.145889950,3131,4383400,0.000000
633,6.330070,5920.155893740,5920.155893740,3136,4390400,0.000000
634,6.340011,5920.165834398,5920.165834398,3141,4397400,0.000000
635,6.350066,5920.175889293,5920.175889293,3146,4404400,0.000000
636,6.360064,5920.185887145,5920.185887145,3151,4411400,0.000000
637,6.370055,5920.195878377,5920.195878377,3156,4418400,0.000000
638,6.380070,5920.205893961,5920.205893961,3161,4425400,0.000000
639,6.390067,5920.215890130,5920.215890130,3166,4432400,0.000000
640,6.400067,5920.225890938,5920.225890938,3171,4439400,0.000000
641,6.410068,5920.235891561,5920.235891561,3176,4446400,0.000000
642,6.420068,5920.245891270,5920.245891270,3181,4453400,0.000000
643,6.430065,5920.255888219,5920.255888219,3186,4460400,0.000000
644,6.440063,5920.265886829,5920.265886829,3191,4467400,0.000000
645,6.450065,5920.275888759,5920.275888759,3196,4474400,0.000000
646,6.460059,5920.285882467,5920.285882467,3201,4481400,0.000000
647,6.470061,5920.295884729,5920.295884729,3206,4488400,0.000000
648,6.480067,5920.305890142,5920.305890142,3211,4495400,0.000000
649,6.490021,5920.315844784,5920.315844784,3216,4502400,0.000000
650,6.500075,5920.325898285,5920.325898285,3221,4509400,0.000000
651,6.510064,5920.335887596,5920.335887596,3225,4515000,0.000000
652,6.520064,5920.345887956,5920.345887956,3230,4522000,0.000000
653,6.530048,5920.355871424,5920.355871424,3235,4529000,0.000000
654,6.540070,5920.365893906,5920.365893906,3240,4536000,0.000000
655,6.550078,5920.375901954,5920.375901954,3245,4543000,0.000000
656,6.560069,5920.385892757,5920.385892757,3250,4550000,0.000000
657,6.570065,5920.395888226,5920.395888226,3255,4557000,0.000000
658,6.580029,5920.405852322,5920.405852322,3260,4564000,0.000000
659,6.590065,5920.415888592,5920.415888592,3265,4571000,0.000000
660,6.600066,5920.425889792,5920.425889792,3270,4578000,0.000000
661,6.610069,5920.435892453,5920.435892453,3275,4585000,0.000000
662,6.620059,5920.445882061,5920.445882061,3280,4592000,0.000000
663,6.630065,5920.455888067,5920.455888067,3285,4599000,0.000000
664,6.640069,5920.465892687,5920.465892687,3290,4606000,0.000000
665,6.650065,5920.475888845,5920.475888845,3295,4613000,0.000000
666,6.660095,5920.485918187,5920.485918187,3300,4620000,0.000000
667,6.670065,5920.495888730,5920.495888730,3305,4627000,0.000000
668,6.680069,5920.505892469,5920.505892469,3310,4634000,0.000000
669,6.690064,5920.515887493,5920.515887493,3315,4641000,0.000000
670,6.700015,5920.525838671,5920.525838671,3320,4648000,0.000000
671,6.710000,5920.535823707,5920.535823707,3325,4655000,0.000000
672,6.720076,5920.545899690,5920.545899690,3330,4662000,0.000000
673,6.730070,5920.555893512,5920.555893512,3334,4667600,0.000000
674,6.740070,5920.565893250,5920.565893250,3339,4674600,0.000000
675,6.750065,5920.575887998,5920.575887998,3344,4681600,0.000000
676,6.760074,5920.585897091,5920.585897091,3349,4688600,0.000000
677,6.770066,5920.595889127,5920.595889127,3354,4695600,0.000000
678,6.780069,5920.605892066,5920.605892066,3359,4702600,0.000000
679,6.790040,5920.615863511,5920.615863511,3364,4709600,0.000000
680,6.800079,5920.625902895,5920.625902895,3369,4716600,0.000000
681,6.810077,5920.635900050,5920.635900050,3374,4723600,0.000000
682,6.820069,5920.645892406,5920.645892406,3379,4730600,0.000000
683,6.830067,5920.655890683,5920.655890683,3384,4737600,0.000000
684,6.840069,5920.665892636,5920.665892636,3389,4744600,0.000000
685,6.850070,5920.675893367,5920.675893367,3394,4751600,0.000000
686,6.860069,5920.685892690,5920.685892690,3399,4758600,0.000000
687,6.870067,5920.695890468,5920.695890468,3404,4765600,0.000000
688,6.880091,5920.705914033,5920.705914033,3409,4772600,0.000000
689,6.890067,5920.715890431,5920.715890431,3414,4779600,0.000000
690,6.900065,5920.725888569,5920.725888569,3419,4786600,0.000000
691,6.910062,5920.735885817,5920.735885817,3424,4793600,0.000000
692,6.920062,5920.745885578,5920.745885578,3429,4800600,0.000000
693,6.930018,5920.755841282,5920.755841282,3434,4807600,0.000000
694,6.940009,5920.765832046,5920.765832046,3439,4814600,0.000000
695,6.950080,5920.775903934,5920.775903934,3444,4821600,0.000000
696,6.960069,5920.785892787,5920.785892787,3448,4827200,0.000000
697,6.970069,5920.795892675,5920.795892675,3453,4834200,0.000000
698,6.980065,5920.805888684,5920.805888684,3458,4841200,0.000000
699,6.990069,5920.815892931,5920.815892931,3463,4848200,0.000000
700,7.000070,5920.825893467,5920.825893467,3468,4855200,0.000000
701,7.010060,5920.835883074,5920.835883074,3473,4862200,0.000000
702,7.020062,5920.845885612,5920.845885612,3478,4869200,0.000000
703,7.030072,5920.855895255,5920.855895255,3483,4876200,0.000000
704,7.040069,5920.865892080,5920.865892080,3488,4883200,0.000000
705,7.050068,5920.875891831,5920.875891831,3493,4890200,0.000000
706,7.060064,5920.885887059,5920.885887059,3498,4897200,0.000000
707,7.070064,5920.895887279,5920.895887279,3503,4904200,0.000000
708,7.080069,5920.905892553,5920.905892553,3508,4911200,0.000000
709,7.090063,5920.915886500,5920.915886500,3513,4918200,0.000000
710,7.100064,5920.925887945,5920.925887945,3518,4925200,0.000000
711,7.110066,5920.935889271,5920.935889271,3523,4932200,0.000000
712,7.120065,5920.945888561,5920.945888561,3528,4939200,0.000000
713,7.130060,5920.955883482,5920.955883482,3533,4946200,0.000000
714,7.140062,5920.965885358,5920.965885358,3538,4953200,0.000000
715,7.150028,5920.975851362,5920.975851362,3543,4960200,0.000000
716,7.160005,5920.985828160,5920.985828160,3548,4967200,0.000000
717,7.170078,5920.995901123,5920.995901123,3553,4974200,0.000000
718,7.180070,5921.005893007,5921.005893007,3557,4979800,0.000000
719,7.190069,5921.015892341,5921.015892341,3562,4986800,0.000000
720,7.200072,5921.025895783,5921.025895783,3567,4993800,0.000000
721,7.210069,5921.035892474,5921.035892474,3572,5000800,0.000000
722,7.220065,5921.045888701,5921.045888701,3577,5007800,0.000000
723,7.230065,5921.055888454,5921.055888454,3582,5014800,0.000000
724,7.240061,5921.065884721,5921.065884721,3587,5021800,0.000000
725,7.250079,5921.075902467,5921.075902467,3592,5028800,0.000000
726,7.260259,5921.086082458,5921.086082458,3597,5035800,0.000000
727,7.270068,5921.095891025,5921.095891025,3602,5042800,0.000000
728,7.280063,5921.105886340,5921.105886340,3607,5049800,0.000000
729,7.290031,5921.115854330,5921.115854330,3612,5056800,0.000000
730,7.300058,5921.125881952,5921.125881952,3617,5063800,0.000000
731,7.310062,5921.135885229,5921.135885229,3622,5070800,0.000000
732,7.320065,5921.145888902,5921.145888902,3627,5077800,0.000000
733,7.330062,5921.155885848,5921.155885848,3632,5084800,0.000000
734,7.340063,5921.165886890,5921.165886890,3637,5091800,0.000000
735,7.350062,5921.175885226,5921.175885226,3642,5098800,0.000000
736,7.360058,5921.185881214,5921.185881214,3647,5105800,0.000000
737,7.370058,5921.195881211,5921.195881211,3652,5112800,0.000000
738,7.380072,5921.205895098,5921.205895098,3657,5119800,0.000000
739,7.390053,5921.215876285,5921.215876285,3662,5126800,0.000000
740,7.400060,5921.225883501,5921.225883501,3666,5132400,0.000000
741,7.410066,5921.235889696,5921.235889696,3671,5139400,0.000000
742,7.420063,5921.245886127,5921.245886127,3676,5146400,0.000000
743,7.430064,5921.255887077,5921.255887077,3681,5153400,0.000000
744,7.440075,5921.265898073,5921.265898073,3686,5160400,0.000000
745,7.450062,5921.275885627,5921.275885627,3691,5167400,0.000000
746,7.460074,5921.285897306,5921.285897306,3696,5174400,0.000000
747,7.470065,5921.295888381,5921.295888381,3701,5181400,0.000000
748,7.480065,5921.305888548,5921.305888548,3706,5188400,0.000000
749,7.490064,5921.315887964,5921.315887964,3711,5195400,0.000000
750,7.500038,5921.325861172,5921.325861172,3716,5202400,0.000000
751,7.510072,5921.335895519,5921.335895519,3721,5209400,0.000000
752,7.520070,5921.345893335,5921.345893335,3726,5216400,0.000000
753,7.530059,5921.355882830,5921.355882830,3731,5223400,0.000000
754,7.540063,5921.365886807,5921.365886807,3736,5230400,0.000000
755,7.550066,5921.375889483,5921.375889483,3741,5237400,0.000000
756,7.560059,5921.385882763,5921.385882763,3746,5244400,0.000000
757,7.570060,5921.395883477,5921.395883477,3751,5251400,0.000000
758,7.580064,5921.405887007,5921.405887007,3756,5258400,0.000000
759,7.590058,5921.415881828,5921.415881828,3761,5265400,0.000000
760,7.600068,5921.425890969,5921.425890969,3766,5272400,0.000000
761,7.610025,5921.435848742,5921.435848742,3771,5279400,0.000000
762,7.620075,5921.445898632,5921.445898632,3776,5286400,0.000000
763,7.630067,5921.455890362,5921.455890362,3780,5292000,0.000000
764,7.640066,5921.465889854,5921.465889854,3785,5299000,0.000000
765,7.650065,5921.475888374,5921.475888374,3790,5306000,0.000000
766,7.660072,5921.485895841,5921.485895841,3795,5313000,0.000000
767,7.670063,5921.495886151,5921.495886151,3800,5320000,0.000000
768,7.680068,5921.505891368,5921.505891368,3805,5327000,0.000000
769,7.690067,5921.515890533,5921.515890533,3810,5334000,0.000000
770,7.700074,5921.525897634,5921.525897634,3815,5341000,0.000000
771,7.710034,5921.535857745,5921.535857745,3820,5348000,0.000000
772,7.720072,5921.545895095,5921.545895095,3825,5355000,0.000000
773,7.730073,5921.555896015,5921.555896015,3830,5362000,0.000000
774,7.740067,5921.565890225,5921.565890225,3835,5369000,0.000000
775,7.750064,5921.575887666,5921.575887666,3840,5376000,0.000000
776,7.760068,5921.585891693,5921.585891693,3845,5383000,0.000000
777,7.770068,5921.595891044,5921.595891044,3850,5390000,0.000000
778,7.780085,5921.605908224,5921.605908224,3855,5397000,0.000000
779,7.790043,5921.615866348,5921.615866348,3860,5404000,0.000000
780,7.800073,5921.625896015,5921.625896015,3865,5411000,0.000000
781,7.810067,5921.635890651,5921.635890651,3870,5418000,0.000000
782,7.820058,5921.645881492,5921.645881492,3875,5425000,0.000000
783,7.830064,5921.655887022,5921.655887022,3880,5432000,0.000000
784,7.840083,5921.665906406,5921.665906406,3885,5439000,0.000000
785,7.850065,5921.675888150,5921.675888150,3889,5444600,0.000000
786,7.860065,5921.685888255,5921.685888255,3894,5451600,0.000000
787,7.870079,5921.695902338,5921.695902338,3899,5458600,0.000000
788,7.880067,5921.705890466,5921.705890466,3904,5465600,0.000000
789,7.890060,5921.715883664,5921.715883664,3909,5472600,0.000000
790,7.900072,5921.725895235,5921.725895235,3914,5479600,0.000000
791,7.910064,5921.735887422,5921.735887422,3919,5486600,0.000000
792,7.920063,5921.745886583,5921.745886583,3924,5493600,0.000000
793,7.930077,5921.755900842,5921.755900842,3929,5500600,0.000000
794,7.940064,5921.765887752,5921.765887752,3934,5507600,0.000000
795,7.950064,5921.775887535,5921.775887535,3939,5514600,0.000000
796,7.960070,5921.785893807,5921.785893807,3944,5521600,0.000000
797,7.970065,5921.795888425,5921.795888425,3949,5528600,0.000000
798,7.980065,5921.805888779,5921.805888779,3954,5535600,0.000000
799,7.990068,5921.815891896,5921.815891896,3959,5542600,0.000000
800,8.000071,5921.825894499,5921.825894499,3964,5549600,0.000000
801,8.010066,5921.835889827,5921.835889827,3969,5556600,0.000000
802,8.020067,5921.845890530,5921.845890530,3974,5563600,0.000000
803,8.030063,5921.855886112,5921.855886112,3979,5570600,0.000000
804,8.040058,5921.865881555,5921.865881555,3984,5577600,0.000000
805,8.050065,5921.875888923,5921.875888923,3989,5584600,0.000000
806,8.060058,5921.885881530,5921.885881530,3994,5591600,0.000000
807,8.070045,5921.895868491,5921.895868491,3998,5597200,0.000000
808,8.080072,5921.905895252,5921.905895252,4003,5604200,0.000000
809,8.090068,5921.915891841,5921.915891841,4008,5611200,0.000000
810,8.100065,5921.925888692,5921.925888692,4013,5618200,0.000000
811,8.110069,5921.935892493,5921.935892493,4018,5625200,0.000000
812,8.120066,5921.945889439,5921.945889439,4023,5632200,0.000000
813,8.130062,5921.955885535,5921.955885535,4028,5639200,0.000000
814,8.140068,5921.965891641,5921.965891641,4033,5646200,0.000000
815,8.150050,5921.975873479,5921.975873479,4038,5653200,0.000000
816,8.160063,5921.985886533,5921.985886533,4043,5660200,0.000000
817,8.170043,5921.995866723,5921.995866723,4048,5667200,0.000000
818,8.180066,5922.005889560,5922.005889560,4053,5674200,0.000000
819,8.190066,5922.015889071,5922.015889071,4058,5681200,0.000000
820,8.200066,5922.025889112,5922.025889112,4063,5688200,0.000000
821,8.210022,5922.035845147,5922.035845147,4068,5695200,0.000000
822,8.220064,5922.045887878,5922.045887878,4073,5702200,0.000000
823,8.230061,5922.055884559,5922.055884559,4078,5709200,0.000000
824,8.240066,5922.065889186,5922.065889186,4083,5716200,0.000000
825,8.250063,5922.075886664,5922.075886664,4088,5723200,0.000000
826,8.260061,5922.085884628,5922.085884628,4093,5730200,0.000000
827,8.270025,5922.095848206,5922.095848206,4098,5737200,0.000000
828,8.280001,5922.105824681,5922.105824681,4103,5744200,0.000000
829,8.290075,5922.115898571,5922.115898571,4108,5751200,0.000000
830,8.300067,5922.125890772,5922.125890772,4112,5756800,0.000000
831,8.310061,5922.135883996,5922.135883996,4117,5763800,0.000000
832,8.320032,5922.145855551,5922.145855551,4122,5770800,0.000000
833,8.330067,5922.155890283,5922.155890283,4127,5777800,0.000000
834,8.340070,5922.165893563,5922.165893563,4132,5784800,0.000000
835,8.350072,5922.175895847,5922.175895847,4137,5791800,0.000000
836,8.360067,5922.185890134,5922.185890134,4142,5798800,0.000000
837,8.370069,5922.195892810,5922.195892810,4147,5805800,0.000000
838,8.380070,5922.205893620,5922.205893620,4152,5812800,0.000000
839,8.390080,5922.215903686,5922.215903686,4157,5819800,0.000000
840,8.400066,5922.225888988,5922.225888988,4162,5826800,0.000000
841,8.410068,5922.235891532,5922.235891532,4167,5833800,0.000000
842,8.420063,5922.245886685,5922.245886685,4172,5840800,0.000000
843,8.430065,5922.255888477,5922.255888477,4177,5847800,0.000000
844,8.440061,5922.265884820,5922.265884820,4182,5854800,0.000000
845,8.450064,5922.275887967,5922.275887967,4187,5861800,0.000000
846,8.460063,5922.285886618,5922.285886618,4192,5868800,0.000000
847,8.470063,5922.295886054,5922.295886054,4197,5875800,0.000000
848,8.480064,5922.305887254,5922.305887254,4202,5882800,0.000000
849,8.490068,5922.315891060,5922.315891060,4207,5889800,0.000000
850,8.500063,5922.325886041,5922.325886041,4212,5896800,0.000000
851,8.510058,5922.335881849,5922.335881849,4217,5903800,0.000000
852,8.520072,5922.345895691,5922.345895691,4221,5909400,0.002018
853,8.530067,5922.355890767,5922.355890767,4226,5916400,0.000000
854,8.540070,5922.365893733,5922.365893733,4231,5923400,0.000000
855,8.550065,5922.375888858,5922.375888858,4236,5930400,0.000000
856,8.560065,5922.385888773,5922.385888773,4241,5937400,0.000000
857,8.570066,5922.395889760,5922.395889760,4246,5944400,0.000000
858,8.580060,5922.405883114,5922.405883114,4251,5951400,0.000000
859,8.590064,5922.415887305,5922.415887305,4256,5958400,0.000000
860,8.600072,5922.425895385,5922.425895385,4261,5965400,0.000000
861,8.610069,5922.435892793,5922.435892793,4266,5972400,0.000000
862,8.620081,5922.445904850,5922.445904850,4271,5979400,0.000000
863,8.630067,5922.455890159,5922.455890159,4276,5986400,0.000000
864,8.640063,5922.465886065,5922.465886065,4281,5993400,0.000000
865,8.650063,5922.475886546,5922.475886546,4286,6000400,0.000000
866,8.660063,5922.485886775,5922.485886775,4291,6007400,0.000000
867,8.670063,5922.495886212,5922.495886212,4296,6014400,0.000000
868,8.680073,5922.505896091,5922.505896091,4301,6021400,0.000000
869,8.690067,5922.515890265,5922.515890265,4306,6028400,0.000000
870,8.700065,5922.525888175,5922.525888175,4311,6035400,0.000000
871,8.710060,5922.535883270,5922.535883270,4316,6042400,0.000000
872,8.720064,5922.545886970,5922.545886970,4321,6049400,0.000000
873,8.730027,5922.555850012,5922.555850012,4326,6056400,0.000000
874,8.740088,5922.565911486,5922.565911486,4331,6063400,0.000000
875,8.750070,5922.575893072,5922.575893072,4335,6069000,0.000000
876,8.760070,5922.585893928,5922.585893928,4340,6076000,0.000000
877,8.770063,5922.595886120,5922.595886120,4345,6083000,0.000000
878,8.780068,5922.605891761,5922.605891761,4350,6090000,0.000000
879,8.790088,5922.615911060,5922.615911060,4355,6097000,0.000000
880,8.800069,5922.625892046,5922.625892046,4360,6104000,0.000000
881,8.810067,5922.635890357,5922.635890357,4365,6111000,0.000000
882,8.820065,5922.645888151,5922.645888151,4370,6118000,0.000000
883,8.830068,5922.655891218,5922.655891218,4375,6125000,0.000000
884,8.840068,5922.665891569,5922.665891569,4380,6132000,0.000000
885,8.850068,5922.675891938,5922.675891938,4385,6139000,0.000000
886,8.860061,5922.685884561,5922.685884561,4390,6146000,0.000000
887,8.870067,5922.695890036,5922.695890036,4395,6153000,0.000000
888,8.880063,5922.705886465,5922.705886465,4400,6160000,0.000000
889,8.890065,5922.715888960,5922.715888960,4405,6167000,0.000000
890,8.900066,5922.725889024,5922.725889024,4410,6174000,0.000000
891,8.910064,5922.735887756,5922.735887756,4415,6181000,0.000000
892,8.920065,5922.745888368,5922.745888368,4420,6188000,0.000000
893,8.930066,5922.755889515,5922.755889515,4425,6195000,0.000000
894,8.940061,5922.765884350,5922.765884350,4430,6202000,0.000000
895,8.950062,5922.775885318,5922.775885318,4435,6209000,0.000000
896,8.960103,5922.785926013,5922.785926013,4440,6216000,0.000000
897,8.970064,5922.795887808,5922.795887808,4444,6221600,0.000000
898,8.980064,5922.805887601,5922.805887601,4449,6228600,0.000000
899,8.990064,5922.815887638,5922.815887638,4454,6235600,0.000000
900,9.000016,5922.825839817,5922.825839817,4459,6242600,0.000000
901,9.010065,5922.835888729,5922.835888729,4464,6249600,0.000000
902,9.020074,5922.845897090,5922.845897090,4469,6256600,0.000000
903,9.030067,5922.855890706,5922.855890706,4474,6263600,0.000000
904,9.040073,5922.865896159,5922.865896159,4479,6270600,0.000000
905,9.050071,5922.875894296,5922.875894296,4484,6277600,0.000000
906,9.060069,5922.885892297,5922.885892297,4489,6284600,0.000000
907,9.070072,5922.895895314,5922.895895314,4494,6291600,0.000000
908,9.080068,5922.905891835,5922.905891835,4499,6298600,0.000000
909,9.090066,5922.915889443,5922.915889443,4504,6305600,0.000000
910,9.100068,5922.925891728,5922.925891728,4509,6312600,0.000000
911,9.110069,5922.935892478,5922.935892478,4514,6319600,0.000000
912,9.120067,5922.945890947,5922.945890947,4519,6326600,0.000000
913,9.130076,5922.955899003,5922.955899003,4524,6333600,0.000000
914,9.140069,5922.965892496,5922.965892496,4529,6340600,0.000000
915,9.150063,5922.975886162,5922.975886162,4534,6347600,0.000000
916,9.160063,5922.985886871,5922.985886871,4539,6354600,0.000000
917,9.170061,5922.995884118,5922.995884118,4544,6361600,0.000000
918,9.180032,5923.005855945,5923.005855945,4549,6368600,0.000000
919,9.190052,5923.015875017,5923.015875017,4553,6374200,0.000000
920,9.200068,5923.025891524,5923.025891524,4558,6381200,0.000000
921,9.210066,5923.035889581,5923.035889581,4563,6388200,0.000000
922,9.220065,5923.045888731,5923.045888731,4568,6395200,0.000000
923,9.230064,5923.055887229,5923.055887229,4573,6402200,0.000000
924,9.240067,5923.065890132,5923.065890132,4578,6409200,0.000000
925,9.250069,5923.075891982,5923.075891982,4583,6416200,0.000000
926,9.260065,5923.085888957,5923.085888957,4588,6423200,0.000000
927,9.270064,5923.095887758,5923.095887758,4593,6430200,0.000000
928,9.280069,5923.105891974,5923.105891974,4598,6437200,0.000000
929,9.290067,5923.115890483,5923.115890483,4603,6444200,0.000000
930,9.300065,5923.125888784,5923.125888784,4608,6451200,0.000000
931,9.310070,5923.135893264,5923.135893264,4613,6458200,0.000000
932,9.320064,5923.145887419,5923.145887419,4618,6465200,0.000000
933,9.330064,5923.155887684,5923.155887684,4623,6472200,0.000000
934,9.340063,5923.165886951,5923.165886951,4628,6479200,0.000000
935,9.350063,5923.175886453,5923.175886453,4633,6486200,0.000000
936,9.360060,5923.185883359,5923.185883359,4638,6493200,0.000000
937,9.370062,5923.195885935,5923.195885935,4643,6500200,0.000000
938,9.380098,5923.205921068,5923.205921068,4648,6507200,0.000000
939,9.390028,5923.215851166,5923.215851166,4653,6514200,0.000000
940,9.400005,5923.225827980,5923.225827980,4658,6521200,0.000000
941,9.410074,5923.235897660,5923.235897660,4663,6528200,0.000000
942,9.420066,5923.245889764,5923.245889764,4667,6533800,0.000000
943,9.430060,5923.255883499,5923.255883499,4672,6540800,0.000000
944,9.440043,5923.265866577,5923.265866577,4677,6547800,0.000000
945,9.450062,5923.275885956,5923.275885956,4682,6554800,0.000000
946,9.460065,5923.285888662,5923.285888662,4687,6561800,0.000000
947,9.470063,5923.295886352,5923.295886352,4692,6568800,0.000000
948,9.480065,5923.305888122,5923.305888122,4697,6575800,0.000000
949,9.490063,5923.315886565,5923.315886565,4702,6582800,0.000000
950,9.500065,5923.325888349,5923.325888349,4707,6589800,0.000000
951,9.510064,5923.335887517,5923.335887517,4712,6596800,0.000000
952,9.520066,5923.345889626,5923.345889626,4717,6603800,0.000000
953,9.530060,5923.355883510,5923.355883510,4722,6610800,0.000000
954,9.540056,5923.365879314,5923.365879314,4727,6617800,0.000000
955,9.550063,5923.375886158,5923.375886158,4732,6624800,0.000000
956,9.560064,5923.385887442,5923.385887442,4737,6631800,0.000000
957,9.570079,5923.395902289,5923.395902289,4742,6638800,0.000000
958,9.580068,5923.405891204,5923.405891204,4747,6645800,0.000000
959,9.590059,5923.415882647,5923.415882647,4752,6652800,0.000000
960,9.600063,5923.425886959,5923.425886959,4757,6659800,0.000000
961,9.610062,5923.435885245,5923.435885245,4762,6666800,0.000000
962,9.620069,5923.445892952,5923.445892952,4767,6673800,0.000000
963,9.630056,5923.455879444,5923.455879444,4772,6680800,0.000000
964,9.640066,5923.465889886,5923.465889886,4776,6686400,0.000000
965,9.650064,5923.475887554,5923.475887554,4781,6693400,0.000000
966,9.660065,5923.485888946,5923.485888946,4786,6700400,0.000000
967,9.670066,5923.495889664,5923.495889664,4791,6707400,0.000000
968,9.680066,5923.505889706,5923.505889706,4796,6714400,0.000000
969,9.690069,5923.515892844,5923.515892844,4801,6721400,0.000000
970,9.700068,5923.525891515,5923.525891515,4806,6728400,0.000000
971,9.710066,5923.535889732,5923.535889732,4811,6735400,0.000000
972,9.720065,5923.545888139,5923.545888139,4816,6742400,0.000000
973,9.730067,5923.555890286,5923.555890286,4821,6749400,0.000000
974,9.740102,5923.565925423,5923.565925423,4826,6756400,0.000000
975,9.750063,5923.575886486,5923.575886486,4831,6763400,0.000000
976,9.760067,5923.585890964,5923.585890964,4836,6770400,0.000000
977,9.770063,5923.595886376,5923.595886376,4841,6777400,0.000000
978,9.780062,5923.605885560,5923.605885560,4846,6784400,0.000000
979,9.790062,5923.615885790,5923.615885790,4851,6791400,0.000000
980,9.800063,5923.625886007,5923.625886007,4856,6798400,0.000000
981,9.810053,5923.635876735,5923.635876735,4861,6805400,0.000000
982,9.820068,5923.645891076,5923.645891076,4866,6812400,0.000000
983,9.830064,5923.655887021,5923.655887021,4871,6819400,0.000000
984,9.840052,5923.665875295,5923.665875295,4876,6826400,0.000000
985,9.850023,5923.675846716,5923.675846716,4881,6833400,0.000000
986,9.860075,5923.685898313,5923.685898313,4886,6840400,0.000000
987,9.870066,5923.695889268,5923.695889268,4890,6846000,0.000000
988,9.880075,5923.705898249,5923.705898249,4895,6853000,0.000000
989,9.890065,5923.715888573,5923.715888573,4900,6860000,0.000000
990,9.900069,5923.725892239,5923.725892239,4905,6867000,0.000000
991,9.910067,5923.735890058,5923.735890058,4910,6874000,0.000000
992,9.920069,5923.745892964,5923.745892964,4915,6881000,0.000000
993,9.930067,5923.755890727,5923.755890727,4920,6888000,0.000000
994,9.940071,5923.765894543,5923.765894543,4925,6895000,0.000000
995,9.950064,5923.775887140,5923.775887140,4930,6902000,0.000000
996,9.960062,5923.785885771,5923.785885771,4935,6909000,0.000000
997,9.970065,5923.795888885,5923.795888885,4940,6916000,0.000000
998,9.980065,5923.805888513,5923.805888513,4945,6923000,0.000000
999,9.990071,5923.815894677,5923.815894677,4950,6930000,0.000000
1000,10.000064,5923.825887312,5923.825887312,4955,6937000,0.000000
1001,10.010063,5923.835886731,5923.835886731,4960,6944000,0.000000
1002,10.020068,5923.845891575,5923.845891575,4965,6951000,0.000000
1003,10.030036,5923.855859565,5923.855859565,4970,6958000,0.000000
1004,10.040064,5923.865887508,5923.865887508,4975,6965000,0.000000
1005,10.050067,5923.875890729,5923.875890729,4980,6972000,0.000000
1006,10.060058,5923.885881035,5923.885881035,4985,6979000,0.000000
1007,10.070004,5923.895827926,5923.895827926,4990,6986000,0.000000
1008,10.080076,5923.905899310,5923.905899310,4995,6993000,0.000000
1009,10.090070,5923.915893834,5923.915893834,4999,6998600,0.000000
1010,10.100076,5923.925899692,5923.925899692,5004,7005600,0.000000
1011,10.110066,5923.935889535,5923.935889535,5009,7012600,0.000000
1012,10.120068,5923.945891927,5923.945891927,5014,7019600,0.000000
1013,10.130064,5923.955887446,5923.955887446,5019,7026600,0.000000
1014,10.140063,5923.965886735,5923.965886735,5024,7033600,0.000000
1015,10.150057,5923.975880793,5923.975880793,5029,7040600,0.000000
1016,10.160075,5923.985898704,5923.985898704,5034,7047600,0.000000
1017,10.170070,5923.995893053,5923.995893053,5039,7054600,0.000000
1018,10.180068,5924.005891337,5924.005891337,5044,7061600,0.000000
1019,10.190066,5924.015889290,5924.015889290,5049,7068600,0.000000
1020,10.200064,5924.025887539,5924.025887539,5054,7075600,0.000000
1021,10.210063,5924.035886641,5924.035886641,5059,7082600,0.000000
1022,10.220065,5924.045888360,5924.045888360,5064,7089600,0.000000
1023,10.230066,5924.055889234,5924.055889234,5069,7096600,0.000000
1024,10.240062,5924.065885890,5924.065885890,5074,7103600,0.000000
1025,10.250031,5924.075854703,5924.075854703,5079,7110600,0.000000
1026,10.260071,5924.085894381,5924.085894381,5084,7117600,0.000000
1027,10.270062,5924.095885359,5924.095885359,5089,7124600,0.000000
1028,10.280062,5924.105885239,5924.105885239,5094,7131600,0.000000
1029,10.290068,5924.115891513,5924.115891513,5099,7138600,0.000000
1030,10.300044,5924.125867048,5924.125867048,5104,7145600,0.000000
1031,10.310080,5924.135903054,5924.135903054,5109,7152600,0.000000
1032,10.320070,5924.145893239,5924.145893239,5113,7158200,0.000000
1033,10.330064,5924.155887808,5924.155887808,5118,7165200,0.000000
1034,10.340070,5924.165893206,5924.165893206,5123,7172200,0.000000
1035,10.350071,5924.175894484,5924.175894484,5128,7179200,0.000000
1036,10.360066,5924.185889567,5924.185889567,5133,7186200,0.000000
1037,10.370076,5924.195899164,5924.195899164,5138,7193200,0.000000
1038,10.380082,5924.205905730,5924.205905730,5143,7200200,0.000000
1039,10.390065,5924.215888215,5924.215888215,5148,7207200,0.000000
1040,10.400068,5924.225891833,5924.225891833,5153,7214200,0.000000
1041,10.410050,5924.235873153,5924.235873153,5158,7221200,0.000000
1042,10.420067,5924.245890710,5924.245890710,5163,7228200,0.000000
1043,10.430086,5924.255909112,5924.255909112,5168,7235200,0.000000
1044,10.440069,5924.265892274,5924.265892274,5173,7242200,0.000000
1045,10.450066,5924.275889421,5924.275889421,5178,7249200,0.000000
1046,10.460070,5924.285893171,5924.285893171,5183,7256200,0.000000
1047,10.470068,5924.295891035,5924.295891035,5188,7263200,0.000000
1048,10.480067,5924.305890337,5924.305890337,5193,7270200,0.000000
1049,10.490064,5924.315887911,5924.315887911,5198,7277200,0.000000
1050,10.500062,5924.325885276,5924.325885276,5203,7284200,0.000000
1051,10.510059,5924.335881976,5924.335881976,5208,7291200,0.000000
1052,10.520030,5924.345853674,5924.345853674,5213,7298200,0.000000
1053,10.530081,5924.355904720,5924.355904720,5218,7305200,0.000000
1054,10.540070,5924.365893140,5924.365893140,5222,7310800,0.000000
1055,10.550065,5924.375887989,5924.375887989,5227,7317800,0.000000
1056,10.560067,5924.385890931,5924.385890931,5232,7324800,0.000000
1057,10.570064,5924.395887398,5924.395887398,5237,7331800,0.000000
1058,10.580069,5924.405892377,5924.405892377,5242,7338800,0.000000
1059,10.590067,5924.415890093,5924.415890093,5247,7345800,0.000000
1060,10.600067,5924.425890898,5924.425890898,5252,7352800,0.000000
1061,10.610085,5924.435908849,5924.435908849,5257,7359800,0.000000
1062,10.620069,5924.445892219,5924.445892219,5262,7366800,0.000000
1063,10.630066,5924.455889732,5924.455889732,5267,7373800,0.000000
1064,10.640064,5924.465887813,5924.465887813,5272,7380800,0.000000
1065,10.650082,5924.475905722,5924.475905722,5277,7387800,0.000000
1066,10.660064,5924.485887595,5924.485887595,5282,7394800,0.000000
1067,10.670065,5924.495888715,5924.495888715,5287,7401800,0.000000
1068,10.680056,5924.505879126,5924.505879126,5292,7408800,0.000000
1069,10.690062,5924.515885352,5924.515885352,5297,7415800,0.000000
1070,10.700065,5924.525888482,5924.525888482,5302,7422800,0.000000
1071,10.710063,5924.535886870,5924.535886870,5307,7429800,0.000000
1072,10.720078,5924.545901258,5924.545901258,5312,7436800,0.000000
1073,10.730063,5924.555886867,5924.555886867,5317,7443800,0.000000
1074,10.740058,5924.565881055,5924.565881055,5322,7450800,0.000000
1075,10.750056,5924.575879704,5924.575879704,5327,7457800,0.000000
1076,10.760058,5924.585881869,5924.585881869,5331,7463400,0.000000
1077,10.770067,5924.595890180,5924.595890180,5336,7470400,0.000000
1078,10.780061,5924.605884513,5924.605884513,5341,7477400,0.000000
1079,10.790065,5924.615888359,5924.615888359,5346,7484400,0.000000
1080,10.800072,5924.625895453,5924.625895453,5351,7491400,0.000000
1081,10.810067,5924.635890757,5924.635890757,5356,7498400,0.000000
1082,10.820066,5924.645889138,5924.645889138,5361,7505400,0.000000
1083,10.830097,5924.655920296,5924.655920296,5366,7512400,0.000000
1084,10.840070,5924.665893563,5924.665893563,5371,7519400,0.000000
1085,10.850070,5924.675893900,5924.675893900,5376,7526400,0.000000
1086,10.860012,5924.685835626,5924.685835626,5381,7533400,0.000000
1087,10.870069,5924.695892197,5924.695892197,5386,7540400,0.000000
1088,10.880085,5924.705908939,5924.705908939,5391,7547400,0.000000
1089,10.890068,5924.715891946,5924.715891946,5396,7554400,0.000000
1090,10.900065,5924.725888439,5924.725888439,5401,7561400,0.000000
1091,10.910064,5924.735887891,5924.735887891,5406,7568400,0.000000
1092,10.920063,5924.745886354,5924.745886354,5411,7575400,0.000000
1093,10.930030,5924.755853045,5924.755853045,5416,7582400,0.000000
1094,10.940068,5924.765891402,5924.765891402,5421,7589400,0.000000
1095,10.950063,5924.775886644,5924.775886644,5426,7596400,0.000000
1096,10.960053,5924.785876380,5924.785876380,5431,7603400,0.000000
1097,10.970019,5924.795842187,5924.795842187,5436,7610400,0.000000
1098,10.980075,5924.805898279,5924.805898279,5441,7617400,0.000000
1099,10.990065,5924.815888289,5924.815888289,5445,7623000,0.000000
1100,11.000069,5924.825892864,5924.825892864,5450,7630000,0.000000
1101,11.010070,5924.835892972,5924.835892972,5455,7637000,0.000000
1102,11.020065,5924.845888061,5924.845888061,5460,7644000,0.000000
1103,11.030068,5924.855891105,5924.855891105,5465,7651000,0.000000
1104,11.040064,5924.865887841,5924.865887841,5470,7658000,0.000000
1105,11.050065,5924.875888490,5924.875888490,5475,7665000,0.000000
1106,11.060063,5924.885886771,5924.885886771,5480,7672000,0.000000
1107,11.070064,5924.895887725,5924.895887725,5485,7679000,0.000000
1108,11.080063,5924.905886225,5924.905886225,5490,7686000,0.000000
1109,11.090064,5924.915887213,5924.915887213,5495,7693000,0.000000
1110,11.100066,5924.925889734,5924.925889734,5500,7700000,0.000000
1111,11.110066,5924.935889309,5924.935889309,5505,7707000,0.000000
1112,11.120064,5924.945887240,5924.945887240,5510,7714000,0.000000
1113,11.130062,5924.955885705,5924.955885705,5515,7721000,0.000000
1114,11.140063,5924.965886247,5924.965886247,5520,7728000,0.000000
1115,11.150067,5924.975890586,5924.975890586,5525,7735000,0.000000
1116,11.160068,5924.985891441,5924.985891441,5530,7742000,0.000000
1117,11.170074,5924.995897793,5924.995897793,5535,7749000,0.000000
1118,11.180062,5925.005884978,5925.005884978,5540,7756000,0.000000
1119,11.190065,5925.015888959,5925.015888959,5545,7763000,0.000000
1120,11.200077,5925.025900281,5925.025900281,5550,7770000,0.000000
1121,11.210065,5925.035888122,5925.035888122,5554,7775600,0.000000
1122,11.220063,5925.045886369,5925.045886369,5559,7782600,0.000000
1123,11.230064,5925.055887314,5925.055887314,5564,7789600,0.000000
1124,11.240065,5925.065888634,5925.065888634,5569,7796600,0.000000
1125,11.250063,5925.075886961,5925.075886961,5574,7803600,0.000000
1126,11.260064,5925.085887314,5925.085887314,5579,7810600,0.000000
1127,11.270063,5925.095886256,5925.095886256,5584,7817600,0.000000
1128,11.280068,5925.105891375,5925.105891375,5589,7824600,0.000000
1129,11.290063,5925.115886033,5925.115886033,5594,7831600,0.000000
1130,11.300064,5925.125887751,5925.125887751,5599,7838600,0.000000
1131,11.310066,5925.135889819,5925.135889819,5604,7845600,0.000000
1132,11.320064,5925.145887763,5925.145887763,5609,7852600,0.000000
1133,11.330062,5925.155885661,5925.155885661,5614,7859600,0.000000
1134,11.340065,5925.165888941,5925.165888941,5619,7866600,0.000000
1135,11.350060,5925.175883184,5925.175883184,5624,7873600,0.000000
1136,11.360019,5925.185842572,5925.185842572,5629,7880600,0.000000
1137,11.370083,5925.195905973,5925.195905973,5634,7887600,0.000000
1138,11.380068,5925.205891792,5925.205891792,5639,7894600,0.000000
1139,11.390062,5925.215885332,5925.215885332,5644,7901600,0.000000
1140,11.400061,5925.225884895,5925.225884895,5649,7908600,0.000000
1141,11.410062,5925.235885182,5925.235885182,5654,7915600,0.000000
1142,11.420040,5925.245863032,5925.245863032,5659,7922600,0.000000
1143,11.430076,5925.255899181,5925.255899181,5664,7929600,0.000000
1144,11.440067,5925.265890474,5925.265890474,5668,7935200,0.000000
1145,11.450070,5925.275893672,5925.275893672,5673,7942200,0.000000
1146,11.460066,5925.285889199,5925.285889199,5678,7949200,0.000000
1147,11.470066,5925.295889382,5925.295889382,5683,7956200,0.000000
1148,11.480065,5925.305888005,5925.305888005,5688,7963200,0.000000
1149,11.490065,5925.315888813,5925.315888813,5693,7970200,0.000000
1150,11.500066,5925.325889388,5925.325889388,5698,7977200,0.000000
1151,11.510063,5925.335886373,5925.335886373,5703,7984200,0.000000
1152,11.520065,5925.345888220,5925.345888220,5708,7991200,0.000000
1153,11.530062,5925.355885832,5925.355885832,5713,7998200,0.000000
1154,11.540063,5925.365886265,5925.365886265,5718,8005200,0.000000
1155,11.550063,5925.375886598,5925.375886598,5723,8012200,0.000000
1156,11.560064,5925.385887058,5925.385887058,5728,8019200,0.000000
1157,11.570058,5925.395881556,5925.395881556,5733,8026200,0.000000
1158,11.580058,5925.405881784,5925.405881784,5738,8033200,0.000000
1159,11.590064,5925.415887144,5925.415887144,5743,8040200,0.000000
1160,11.600064,5925.425887381,5925.425887381,5748,8047200,0.000000
1161,11.610062,5925.435885206,5925.435885206,5753,8054200,0.000000
1162,11.620063,5925.445886155,5925.445886155,5758,8061200,0.000000
1163,11.630038,5925.455861701,5925.455861701,5763,8068200,0.000000
1164,11.640003,5925.465826244,5925.465826244,5768,8075200,0.000000
1165,11.650075,5925.475898662,5925.475898662,5773,8082200,0.000000
1166,11.660060,5925.485883634,5925.485883634,5777,8087800,0.000000
1167,11.670068,5925.495891924,5925.495891924,5782,8094800,0.000000
1168,11.680070,5925.505893922,5925.505893922,5787,8101800,0.000000
1169,11.690066,5925.515889246,5925.515889246,5792,8108800,0.000000
1170,11.700068,5925.525891543,5925.525891543,5797,8115800,0.000000
1171,11.710071,5925.535894719,5925.535894719,5802,8122800,0.000000
1172,11.720074,5925.545897281,5925.545897281,5807,8129800,0.000000
1173,11.730069,5925.555892791,5925.555892791,5812,8136800,0.000000
1174,11.740075,5925.565898106,5925.565898106,5817,8143800,0.000000
1175,11.750066,5925.575889296,5925.575889296,5822,8150800,0.000000
1176,11.760069,5925.585892913,5925.585892913,5827,8157800,0.000000
1177,11.770065,5925.595888875,5925.595888875,5832,8164800,0.000000
1178,11.780055,5925.605878193,5925.605878193,5837,8171800,0.000000
1179,11.790065,5925.615888342,5925.615888342,5842,8178800,0.000000
1180,11.800052,5925.625875758,5925.625875758,5847,8185800,0.000000
1181,11.810064,5925.635886983,5925.635886983,5852,8192800,0.000000
1182,11.820063,5925.645886299,5925.645886299,5857,8199800,0.000000
1183,11.830059,5925.655882559,5925.655882559,5862,8206800,0.000000
1184,11.840067,5925.665890138,5925.665890138,5867,8213800,0.000000
1185,11.850058,5925.675881853,5925.675881853,5872,8220800,0.000000
1186,11.860063,5925.685886456,5925.685886456,5877,8227800,0.000000
1187,11.870087,5925.695910066,5925.695910066,5882,8234800,0.000000
1188,11.880073,5925.705896706,5925.705896706,5886,8240400,0.002018
1189,11.890059,5925.715882916,5925.715882916,5891,8247400,0.000000
1190,11.900068,5925.725891517,5925.725891517,5896,8254400,0.000000
1191,11.910062,5925.735885149,5925.735885149,5901,8261400,0.000000
1192,11.920059,5925.745882867,5925.745882867,5906,8268400,0.000000
1193,11.930065,5925.755888073,5925.755888073,5911,8275400,0.000000
1194,11.940067,5925.765890551,5925.765890551,5916,8282400,0.000000
1195,11.950103,5925.775926327,5925.775926327,5921,8289400,0.000000
1196,11.960068,5925.785891110,5925.785891110,5926,8296400,0.000000
1197,11.970073,5925.795896113,5925.795896113,5931,8303400,0.000000
1198,11.980073,5925.805896123,5925.805896123,5936,8310400,0.000000
1199,11.990069,5925.815892829,5925.815892829,5941,8317400,0.000000
1200,12.000068,5925.825891482,5925.825891482,5946,8324400,0.000000
1201,12.010065,5925.835888176,5925.835888176,5951,8331400,0.000000
1202,12.020064,5925.845886970,5925.845886970,5956,8338400,0.000000
1203,12.030072,5925.855895268,5925.855895268,5961,8345400,0.000000
1204,12.040063,5925.865886342,5925.865886342,5966,8352400,0.000000
1205,12.050064,5925.875887868,5925.875887868,5971,8359400,0.000000
1206,12.060062,5925.885885418,5925.885885418,5976,8366400,0.000000
1207,12.070063,5925.895886302,5925.895886302,5981,8373400,0.000000
1208,12.080016,5925.905839635,5925.905839635,5986,8380400,0.000000
1209,12.090027,5925.915850595,5925.915850595,5991,8387400,0.000000
1210,12.100079,5925.925901989,5925.925901989,5996,8394400,0.000000
1211,12.110061,5925.935884552,5925.935884552,6000,8400000,0.000000
1212,12.120064,5925.945887631,5925.945887631,6005,8407000,0.000000
1213,12.130065,5925.955888726,5925.955888726,6010,8414000,0.000000
1214,12.140066,5925.965889298,5925.965889298,6015,8421000,0.000000
1215,12.150065,5925.975888089,5925.975888089,6020,8428000,0.000000
1216,12.160064,5925.985887340,5925.985887340,6025,8435000,0.000000
1217,12.170064,5925.995887620,5925.995887620,6030,8442000,0.000000
1218,12.180066,5926.005889055,5926.005889055,6035,8449000,0.000000
1219,12.190063,5926.015886831,5926.015886831,6040,8456000,0.000000
1220,12.200085,5926.025908211,5926.025908211,6045,8463000,0.000000
1221,12.210068,5926.035891532,5926.035891532,6050,8470000,0.000000
1222,12.220071,5926.045894108,5926.045894108,6055,8477000,0.000000
1223,12.230064,5926.055887617,5926.055887617,6060,8484000,0.000000
1224,12.240065,5926.065888478,5926.065888478,6065,8491000,0.000000
1225,12.250067,5926.075890958,5926.075890958,6070,8498000,0.000000
1226,12.260064,5926.085887062,5926.085887062,6075,8505000,0.000000
1227,12.270066,5926.095889025,5926.095889025,6080,8512000,0.000000
1228,12.280066,5926.105889206,5926.105889206,6085,8519000,0.000000
1229,12.290011,5926.115834685,5926.115834685,6090,8526000,0.000000
1230,12.300018,5926.125841402,5926.125841402,6095,8533000,0.000000
1231,12.310062,5926.135885559,5926.135885559,6100,8540000,0.000000
1232,12.320080,5926.145902976,5926.145902976,6105,8547000,0.000000
1233,12.330067,5926.155890339,5926.155890339,6109,8552600,0.000000
1234,12.340065,5926.165888728,5926.165888728,6114,8559600,0.000000
1235,12.350065,5926.175888780,5926.175888780,6119,8566600,0.000000
1236,12.360076,5926.185899930,5926.185899930,6124,8573600,0.000000
1237,12.370073,5926.195896051,5926.195896051,6129,8580600,0.000000
1238,12.380066,5926.205889331,5926.205889331,6134,8587600,0.000000
1239,12.390066,5926.215889392,5926.215889392,6139,8594600,0.000000
1240,12.400075,5926.225898062,5926.225898062,6144,8601600,0.000000
1241,12.410068,5926.235891507,5926.235891507,6149,8608600,0.000000
1242,12.420062,5926.245885922,5926.245885922,6154,8615600,0.000000
1243,12.430067,5926.255890781,5926.255890781,6159,8622600,0.000000
1244,12.440064,5926.265887607,5926.265887607,6164,8629600,0.000000
1245,12.450064,5926.275887197,5926.275887197,6169,8636600,0.000000
1246,12.460066,5926.285889152,5926.285889152,6174,8643600,0.000000
1247,12.470064,5926.295887531,5926.295887531,6179,8650600,0.000000
1248,12.480065,5926.305888283,5926.305888283,6184,8657600,0.000000
1249,12.490062,5926.315885688,5926.315885688,6189,8664600,0.000000
1250,12.500060,5926.325883037,5926.325883037,6194,8671600,0.000000
1251,12.510064,5926.335887252,5926.335887252,6199,8678600,0.000000
1252,12.520067,5926.345890332,5926.345890332,6204,8685600,0.000000
1253,12.530066,5926.355889641,5926.355889641,6209,8692600,0.000000
1254,12.540050,5926.365872989,5926.365872989,6214,8699600,0.000000
1255,12.550077,5926.375900739,5926.375900739,6219,8706600,0.000000
1256,12.560065,5926.385888251,5926.385888251,6223,8712200,0.000000
1257,12.570063,5926.395886589,5926.395886589,6228,8719200,0.000000
1258,12.580064,5926.405887417,5926.405887417,6233,8726200,0.000000
1259,12.590065,5926.415888442,5926.415888442,6238,8733200,0.000000
1260,12.600061,5926.425884683,5926.425884683,6243,8740200,0.000000
1261,12.610063,5926.435886752,5926.435886752,6248,8747200,0.000000
1262,12.620067,5926.445890531,5926.445890531,6253,8754200,0.000000
1263,12.630064,5926.455887482,5926.455887482,6258,8761200,0.000000
1264,12.640069,5926.465892013,5926.465892013,6263,8768200,0.000000
1265,12.650068,5926.475891539,5926.475891539,6268,8775200,0.000000
1266,12.660069,5926.485892232,5926.485892232,6273,8782200,0.000000
1267,12.670066,5926.495889259,5926.495889259,6278,8789200,0.000000
1268,12.680067,5926.505890401,5926.505890401,6283,8796200,0.000000
1269,12.690067,5926.515890956,5926.515890956,6288,8803200,0.000000
1270,12.700063,5926.525886365,5926.525886365,6293,8810200,0.000000
1271,12.710065,5926.535888128,5926.535888128,6298,8817200,0.000000
1272,12.720063,5926.545886165,5926.545886165,6303,8824200,0.000000
1273,12.730063,5926.555886699,5926.555886699,6308,8831200,0.000000
1274,12.740062,5926.565885333,5926.565885333,6313,8838200,0.000000
1275,12.750053,5926.575876371,5926.575876371,6318,8845200,0.000000
1276,12.760041,5926.585864895,5926.585864895,6323,8852200,0.000000
1277,12.770086,5926.595909243,5926.595909243,6328,8859200,0.000000
1278,12.780078,5926.605901568,5926.605901568,6332,8864800,0.000000
1279,12.790067,5926.615890376,5926.615890376,6337,8871800,0.000000
1280,12.800069,5926.625892097,5926.625892097,6342,8878800,0.000000
1281,12.810065,5926.635888215,5926.635888215,6347,8885800,0.000000
1282,12.820066,5926.645889496,5926.645889496,6352,8892800,0.000000
1283,12.830071,5926.655894345,5926.655894345,6357,8899800,0.000000
1284,12.840066,5926.665889621,5926.665889621,6362,8906800,0.000000
1285,12.850072,5926.675895206,5926.675895206,6367,8913800,0.000000
1286,12.860074,5926.685897226,5926.685897226,6372,8920800,0.000000
1287,12.870069,5926.695892487,5926.695892487,6377,8927800,0.000000
1288,12.880068,5926.705891888,5926.705891888,6382,8934800,0.000000
1289,12.890065,5926.715888663,5926.715888663,6387,8941800,0.000000
1290,12.900066,5926.725889739,5926.725889739,6392,8948800,0.000000
1291,12.910063,5926.735886084,5926.735886084,6397,8955800,0.000000
1292,12.920068,5926.745891884,5926.745891884,6402,8962800,0.000000
1293,12.930065,5926.755888249,5926.755888249,6407,8969800,0.000000
1294,12.940066,5926.765889964,5926.765889964,6412,8976800,0.000000
1295,12.950062,5926.775885353,5926.775885353,6417,8983800,0.000000
1296,12.960064,5926.785887610,5926.785887610,6422,8990800,0.000000
1297,12.970075,5926.795898104,5926.795898104,6427,8997800,0.000000
1298,12.980062,5926.805885635,5926.805885635,6432,9004800,0.000000
1299,12.990058,5926.815881733,5926.815881733,6437,9011800,0.000000
1300,13.000064,5926.825887735,5926.825887735,6441,9017400,0.000000
1301,13.010068,5926.835891462,5926.835891462,6446,9024400,0.000000
1302,13.020068,5926.845891556,5926.845891556,6451,9031400,0.000000
1303,13.030065,5926.855888656,5926.855888656,6456,9038400,0.000000
1304,13.040068,5926.865891790,5926.865891790,6461,9045400,0.000000
1305,13.050066,5926.875888987,5926.875888987,6466,9052400,0.000000
1306,13.060074,5926.885897028,5926.885897028,6471,9059400,0.000000
1307,13.070075,5926.895898608,5926.895898608,6476,9066400,0.000000
1308,13.080070,5926.905893483,5926.905893483,6481,9073400,0.000000
1309,13.090073,5926.915896086,5926.915896086,6486,9080400,0.000000
1310,13.100061,5926.925884499,5926.925884499,6491,9087400,0.000000
1311,13.110078,5926.935901191,5926.935901191,6496,9094400,0.000000
1312,13.120110,5926.945933300,5926.945933300,6501,9101400,0.000000
1313,13.130070,5926.955893587,5926.955893587,6506,9108400,0.000000
1314,13.140066,5926.965889892,5926.965889892,6511,9115400,0.000000
1315,13.150064,5926.975887425,5926.975887425,6516,9122400,0.000000
1316,13.160064,5926.985887003,5926.985887003,6521,9129400,0.000000
1317,13.170062,5926.995885332,5926.995885332,6526,9136400,0.000000
1318,13.180062,5927.005885415,5927.005885415,6531,9143400,0.000000
1319,13.190058,5927.015881913,5927.015881913,6536,9150400,0.000000
1320,13.200062,5927.025885293,5927.025885293,6541,9157400,0.000000
1321,13.210022,5927.035845709,5927.035845709,6546,9164400,0.000000
1322,13.220074,5927.045897247,5927.045897247,6551,9171400,0.000000
1323,13.230066,5927.055889426,5927.055889426,6555,9177000,0.000000
1324,13.240064,5927.065887585,5927.065887585,6560,9184000,0.000000
1325,13.250070,5927.075893388,5927.075893388,6565,9191000,0.000000
1326,13.260066,5927.085889242,5927.085889242,6570,9198000,0.000000
1327,13.270066,5927.095889822,5927.095889822,6575,9205000,0.000000
1328,13.280065,5927.105888623,5927.105888623,6580,9212000,0.000000
1329,13.290067,5927.115890740,5927.115890740,6585,9219000,0.000000
1330,13.300063,5927.125886755,5927.125886755,6590,9226000,0.000000
1331,13.310066,5927.135889768,5927.135889768,6595,9233000,0.000000
1332,13.320067,5927.145890797,5927.145890797,6600,9240000,0.000000
1333,13.330066,5927.155889859,5927.155889859,6605,9247000,0.000000
1334,13.340059,5927.165882145,5927.165882145,6610,9254000,0.000000
1335,13.350063,5927.175886408,5927.175886408,6615,9261000,0.000000
1336,13.360065,5927.185888480,5927.185888480,6620,9268000,0.000000
1337,13.370032,5927.195855488,5927.195855488,6625,9275000,0.000000
1338,13.380065,5927.205888782,5927.205888782,6630,9282000,0.000000
1339,13.390062,5927.215885789,5927.215885789,6635,9289000,0.000000
1340,13.400062,5927.225885372,5927.225885372,6640,9296000,0.000000
1341,13.410062,5927.235885289,5927.235885289,6645,9303000,0.000000
1342,13.420013,5927.245836400,5927.245836400,6650,9310000,0.000000
1343,13.430072,5927.255895008,5927.255895008,6655,9317000,0.000000
1344,13.440077,5927.265900365,5927.265900365,6660,9324000,0.000000
1345,13.450070,5927.275893123,5927.275893123,6664,9329600,0.000000
1346,13.460065,5927.285888072,5927.285888072,6669,9336600,0.000000
1347,13.470069,5927.295892598,5927.295892598,6674,9343600,0.000000
1348,13.480080,5927.305903427,5927.305903427,6679,9350600,0.000000
1349,13.490068,5927.315891332,5927.315891332,6684,9357600,0.000000
1350,13.500068,5927.325890972,5927.325890972,6689,9364600,0.000000
1351,13.510040,5927.335863729,5927.335863729,6694,9371600,0.000000
1352,13.520067,5927.345890620,5927.345890620,6699,9378600,0.000000
1353,13.530066,5927.355889766,5927.355889766,6704,9385600,0.000000
1354,13.540064,5927.365887452,5927.365887452,6709,9392600,0.000000
1355,13.550075,5927.375898649,5927.375898649,6714,9399600,0.000000
1356,13.560068,5927.385891449,5927.385891449,6719,9406600,0.000000
1357,13.570061,5927.395884227,5927.395884227,6724,9413600,0.000000
1358,13.580066,5927.405889017,5927.405889017,6729,9420600,0.000000
1359,13.590068,5927.415891123,5927.415891123,6734,9427600,0.000000
1360,13.600066,5927.425889332,5927.425889332,6739,9434600,0.000000
1361,13.610059,5927.435882720,5927.435882720,6744,9441600,0.000000
1362,13.620080,5927.445903254,5927.445903254,6749,9448600,0.000000
1363,13.630064,5927.455887843,5927.455887843,6754,9455600,0.000000
1364,13.640060,5927.465883607,5927.465883607,6759,9462600,0.000000
1365,13.650064,5927.475887659,5927.475887659,6764,9469600,0.000000
1366,13.660058,5927.485881151,5927.485881151,6769,9476600,0.000000
1367,13.670079,5927.495902966,5927.495902966,6774,9483600,0.000000
1368,13.680080,5927.505903056,5927.505903056,6778,9489200,0.000000
1369,13.690070,5927.515893028,5927.515893028,6783,9496200,0.000000
1370,13.700066,5927.525889942,5927.525889942,6788,9503200,0.000000
1371,13.710061,5927.535884071,5927.535884071,6793,9510200,0.000000
1372,13.720060,5927.545883024,5927.545883024,6798,9517200,0.000000
1373,13.730066,5927.555889409,5927.555889409,6803,9524200,0.000000
1374,13.740065,5927.565888775,5927.565888775,6808,9531200,0.000000
1375,13.750077,5927.575900283,5927.575900283,6813,9538200,0.000000
1376,13.760078,5927.585901915,5927.585901915,6818,9545200,0.000000
1377,13.770066,5927.595889531,5927.595889531,6823,9552200,0.000000
1378,13.780070,5927.605893264,5927.605893264,6828,9559200,0.000000
1379,13.790061,5927.615884409,5927.615884409,6833,9566200,0.000000
1380,13.800067,5927.625890269,5927.625890269,6838,9573200,0.000000
1381,13.810064,5927.635887143,5927.635887143,6843,9580200,0.000000
1382,13.820070,5927.645892971,5927.645892971,6848,9587200,0.000000
1383,13.830064,5927.655887547,5927.655887547,6853,9594200,0.000000
1384,13.840070,5927.665893226,5927.665893226,6858,9601200,0.000000
1385,13.850062,5927.675885641,5927.675885641,6863,9608200,0.000000
1386,13.860063,5927.685886532,5927.685886532,6868,9615200,0.000000
1387,13.870024,5927.695847057,5927.695847057,6873,9622200,0.000000
1388,13.880062,5927.705885095,5927.705885095,6878,9629200,0.000000
1389,13.890074,5927.715897805,5927.715897805,6883,9636200,0.000000
1390,13.900069,5927.725892494,5927.725892494,6887,9641800,0.000000
1391,13.910063,5927.735886491,5927.735886491,6892,9648800,0.000000
1392,13.920067,5927.745890799,5927.745890799,6897,9655800,0.000000
1393,13.930064,5927.755887392,5927.755887392,6902,9662800,0.000000
1394,13.940064,5927.765886968,5927.765886968,6907,9669800,0.000000
1395,13.950061,5927.775884014,5927.775884014,6912,9676800,0.000000
1396,13.960065,5927.785888612,5927.785888612,6917,9683800,0.000000
1397,13.970070,5927.795893126,5927.795893126,6922,9690800,0.000000
1398,13.980068,5927.805891393,5927.805891393,6927,9697800,0.000000
1399,13.990071,5927.815894956,5927.815894956,6932,9704800,0.000000
1400,14.000072,5927.825895887,5927.825895887,6937,9711800,0.000000
1401,14.010069,5927.835892739,5927.835892739,6942,9718800,0.000000
1402,14.020065,5927.845888339,5927.845888339,6947,9725800,0.000000
1403,14.030064,5927.855887138,5927.855887138,6952,9732800,0.000000
1404,14.040059,5927.865882463,5927.865882463,6957,9739800,0.000000
1405,14.050063,5927.875886793,5927.875886793,6962,9746800,0.000000
1406,14.060063,5927.885886529,5927.885886529,6967,9753800,0.000000
1407,14.070065,5927.895888133,5927.895888133,6972,9760800,0.000000
1408,14.080062,5927.905885683,5927.905885683,6977,9767800,0.000000
1409,14.090058,5927.915880994,5927.915880994,6982,9774800,0.000000
1410,14.100064,5927.925887147,5927.925887147,6987,9781800,0.000000
1411,14.110059,5927.935882600,5927.935882600,6992,9788800,0.000000
1412,14.120060,5927.945883915,5927.945883915,6996,9794400,0.000000
1413,14.130070,5927.955893435,5927.955893435,7001,9801400,0.000000
1414,14.140061,5927.965884926,5927.965884926,7006,9808400,0.000000
1415,14.150017,5927.975840957,5927.975840957,7011,9815400,0.000000
1416,14.160070,5927.985892995,5927.985892995,7016,9822400,0.000000
1417,14.170059,5927.995882877,5927.995882877,7021,9829400,0.000000
1418,14.180067,5928.005890178,5928.005890178,7026,9836400,0.000000
1419,14.190064,5928.015887219,5928.015887219,7031,9843400,0.000000
1420,14.200065,5928.025888616,5928.025888616,7036,9850400,0.000000
1421,14.210067,5928.035890301,5928.035890301,7041,9857400,0.000000
1422,14.220060,5928.045882988,5928.045882988,7046,9864400,0.000000
1423,14.230067,5928.055890485,5928.055890485,7051,9871400,0.000000
1424,14.240066,5928.065889476,5928.065889476,7056,9878400,0.000000
1425,14.250068,5928.075891409,5928.075891409,7061,9885400,0.000000
1426,14.260063,5928.085886323,5928.085886323,7066,9892400,0.000000
1427,14.270078,5928.095901290,5928.095901290,7071,9899400,0.000000
1428,14.280065,5928.105888588,5928.105888588,7076,9906400,0.000000
1429,14.290063,5928.115886767,5928.115886767,7081,9913400,0.000000
1430,14.300068,5928.125891401,5928.125891401,7086,9920400,0.000000
1431,14.310064,5928.135887081,5928.135887081,7091,9927400,0.000000
1432,14.320046,5928.145869499,5928.145869499,7096,9934400,0.000000
1433,14.330026,5928.155849899,5928.155849899,7101,9941400,0.000000
1434,14.340080,5928.165903274,5928.165903274,7106,9948400,0.000000
1435,14.350066,5928.175889324,5928.175889324,7110,9954000,0.000000
1436,14.360070,5928.185893101,5928.185893101,7115,9961000,0.000000
1437,14.370068,5928.195891727,5928.195891727,7120,9968000,0.000000
1438,14.380070,5928.205893911,5928.205893911,7125,9975000,0.000000
1439,14.390065,5928.215888075,5928.215888075,7130,9982000,0.000000
1440,14.400066,5928.225889563,5928.225889563,7135,9989000,0.000000
1441,14.410065,5928.235888221,5928.235888221,7140,9996000,0.000000
1442,14.420064,5928.245887269,5928.245887269,7145,10003000,0.000000
1443,14.430065,5928.255888352,5928.255888352,7150,10010000,0.000000
1444,14.440062,5928.265885491,5928.265885491,7155,10017000,0.000000
1445,14.450066,5928.275889302,5928.275889302,7160,10024000,0.000000
1446,14.460061,5928.285884407,5928.285884407,7165,10031000,0.000000
1447,14.470062,5928.295885877,5928.295885877,7170,10038000,0.000000
1448,14.480064,5928.305887509,5928.305887509,7175,10045000,0.000000
1449,14.490065,5928.315888286,5928.315888286,7180,10052000,0.000000
1450,14.500069,5928.325892254,5928.325892254,7185,10059000,0.000000
1451,14.510072,5928.335895581,5928.335895581,7190,10066000,0.000000
1452,14.520069,5928.345892363,5928.345892363,7195,10073000,0.000000
1453,14.530075,5928.355898039,5928.355898039,7200,10080000,0.000000
1454,14.540015,5928.365838371,5928.365838371,7205,10087000,0.000000
1455,14.550076,5928.375899538,5928.375899538,7210,10094000,0.000000
1456,14.560081,5928.385904301,5928.385904301,7215,10101000,0.000000
1457,14.570070,5928.395893920,5928.395893920,7219,10106600,0.000000
1458,14.580071,5928.405894825,5928.405894825,7224,10113600,0.000000
1459,14.590068,5928.415891250,5928.415891250,7229,10120600,0.000000
1460,14.600073,5928.425896883,5928.425896883,7234,10127600,0.000000
1461,14.610067,5928.435890016,5928.435890016,7239,10134600,0.000000
1462,14.620069,5928.445892394,5928.445892394,7244,10141600,0.000000
1463,14.630065,5928.455888662,5928.455888662,7249,10148600,0.000000
1464,14.640058,5928.465881556,5928.465881556,7254,10155600,0.000000
1465,14.650030,5928.475853555,5928.475853555,7259,10162600,0.000000
1466,14.660063,5928.485886563,5928.485886563,7264,10169600,0.000000
1467,14.670069,5928.495892337,5928.495892337,7269,10176600,0.000000
1468,14.680067,5928.505890472,5928.505890472,7274,10183600,0.000000
1469,14.690064,5928.515887785,5928.515887785,7279,10190600,0.000000
1470,14.700066,5928.525889650,5928.525889650,7284,10197600,0.000000
1471,14.710057,5928.535880733,5928.535880733,7289,10204600,0.000000
1472,14.720064,5928.545887558,5928.545887558,7294,10211600,0.000000
1473,14.730066,5928.555889244,5928.555889244,7299,10218600,0.000000
1474,14.740069,5928.565892606,5928.565892606,7304,10225600,0.000000
1475,14.750063,5928.575886633,5928.575886633,7309,10232600,0.000000
1476,14.760062,5928.585885169,5928.585885169,7314,10239600,0.000000
1477,14.770067,5928.595889995,5928.595889995,7319,10246600,0.000000
1478,14.780037,5928.605860676,5928.605860676,7324,10253600,0.000000
1479,14.790076,5928.615899001,5928.615899001,7329,10260600,0.000000
1480,14.800066,5928.625889210,5928.625889210,7333,10266200,0.000000
1481,14.810068,5928.635890971,5928.635890971,7338,10273200,0.000000
1482,14.820068,5928.645891720,5928.645891720,7343,10280200,0.000000
1483,14.830073,5928.655896326,5928.655896326,7348,10287200,0.000000
1484,14.840077,5928.665900577,5928.665900577,7353,10294200,0.000000
1485,14.850065,5928.675888958,5928.675888958,7358,10301200,0.000000
1486,14.860068,5928.685891222,5928.685891222,7363,10308200,0.000000
1487,14.870069,5928.695892870,5928.695892870,7368,10315200,0.000000
1488,14.880070,5928.705893339,5928.705893339,7373,10322200,0.000000
1489,14.890063,5928.715886161,5928.715886161,7378,10329200,0.000000
1490,14.900084,5928.725907285,5928.725907285,7383,10336200,0.000000
1491,14.910062,5928.735885262,5928.735885262,7388,10343200,0.000000
1492,14.920062,5928.745885375,5928.745885375,7393,10350200,0.000000
1493,14.930067,5928.755890458,5928.755890458,7398,10357200,0.000000
1494,14.940073,5928.765896735,5928.765896735,7403,10364200,0.000000
1495,14.950071,5928.775894335,5928.775894335,7408,10371200,0.000000
1496,14.960087,5928.785910940,5928.785910940,7413,10378200,0.000000
1497,14.970064,5928.795887569,5928.795887569,7418,10385200,0.000000
1498,14.980067,5928.805890600,5928.805890600,7423,10392200,0.000000
1499,14.990027,5928.815849975,5928.815849975,7428,10399200,0.000000
1500,15.000002,5928.825825444,5928.825825444,7433,10406200,0.000000
1501,15.010082,5928.835905786,5928.835905786,7438,10413200,0.000000
1502,15.020068,5928.845891913,5928.845891913,7442,10418800,0.000000
1503,15.030070,5928.855893133,5928.855893133,7447,10425800,0.000000
1504,15.040041,5928.865864955,5928.865864955,7452,10432800,0.000000
1505,15.050067,5928.875890912,5928.875890912,7457,10439800,0.000000
1506,15.060061,5928.885884413,5928.885884413,7462,10446800,0.000000
1507,15.070071,5928.895894061,5928.895894061,7467,10453800,0.000000
1508,15.080077,5928.905900468,5928.905900468,7472,10460800,0.000000
1509,15.090066,5928.915889479,5928.915889479,7477,10467800,0.000000
1510,15.100068,5928.925891682,5928.925891682,7482,10474800,0.000000
1511,15.110064,5928.935887613,5928.935887613,7487,10481800,0.000000
1512,15.120060,5928.945883526,5928.945883526,7492,10488800,0.000000
1513,15.130065,5928.955888501,5928.955888501,7497,10495800,0.000000
1514,15.140011,5928.965834456,5928.965834456,7502,10502800,0.000000
1515,15.150063,5928.975886606,5928.975886606,7507,10509800,0.000000
1516,15.160067,5928.985890115,5928.985890115,7512,10516800,0.000000
1517,15.170063,5928.995886505,5928.995886505,7517,10523800,0.000000
1518,15.180064,5929.005887757,5929.005887757,7522,10530800,0.000000
1519,15.190065,5929.015888194,5929.015888194,7527,10537800,0.000000
1520,15.200058,5929.025881235,5929.025881235,7532,10544800,0.000000
1521,15.210062,5929.035885446,5929.035885446,7537,10551800,0.000000
1522,15.220063,5929.045886003,5929.045886003,7542,10558800,0.000000
1523,15.230059,5929.055882768,5929.055882768,7547,10565800,0.000000
1524,15.240072,5929.065895381,5929.065895381,7551,10571400,0.000000
1525,15.250065,5929.075887994,5929.075887994,7556,10578400,0.000000
1526,15.260067,5929.085890189,5929.085890189,7561,10585400,0.000000
1527,15.270060,5929.095883265,5929.095883265,7566,10592400,0.000000
1528,15.280068,5929.105890992,5929.105890992,7571,10599400,0.000000
1529,15.290067,5929.115890098,5929.115890098,7576,10606400,0.000000
1530,15.300069,5929.125892581,5929.125892581,7581,10613400,0.000000
1531,15.310069,5929.135891974,5929.135891974,7586,10620400,0.000000
1532,15.320063,5929.145886599,5929.145886599,7591,10627400,0.000000
1533,15.330037,5929.155860788,5929.155860788,7596,10634400,0.000000
1534,15.340026,5929.165849165,5929.165849165,7601,10641400,0.000000
1535,15.350069,5929.175892313,5929.175892313,7606,10648400,0.000000
1536,15.360063,5929.185886237,5929.185886237,7611,10655400,0.000000
1537,15.370066,5929.195889228,5929.195889228,7616,10662400,0.000000
1538,15.380056,5929.205879586,5929.205879586,7621,10669400,0.000000
1539,15.390066,5929.215889465,5929.215889465,7626,10676400,0.000000
1540,15.400065,5929.225888592,5929.225888592,7631,10683400,0.000000
1541,15.410058,5929.235881848,5929.235881848,7636,10690400,0.000000
1542,15.420042,5929.245865858,5929.245865858,7641,10697400,0.000000
1543,15.430063,5929.255886318,5929.255886318,7646,10704400,0.000000
1544,15.440053,5929.265876397,5929.265876397,7651,10711400,0.000000
1545,15.450029,5929.275852868,5929.275852868,7656,10718400,0.000000
1546,15.460083,5929.285906807,5929.285906807,7661,10725400,0.000000
1547,15.470070,5929.295893512,5929.295893512,7665,10731000,0.000000
1548,15.480069,5929.305892147,5929.305892147,7670,10738000,0.000000
1549,15.490080,5929.315903886,5929.315903886,7675,10745000,0.000000
1550,15.500068,5929.325891955,5929.325891955,7680,10752000,0.000000
1551,15.510063,5929.335886925,5929.335886925,7685,10759000,0.000000
1552,15.520067,5929.345890150,5929.345890150,7690,10766000,0.000000
1553,15.530073,5929.355895974,5929.355895974,7695,10773000,0.000000
1554,15.540072,5929.365895939,5929.365895939,7700,10780000,0.000000
1555,15.550062,5929.375885449,5929.375885449,7705,10787000,0.000000
1556,15.560064,5929.385887295,5929.385887295,7710,10794000,0.000000
1557,15.570067,5929.395890912,5929.395890912,7715,10801000,0.000000
1558,15.580064,5929.405887527,5929.405887527,7720,10808000,0.000000
1559,15.590060,5929.415883773,5929.415883773,7725,10815000,0.000000
1560,15.600088,5929.425911395,5929.425911395,7730,10822000,0.000000
1561,15.610064,5929.435887910,5929.435887910,7735,10829000,0.000000
1562,15.620069,5929.445892235,5929.445892235,7740,10836000,0.000000
1563,15.630062,5929.455885463,5929.455885463,7745,10843000,0.000000
1564,15.640063,5929.465886343,5929.465886343,7750,10850000,0.000000
1565,15.650064,5929.475887001,5929.475887001,7755,10857000,0.000000
1566,15.660058,5929.485881798,5929.485881798,7760,10864000,0.000000
1567,15.670068,5929.495891618,5929.495891618,7765,10871000,0.000000
1568,15.680080,5929.505903832,5929.505903832,7770,10878000,0.000000
1569,15.690080,5929.515903525,5929.515903525,7774,10883600,0.000000
1570,15.700066,5929.525889228,5929.525889228,7779,10890600,0.000000
1571,15.710069,5929.535892806,5929.535892806,7784,10897600,0.000000
1572,15.720066,5929.545889018,5929.545889018,7789,10904600,0.000000
1573,15.730060,5929.555883355,5929.555883355,7794,10911600,0.000000
1574,15.740085,5929.565908871,5929.565908871,7799,10918600,0.000000
1575,15.750068,5929.575891243,5929.575891243,7804,10925600,0.000000
1576,15.760073,5929.585896812,5929.585896812,7809,10932600,0.000000
1577,15.770065,5929.595888615,5929.595888615,7814,10939600,0.000000
1578,15.780067,5929.605890479,5929.605890479,7819,10946600,0.000000
1579,15.790066,5929.615889744,5929.615889744,7824,10953600,0.000000
1580,15.800066,5929.625889905,5929.625889905,7829,10960600,0.000000
1581,15.810065,5929.635888559,5929.635888559,7834,10967600,0.000000
1582,15.820073,5929.645896480,5929.645896480,7839,10974600,0.000000
1583,15.830067,5929.655890933,5929.655890933,7844,10981600,0.000000
1584,15.840064,5929.665887411,5929.665887411,7849,10988600,0.000000
1585,15.850061,5929.675884598,5929.675884598,7854,10995600,0.000000
1586,15.860063,5929.685886252,5929.685886252,7859,11002600,0.000000
1587,15.870036,5929.695859241,5929.695859241,7864,11009600,0.000000
1588,15.880064,5929.705887368,5929.705887368,7869,11016600,0.000000
1589,15.890068,5929.715891235,5929.715891235,7874,11023600,0.000000
1590,15.900049,5929.725872431,5929.725872431,7879,11030600,0.000000
1591,15.910078,5929.735901296,5929.735901296,7884,11037600,0.000000
1592,15.920071,5929.745894612,5929.745894612,7888,11043200,0.000000
1593,15.930065,5929.755888626,5929.755888626,7893,11050200,0.000000
1594,15.940069,5929.765892596,5929.765892596,7898,11057200,0.000000
1595,15.950064,5929.775887926,5929.775887926,7903,11064200,0.000000
1596,15.960066,5929.785889104,5929.785889104,7908,11071200,0.000000
1597,15.970065,5929.795888278,5929.795888278,7913,11078200,0.000000
1598,15.980074,5929.805897325,5929.805897325,7918,11085200,0.000000
1599,15.990068,5929.815891334,5929.815891334,7923,11092200,0.000000
1600,16.000070,5929.825893450,5929.825893450,7928,11099200,0.000000
1601,16.010065,5929.835888362,5929.835888362,7933,11106200,0.000000
1602,16.020063,5929.845886872,5929.845886872,7938,11113200,0.000000
1603,16.030067,5929.855890930,5929.855890930,7943,11120200,0.000000
1604,16.040064,5929.865887071,5929.865887071,7948,11127200,0.000000
1605,16.050066,5929.875889753,5929.875889753,7953,11134200,0.000000
1606,16.060065,5929.885888783,5929.885888783,7958,11141200,0.000000
1607,16.070064,5929.895887381,5929.895887381,7963,11148200,0.000000
1608,16.080070,5929.905893179,5929.905893179,7968,11155200,0.000000
1609,16.090062,5929.915885507,5929.915885507,7973,11162200,0.000000
1610,16.100062,5929.925885169,5929.925885169,7978,11169200,0.000000
1611,16.110057,5929.935880625,5929.935880625,7983,11176200,0.000000
1612,16.120008,5929.945831313,5929.945831313,7988,11183200,0.000000
1613,16.130074,5929.955897374,5929.955897374,7993,11190200,0.000000
1614,16.140054,5929.965877248,5929.965877248,7997,11195800,0.000000
1615,16.150059,5929.975882960,5929.975882960,8002,11202800,0.000000
1616,16.160072,5929.985895011,5929.985895011,8007,11209800,0.000000
1617,16.170068,5929.995891163,5929.995891163,8012,11216800,0.000000
1618,16.180064,5930.005887526,5930.005887526,8017,11223800,0.000000
1619,16.190071,5930.015894410,5930.015894410,8022,11230800,0.000000
1620,16.200069,5930.025892822,5930.025892822,8027,11237800,0.000000
1621,16.210068,5930.035891448,5930.035891448,8032,11244800,0.000000
1622,16.220067,5930.045890505,5930.045890505,8037,11251800,0.000000
1623,16.230071,5930.055894414,5930.055894414,8042,11258800,0.000000
1624,16.240071,5930.065894897,5930.065894897,8047,11265800,0.000000
1625,16.250071,5930.075894581,5930.075894581,8052,11272800,0.000000
1626,16.260067,5930.085890578,5930.085890578,8057,11279800,0.000000
1627,16.270066,5930.095889590,5930.095889590,8062,11286800,0.000000
1628,16.280060,5930.105883917,5930.105883917,8067,11293800,0.000000
1629,16.290064,5930.115887923,5930.115887923,8072,11300800,0.000000
1630,16.300066,5930.125889133,5930.125889133,8077,11307800,0.000000
1631,16.310064,5930.135887513,5930.135887513,8082,11314800,0.000000
1632,16.320062,5930.145885509,5930.145885509,8087,11321800,0.000000
1633,16.330063,5930.155886223,5930.155886223,8092,11328800,0.000000
1634,16.340068,5930.165891067,5930.165891067,8097,11335800,0.000000
1635,16.350058,5930.175881379,5930.175881379,8102,11342800,0.000000
1636,16.360065,5930.185888187,5930.185888187,8106,11348400,0.000000
1637,16.370066,5930.195888987,5930.195888987,8111,11355400,0.000000
1638,16.380071,5930.205894010,5930.205894010,8116,11362400,0.000000
1639,16.390071,5930.215894557,5930.215894557,8121,11369400,0.000000
1640,16.400064,5930.225887923,5930.225887923,8126,11376400,0.000000
1641,16.410066,5930.235889644,5930.235889644,8131,11383400,0.000000
1642,16.420068,5930.245891397,5930.245891397,8136,11390400,0.000000
1643,16.430065,5930.255888950,5930.255888950,8141,11397400,0.000000
1644,16.440070,5930.265893180,5930.265893180,8146,11404400,0.000000
1645,16.450066,5930.275889298,5930.275889298,8151,11411400,0.000000
1646,16.460059,5930.285882795,5930.285882795,8156,11418400,0.000000
1647,16.470072,5930.295895179,5930.295895179,8161,11425400,0.000000
1648,16.480067,5930.305890795,5930.305890795,8166,11432400,0.000000
1649,16.490066,5930.315889759,5930.315889759,8171,11439400,0.000000
1650,16.500068,5930.325891484,5930.325891484,8176,11446400,0.000000
1651,16.510065,5930.335888225,5930.335888225,8181,11453400,0.000000
1652,16.520058,5930.345881748,5930.345881748,8186,11460400,0.000000
1653,16.530062,5930.355885003,5930.355885003,8191,11467400,0.000000
1654,16.540063,5930.365886236,5930.365886236,8196,11474400,0.000000
1655,16.550065,5930.375888158,5930.375888158,8201,11481400,0.000000
1656,16.560033,5930.385855993,5930.385855993,8206,11488400,0.000000
1657,16.570023,5930.395846308,5930.395846308,8211,11495400,0.000000
1658,16.580075,5930.405898476,5930.405898476,8216,11502400,0.000000
1659,16.590063,5930.415886239,5930.415886239,8220,11508000,0.000000
1660,16.600067,5930.425890367,5930.425890367,8225,11515000,0.000000
1661,16.610066,5930.435889095,5930.435889095,8230,11522000,0.000000
1662,16.620065,5930.445888632,5930.445888632,8235,11529000,0.000000
1663,16.630067,5930.455890605,5930.455890605,8240,11536000,0.000000
1664,16.640072,5930.465895235,5930.465895235,8245,11543000,0.000000
1665,16.650065,5930.475888375,5930.475888375,8250,11550000,0.000000
1666,16.660069,5930.485892487,5930.485892487,8255,11557000,0.000000
1667,16.670060,5930.495883417,5930.495883417,8260,11564000,0.000000
1668,16.680064,5930.505887932,5930.505887932,8265,11571000,0.000000
1669,16.690064,5930.515887711,5930.515887711,8270,11578000,0.000000
1670,16.700081,5930.525904231,5930.525904231,8275,11585000,0.000000
1671,16.710065,5930.535888097,5930.535888097,8280,11592000,0.000000
1672,16.720066,5930.545889002,5930.545889002,8285,11599000,0.000000
1673,16.730065,5930.555888607,5930.555888607,8290,11606000,0.000000
1674,16.740039,5930.565862510,5930.565862510,8295,11613000,0.000000
1675,16.750065,5930.575888323,5930.575888323,8300,11620000,0.000000
1676,16.760068,5930.585891296,5930.585891296,8305,11627000,0.000000
1677,16.770066,5930.595889376,5930.595889376,8310,11634000,0.000000
1678,16.780020,5930.605843125,5930.605843125,8315,11641000,0.000000
1679,16.790060,5930.615883427,5930.615883427,8320,11648000,0.000000
1680,16.800080,5930.625903615,5930.625903615,8325,11655000,0.000000
1681,16.810069,5930.635892938,5930.635892938,8329,11660600,0.000000
1682,16.820071,5930.645894659,5930.645894659,8334,11667600,0.000000
1683,16.830071,5930.655893969,5930.655893969,8339,11674600,0.000000
1684,16.840048,5930.665871313,5930.665871313,8344,11681600,0.000000
1685,16.850066,5930.675889446,5930.675889446,8349,11688600,0.000000
1686,16.860067,5930.685890140,5930.685890140,8354,11695600,0.000000
1687,16.870029,5930.695852623,5930.695852623,8359,11702600,0.000000
1688,16.880075,5930.705898800,5930.705898800,8364,11709600,0.000000
1689,16.890037,5930.715860673,5930.715860673,8369,11716600,0.000000
1690,16.900074,5930.725897603,5930.725897603,8374,11723600,0.000000
1691,16.910067,5930.735890871,5930.735890871,8379,11730600,0.000000
1692,16.920069,5930.745892906,5930.745892906,8384,11737600,0.000000
1693,16.930063,5930.755886551,5930.755886551,8389,11744600,0.000000
1694,16.940067,5930.765890344,5930.765890344,8394,11751600,0.000000
1695,16.950062,5930.775885272,5930.775885272,8399,11758600,0.000000
1696,16.960075,5930.785898405,5930.785898405,8404,11765600,0.000000
1697,16.970067,5930.795890299,5930.795890299,8409,11772600,0.000000
1698,16.980066,5930.805889587,5930.805889587,8414,11779600,0.000000
1699,16.990066,5930.815889648,5930.815889648,8419,11786600,0.000000
1700,17.000059,5930.825882758,5930.825882758,8424,11793600,0.000000
1701,17.010066,5930.835889062,5930.835889062,8429,11800600,0.000000
1702,17.020013,5930.845836483,5930.845836483,8434,11807600,0.000000
1703,17.030039,5930.855862419,5930.855862419,8438,11813200,0.000000
1704,17.040048,5930.865871636,5930.865871636,8443,11820200,0.000000
1705,17.050092,5930.875915110,5930.875915110,8448,11827200,0.000000
1706,17.060069,5930.885892009,5930.885892009,8453,11834200,0.000000
1707,17.070075,5930.895898527,5930.895898527,8458,11841200,0.000000
1708,17.080069,5930.905892280,5930.905892280,8463,11848200,0.000000
1709,17.090064,5930.915887802,5930.915887802,8468,11855200,0.000000
1710,17.100068,5930.925891668,5930.925891668,8473,11862200,0.000000
1711,17.110067,5930.935890208,5930.935890208,8478,11869200,0.000000
1712,17.120068,5930.945891294,5930.945891294,8483,11876200,0.000000
1713,17.130072,5930.955895321,5930.955895321,8488,11883200,0.000000
1714,17.140069,5930.965892489,5930.965892489,8493,11890200,0.000000
1715,17.150069,5930.975892791,5930.975892791,8498,11897200,0.000000
1716,17.160063,5930.985886453,5930.985886453,8503,11904200,0.000000
1717,17.170069,5930.995892287,5930.995892287,8508,11911200,0.000000
1718,17.180063,5931.005885981,5931.005885981,8513,11918200,0.000000
1719,17.190065,5931.015888673,5931.015888673,8518,11925200,0.000000
1720,17.200060,5931.025883439,5931.025883439,8523,11932200,0.000000
1721,17.210062,5931.035885665,5931.035885665,8528,11939200,0.000000
1722,17.220063,5931.045886774,5931.045886774,8533,11946200,0.000000
1723,17.230029,5931.055851968,5931.055851968,8538,11953200,0.000000
1724,17.240001,5931.065824665,5931.065824665,8543,11960200,0.000000
1725,17.250073,5931.075896016,5931.075896016,8548,11967200,0.000000
1726,17.260070,5931.085893631,5931.085893631,8552,11972800,0.000000
1727,17.270065,5931.095888205,5931.095888205,8557,11979800,0.000000
1728,17.280061,5931.105884730,5931.105884730,8562,11986800,0.000000
1729,17.290069,5931.115892612,5931.115892612,8567,11993800,0.000000
1730,17.300082,5931.125905505,5931.125905505,8572,12000800,0.000000
1731,17.310076,5931.135899742,5931.135899742,8577,12007800,0.000000
1732,17.320075,5931.145898884,5931.145898884,8582,12014800,0.000000
1733,17.330069,5931.155892190,5931.155892190,8587,12021800,0.000000
1734,17.340065,5931.165888590,5931.165888590,8592,12028800,0.000000
1735,17.350064,5931.175887877,5931.175887877,8597,12035800,0.000000
1736,17.360066,5931.185889775,5931.185889775,8602,12042800,0.000000
1737,17.370073,5931.195896916,5931.195896916,8607,12049800,0.000000
1738,17.380065,5931.205888589,5931.205888589,8612,12056800,0.000000
1739,17.390066,5931.215889268,5931.215889268,8617,12063800,0.000000
1740,17.400083,5931.225906214,5931.225906214,8622,12070800,0.000000
1741,17.410062,5931.235885821,5931.235885821,8627,12077800,0.000000
1742,17.420063,5931.245886502,5931.245886502,8632,12084800,0.000000
1743,17.430064,5931.255887505,5931.255887505,8637,12091800,0.000000
1744,17.440062,5931.265885277,5931.265885277,8642,12098800,0.000000
1745,17.450062,5931.275885523,5931.275885523,8647,12105800,0.000000
1746,17.460070,5931.285893907,5931.285893907,8652,12112800,0.000000
1747,17.470058,5931.295881119,5931.295881119,8657,12119800,0.000000
1748,17.480069,5931.305892911,5931.305892911,8661,12125400,0.000000
1749,17.490074,5931.315897551,5931.315897551,8666,12132400,0.000000
1750,17.500064,5931.325887724,5931.325887724,8671,12139400,0.000000
1751,17.510065,5931.335888801,5931.335888801,8676,12146400,0.000000
1752,17.520065,5931.345888681,5931.345888681,8681,12153400,0.000000
1753,17.530065,5931.355888229,5931.355888229,8686,12160400,0.000000
1754,17.540065,5931.365888606,5931.365888606,8691,12167400,0.000000
1755,17.550063,5931.375886910,5931.375886910,8696,12174400,0.000000
1756,17.560066,5931.385889450,5931.385889450,8701,12181400,0.000000
1757,17.570058,5931.395881864,5931.395881864,8706,12188400,0.000000
1758,17.580053,5931.405876326,5931.405876326,8711,12195400,0.000000
1759,17.590075,5931.415898857,5931.415898857,8716,12202400,0.000000
1760,17.600009,5931.425832272,5931.425832272,8721,12209400,0.000000
1761,17.610059,5931.435882078,5931.435882078,8726,12216400,0.000000
1762,17.620063,5931.445886922,5931.445886922,8731,12223400,0.000000
1763,17.630064,5931.455887626,5931.455887626,8736,12230400,0.000000
1764,17.640063,5931.465886776,5931.465886776,8741,12237400,0.000000
1765,17.650062,5931.475885723,5931.475885723,8746,12244400,0.000000
1766,17.660062,5931.485885099,5931.485885099,8751,12251400,0.000000
1767,17.670062,5931.495885139,5931.495885139,8756,12258400,0.000000
1768,17.680062,5931.505885435,5931.505885435,8761,12265400,0.000000
1769,17.690031,5931.515854084,5931.515854084,8766,12272400,0.000000
1770,17.700070,5931.525893652,5931.525893652,8771,12279400,0.000000
1771,17.710067,5931.535890634,5931.535890634,8775,12285000,0.000000
1772,17.720058,5931.545881926,5931.545881926,8780,12292000,0.000000
1773,17.730073,5931.555896017,5931.555896017,8785,12299000,0.000000
1774,17.740072,5931.565894991,5931.565894991,8790,12306000,0.000000
1775,17.750074,5931.575897033,5931.575897033,8795,12313000,0.000000
1776,17.760066,5931.585889726,5931.585889726,8800,12320000,0.000000
1777,17.770065,5931.595888427,5931.595888427,8805,12327000,0.000000
1778,17.780064,5931.605887610,5931.605887610,8810,12334000,0.000000
1779,17.790055,5931.615878944,5931.615878944,8815,12341000,0.000000
1780,17.800064,5931.625887840,5931.625887840,8820,12348000,0.000000
1781,17.810059,5931.635882230,5931.635882230,8825,12355000,0.000000
1782,17.820072,5931.645895471,5931.645895471,8830,12362000,0.000000
1783,17.830062,5931.655885599,5931.655885599,8835,12369000,0.000000
1784,17.840064,5931.665887890,5931.665887890,8840,12376000,0.000000
1785,17.850063,5931.675886184,5931.675886184,8845,12383000,0.000000
1786,17.860060,5931.685883596,5931.685883596,8850,12390000,0.000000
1787,17.870067,5931.695890020,5931.695890020,8855,12397000,0.000000
1788,17.880065,5931.705888778,5931.705888778,8860,12404000,0.000000
1789,17.890068,5931.715891199,5931.715891199,8865,12411000,0.000000
1790,17.900058,5931.725881614,5931.725881614,8870,12418000,0.000000
1791,17.910060,5931.735883515,5931.735883515,8875,12425000,0.000000
1792,17.920072,5931.745894976,5931.745894976,8880,12432000,0.000000
1793,17.930067,5931.755890127,5931.755890127,8884,12437600,0.000000
1794,17.940066,5931.765889234,5931.765889234,8889,12444600,0.000000
1795,17.950064,5931.775887882,5931.775887882,8894,12451600,0.000000
1796,17.960064,5931.785887270,5931.785887270,8899,12458600,0.000000
1797,17.970068,5931.795891501,5931.795891501,8904,12465600,0.000000
1798,17.980065,5931.805888371,5931.805888371,8909,12472600,0.000000
1799,17.990064,5931.815887669,5931.815887669,8914,12479600,0.000000
1800,18.000068,5931.825891239,5931.825891239,8919,12486600,0.000000
1801,18.010072,5931.835895917,5931.835895917,8924,12493600,0.000000
1802,18.020067,5931.845890144,5931.845890144,8929,12500600,0.000000
1803,18.030075,5931.855898597,5931.855898597,8934,12507600,0.000000
1804,18.040068,5931.865891818,5931.865891818,8939,12514600,0.000000
1805,18.050063,5931.875886119,5931.875886119,8944,12521600,0.000000
1806,18.060064,5931.885887016,5931.885887016,8949,12528600,0.000000
1807,18.070066,5931.895889201,5931.895889201,8954,12535600,0.000000
1808,18.080064,5931.905887186,5931.905887186,8959,12542600,0.000000
1809,18.090065,5931.915888549,5931.915888549,8964,12549600,0.000000
1810,18.100018,5931.925841008,5931.925841008,8969,12556600,0.000000
1811,18.110064,5931.935887005,5931.935887005,8974,12563600,0.000000
1812,18.120057,5931.945880584,5931.945880584,8979,12570600,0.000000
1813,18.130057,5931.955880467,5931.955880467,8984,12577600,0.000000
1814,18.140038,5931.965861491,5931.965861491,8989,12584600,0.000000
1815,18.150088,5931.975911905,5931.975911905,8994,12591600,0.000000
1816,18.160070,5931.985893689,5931.985893689,8998,12597200,0.000000
1817,18.170077,5931.995899988,5931.995899988,9003,12604200,0.000000
1818,18.180072,5932.005894979,5932.005894979,9008,12611200,0.000000
1819,18.190067,5932.015890026,5932.015890026,9013,12618200,0.000000
1820,18.200071,5932.025894616,5932.025894616,9018,12625200,0.000000
1821,18.210053,5932.035875976,5932.035875976,9023,12632200,0.000000
1822,18.220073,5932.045896642,5932.045896642,9028,12639200,0.000000
1823,18.230066,5932.055889412,5932.055889412,9033,12646200,0.000000
1824,18.240064,5932.065887341,5932.065887341,9038,12653200,0.000000
1825,18.250068,5932.075891263,5932.075891263,9043,12660200,0.000000
1826,18.260068,5932.085891357,5932.085891357,9048,12667200,0.000000
1827,18.270063,5932.095886569,5932.095886569,9053,12674200,0.000000
1828,18.280065,5932.105888767,5932.105888767,9058,12681200,0.000000
1829,18.290068,5932.115891434,5932.115891434,9063,12688200,0.000000
1830,18.300068,5932.125891328,5932.125891328,9068,12695200,0.000000
1831,18.310068,5932.135891940,5932.135891940,9073,12702200,0.000000
1832,18.320067,5932.145890241,5932.145890241,9078,12709200,0.000000
1833,18.330062,5932.155885553,5932.155885553,9083,12716200,0.000000
1834,18.340062,5932.165885739,5932.165885739,9088,12723200,0.000000
1835,18.350025,5932.175848267,5932.175848267,9093,12730200,0.000000
1836,18.360006,5932.185829840,5932.185829840,9098,12737200,0.000000
1837,18.370079,5932.195902597,5932.195902597,9103,12744200,0.000000
1838,18.380064,5932.205887065,5932.205887065,9107,12749800,0.000000
1839,18.390066,5932.215889050,5932.215889050,9112,12756800,0.000000
1840,18.400067,5932.225890087,5932.225890087,9117,12763800,0.000000
1841,18.410066,5932.235889280,5932.235889280,9122,12770800,0.000000
1842,18.420066,5932.245889072,5932.245889072,9127,12777800,0.000000
1843,18.430065,5932.255888919,5932.255888919,9132,12784800,0.000000
1844,18.440067,5932.265890823,5932.265890823,9137,12791800,0.000000
1845,18.450063,5932.275886476,5932.275886476,9142,12798800,0.000000
1846,18.460059,5932.285882268,5932.285882268,9147,12805800,0.000000
1847,18.470064,5932.295887304,5932.295887304,9152,12812800,0.000000
1848,18.480067,5932.305890601,5932.305890601,9157,12819800,0.000000
1849,18.490068,5932.315891020,5932.315891020,9162,12826800,0.000000
1850,18.500070,5932.325893305,5932.325893305,9167,12833800,0.000000
1851,18.510063,5932.335886796,5932.335886796,9172,12840800,0.000000
1852,18.520070,5932.345893860,5932.345893860,9177,12847800,0.000000
1853,18.530062,5932.355885871,5932.355885871,9182,12854800,0.000000
1854,18.540063,5932.365886758,5932.365886758,9187,12861800,0.000000
1855,18.550061,5932.375884628,5932.375884628,9192,12868800,0.000000
1856,18.560062,5932.385885682,5932.385885682,9197,12875800,0.000000
1857,18.570067,5932.395890294,5932.395890294,9202,12882800,0.000000
1858,18.580066,5932.405889048,5932.405889048,9207,12889800,0.000000
1859,18.590064,5932.415887420,5932.415887420,9212,12896800,0.000000
1860,18.600063,5932.425886668,5932.425886668,9216,12902400,0.000000
1861,18.610062,5932.435885460,5932.435885460,9221,12909400,0.000000
1862,18.620062,5932.445885563,5932.445885563,9226,12916400,0.000000
1863,18.630060,5932.455883284,5932.455883284,9231,12923400,0.000000
1864,18.640072,5932.465895202,5932.465895202,9236,12930400,0.000000
1865,18.650065,5932.475888343,5932.475888343,9241,12937400,0.000000
1866,18.660061,5932.485883981,5932.485883981,9246,12944400,0.000000
1867,18.670063,5932.495886299,5932.495886299,9251,12951400,0.000000
1868,18.680064,5932.505887353,5932.505887353,9256,12958400,0.000000
1869,18.690062,5932.515885619,5932.515885619,9261,12965400,0.000000
1870,18.700039,5932.525862295,5932.525862295,9266,12972400,0.000000
1871,18.710072,5932.535895149,5932.535895149,9271,12979400,0.000000
1872,18.720063,5932.545886859,5932.545886859,9276,12986400,0.000000
1873,18.730069,5932.555892872,5932.555892872,9281,12993400,0.000000
1874,18.740066,5932.565889303,5932.565889303,9286,13000400,0.000000
1875,18.750065,5932.575888076,5932.575888076,9291,13007400,0.000000
1876,18.760063,5932.585886604,5932.585886604,9296,13014400,0.000000
1877,18.770062,5932.595885129,5932.595885129,9301,13021400,0.000000
1878,18.780062,5932.605885656,5932.605885656,9306,13028400,0.000000
1879,18.790057,5932.615880549,5932.615880549,9311,13035400,0.000000
1880,18.800047,5932.625870357,5932.625870357,9316,13042400,0.000000
1881,18.810019,5932.635842834,5932.635842834,9321,13049400,0.000000
1882,18.820071,5932.645894783,5932.645894783,9326,13056400,0.000000
1883,18.830066,5932.655889298,5932.655889298,9330,13062000,0.000000
1884,18.840065,5932.665888456,5932.665888456,9335,13069000,0.000000
1885,18.850062,5932.675885328,5932.675885328,9340,13076000,0.000000
1886,18.860063,5932.685886561,5932.685886561,9345,13083000,0.000000
1887,18.870066,5932.695889020,5932.695889020,9350,13090000,0.000000
1888,18.880073,5932.705896577,5932.705896577,9355,13097000,0.000000
1889,18.890065,5932.715888592,5932.715888592,9360,13104000,0.000000
1890,18.900068,5932.725891588,5932.725891588,9365,13111000,0.000000
1891,18.910060,5932.735883193,5932.735883193,9370,13118000,0.000000
1892,18.920068,5932.745891915,5932.745891915,9375,13125000,0.000000
1893,18.930070,5932.755893365,5932.755893365,9380,13132000,0.000000
1894,18.940069,5932.765892500,5932.765892500,9385,13139000,0.000000
1895,18.950072,5932.775895773,5932.775895773,9390,13146000,0.000000
1896,18.960064,5932.785887646,5932.785887646,9395,13153000,0.000000
1897,18.970063,5932.795886652,5932.795886652,9400,13160000,0.000000
1898,18.980063,5932.805886638,5932.805886638,9405,13167000,0.000000
1899,18.990062,5932.815885604,5932.815885604,9410,13174000,0.000000
1900,19.000062,5932.825885651,5932.825885651,9415,13181000,0.000000
1901,19.010068,5932.835891088,5932.835891088,9420,13188000,0.000000
1902,19.020058,5932.845881706,5932.845881706,9425,13195000,0.000000
1903,19.030001,5932.855824688,5932.855824688,9430,13202000,0.000000
1904,19.040083,5932.865906036,5932.865906036,9435,13209000,0.000000
1905,19.050071,5932.875894611,5932.875894611,9439,13214600,0.000000
1906,19.060075,5932.885898907,5932.885898907,9444,13221600,0.000000
1907,19.070206,5932.896029535,5932.896029535,9449,13228600,0.000000
1908,19.080065,5932.905888913,5932.905888913,9454,13235600,0.000000
1909,19.090133,5932.915956879,5932.915956879,9459,13242600,0.000000
1910,19.100069,5932.925892462,5932.925892462,9464,13249600,0.000000
1911,19.110076,5932.935899364,5932.935899364,9469,13256600,0.000000
1912,19.120026,5932.945849306,5932.945849306,9474,13263600,0.000000
1913,19.130058,5932.955881659,5932.955881659,9479,13270600,0.000000
1914,19.140060,5932.965883585,5932.965883585,9484,13277600,0.000000
1915,19.150067,5932.975890374,5932.975890374,9489,13284600,0.000000
1916,19.160069,5932.985892255,5932.985892255,9494,13291600,0.000000
1917,19.170070,5932.995893349,5932.995893349,9499,13298600,0.000000
1918,19.180065,5933.005888022,5933.005888022,9504,13305600,0.000000
1919,19.190065,5933.015888957,5933.015888957,9509,13312600,0.000000
1920,19.200066,5933.025889539,5933.025889539,9514,13319600,0.000000
1921,19.210067,5933.035890053,5933.035890053,9519,13326600,0.000000
1922,19.220071,5933.045894291,5933.045894291,9524,13333600,0.000000
1923,19.230064,5933.055887544,5933.055887544,9529,13340600,0.000000
1924,19.240061,5933.065884431,5933.065884431,9534,13347600,0.000000
1925,19.250068,5933.075891495,5933.075891495,9539,13354600,0.000000
1926,19.260039,5933.085862892,5933.085862892,9544,13361600,0.000000
1927,19.270075,5933.095898135,5933.095898135,9549,13368600,0.000000
1928,19.280066,5933.105889131,5933.105889131,9553,13374200,0.000000
1929,19.290066,5933.115889499,5933.115889499,9558,13381200,0.000000
1930,19.300066,5933.125889852,5933.125889852,9563,13388200,0.000000
1931,19.310029,5933.135852584,5933.135852584,9568,13395200,0.000000
1932,19.320063,5933.145886641,5933.145886641,9573,13402200,0.000000
1933,19.330065,5933.155888738,5933.155888738,9578,13409200,0.000000
1934,19.340063,5933.165886017,5933.165886017,9583,13416200,0.000000
1935,19.350068,5933.175891591,5933.175891591,9588,13423200,0.000000
1936,19.360063,5933.185886185,5933.185886185,9593,13430200,0.000000
1937,19.370064,5933.195887093,5933.195887093,9598,13437200,0.000000
1938,19.380076,5933.205899509,5933.205899509,9603,13444200,0.000000
1939,19.390063,5933.215886366,5933.215886366,9608,13451200,0.000000
1940,19.400063,5933.225886276,5933.225886276,9613,13458200,0.000000
1941,19.410063,5933.235886177,5933.235886177,9618,13465200,0.000000
1942,19.420063,5933.245886701,5933.245886701,9623,13472200,0.000000
1943,19.430060,5933.255883478,5933.255883478,9628,13479200,0.000000
1944,19.440063,5933.265886578,5933.265886578,9633,13486200,0.000000
1945,19.450074,5933.275897108,5933.275897108,9638,13493200,0.000000
1946,19.460013,5933.285836677,5933.285836677,9643,13500200,0.000000
1947,19.470020,5933.295843859,5933.295843859,9648,13507200,0.000000
1948,19.480007,5933.305830159,5933.305830159,9653,13514200,0.000000
1949,19.490074,5933.315897534,5933.315897534,9658,13521200,0.000000
1950,19.500061,5933.325884161,5933.325884161,9662,13526800,0.000000
1951,19.510074,5933.335897803,5933.335897803,9667,13533800,0.000000
1952,19.520087,5933.345910683,5933.345910683,9672,13540800,0.000000
1953,19.530092,5933.355915407,5933.355915407,9677,13547800,0.000000
1954,19.540060,5933.365883657,5933.365883657,9682,13554800,0.000000
1955,19.550065,5933.375888659,5933.375888659,9687,13561800,0.000000
1956,19.560065,5933.385888224,5933.385888224,9692,13568800,0.000000
1957,19.570034,5933.395857609,5933.395857609,9697,13575800,0.000000
1958,19.580059,5933.405882476,5933.405882476,9702,13582800,0.000000
1959,19.590065,5933.415888093,5933.415888093,9707,13589800,0.000000
1960,19.600066,5933.425889503,5933.425889503,9712,13596800,0.000000
1961,19.610071,5933.435894161,5933.435894161,9717,13603800,0.000000
1962,19.620065,5933.445888738,5933.445888738,9722,13610800,0.000000
1963,19.630062,5933.455885370,5933.455885370,9727,13617800,0.000000
1964,19.640064,5933.465887646,5933.465887646,9732,13624800,0.000000
1965,19.650061,5933.475884645,5933.475884645,9737,13631800,0.000000
1966,19.660064,5933.485887059,5933.485887059,9742,13638800,0.000000
1967,19.670062,5933.495885378,5933.495885378,9747,13645800,0.000000
1968,19.680069,5933.505892412,5933.505892412,9752,13652800,0.000000
1969,19.690062,5933.515885040,5933.515885040,9757,13659800,0.000000
1970,19.700062,5933.525885332,5933.525885332,9762,13666800,0.000000
1971,19.710061,5933.535884730,5933.535884730,9767,13673800,0.000000
1972,19.720064,5933.545887707,5933.545887707,9771,13679400,0.000000
1973,19.730066,5933.555889558,5933.555889558,9776,13686400,0.000000
1974,19.740063,5933.565886075,5933.565886075,9781,13693400,0.000000
1975,19.750067,5933.575890023,5933.575890023,9786,13700400,0.000000
1976,19.760082,5933.585905962,5933.585905962,9791,13707400,0.000000
1977,19.770060,5933.595883277,5933.595883277,9796,13714400,0.000000
1978,19.780066,5933.605889512,5933.605889512,9801,13721400,0.000000
1979,19.790063,5933.615886643,5933.615886643,9806,13728400,0.000000
1980,19.800068,5933.625891344,5933.625891344,9811,13735400,0.000000
1981,19.810066,5933.635889336,5933.635889336,9816,13742400,0.000000
1982,19.820069,5933.645892139,5933.645892139,9821,13749400,0.000000
1983,19.830065,5933.655888830,5933.655888830,9826,13756400,0.000000
1984,19.840063,5933.665886737,5933.665886737,9831,13763400,0.000000
1985,19.850069,5933.675892476,5933.675892476,9836,13770400,0.000000
1986,19.860067,5933.685889996,5933.685889996,9841,13777400,0.000000
1987,19.870069,5933.695892431,5933.695892431,9846,13784400,0.000000
1988,19.880076,5933.705899545,5933.705899545,9851,13791400,0.000000
1989,19.890066,5933.715889182,5933.715889182,9856,13798400,0.000000
1990,19.900060,5933.725883474,5933.725883474,9861,13805400,0.000000
1991,19.910058,5933.735881427,5933.735881427,9866,13812400,0.000000
1992,19.920064,5933.745887955,5933.745887955,9871,13819400,0.000000
1993,19.930022,5933.755845561,5933.755845561,9876,13826400,0.000000
1994,19.940074,5933.765897724,5933.765897724,9881,13833400,0.000000
1995,19.950069,5933.775892459,5933.775892459,9885,13839000,0.000000
1996,19.960069,5933.785892834,5933.785892834,9890,13846000,0.000000
1997,19.970067,5933.795890513,5933.795890513,9895,13853000,0.000000
1998,19.980068,5933.805891723,5933.805891723,9900,13860000,0.000000
1999,19.990066,5933.815889378,5933.815889378,9905,13867000,0.000000
2000,20.000066,5933.825889579,5933.825889579,9910,13874000,0.000000
2001,20.010065,5933.835888735,5933.835888735,9915,13881000,0.000000
2002,20.020067,5933.845890916,5933.845890916,9920,13888000,0.000000
2003,20.030064,5933.855887403,5933.855887403,9925,13895000,0.000000
2004,20.040067,5933.865890130,5933.865890130,9930,13902000,0.000000
2005,20.050067,5933.875890395,5933.875890395,9935,13909000,0.000000
2006,20.060067,5933.885890445,5933.885890445,9940,13916000,0.000000
2007,20.070064,5933.895887955,5933.895887955,9945,13923000,0.000000
2008,20.080062,5933.905885913,5933.905885913,9950,13930000,0.000000
2009,20.090064,5933.915887606,5933.915887606,9955,13937000,0.000000
2010,20.100065,5933.925888096,5933.925888096,9960,13944000,0.000000
2011,20.110067,5933.935890715,5933.935890715,9965,13951000,0.000000
2012,20.120062,5933.945885057,5933.945885057,9970,13958000,0.000000
2013,20.130062,5933.955885118,5933.955885118,9975,13965000,0.000000
2014,20.140062,5933.965885136,5933.965885136,9980,13972000,0.000000
2015,20.150059,5933.975882160,5933.975882160,9985,13979000,0.000000
2016,20.160089,5933.985911990,5933.985911990,9990,13986000,0.000000
2017,20.170067,5933.995890010,5933.995890010,9994,13991600,0.000000
2018,20.180075,5934.005898235,5934.005898235,9999,13998600,0.000000
2019,20.190074,5934.015897096,5934.015897096,10004,14005600,0.000000
2020,20.200067,5934.025890749,5934.025890749,10009,14012600,0.000000
2021,20.210070,5934.035893803,5934.035893803,10014,14019600,0.000000
2022,20.220065,5934.045888661,5934.045888661,10019,14026600,0.000000
2023,20.230063,5934.055886364,5934.055886364,10024,14033600,0.000000
2024,20.240068,5934.065891142,5934.065891142,10029,14040600,0.000000
2025,20.250067,5934.075890573,5934.075890573,10034,14047600,0.000000
2026,20.260066,5934.085889734,5934.085889734,10039,14054600,0.000000
2027,20.270064,5934.095887499,5934.095887499,10044,14061600,0.000000
2028,20.280066,5934.105889689,5934.105889689,10049,14068600,0.000000
2029,20.290064,5934.115887547,5934.115887547,10054,14075600,0.000000
2030,20.300065,5934.125888215,5934.125888215,10059,14082600,0.000000
2031,20.310069,5934.135892800,5934.135892800,10064,14089600,0.000000
2032,20.320060,5934.145883346,5934.145883346,10069,14096600,0.000000
2033,20.330063,5934.155886450,5934.155886450,10074,14103600,0.000000
2034,20.340062,5934.165885902,5934.165885902,10079,14110600,0.000000
2035,20.350063,5934.175886026,5934.175886026,10084,14117600,0.000000
2036,20.360063,5934.185886303,5934.185886303,10089,14124600,0.000000
2037,20.370061,5934.195884425,5934.195884425,10094,14131600,0.000000
2038,20.380041,5934.205864536,5934.205864536,10099,14138600,0.000000
2039,20.390077,5934.215900687,5934.215900687,10104,14145600,0.000000
2040,20.400063,5934.225886915,5934.225886915,10108,14151200,0.000000
2041,20.410064,5934.235887789,5934.235887789,10113,14158200,0.000000
2042,20.420064,5934.245887125,5934.245887125,10118,14165200,0.000000
2043,20.430067,5934.255890888,5934.255890888,10123,14172200,0.000000
2044,20.440072,5934.265895618,5934.265895618,10128,14179200,0.000000
2045,20.450066,5934.275889016,5934.275889016,10133,14186200,0.000000
2046,20.460075,5934.285898381,5934.285898381,10138,14193200,0.000000
2047,20.470094,5934.295917802,5934.295917802,10143,14200200,0.000000
2048,20.480069,5934.305892300,5934.305892300,10148,14207200,0.000000
2049,20.490068,5934.315891500,5934.315891500,10153,14214200,0.000000
2050,20.500062,5934.325885943,5934.325885943,10158,14221200,0.000000
2051,20.510067,5934.335890306,5934.335890306,10163,14228200,0.000000
2052,20.520067,5934.345890227,5934.345890227,10168,14235200,0.000000
2053,20.530058,5934.355881374,5934.355881374,10173,14242200,0.000000
2054,20.540065,5934.365888510,5934.365888510,10178,14249200,0.000000
2055,20.550068,5934.375891443,5934.375891443,10183,14256200,0.000000
2056,20.560065,5934.385888727,5934.385888727,10188,14263200,0.000000
2057,20.570064,5934.395887413,5934.395887413,10193,14270200,0.000000
2058,20.580066,5934.405889357,5934.405889357,10198,14277200,0.000000
2059,20.590020,5934.415843154,5934.415843154,10203,14284200,0.000000
2060,20.600013,5934.425836120,5934.425836120,10208,14291200,0.000000
2061,20.610078,5934.435901724,5934.435901724,10213,14298200,0.000000
2062,20.620060,5934.445883888,5934.445883888,10217,14303800,0.000000
2063,20.630068,5934.455891776,5934.455891776,10222,14310800,0.000000
2064,20.640060,5934.465883072,5934.465883072,10227,14317800,0.000000
2065,20.650084,5934.475907182,5934.475907182,10232,14324800,0.000000
2066,20.660072,5934.485895405,5934.485895405,10237,14331800,0.000000
2067,20.670071,5934.495894351,5934.495894351,10242,14338800,0.000000
2068,20.680065,5934.505888233,5934.505888233,10247,14345800,0.000000
2069,20.690051,5934.515874754,5934.515874754,10252,14352800,0.000000
2070,20.700074,5934.525897078,5934.525897078,10257,14359800,0.000000
2071,20.710075,5934.535898323,5934.535898323,10262,14366800,0.000000
2072,20.720072,5934.545895185,5934.545895185,10267,14373800,0.000000
2073,20.730069,5934.555892638,5934.555892638,10272,14380800,0.000000
2074,20.740067,5934.565890399,5934.565890399,10277,14387800,0.000000
2075,20.750063,5934.575886835,5934.575886835,10282,14394800,0.000000
2076,20.760015,5934.585838223,5934.585838223,10287,14401800,0.000000
2077,20.770071,5934.595894321,5934.595894321,10292,14408800,0.000000
2078,20.780065,5934.605888680,5934.605888680,10297,14415800,0.000000
2079,20.790059,5934.615882541,5934.615882541,10302,14422800,0.000000
2080,20.800062,5934.625885782,5934.625885782,10307,14429800,0.000000
2081,20.810057,5934.635880699,5934.635880699,10312,14436800,0.000000
2082,20.820062,5934.645885642,5934.645885642,10317,14443800,0.000000
2083,20.830065,5934.655888283,5934.655888283,10322,14450800,0.000000
2084,20.840070,5934.665893283,5934.665893283,10326,14456400,0.000000
2085,20.850067,5934.675890274,5934.675890274,10331,14463400,0.000000
2086,20.860066,5934.685889471,5934.685889471,10336,14470400,0.000000
2087,20.870061,5934.695884958,5934.695884958,10341,14477400,0.000000
2088,20.880071,5934.705894518,5934.705894518,10346,14484400,0.000000
2089,20.890066,5934.715889344,5934.715889344,10351,14491400,0.000000
2090,20.900064,5934.725887798,5934.725887798,10356,14498400,0.000000
2091,20.910065,5934.735888713,5934.735888713,10361,14505400,0.000000
2092,20.920060,5934.745883698,5934.745883698,10366,14512400,0.000000
2093,20.930071,5934.755894059,5934.755894059,10371,14519400,0.000000
2094,20.940069,5934.765892877,5934.765892877,10376,14526400,0.000000
2095,20.950067,5934.775890683,5934.775890683,10381,14533400,0.000000
2096,20.960068,5934.785891046,5934.785891046,10386,14540400,0.000000
2097,20.970065,5934.795888316,5934.795888316,10391,14547400,0.000000
2098,20.980063,5934.805886194,5934.805886194,10396,14554400,0.000000
2099,20.990066,5934.815889709,5934.815889709,10401,14561400,0.000000
2100,21.000064,5934.825887270,5934.825887270,10406,14568400,0.000000
2101,21.010064,5934.835887805,5934.835887805,10411,14575400,0.000000
2102,21.020074,5934.845897174,5934.845897174,10416,14582400,0.000000
2103,21.030063,5934.855886116,5934.855886116,10421,14589400,0.000000
2104,21.040073,5934.865896887,5934.865896887,10426,14596400,0.000000
2105,21.050022,5934.875845317,5934.875845317,10431,14603400,0.000000
2106,21.060073,5934.885896770,5934.885896770,10436,14610400,0.000000
2107,21.070066,5934.895889873,5934.895889873,10440,14616000,0.000000
2108,21.080066,5934.905889496,5934.905889496,10445,14623000,0.000000
2109,21.090070,5934.915893112,5934.915893112,10450,14630000,0.000000
2110,21.100073,5934.925896520,5934.925896520,10455,14637000,0.000000
2111,21.110075,5934.935898612,5934.935898612,10460,14644000,0.000000
2112,21.120062,5934.945885908,5934.945885908,10465,14651000,0.000000
2113,21.130090,5934.955912978,5934.955912978,10470,14658000,0.000000
2114,21.140064,5934.965887604,5934.965887604,10475,14665000,0.000000
2115,21.150048,5934.975871436,5934.975871436,10480,14672000,0.000000
2116,21.160058,5934.985881472,5934.985881472,10485,14679000,0.000000
2117,21.170064,5934.995887864,5934.995887864,10490,14686000,0.000000
2118,21.180067,5935.005890338,5935.005890338,10495,14693000,0.000000
2119,21.190066,5935.015889840,5935.015889840,10500,14700000,0.000000
2120,21.200065,5935.025888290,5935.025888290,10505,14707000,0.000000
2121,21.210080,5935.035903426,5935.035903426,10510,14714000,0.000000
2122,21.220060,5935.045883029,5935.045883029,10515,14721000,0.000000
2123,21.230034,5935.055857753,5935.055857753,10520,14728000,0.000000
2124,21.240070,5935.065893177,5935.065893177,10525,14735000,0.000000
2125,21.250063,5935.075886124,5935.075886124,10530,14742000,0.000000
2126,21.260058,5935.085880983,5935.085880983,10535,14749000,0.000000
2127,21.270073,5935.095896017,5935.095896017,10540,14756000,0.000000
2128,21.280079,5935.105902157,5935.105902157,10545,14763000,0.000000
2129,21.290079,5935.115902046,5935.115902046,10549,14768600,0.000000
2130,21.300067,5935.125890221,5935.125890221,10554,14775600,0.000000
2131,21.310068,5935.135891548,5935.135891548,10559,14782600,0.000000
2132,21.320081,5935.145903985,5935.145903985,10564,14789600,0.000000
2133,21.330066,5935.155889638,5935.155889638,10569,14796600,0.000000
2134,21.340061,5935.165884315,5935.165884315,10574,14803600,0.000000
2135,21.350066,5935.175889122,5935.175889122,10579,14810600,0.000000
2136,21.360033,5935.185856280,5935.185856280,10584,14817600,0.000000
2137,21.370064,5935.195887051,5935.195887051,10589,14824600,0.000000
2138,21.380068,5935.205891356,5935.205891356,10594,14831600,0.000000
2139,21.390070,5935.215893659,5935.215893659,10599,14838600,0.000000
2140,21.400061,5935.225884534,5935.225884534,10604,14845600,0.000000
2141,21.410064,5935.235887528,5935.235887528,10609,14852600,0.000000
2142,21.420065,5935.245888383,5935.245888383,10614,14859600,0.000000
2143,21.430059,5935.255882295,5935.255882295,10619,14866600,0.000000
2144,21.440018,5935.265841431,5935.265841431,10624,14873600,0.000000
2145,21.450060,5935.275883131,5935.275883131,10629,14880600,0.000000
2146,21.460063,5935.285886430,5935.285886430,10634,14887600,0.000000
2147,21.470064,5935.295887417,5935.295887417,10639,14894600,0.000000
2148,21.480058,5935.305881698,5935.305881698,10644,14901600,0.000000
2149,21.490065,5935.315888636,5935.315888636,10649,14908600,0.000000
2150,21.500034,5935.325857611,5935.325857611,10654,14915600,0.000000
2151,21.510075,5935.335898811,5935.335898811,10659,14922600,0.000000
2152,21.520060,5935.345882973,5935.345882973,10663,14928200,0.000000
2153,21.530068,5935.355891649,5935.355891649,10668,14935200,0.000000
2154,21.540062,5935.365885833,5935.365885833,10673,14942200,0.000000
2155,21.550063,5935.375886274,5935.375886274,10678,14949200,0.000000
2156,21.560066,5935.385889513,5935.385889513,10683,14956200,0.000000
2157,21.570065,5935.395888244,5935.395888244,10688,14963200,0.000000
2158,21.580066,5935.405889573,5935.405889573,10693,14970200,0.000000
2159,21.590066,5935.415889636,5935.415889636,10698,14977200,0.000000
2160,21.600060,5935.425883787,5935.425883787,10703,14984200,0.000000
2161,21.610029,5935.435852505,5935.435852505,10708,14991200,0.000000
2162,21.620070,5935.445893394,5935.445893394,10713,14998200,0.000000
2163,21.630027,5935.455850114,5935.455850114,10718,15005200,0.000000
2164,21.640070,5935.465893912,5935.465893912,10723,15012200,0.000000
2165,21.650059,5935.475882104,5935.475882104,10728,15019200,0.000000
2166,21.660071,5935.485894827,5935.485894827,10733,15026200,0.000000
2167,21.670066,5935.495889133,5935.495889133,10738,15033200,0.000000
2168,21.680060,5935.505883748,5935.505883748,10743,15040200,0.000000
2169,21.690062,5935.515885868,5935.515885868,10748,15047200,0.000000
2170,21.700063,5935.525886690,5935.525886690,10753,15054200,0.000000
2171,21.710012,5935.535835440,5935.535835440,10758,15061200,0.000000
2172,21.720002,5935.545825159,5935.545825159,10763,15068200,0.000000
2173,21.730073,5935.555896159,5935.555896159,10768,15075200,0.000000
2174,21.740061,5935.565884278,5935.565884278,10772,15080800,0.000000
2175,21.750066,5935.575889625,5935.575889625,10777,15087800,0.000000
2176,21.760069,5935.585892448,5935.585892448,10782,15094800,0.000000
2177,21.770065,5935.595888875,5935.595888875,10787,15101800,0.000000
2178,21.780066,5935.605889695,5935.605889695,10792,15108800,0.000000
2179,21.790034,5935.615857959,5935.615857959,10797,15115800,0.000000
2180,21.800066,5935.625889089,5935.625889089,10802,15122800,0.000000
2181,21.810072,5935.635895280,5935.635895280,10807,15129800,0.000000
2182,21.820066,5935.645888996,5935.645888996,10812,15136800,0.000000
2183,21.830067,5935.655890707,5935.655890707,10817,15143800,0.000000
2184,21.840067,5935.665890105,5935.665890105,10822,15150800,0.000000
2185,21.850064,5935.675887193,5935.675887193,10827,15157800,0.000000
2186,21.860059,5935.685882122,5935.685882122,10832,15164800,0.000000
2187,21.870063,5935.695886767,5935.695886767,10837,15171800,0.000000
2188,21.880067,5935.705890872,5935.705890872,10842,15178800,0.000000
2189,21.890062,5935.715885734,5935.715885734,10847,15185800,0.000000
2190,21.900062,5935.725885828,5935.725885828,10852,15192800,0.000000
2191,21.910064,5935.735887509,5935.735887509,10857,15199800,0.000000
2192,21.920062,5935.745885796,5935.745885796,10862,15206800,0.000000
2193,21.930067,5935.755890914,5935.755890914,10867,15213800,0.000000
2194,21.940064,5935.765887322,5935.765887322,10872,15220800,0.000000
2195,21.950066,5935.775889786,5935.775889786,10877,15227800,0.000000
2196,21.960069,5935.785892229,5935.785892229,10881,15233400,0.000000
2197,21.970064,5935.795887558,5935.795887558,10886,15240400,0.000000
2198,21.980066,5935.805889446,5935.805889446,10891,15247400,0.000000
2199,21.990071,5935.815894831,5935.815894831,10896,15254400,0.000000
2200,22.000068,5935.825891868,5935.825891868,10901,15261400,0.000000
2201,22.010075,5935.835898872,5935.835898872,10906,15268400,0.000000
2202,22.020069,5935.845892070,5935.845892070,10911,15275400,0.000000
2203,22.030074,5935.855897648,5935.855897648,10916,15282400,0.000000
2204,22.040070,5935.865893852,5935.865893852,10921,15289400,0.000000
2205,22.050068,5935.875891276,5935.875891276,10926,15296400,0.000000
2206,22.060062,5935.885885717,5935.885885717,10931,15303400,0.000000
2207,22.070066,5935.895889371,5935.895889371,10936,15310400,0.000000
2208,22.080066,5935.905889043,5935.905889043,10941,15317400,0.000000
2209,22.090065,5935.915888105,5935.915888105,10946,15324400,0.000000
2210,22.100064,5935.925887754,5935.925887754,10951,15331400,0.000000
2211,22.110062,5935.935885732,5935.935885732,10956,15338400,0.000000
2212,22.120062,5935.945885248,5935.945885248,10961,15345400,0.000000
2213,22.130064,5935.955887353,5935.955887353,10966,15352400,0.000000
2214,22.140061,5935.965884499,5935.965884499,10971,15359400,0.000000
2215,22.150073,5935.975896411,5935.975896411,10976,15366400,0.000000
2216,22.160067,5935.985890728,5935.985890728,10981,15373400,0.000000
2217,22.170020,5935.995843264,5935.995843264,10986,15380400,0.000000
2218,22.180077,5936.005900512,5936.005900512,10991,15387400,0.000000
2219,22.190066,5936.015889767,5936.015889767,10995,15393000,0.000000
2220,22.200060,5936.025883499,5936.025883499,11000,15400000,0.000000
2221,22.210072,5936.035895166,5936.035895166,11005,15407000,0.000000
2222,22.220068,5936.045891166,5936.045891166,11010,15414000,0.000000
2223,22.230067,5936.055890239,5936.055890239,11015,15421000,0.000000
2224,22.240065,5936.065888356,5936.065888356,11020,15428000,0.000000
2225,22.250067,5936.075890400,5936.075890400,11025,15435000,0.000000
2226,22.260059,5936.085882544,5936.085882544,11030,15442000,0.000000
2227,22.270060,5936.095883210,5936.095883210,11035,15449000,0.000000
2228,22.280065,5936.105888850,5936.105888850,11040,15456000,0.000000
2229,22.290066,5936.115889948,5936.115889948,11045,15463000,0.000000
2230,22.300068,5936.125891676,5936.125891676,11050,15470000,0.000000
2231,22.310069,5936.135892136,5936.135892136,11055,15477000,0.000000
2232,22.320065,5936.145888083,5936.145888083,11060,15484000,0.000000
2233,22.330068,5936.155891648,5936.155891648,11065,15491000,0.000000
2234,22.340065,5936.165888259,5936.165888259,11070,15498000,0.000000
2235,22.350066,5936.175889843,5936.175889843,11075,15505000,0.000000
2236,22.360068,5936.185891395,5936.185891395,11080,15512000,0.000000
2237,22.370063,5936.195886539,5936.195886539,11085,15519000,0.000000
2238,22.380019,5936.205842576,5936.205842576,11090,15526000,0.000000
2239,22.390058,5936.215881333,5936.215881333,11095,15533000,0.000000
2240,22.400079,5936.225902037,5936.225902037,11100,15540000,0.000000
2241,22.410066,5936.235889428,5936.235889428,11104,15545600,0.000000
2242,22.420067,5936.245890555,5936.245890555,11109,15552600,0.000000
2243,22.430067,5936.255890251,5936.255890251,11114,15559600,0.000000
2244,22.440088,5936.265911208,5936.265911208,11119,15566600,0.000000
2245,22.450070,5936.275893438,5936.275893438,11124,15573600,0.000000
2246,22.460071,5936.285894160,5936.285894160,11129,15580600,0.000000
2247,22.470056,5936.295879282,5936.295879282,11134,15587600,0.000000
2248,22.480027,5936.305850918,5936.305850918,11139,15594600,0.000000
2249,22.490068,5936.315891088,5936.315891088,11144,15601600,0.000000
2250,22.500063,5936.325886092,5936.325886092,11149,15608600,0.000000
2251,22.510069,5936.335892764,5936.335892764,11154,15615600,0.000000
2252,22.520071,5936.345893975,5936.345893975,11159,15622600,0.000000
2253,22.530067,5936.355890300,5936.355890300,11164,15629600,0.000000
2254,22.540067,5936.365890114,5936.365890114,11169,15636600,0.000000
2255,22.550068,5936.375891956,5936.375891956,11174,15643600,0.000000
2256,22.560065,5936.385888552,5936.385888552,11179,15650600,0.000000
2257,22.570067,5936.395890318,5936.395890318,11184,15657600,0.000000
2258,22.580062,5936.405885750,5936.405885750,11189,15664600,0.000000
2259,22.590066,5936.415889730,5936.415889730,11194,15671600,0.000000
2260,22.600058,5936.425881272,5936.425881272,11199,15678600,0.000000
2261,22.610059,5936.435882028,5936.435882028,11204,15685600,0.000000
2262,22.620030,5936.445853430,5936.445853430,11209,15692600,0.000000
2263,22.630084,5936.455907933,5936.455907933,11214,15699600,0.000000
2264,22.640068,5936.465891002,5936.465891002,11218,15705200,0.000000
2265,22.650060,5936.475883910,5936.475883910,11223,15712200,0.000000
2266,22.660070,5936.485893399,5936.485893399,11228,15719200,0.000000
2267,22.670068,5936.495891552,5936.495891552,11233,15726200,0.000000
2268,22.680059,5936.505882561,5936.505882561,11238,15733200,0.000000
2269,22.690064,5936.515887681,5936.515887681,11243,15740200,0.000000
2270,22.700068,5936.525891269,5936.525891269,11248,15747200,0.000000
2271,22.710065,5936.535888558,5936.535888558,11253,15754200,0.000000
2272,22.720069,5936.545892954,5936.545892954,11258,15761200,0.000000
2273,22.730070,5936.555893813,5936.555893813,11263,15768200,0.000000
2274,22.740065,5936.565888396,5936.565888396,11268,15775200,0.000000
2275,22.750060,5936.575883926,5936.575883926,11273,15782200,0.000000
2276,22.760017,5936.585840949,5936.585840949,11278,15789200,0.000000
2277,22.770059,5936.595882808,5936.595882808,11283,15796200,0.000000
2278,22.780077,5936.605900038,5936.605900038,11288,15803200,0.000000
2279,22.790065,5936.615888603,5936.615888603,11293,15810200,0.000000
2280,22.800067,5936.625889992,5936.625889992,11298,15817200,0.000000
2281,22.810062,5936.635885675,5936.635885675,11303,15824200,0.000000
2282,22.820065,5936.645888271,5936.645888271,11308,15831200,0.000000
2283,22.830038,5936.655861450,5936.655861450,11313,15838200,0.000000
2284,22.840014,5936.665837067,5936.665837067,11318,15845200,0.000000
2285,22.850079,5936.675902093,5936.675902093,11323,15852200,0.000000
2286,22.860075,5936.685898183,5936.685898183,11327,15857800,0.000000
2287,22.870072,5936.695895329,5936.695895329,11332,15864800,0.000000
2288,22.880065,5936.705888939,5936.705888939,11337,15871800,0.000000
2289,22.890068,5936.715891464,5936.715891464,11342,15878800,0.000000
2290,22.900058,5936.725881273,5936.725881273,11347,15885800,0.000000
2291,22.910068,5936.735891591,5936.735891591,11352,15892800,0.000000
2292,22.920068,5936.745891371,5936.745891371,11357,15899800,0.000000
2293,22.930031,5936.755854227,5936.755854227,11362,15906800,0.000000
2294,22.940041,5936.765864023,5936.765864023,11367,15913800,0.000000
2295,22.950079,5936.775902257,5936.775902257,11372,15920800,0.000000
2296,22.960066,5936.785889229,5936.785889229,11377,15927800,0.000000
2297,22.970069,5936.795892174,5936.795892174,11382,15934800,0.000000
2298,22.980065,5936.805888399,5936.805888399,11387,15941800,0.000000
2299,22.990069,5936.815892890,5936.815892890,11392,15948800,0.000000
2300,23.000072,5936.825895777,5936.825895777,11397,15955800,0.000000
2301,23.010064,5936.835887443,5936.835887443,11402,15962800,0.000000
2302,23.020065,5936.845887993,5936.845887993,11407,15969800,0.000000
2303,23.030066,5936.855889213,5936.855889213,11412,15976800,0.000000
2304,23.040065,5936.865888621,5936.865888621,11417,15983800,0.000000
2305,23.050063,5936.875886682,5936.875886682,11422,15990800,0.000000
2306,23.060062,5936.885885694,5936.885885694,11427,15997800,0.000000
2307,23.070052,5936.895875604,5936.895875604,11432,16004800,0.000000
2308,23.080065,5936.905888040,5936.905888040,11436,16010400,0.000000
2309,23.090071,5936.915894391,5936.915894391,11441,16017400,0.000000
2310,23.100072,5936.925895597,5936.925895597,11446,16024400,0.000000
2311,23.110072,5936.935895123,5936.935895123,11451,16031400,0.000000
2312,23.120011,5936.945834738,5936.945834738,11456,16038400,0.000000
2313,23.130070,5936.955893284,5936.955893284,11461,16045400,0.000000
2314,23.140065,5936.965888710,5936.965888710,11466,16052400,0.000000
2315,23.150030,5936.975853422,5936.975853422,11471,16059400,0.000000
2316,23.160066,5936.985889574,5936.985889574,11476,16066400,0.000000
2317,23.170066,5936.995889524,5936.995889524,11481,16073400,0.000000
2318,23.180063,5937.005886316,5937.005886316,11486,16080400,0.000000
2319,23.190076,5937.015899391,5937.015899391,11491,16087400,0.000000
2320,23.200066,5937.025889389,5937.025889389,11496,16094400,0.000000
2321,23.210066,5937.035889276,5937.035889276,11501,16101400,0.000000
2322,23.220071,5937.045894507,5937.045894507,11506,16108400,0.000000
2323,23.230069,5937.055892357,5937.055892357,11511,16115400,0.000000
2324,23.240065,5937.065888434,5937.065888434,11516,16122400,0.000000
2325,23.250067,5937.075890433,5937.075890433,11521,16129400,0.000000
2326,23.260066,5937.085889601,5937.085889601,11526,16136400,0.000000
2327,23.270058,5937.095881557,5937.095881557,11531,16143400,0.000000
2328,23.280039,5937.105862537,5937.105862537,11536,16150400,0.000000
2329,23.290061,5937.115884417,5937.115884417,11541,16157400,0.000000
2330,23.300081,5937.125904954,5937.125904954,11546,16164400,0.000000
2331,23.310065,5937.135888162,5937.135888162,11550,16170000,0.000000
2332,23.320056,5937.145879706,5937.145879706,11555,16177000,0.000000
2333,23.330010,5937.155833407,5937.155833407,11560,16184000,0.000000
2334,23.340061,5937.165884004,5937.165884004,11565,16191000,0.000000
2335,23.350060,5937.175883889,5937.175883889,11570,16198000,0.000000
2336,23.360062,5937.185885384,5937.185885384,11575,16205000,0.000000
2337,23.370063,5937.195886678,5937.195886678,11580,16212000,0.000000
2338,23.380042,5937.205865110,5937.205865110,11585,16219000,0.000000
2339,23.390030,5937.215853336,5937.215853336,11590,16226000,0.000000
2340,23.400074,5937.225897035,5937.225897035,11595,16233000,0.000000
2341,23.410069,5937.235892245,5937.235892245,11600,16240000,0.000000
2342,23.420062,5937.245885549,5937.245885549,11605,16247000,0.000000
2343,23.430065,5937.255888896,5937.255888896,11610,16254000,0.000000
2344,23.440064,5937.265887841,5937.265887841,11615,16261000,0.000000
2345,23.450065,5937.275888932,5937.275888932,11620,16268000,0.000000
2346,23.460069,5937.285892540,5937.285892540,11625,16275000,0.000000
2347,23.470074,5937.295897344,5937.295897344,11630,16282000,0.000000
2348,23.480069,5937.305891987,5937.305891987,11635,16289000,0.000000
2349,23.490069,5937.315892183,5937.315892183,11640,16296000,0.000000
2350,23.500026,5937.325849909,5937.325849909,11645,16303000,0.000000
2351,23.510061,5937.335884068,5937.335884068,11650,16310000,0.000000
2352,23.520079,5937.345902725,5937.345902725,11655,16317000,0.000000
2353,23.530072,5937.355895205,5937.355895205,11659,16322600,0.000000
2354,23.540068,5937.365891018,5937.365891018,11664,16329600,0.000000
2355,23.550065,5937.375888468,5937.375888468,11669,16336600,0.000000
2356,23.560065,5937.385888967,5937.385888967,11674,16343600,0.000000
2357,23.570066,5937.395889926,5937.395889926,11679,16350600,0.000000
2358,23.580070,5937.405893859,5937.405893859,11684,16357600,0.000000
2359,23.590070,5937.415893740,5937.415893740,11689,16364600,0.000000
2360,23.600061,5937.425884141,5937.425884141,11694,16371600,0.000000
2361,23.610043,5937.435866858,5937.435866858,11699,16378600,0.000000
2362,23.620077,5937.445900774,5937.445900774,11704,16385600,0.000000
2363,23.630064,5937.455887085,5937.455887085,11709,16392600,0.000000
2364,23.640064,5937.465887875,5937.465887875,11714,16399600,0.000000
2365,23.650065,5937.475888008,5937.475888008,11719,16406600,0.000000
2366,23.660065,5937.485888389,5937.485888389,11724,16413600,0.000000
2367,23.670067,5937.495890122,5937.495890122,11729,16420600,0.000000
2368,23.680083,5937.505906253,5937.505906253,11734,16427600,0.000000
2369,23.690063,5937.515885995,5937.515885995,11739,16434600,0.000000
2370,23.700061,5937.525884509,5937.525884509,11744,16441600,0.000000
2371,23.710062,5937.535885770,5937.535885770,11749,16448600,0.000000
2372,23.720063,5937.545886438,5937.545886438,11754,16455600,0.000000
2373,23.730060,5937.555883732,5937.555883732,11759,16462600,0.000000
2374,23.740046,5937.565869715,5937.565869715,11764,16469600,0.000000
2375,23.750080,5937.575903040,5937.575903040,11769,16476600,0.000000
2376,23.760072,5937.585895925,5937.585895925,11773,16482200,0.000000
2377,23.770067,5937.595890090,5937.595890090,11778,16489200,0.000000
2378,23.780069,5937.605892346,5937.605892346,11783,16496200,0.000000
2379,23.790065,5937.615888196,5937.615888196,11788,16503200,0.000000
2380,23.800073,5937.625896190,5937.625896190,11793,16510200,0.000000
2381,23.810030,5937.635853520,5937.635853520,11798,16517200,0.000000
2382,23.820065,5937.645888820,5937.645888820,11803,16524200,0.000000
2383,23.830063,5937.655886425,5937.655886425,11808,16531200,0.000000
2384,23.840046,5937.665869026,5937.665869026,11813,16538200,0.000000
2385,23.850069,5937.675892487,5937.675892487,11818,16545200,0.000000
2386,23.860067,5937.685890128,5937.685890128,11823,16552200,0.000000
2387,23.870069,5937.695891986,5937.695891986,11828,16559200,0.000000
2388,23.880064,5937.705887056,5937.705887056,11833,16566200,0.000000
2389,23.890042,5937.715865418,5937.715865418,11838,16573200,0.000000
2390,23.900059,5937.725882026,5937.725882026,11843,16580200,0.000000
2391,23.910062,5937.735885799,5937.735885799,11848,16587200,0.000000
2392,23.920059,5937.745882030,5937.745882030,11853,16594200,0.000000
2393,23.930062,5937.755885410,5937.755885410,11858,16601200,0.000000
2394,23.940063,5937.765886393,5937.765886393,11863,16608200,0.000000
2395,23.950032,5937.775855508,5937.775855508,11868,16615200,0.000000
2396,23.960005,5937.785828531,5937.785828531,11873,16622200,0.000000
2397,23.970072,5937.795895672,5937.795895672,11878,16629200,0.000000
2398,23.980072,5937.805895582,5937.805895582,11882,16634800,0.000000
2399,23.990065,5937.815888624,5937.815888624,11887,16641800,0.000000
2400,24.000069,5937.825892730,5937.825892730,11892,16648800,0.000000
2401,24.010066,5937.835889003,5937.835889003,11897,16655800,0.000000
2402,24.020074,5937.845897559,5937.845897559,11902,16662800,0.000000
2403,24.030020,5937.855843064,5937.855843064,11907,16669800,0.000000
2404,24.040091,5937.865914637,5937.865914637,11912,16676800,0.000000
2405,24.050069,5937.875892748,5937.875892748,11917,16683800,0.000000
2406,24.060067,5937.885890634,5937.885890634,11922,16690800,0.000000
2407,24.070060,5937.895883523,5937.895883523,11927,16697800,0.000000
2408,24.080068,5937.905891562,5937.905891562,11932,16704800,0.000000
2409,24.090067,5937.915890697,5937.915890697,11937,16711800,0.000000
2410,24.100067,5937.925890945,5937.925890945,11942,16718800,0.000000
2411,24.110064,5937.935887445,5937.935887445,11947,16725800,0.000000
2412,24.120067,5937.945890119,5937.945890119,11952,16732800,0.000000
2413,24.130085,5937.955908788,5937.955908788,11957,16739800,0.000000
2414,24.140063,5937.965886907,5937.965886907,11962,16746800,0.000000
2415,24.150062,5937.975885879,5937.975885879,11967,16753800,0.000000
2416,24.160058,5937.985881110,5937.985881110,11972,16760800,0.000000
2417,24.170061,5937.995884653,5937.995884653,11977,16767800,0.000000
2418,24.180057,5938.005880871,5938.005880871,11982,16774800,0.000000
2419,24.190079,5938.015902230,5938.015902230,11987,16781800,0.000000
2420,24.200070,5938.025893628,5938.025893628,11991,16787400,0.000000
2421,24.210065,5938.035888794,5938.035888794,11996,16794400,0.000000
2422,24.220079,5938.045902004,5938.045902004,12001,16801400,0.000000
2423,24.230064,5938.055887300,5938.055887300,12006,16808400,0.000000
2424,24.240065,5938.065888203,5938.065888203,12011,16815400,0.000000
2425,24.250066,5938.075889874,5938.075889874,12016,16822400,0.000000
2426,24.260067,5938.085890632,5938.085890632,12021,16829400,0.000000
2427,24.270073,5938.095896396,5938.095896396,12026,16836400,0.000000
2428,24.280067,5938.105890434,5938.105890434,12031,16843400,0.000000
2429,24.290066,5938.115889699,5938.115889699,12036,16850400,0.000000
2430,24.300068,5938.125891196,5938.125891196,12041,16857400,0.000000
2431,24.310076,5938.135899566,5938.135899566,12046,16864400,0.000000
2432,24.320068,5938.145891359,5938.145891359,12051,16871400,0.000000
2433,24.330063,5938.155886513,5938.155886513,12056,16878400,0.000000
2434,24.340065,5938.165888585,5938.165888585,12061,16885400,0.000000
2435,24.350063,5938.175886723,5938.175886723,12066,16892400,0.000000
2436,24.360059,5938.185882263,5938.185882263,12071,16899400,0.000000
2437,24.370059,5938.195882095,5938.195882095,12076,16906400,0.000000
2438,24.380058,5938.205881339,5938.205881339,12081,16913400,0.000000
2439,24.390062,5938.215885619,5938.215885619,12086,16920400,0.000000
2440,24.400059,5938.225882153,5938.225882153,12091,16927400,0.000000
2441,24.410024,5938.235847760,5938.235847760,12096,16934400,0.000000
2442,24.420078,5938.245901521,5938.245901521,12101,16941400,0.000000
2443,24.430069,5938.255892054,5938.255892054,12105,16947000,0.000000
2444,24.440062,5938.265885543,5938.265885543,12110,16954000,0.000000
2445,24.450066,5938.275889865,5938.275889865,12115,16961000,0.000000
2446,24.460096,5938.285919555,5938.285919555,12120,16968000,0.000000
2447,24.470068,5938.295891513,5938.295891513,12125,16975000,0.000000
2448,24.480072,5938.305895231,5938.305895231,12130,16982000,0.000000
2449,24.490064,5938.315887926,5938.315887926,12135,16989000,0.000000
2450,24.500061,5938.325884927,5938.325884927,12140,16996000,0.000000
2451,24.510046,5938.335869304,5938.335869304,12145,17003000,0.000000
2452,24.520064,5938.345887405,5938.345887405,12150,17010000,0.000000
2453,24.530064,5938.355887825,5938.355887825,12155,17017000,0.000000
2454,24.540064,5938.365887368,5938.365887368,12160,17024000,0.000000
2455,24.550064,5938.375887745,5938.375887745,12165,17031000,0.000000
2456,24.560062,5938.385885869,5938.385885869,12170,17038000,0.000000
2457,24.570080,5938.395903279,5938.395903279,12175,17045000,0.000000
2458,24.580058,5938.405881092,5938.405881092,12180,17052000,0.000000
2459,24.590069,5938.415892748,5938.415892748,12185,17059000,0.000000
2460,24.600064,5938.425886981,5938.425886981,12190,17066000,0.000000
2461,24.610066,5938.435889129,5938.435889129,12195,17073000,0.000000
2462,24.620014,5938.445837163,5938.445837163,12200,17080000,0.000000
2463,24.630069,5938.455892027,5938.455892027,12205,17087000,0.000000
2464,24.640075,5938.465898300,5938.465898300,12210,17094000,0.000000
2465,24.650069,5938.475892928,5938.475892928,12214,17099600,0.000000
2466,24.660069,5938.485892863,5938.485892863,12219,17106600,0.000000
2467,24.670069,5938.495892091,5938.495892091,12224,17113600,0.000000
2468,24.680085,5938.505908289,5938.505908289,12229,17120600,0.000000
2469,24.690067,5938.515890054,5938.515890054,12234,17127600,0.000000
2470,24.700062,5938.525885285,5938.525885285,12239,17134600,0.000000
2471,24.710072,5938.535895001,5938.535895001,12244,17141600,0.000000
2472,24.720060,5938.545883504,5938.545883504,12249,17148600,0.000000
2473,24.730070,5938.555893762,5938.555893762,12254,17155600,0.000000
2474,24.740065,5938.565888026,5938.565888026,12259,17162600,0.000000
2475,24.750072,5938.575895545,5938.575895545,12264,17169600,0.000000
2476,24.760076,5938.585899136,5938.585899136,12269,17176600,0.000000
2477,24.770064,5938.595887821,5938.595887821,12274,17183600,0.000000
2478,24.780063,5938.605886081,5938.605886081,12279,17190600,0.000000
2479,24.790060,5938.615883749,5938.615883749,12284,17197600,0.000000
2480,24.800065,5938.625887986,5938.625887986,12289,17204600,0.000000
2481,24.810069,5938.635892003,5938.635892003,12294,17211600,0.000000
2482,24.820071,5938.645894472,5938.645894472,12299,17218600,0.000000
2483,24.830063,5938.655885972,5938.655885972,12304,17225600,0.000000
2484,24.840058,5938.665881643,5938.665881643,12309,17232600,0.000000
2485,24.850072,5938.675895638,5938.675895638,12314,17239600,0.000000
2486,24.860001,5938.685824720,5938.685824720,12319,17246600,0.000000
2487,24.870075,5938.695898547,5938.695898547,12324,17253600,0.000000
2488,24.880065,5938.705888879,5938.705888879,12328,17259200,0.000000
2489,24.890075,5938.715898459,5938.715898459,12333,17266200,0.000000
2490,24.900064,5938.725887848,5938.725887848,12338,17273200,0.000000
2491,24.910059,5938.735882001,5938.735882001,12343,17280200,0.000000
2492,24.920060,5938.745883649,5938.745883649,12348,17287200,0.000000
2493,24.930056,5938.755879600,5938.755879600,12353,17294200,0.000000
2494,24.940071,5938.765894051,5938.765894051,12358,17301200,0.000000
2495,24.950067,5938.775890026,5938.775890026,12363,17308200,0.000000
2496,24.960065,5938.785888896,5938.785888896,12368,17315200,0.000000
2497,24.970063,5938.795886719,5938.795886719,12373,17322200,0.000000
2498,24.980061,5938.805884410,5938.805884410,12378,17329200,0.000000
2499,24.990079,5938.815902039,5938.815902039,12383,17336200,0.000000
2500,25.000062,5938.825884995,5938.825884995,12388,17343200,0.000000
2501,25.010076,5938.835899764,5938.835899764,12393,17350200,0.000000
2502,25.020064,5938.845887490,5938.845887490,12398,17357200,0.000000
2503,25.030059,5938.855882250,5938.855882250,12403,17364200,0.000000
2504,25.040059,5938.865882850,5938.865882850,12408,17371200,0.000000
2505,25.050065,5938.875888133,5938.875888133,12413,17378200,0.000000
2506,25.060059,5938.885882228,5938.885882228,12418,17385200,0.000000
2507,25.070037,5938.895860314,5938.895860314,12423,17392200,0.000000
2508,25.080057,5938.905880774,5938.905880774,12428,17399200,0.000000
2509,25.090071,5938.915894732,5938.915894732,12433,17406200,0.000000
2510,25.100081,5938.925904524,5938.925904524,12437,17411800,0.000000
2511,25.110069,5938.935892145,5938.935892145,12442,17418800,0.000000
2512,25.120060,5938.945883733,5938.945883733,12447,17425800,0.000000
2513,25.130059,5938.955882675,5938.955882675,12452,17432800,0.000000
2514,25.140020,5938.965843897,5938.965843897,12457,17439800,0.000000
2515,25.150032,5938.975855096,5938.975855096,12462,17446800,0.000000
2516,25.160067,5938.985890026,5938.985890026,12467,17453800,0.000000
2517,25.170068,5938.995890998,5938.995890998,12472,17460800,0.000000
2518,25.180062,5939.005885065,5939.005885065,12477,17467800,0.000000
2519,25.190065,5939.015888343,5939.015888343,12482,17474800,0.000000
2520,25.200064,5939.025887325,5939.025887325,12487,17481800,0.000000
2521,25.210082,5939.035905668,5939.035905668,12492,17488800,0.000000
2522,25.220064,5939.045887525,5939.045887525,12497,17495800,0.000000
2523,25.230059,5939.055882644,5939.055882644,12502,17502800,0.000000
2524,25.240059,5939.065882506,5939.065882506,12507,17509800,0.000000
2525,25.250063,5939.075886792,5939.075886792,12512,17516800,0.000000
2526,25.260063,5939.085886437,5939.085886437,12517,17523800,0.000000
2527,25.270059,5939.095882324,5939.095882324,12522,17530800,0.000000
2528,25.280086,5939.105909772,5939.105909772,12527,17537800,0.000000
2529,25.290069,5939.115892600,5939.115892600,12532,17544800,0.000000
2530,25.300058,5939.125881244,5939.125881244,12537,17551800,0.000000
2531,25.310057,5939.135880753,5939.135880753,12542,17558800,0.000000
2532,25.320070,5939.145893144,5939.145893144,12546,17564400,0.000000
2533,25.330066,5939.155889506,5939.155889506,12551,17571400,0.000000
2534,25.340066,5939.165888976,5939.165888976,12556,17578400,0.000000
2535,25.350070,5939.175893879,5939.175893879,12561,17585400,0.000000
2536,25.360064,5939.185887705,5939.185887705,12566,17592400,0.000000
2537,25.370067,5939.195890372,5939.195890372,12571,17599400,0.000000
2538,25.380068,5939.205891911,5939.205891911,12576,17606400,0.000000
2539,25.390067,5939.215890686,5939.215890686,12581,17613400,0.000000
2540,25.400076,5939.225899196,5939.225899196,12586,17620400,0.000000
2541,25.410067,5939.235890446,5939.235890446,12591,17627400,0.000000
2542,25.420073,5939.245896758,5939.245896758,12596,17634400,0.000000
2543,25.430070,5939.255893331,5939.255893331,12601,17641400,0.000000
2544,25.440072,5939.265895218,5939.265895218,12606,17648400,0.000000
2545,25.450063,5939.275886543,5939.275886543,12611,17655400,0.000000
2546,25.460038,5939.285861912,5939.285861912,12616,17662400,0.000000
2547,25.470064,5939.295887399,5939.295887399,12621,17669400,0.000000
2548,25.480068,5939.305891104,5939.305891104,12626,17676400,0.000000
2549,25.490063,5939.315886569,5939.315886569,12631,17683400,0.000000
2550,25.500063,5939.325886828,5939.325886828,12636,17690400,0.000000
2551,25.510058,5939.335881874,5939.335881874,12641,17697400,0.000000
2552,25.520014,5939.345837577,5939.345837577,12646,17704400,0.000000
2553,25.530040,5939.355863476,5939.355863476,12651,17711400,0.000000
2554,25.540077,5939.365900014,5939.365900014,12656,17718400,0.000000
2555,25.550072,5939.375895039,5939.375895039,12660,17724000,0.000000
2556,25.560082,5939.385904991,5939.385904991,12665,17731000,0.000000
2557,25.570070,5939.395893374,5939.395893374,12670,17738000,0.000000
2558,25.580066,5939.405889334,5939.405889334,12675,17745000,0.000000
2559,25.590069,5939.415892049,5939.415892049,12680,17752000,0.000000
2560,25.600068,5939.425891411,5939.425891411,12685,17759000,0.000000
2561,25.610068,5939.435891887,5939.435891887,12690,17766000,0.000000
2562,25.620068,5939.445891224,5939.445891224,12695,17773000,0.000000
2563,25.630050,5939.455873270,5939.455873270,12700,17780000,0.000000
2564,25.640028,5939.465851227,5939.465851227,12705,17787000,0.000000
2565,25.650066,5939.475889271,5939.475889271,12710,17794000,0.000000
2566,25.660071,5939.485894188,5939.485894188,12715,17801000,0.000000
2567,25.670064,5939.495887269,5939.495887269,12720,17808000,0.000000
2568,25.680064,5939.505887210,5939.505887210,12725,17815000,0.000000
2569,25.690073,5939.515896011,5939.515896011,12730,17822000,0.000000
2570,25.700037,5939.525860195,5939.525860195,12735,17829000,0.000000
2571,25.710065,5939.535888633,5939.535888633,12740,17836000,0.000000
2572,25.720060,5939.545883211,5939.545883211,12745,17843000,0.000000
2573,25.730065,5939.555888660,5939.555888660,12750,17850000,0.000000
2574,25.740009,5939.565832823,5939.565832823,12755,17857000,0.000000
2575,25.750010,5939.575833107,5939.575833107,12760,17864000,0.000000
2576,25.760072,5939.585895554,5939.585895554,12765,17871000,0.000000
2577,25.770066,5939.595889021,5939.595889021,12769,17876600,0.000000
2578,25.780086,5939.605909942,5939.605909942,12774,17883600,0.000000
2579,25.790068,5939.615891831,5939.615891831,12779,17890600,0.000000
2580,25.800080,5939.625903490,5939.625903490,12784,17897600,0.000000
2581,25.810081,5939.635904070,5939.635904070,12789,17904600,0.000000
2582,25.820073,5939.645896680,5939.645896680,12794,17911600,0.000000
2583,25.830066,5939.655889472,5939.655889472,12799,17918600,0.000000
2584,25.840071,5939.665894259,5939.665894259,12804,17925600,0.000000
2585,25.850068,5939.675891296,5939.675891296,12809,17932600,0.000000
2586,25.860069,5939.685892670,5939.685892670,12814,17939600,0.000000
2587,25.870067,5939.695890108,5939.695890108,12819,17946600,0.000000
2588,25.880080,5939.705903570,5939.705903570,12824,17953600,0.000000
2589,25.890080,5939.715903669,5939.715903669,12829,17960600,0.000000
2590,25.900064,5939.725887346,5939.725887346,12834,17967600,0.000000
2591,25.910060,5939.735883348,5939.735883348,12839,17974600,0.000000
2592,25.920067,5939.745890258,5939.745890258,12844,17981600,0.000000
2593,25.930069,5939.755892270,5939.755892270,12849,17988600,0.000000
2594,25.940064,5939.765887289,5939.765887289,12854,17995600,0.000000
2595,25.950063,5939.775886213,5939.775886213,12859,18002600,0.000000
2596,25.960059,5939.785882877,5939.785882877,12864,18009600,0.000000
2597,25.970058,5939.795881633,5939.795881633,12869,18016600,0.000000
2598,25.980037,5939.805860020,5939.805860020,12874,18023600,0.000000
2599,25.990051,5939.815874823,5939.815874823,12878,18029200,0.000000
2600,26.000071,5939.825894889,5939.825894889,12883,18036200,0.000000
2601,26.010066,5939.835889220,5939.835889220,12888,18043200,0.000000
2602,26.020069,5939.845892622,5939.845892622,12893,18050200,0.000000
2603,26.030068,5939.855891029,5939.855891029,12898,18057200,0.000000
2604,26.040065,5939.865888348,5939.865888348,12903,18064200,0.000000
2605,26.050063,5939.875886081,5939.875886081,12908,18071200,0.000000
2606,26.060068,5939.885891628,5939.885891628,12913,18078200,0.000000
2607,26.070068,5939.895891139,5939.895891139,12918,18085200,0.000000
2608,26.080046,5939.905869184,5939.905869184,12923,18092200,0.000000
2609,26.090066,5939.915889739,5939.915889739,12928,18099200,0.000000
2610,26.100064,5939.925887665,5939.925887665,12933,18106200,0.000000
2611,26.110064,5939.935887592,5939.935887592,12938,18113200,0.000000
2612,26.120064,5939.945887501,5939.945887501,12943,18120200,0.000000
2613,26.130062,5939.955885442,5939.955885442,12948,18127200,0.000000
2614,26.140067,5939.965889974,5939.965889974,12953,18134200,0.000000
2615,26.150085,5939.975908400,5939.975908400,12958,18141200,0.000000
2616,26.160082,5939.985905959,5939.985905959,12963,18148200,0.000000
2617,26.170064,5939.995887902,5939.995887902,12968,18155200,0.000000
2618,26.180078,5940.005901039,5940.005901039,12973,18162200,0.000000
2619,26.190029,5940.015852157,5940.015852157,12978,18169200,0.000000
2620,26.200005,5940.025828204,5940.025828204,12983,18176200,0.000000
2621,26.210074,5940.035897168,5940.035897168,12988,18183200,0.000000
2622,26.220067,5940.045890270,5940.045890270,12992,18188800,0.000000
2623,26.230066,5940.055889161,5940.055889161,12997,18195800,0.000000
2624,26.240072,5940.065895811,5940.065895811,13002,18202800,0.000000
2625,26.250062,5940.075885456,5940.075885456,13007,18209800,0.000000
2626,26.260073,5940.085896023,5940.085896023,13012,18216800,0.000000
2627,26.270064,5940.095887136,5940.095887136,13017,18223800,0.000000
2628,26.280060,5940.105883297,5940.105883297,13022,18230800,0.000000
2629,26.290065,5940.115888345,5940.115888345,13027,18237800,0.000000
2630,26.300070,5940.125893169,5940.125893169,13032,18244800,0.000000
2631,26.310073,5940.135895986,5940.135895986,13037,18251800,0.000000
2632,26.320070,5940.145893257,5940.145893257,13042,18258800,0.000000
2633,26.330070,5940.155893232,5940.155893232,13047,18265800,0.000000
2634,26.340070,5940.165893292,5940.165893292,13052,18272800,0.000000
2635,26.350064,5940.175887240,5940.175887240,13057,18279800,0.000000
2636,26.360063,5940.185886179,5940.185886179,13062,18286800,0.000000
2637,26.370062,5940.195885410,5940.195885410,13067,18293800,0.000000
2638,26.380065,5940.205888884,5940.205888884,13072,18300800,0.000000
2639,26.390083,5940.215906669,5940.215906669,13077,18307800,0.000000
2640,26.400064,5940.225887643,5940.225887643,13082,18314800,0.000000
2641,26.410062,5940.235885520,5940.235885520,13087,18321800,0.000000
2642,26.420083,5940.245906162,5940.245906162,13092,18328800,0.000000
2643,26.430058,5940.255881922,5940.255881922,13097,18335800,0.000000
2644,26.440070,5940.265893530,5940.265893530,13101,18341400,0.000000
2645,26.450066,5940.275889315,5940.275889315,13106,18348400,0.000000
2646,26.460066,5940.285889271,5940.285889271,13111,18355400,0.000000
2647,26.470066,5940.295889899,5940.295889899,13116,18362400,0.000000
2648,26.480068,5940.305891189,5940.305891189,13121,18369400,0.000000
2649,26.490063,5940.315886548,5940.315886548,13126,18376400,0.000000
2650,26.500061,5940.325884550,5940.325884550,13131,18383400,0.000000
2651,26.510064,5940.335887053,5940.335887053,13136,18390400,0.000000
2652,26.520067,5940.345890654,5940.345890654,13141,18397400,0.000000
2653,26.530065,5940.355888421,5940.355888421,13146,18404400,0.000000
2654,26.540069,5940.365892777,5940.365892777,13151,18411400,0.000000
2655,26.550066,5940.375889146,5940.375889146,13156,18418400,0.000000
2656,26.560083,5940.385905969,5940.385905969,13161,18425400,0.000000
2657,26.570067,5940.395890515,5940.395890515,13166,18432400,0.000000
2658,26.580068,5940.405891675,5940.405891675,13171,18439400,0.000000
2659,26.590064,5940.415887918,5940.415887918,13176,18446400,0.000000
2660,26.600065,5940.425888168,5940.425888168,13181,18453400,0.000000
2661,26.610060,5940.435883527,5940.435883527,13186,18460400,0.000000
2662,26.620062,5940.445885288,5940.445885288,13191,18467400,0.000000
2663,26.630062,5940.455885546,5940.455885546,13196,18474400,0.000000
2664,26.640051,5940.465874727,5940.465874727,13201,18481400,0.000000
2665,26.650024,5940.475847840,5940.475847840,13206,18488400,0.000000
2666,26.660076,5940.485899923,5940.485899923,13211,18495400,0.000000
2667,26.670035,5940.495858871,5940.495858871,13215,18501000,0.000000
2668,26.680066,5940.505889772,5940.505889772,13220,18508000,0.000000
2669,26.690065,5940.515888743,5940.515888743,13225,18515000,0.000000
2670,26.700071,5940.525894697,5940.525894697,13230,18522000,0.000000
2671,26.710070,5940.535893831,5940.535893831,13235,18529000,0.000000
2672,26.720067,5940.545890336,5940.545890336,13240,18536000,0.000000
2673,26.730066,5940.555889131,5940.555889131,13245,18543000,0.000000
2674,26.740071,5940.565894019,5940.565894019,13250,18550000,0.000000
2675,26.750067,5940.575890376,5940.575890376,13255,18557000,0.000000
2676,26.760066,5940.585889515,5940.585889515,13260,18564000,0.000000
2677,26.770070,5940.595893651,5940.595893651,13265,18571000,0.000000
2678,26.780064,5940.605887709,5940.605887709,13270,18578000,0.000000
2679,26.790065,5940.615888353,5940.615888353,13275,18585000,0.000000
2680,26.800065,5940.625888511,5940.625888511,13280,18592000,0.000000
2681,26.810063,5940.635886606,5940.635886606,13285,18599000,0.000000
2682,26.820063,5940.645886905,5940.645886905,13290,18606000,0.000000
2683,26.830063,5940.655886171,5940.655886171,13295,18613000,0.000000
2684,26.840059,5940.665882032,5940.665882032,13300,18620000,0.000000
2685,26.850063,5940.675886220,5940.675886220,13305,18627000,0.000000
2686,26.860024,5940.685847213,5940.685847213,13310,18634000,0.000000
2687,26.870058,5940.695880974,5940.695880974,13315,18641000,0.000000
2688,26.880072,5940.705895781,5940.705895781,13320,18648000,0.000000
2689,26.890063,5940.715886397,5940.715886397,13324,18653600,0.000000
2690,26.900063,5940.725886802,5940.725886802,13329,18660600,0.000000
2691,26.910064,5940.735887939,5940.735887939,13334,18667600,0.000000
2692,26.920066,5940.745889208,5940.745889208,13339,18674600,0.000000
2693,26.930071,5940.755894497,5940.755894497,13344,18681600,0.000000
2694,26.940065,5940.765888939,5940.765888939,13349,18688600,0.000000
2695,26.950065,5940.775888384,5940.775888384,13354,18695600,0.000000
2696,26.960065,5940.785888383,5940.785888383,13359,18702600,0.000000
2697,26.970073,5940.795896955,5940.795896955,13364,18709600,0.000000
2698,26.980070,5940.805893177,5940.805893177,13369,18716600,0.000000
2699,26.990070,5940.815893014,5940.815893014,13374,18723600,0.000000
2700,27.000069,5940.825892084,5940.825892084,13379,18730600,0.000000
2701,27.010066,5940.835889506,5940.835889506,13384,18737600,0.000000
2702,27.020067,5940.845890506,5940.845890506,13389,18744600,0.000000
2703,27.030067,5940.855890254,5940.855890254,13394,18751600,0.000000
2704,27.040075,5940.865898513,5940.865898513,13399,18758600,0.000000
2705,27.050069,5940.875892581,5940.875892581,13404,18765600,0.000000
2706,27.060063,5940.885886491,5940.885886491,13409,18772600,0.000000
2707,27.070064,5940.895887964,5940.895887964,13414,18779600,0.000000
2708,27.080071,5940.905894395,5940.905894395,13419,18786600,0.000000
2709,27.090059,5940.915882770,5940.915882770,13424,18793600,0.000000
2710,27.100021,5940.925844520,5940.925844520,13429,18800600,0.000000
2711,27.110080,5940.935903356,5940.935903356,13434,18807600,0.000000
2712,27.120045,5940.945868233,5940.945868233,13438,18813200,0.000000
2713,27.130063,5940.955886722,5940.955886722,13443,18820200,0.000000
2714,27.140065,5940.965888442,5940.965888442,13448,18827200,0.000000
2715,27.150065,5940.975888480,5940.975888480,13453,18834200,0.000000
2716,27.160074,5940.985897724,5940.985897724,13458,18841200,0.000000
2717,27.170069,5940.995892672,5940.995892672,13463,18848200,0.000000
2718,27.180068,5941.005891603,5941.005891603,13468,18855200,0.000000
2719,27.190081,5941.015904435,5941.015904435,13473,18862200,0.000000
2720,27.200057,5941.025880879,5941.025880879,13478,18869200,0.000000
2721,27.210068,5941.035891482,5941.035891482,13483,18876200,0.000000
2722,27.220068,5941.045891350,5941.045891350,13488,18883200,0.000000
2723,27.230065,5941.055888817,5941.055888817,13493,18890200,0.000000
2724,27.240064,5941.065887268,5941.065887268,13498,18897200,0.000000
2725,27.251216,5941.077039222,5941.077039222,13503,18904200,0.000000
2726,27.260059,5941.085882598,5941.085882598,13508,18911200,0.000000
2727,27.270066,5941.095889080,5941.095889080,13513,18918200,0.000000
2728,27.280074,5941.105897383,5941.105897383,13518,18925200,0.000000
2729,27.290068,5941.115891774,5941.115891774,13523,18932200,0.000000
2730,27.300063,5941.125886336,5941.125886336,13528,18939200,0.000000
2731,27.310026,5941.135849764,5941.135849764,13533,18946200,0.000000
2732,27.320009,5941.145832668,5941.145832668,13538,18953200,0.000000
2733,27.330085,5941.155908085,5941.155908085,13543,18960200,0.000000
2734,27.340065,5941.165888218,5941.165888218,13547,18965800,0.000000
2735,27.350067,5941.175890127,5941.175890127,13552,18972800,0.000000
2736,27.360068,5941.185891401,5941.185891401,13557,18979800,0.000000
2737,27.370072,5941.195895412,5941.195895412,13562,18986800,0.000000
2738,27.380080,5941.205903261,5941.205903261,13567,18993800,0.000000
2739,27.390068,5941.215891085,5941.215891085,13572,19000800,0.000000
2740,27.400066,5941.225889167,5941.225889167,13577,19007800,0.000000
2741,27.410025,5941.235848740,5941.235848740,13582,19014800,0.000000
2742,27.420064,5941.245887058,5941.245887058,13587,19021800,0.000000
2743,27.430067,5941.255890329,5941.255890329,13592,19028800,0.000000
2744,27.440069,5941.265892344,5941.265892344,13597,19035800,0.000000
2745,27.450070,5941.275893571,5941.275893571,13602,19042800,0.000000
2746,27.460068,5941.285891018,5941.285891018,13607,19049800,0.000000
2747,27.470063,5941.295886877,5941.295886877,13612,19056800,0.000000
2748,27.480067,5941.305890829,5941.305890829,13617,19063800,0.000000
2749,27.490062,5941.315885128,5941.315885128,13622,19070800,0.000000
2750,27.500064,5941.325887776,5941.325887776,13627,19077800,0.000000
2751,27.510064,5941.335887430,5941.335887430,13632,19084800,0.000000
2752,27.520066,5941.345889634,5941.345889634,13637,19091800,0.000000
2753,27.530062,5941.355885344,5941.355885344,13642,19098800,0.000000
2754,27.540062,5941.365885313,5941.365885313,13647,19105800,0.000000
2755,27.550062,5941.375885699,5941.375885699,13652,19112800,0.000000
2756,27.560062,5941.385885174,5941.385885174,13656,19118400,0.000000
2757,27.570073,5941.395896551,5941.395896551,13661,19125400,0.000000
2758,27.580072,5941.405895804,5941.405895804,13666,19132400,0.000000
2759,27.590069,5941.415892271,5941.415892271,13671,19139400,0.000000
2760,27.600066,5941.425889515,5941.425889515,13676,19146400,0.000000
2761,27.610067,5941.435890237,5941.435890237,13681,19153400,0.000000
2762,27.620060,5941.445883711,5941.445883711,13686,19160400,0.000000
2763,27.630066,5941.455889851,5941.455889851,13691,19167400,0.000000
2764,27.640064,5941.465887634,5941.465887634,13696,19174400,0.000000
2765,27.650023,5941.475846494,5941.475846494,13701,19181400,0.000000
2766,27.660064,5941.485887934,5941.485887934,13706,19188400,0.000000
2767,27.670069,5941.495892077,5941.495892077,13711,19195400,0.000000
2768,27.680066,5941.505889701,5941.505889701,13716,19202400,0.000000
2769,27.690059,5941.515882628,5941.515882628,13721,19209400,0.000000
2770,27.700063,5941.525886623,5941.525886623,13726,19216400,0.000000
2771,27.710062,5941.535885939,5941.535885939,13731,19223400,0.000000
2772,27.720064,5941.545887761,5941.545887761,13736,19230400,0.000000
2773,27.730062,5941.555885665,5941.555885665,13741,19237400,0.000000
2774,27.740062,5941.565885659,5941.565885659,13746,19244400,0.000000
2775,27.750062,5941.575885903,5941.575885903,13751,19251400,0.000000
2776,27.760067,5941.585890251,5941.585890251,13756,19258400,0.000000
2777,27.770025,5941.595848078,5941.595848078,13761,19265400,0.000000
2778,27.780078,5941.605901630,5941.605901630,13766,19272400,0.000000
2779,27.790072,5941.615895051,5941.615895051,13770,19278000,0.000000
2780,27.800066,5941.625889833,5941.625889833,13775,19285000,0.000000
2781,27.810038,5941.635861126,5941.635861126,13780,19292000,0.000000
2782,27.820067,5941.645890051,5941.645890051,13785,19299000,0.000000
2783,27.830070,5941.655893864,5941.655893864,13790,19306000,0.000000
2784,27.840070,5941.665893621,5941.665893621,13795,19313000,0.000000
2785,27.850068,5941.675891552,5941.675891552,13800,19320000,0.000000
2786,27.860071,5941.685894639,5941.685894639,13805,19327000,0.000000
2787,27.870075,5941.695898241,5941.695898241,13810,19334000,0.000000
2788,27.880070,5941.705893741,5941.705893741,13815,19341000,0.000000
2789,27.890072,5941.715895768,5941.715895768,13820,19348000,0.000000
2790,27.900067,5941.725890209,5941.725890209,13825,19355000,0.000000
2791,27.910068,5941.735891956,5941.735891956,13830,19362000,0.000000
2792,27.920069,5941.745892272,5941.745892272,13835,19369000,0.000000
2793,27.930069,5941.755891979,5941.755891979,13840,19376000,0.000000
2794,27.940063,5941.765886681,5941.765886681,13845,19383000,0.000000
2795,27.950067,5941.775890194,5941.775890194,13850,19390000,0.000000
2796,27.960065,5941.785888637,5941.785888637,13855,19397000,0.000000
2797,27.970062,5941.795885892,5941.795885892,13860,19404000,0.000000
2798,27.980058,5941.805881386,5941.805881386,13865,19411000,0.000000
2799,27.990065,5941.815888082,5941.815888082,13870,19418000,0.000000
2800,28.000080,5941.825903335,5941.825903335,13875,19425000,0.000000
2801,28.010075,5941.835898188,5941.835898188,13879,19430600,0.000000
2802,28.020069,5941.845892515,5941.845892515,13884,19437600,0.000000
2803,28.030069,5941.855891973,5941.855891973,13889,19444600,0.000000
2804,28.040068,5941.865891585,5941.865891585,13894,19451600,0.000000
2805,28.050063,5941.875886016,5941.875886016,13899,19458600,0.000000
2806,28.060061,5941.885884352,5941.885884352,13904,19465600,0.000000
2807,28.070073,5941.895896264,5941.895896264,13909,19472600,0.000000
2808,28.080062,5941.905885452,5941.905885452,13914,19479600,0.000000
2809,28.090079,5941.915902393,5941.915902393,13919,19486600,0.000000
2810,28.100065,5941.925888198,5941.925888198,13924,19493600,0.000000
2811,28.110066,5941.935889211,5941.935889211,13929,19500600,0.000000
2812,28.120070,5941.945893556,5941.945893556,13934,19507600,0.000000
2813,28.130065,5941.955888590,5941.955888590,13939,19514600,0.000000
2814,28.140068,5941.965891790,5941.965891790,13944,19521600,0.000000
2815,28.150065,5941.975888198,5941.975888198,13949,19528600,0.000000
2816,28.160067,5941.985889968,5941.985889968,13954,19535600,0.000000
2817,28.170065,5941.995888749,5941.995888749,13959,19542600,0.000000
2818,28.180061,5942.005884452,5942.005884452,13964,19549600,0.000000
2819,28.190062,5942.015885333,5942.015885333,13969,19556600,0.000000
2820,28.200062,5942.025885123,5942.025885123,13974,19563600,0.000000
2821,28.210069,5942.035892605,5942.035892605,13979,19570600,0.000000
2822,28.220041,5942.045864706,5942.045864706,13984,19577600,0.000000
2823,28.230075,5942.055898154,5942.055898154,13989,19584600,0.000000
2824,28.240068,5942.065891510,5942.065891510,13993,19590200,0.000000
2825,28.250069,5942.075892315,5942.075892315,13998,19597200,0.000000
2826,28.260064,5942.085887953,5942.085887953,14003,19604200,0.000000
2827,28.270086,5942.095909587,5942.095909587,14008,19611200,0.000000
2828,28.280075,5942.105898935,5942.105898935,14013,19618200,0.000000
2829,28.290073,5942.115896743,5942.115896743,14018,19625200,0.000000
2830,28.300096,5942.125919633,5942.125919633,14023,19632200,0.000000
2831,28.310069,5942.135892048,5942.135892048,14028,19639200,0.000000
2832,28.320093,5942.145916296,5942.145916296,14033,19646200,0.000000
2833,28.330068,5942.155891084,5942.155891084,14038,19653200,0.000000
2834,28.340068,5942.165891336,5942.165891336,14043,19660200,0.000000
2835,28.350074,5942.175897741,5942.175897741,14048,19667200,0.000000
2836,28.360067,5942.185890058,5942.185890058,14053,19674200,0.000000
2837,28.370070,5942.195893154,5942.195893154,14058,19681200,0.000000
2838,28.380070,5942.205893105,5942.205893105,14063,19688200,0.000000
2839,28.390067,5942.215890306,5942.215890306,14068,19695200,0.000000
2840,28.400065,5942.225888064,5942.225888064,14073,19702200,0.000000
2841,28.410064,5942.235887729,5942.235887729,14078,19709200,0.000000
2842,28.420065,5942.245888764,5942.245888764,14083,19716200,0.000000
2843,28.430043,5942.255866420,5942.255866420,14088,19723200,0.000000
2844,28.440022,5942.265845625,5942.265845625,14093,19730200,0.000000
2845,28.450071,5942.275894353,5942.275894353,14098,19737200,0.000000
2846,28.460064,5942.285887143,5942.285887143,14102,19742800,0.000000
2847,28.470065,5942.295888477,5942.295888477,14107,19749800,0.000000
2848,28.480065,5942.305888051,5942.305888051,14112,19756800,0.000000
2849,28.490067,5942.315890242,5942.315890242,14117,19763800,0.000000
2850,28.500068,5942.325891124,5942.325891124,14122,19770800,0.000000
2851,28.510065,5942.335888623,5942.335888623,14127,19777800,0.000000
2852,28.520066,5942.345889133,5942.345889133,14132,19784800,0.000000
2853,28.530065,5942.355888921,5942.355888921,14137,19791800,0.000000
2854,28.540067,5942.365890798,5942.365890798,14142,19798800,0.000000
2855,28.550068,5942.375891780,5942.375891780,14147,19805800,0.000000
2856,28.560072,5942.385895169,5942.385895169,14152,19812800,0.000000
2857,28.570068,5942.395891269,5942.395891269,14157,19819800,0.000000
2858,28.580065,5942.405888724,5942.405888724,14162,19826800,0.000000
2859,28.590064,5942.415887487,5942.415887487,14167,19833800,0.000000
2860,28.600067,5942.425890470,5942.425890470,14172,19840800,0.000000
2861,28.610065,5942.435888486,5942.435888486,14177,19847800,0.000000
2862,28.620064,5942.445887730,5942.445887730,14182,19854800,0.000000
2863,28.630062,5942.455885743,5942.455885743,14187,19861800,0.000000
2864,28.640062,5942.465885226,5942.465885226,14192,19868800,0.000000
2865,28.650068,5942.475891096,5942.475891096,14197,19875800,0.000000
2866,28.660076,5942.485899315,5942.485899315,14202,19882800,0.000000
2867,28.670057,5942.495880233,5942.495880233,14207,19889800,0.000000
2868,28.680073,5942.505896436,5942.505896436,14211,19895400,0.002018
2869,28.690064,5942.515887839,5942.515887839,14216,19902400,0.000000
2870,28.700076,5942.525899311,5942.525899311,14221,19909400,0.000000
2871,28.710067,5942.535890541,5942.535890541,14226,19916400,0.000000
2872,28.720069,5942.545892053,5942.545892053,14231,19923400,0.000000
2873,28.730072,5942.555895514,5942.555895514,14236,19930400,0.000000
2874,28.740061,5942.565883988,5942.565883988,14241,19937400,0.000000
2875,28.750069,5942.575892143,5942.575892143,14246,19944400,0.000000
2876,28.760070,5942.585893291,5942.585893291,14251,19951400,0.000000
2877,28.770068,5942.595891614,5942.595891614,14256,19958400,0.000000
2878,28.780065,5942.605888467,5942.605888467,14261,19965400,0.000000
2879,28.790070,5942.615893707,5942.615893707,14266,19972400,0.000000
2880,28.800067,5942.625890777,5942.625890777,14271,19979400,0.000000
2881,28.810066,5942.635889055,5942.635889055,14276,19986400,0.000000
2882,28.820063,5942.645885981,5942.645885981,14281,19993400,0.000000
2883,28.830068,5942.655891662,5942.655891662,14286,20000400,0.000000
2884,28.840068,5942.665891290,5942.665891290,14291,20007400,0.000000
2885,28.850062,5942.675885717,5942.675885717,14296,20014400,0.000000
2886,28.860063,5942.685885991,5942.685885991,14301,20021400,0.000000
2887,28.870073,5942.695896771,5942.695896771,14306,20028400,0.000000
2888,28.880056,5942.705879746,5942.705879746,14311,20035400,0.000000
2889,28.890021,5942.715844263,5942.715844263,14316,20042400,0.000000
2890,28.900081,5942.725904247,5942.725904247,14321,20049400,0.000000
2891,28.910067,5942.735890164,5942.735890164,14325,20055000,0.000000
2892,28.920079,5942.745902735,5942.745902735,14330,20062000,0.000000
2893,28.930076,5942.755899493,5942.755899493,14335,20069000,0.000000
2894,28.940066,5942.765889195,5942.765889195,14340,20076000,0.000000
2895,28.950077,5942.775900772,5942.775900772,14345,20083000,0.000000
2896,28.960065,5942.785888180,5942.785888180,14350,20090000,0.000000
2897,28.970068,5942.795891025,5942.795891025,14355,20097000,0.000000
2898,28.980072,5942.805895211,5942.805895211,14360,20104000,0.000000
2899,28.990067,5942.815890341,5942.815890341,14365,20111000,0.000000
2900,29.000094,5942.825917855,5942.825917855,14370,20118000,0.000000
2901,29.010070,5942.835893312,5942.835893312,14375,20125000,0.000000
2902,29.020060,5942.845883151,5942.845883151,14380,20132000,0.000000
2903,29.030066,5942.855889328,5942.855889328,14385,20139000,0.000000
2904,29.040066,5942.865889640,5942.865889640,14390,20146000,0.000000
2905,29.050068,5942.875891620,5942.875891620,14395,20153000,0.000000
2906,29.060071,5942.885894807,5942.885894807,14400,20160000,0.000000
2907,29.070082,5942.895905676,5942.895905676,14405,20167000,0.000000
2908,29.080065,5942.905888020,5942.905888020,14410,20174000,0.000000
2909,29.090063,5942.915886315,5942.915886315,14415,20181000,0.000000
2910,29.100028,5942.925851469,5942.925851469,14420,20188000,0.000000
2911,29.110003,5942.935826042,5942.935826042,14425,20195000,0.000000
2912,29.120098,5942.945921284,5942.945921284,14430,20202000,0.000000
2913,29.130069,5942.955892185,5942.955892185,14434,20207600,0.000000
2914,29.140066,5942.965889346,5942.965889346,14439,20214600,0.000000
2915,29.150068,5942.975891880,5942.975891880,14444,20221600,0.000000
2916,29.160051,5942.985874156,5942.985874156,14449,20228600,0.000000
2917,29.170067,5942.995889973,5942.995889973,14454,20235600,0.000000
2918,29.180066,5943.005889553,5943.005889553,14459,20242600,0.000000
2919,29.190068,5943.015891959,5943.015891959,14464,20249600,0.000000
2920,29.200073,5943.025896131,5943.025896131,14469,20256600,0.000000
2921,29.210064,5943.035887467,5943.035887467,14474,20263600,0.000000
2922,29.220065,5943.045888572,5943.045888572,14479,20270600,0.000000
2923,29.230070,5943.055893196,5943.055893196,14484,20277600,0.000000
2924,29.240065,5943.065888498,5943.065888498,14489,20284600,0.000000
2925,29.250066,5943.075889121,5943.075889121,14494,20291600,0.000000
2926,29.260067,5943.085890144,5943.085890144,14499,20298600,0.000000
2927,29.270066,5943.095889891,5943.095889891,14504,20305600,0.000000
2928,29.280066,5943.105889938,5943.105889938,14509,20312600,0.000000
2929,29.290067,5943.115890209,5943.115890209,14514,20319600,0.000000
2930,29.300069,5943.125892199,5943.125892199,14519,20326600,0.000000
2931,29.310063,5943.135886417,5943.135886417,14524,20333600,0.000000
2932,29.320058,5943.145881936,5943.145881936,14529,20340600,0.000000
2933,29.330072,5943.155895403,5943.155895403,14534,20347600,0.000000
2934,29.340048,5943.165871744,5943.165871744,14539,20354600,0.000000
2935,29.350083,5943.175906843,5943.175906843,14544,20361600,0.000000
2936,29.360072,5943.185895358,5943.185895358,14548,20367200,0.000000
2937,29.370072,5943.195895962,5943.195895962,14553,20374200,0.000000
2938,29.380068,5943.205890975,5943.205890975,14558,20381200,0.000000
2939,29.390068,5943.215891372,5943.215891372,14563,20388200,0.000000
2940,29.400073,5943.225896902,5943.225896902,14568,20395200,0.000000
2941,29.410093,5943.235916332,5943.235916332,14573,20402200,0.000000
2942,29.420077,5943.245900683,5943.245900683,14578,20409200,0.000000
2943,29.430070,5943.255893626,5943.255893626,14583,20416200,0.000000
2944,29.440060,5943.265883623,5943.265883623,14588,20423200,0.000000
2945,29.450068,5943.275891291,5943.275891291,14593,20430200,0.000000
2946,29.460067,5943.285890596,5943.285890596,14598,20437200,0.000000
2947,29.470067,5943.295890570,5943.295890570,14603,20444200,0.000000
2948,29.480071,5943.305894271,5943.305894271,14608,20451200,0.000000
2949,29.490035,5943.315858235,5943.315858235,14613,20458200,0.000000
2950,29.500070,5943.325893962,5943.325893962,14618,20465200,0.000000
2951,29.510066,5943.335889687,5943.335889687,14623,20472200,0.000000
2952,29.520059,5943.345882358,5943.345882358,14628,20479200,0.000000
2953,29.530062,5943.355885633,5943.355885633,14633,20486200,0.000000
2954,29.540063,5943.365886136,5943.365886136,14638,20493200,0.000000
2955,29.550034,5943.375857953,5943.375857953,14643,20500200,0.000000
2956,29.560014,5943.385837437,5943.385837437,14648,20507200,0.000000
2957,29.570080,5943.395903585,5943.395903585,14653,20514200,0.000000
2958,29.580073,5943.405896878,5943.405896878,14657,20519800,0.000000
2959,29.590066,5943.415889780,5943.415889780,14662,20526800,0.000000
2960,29.600067,5943.425890576,5943.425890576,14667,20533800,0.000000
2961,29.610062,5943.435885170,5943.435885170,14672,20540800,0.000000
2962,29.620072,5943.445895761,5943.445895761,14677,20547800,0.000000
2963,29.630068,5943.455891926,5943.455891926,14682,20554800,0.000000
2964,29.640062,5943.465885301,5943.465885301,14687,20561800,0.000000
2965,29.650061,5943.475884697,5943.475884697,14692,20568800,0.000000
2966,29.660067,5943.485890590,5943.485890590,14697,20575800,0.000000
2967,29.670062,5943.495885906,5943.495885906,14702,20582800,0.000000
2968,29.680064,5943.505886980,5943.505886980,14707,20589800,0.000000
2969,29.690066,5943.515889290,5943.515889290,14712,20596800,0.000000
2970,29.700067,5943.525890015,5943.525890015,14717,20603800,0.000000
2971,29.710063,5943.535886570,5943.535886570,14722,20610800,0.000000
2972,29.720066,5943.545889953,5943.545889953,14727,20617800,0.000000
2973,29.730065,5943.555888219,5943.555888219,14732,20624800,0.000000
2974,29.740063,5943.565886035,5943.565886035,14737,20631800,0.000000
2975,29.750064,5943.575887838,5943.575887838,14742,20638800,0.000000
2976,29.760063,5943.585886542,5943.585886542,14747,20645800,0.000000
2977,29.770063,5943.595886857,5943.595886857,14752,20652800,0.000000
2978,29.780067,5943.605889971,5943.605889971,14757,20659800,0.000000
2979,29.790071,5943.615894373,5943.615894373,14762,20666800,0.000000
2980,29.800073,5943.625896776,5943.625896776,14766,20672400,0.002018
2981,29.810065,5943.635888011,5943.635888011,14771,20679400,0.000000
2982,29.820066,5943.645889717,5943.645889717,14776,20686400,0.000000
2983,29.830070,5943.655893219,5943.655893219,14781,20693400,0.000000
2984,29.840066,5943.665889637,5943.665889637,14786,20700400,0.000000
2985,29.850067,5943.675890431,5943.675890431,14791,20707400,0.000000
2986,29.860073,5943.685896036,5943.685896036,14796,20714400,0.000000
2987,29.870070,5943.695893849,5943.695893849,14801,20721400,0.000000
2988,29.880065,5943.705888621,5943.705888621,14806,20728400,0.000000
2989,29.890068,5943.715891749,5943.715891749,14811,20735400,0.000000
2990,29.900072,5943.725895290,5943.725895290,14816,20742400,0.000000
2991,29.910067,5943.735889978,5943.735889978,14821,20749400,0.000000
2992,29.920067,5943.745890737,5943.745890737,14826,20756400,0.000000
2993,29.930065,5943.755888619,5943.755888619,14831,20763400,0.000000
2994,29.940058,5943.765881654,5943.765881654,14836,20770400,0.000000
2995,29.950063,5943.775886246,5943.775886246,14841,20777400,0.000000
2996,29.960063,5943.785886561,5943.785886561,14846,20784400,0.000000
2997,29.970059,5943.795882323,5943.795882323,14851,20791400,0.000000
2998,29.980063,5943.805886248,5943.805886248,14856,20798400,0.000000
2999,29.990066,5943.815889357,5943.815889357,14861,20805400,0.000000
3000,30.000061,5943.825884247,5943.825884247,14866,20812400,0.000000
3001,30.010017,5943.835840545,5943.835840545,14871,20819400,0.000000
3002,30.020073,5943.845896700,5943.845896700,14876,20826400,0.000000
3003,30.030022,5943.855845889,5943.855845889,14880,20832000,0.000000
3004,30.040071,5943.865894466,5943.865894466,14885,20839000,0.000000
3005,30.050069,5943.875892519,5943.875892519,14890,20846000,0.000000
3006,30.060068,5943.885891150,5943.885891150,14895,20853000,0.000000
3007,30.070070,5943.895893580,5943.895893580,14900,20860000,0.000000
3008,30.080071,5943.905894133,5943.905894133,14905,20867000,0.000000
3009,30.090073,5943.915896366,5943.915896366,14910,20874000,0.000000
3010,30.100036,5943.925859223,5943.925859223,14915,20881000,0.000000
3011,30.110073,5943.935896861,5943.935896861,14920,20888000,0.000000
3012,30.120070,5943.945893950,5943.945893950,14925,20895000,0.000000
3013,30.130071,5943.955894855,5943.955894855,14930,20902000,0.000000
3014,30.140072,5943.965895710,5943.965895710,14935,20909000,0.000000
3015,30.150067,5943.975890063,5943.975890063,14940,20916000,0.000000
3016,30.160065,5943.985888481,5943.985888481,14945,20923000,0.000000
3017,30.170067,5943.995890373,5943.995890373,14950,20930000,0.000000
3018,30.180065,5944.005888738,5944.005888738,14955,20937000,0.000000
3019,30.190064,5944.015887815,5944.015887815,14960,20944000,0.000000
3020,30.200065,5944.025888472,5944.025888472,14965,20951000,0.000000
3021,30.210065,5944.035888413,5944.035888413,14970,20958000,0.000000
3022,30.220050,5944.045873159,5944.045873159,14975,20965000,0.000000
3023,30.230004,5944.055827681,5944.055827681,14980,20972000,0.000000
3024,30.240073,5944.065896502,5944.065896502,14985,20979000,0.000000
3025,30.250066,5944.075889743,5944.075889743,14989,20984600,0.000000
3026,30.260012,5944.085835690,5944.085835690,14994,20991600,0.000000
3027,30.270068,5944.095891641,5944.095891641,14999,20998600,0.000000
3028,30.280072,5944.105895946,5944.105895946,15004,21005600,0.000000
3029,30.290066,5944.115889497,5944.115889497,15009,21012600,0.000000
3030,30.300070,5944.125893936,5944.125893936,15014,21019600,0.000000
3031,30.310075,5944.135898722,5944.135898722,15019,21026600,0.000000
3032,30.320069,5944.145892826,5944.145892826,15024,21033600,0.000000
3033,30.330068,5944.155891886,5944.155891886,15029,21040600,0.000000
3034,30.340066,5944.165889079,5944.165889079,15034,21047600,0.000000
3035,30.350067,5944.175890529,5944.175890529,15039,21054600,0.000000
3036,30.360066,5944.185889182,5944.185889182,15044,21061600,0.000000
3037,30.370067,5944.195890000,5944.195890000,15049,21068600,0.000000
3038,30.380059,5944.205882355,5944.205882355,15054,21075600,0.000000
3039,30.390073,5944.215896887,5944.215896887,15059,21082600,0.000000
3040,30.400064,5944.225887358,5944.225887358,15064,21089600,0.000000
3041,30.410059,5944.235882243,5944.235882243,15069,21096600,0.000000
3042,30.420050,5944.245873830,5944.245873830,15074,21103600,0.000000
3043,30.430062,5944.255884980,5944.255884980,15079,21110600,0.000000
3044,30.440058,5944.265881842,5944.265881842,15084,21117600,0.000000
3045,30.450062,5944.275885029,5944.275885029,15089,21124600,0.000000
3046,30.460039,5944.285862828,5944.285862828,15094,21131600,0.000000
3047,30.470071,5944.295894301,5944.295894301,15099,21138600,0.000000
3048,30.480068,5944.305891818,5944.305891818,15103,21144200,0.000000
3049,30.490071,5944.315894410,5944.315894410,15108,21151200,0.000000
3050,30.500065,5944.325888530,5944.325888530,15113,21158200,0.000000
3051,30.510069,5944.335892171,5944.335892171,15118,21165200,0.000000
3052,30.520048,5944.345871067,5944.345871067,15123,21172200,0.000000
3053,30.530052,5944.355875253,5944.355875253,15128,21179200,0.000000
3054,30.540062,5944.365885422,5944.365885422,15133,21186200,0.000000
3055,30.550065,5944.375888355,5944.375888355,15138,21193200,0.000000
3056,30.560071,5944.385894434,5944.385894434,15143,21200200,0.000000
3057,30.570066,5944.395889610,5944.395889610,15148,21207200,0.000000
3058,30.580068,5944.405891220,5944.405891220,15153,21214200,0.000000
3059,30.590059,5944.415882621,5944.415882621,15158,21221200,0.000000
3060,30.600065,5944.425888542,5944.425888542,15163,21228200,0.000000
3061,30.610064,5944.435887441,5944.435887441,15168,21235200,0.000000
3062,30.620067,5944.445890103,5944.445890103,15173,21242200,0.000000
3063,30.630064,5944.455887242,5944.455887242,15178,21249200,0.000000
3064,30.640065,5944.465888258,5944.465888258,15183,21256200,0.000000
3065,30.650062,5944.475885188,5944.475885188,15188,21263200,0.000000
3066,30.660063,5944.485886024,5944.485886024,15193,21270200,0.000000
3067,30.670063,5944.495885991,5944.495885991,15198,21277200,0.000000
3068,30.680009,5944.505832649,5944.505832649,15203,21284200,0.000000
3069,30.690072,5944.515895204,5944.515895204,15208,21291200,0.000000
3070,30.700067,5944.525890416,5944.525890416,15212,21296800,0.000000
3071,30.710065,5944.535888913,5944.535888913,15217,21303800,0.000000
3072,30.720067,5944.545890207,5944.545890207,15222,21310800,0.000000
3073,30.730064,5944.555887051,5944.555887051,15227,21317800,0.000000
3074,30.740064,5944.565887162,5944.565887162,15232,21324800,0.000000
3075,30.750063,5944.575886116,5944.575886116,15237,21331800,0.000000
3076,30.760063,5944.585886860,5944.585886860,15242,21338800,0.000000
3077,30.770067,5944.595890422,5944.595890422,15247,21345800,0.000000
3078,30.780063,5944.605886145,5944.605886145,15252,21352800,0.000000
3079,30.790068,5944.615891219,5944.615891219,15257,21359800,0.000000
3080,30.800068,5944.625891951,5944.625891951,15262,21366800,0.000000
3081,30.810047,5944.635870510,5944.635870510,15267,21373800,0.000000
3082,30.820065,5944.645888129,5944.645888129,15272,21380800,0.000000
3083,30.830064,5944.655887472,5944.655887472,15277,21387800,0.000000
3084,30.840066,5944.665889776,5944.665889776,15282,21394800,0.000000
3085,30.850065,5944.675888316,5944.675888316,15287,21401800,0.000000
3086,30.860063,5944.685886950,5944.685886950,15292,21408800,0.000000
3087,30.870059,5944.695882232,5944.695882232,15297,21415800,0.000000
3088,30.880063,5944.705886494,5944.705886494,15302,21422800,0.000000
3089,30.890068,5944.715891004,5944.715891004,15307,21429800,0.000000
3090,30.900066,5944.725889949,5944.725889949,15312,21436800,0.000000
3091,30.910059,5944.735882076,5944.735882076,15317,21443800,0.000000
3092,30.920070,5944.745893814,5944.745893814,15321,21449400,0.000000
3093,30.930070,5944.755893297,5944.755893297,15326,21456400,0.000000
3094,30.940070,5944.765893329,5944.765893329,15331,21463400,0.000000
3095,30.950069,5944.775892411,5944.775892411,15336,21470400,0.000000
3096,30.960069,5944.785892133,5944.785892133,15341,21477400,0.000000
3097,30.970069,5944.795892486,5944.795892486,15346,21484400,0.000000
3098,30.980066,5944.805889913,5944.805889913,15351,21491400,0.000000
3099,30.990064,5944.815887155,5944.815887155,15356,21498400,0.000000
3100,31.000067,5944.825890503,5944.825890503,15361,21505400,0.000000
3101,31.010071,5944.835894543,5944.835894543,15366,21512400,0.000000
3102,31.020071,5944.845894001,5944.845894001,15371,21519400,0.000000
3103,31.030076,5944.855899249,5944.855899249,15376,21526400,0.000000
3104,31.040064,5944.865887644,5944.865887644,15381,21533400,0.000000
3105,31.050064,5944.875887469,5944.875887469,15386,21540400,0.000000
3106,31.060064,5944.885887832,5944.885887832,15391,21547400,0.000000
3107,31.070065,5944.895888542,5944.895888542,15396,21554400,0.000000
3108,31.080087,5944.905910801,5944.905910801,15401,21561400,0.000000
3109,31.090064,5944.915887566,5944.915887566,15406,21568400,0.000000
3110,31.100067,5944.925890871,5944.925890871,15411,21575400,0.000000
3111,31.110057,5944.935880800,5944.935880800,15416,21582400,0.000000
3112,31.120058,5944.945881962,5944.945881962,15421,21589400,0.000000
3113,31.130017,5944.955840242,5944.955840242,15426,21596400,0.000000
3114,31.140074,5944.965897855,5944.965897855,15431,21603400,0.000000
3115,31.150066,5944.975889094,5944.975889094,15435,21609000,0.000000
3116,31.160064,5944.985887589,5944.985887589,15440,21616000,0.000000
3117,31.170037,5944.995860701,5944.995860701,15445,21623000,0.000000
3118,31.180073,5945.005896150,5945.005896150,15450,21630000,0.000000
3119,31.190065,5945.015888796,5945.015888796,15455,21637000,0.000000
3120,31.200072,5945.025895881,5945.025895881,15460,21644000,0.000000
3121,31.210085,5945.035908875,5945.035908875,15465,21651000,0.000000
3122,31.220069,5945.045892729,5945.045892729,15470,21658000,0.000000
3123,31.230067,5945.055890822,5945.055890822,15475,21665000,0.000000
3124,31.240065,5945.065888904,5945.065888904,15480,21672000,0.000000
3125,31.250066,5945.075889060,5945.075889060,15485,21679000,0.000000
3126,31.260064,5945.085887433,5945.085887433,15490,21686000,0.000000
3127,31.270063,5945.095886347,5945.095886347,15495,21693000,0.000000
3128,31.280066,5945.105889747,5945.105889747,15500,21700000,0.000000
3129,31.290062,5945.115885247,5945.115885247,15505,21707000,0.000000
3130,31.300063,5945.125886913,5945.125886913,15510,21714000,0.000000
3131,31.310062,5945.135885192,5945.135885192,15515,21721000,0.000000
3132,31.320062,5945.145885026,5945.145885026,15520,21728000,0.000000
3133,31.330105,5945.155928746,5945.155928746,15525,21735000,0.000000
3134,31.340013,5945.165836059,5945.165836059,15530,21742000,0.000000
3135,31.350061,5945.175884110,5945.175884110,15535,21749000,0.000000
3136,31.360076,5945.185899059,5945.185899059,15540,21756000,0.000000
3137,31.370072,5945.195895911,5945.195895911,15544,21761600,0.000000
3138,31.380070,5945.205893050,5945.205893050,15549,21768600,0.000000
3139,31.390065,5945.215888546,5945.215888546,15554,21775600,0.000000
3140,31.400088,5945.225911813,5945.225911813,15559,21782600,0.000000
3141,31.410073,5945.235896405,5945.235896405,15564,21789600,0.000000
3142,31.420067,5945.245890392,5945.245890392,15569,21796600,0.000000
3143,31.430071,5945.255894541,5945.255894541,15574,21803600,0.000000
3144,31.440034,5945.265857488,5945.265857488,15579,21810600,0.000000
3145,31.450070,5945.275893007,5945.275893007,15584,21817600,0.000000
3146,31.460064,5945.285887927,5945.285887927,15589,21824600,0.000000
3147,31.470065,5945.295888282,5945.295888282,15594,21831600,0.000000
3148,31.480069,5945.305892752,5945.305892752,15599,21838600,0.000000
3149,31.490064,5945.315887373,5945.315887373,15604,21845600,0.000000
3150,31.500064,5945.325887450,5945.325887450,15609,21852600,0.000000
3151,31.510064,5945.335887902,5945.335887902,15614,21859600,0.000000
3152,31.520063,5945.345886837,5945.345886837,15619,21866600,0.000000
3153,31.530045,5945.355868091,5945.355868091,15624,21873600,0.000000
3154,31.540066,5945.365889617,5945.365889617,15629,21880600,0.000000
3155,31.550061,5945.375884886,5945.375884886,15634,21887600,0.000000
3156,31.560064,5945.385887673,5945.385887673,15639,21894600,0.000000
3157,31.570067,5945.395890446,5945.395890446,15644,21901600,0.000000
3158,31.580038,5945.405861079,5945.405861079,15649,21908600,0.000000
3159,31.590072,5945.415895843,5945.415895843,15654,21915600,0.000000
3160,31.600065,5945.425888556,5945.425888556,15658,21921200,0.000000
3161,31.610066,5945.435889967,5945.435889967,15663,21928200,0.000000
3162,31.620068,5945.445891853,5945.445891853,15668,21935200,0.000000
3163,31.630068,5945.455891877,5945.455891877,15673,21942200,0.000000
3164,31.640066,5945.465889022,5945.465889022,15678,21949200,0.000000
3165,31.650056,5945.475879176,5945.475879176,15683,21956200,0.000000
3166,31.660069,5945.485892157,5945.485892157,15688,21963200,0.000000
3167,31.670080,5945.495903273,5945.495903273,15693,21970200,0.000000
3168,31.680078,5945.505901391,5945.505901391,15698,21977200,0.000000
3169,31.690062,5945.515885448,5945.515885448,15703,21984200,0.000000
3170,31.700060,5945.525883424,5945.525883424,15708,21991200,0.000000
3171,31.710060,5945.535883631,5945.535883631,15713,21998200,0.000000
3172,31.720065,5945.545888841,5945.545888841,15718,22005200,0.000000
3173,31.730063,5945.555886567,5945.555886567,15723,22012200,0.000000
3174,31.740068,5945.565891096,5945.565891096,15728,22019200,0.000000
3175,31.750084,5945.575907833,5945.575907833,15733,22026200,0.000000
3176,31.760069,5945.585892176,5945.585892176,15738,22033200,0.000000
3177,31.770062,5945.595885274,5945.595885274,15743,22040200,0.000000
3178,31.780062,5945.605885134,5945.605885134,15748,22047200,0.000000
3179,31.790033,5945.615856919,5945.615856919,15753,22054200,0.000000
3180,31.800063,5945.625886578,5945.625886578,15758,22061200,0.000000
3181,31.810073,5945.635896114,5945.635896114,15763,22068200,0.000000
3182,31.820080,5945.645903433,5945.645903433,15767,22073800,0.000000
3183,31.830067,5945.655890275,5945.655890275,15772,22080800,0.000000
3184,31.840068,5945.665891014,5945.665891014,15777,22087800,0.000000
3185,31.850062,5945.675885801,5945.675885801,15782,22094800,0.000000
3186,31.860062,5945.685885587,5945.685885587,15787,22101800,0.000000
3187,31.870040,5945.695863802,5945.695863802,15792,22108800,0.000000
3188,31.880071,5945.705894693,5945.705894693,15797,22115800,0.000000
3189,31.890038,5945.715861367,5945.715861367,15802,22122800,0.000000
3190,31.900059,5945.725882522,5945.725882522,15807,22129800,0.000000
3191,31.910066,5945.735889264,5945.735889264,15812,22136800,0.000000
3192,31.920065,5945.745888817,5945.745888817,15817,22143800,0.000000
3193,31.930064,5945.755887781,5945.755887781,15822,22150800,0.000000
3194,31.940063,5945.765886580,5945.765886580,15827,22157800,0.000000
3195,31.950070,5945.775893473,5945.775893473,15832,22164800,0.000000
3196,31.960069,5945.785892121,5945.785892121,15837,22171800,0.000000
3197,31.970062,5945.795885891,5945.795885891,15842,22178800,0.000000
3198,31.980062,5945.805885273,5945.805885273,15847,22185800,0.000000
3199,31.990065,5945.815888346,5945.815888346,15852,22192800,0.000000
3200,32.000058,5945.825881329,5945.825881329,15857,22199800,0.000000
3201,32.010058,5945.835881584,5945.835881584,15862,22206800,0.000000
3202,32.020057,5945.845880575,5945.845880575,15867,22213800,0.000000
3203,32.030053,5945.855876239,5945.855876239,15872,22220800,0.000000
3204,32.040016,5945.865839507,5945.865839507,15876,22226400,0.000000
3205,32.050067,5945.875890507,5945.875890507,15881,22233400,0.000000
3206,32.060074,5945.885896968,5945.885896968,15886,22240400,0.000000
3207,32.070082,5945.895905281,5945.895905281,15891,22247400,0.000000
3208,32.080063,5945.905886771,5945.905886771,15896,22254400,0.000000
3209,32.090064,5945.915887227,5945.915887227,15901,22261400,0.000000
3210,32.100063,5945.925886102,5945.925886102,15906,22268400,0.000000
3211,32.110062,5945.935885232,5945.935885232,15911,22275400,0.000000
3212,32.120067,5945.945890843,5945.945890843,15916,22282400,0.000000
3213,32.130041,5945.955864132,5945.955864132,15921,22289400,0.000000
3214,32.140061,5945.965884600,5945.965884600,15926,22296400,0.000000
3215,32.150051,5945.975874175,5945.975874175,15931,22303400,0.000000
3216,32.160072,5945.985895788,5945.985895788,15936,22310400,0.000000
3217,32.170064,5945.995887912,5945.995887912,15941,22317400,0.000000
3218,32.180066,5946.005889788,5946.005889788,15946,22324400,0.000000
3219,32.190063,5946.015886001,5946.015886001,15951,22331400,0.000000
3220,32.200067,5946.025890628,5946.025890628,15956,22338400,0.000000
3221,32.210062,5946.035885959,5946.035885959,15961,22345400,0.000000
3222,32.220064,5946.045886995,5946.045886995,15966,22352400,0.000000
3223,32.230063,5946.055886803,5946.055886803,15971,22359400,0.000000
3224,32.240021,5946.065844671,5946.065844671,15976,22366400,0.000000
3225,32.250020,5946.075843683,5946.075843683,15981,22373400,0.000000
3226,32.260075,5946.085898815,5946.085898815,15986,22380400,0.000000
3227,32.270065,5946.095888744,5946.095888744,15990,22386000,0.000000
3228,32.280070,5946.105893457,5946.105893457,15995,22393000,0.000000
3229,32.290069,5946.115892024,5946.115892024,16000,22400000,0.000000
3230,32.300067,5946.125890150,5946.125890150,16005,22407000,0.000000
3231,32.310068,5946.135891456,5946.135891456,16010,22414000,0.000000
3232,32.320070,5946.145893779,5946.145893779,16015,22421000,0.000000
3233,32.330062,5946.155885582,5946.155885582,16020,22428000,0.000000
3234,32.340063,5946.165886577,5946.165886577,16025,22435000,0.000000
3235,32.350067,5946.175890341,5946.175890341,16030,22442000,0.000000
3236,32.360069,5946.185892339,5946.185892339,16035,22449000,0.000000
3237,32.370068,5946.195891758,5946.195891758,16040,22456000,0.000000
3238,32.380078,5946.205901019,5946.205901019,16045,22463000,0.000000
3239,32.390066,5946.215889757,5946.215889757,16050,22470000,0.000000
3240,32.400064,5946.225887112,5946.225887112,16055,22477000,0.000000
3241,32.410065,5946.235888147,5946.235888147,16060,22484000,0.000000
3242,32.420065,5946.245888044,5946.245888044,16065,22491000,0.000000
3243,32.430070,5946.255893885,5946.255893885,16070,22498000,0.000000
3244,32.440059,5946.265882464,5946.265882464,16075,22505000,0.000000
3245,32.450074,5946.275897762,5946.275897762,16080,22512000,0.000000
3246,32.460061,5946.285884927,5946.285884927,16085,22519000,0.000000
3247,32.470065,5946.295888113,5946.295888113,16090,22526000,0.000000
3248,32.480083,5946.305906830,5946.305906830,16095,22533000,0.000000
3249,32.490069,5946.315892545,5946.315892545,16099,22538600,0.000000
3250,32.500068,5946.325891678,5946.325891678,16104,22545600,0.000000
3251,32.510065,5946.335888312,5946.335888312,16109,22552600,0.000000
3252,32.520066,5946.345889877,5946.345889877,16114,22559600,0.000000
3253,32.530068,5946.355891868,5946.355891868,16119,22566600,0.000000
3254,32.540068,5946.365891145,5946.365891145,16124,22573600,0.000000
3255,32.550067,5946.375890204,5946.375890204,16129,22580600,0.000000
3256,32.560039,5946.385862747,5946.385862747,16134,22587600,0.000000
3257,32.570070,5946.395893602,5946.395893602,16139,22594600,0.000000
3258,32.580065,5946.405888108,5946.405888108,16144,22601600,0.000000
3259,32.590067,5946.415890713,5946.415890713,16149,22608600,0.000000
3260,32.600067,5946.425890428,5946.425890428,16154,22615600,0.000000
3261,32.610065,5946.435888728,5946.435888728,16159,22622600,0.000000
3262,32.620064,5946.445887952,5946.445887952,16164,22629600,0.000000
3263,32.630064,5946.455887639,5946.455887639,16169,22636600,0.000000
3264,32.640065,5946.465888389,5946.465888389,16174,22643600,0.000000
3265,32.650066,5946.475889833,5946.475889833,16179,22650600,0.000000
3266,32.660064,5946.485887911,5946.485887911,16184,22657600,0.000000
3267,32.670061,5946.495884332,5946.495884332,16189,22664600,0.000000
3268,32.680061,5946.505884430,5946.505884430,16194,22671600,0.000000
3269,32.690054,5946.515877522,5946.515877522,16199,22678600,0.000000
3270,32.700047,5946.525870666,5946.525870666,16204,22685600,0.000000
3271,32.710079,5946.535901991,5946.535901991,16209,22692600,0.000000
3272,32.720059,5946.545882318,5946.545882318,16213,22698200,0.000000
3273,32.730075,5946.555898218,5946.555898218,16218,22705200,0.000000
3274,32.740065,5946.565888764,5946.565888764,16223,22712200,0.000000
3275,32.750068,5946.575891548,5946.575891548,16228,22719200,0.000000
3276,32.760063,5946.585886199,5946.585886199,16233,22726200,0.000000
3277,32.770072,5946.595895448,5946.595895448,16238,22733200,0.000000
3278,32.780068,5946.605891737,5946.605891737,16243,22740200,0.000000
3279,32.790065,5946.615888254,5946.615888254,16248,22747200,0.000000
3280,32.800062,5946.625884998,5946.625884998,16253,22754200,0.000000
3281,32.810049,5946.635872861,5946.635872861,16258,22761200,0.000000
3282,32.820066,5946.645889085,5946.645889085,16263,22768200,0.000000
3283,32.830065,5946.655888271,5946.655888271,16268,22775200,0.000000
3284,32.840068,5946.665891747,5946.665891747,16273,22782200,0.000000
3285,32.850038,5946.675861815,5946.675861815,16278,22789200,0.000000
3286,32.860076,5946.685899861,5946.685899861,16283,22796200,0.000000
3287,32.870062,5946.695885453,5946.695885453,16288,22803200,0.000000
3288,32.880063,5946.705886887,5946.705886887,16293,22810200,0.000000
3289,32.890063,5946.715886356,5946.715886356,16298,22817200,0.000000
3290,32.900062,5946.725885724,5946.725885724,16303,22824200,0.000000
3291,32.910030,5946.735853464,5946.735853464,16308,22831200,0.000000
3292,32.920006,5946.745829765,5946.745829765,16313,22838200,0.000000
3293,32.930078,5946.755901305,5946.755901305,16318,22845200,0.000000
3294,32.940077,5946.765900435,5946.765900435,16322,22850800,0.000000
3295,32.950070,5946.775893729,5946.775893729,16327,22857800,0.000000
3296,32.960063,5946.785886925,5946.785886925,16332,22864800,0.000000
3297,32.970073,5946.795896843,5946.795896843,16337,22871800,0.000000
3298,32.980068,5946.805891768,5946.805891768,16342,22878800,0.000000
3299,32.990066,5946.815889450,5946.815889450,16347,22885800,0.000000
3300,33.000064,5946.825887106,5946.825887106,16352,22892800,0.000000
3301,33.010068,5946.835891756,5946.835891756,16357,22899800,0.000000
3302,33.020066,5946.845889584,5946.845889584,16362,22906800,0.000000
3303,33.030073,5946.855896554,5946.855896554,16367,22913800,0.000000
3304,33.040078,5946.865901069,5946.865901069,16372,22920800,0.000000
3305,33.050065,5946.875888171,5946.875888171,16377,22927800,0.000000
3306,33.060064,5946.885887948,5946.885887948,16382,22934800,0.000000
3307,33.070083,5946.895906381,5946.895906381,16387,22941800,0.000000
3308,33.080062,5946.905885399,5946.905885399,16392,22948800,0.000000
3309,33.090065,5946.915888268,5946.915888268,16397,22955800,0.000000
3310,33.100062,5946.925885880,5946.925885880,16402,22962800,0.000000
3311,33.110062,5946.935885894,5946.935885894,16407,22969800,0.000000
3312,33.120061,5946.945884626,5946.945884626,16412,22976800,0.000000
3313,33.130064,5946.955887149,5946.955887149,16417,22983800,0.000000
3314,33.140079,5946.965902398,5946.965902398,16422,22990800,0.000000
3315,33.150077,5946.975900311,5946.975900311,16427,22997800,0.000000
3316,33.160106,5946.985929382,5946.985929382,16432,23004800,0.000000
3317,33.170063,5946.995886797,5946.995886797,16436,23010400,0.000000
3318,33.180064,5947.005887363,5947.005887363,16441,23017400,0.000000
3319,33.190064,5947.015887712,5947.015887712,16446,23024400,0.000000
3320,33.200078,5947.025901026,5947.025901026,16451,23031400,0.000000
3321,33.210065,5947.035888275,5947.035888275,16456,23038400,0.000000
3322,33.220069,5947.045892959,5947.045892959,16461,23045400,0.000000
3323,33.230065,5947.055888113,5947.055888113,16466,23052400,0.000000
3324,33.240069,5947.065892143,5947.065892143,16471,23059400,0.000000
3325,33.250071,5947.075894402,5947.075894402,16476,23066400,0.000000
3326,33.260066,5947.085889101,5947.085889101,16481,23073400,0.000000
3327,33.270083,5947.095906003,5947.095906003,16486,23080400,0.000000
3328,33.280074,5947.105897465,5947.105897465,16491,23087400,0.000000
3329,33.290068,5947.115891617,5947.115891617,16496,23094400,0.000000
3330,33.300063,5947.125886025,5947.125886025,16501,23101400,0.000000
3331,33.310062,5947.135885034,5947.135885034,16506,23108400,0.000000
3332,33.320062,5947.145885852,5947.145885852,16511,23115400,0.000000
3333,33.330061,5947.155884822,5947.155884822,16516,23122400,0.000000
3334,33.340027,5947.165850614,5947.165850614,16521,23129400,0.000000
3335,33.350059,5947.175882706,5947.175882706,16526,23136400,0.000000
3336,33.360051,5947.185874683,5947.185874683,16531,23143400,0.000000
3337,33.370010,5947.195833589,5947.195833589,16536,23150400,0.000000
3338,33.380110,5947.205933062,5947.205933062,16541,23157400,0.000000
3339,33.390066,5947.215889601,5947.215889601,16545,23163000,0.000000
3340,33.400072,5947.225895884,5947.225895884,16550,23170000,0.000000
3341,33.410060,5947.235883188,5947.235883188,16555,23177000,0.000000
3342,33.420083,5947.245906727,5947.245906727,16560,23184000,0.000000
3343,33.430069,5947.255892380,5947.255892380,16565,23191000,0.000000
3344,33.440066,5947.265889234,5947.265889234,16570,23198000,0.000000
3345,33.450091,5947.275914952,5947.275914952,16575,23205000,0.000000
3346,33.460026,5947.285849089,5947.285849089,16580,23212000,0.000000
3347,33.470073,5947.295896357,5947.295896357,16585,23219000,0.000000
3348,33.480063,5947.305885978,5947.305885978,16590,23226000,0.000000
3349,33.490071,5947.315894521,5947.315894521,16595,23233000,0.000000
3350,33.500074,5947.325897107,5947.325897107,16600,23240000,0.000000
3351,33.510069,5947.335892194,5947.335892194,16605,23247000,0.000000
3352,33.520064,5947.345887520,5947.345887520,16610,23254000,0.000000
3353,33.530076,5947.355899950,5947.355899950,16615,23261000,0.000000
3354,33.540065,5947.365888401,5947.365888401,16620,23268000,0.000000
3355,33.550064,5947.375887211,5947.375887211,16625,23275000,0.000000
3356,33.560080,5947.385903516,5947.385903516,16630,23282000,0.000000
3357,33.570070,5947.395893191,5947.395893191,16635,23289000,0.000000
3358,33.580016,5947.405839935,5947.405839935,16640,23296000,0.000000
3359,33.590066,5947.415889670,5947.415889670,16645,23303000,0.000000
3360,33.600079,5947.425902418,5947.425902418,16650,23310000,0.000000
3361,33.610072,5947.435895721,5947.435895721,16654,23315600,0.000000
3362,33.620070,5947.445893417,5947.445893417,16659,23322600,0.000000
3363,33.630069,5947.455892230,5947.455892230,16664,23329600,0.000000
3364,33.640072,5947.465895660,5947.465895660,16669,23336600,0.000000
3365,33.650063,5947.475886532,5947.475886532,16674,23343600,0.000000
3366,33.660068,5947.485891654,5947.485891654,16679,23350600,0.000000
3367,33.670072,5947.495895632,5947.495895632,16684,23357600,0.000000
3368,33.680073,5947.505896748,5947.505896748,16689,23364600,0.000000
3369,33.690067,5947.515890400,5947.515890400,16694,23371600,0.000000
3370,33.700069,5947.525892850,5947.525892850,16699,23378600,0.000000
3371,33.710065,5947.535888549,5947.535888549,16704,23385600,0.000000
3372,33.720061,5947.545884066,5947.545884066,16709,23392600,0.000000
3373,33.730066,5947.555889601,5947.555889601,16714,23399600,0.000000
3374,33.740067,5947.565890725,5947.565890725,16719,23406600,0.000000
3375,33.750068,5947.575891099,5947.575891099,16724,23413600,0.000000
3376,33.760064,5947.585887781,5947.585887781,16729,23420600,0.000000
3377,33.770068,5947.595891082,5947.595891082,16734,23427600,0.000000
3378,33.780062,5947.605885246,5947.605885246,16739,23434600,0.000000
3379,33.790062,5947.615885917,5947.615885917,16744,23441600,0.000000
3380,33.800062,5947.625885415,5947.625885415,16749,23448600,0.000000
3381,33.810058,5947.635881250,5947.635881250,16754,23455600,0.000000
3382,33.820039,5947.645861999,5947.645861999,16759,23462600,0.000000
3383,33.830084,5947.655907228,5947.655907228,16764,23469600,0.000000
3384,33.840068,5947.665891941,5947.665891941,16768,23475200,0.000000
3385,33.850069,5947.675892236,5947.675892236,16773,23482200,0.000000
3386,33.860072,5947.685895727,5947.685895727,16778,23489200,0.000000
3387,33.870071,5947.695894625,5947.695894625,16783,23496200,0.000000
3388,33.880067,5947.705890716,5947.705890716,16788,23503200,0.000000
3389,33.890069,5947.715892207,5947.715892207,16793,23510200,0.000000
3390,33.900071,5947.725894258,5947.725894258,16798,23517200,0.000000
3391,33.910068,5947.735891089,5947.735891089,16803,23524200,0.000000
3392,33.920068,5947.745891407,5947.745891407,16808,23531200,0.000000
3393,33.930065,5947.755888811,5947.755888811,16813,23538200,0.000000
3394,33.940069,5947.765892042,5947.765892042,16818,23545200,0.000000
3395,33.950071,5947.775894965,5947.775894965,16823,23552200,0.000000
3396,33.960067,5947.785890114,5947.785890114,16828,23559200,0.000000
3397,33.970075,5947.795898532,5947.795898532,16833,23566200,0.000000
3398,33.980071,5947.805894129,5947.805894129,16838,23573200,0.000000
3399,33.990070,5947.815893578,5947.815893578,16843,23580200,0.000000
3400,34.000067,5947.825890356,5947.825890356,16848,23587200,0.000000
3401,34.010062,5947.835885239,5947.835885239,16853,23594200,0.000000
3402,34.020040,5947.845863163,5947.845863163,16858,23601200,0.000000
3403,34.030030,5947.855853868,5947.855853868,16863,23608200,0.000000
3404,34.040022,5947.865845865,5947.865845865,16868,23615200,0.000000
3405,34.050079,5947.875902366,5947.875902366,16873,23622200,0.000000
3406,34.060081,5947.885904101,5947.885904101,16877,23627800,0.000000
3407,34.070069,5947.895892048,5947.895892048,16882,23634800,0.000000
3408,34.080066,5947.905889009,5947.905889009,16887,23641800,0.000000
3409,34.090061,5947.915884529,5947.915884529,16892,23648800,0.000000
3410,34.100067,5947.925890503,5947.925890503,16897,23655800,0.000000
3411,34.110065,5947.935888418,5947.935888418,16902,23662800,0.000000
3412,34.120067,5947.945890145,5947.945890145,16907,23669800,0.000000
3413,34.130066,5947.955889911,5947.955889911,16912,23676800,0.000000
3414,34.140065,5947.965888407,5947.965888407,16917,23683800,0.000000
3415,34.150068,5947.975891664,5947.975891664,16922,23690800,0.000000
3416,34.160072,5947.985895008,5947.985895008,16927,23697800,0.000000
3417,34.170064,5947.995887843,5947.995887843,16932,23704800,0.000000
3418,34.180072,5948.005895294,5948.005895294,16937,23711800,0.000000
3419,34.190062,5948.015885407,5948.015885407,16942,23718800,0.000000
3420,34.200065,5948.025888276,5948.025888276,16947,23725800,0.000000
3421,34.210067,5948.035890443,5948.035890443,16952,23732800,0.000000
3422,34.220070,5948.045893216,5948.045893216,16957,23739800,0.000000
3423,34.230064,5948.055887965,5948.055887965,16962,23746800,0.000000
3424,34.240062,5948.065885741,5948.065885741,16967,23753800,0.000000
3425,34.250062,5948.075885030,5948.075885030,16972,23760800,0.000000
3426,34.260057,5948.085880809,5948.085880809,16977,23767800,0.000000
3427,34.270079,5948.095902939,5948.095902939,16982,23774800,0.000000
3428,34.280067,5948.105890282,5948.105890282,16986,23780400,0.000000
3429,34.290069,5948.115892545,5948.115892545,16991,23787400,0.000000
3430,34.300067,5948.125890149,5948.125890149,16996,23794400,0.000000
3431,34.310064,5948.135887554,5948.135887554,17001,23801400,0.000000
3432,34.320068,5948.145891091,5948.145891091,17006,23808400,0.000000
3433,34.330071,5948.155894424,5948.155894424,17011,23815400,0.000000
3434,34.340068,5948.165891193,5948.165891193,17016,23822400,0.000000
3435,34.350062,5948.175885544,5948.175885544,17021,23829400,0.000000
3436,34.360066,5948.185889447,5948.185889447,17026,23836400,0.000000
3437,34.370062,5948.195884986,5948.195884986,17031,23843400,0.000000
3438,34.380071,5948.205894497,5948.205894497,17036,23850400,0.000000
3439,34.390072,5948.215895135,5948.215895135,17041,23857400,0.000000
3440,34.400063,5948.225886750,5948.225886750,17046,23864400,0.000000
3441,34.410071,5948.235894610,5948.235894610,17051,23871400,0.000000
3442,34.420064,5948.245887044,5948.245887044,17056,23878400,0.000000
3443,34.430064,5948.255886999,5948.255886999,17061,23885400,0.000000
3444,34.440063,5948.265886282,5948.265886282,17066,23892400,0.000000
3445,34.450064,5948.275887455,5948.275887455,17071,23899400,0.000000
3446,34.460063,5948.285886100,5948.285886100,17076,23906400,0.000000
3447,34.470080,5948.295902984,5948.295902984,17081,23913400,0.000000
3448,34.480064,5948.305887521,5948.305887521,17086,23920400,0.000000
3449,34.490039,5948.315862192,5948.315862192,17091,23927400,0.000000
3450,34.500088,5948.325911593,5948.325911593,17096,23934400,0.000000
3451,34.510060,5948.335882981,5948.335882981,17100,23940000,0.000000
3452,34.520066,5948.345889385,5948.345889385,17105,23947000,0.000000
3453,34.530068,5948.355891470,5948.355891470,17110,23954000,0.000000
3454,34.540070,5948.365893945,5948.365893945,17115,23961000,0.000000
3455,34.550074,5948.375897347,5948.375897347,17120,23968000,0.000000
3456,34.560072,5948.385895105,5948.385895105,17125,23975000,0.000000
3457,34.570070,5948.395893744,5948.395893744,17130,23982000,0.000000
3458,34.580069,5948.405892388,5948.405892388,17135,23989000,0.000000
3459,34.590076,5948.415899707,5948.415899707,17140,23996000,0.000000
3460,34.600070,5948.425893752,5948.425893752,17145,24003000,0.000000
3461,34.610062,5948.435885130,5948.435885130,17150,24010000,0.000000
3462,34.620070,5948.445893622,5948.445893622,17155,24017000,0.000000
3463,34.630063,5948.455886061,5948.455886061,17160,24024000,0.000000
3464,34.640064,5948.465887726,5948.465887726,17165,24031000,0.000000
3465,34.650063,5948.475886091,5948.475886091,17170,24038000,0.000000
3466,34.660063,5948.485886752,5948.485886752,17175,24045000,0.000000
3467,34.670037,5948.495860443,5948.495860443,17180,24052000,0.000000
3468,34.680076,5948.505899833,5948.505899833,17185,24059000,0.000000
3469,34.690067,5948.515890712,5948.515890712,17190,24066000,0.000000
3470,34.700012,5948.525835476,5948.525835476,17195,24073000,0.000000
3471,34.710058,5948.535881011,5948.535881011,17200,24080000,0.000000
3472,34.720076,5948.545899616,5948.545899616,17205,24087000,0.000000
3473,34.730069,5948.555892412,5948.555892412,17209,24092600,0.000000
3474,34.740068,5948.565891431,5948.565891431,17214,24099600,0.000000
3475,34.750089,5948.575912839,5948.575912839,17219,24106600,0.000000
3476,34.760046,5948.585869213,5948.585869213,17224,24113600,0.000000
3477,34.770036,5948.595859186,5948.595859186,17229,24120600,0.000000
3478,34.799625,5948.625448467,5948.625448467,17244,24141600,0.000000
3479,34.800060,5948.625883721,5948.625883721,17244,24141600,0.000000
3480,34.810070,5948.635893470,5948.635893470,17249,24148600,0.000000
3481,34.820067,5948.645890521,5948.645890521,17254,24155600,0.000000
3482,34.830061,5948.655884063,5948.655884063,17259,24162600,0.000000
3483,34.840074,5948.665897484,5948.665897484,17264,24169600,0.000000
3484,34.850063,5948.675886238,5948.675886238,17269,24176600,0.000000
3485,34.860063,5948.685886499,5948.685886499,17274,24183600,0.000000
3486,34.870065,5948.695888791,5948.695888791,17279,24190600,0.000000
3487,34.880064,5948.705887016,5948.705887016,17284,24197600,0.000000
3488,34.890062,5948.715885486,5948.715885486,17289,24204600,0.000000
3489,34.900062,5948.725885679,5948.725885679,17294,24211600,0.000000
3490,34.910066,5948.735889574,5948.735889574,17299,24218600,0.000000
3491,34.920064,5948.745887126,5948.745887126,17304,24225600,0.000000
3492,34.930061,5948.755884400,5948.755884400,17309,24232600,0.000000
3493,34.940044,5948.765867373,5948.765867373,17314,24239600,0.000000
3494,34.950038,5948.775861041,5948.775861041,17318,24245200,0.000000
3495,34.960077,5948.785900966,5948.785900966,17323,24252200,0.000000
3496,34.970072,5948.795895000,5948.795895000,17328,24259200,0.000000
3497,34.980061,5948.805884495,5948.805884495,17333,24266200,0.000000
3498,34.990030,5948.815853439,5948.815853439,17338,24273200,0.000000
3499,35.000068,5948.825891550,5948.825891550,17343,24280200,0.000000
3500,35.010070,5948.835893072,5948.835893072,17348,24287200,0.000000
3501,35.020064,5948.845887922,5948.845887922,17353,24294200,0.000000
3502,35.030066,5948.855889580,5948.855889580,17358,24301200,0.000000
3503,35.040069,5948.865892567,5948.865892567,17363,24308200,0.000000
3504,35.050068,5948.875891348,5948.875891348,17368,24315200,0.000000
3505,35.060064,5948.885887944,5948.885887944,17373,24322200,0.000000
3506,35.070064,5948.895887007,5948.895887007,17378,24329200,0.000000
3507,35.080063,5948.905886472,5948.905886472,17383,24336200,0.000000
3508,35.090036,5948.915859875,5948.915859875,17388,24343200,0.000000
3509,35.100067,5948.925890707,5948.925890707,17393,24350200,0.000000
3510,35.110065,5948.935888198,5948.935888198,17398,24357200,0.000000
3511,35.120065,5948.945888213,5948.945888213,17403,24364200,0.000000
3512,35.130062,5948.955885812,5948.955885812,17408,24371200,0.000000
3513,35.140060,5948.965883421,5948.965883421,17413,24378200,0.000000
3514,35.150030,5948.975853029,5948.975853029,17418,24385200,0.000000
3515,35.160046,5948.985869672,5948.985869672,17423,24392200,0.000000
3516,35.170074,5948.995897167,5948.995897167,17428,24399200,0.000000
3517,35.180065,5949.005888582,5949.005888582,17432,24404800,0.000000
3518,35.190062,5949.015885460,5949.015885460,17437,24411800,0.000000
3519,35.200027,5949.025850517,5949.025850517,17442,24418800,0.000000
3520,35.210065,5949.035888621,5949.035888621,17447,24425800,0.000000
3521,35.220073,5949.045896574,5949.045896574,17452,24432800,0.000000
3522,35.230072,5949.055895183,5949.055895183,17457,24439800,0.000000
3523,35.240078,5949.065901186,5949.065901186,17462,24446800,0.000000
3524,35.250063,5949.075886953,5949.075886953,17467,24453800,0.000000
3525,35.260065,5949.085888952,5949.085888952,17472,24460800,0.000000
3526,35.270070,5949.095893291,5949.095893291,17477,24467800,0.000000
3527,35.280069,5949.105892270,5949.105892270,17482,24474800,0.000000
3528,35.290067,5949.115890893,5949.115890893,17487,24481800,0.000000
3529,35.300061,5949.125884216,5949.125884216,17492,24488800,0.000000
3530,35.310065,5949.135888175,5949.135888175,17497,24495800,0.000000
3531,35.320061,5949.145884160,5949.145884160,17502,24502800,0.000000
3532,35.330062,5949.155885880,5949.155885880,17507,24509800,0.000000
3533,35.340062,5949.165885733,5949.165885733,17512,24516800,0.000000
3534,35.350069,5949.175892036,5949.175892036,17517,24523800,0.000000
3535,35.360035,5949.185858223,5949.185858223,17522,24530800,0.000000
3536,35.370068,5949.195891041,5949.195891041,17527,24537800,0.000000
3537,35.380066,5949.205889643,5949.205889643,17532,24544800,0.000000
3538,35.390064,5949.215887351,5949.215887351,17537,24551800,0.000000
3539,35.400068,5949.225891178,5949.225891178,17541,24557400,0.000000
3540,35.410063,5949.235886657,5949.235886657,17546,24564400,0.000000
3541,35.420064,5949.245887090,5949.245887090,17551,24571400,0.000000
3542,35.430062,5949.255885049,5949.255885049,17556,24578400,0.000000
3543,35.440065,5949.265888792,5949.265888792,17561,24585400,0.000000
3544,35.450066,5949.275889433,5949.275889433,17566,24592400,0.000000
3545,35.460067,5949.285890101,5949.285890101,17571,24599400,0.000000
3546,35.470064,5949.295887173,5949.295887173,17576,24606400,0.000000
3547,35.480067,5949.305890344,5949.305890344,17581,24613400,0.000000
3548,35.490070,5949.315893560,5949.315893560,17586,24620400,0.000000
3549,35.500062,5949.325885586,5949.325885586,17591,24627400,0.000000
3550,35.510066,5949.335889170,5949.335889170,17596,24634400,0.000000
3551,35.520069,5949.345892677,5949.345892677,17601,24641400,0.000000
3552,35.530071,5949.355894164,5949.355894164,17606,24648400,0.000000
3553,35.540066,5949.365889876,5949.365889876,17611,24655400,0.000000
3554,35.550066,5949.375889570,5949.375889570,17616,24662400,0.000000
3555,35.560070,5949.385893773,5949.385893773,17621,24669400,0.000000
3556,35.570070,5949.395893918,5949.395893918,17626,24676400,0.000000
3557,35.580064,5949.405887076,5949.405887076,17631,24683400,0.000000
3558,35.590062,5949.415885728,5949.415885728,17636,24690400,0.000000
3559,35.600055,5949.425878141,5949.425878141,17641,24697400,0.000000
3560,35.610065,5949.435888954,5949.435888954,17646,24704400,0.000000
3561,35.620082,5949.445905815,5949.445905815,17651,24711400,0.000000
3562,35.630069,5949.455891988,5949.455891988,17655,24717000,0.000000
3563,35.640074,5949.465897820,5949.465897820,17660,24724000,0.000000
3564,35.650070,5949.475893587,5949.475893587,17665,24731000,0.000000
3565,35.660068,5949.485891719,5949.485891719,17670,24738000,0.000000
3566,35.670068,5949.495891096,5949.495891096,17675,24745000,0.000000
3567,35.680067,5949.505890135,5949.505890135,17680,24752000,0.000000
3568,35.690068,5949.515891426,5949.515891426,17685,24759000,0.000000
3569,35.700067,5949.525890871,5949.525890871,17690,24766000,0.000000
3570,35.710066,5949.535889156,5949.535889156,17695,24773000,0.000000
3571,35.720080,5949.545903944,5949.545903944,17700,24780000,0.000000
3572,35.730070,5949.555893266,5949.555893266,17705,24787000,0.000000
3573,35.740068,5949.565891772,5949.565891772,17710,24794000,0.000000
3574,35.750062,5949.575885663,5949.575885663,17715,24801000,0.000000
3575,35.760065,5949.585888944,5949.585888944,17720,24808000,0.000000
3576,35.770065,5949.595888040,5949.595888040,17725,24815000,0.000000
3577,35.780066,5949.605889347,5949.605889347,17730,24822000,0.000000
3578,35.790065,5949.615888630,5949.615888630,17735,24829000,0.000000
3579,35.800065,5949.625888437,5949.625888437,17740,24836000,0.000000
3580,35.810068,5949.635891486,5949.635891486,17745,24843000,0.000000
3581,35.820011,5949.645834188,5949.645834188,17750,24850000,0.000000
3582,35.830064,5949.655887366,5949.655887366,17755,24857000,0.000000
3583,35.840074,5949.665897206,5949.665897206,17760,24864000,0.000000
3584,35.850060,5949.675883271,5949.675883271,17764,24869600,0.000000
3585,35.860058,5949.685881828,5949.685881828,17769,24876600,0.000000
3586,35.870063,5949.695886656,5949.695886656,17774,24883600,0.000000
3587,35.880063,5949.705886917,5949.705886917,17779,24890600,0.000000
3588,35.890065,5949.715887971,5949.715887971,17784,24897600,0.000000
3589,35.900065,5949.725888464,5949.725888464,17789,24904600,0.000000
3590,35.910063,5949.735886655,5949.735886655,17794,24911600,0.000000
3591,35.920065,5949.745888176,5949.745888176,17799,24918600,0.000000
3592,35.930069,5949.755892705,5949.755892705,17804,24925600,0.000000
3593,35.940068,5949.765891164,5949.765891164,17809,24932600,0.000000
3594,35.950065,5949.775888667,5949.775888667,17814,24939600,0.000000
3595,35.960068,5949.785891701,5949.785891701,17819,24946600,0.000000
3596,35.970069,5949.795892668,5949.795892668,17824,24953600,0.000000
3597,35.980065,5949.805888491,5949.805888491,17829,24960600,0.000000
3598,35.990058,5949.815881628,5949.815881628,17834,24967600,0.000000
3599,36.000062,5949.825885331,5949.825885331,17839,24974600,0.000000
3600,36.010058,5949.835881816,5949.835881816,17844,24981600,0.000000
3601,36.020061,5949.845883993,5949.845883993,17849,24988600,0.000000
3602,36.030062,5949.855885591,5949.855885591,17854,24995600,0.000000
3603,36.040062,5949.865885174,5949.865885174,17859,25002600,0.000000
3604,36.050060,5949.875883698,5949.875883698,17864,25009600,0.000000
3605,36.060039,5949.885862782,5949.885862782,17869,25016600,0.000000
3606,36.070073,5949.895896744,5949.895896744,17874,25023600,0.000000
3607,36.080065,5949.905888340,5949.905888340,17878,25029200,0.000000
3608,36.090065,5949.915888332,5949.915888332,17883,25036200,0.000000
3609,36.100062,5949.925885543,5949.925885543,17888,25043200,0.000000
3610,36.110065,5949.935888235,5949.935888235,17893,25050200,0.000000
3611,36.120064,5949.945887105,5949.945887105,17898,25057200,0.000000
3612,36.130076,5949.955899796,5949.955899796,17903,25064200,0.000000
3613,36.140027,5949.965850637,5949.965850637,17908,25071200,0.000000
3614,36.150065,5949.975888361,5949.975888361,17913,25078200,0.000000
3615,36.160065,5949.985888310,5949.985888310,17918,25085200,0.000000
3616,36.170066,5949.995889326,5949.995889326,17923,25092200,0.000000
3617,36.180070,5950.005893413,5950.005893413,17928,25099200,0.000000
3618,36.190065,5950.015888845,5950.015888845,17933,25106200,0.000000
3619,36.200064,5950.025887159,5950.025887159,17938,25113200,0.000000
3620,36.210030,5950.035852995,5950.035852995,17943,25120200,0.000000
3621,36.220069,5950.045892095,5950.045892095,17948,25127200,0.000000
3622,36.230067,5950.055890016,5950.055890016,17953,25134200,0.000000
3623,36.240064,5950.065887250,5950.065887250,17958,25141200,0.000000
3624,36.250061,5950.075884887,5950.075884887,17963,25148200,0.000000
3625,36.260018,5950.085841273,5950.085841273,17968,25155200,0.000000
3626,36.270034,5950.095857417,5950.095857417,17973,25162200,0.000000
3627,36.280006,5950.105829117,5950.105829117,17978,25169200,0.000000
3628,36.290079,5950.115902455,5950.115902455,17983,25176200,0.000000
3629,36.300065,5950.125888093,5950.125888093,17987,25181800,0.000000
3630,36.310066,5950.135889884,5950.135889884,17992,25188800,0.000000
3631,36.320068,5950.145891456,5950.145891456,17997,25195800,0.000000
3632,36.330064,5950.155887599,5950.155887599,18002,25202800,0.000000
3633,36.340063,5950.165886543,5950.165886543,18007,25209800,0.000000
3634,36.350066,5950.175889166,5950.175889166,18012,25216800,0.000000
3635,36.360067,5950.185890268,5950.185890268,18017,25223800,0.000000
3636,36.370064,5950.195887543,5950.195887543,18022,25230800,0.000000
3637,36.380063,5950.205886390,5950.205886390,18027,25237800,0.000000
3638,36.390065,5950.215888928,5950.215888928,18032,25244800,0.000000
3639,36.400066,5950.225889107,5950.225889107,18037,25251800,0.000000
3640,36.410067,5950.235890914,5950.235890914,18042,25258800,0.000000
3641,36.420064,5950.245887094,5950.245887094,18047,25265800,0.000000
3642,36.430070,5950.255893150,5950.255893150,18052,25272800,0.000000
3643,36.440062,5950.265885556,5950.265885556,18057,25279800,0.000000
3644,36.450062,5950.275885238,5950.275885238,18062,25286800,0.000000
3645,36.460068,5950.285891715,5950.285891715,18067,25293800,0.000000
3646,36.470062,5950.295885717,5950.295885717,18072,25300800,0.000000
3647,36.480068,5950.305891614,5950.305891614,18077,25307800,0.000000
3648,36.490062,5950.315885250,5950.315885250,18082,25314800,0.000000
3649,36.500058,5950.325881912,5950.325881912,18087,25321800,0.000000
3650,36.510067,5950.335890836,5950.335890836,18092,25328800,0.000000
3651,36.520071,5950.345894199,5950.345894199,18096,25334400,0.000000
3652,36.530023,5950.355846451,5950.355846451,18101,25341400,0.000000
3653,36.540064,5950.365887341,5950.365887341,18106,25348400,0.000000
3654,36.550035,5950.375858179,5950.375858179,18111,25355400,0.000000
3655,36.560065,5950.385888440,5950.385888440,18116,25362400,0.000000
3656,36.570068,5950.395891822,5950.395891822,18121,25369400,0.000000
3657,36.580069,5950.405892929,5950.405892929,18126,25376400,0.000000
3658,36.590064,5950.415887186,5950.415887186,18131,25383400,0.000000
3659,36.600078,5950.425901329,5950.425901329,18136,25390400,0.000000
3660,36.610063,5950.435886255,5950.435886255,18141,25397400,0.000000
3661,36.620067,5950.445890560,5950.445890560,18146,25404400,0.000000
3662,36.630066,5950.455888992,5950.455888992,18151,25411400,0.000000
3663,36.640068,5950.465891154,5950.465891154,18156,25418400,0.000000
3664,36.650069,5950.475892596,5950.475892596,18161,25425400,0.000000
3665,36.660063,5950.485886315,5950.485886315,18166,25432400,0.000000
3666,36.670065,5950.495888571,5950.495888571,18171,25439400,0.000000
3667,36.680040,5950.505863879,5950.505863879,18176,25446400,0.000000
3668,36.690063,5950.515886326,5950.515886326,18181,25453400,0.000000
3669,36.700058,5950.525881684,5950.525881684,18186,25460400,0.000000
3670,36.710064,5950.535887126,5950.535887126,18191,25467400,0.000000
3671,36.720018,5950.545841553,5950.545841553,18196,25474400,0.000000
3672,36.730019,5950.555842940,5950.555842940,18201,25481400,0.000000
3673,36.740077,5950.565900480,5950.565900480,18206,25488400,0.000000
3674,36.750069,5950.575892467,5950.575892467,18210,25494000,0.000000
3675,36.760064,5950.585887554,5950.585887554,18215,25501000,0.000000
3676,36.770073,5950.595896513,5950.595896513,18220,25508000,0.000000
3677,36.780067,5950.605890605,5950.605890605,18225,25515000,0.000000
3678,36.790067,5950.615890409,5950.615890409,18230,25522000,0.000000
3679,36.800073,5950.625896112,5950.625896112,18235,25529000,0.000000
3680,36.810068,5950.635891335,5950.635891335,18240,25536000,0.000000
3681,36.820064,5950.645887077,5950.645887077,18245,25543000,0.000000
3682,36.830078,5950.655901669,5950.655901669,18250,25550000,0.000000
3683,36.840068,5950.665891118,5950.665891118,18255,25557000,0.000000
3684,36.850088,5950.675911615,5950.675911615,18260,25564000,0.000000
3685,36.860070,5950.685893426,5950.685893426,18265,25571000,0.000000
3686,36.870084,5950.695907372,5950.695907372,18270,25578000,0.000000
3687,36.880066,5950.705888989,5950.705888989,18275,25585000,0.000000
3688,36.890065,5950.715888574,5950.715888574,18280,25592000,0.000000
3689,36.900069,5950.725892069,5950.725892069,18285,25599000,0.000000
3690,36.910061,5950.735884950,5950.735884950,18290,25606000,0.000000
3691,36.920062,5950.745885330,5950.745885330,18295,25613000,0.000000
3692,36.930062,5950.755885408,5950.755885408,18300,25620000,0.000000
3693,36.940028,5950.765851676,5950.765851676,18305,25627000,0.000000
3694,36.950018,5950.775841436,5950.775841436,18310,25634000,0.000000
3695,36.960086,5950.785909288,5950.785909288,18315,25641000,0.000000
3696,36.970063,5950.795886260,5950.795886260,18319,25646600,0.000000
3697,36.980067,5950.805890899,5950.805890899,18324,25653600,0.000000
3698,36.990066,5950.815889964,5950.815889964,18329,25660600,0.000000
3699,37.000064,5950.825887717,5950.825887717,18334,25667600,0.000000
3700,37.010068,5950.835891774,5950.835891774,18339,25674600,0.000000
3701,37.020066,5950.845889043,5950.845889043,18344,25681600,0.000000
3702,37.030059,5950.855882518,5950.855882518,18349,25688600,0.000000
3703,37.040065,5950.865888496,5950.865888496,18354,25695600,0.000000
3704,37.050069,5950.875892164,5950.875892164,18359,25702600,0.000000
3705,37.060066,5950.885889747,5950.885889747,18364,25709600,0.000000
3706,37.070068,5950.895891708,5950.895891708,18369,25716600,0.000000
3707,37.080066,5950.905889112,5950.905889112,18374,25723600,0.000000
3708,37.090067,5950.915890254,5950.915890254,18379,25730600,0.000000
3709,37.100071,5950.925894863,5950.925894863,18384,25737600,0.000000
3710,37.110069,5950.935892336,5950.935892336,18389,25744600,0.000000
3711,37.120065,5950.945888467,5950.945888467,18394,25751600,0.000000
3712,37.130068,5950.955891365,5950.955891365,18399,25758600,0.000000
3713,37.140061,5950.965884944,5950.965884944,18404,25765600,0.000000
3714,37.150062,5950.975885160,5950.975885160,18409,25772600,0.000000
3715,37.160061,5950.985884881,5950.985884881,18414,25779600,0.000000
3716,37.170068,5950.995891429,5950.995891429,18419,25786600,0.000000
3717,37.180034,5951.005857290,5951.005857290,18424,25793600,0.000000
3718,37.190075,5951.015898603,5951.015898603,18429,25800600,0.000000
3719,37.200079,5951.025902862,5951.025902862,18433,25806200,0.000000
3720,37.210072,5951.035895608,5951.035895608,18438,25813200,0.000000
3721,37.220070,5951.045893393,5951.045893393,18443,25820200,0.000000
3722,37.230063,5951.055886241,5951.055886241,18448,25827200,0.000000
3723,37.240067,5951.065890247,5951.065890247,18453,25834200,0.000000
3724,37.250060,5951.075883197,5951.075883197,18458,25841200,0.000000
3725,37.260060,5951.085883580,5951.085883580,18463,25848200,0.000000
3726,37.270074,5951.095897888,5951.095897888,18468,25855200,0.000000
3727,37.280048,5951.105871573,5951.105871573,18473,25862200,0.000000
3728,37.290067,5951.115890485,5951.115890485,18478,25869200,0.000000
3729,37.300034,5951.125857135,5951.125857135,18483,25876200,0.000000
3730,37.310072,5951.135895825,5951.135895825,18488,25883200,0.000000
3731,37.320065,5951.145888739,5951.145888739,18493,25890200,0.000000
3732,37.330075,5951.155898668,5951.155898668,18498,25897200,0.000000
3733,37.340069,5951.165892612,5951.165892612,18503,25904200,0.000000
3734,37.350064,5951.175887200,5951.175887200,18508,25911200,0.000000
3735,37.360063,5951.185886631,5951.185886631,18513,25918200,0.000000
3736,37.370063,5951.195886225,5951.195886225,18518,25925200,0.000000
3737,37.380028,5951.205851791,5951.205851791,18523,25932200,0.000000
3738,37.390035,5951.215858398,5951.215858398,18528,25939200,0.000000
3739,37.400005,5951.225828834,5951.225828834,18533,25946200,0.000000
3740,37.410078,5951.235901692,5951.235901692,18538,25953200,0.000000
3741,37.420071,5951.245894750,5951.245894750,18542,25958800,0.000000
3742,37.430066,5951.255889717,5951.255889717,18547,25965800,0.000000
3743,37.440494,5951.266317480,5951.266317480,18553,25974200,0.000000
3744,37.450096,5951.275919074,5951.275919074,18557,25979800,0.000000
3745,37.460064,5951.285887891,5951.285887891,18562,25986800,0.000000
3746,37.470066,5951.295889718,5951.295889718,18567,25993800,0.000000
3747,37.480066,5951.305889215,5951.305889215,18572,26000800,0.000000
3748,37.490063,5951.315886644,5951.315886644,18577,26007800,0.000000
3749,37.500066,5951.325889022,5951.325889022,18582,26014800,0.000000
3750,37.510059,5951.335881990,5951.335881990,18587,26021800,0.000000
3751,37.520069,5951.345892677,5951.345892677,18592,26028800,0.000000
3752,37.530073,5951.355896708,5951.355896708,18597,26035800,0.000000
3753,37.540064,5951.365887186,5951.365887186,18602,26042800,0.000000
3754,37.550064,5951.375887887,5951.375887887,18607,26049800,0.000000
3755,37.560074,5951.385896981,5951.385896981,18612,26056800,0.000000
3756,37.570065,5951.395888203,5951.395888203,18617,26063800,0.000000
3757,37.580060,5951.405883703,5951.405883703,18622,26070800,0.000000
3758,37.590068,5951.415891826,5951.415891826,18627,26077800,0.000000
3759,37.600048,5951.425871212,5951.425871212,18632,26084800,0.000000
3760,37.610062,5951.435885032,5951.435885032,18637,26091800,0.000000
3761,37.620074,5951.445897023,5951.445897023,18642,26098800,0.000000
3762,37.630054,5951.455877225,5951.455877225,18647,26105800,0.000000
3763,37.640072,5951.465895613,5951.465895613,18651,26111400,0.002018
3764,37.650070,5951.475893505,5951.475893505,18656,26118400,0.000000
3765,37.660063,5951.485886205,5951.485886205,18661,26125400,0.000000
3766,37.670065,5951.495888326,5951.495888326,18666,26132400,0.000000
3767,37.680067,5951.505890470,5951.505890470,18671,26139400,0.000000
3768,37.690065,5951.515888322,5951.515888322,18676,26146400,0.000000
3769,37.700071,5951.525894359,5951.525894359,18681,26153400,0.000000
3770,37.710068,5951.535891114,5951.535891114,18686,26160400,0.000000
3771,37.720075,5951.545898013,5951.545898013,18691,26167400,0.000000
3772,37.730068,5951.555891146,5951.555891146,18696,26174400,0.000000
3773,37.740066,5951.565889437,5951.565889437,18701,26181400,0.000000
3774,37.750082,5951.575905364,5951.575905364,18706,26188400,0.000000
3775,37.760095,5951.585918266,5951.585918266,18711,26195400,0.000000
3776,37.770089,5951.595912394,5951.595912394,18716,26202400,0.000000
3777,37.780068,5951.605891877,5951.605891877,18721,26209400,0.000000
3778,37.790064,5951.615887300,5951.615887300,18726,26216400,0.000000
3779,37.800071,5951.625894245,5951.625894245,18731,26223400,0.000000
3780,37.810023,5951.635846775,5951.635846775,18736,26230400,0.000000
3781,37.820063,5951.645886526,5951.645886526,18741,26237400,0.000000
3782,37.830065,5951.655888176,5951.655888176,18746,26244400,0.000000
3783,37.840018,5951.665841874,5951.665841874,18751,26251400,0.000000
3784,37.850026,5951.675849410,5951.675849410,18756,26258400,0.000000
3785,37.860077,5951.685900295,5951.685900295,18761,26265400,0.000000
3786,37.870067,5951.695890247,5951.695890247,18765,26271000,0.000000
3787,37.880071,5951.705894163,5951.705894163,18770,26278000,0.000000
3788,37.890048,5951.715871612,5951.715871612,18775,26285000,0.000000
3789,37.900069,5951.725892129,5951.725892129,18780,26292000,0.000000
3790,37.910072,5951.735895939,5951.735895939,18785,26299000,0.000000
3791,37.920069,5951.745892399,5951.745892399,18790,26306000,0.000000
3792,37.930068,5951.755891273,5951.755891273,18795,26313000,0.000000
3793,37.940071,5951.765894338,5951.765894338,18800,26320000,0.000000
3794,37.950062,5951.775885589,5951.775885589,18805,26327000,0.000000
3795,37.960057,5951.785880376,5951.785880376,18810,26334000,0.000000
3796,37.970064,5951.795886968,5951.795886968,18815,26341000,0.000000
3797,37.980059,5951.805882905,5951.805882905,18820,26348000,0.000000
3798,37.990066,5951.815888999,5951.815888999,18825,26355000,0.000000
3799,38.000086,5951.825909133,5951.825909133,18830,26362000,0.000000
3800,38.010066,5951.835889042,5951.835889042,18835,26369000,0.000000
3801,38.020071,5951.845894308,5951.845894308,18840,26376000,0.000000
3802,38.030067,5951.855890045,5951.855890045,18845,26383000,0.000000
3803,38.040083,5951.865906781,5951.865906781,18850,26390000,0.000000
3804,38.050012,5951.875835856,5951.875835856,18855,26397000,0.000000
3805,38.060011,5951.885834392,5951.885834392,18860,26404000,0.000000
3806,38.070062,5951.895885915,5951.895885915,18865,26411000,0.000000
3807,38.080078,5951.905901079,5951.905901079,18870,26418000,0.000000
3808,38.090066,5951.915889401,5951.915889401,18874,26423600,0.000000
3809,38.100067,5951.925890085,5951.925890085,18879,26430600,0.000000
3810,38.110065,5951.935888908,5951.935888908,18884,26437600,0.000000
3811,38.120070,5951.945893780,5951.945893780,18889,26444600,0.000000
3812,38.130071,5951.955894405,5951.955894405,18894,26451600,0.000000
3813,38.140069,5951.965892787,5951.965892787,18899,26458600,0.000000
3814,38.150065,5951.975888355,5951.975888355,18904,26465600,0.000000
3815,38.160065,5951.985888236,5951.985888236,18909,26472600,0.000000
3816,38.170077,5951.995900835,5951.995900835,18914,26479600,0.000000
3817,38.180079,5952.005902361,5952.005902361,18919,26486600,0.000000
3818,38.190063,5952.015886068,5952.015886068,18924,26493600,0.000000
3819,38.200072,5952.025895177,5952.025895177,18929,26500600,0.000000
3820,38.210066,5952.035889363,5952.035889363,18934,26507600,0.000000
3821,38.220064,5952.045886983,5952.045886983,18939,26514600,0.000000
3822,38.230063,5952.055886639,5952.055886639,18944,26521600,0.000000
3823,38.240012,5952.065835329,5952.065835329,18949,26528600,0.000000
3824,38.250060,5952.075883615,5952.075883615,18954,26535600,0.000000
3825,38.260072,5952.085895600,5952.085895600,18959,26542600,0.000000
3826,38.270068,5952.095891440,5952.095891440,18964,26549600,0.000000
3827,38.280058,5952.105881258,5952.105881258,18969,26556600,0.000000
3828,38.290054,5952.115877314,5952.115877314,18974,26563600,0.000000
3829,38.300059,5952.125882208,5952.125882208,18979,26570600,0.000000
3830,38.310078,5952.135901192,5952.135901192,18984,26577600,0.000000
3831,38.320066,5952.145889572,5952.145889572,18988,26583200,0.000000
3832,38.330066,5952.155889236,5952.155889236,18993,26590200,0.000000
3833,38.340067,5952.165890098,5952.165890098,18998,26597200,0.000000
3834,38.350060,5952.175883230,5952.175883230,19003,26604200,0.000000
3835,38.360065,5952.185888927,5952.185888927,19008,26611200,0.000000
3836,38.370060,5952.195883670,5952.195883670,19013,26618200,0.000000
3837,38.380059,5952.205882605,5952.205882605,19018,26625200,0.000000
3838,38.390049,5952.215872511,5952.215872511,19023,26632200,0.000000
3839,38.400048,5952.225871790,5952.225871790,19028,26639200,0.000000
3840,38.410066,5952.235889297,5952.235889297,19033,26646200,0.000000
3841,38.420067,5952.245890142,5952.245890142,19038,26653200,0.000000
3842,38.430064,5952.255887437,5952.255887437,19043,26660200,0.000000
3843,38.440063,5952.265886359,5952.265886359,19048,26667200,0.000000
3844,38.450058,5952.275881648,5952.275881648,19053,26674200,0.000000
3845,38.460071,5952.285894719,5952.285894719,19058,26681200,0.000000
3846,38.470066,5952.295889686,5952.295889686,19063,26688200,0.000000
3847,38.480065,5952.305888204,5952.305888204,19068,26695200,0.000000
3848,38.490063,5952.315886031,5952.315886031,19073,26702200,0.000000
3849,38.500060,5952.325883604,5952.325883604,19078,26709200,0.000000
3850,38.510091,5952.335914457,5952.335914457,19083,26716200,0.000000
3851,38.520017,5952.345840139,5952.345840139,19088,26723200,0.000000
3852,38.530076,5952.355899192,5952.355899192,19093,26730200,0.000000
3853,38.540068,5952.365891306,5952.365891306,19097,26735800,0.000000
3854,38.550091,5952.375914869,5952.375914869,19102,26742800,0.000000
3855,38.560066,5952.385889391,5952.385889391,19107,26749800,0.000000
3856,38.570066,5952.395889464,5952.395889464,19112,26756800,0.000000
3857,38.580070,5952.405893698,5952.405893698,19117,26763800,0.000000
3858,38.590074,5952.415897126,5952.415897126,19122,26770800,0.000000
3859,38.600070,5952.425893210,5952.425893210,19127,26777800,0.000000
3860,38.610065,5952.435888805,5952.435888805,19132,26784800,0.000000
3861,38.620060,5952.445883959,5952.445883959,19137,26791800,0.000000
3862,38.630060,5952.455883214,5952.455883214,19142,26798800,0.000000
3863,38.640067,5952.465890179,5952.465890179,19147,26805800,0.000000
3864,38.650067,5952.475890122,5952.475890122,19152,26812800,0.000000
3865,38.660011,5952.485834303,5952.485834303,19157,26819800,0.000000
3866,38.670065,5952.495888443,5952.495888443,19162,26826800,0.000000
3867,38.680067,5952.505890507,5952.505890507,19167,26833800,0.000000
3868,38.690064,5952.515887254,5952.515887254,19172,26840800,0.000000
3869,38.700063,5952.525886424,5952.525886424,19177,26847800,0.000000
3870,38.710064,5952.535887105,5952.535887105,19182,26854800,0.000000
3871,38.720062,5952.545885383,5952.545885383,19187,26861800,0.000000
3872,38.730014,5952.555837204,5952.555837204,19192,26868800,0.000000
3873,38.740072,5952.565895954,5952.565895954,19197,26875800,0.000000
3874,38.750056,5952.575879074,5952.575879074,19202,26882800,0.000000
3875,38.760067,5952.585890241,5952.585890241,19206,26888400,0.000000
3876,38.770067,5952.595890164,5952.595890164,19211,26895400,0.000000
3877,38.780068,5952.605891899,5952.605891899,19216,26902400,0.000000
3878,38.790061,5952.615884942,5952.615884942,19221,26909400,0.000000
3879,38.800069,5952.625892191,5952.625892191,19226,26916400,0.000000
3880,38.810068,5952.635891163,5952.635891163,19231,26923400,0.000000
3881,38.820062,5952.645885189,5952.645885189,19236,26930400,0.000000
3882,38.830063,5952.655886608,5952.655886608,19241,26937400,0.000000
3883,38.840078,5952.665901238,5952.665901238,19246,26944400,0.000000
3884,38.850068,5952.675891276,5952.675891276,19251,26951400,0.000000
3885,38.860062,5952.685885806,5952.685885806,19256,26958400,0.000000
3886,38.870071,5952.695894716,5952.695894716,19261,26965400,0.000000
3887,38.880068,5952.705891243,5952.705891243,19266,26972400,0.000000
3888,38.890063,5952.715886577,5952.715886577,19271,26979400,0.000000
3889,38.900065,5952.725888163,5952.725888163,19276,26986400,0.000000
3890,38.910062,5952.735885630,5952.735885630,19281,26993400,0.000000
3891,38.920065,5952.745888636,5952.745888636,19286,27000400,0.000000
3892,38.930059,5952.755882664,5952.755882664,19291,27007400,0.000000
3893,38.940058,5952.765881475,5952.765881475,19296,27014400,0.000000
3894,38.950062,5952.775885612,5952.775885612,19301,27021400,0.000000
3895,38.960072,5952.785895423,5952.785895423,19306,27028400,0.000000
3896,38.970019,5952.795842898,5952.795842898,19311,27035400,0.000000
3897,38.980074,5952.805897029,5952.805897029,19316,27042400,0.000000
3898,38.990064,5952.815887589,5952.815887589,19320,27048000,0.000000
3899,39.000065,5952.825888268,5952.825888268,19325,27055000,0.000000
3900,39.010066,5952.835889056,5952.835889056,19330,27062000,0.000000
3901,39.020065,5952.845888106,5952.845888106,19335,27069000,0.000000
3902,39.030069,5952.855892031,5952.855892031,19340,27076000,0.000000
3903,39.040065,5952.865888392,5952.865888392,19345,27083000,0.000000
3904,39.050060,5952.875883864,5952.875883864,19350,27090000,0.000000
3905,39.060060,5952.885883810,5952.885883810,19355,27097000,0.000000
3906,39.070061,5952.895884284,5952.895884284,19360,27104000,0.000000
3907,39.080013,5952.905836139,5952.905836139,19365,27111000,0.000000
3908,39.090063,5952.915886526,5952.915886526,19370,27118000,0.000000
3909,39.100069,5952.925892863,5952.925892863,19375,27125000,0.000000
3910,39.110064,5952.935887387,5952.935887387,19380,27132000,0.000000
3911,39.120064,5952.945887188,5952.945887188,19385,27139000,0.000000
3912,39.130058,5952.955881662,5952.955881662,19390,27146000,0.000000
3913,39.140066,5952.965889079,5952.965889079,19395,27153000,0.000000
3914,39.150065,5952.975888037,5952.975888037,19400,27160000,0.000000
3915,39.160069,5952.985892238,5952.985892238,19405,27167000,0.000000
3916,39.170062,5952.995885044,5952.995885044,19410,27174000,0.000000
3917,39.180014,5953.005837649,5953.005837649,19415,27181000,0.000000
3918,39.190058,5953.015880999,5953.015880999,19420,27188000,0.000000
3919,39.200077,5953.025900206,5953.025900206,19425,27195000,0.000000
3920,39.210069,5953.035892408,5953.035892408,19429,27200600,0.000000
3921,39.220023,5953.045846267,5953.045846267,19434,27207600,0.000000
3922,39.230072,5953.055895559,5953.055895559,19439,27214600,0.000000
3923,39.240068,5953.065891945,5953.065891945,19444,27221600,0.000000
3924,39.250067,5953.075890590,5953.075890590,19449,27228600,0.000000
3925,39.260064,5953.085887449,5953.085887449,19454,27235600,0.000000
3926,39.270064,5953.095887511,5953.095887511,19459,27242600,0.000000
3927,39.280072,5953.105895459,5953.105895459,19464,27249600,0.000000
3928,39.290068,5953.115891689,5953.115891689,19469,27256600,0.000000
3929,39.300068,5953.125891453,5953.125891453,19474,27263600,0.000000
3930,39.310066,5953.135889518,5953.135889518,19479,27270600,0.000000
3931,39.320064,5953.145887608,5953.145887608,19484,27277600,0.000000
3932,39.330067,5953.155890966,5953.155890966,19489,27284600,0.000000
3933,39.340065,5953.165888423,5953.165888423,19494,27291600,0.000000
3934,39.350021,5953.175844239,5953.175844239,19499,27298600,0.000000
3935,39.360064,5953.185887475,5953.185887475,19504,27305600,0.000000
3936,39.370064,5953.195887286,5953.195887286,19509,27312600,0.000000
3937,39.380058,5953.205881868,5953.205881868,19514,27319600,0.000000
3938,39.390064,5953.215887382,5953.215887382,19519,27326600,0.000000
3939,39.400059,5953.225882184,5953.225882184,19524,27333600,0.000000
3940,39.410066,5953.235889447,5953.235889447,19529,27340600,0.000000
3941,39.420006,5953.245829448,5953.245829448,19534,27347600,0.000000
3942,39.430079,5953.255902705,5953.255902705,19539,27354600,0.000000
3943,39.440531,5953.266354756,5953.266354756,19544,27361600,0.000000
3944,39.450066,5953.275889420,5953.275889420,19548,27367200,0.000000
3945,39.460068,5953.285891047,5953.285891047,19553,27374200,0.000000
3946,39.470071,5953.295894170,5953.295894170,19558,27381200,0.000000
3947,39.480073,5953.305896757,5953.305896757,19563,27388200,0.000000
3948,39.490065,5953.315888801,5953.315888801,19568,27395200,0.000000
3949,39.500063,5953.325886880,5953.325886880,19573,27402200,0.000000
3950,39.510065,5953.335888886,5953.335888886,19578,27409200,0.000000
3951,39.520067,5953.345890072,5953.345890072,19583,27416200,0.000000
3952,39.530066,5953.355889252,5953.355889252,19588,27423200,0.000000
3953,39.540065,5953.365888370,5953.365888370,19593,27430200,0.000000
3954,39.550065,5953.375888247,5953.375888247,19598,27437200,0.000000
3955,39.560064,5953.385887085,5953.385887085,19603,27444200,0.000000
3956,39.570075,5953.395898493,5953.395898493,19608,27451200,0.000000
3957,39.580061,5953.405884734,5953.405884734,19613,27458200,0.000000
3958,39.590068,5953.415891159,5953.415891159,19618,27465200,0.000000
3959,39.600065,5953.425888647,5953.425888647,19623,27472200,0.000000
3960,39.610062,5953.435885853,5953.435885853,19628,27479200,0.000000
3961,39.620064,5953.445887248,5953.445887248,19633,27486200,0.000000
3962,39.630057,5953.455880762,5953.455880762,19638,27493200,0.000000
3963,39.640010,5953.465833920,5953.465833920,19643,27500200,0.000000
3964,39.650077,5953.475900134,5953.475900134,19648,27507200,0.000000
3965,39.660074,5953.485897529,5953.485897529,19652,27512800,0.000000
3966,39.670069,5953.495892739,5953.495892739,19657,27519800,0.000000
3967,39.680060,5953.505883685,5953.505883685,19662,27526800,0.000000
3968,39.690070,5953.515893544,5953.515893544,19667,27533800,0.000000
3969,39.700063,5953.525886116,5953.525886116,19672,27540800,0.000000
3970,39.710071,5953.535894520,5953.535894520,19677,27547800,0.000000
3971,39.720070,5953.545893599,5953.545893599,19682,27554800,0.000000
3972,39.730068,5953.555891678,5953.555891678,19687,27561800,0.000000
3973,39.740078,5953.565901246,5953.565901246,19692,27568800,0.000000
3974,39.750082,5953.575905358,5953.575905358,19697,27575800,0.000000
3975,39.760065,5953.585888105,5953.585888105,19702,27582800,0.000000
3976,39.770067,5953.595890629,5953.595890629,19707,27589800,0.000000
3977,39.780064,5953.605887207,5953.605887207,19712,27596800,0.000000
3978,39.790063,5953.615886138,5953.615886138,19717,27603800,0.000000
3979,39.800060,5953.625883083,5953.625883083,19722,27610800,0.000000
3980,39.810064,5953.635887228,5953.635887228,19727,27617800,0.000000
3981,39.820065,5953.645888117,5953.645888117,19732,27624800,0.000000
3982,39.830065,5953.655888458,5953.655888458,19737,27631800,0.000000
3983,39.840063,5953.665886598,5953.665886598,19742,27638800,0.000000
3984,39.850033,5953.675856112,5953.675856112,19747,27645800,0.000000
3985,39.860064,5953.685887888,5953.685887888,19752,27652800,0.000000
3986,39.870088,5953.695911944,5953.695911944,19757,27659800,0.000000
3987,39.880066,5953.705889964,5953.705889964,19761,27665400,0.000000
3988,39.890069,5953.715892455,5953.715892455,19766,27672400,0.000000
3989,39.900078,5953.725901506,5953.725901506,19771,27679400,0.000000
3990,39.910068,5953.735891585,5953.735891585,19776,27686400,0.000000
3991,39.920074,5953.745897158,5953.745897158,19781,27693400,0.000000
3992,39.930078,5953.755901562,5953.755901562,19786,27700400,0.000000
3993,39.940067,5953.765890280,5953.765890280,19791,27707400,0.000000
3994,39.950065,5953.775888839,5953.775888839,19796,27714400,0.000000
3995,39.960064,5953.785887558,5953.785887558,19801,27721400,0.000000
3996,39.970081,5953.795904194,5953.795904194,19806,27728400,0.000000
3997,39.980068,5953.805891814,5953.805891814,19811,27735400,0.000000
3998,39.990066,5953.815889657,5953.815889657,19816,27742400,0.000000
3999,40.000066,5953.825889649,5953.825889649,19821,27749400,0.000000
4000,40.010078,5953.835901847,5953.835901847,19826,27756400,0.000000
4001,40.020064,5953.845887765,5953.845887765,19831,27763400,0.000000
4002,40.030064,5953.855887344,5953.855887344,19836,27770400,0.000000
4003,40.040065,5953.865888781,5953.865888781,19841,27777400,0.000000
4004,40.050064,5953.875887209,5953.875887209,19846,27784400,0.000000
4005,40.060062,5953.885885966,5953.885885966,19851,27791400,0.000000
4006,40.070057,5953.895880611,5953.895880611,19856,27798400,0.000000
4007,40.080050,5953.905873145,5953.905873145,19861,27805400,0.000000
4008,40.090027,5953.915850215,5953.915850215,19866,27812400,0.000000
4009,40.100080,5953.925903244,5953.925903244,19871,27819400,0.000000
4010,40.110066,5953.935889399,5953.935889399,19875,27825000,0.000000
4011,40.120069,5953.945892043,5953.945892043,19880,27832000,0.000000
4012,40.130068,5953.955891594,5953.955891594,19885,27839000,0.000000
4013,40.140068,5953.965891258,5953.965891258,19890,27846000,0.000000
4014,40.150070,5953.975893136,5953.975893136,19895,27853000,0.000000
4015,40.160065,5953.985888731,5953.985888731,19900,27860000,0.000000
4016,40.170068,5953.995891697,5953.995891697,19905,27867000,0.000000
4017,40.180031,5954.005854500,5954.005854500,19910,27874000,0.000000
4018,40.190056,5954.015879268,5954.015879268,19915,27881000,0.000000
4019,40.200070,5954.025893507,5954.025893507,19920,27888000,0.000000
4020,40.210079,5954.035902817,5954.035902817,19925,27895000,0.000000
4021,40.220067,5954.045890870,5954.045890870,19930,27902000,0.000000
4022,40.230063,5954.055886077,5954.055886077,19935,27909000,0.000000
4023,40.240063,5954.065886662,5954.065886662,19940,27916000,0.000000
4024,40.250064,5954.075887842,5954.075887842,19945,27923000,0.000000
4025,40.260065,5954.085888438,5954.085888438,19950,27930000,0.000000
4026,40.270067,5954.095890820,5954.095890820,19955,27937000,0.000000
4027,40.280063,5954.105886932,5954.105886932,19960,27944000,0.000000
4028,40.290068,5954.115891962,5954.115891962,19965,27951000,0.000000
4029,40.300058,5954.125881498,5954.125881498,19970,27958000,0.000000
4030,40.310060,5954.135883460,5954.135883460,19975,27965000,0.000000
4031,40.320080,5954.145903574,5954.145903574,19980,27972000,0.000000
4032,40.330073,5954.155896650,5954.155896650,19984,27977600,0.000000
4033,40.340073,5954.165896457,5954.165896457,19989,27984600,0.000000
4034,40.350071,5954.175894850,5954.175894850,19994,27991600,0.000000
4035,40.360069,5954.185892023,5954.185892023,19999,27998600,0.000000
4036,40.370071,5954.195894096,5954.195894096,20004,28005600,0.000000
4037,40.380070,5954.205893484,5954.205893484,20009,28012600,0.000000
4038,40.390068,5954.215891143,5954.215891143,20014,28019600,0.000000
4039,40.400034,5954.225857902,5954.225857902,20019,28026600,0.000000
4040,40.410069,5954.235892042,5954.235892042,20024,28033600,0.000000
4041,40.420071,5954.245894582,5954.245894582,20029,28040600,0.000000
4042,40.430064,5954.255887550,5954.255887550,20034,28047600,0.000000
4043,40.440066,5954.265889521,5954.265889521,20039,28054600,0.000000
4044,40.450066,5954.275889372,5954.275889372,20044,28061600,0.000000
4045,40.460065,5954.285888489,5954.285888489,20049,28068600,0.000000
4046,40.470064,5954.295887665,5954.295887665,20054,28075600,0.000000
4047,40.480066,5954.305889215,5954.305889215,20059,28082600,0.000000
4048,40.490069,5954.315892267,5954.315892267,20064,28089600,0.000000
4049,40.500069,5954.325892341,5954.325892341,20069,28096600,0.000000
4050,40.510063,5954.335886904,5954.335886904,20074,28103600,0.000000
4051,40.520060,5954.345882976,5954.345882976,20079,28110600,0.000000
4052,40.530051,5954.355874420,5954.355874420,20084,28117600,0.000000
4053,40.540037,5954.365860280,5954.365860280,20089,28124600,0.000000
4054,40.550074,5954.375897185,5954.375897185,20094,28131600,0.000000
4055,40.560068,5954.385891022,5954.385891022,20098,28137200,0.000000
4056,40.570067,5954.395890249,5954.395890249,20103,28144200,0.000000
4057,40.580065,5954.405888420,5954.405888420,20108,28151200,0.000000
4058,40.590072,5954.415895006,5954.415895006,20113,28158200,0.000000
4059,40.600066,5954.425889100,5954.425889100,20118,28165200,0.000000
4060,40.610067,5954.435890208,5954.435890208,20123,28172200,0.000000
4061,40.620069,5954.445892763,5954.445892763,20128,28179200,0.000000
4062,40.630062,5954.455885821,5954.455885821,20133,28186200,0.000000
4063,40.640062,5954.465885199,5954.465885199,20138,28193200,0.000000
4064,40.650069,5954.475892247,5954.475892247,20143,28200200,0.000000
4065,40.660064,5954.485887390,5954.485887390,20148,28207200,0.000000
4066,40.670058,5954.495881939,5954.495881939,20153,28214200,0.000000
4067,40.680063,5954.505886890,5954.505886890,20158,28221200,0.000000
4068,40.690063,5954.515886893,5954.515886893,20163,28228200,0.000000
4069,40.700066,5954.525889503,5954.525889503,20168,28235200,0.000000
4070,40.710060,5954.535883910,5954.535883910,20173,28242200,0.000000
4071,40.720062,5954.545885271,5954.545885271,20178,28249200,0.000000
4072,40.730062,5954.555885069,5954.555885069,20183,28256200,0.000000
4073,40.740058,5954.565881877,5954.565881877,20188,28263200,0.000000
4074,40.750033,5954.575856854,5954.575856854,20193,28270200,0.000000
4075,40.760005,5954.585828272,5954.585828272,20198,28277200,0.000000
4076,40.770077,5954.595900212,5954.595900212,20203,28284200,0.000000
4077,40.780067,5954.605890562,5954.605890562,20207,28289800,0.000000
4078,40.790067,5954.615890293,5954.615890293,20212,28296800,0.000000
4079,40.800066,5954.625889656,5954.625889656,20217,28303800,0.000000
4080,40.810098,5954.635921397,5954.635921397,20222,28310800,0.000000
4081,40.820071,5954.645894214,5954.645894214,20227,28317800,0.000000
4082,40.830038,5954.655861849,5954.655861849,20232,28324800,0.000000
4083,40.840066,5954.665889386,5954.665889386,20237,28331800,0.000000
4084,40.850071,5954.675894860,5954.675894860,20242,28338800,0.000000
4085,40.860068,5954.685891008,5954.685891008,20247,28345800,0.000000
4086,40.870074,5954.695897900,5954.695897900,20252,28352800,0.000000
4087,40.880065,5954.705888442,5954.705888442,20257,28359800,0.000000
4088,40.890067,5954.715890110,5954.715890110,20262,28366800,0.000000
4089,40.900019,5954.725842423,5954.725842423,20267,28373800,0.000000
4090,40.910064,5954.735887681,5954.735887681,20272,28380800,0.000000
4091,40.920016,5954.745839577,5954.745839577,20277,28387800,0.000000
4092,40.930064,5954.755887184,5954.755887184,20282,28394800,0.000000
4093,40.940069,5954.765892352,5954.765892352,20287,28401800,0.000000
4094,40.950064,5954.775887882,5954.775887882,20292,28408800,0.000000
4095,40.960012,5954.785835906,5954.785835906,20297,28415800,0.000000
4096,40.970059,5954.795882185,5954.795882185,20302,28422800,0.000000
4097,40.980057,5954.805880622,5954.805880622,20307,28429800,0.000000
4098,40.990061,5954.815884299,5954.815884299,20312,28436800,0.000000
4099,41.000069,5954.825892945,5954.825892945,20316,28442400,0.000000
4100,41.010067,5954.835890936,5954.835890936,20321,28449400,0.000000
4101,41.020064,5954.845887370,5954.845887370,20326,28456400,0.000000
4102,41.030068,5954.855891826,5954.855891826,20331,28463400,0.000000
4103,41.040068,5954.865891206,5954.865891206,20336,28470400,0.000000
4104,41.050066,5954.875889380,5954.875889380,20341,28477400,0.000000
4105,41.060069,5954.885892755,5954.885892755,20346,28484400,0.000000
4106,41.070063,5954.895886228,5954.895886228,20351,28491400,0.000000
4107,41.080066,5954.905889014,5954.905889014,20356,28498400,0.000000
4108,41.090064,5954.915887930,5954.915887930,20361,28505400,0.000000
4109,41.100070,5954.925893378,5954.925893378,20366,28512400,0.000000
4110,41.110062,5954.935885054,5954.935885054,20371,28519400,0.000000
4111,41.120064,5954.945887398,5954.945887398,20376,28526400,0.000000
4112,41.130063,5954.955886868,5954.955886868,20381,28533400,0.000000
4113,41.140062,5954.965885693,5954.965885693,20386,28540400,0.000000
4114,41.150061,5954.975884882,5954.975884882,20391,28547400,0.000000
4115,41.160064,5954.985887024,5954.985887024,20396,28554400,0.000000
4116,41.170059,5954.995882747,5954.995882747,20401,28561400,0.000000
4117,41.180060,5955.005883253,5955.005883253,20406,28568400,0.000000
4118,41.190067,5955.015890302,5955.015890302,20411,28575400,0.000000
4119,41.200069,5955.025892565,5955.025892565,20416,28582400,0.000000
4120,41.210022,5955.035845936,5955.035845936,20421,28589400,0.000000
4121,41.220070,5955.045893296,5955.045893296,20426,28596400,0.000000
4122,41.230070,5955.055893610,5955.055893610,20430,28602000,0.000000
4123,41.240067,5955.065890534,5955.065890534,20435,28609000,0.000000
4124,41.250071,5955.075894028,5955.075894028,20440,28616000,0.000000
4125,41.260067,5955.085890446,5955.085890446,20445,28623000,0.000000
4126,41.270067,5955.095890120,5955.095890120,20450,28630000,0.000000
4127,41.280067,5955.105890007,5955.105890007,20455,28637000,0.000000
4128,41.290067,5955.115890864,5955.115890864,20460,28644000,0.000000
4129,41.300069,5955.125892513,5955.125892513,20465,28651000,0.000000
4130,41.310069,5955.135892354,5955.135892354,20470,28658000,0.000000
4131,41.320071,5955.145894064,5955.145894064,20475,28665000,0.000000
4132,41.330067,5955.155890506,5955.155890506,20480,28672000,0.000000
4133,41.340059,5955.165882668,5955.165882668,20485,28679000,0.000000
4134,41.350065,5955.175888272,5955.175888272,20490,28686000,0.000000
4135,41.360074,5955.185897479,5955.185897479,20495,28693000,0.000000
4136,41.370065,5955.195888920,5955.195888920,20500,28700000,0.000000
4137,41.380060,5955.205883076,5955.205883076,20505,28707000,0.000000
4138,41.390033,5955.215856528,5955.215856528,20510,28714000,0.000000
4139,41.400065,5955.225888453,5955.225888453,20515,28721000,0.000000
4140,41.410067,5955.235890041,5955.235890041,20520,28728000,0.000000
4141,41.420058,5955.245881365,5955.245881365,20525,28735000,0.000000
4142,41.430062,5955.255885306,5955.255885306,20530,28742000,0.000000
4143,41.440078,5955.265901889,5955.265901889,20535,28749000,0.000000
4144,41.450064,5955.275887884,5955.275887884,20539,28754600,0.000000
4145,41.460067,5955.285890423,5955.285890423,20544,28761600,0.000000
4146,41.470063,5955.295886928,5955.295886928,20549,28768600,0.000000
4147,41.480069,5955.305892175,5955.305892175,20554,28775600,0.000000
4148,41.490068,5955.315891064,5955.315891064,20559,28782600,0.000000
4149,41.500073,5955.325896836,5955.325896836,20564,28789600,0.000000
4150,41.510069,5955.335892404,5955.335892404,20569,28796600,0.000000
4151,41.520071,5955.345894777,5955.345894777,20574,28803600,0.000000
4152,41.530066,5955.355889125,5955.355889125,20579,28810600,0.000000
4153,41.540066,5955.365889738,5955.365889738,20584,28817600,0.000000
4154,41.550064,5955.375887665,5955.375887665,20589,28824600,0.000000
4155,41.560064,5955.385887390,5955.385887390,20594,28831600,0.000000
4156,41.570063,5955.395886251,5955.395886251,20599,28838600,0.000000
4157,41.580063,5955.405886495,5955.405886495,20604,28845600,0.000000
4158,41.590063,5955.415886809,5955.415886809,20609,28852600,0.000000
4159,41.600063,5955.425886410,5955.425886410,20614,28859600,0.000000
4160,41.610069,5955.435892501,5955.435892501,20619,28866600,0.000000
4161,41.620060,5955.445883610,5955.445883610,20624,28873600,0.000000
4162,41.630064,5955.455887872,5955.455887872,20629,28880600,0.000000
4163,41.640062,5955.465885665,5955.465885665,20634,28887600,0.000000
4164,41.650067,5955.475890524,5955.475890524,20639,28894600,0.000000
4165,41.660043,5955.485866568,5955.485866568,20644,28901600,0.000000
4166,41.670041,5955.495864580,5955.495864580,20648,28907200,0.000000
4167,41.680064,5955.505887466,5955.505887466,20653,28914200,0.000000
4168,41.690068,5955.515891145,5955.515891145,20658,28921200,0.000000
4169,41.700068,5955.525891575,5955.525891575,20663,28928200,0.000000
4170,41.710068,5955.535891533,5955.535891533,20668,28935200,0.000000
4171,41.720065,5955.545888777,5955.545888777,20673,28942200,0.000000
4172,41.730073,5955.555896363,5955.555896363,20678,28949200,0.000000
4173,41.740066,5955.565889211,5955.565889211,20683,28956200,0.000000
4174,41.750070,5955.575893257,5955.575893257,20688,28963200,0.000000
4175,41.760064,5955.585887573,5955.585887573,20693,28970200,0.000000
4176,41.770067,5955.595890368,5955.595890368,20698,28977200,0.000000
4177,41.780063,5955.605886846,5955.605886846,20703,28984200,0.000000
4178,41.790050,5955.615873277,5955.615873277,20708,28991200,0.000000
4179,41.800069,5955.625892187,5955.625892187,20713,28998200,0.000000
4180,41.810065,5955.635888194,5955.635888194,20718,29005200,0.000000
4181,41.820065,5955.645888296,5955.645888296,20723,29012200,0.000000
4182,41.830067,5955.655890495,5955.655890495,20728,29019200,0.000000
4183,41.840064,5955.665886976,5955.665886976,20733,29026200,0.000000
4184,41.850064,5955.675887013,5955.675887013,20738,29033200,0.000000
4185,41.860064,5955.685887806,5955.685887806,20743,29040200,0.000000
4186,41.870031,5955.695854644,5955.695854644,20748,29047200,0.000000
4187,41.880025,5955.705848025,5955.705848025,20753,29054200,0.000000
4188,41.890097,5955.715920667,5955.715920667,20758,29061200,0.000000
4189,41.900084,5955.725906993,5955.725906993,20762,29066800,0.000000
4190,41.910068,5955.735891859,5955.735891859,20767,29073800,0.000000
4191,41.920069,5955.745892774,5955.745892774,20772,29080800,0.000000
4192,41.930067,5955.755890689,5955.755890689,20777,29087800,0.000000
4193,41.940071,5955.765894228,5955.765894228,20782,29094800,0.000000
4194,41.950066,5955.775889054,5955.775889054,20787,29101800,0.000000
4195,41.960064,5955.785887178,5955.785887178,20792,29108800,0.000000
4196,41.970064,5955.795887661,5955.795887661,20797,29115800,0.000000
4197,41.980065,5955.805888546,5955.805888546,20802,29122800,0.000000
4198,41.990066,5955.815889357,5955.815889357,20807,29129800,0.000000
