episode,seed,epsilon,train_return,train_loss,steps,z_steps
1,401000,1.0,1.7937762,,5,0
2,401001,0.99,-0.05223897,,5,12
3,401002,0.9801,1.83473502,,4,0
4,401003,0.970299,1.5460304,,4,12
5,401004,0.96059601,1.62260427,,4,1
6,401005,0.95099005,1.81042145,,4,1
7,401006,0.94148015,4.02533741,,5,3
8,401007,0.93206535,1.71719379,,4,8
9,401008,0.92274469,3.73169882,,4,1
10,401009,0.91351725,2.87212955,,5,8
11,401010,0.90438208,2.53803047,,4,0
12,401011,0.89533825,-0.12895666,,5,1
13,401012,0.88638487,2.71502404,,4,0
14,401013,0.87752102,3.81400357,,4,12
15,401014,0.86874581,3.60180572,,4,0
16,401015,0.86005835,3.0080303,,4,3
17,401016,0.85145777,1.81208829,,4,1
18,401017,0.84294319,2.71928685,,4,3
19,401018,0.83451376,1.71554755,,4,3
20,401019,0.82616862,2.54300652,,4,5
21,401020,0.81790694,1.80569855,,4,3
22,401021,0.80972787,0.97230342,,4,5
23,401022,0.80163059,2.96233637,,5,3
24,401023,0.79361428,3.65538936,,4,8
25,401024,0.78567814,0.77553278,,4,3
26,401025,0.77782136,1.63873354,,4,3
27,401026,0.77004315,2.87356897,,4,8
28,401027,0.76234271,2.39510048,,4,12
29,401028,0.75471929,3.65558094,,4,5
30,401029,0.74717209,0.91818023,,5,12
31,401030,0.73970037,3.30943671,,5,8
32,401031,0.73230337,2.02603673,,5,8
33,401032,0.72498034,2.8268847,,4,8
34,401033,0.71773053,3.67421472,,4,1
35,401034,0.71055323,2.86143419,,4,5
36,401035,0.70344769,2.75564916,,4,1
37,401036,0.69641322,2.0272086,,5,0
38,401037,0.68944909,3.73167055,,4,0
39,401038,0.6825546,-1.30128992,,5,1
40,401039,0.67572905,2.93758454,,5,3
41,401040,0.66897176,3.98155518,,5,12
42,401041,0.66228204,0.95674603,,4,8
43,401042,0.65565922,2.74840786,,4,0
44,401043,0.64910263,3.8547058,,4,0
45,401044,0.6426116,1.06689691,,4,0
46,401045,0.63618549,2.04995007,,4,3
47,401046,0.62982363,2.93796912,,5,0
48,401047,0.62352539,1.69789544,,5,8
49,401048,0.61729014,2.82844019,,4,5
50,401049,0.61111724,2.57754329,,4,0
51,401050,0.60500607,1.81574788,,4,12
52,401051,0.59895601,2.70025693,,4,3
53,401052,0.59296645,1.67110382,,4,1
54,401053,0.58703678,2.84038903,,4,8
55,401054,0.58116641,3.77461875,,4,5
56,401055,0.57535475,3.67729627,,4,3
57,401056,0.5696012,1.8467445,,4,8
58,401057,0.56390519,2.94900839,,4,3
59,401058,0.55826614,1.59659002,,4,0
60,401059,0.55268348,1.81426799,,4,5
61,401060,0.54715664,2.91889315,,4,3
62,401061,0.54168508,2.51518678,,4,1
63,401062,0.53626823,-1.07003371,,5,3
64,401063,0.53090554,1.96557211,,4,3
65,401064,0.52559649,3.69092485,,4,8
66,401065,0.52034052,3.00549428,,4,3
67,401066,0.51513712,2.68244305,,4,1
68,401067,0.50998575,1.82792178,,4,5
69,401068,0.50488589,1.90289449,,4,3
70,401069,0.49983703,2.78125788,,4,5
71,401070,0.49483866,3.94229518,,5,5
72,401071,0.48989027,3.19203069,,5,1
73,401072,0.48499137,3.68417454,,4,8
74,401073,0.48014146,2.56836478,,4,0
75,401074,0.47534004,1.67608937,,4,3
76,401075,0.47058664,2.92534127,,4,3
77,401076,0.46588078,3.79391358,,4,5
78,401077,0.46122197,2.60988836,,4,5
79,401078,0.45660975,2.98340457,,4,8
80,401079,0.45204365,2.91363357,,4,1
81,401080,0.44752321,2.93673923,,4,8
82,401081,0.44304798,1.52130326,,4,5
83,401082,0.4386175,2.91754447,,4,8
84,401083,0.43423133,2.92566897,,4,0
85,401084,0.42988901,1.81349969,,4,1
86,401085,0.42559012,2.69813901,,4,1
87,401086,0.42133422,2.06410109,,4,0
88,401087,0.41712088,3.07153819,,4,5
89,401088,0.41294967,3.65901961,,4,12
90,401089,0.40882017,2.90374915,,4,12
91,401090,0.40473197,3.69395357,,4,0
92,401091,0.40068465,3.96555339,,5,12
93,401092,0.39667781,0.71123112,,4,3
94,401093,0.39271103,0.76636995,,4,1
95,401094,0.38878392,2.96474792,,4,8
96,401095,0.38489608,2.71641832,,4,5
97,401096,0.38104712,2.80303475,,4,12
98,401097,0.37723665,2.98318751,,4,0
99,401098,0.37346428,1.90940905,,4,12
100,401099,0.36972964,2.87852283,,4,12
101,401100,0.36603234,1.73875335,,4,5
102,401101,0.36237202,1.47369848,,4,5
103,401102,0.3587483,3.67651019,,4,0
104,401103,0.35516081,1.89699516,,4,8
105,401104,0.35160921,1.75349445,,5,1
106,401105,0.34809311,3.02141769,,4,12
107,401106,0.34461218,0.76609826,,5,0
108,401107,0.34116606,3.86151333,,4,8
109,401108,0.3377544,1.56010917,,4,1
110,401109,0.33437686,1.01948872,,4,8
111,401110,0.33103309,0.58449378,,4,8
112,401111,0.32772276,2.76103251,,5,5
113,401112,0.32444553,3.70348724,,4,5
114,401113,0.32120107,3.55697513,,4,12
115,401114,0.31798906,1.29448436,,4,1
116,401115,0.31480917,3.7549314,,4,3
117,401116,0.31166108,0.54626865,,4,0
118,401117,0.30854447,2.81465816,,4,12
119,401118,0.30545903,0.57878332,,4,1
120,401119,0.30240444,2.89979668,0.59117771,4,1
121,401120,0.29938039,2.67969812,0.65313643,4,8
122,401121,0.29638659,1.47353093,0.39741968,4,8
123,401122,0.29342272,2.75712219,0.40635616,5,0
124,401123,0.29048849,3.92079376,0.40368223,5,3
125,401124,0.28758361,1.86913552,0.34757017,4,0
126,401125,0.28470777,1.93193003,0.33493916,5,3
127,401126,0.2818607,2.71667526,0.31224883,5,0
128,401127,0.27904209,-0.28205057,0.32915111,5,1
129,401128,0.27625167,2.89100925,0.30510233,5,1
130,401129,0.27348915,1.58214077,0.288841,4,8
131,401130,0.27075426,2.70907972,0.33359897,5,1
132,401131,0.26804672,2.93668258,0.32931087,5,5
133,401132,0.26536625,2.05187339,0.32328011,5,5
134,401133,0.26271259,3.74780913,0.33784767,4,0
135,401134,0.26008546,2.71076141,0.31152516,4,3
136,401135,0.25748461,3.8900073,0.3304231,5,3
137,401136,0.25490976,2.98752593,0.26670562,4,12
138,401137,0.25236066,2.65726018,0.25413276,4,0
139,401138,0.24983706,1.66459605,0.29366031,5,12
140,401139,0.24733869,0.10087956,0.28501762,5,3
141,401140,0.2448653,1.97020714,0.25516081,5,3
142,401141,0.24241665,2.66384085,0.32347956,4,8
143,401142,0.23999248,1.73947561,0.27743758,5,12
144,401143,0.23759255,-0.10757174,0.25547397,5,1
145,401144,0.23521663,1.00388761,0.30730698,5,3
146,401145,0.23286446,1.70358746,0.26049584,5,3
147,401146,0.23053582,0.44394816,0.23116889,5,1
148,401147,0.22823046,2.83283749,0.28025206,5,1
149,401148,0.22594816,3.68294088,0.26322369,4,12
150,401149,0.22368867,1.32435182,0.32266085,5,3
151,401150,0.22145179,-0.15195559,0.30078737,5,1
152,401151,0.21923727,2.6125094,0.30806858,4,1
153,401152,0.2170449,0.93473021,0.30138264,5,3
154,401153,0.21487445,2.59048839,0.33703224,4,0
155,401154,0.2127257,3.00908056,0.3061803,5,12
156,401155,0.21059845,2.90545143,0.32969242,5,5
157,401156,0.20849246,0.96480246,0.29361916,5,8
158,401157,0.20640754,3.31339079,0.29269384,5,8
159,401158,0.20434346,1.59196289,0.33460089,4,1
160,401159,0.20230003,1.49447879,0.33706051,4,1
161,401160,0.20027703,1.04025804,0.3087724,5,8
162,401161,0.19827426,2.92803151,0.29921549,4,1
163,401162,0.19629151,2.77037383,0.40786007,4,0
164,401163,0.1943286,2.0388213,0.48950849,5,12
165,401164,0.19238531,2.91676619,0.41459668,4,3
166,401165,0.19046146,2.94097061,0.36042589,4,0
167,401166,0.18855685,2.59563361,0.36475397,4,12
168,401167,0.18667128,1.39044168,0.37366764,4,8
169,401168,0.18480456,2.3771131,0.31936248,4,5
170,401169,0.18295652,1.62928049,0.30947625,4,12
171,401170,0.18112695,2.04673607,0.29156586,4,0
172,401171,0.17931568,1.85758545,0.29694591,4,8
173,401172,0.17752253,3.79403395,0.26314857,4,1
174,401173,0.1757473,2.90414495,0.2688735,4,5
175,401174,0.17398983,3.7037135,0.2287502,4,5
176,401175,0.17224993,2.69231111,0.26328494,4,8
177,401176,0.17052743,2.65755602,0.21076793,4,3
178,401177,0.16882216,2.01332583,0.23668756,4,8
179,401178,0.16713394,2.45774023,0.24343887,4,1
180,401179,0.1654626,2.49048957,0.20598361,4,3
181,401180,0.16380797,2.5368105,0.22498859,4,3
182,401181,0.16216989,2.46822882,0.22617031,4,5
183,401182,0.16054819,2.65997083,0.1570641,4,12
184,401183,0.15894271,2.52089238,0.19265439,4,0
185,401184,0.15735328,2.26043892,0.20142391,5,8
186,401185,0.15577975,3.00074366,0.19393122,4,0
187,401186,0.15422195,2.83668433,0.20200687,4,3
188,401187,0.15267973,1.95932456,0.18467448,4,1
189,401188,0.15115293,2.94317507,0.17986426,4,5
190,401189,0.14964141,2.53198773,0.17829303,4,0
191,401190,0.14814499,3.87003487,0.2131743,4,5
192,401191,0.14666354,2.00438381,0.1617658,4,8
193,401192,0.14519691,2.43019644,0.17604057,4,12
194,401193,0.14374494,4.04665631,0.18666247,5,8
195,401194,0.14230749,1.68685877,0.157153,4,8
196,401195,0.14088441,3.73467998,0.1669779,4,3
197,401196,0.13947557,2.92097475,0.18244869,4,5
198,401197,0.13808081,3.7534679,0.20714899,4,0
199,401198,0.1367,2.75831551,0.17816498,4,8
200,401199,0.135333,2.85602013,0.19707366,4,3
201,401200,0.13397967,2.94394059,0.16172103,4,5
202,401201,0.13263988,3.01275943,0.15798317,4,1
203,401202,0.13131348,1.56996497,0.16959184,4,12
204,401203,0.13000034,3.8205185,0.13685984,4,5
205,401204,0.12870034,3.75845719,0.1791505,4,8
206,401205,0.12741334,1.83468338,0.17576912,4,3
207,401206,0.1261392,1.86622268,0.16832807,4,8
208,401207,0.12487781,1.9891625,0.16535318,4,3
209,401208,0.12362903,3.15138043,0.17533929,4,1
210,401209,0.12239274,0.70133904,0.18070052,5,3
211,401210,0.12116882,2.51905554,0.14927111,4,12
212,401211,0.11995713,3.00388592,0.2883361,5,0
213,401212,0.11875756,2.55858075,0.28876207,4,1
214,401213,0.11756998,2.93191892,0.21834192,4,0
215,401214,0.11639428,3.72206838,0.21482239,4,3
216,401215,0.11523034,2.4658528,0.16127813,4,1
217,401216,0.11407804,2.50653229,0.16455441,4,1
218,401217,0.11293725,1.96807878,0.16887657,4,3
219,401218,0.11180788,1.60332693,0.17043946,4,5
220,401219,0.1106898,1.71896116,0.16139141,5,3
221,401220,0.10958291,3.69552832,0.18410879,4,5
222,401221,0.10848708,1.8429944,0.14148111,4,1
223,401222,0.10740221,2.83379145,0.16838923,4,0
224,401223,0.10632818,1.82061674,0.15520159,4,12
225,401224,0.1052649,2.21977272,0.14997904,4,1
226,401225,0.10421225,3.68939415,0.14788517,4,8
227,401226,0.10317013,2.70010487,0.12827308,4,1
228,401227,0.10213843,2.18087824,0.15129,4,8
229,401228,0.10111704,1.87634618,0.14428231,4,0
230,401229,0.10010587,2.0037607,0.15215918,4,12
231,401230,0.09910482,2.92207832,0.16648882,4,1
232,401231,0.09811377,2.66535306,0.13702479,4,8
233,401232,0.09713263,2.6025422,0.14826928,4,3
234,401233,0.0961613,3.69454059,0.1619754,4,1
235,401234,0.09519969,3.87070245,0.15119709,4,8
236,401235,0.09424769,1.01479097,0.14343218,5,0
237,401236,0.09330522,2.85369912,0.17394271,4,1
238,401237,0.09237216,3.01717953,0.15869584,4,12
239,401238,0.09144844,2.09618748,0.14536844,4,1
240,401239,0.09053396,3.69272256,0.12150439,4,3
241,401240,0.08962862,1.74264614,0.14143006,4,12
242,401241,0.08873233,0.98313941,0.16170209,5,1
243,401242,0.08784501,3.78511776,0.17166571,4,0
244,401243,0.08696656,1.77950492,0.15567613,4,1
245,401244,0.08609689,3.67226224,0.14421903,4,0
246,401245,0.08523592,2.52724584,0.14910107,4,0
247,401246,0.08438357,1.67321547,0.14234086,4,12
248,401247,0.08353973,1.29173782,0.15136147,5,1
249,401248,0.08270433,2.51972058,0.13304193,4,3
250,401249,0.08187729,0.67702719,0.13918366,4,1
251,401250,0.08105852,2.79520017,0.13072136,4,8
252,401251,0.08024793,3.12062815,0.1377264,4,12
253,401252,0.07944545,1.83544416,0.16791453,4,3
254,401253,0.078651,3.836028,0.17490762,4,12
255,401254,0.07786449,2.74512839,0.14443748,4,3
256,401255,0.07708584,2.88227715,0.14164934,4,0
257,401256,0.07631498,2.46296165,0.13339805,4,3
258,401257,0.07555183,0.58788042,0.13859788,4,1
259,401258,0.07479632,2.03917576,0.14113239,4,3
260,401259,0.07404835,2.78594456,0.14557034,4,3
261,401260,0.07330787,1.48219713,0.29042076,4,5
262,401261,0.07257479,1.64814706,0.2224995,4,0
263,401262,0.07184904,3.71845417,0.22638449,4,12
264,401263,0.07113055,1.96778192,0.15837453,4,5
265,401264,0.07041925,2.96906409,0.15754572,4,3
266,401265,0.06971505,2.14196159,0.15881013,5,8
267,401266,0.0690179,2.00023748,0.14511516,5,12
268,401267,0.06832772,1.74303124,0.13310388,4,5
269,401268,0.06764445,-0.16387221,0.1322433,5,8
270,401269,0.066968,2.80775134,0.16478949,4,12
271,401270,0.06629832,2.87233223,0.13130648,4,5
272,401271,0.06563534,2.49068242,0.1472798,4,1
273,401272,0.06497899,1.97958579,0.14958129,4,0
274,401273,0.0643292,3.67073769,0.11600462,4,12
275,401274,0.0636859,2.72467521,0.15807445,4,3
276,401275,0.06304905,3.0089801,0.12416099,5,0
277,401276,0.06241855,3.29710737,0.13136101,5,0
278,401277,0.06179437,0.67211618,0.13343396,5,8
279,401278,0.06117643,2.69167109,0.12822206,4,3
280,401279,0.06056466,3.69355589,0.15307931,4,5
281,401280,0.05995901,3.00098243,0.14128753,4,5
282,401281,0.05935942,3.74838512,0.14375611,4,0
283,401282,0.05876583,1.99690968,0.1507941,5,0
284,401283,0.05817817,1.92640679,0.13703593,4,12
285,401284,0.05759639,2.99933564,0.13028581,5,8
286,401285,0.05702043,3.68876098,0.15063137,4,12
287,401286,0.05645022,3.71578472,0.11702115,4,0
288,401287,0.05588572,0.76078984,0.13530345,5,8
289,401288,0.05532686,2.6953139,0.12987215,4,0
290,401289,0.05477359,0.66280591,0.1285053,4,8
291,401290,0.05422586,3.80091659,0.13451534,4,1
292,401291,0.0536836,2.17221698,0.14298703,5,8
293,401292,0.05314676,1.93333411,0.12839577,4,1
294,401293,0.0526153,2.80954652,0.11425012,5,12
295,401294,0.05208914,3.38943161,0.1148109,5,0
296,401295,0.05156825,-0.3253409,0.10834605,5,8
297,401296,0.05105257,2.95985505,0.11878953,5,1
298,401297,0.05054204,1.48968677,0.14973116,4,3
299,401298,0.05003662,3.83248767,0.12653769,4,1
300,401299,0.05,3.71424152,0.10703647,4,0
301,401300,0.05,2.93954006,0.13631733,4,5
302,401301,0.05,2.50355498,0.12860483,4,12
303,401302,0.05,1.23513356,0.13043623,5,8
304,401303,0.05,2.98849839,0.14131925,5,12
305,401304,0.05,2.41638748,0.14331712,5,8
306,401305,0.05,2.75593299,0.1189136,5,12
307,401306,0.05,3.01661185,0.14800174,4,3
308,401307,0.05,2.89856327,0.12950524,4,0
309,401308,0.05,3.70625086,0.1469469,4,5
310,401309,0.05,2.48777343,0.15290582,4,5
311,401310,0.05,1.96857304,0.15299372,4,12
312,401311,0.05,3.72770326,0.12546946,4,8
313,401312,0.05,1.91960795,0.12388153,5,8
314,401313,0.05,1.13182162,0.14405758,4,5
315,401314,0.05,0.00660033,0.15030198,5,8
316,401315,0.05,1.53349784,0.15058599,4,8
317,401316,0.05,2.98963319,0.1494775,4,8
318,401317,0.05,3.06285123,0.11874016,4,5
319,401318,0.05,2.90264053,0.12860359,4,0
320,401319,0.05,1.58092503,0.11513962,4,12
321,401320,0.05,2.52897915,0.13712985,4,8
322,401321,0.05,1.91871519,0.12591153,4,8
323,401322,0.05,4.04433893,0.12162569,5,12
324,401323,0.05,2.05437641,0.14126255,4,3
325,401324,0.05,3.76501452,0.13970061,4,1
326,401325,0.05,3.75010517,0.10149563,4,1
327,401326,0.05,2.89736895,0.12033847,4,8
328,401327,0.05,2.26355543,0.13822517,5,12
329,401328,0.05,2.79039678,0.12807018,4,12
330,401329,0.05,0.66507428,0.12290273,4,3
331,401330,0.05,2.45872913,0.10854305,4,5
332,401331,0.05,1.69302384,0.1162399,4,5
333,401332,0.05,2.62583691,0.1335708,4,0
334,401333,0.05,1.94153818,0.11445629,4,3
335,401334,0.05,3.67921961,0.11942542,4,1
336,401335,0.05,3.71437395,0.1255182,4,0
337,401336,0.05,1.48901874,0.1268148,4,0
338,401337,0.05,1.83673539,0.13132403,4,1
339,401338,0.05,3.9414126,0.11172388,5,8
340,401339,0.05,2.72433492,0.11957019,4,1
341,401340,0.05,2.41372123,0.12271758,4,1
342,401341,0.05,3.74019364,0.11465283,4,3
343,401342,0.05,0.74416924,0.12961083,4,3
344,401343,0.05,3.73324574,0.14132521,4,0
345,401344,0.05,2.87334748,0.12473575,4,8
346,401345,0.05,2.54007014,0.13727599,4,12
347,401346,0.05,2.66944762,0.1503724,4,8
348,401347,0.05,3.82673303,0.12081227,4,5
349,401348,0.05,1.72200389,0.1339494,4,5
350,401349,0.05,2.83476985,0.11881394,4,12
351,401350,0.05,2.50105277,0.12811515,4,1
352,401351,0.05,2.98863029,0.13572729,4,0
353,401352,0.05,1.9081364,0.13251613,5,8
354,401353,0.05,3.69645336,0.14439161,4,3
355,401354,0.05,3.60599222,0.12259268,4,5
356,401355,0.05,1.89494085,0.12810621,4,3
357,401356,0.05,2.1196822,0.11006544,4,8
358,401357,0.05,1.95649571,0.12748879,4,8
359,401358,0.05,3.71035582,0.12431023,4,0
360,401359,0.05,2.90996994,0.12408939,4,0
361,401360,0.05,3.90012767,0.11334031,4,3
362,401361,0.05,2.81870732,0.10324104,4,5
363,401362,0.05,3.68825379,0.08522741,4,3
364,401363,0.05,2.64426911,0.10322294,4,1
365,401364,0.05,3.63930423,0.10811302,4,5
366,401365,0.05,2.70546298,0.12780285,4,1
367,401366,0.05,3.82671365,0.12120579,4,12
368,401367,0.05,1.55782407,0.11343721,4,8
369,401368,0.05,3.13439345,0.12600191,4,12
370,401369,0.05,3.66607191,0.1223088,4,12
371,401370,0.05,2.66542121,0.1024102,4,1
372,401371,0.05,0.98792042,0.12223769,5,8
373,401372,0.05,1.80559655,0.10392303,5,1
374,401373,0.05,2.78284112,0.11981957,4,5
375,401374,0.05,2.45712821,0.12630071,4,5
376,401375,0.05,3.08081847,0.12179359,5,12
377,401376,0.05,2.93978294,0.12146979,4,0
378,401377,0.05,2.19094068,0.11082778,5,12
379,401378,0.05,2.01492194,0.10650115,5,1
380,401379,0.05,3.66706756,0.10444664,4,3
381,401380,0.05,2.69992197,0.09909485,4,5
382,401381,0.05,1.87650758,0.11049416,4,8
383,401382,0.05,2.86505109,0.11764461,5,12
384,401383,0.05,3.08863919,0.12292273,5,12
385,401384,0.05,1.75136508,0.09484092,4,12
386,401385,0.05,2.20224047,0.13181127,5,0
387,401386,0.05,1.91712849,0.11337724,4,0
388,401387,0.05,3.76454446,0.0950644,4,5
389,401388,0.05,1.97141676,0.11222414,4,0
390,401389,0.05,1.80758474,0.11159062,4,3
391,401390,0.05,3.75861109,0.10226363,4,1
392,401391,0.05,2.95408797,0.1074524,5,0
393,401392,0.05,1.86379597,0.13209455,4,5
394,401393,0.05,2.56838752,0.10534344,4,1
395,401394,0.05,2.98961219,0.12736182,4,5
396,401395,0.05,1.9062363,0.09794369,4,12
397,401396,0.05,2.64032658,0.12385646,4,8
398,401397,0.05,3.74824629,0.10526987,4,3
399,401398,0.05,1.99909785,0.11189279,4,0
400,401399,0.05,2.02804646,0.1151176,5,1
401,401400,0.05,2.61151345,0.12102703,4,0
402,401401,0.05,2.00132439,0.10712817,4,12
403,401402,0.05,2.94865665,0.10398832,4,8
404,401403,0.05,2.86814419,0.10650308,4,12
405,401404,0.05,1.52683223,0.10774209,4,3
406,401405,0.05,2.96610195,0.12094266,4,5
407,401406,0.05,2.76851564,0.1253934,4,0
408,401407,0.05,2.86200478,0.12990225,4,5
409,401408,0.05,3.73804364,0.10502524,4,12
410,401409,0.05,2.48431225,0.0985968,4,1
411,401410,0.05,3.68551189,0.12418706,4,3
412,401411,0.05,3.73879655,0.10887699,4,1
413,401412,0.05,1.62337384,0.10273657,4,1
414,401413,0.05,-1.10836178,0.13072504,5,8
415,401414,0.05,2.63735927,0.11213727,4,1
416,401415,0.05,2.68357079,0.11123354,4,8
417,401416,0.05,2.46685724,0.09624094,4,3
418,401417,0.05,2.85367479,0.11049583,4,5
419,401418,0.05,3.6898844,0.12843975,4,1
420,401419,0.05,4.03933531,0.10909406,5,8
421,401420,0.05,1.57777228,0.09383495,4,8
422,401421,0.05,3.04994062,0.10202591,5,8
423,401422,0.05,3.72783977,0.0972487,4,12
424,401423,0.05,2.70580187,0.12765139,4,8
425,401424,0.05,3.72559173,0.10545954,4,5
426,401425,0.05,1.82807425,0.11373699,5,8
427,401426,0.05,0.62500494,0.11413,4,12
428,401427,0.05,2.9801008,0.111031,4,3
429,401428,0.05,1.92753264,0.10587624,4,1
430,401429,0.05,1.24218726,0.10127947,4,1
431,401430,0.05,3.79004801,0.10987601,4,0
432,401431,0.05,3.24368708,0.1118056,4,3
433,401432,0.05,2.58011521,0.10111424,4,5
434,401433,0.05,1.67583147,0.09381719,4,3
435,401434,0.05,2.77049099,0.09363147,4,12
436,401435,0.05,0.60126766,0.1201497,4,5
437,401436,0.05,3.69672379,0.10199429,4,12
438,401437,0.05,2.40961235,0.11185983,4,1
439,401438,0.05,2.50213475,0.11013557,4,8
440,401439,0.05,1.52578066,0.11495187,4,12
441,401440,0.05,3.18419351,0.09377553,4,5
442,401441,0.05,1.07118316,0.10743066,5,12
443,401442,0.05,1.00084976,0.11752171,5,8
444,401443,0.05,1.75661229,0.11146125,5,8
445,401444,0.05,3.80913298,0.12108183,4,1
446,401445,0.05,3.0039796,0.12559005,5,1
447,401446,0.05,1.60439664,0.11323763,4,5
448,401447,0.05,0.72072531,0.09611653,4,3
449,401448,0.05,4.00821809,0.1036164,5,8
450,401449,0.05,3.67179311,0.12154885,4,12
451,401450,0.05,2.03435013,0.11763281,4,1
452,401451,0.05,3.68374532,0.11481924,4,3
453,401452,0.05,1.97251208,0.1319413,4,1
454,401453,0.05,2.84704676,0.11465076,4,3
455,401454,0.05,3.72667757,0.12413603,4,12
456,401455,0.05,3.17272976,0.12081037,5,8
457,401456,0.05,2.78905555,0.1101911,4,3
458,401457,0.05,3.67524457,0.11232555,4,0
459,401458,0.05,3.86088789,0.12180202,4,3
460,401459,0.05,3.2712875,0.1118907,4,5
461,401460,0.05,1.08476286,0.10491537,5,12
462,401461,0.05,1.71007853,0.09450703,4,5
463,401462,0.05,1.84950662,0.11703976,4,3
464,401463,0.05,2.93432803,0.11091465,4,1
465,401464,0.05,3.68015758,0.10523549,4,0
466,401465,0.05,2.65919846,0.10831541,4,0
467,401466,0.05,1.80596263,0.09590701,4,5
468,401467,0.05,2.98113634,0.11587181,5,1
469,401468,0.05,2.70897575,0.11195566,4,8
470,401469,0.05,2.6798941,0.1102399,4,0
471,401470,0.05,3.96545806,0.11470514,5,8
472,401471,0.05,2.98242447,0.11765502,5,0
473,401472,0.05,2.96413167,0.09892746,4,3
474,401473,0.05,1.95231818,0.1146796,4,1
475,401474,0.05,2.98145281,0.10639481,4,5
476,401475,0.05,2.46363977,0.13114592,4,12
477,401476,0.05,1.43638911,0.10161915,4,5
478,401477,0.05,2.9504043,0.12070802,4,1
479,401478,0.05,2.84686033,0.10910399,4,0
480,401479,0.05,2.46545742,0.10159037,4,5
481,401480,0.05,2.81351119,0.11832314,4,3
482,401481,0.05,1.01833742,0.11089897,5,5
483,401482,0.05,3.74303943,0.1076717,4,3
484,401483,0.05,3.77699495,0.10728282,4,8
485,401484,0.05,2.31885721,0.10114677,4,5
486,401485,0.05,2.99941707,0.10819009,5,0
487,401486,0.05,2.88751217,0.11270799,4,1
488,401487,0.05,1.44808047,0.09953837,4,3
489,401488,0.05,2.93807241,0.10027965,4,8
490,401489,0.05,3.73310938,0.12927076,4,3
491,401490,0.05,3.75429129,0.11332783,4,0
492,401491,0.05,2.91938116,0.10466098,4,8
493,401492,0.05,2.54905351,0.09627924,4,5
494,401493,0.05,2.73970043,0.10676489,4,0
495,401494,0.05,2.76941882,0.12012777,4,12
496,401495,0.05,0.68056179,0.13145007,4,1
497,401496,0.05,3.67577422,0.11046609,4,3
498,401497,0.05,1.61619882,0.10648396,4,5
499,401498,0.05,2.50146125,0.10300869,4,0
500,401499,0.05,2.93307905,0.1056823,4,0
501,401500,0.05,2.70393728,0.10801153,4,3
502,401501,0.05,2.88448792,0.12444434,4,8
503,401502,0.05,2.48713003,0.09333768,4,1
504,401503,0.05,1.16727926,0.13278826,4,5
505,401504,0.05,2.74014605,0.10440761,4,5
506,401505,0.05,2.79746515,0.09650104,4,12
507,401506,0.05,2.04243903,0.0888837,4,5
508,401507,0.05,3.7600469,0.10133526,4,5
509,401508,0.05,2.86831556,0.1139535,4,0
510,401509,0.05,3.97118213,0.12749212,5,8
511,401510,0.05,2.57877806,0.10588009,4,0
512,401511,0.05,-0.28055207,0.10399295,4,12
513,401512,0.05,3.70724274,0.11949467,4,12
514,401513,0.05,2.9169499,0.10554638,4,0
515,401514,0.05,1.65905317,0.10997781,4,1
516,401515,0.05,1.53887132,0.11910933,4,8
517,401516,0.05,3.69894774,0.10666022,4,0
518,401517,0.05,3.74015542,0.09447263,4,3
519,401518,0.05,3.69752528,0.11809478,4,8
520,401519,0.05,3.05135574,0.11420618,5,1
521,401520,0.05,2.06259345,0.11588993,4,3
522,401521,0.05,1.71206793,0.10592487,4,5
523,401522,0.05,3.72122955,0.10878383,4,3
524,401523,0.05,3.7179659,0.11481617,4,1
525,401524,0.05,2.78107349,0.10560155,4,3
526,401525,0.05,2.94415319,0.1161928,4,1
527,401526,0.05,2.8743888,0.09694842,4,5
528,401527,0.05,0.73868088,0.11062114,4,12
529,401528,0.05,2.00769368,0.10298005,4,8
530,401529,0.05,2.8145274,0.10334575,4,12
531,401530,0.05,2.89320364,0.10697006,4,5
532,401531,0.05,1.54883686,0.09849416,4,8
533,401532,0.05,1.72481176,0.10533293,4,12
534,401533,0.05,3.97266631,0.10092025,5,1
535,401534,0.05,1.48255263,0.11951949,4,3
536,401535,0.05,0.85508352,0.10544427,4,12
537,401536,0.05,3.69075088,0.09548004,4,5
538,401537,0.05,1.51556095,0.1365882,4,3
539,401538,0.05,3.65269546,0.12290884,4,12
540,401539,0.05,2.94181513,0.12419428,4,3
541,401540,0.05,1.90801419,0.12693033,5,1
542,401541,0.05,3.88369451,0.10363753,4,12
543,401542,0.05,2.8170526,0.12723514,4,5
544,401543,0.05,3.68658192,0.11039675,4,1
545,401544,0.05,3.90241384,0.12282261,4,12
546,401545,0.05,3.58947854,0.09543742,4,0
547,401546,0.05,1.73519035,0.10648796,4,0
548,401547,0.05,3.25388119,0.0977915,4,12
549,401548,0.05,0.97235806,0.09517622,4,5
550,401549,0.05,3.75857123,0.1121404,4,12
551,401550,0.05,2.68700949,0.11275535,4,0
552,401551,0.05,2.51098866,0.10049478,4,3
553,401552,0.05,3.83001647,0.12375118,4,0
554,401553,0.05,3.76960278,0.11737635,4,5
555,401554,0.05,3.77614591,0.13677449,4,1
556,401555,0.05,2.44276181,0.10181844,4,1
557,401556,0.05,2.47541567,0.11218465,4,12
558,401557,0.05,3.05201189,0.09242532,4,0
559,401558,0.05,1.72537528,0.13616349,4,5
560,401559,0.05,3.6800328,0.10836971,4,0
561,401560,0.05,1.99008236,0.11393177,4,5
562,401561,0.05,-0.00537296,0.1270176,5,1
563,401562,0.05,2.68323719,0.11456223,4,0
564,401563,0.05,3.98328874,0.103806,5,3
565,401564,0.05,3.69826243,0.11160493,4,3
566,401565,0.05,2.64724612,0.11659517,4,12
567,401566,0.05,1.97639957,0.09928752,4,12
568,401567,0.05,2.86854437,0.09815746,4,12
569,401568,0.05,2.47053818,0.10197425,4,0
570,401569,0.05,1.35115958,0.09063489,4,0
571,401570,0.05,2.79766537,0.12524776,4,1
572,401571,0.05,2.06311949,0.10458828,4,3
573,401572,0.05,1.46730823,0.10709208,4,1
574,401573,0.05,2.49245135,0.10708218,4,1
575,401574,0.05,2.4982524,0.11550501,4,0
576,401575,0.05,3.80445362,0.10629071,4,0
577,401576,0.05,4.08291716,0.10371256,5,12
578,401577,0.05,2.11879031,0.09783732,5,12
579,401578,0.05,2.79453491,0.11747503,4,0
580,401579,0.05,3.72655796,0.11512394,4,8
581,401580,0.05,2.92851827,0.10483622,4,0
582,401581,0.05,1.48719732,0.11141527,4,12
583,401582,0.05,2.11845898,0.11672811,4,8
584,401583,0.05,3.8631947,0.11764257,4,12
585,401584,0.05,2.58964396,0.10443251,4,3
586,401585,0.05,3.95996764,0.09732323,5,5
587,401586,0.05,3.66995885,0.10036396,4,0
588,401587,0.05,0.59252812,0.10711997,4,8
589,401588,0.05,1.85165414,0.10599175,4,3
590,401589,0.05,2.89125679,0.11901376,5,0
591,401590,0.05,2.83722135,0.09020408,5,0
592,401591,0.05,2.83391924,0.11631477,5,0
593,401592,0.05,1.89272335,0.10543687,4,12
594,401593,0.05,2.10615228,0.10778731,5,12
595,401594,0.05,2.9271616,0.10925322,5,5
596,401595,0.05,2.16519764,0.10555701,4,5
597,401596,0.05,2.68243932,0.10091513,4,5
598,401597,0.05,0.92561646,0.11971214,4,0
599,401598,0.05,3.78354651,0.11338309,4,12
600,401599,0.05,2.95052213,0.10506306,4,1
601,401600,0.05,2.67511248,0.10197975,4,0
602,401601,0.05,3.65112273,0.10588362,4,8
603,401602,0.05,1.39898702,0.1314841,4,1
604,401603,0.05,3.73945778,0.11925068,4,5
605,401604,0.05,3.04289803,0.12530896,4,1
606,401605,0.05,2.56214753,0.12016447,4,12
607,401606,0.05,0.08089806,0.11889213,5,8
608,401607,0.05,1.61907993,0.0996342,4,12
609,401608,0.05,2.69025357,0.12680374,4,3
610,401609,0.05,2.76007994,0.13669541,4,12
611,401610,0.05,2.8973676,0.12618819,4,8
612,401611,0.05,3.68435959,0.11436544,4,12
613,401612,0.05,2.48591135,0.09838245,4,1
614,401613,0.05,1.36764835,0.08975849,4,5
615,401614,0.05,2.49074364,0.10357714,4,3
616,401615,0.05,3.73372299,0.11584421,4,0
617,401616,0.05,3.76290068,0.12005195,4,5
618,401617,0.05,2.45123259,0.11073199,4,1
619,401618,0.05,0.62070946,0.11145179,4,12
620,401619,0.05,1.54175448,0.11725055,4,5
621,401620,0.05,2.77511375,0.10257118,4,8
622,401621,0.05,2.44440025,0.10585379,4,1
623,401622,0.05,2.8861298,0.10742064,4,3
624,401623,0.05,3.66247246,0.13180628,4,1
625,401624,0.05,2.86159184,0.11587197,4,12
626,401625,0.05,3.71941574,0.0985474,4,8
627,401626,0.05,3.65096014,0.08488838,4,8
628,401627,0.05,2.47844786,0.11344782,4,1
629,401628,0.05,0.86880855,0.10960645,5,8
630,401629,0.05,1.85547313,0.11984556,4,5
631,401630,0.05,3.71163063,0.11238463,4,3
632,401631,0.05,1.73014227,0.11710158,4,5
633,401632,0.05,3.96923674,0.10822455,5,8
634,401633,0.05,1.99157486,0.1407496,4,5
635,401634,0.05,2.9446405,0.10743072,4,1
636,401635,0.05,3.10801681,0.11460615,5,0
637,401636,0.05,3.30443597,0.10692682,4,8
638,401637,0.05,3.65825608,0.1255284,4,1
639,401638,0.05,3.8724873,0.11225729,4,1
640,401639,0.05,1.67239128,0.12090273,4,5
641,401640,0.05,2.53485604,0.09395562,4,5
642,401641,0.05,2.4747002,0.09847959,4,0
643,401642,0.05,3.07366839,0.11097913,4,3
644,401643,0.05,3.75287149,0.11763221,4,0
645,401644,0.05,1.81576693,0.11107623,4,3
646,401645,0.05,3.68821871,0.09724579,4,0
647,401646,0.05,1.83708162,0.09974604,4,3
648,401647,0.05,1.96195639,0.11158397,4,12
649,401648,0.05,2.84087432,0.10581571,4,1
650,401649,0.05,3.87941348,0.10180374,4,1
651,401650,0.05,2.56674908,0.11960907,4,0
652,401651,0.05,1.79731981,0.12460589,4,3
653,401652,0.05,3.73563801,0.09343289,4,5
654,401653,0.05,0.73440072,0.09598532,4,12
655,401654,0.05,2.49975668,0.1165028,4,12
656,401655,0.05,2.49167627,0.10433864,4,5
657,401656,0.05,3.68185447,0.10846919,4,0
658,401657,0.05,3.88708395,0.10003259,4,0
659,401658,0.05,2.27393202,0.09974674,4,8
660,401659,0.05,1.82036974,0.10228291,4,5
661,401660,0.05,3.78358596,0.11830819,4,8
662,401661,0.05,2.40342597,0.11021269,4,12
663,401662,0.05,0.88071373,0.11075741,5,8
664,401663,0.05,0.92194568,0.09768049,5,8
665,401664,0.05,3.70859311,0.07385557,4,3
666,401665,0.05,3.72787653,0.11880039,4,0
667,401666,0.05,0.84845508,0.11357889,5,8
668,401667,0.05,2.8977213,0.10860312,4,5
669,401668,0.05,3.79765759,0.11567921,4,1
670,401669,0.05,2.78761284,0.10721224,4,5
671,401670,0.05,3.76956618,0.10965629,4,8
672,401671,0.05,2.46297299,0.11743807,4,1
673,401672,0.05,1.47652233,0.13576404,4,5
674,401673,0.05,1.62859339,0.11355239,4,1
675,401674,0.05,2.94315626,0.10712596,4,3
676,401675,0.05,2.85143745,0.12235133,4,3
677,401676,0.05,1.90930377,0.10712929,4,5
678,401677,0.05,3.66311767,0.12140707,4,0
679,401678,0.05,2.5462657,0.12494052,4,5
680,401679,0.05,2.48184325,0.13992909,4,3
681,401680,0.05,2.03694221,0.11445654,4,1
682,401681,0.05,1.69099084,0.12204208,4,1
683,401682,0.05,2.49265392,0.11249201,4,8
684,401683,0.05,2.73881772,0.12332859,4,12
685,401684,0.05,3.77789251,0.10569984,4,5
686,401685,0.05,2.8881698,0.12687683,4,8
687,401686,0.05,2.75279162,0.11923436,4,8
688,401687,0.05,3.67303622,0.10373016,4,3
689,401688,0.05,0.71664219,0.12027866,4,5
690,401689,0.05,2.58413157,0.12434178,4,0
691,401690,0.05,0.52369254,0.11444308,4,1
692,401691,0.05,3.74078401,0.10946739,4,1
693,401692,0.05,1.79495271,0.11352962,4,12
694,401693,0.05,2.56320326,0.12013802,4,5
695,401694,0.05,3.63584493,0.1326419,4,0
696,401695,0.05,2.87354433,0.11864133,4,12
697,401696,0.05,2.65814441,0.10890486,4,3
698,401697,0.05,1.72809565,0.12020981,4,8
699,401698,0.05,2.56249194,0.11406443,4,12
700,401699,0.05,1.91800197,0.11320455,4,8
701,401700,0.05,1.89107675,0.106865,4,3
702,401701,0.05,3.73717681,0.0975418,4,12
703,401702,0.05,2.7007878,0.13431969,4,8
704,401703,0.05,2.68375035,0.10618751,4,0
705,401704,0.05,1.49680124,0.10447608,4,12
706,401705,0.05,2.6182159,0.11134389,4,5
707,401706,0.05,3.67867909,0.11461332,4,0
708,401707,0.05,2.01975189,0.11980374,4,3
709,401708,0.05,1.9597598,0.11765942,4,3
710,401709,0.05,2.15899366,0.11270212,4,8
711,401710,0.05,-1.1834151,0.1337317,5,8
712,401711,0.05,1.48155163,0.11025777,4,12
713,401712,0.05,2.94237511,0.11069652,4,1
714,401713,0.05,1.51655179,0.10595726,4,3
715,401714,0.05,2.56352678,0.11543367,4,5
716,401715,0.05,1.79909482,0.09486808,4,5
717,401716,0.05,2.51355503,0.10229737,4,1
718,401717,0.05,1.85664298,0.11323607,5,12
719,401718,0.05,2.78593253,0.12427862,4,12
720,401719,0.05,3.73705604,0.11792065,4,1
721,401720,0.05,2.80231624,0.11649054,4,1
722,401721,0.05,2.95874375,0.13165196,4,5
723,401722,0.05,2.83952198,0.1159441,4,0
724,401723,0.05,3.60753348,0.09987444,4,12
725,401724,0.05,2.88372552,0.1144618,4,5
726,401725,0.05,1.76027182,0.12308585,4,12
727,401726,0.05,3.73241596,0.10553366,4,0
728,401727,0.05,2.67035474,0.09189691,4,0
729,401728,0.05,2.56841301,0.10162875,4,3
730,401729,0.05,1.50062484,0.11294508,4,8
731,401730,0.05,3.70711486,0.10488652,4,0
732,401731,0.05,2.83818634,0.09690011,4,3
733,401732,0.05,1.02809852,0.10799794,5,8
734,401733,0.05,1.08408068,0.09531017,5,12
735,401734,0.05,1.50223008,0.09573328,4,8
736,401735,0.05,1.78714968,0.10915704,4,12
737,401736,0.05,1.48464165,0.10737193,4,8
738,401737,0.05,2.69832389,0.1131364,4,0
739,401738,0.05,2.86986829,0.10961441,4,0
740,401739,0.05,1.66002647,0.12049856,4,8
741,401740,0.05,3.66077553,0.11115644,4,0
742,401741,0.05,3.70929966,0.11019245,4,1
743,401742,0.05,3.83712428,0.0892438,4,5
744,401743,0.05,2.74310422,0.10343345,4,0
745,401744,0.05,2.64456462,0.12045153,4,8
746,401745,0.05,-0.81096025,0.12850437,5,12
747,401746,0.05,2.81043196,0.11729251,4,1
748,401747,0.05,1.6350927,0.10809105,4,5
749,401748,0.05,2.9222624,0.1238218,4,0
750,401749,0.05,1.64201775,0.11368466,4,5
751,401750,0.05,1.65465712,0.11863526,4,1
752,401751,0.05,2.4523256,0.09829952,4,5
753,401752,0.05,2.89704402,0.12218491,4,12
754,401753,0.05,2.044961,0.1336059,4,3
755,401754,0.05,-0.09509295,0.10963975,5,8
756,401755,0.05,3.98410886,0.10263167,5,8
757,401756,0.05,3.72817297,0.10054456,4,12
758,401757,0.05,3.72052534,0.09979586,4,3
759,401758,0.05,2.47426419,0.10479527,4,3
760,401759,0.05,2.83588271,0.11746072,4,8
761,401760,0.05,3.80768454,0.12656519,4,12
762,401761,0.05,3.90909856,0.11476739,5,0
763,401762,0.05,1.09472058,0.11430124,4,8
764,401763,0.05,1.67547512,0.10559865,4,1
765,401764,0.05,1.99961878,0.10053604,4,8
766,401765,0.05,2.77626211,0.11137585,4,1
767,401766,0.05,2.76551101,0.12944795,4,0
768,401767,0.05,1.07511331,0.12142161,5,5
769,401768,0.05,1.81742099,0.1111237,5,5
770,401769,0.05,2.61395523,0.12972752,4,8
771,401770,0.05,2.9841367,0.11715539,5,3
772,401771,0.05,2.78320907,0.1108545,4,8
773,401772,0.05,3.02338368,0.11423765,4,8
774,401773,0.05,3.71114707,0.1052833,4,0
775,401774,0.05,2.76985301,0.10435595,4,8
776,401775,0.05,3.79369996,0.11814168,4,3
777,401776,0.05,2.76269064,0.12098438,4,8
778,401777,0.05,2.75642846,0.11527524,4,0
779,401778,0.05,1.4600869,0.08979804,4,8
780,401779,0.05,0.71886899,0.12528235,4,8
781,401780,0.05,2.94479627,0.10132864,5,0
782,401781,0.05,1.92013784,0.11618325,4,8
783,401782,0.05,1.89165434,0.09797233,5,12
784,401783,0.05,2.88489541,0.10247043,5,3
785,401784,0.05,2.93477573,0.11406323,4,0
786,401785,0.05,2.80265063,0.10032935,4,8
787,401786,0.05,1.91433738,0.10340373,4,12
788,401787,0.05,1.35772417,0.12572725,4,3
789,401788,0.05,2.79655656,0.10251074,4,8
790,401789,0.05,1.88777615,0.13576018,4,3
791,401790,0.05,2.7991445,0.1155239,4,1
792,401791,0.05,1.55544705,0.11631677,4,0
793,401792,0.05,3.72190457,0.09619186,4,12
794,401793,0.05,2.51578521,0.10244386,4,12
795,401794,0.05,2.5326698,0.11256393,4,5
796,401795,0.05,3.71628878,0.11340053,4,8
797,401796,0.05,2.87697766,0.12070219,4,0
798,401797,0.05,2.74789413,0.10417715,4,12
799,401798,0.05,2.66987394,0.10277641,4,0
800,401799,0.05,1.81714869,0.11723276,4,5
801,401800,0.05,1.92086773,0.11518823,4,5
802,401801,0.05,1.78117552,0.09825691,4,1
803,401802,0.05,3.70070038,0.11859063,4,1
804,401803,0.05,2.92677281,0.09730818,4,3
805,401804,0.05,2.95095001,0.11113034,5,0
806,401805,0.05,3.71685772,0.10514306,4,5
807,401806,0.05,3.71108253,0.10619091,4,0
808,401807,0.05,2.80995909,0.1177902,5,3
809,401808,0.05,3.71268413,0.10111682,4,0
810,401809,0.05,2.54700078,0.11823214,4,5
811,401810,0.05,3.92543802,0.10989592,5,0
812,401811,0.05,1.59216028,0.11270257,4,5
813,401812,0.05,2.50864865,0.1031401,4,3
814,401813,0.05,2.70532204,0.09382581,4,5
815,401814,0.05,3.73712087,0.11673823,4,5
816,401815,0.05,3.79599347,0.09972927,4,5
817,401816,0.05,1.85826069,0.09960417,4,1
818,401817,0.05,3.77351293,0.1145538,4,0
819,401818,0.05,3.73398966,0.1018076,4,1
820,401819,0.05,3.70147088,0.12741285,4,8
821,401820,0.05,3.64065238,0.10568928,4,0
822,401821,0.05,1.5171322,0.11545108,4,0
823,401822,0.05,3.85050608,0.11317723,4,3
824,401823,0.05,1.94652252,0.11253361,4,8
825,401824,0.05,3.00032321,0.1033503,4,5
826,401825,0.05,0.72118433,0.12409344,4,3
827,401826,0.05,3.82395003,0.11881803,4,0
828,401827,0.05,2.90471247,0.0974182,4,12
829,401828,0.05,3.78729565,0.10860709,4,5
830,401829,0.05,2.51280126,0.10928143,4,3
831,401830,0.05,2.73190958,0.128707,4,1
832,401831,0.05,2.67879983,0.11548106,4,8
833,401832,0.05,3.68961916,0.08612213,4,8
834,401833,0.05,2.70162612,0.11431022,4,8
835,401834,0.05,3.57822822,0.10001736,4,1
836,401835,0.05,3.81582458,0.10522602,4,0
837,401836,0.05,3.70330531,0.09841321,4,12
838,401837,0.05,2.73457451,0.11721441,4,12
839,401838,0.05,2.53771207,0.10541199,4,8
840,401839,0.05,2.00122541,0.13135536,4,8
841,401840,0.05,1.74458508,0.10785145,4,0
842,401841,0.05,1.52655737,0.12030966,4,8
843,401842,0.05,3.96019214,0.11345728,5,0
844,401843,0.05,-0.2118517,0.10943484,4,3
845,401844,0.05,3.67148597,0.09765668,4,0
846,401845,0.05,2.45949177,0.11923859,4,1
847,401846,0.05,2.48261587,0.12001486,4,1
848,401847,0.05,1.86725852,0.11697913,4,1
849,401848,0.05,1.68596206,0.10633181,4,0
850,401849,0.05,3.02930587,0.11930124,4,12
851,401850,0.05,3.74730738,0.11002037,4,8
852,401851,0.05,2.65712397,0.10259753,4,8
853,401852,0.05,2.48595376,0.10401477,4,5
854,401853,0.05,2.15101098,0.10663148,4,12
855,401854,0.05,1.72041138,0.10187341,4,1
856,401855,0.05,2.98722002,0.09649184,4,8
857,401856,0.05,1.94134631,0.10760225,5,5
858,401857,0.05,2.81232639,0.10724782,4,3
859,401858,0.05,2.70077974,0.12765014,4,1
860,401859,0.05,3.59641568,0.1213258,4,3
861,401860,0.05,2.54128626,0.10561138,4,8
862,401861,0.05,1.8320185,0.113588,5,5
863,401862,0.05,3.72060348,0.11018161,4,0
864,401863,0.05,3.71282692,0.10947408,4,0
865,401864,0.05,3.97811593,0.1026666,5,3
866,401865,0.05,2.48875815,0.11726767,4,5
867,401866,0.05,3.75803258,0.10719575,4,8
868,401867,0.05,1.9481981,0.12475003,4,5
869,401868,0.05,3.6003993,0.10431332,4,5
870,401869,0.05,3.70561249,0.10714387,4,8
871,401870,0.05,2.65506471,0.11249242,4,0
872,401871,0.05,4.03744253,0.10562155,5,5
873,401872,0.05,3.72043493,0.12391261,4,12
874,401873,0.05,3.80185836,0.10102135,4,8
875,401874,0.05,1.16174122,0.0940819,4,5
876,401875,0.05,1.94609375,0.09991017,4,3
877,401876,0.05,0.93202193,0.10252957,5,1
878,401877,0.05,3.75031371,0.09992862,4,8
879,401878,0.05,2.4834254,0.10960138,4,12
880,401879,0.05,1.66927297,0.10127144,4,8
881,401880,0.05,3.71437701,0.09797809,4,5
882,401881,0.05,2.48268908,0.10672409,4,12
883,401882,0.05,3.63495954,0.11856848,4,0
884,401883,0.05,2.45619024,0.10508888,5,0
885,401884,0.05,3.60969603,0.09982373,4,8
886,401885,0.05,2.7439144,0.09681667,4,12
887,401886,0.05,3.13657552,0.09513414,4,3
888,401887,0.05,3.70999837,0.11171186,4,1
889,401888,0.05,2.68110713,0.12877938,4,5
890,401889,0.05,2.9972942,0.11528076,4,5
891,401890,0.05,2.04574278,0.11910949,5,0
892,401891,0.05,0.01134015,0.08853034,5,8
893,401892,0.05,3.63823191,0.10310159,4,1
894,401893,0.05,2.89591899,0.10774843,4,0
895,401894,0.05,2.8354772,0.10610166,4,8
896,401895,0.05,1.91100896,0.09858462,4,8
897,401896,0.05,2.72381891,0.10154137,4,3
898,401897,0.05,2.99766301,0.11160546,5,1
899,401898,0.05,1.82732731,0.11888106,4,1
900,401899,0.05,1.67887017,0.10676703,5,1
901,401900,0.05,2.54511117,0.11903156,4,3
902,401901,0.05,1.51163634,0.12004936,4,8
903,401902,0.05,2.83706594,0.09988057,4,0
904,401903,0.05,1.91478064,0.11389135,4,0
905,401904,0.05,1.93773138,0.10159058,4,8
906,401905,0.05,2.69485471,0.10260945,4,5
907,401906,0.05,3.76893384,0.11824525,4,0
908,401907,0.05,2.98577337,0.09986535,4,12
909,401908,0.05,3.79673243,0.08979753,4,8
910,401909,0.05,2.96789023,0.12055206,4,0
911,401910,0.05,3.97900057,0.09898002,5,8
912,401911,0.05,2.89473083,0.10357543,4,0
913,401912,0.05,1.99526395,0.11416912,5,3
914,401913,0.05,1.52685166,0.09689062,4,3
915,401914,0.05,2.89796242,0.09714429,4,8
916,401915,0.05,2.93428992,0.09816541,4,1
917,401916,0.05,1.4511646,0.1144527,4,5
918,401917,0.05,2.58911959,0.1104794,4,8
919,401918,0.05,2.95831067,0.12473059,4,1
920,401919,0.05,2.77408386,0.0946847,4,3
921,401920,0.05,2.00729816,0.11609973,5,3
922,401921,0.05,3.17575539,0.10958428,4,5
923,401922,0.05,2.76199853,0.09433631,4,3
924,401923,0.05,1.77686203,0.10186161,4,12
925,401924,0.05,0.65135981,0.10356677,4,3
926,401925,0.05,1.93302643,0.09918839,4,0
927,401926,0.05,2.50610011,0.11033146,4,12
928,401927,0.05,2.74808319,0.09642196,4,8
929,401928,0.05,3.76557371,0.09878063,4,5
930,401929,0.05,3.07552962,0.10613917,4,1
931,401930,0.05,2.21390411,0.09718333,4,8
932,401931,0.05,2.50612252,0.11658338,4,1
933,401932,0.05,1.71959209,0.09881045,4,8
934,401933,0.05,1.6849483,0.1189375,4,8
935,401934,0.05,3.25517117,0.0991222,4,12
936,401935,0.05,2.01376274,0.12691494,4,3
937,401936,0.05,0.67606745,0.1194327,4,8
938,401937,0.05,3.66004998,0.10761215,4,5
939,401938,0.05,1.82006033,0.10449952,4,3
940,401939,0.05,2.62449976,0.10502848,4,8
941,401940,0.05,2.37797417,0.09483809,4,3
942,401941,0.05,1.75345227,0.11621988,4,1
943,401942,0.05,2.8701675,0.12097508,4,3
944,401943,0.05,1.77381103,0.10629108,5,0
945,401944,0.05,1.44901602,0.10969468,4,3
946,401945,0.05,2.82320342,0.09360081,4,5
947,401946,0.05,2.69078242,0.11127446,4,12
948,401947,0.05,1.76685106,0.09734178,4,1
949,401948,0.05,0.98274344,0.10711067,4,8
950,401949,0.05,1.63842209,0.09175986,4,5
951,401950,0.05,2.91330311,0.107083,4,3
952,401951,0.05,3.67103151,0.08868588,4,0
953,401952,0.05,2.79501518,0.12005646,4,3
954,401953,0.05,3.22582968,0.10518499,4,5
955,401954,0.05,2.69361032,0.10005625,4,3
956,401955,0.05,3.73486435,0.1109285,4,12
957,401956,0.05,2.58840208,0.10845215,4,0
958,401957,0.05,0.70904202,0.12176005,5,3
959,401958,0.05,2.776381,0.10320696,4,0
960,401959,0.05,2.85781228,0.11212769,4,0
961,401960,0.05,1.62682715,0.11020179,5,3
962,401961,0.05,1.96773809,0.11925946,4,8
963,401962,0.05,3.68968555,0.11414923,4,8
964,401963,0.05,2.84250972,0.12032497,4,5
965,401964,0.05,0.71038487,0.11217291,4,8
966,401965,0.05,2.75541272,0.11813506,4,0
967,401966,0.05,3.72612482,0.09864925,4,12
968,401967,0.05,1.84802321,0.10743454,4,8
969,401968,0.05,1.01383883,0.1167013,5,5
970,401969,0.05,2.02127695,0.09452866,5,0
971,401970,0.05,3.21723248,0.13020473,4,1
972,401971,0.05,1.7989163,0.11703792,4,3
973,401972,0.05,2.4684625,0.10374545,4,3
974,401973,0.05,3.9207704,0.09144918,4,1
975,401974,0.05,2.48454152,0.09860539,4,12
976,401975,0.05,3.83346546,0.10940493,4,12
977,401976,0.05,2.85637116,0.11652595,4,5
978,401977,0.05,3.92473905,0.10163212,5,0
979,401978,0.05,2.63781883,0.11632147,4,12
980,401979,0.05,2.98710923,0.11241991,4,8
981,401980,0.05,2.75253591,0.09630766,4,0
982,401981,0.05,3.6596729,0.11182654,4,1
983,401982,0.05,2.55236517,0.0928917,4,12
984,401983,0.05,3.77054144,0.10902717,4,0
985,401984,0.05,2.74740424,0.09595793,4,3
986,401985,0.05,3.77608842,0.11562629,4,3
987,401986,0.05,1.48840514,0.09374809,4,12
988,401987,0.05,1.45597473,0.09132577,4,12
989,401988,0.05,2.53759734,0.11748835,4,5
990,401989,0.05,2.03304747,0.11038227,4,12
991,401990,0.05,2.82651567,0.11526457,4,12
992,401991,0.05,1.75156436,0.10712482,4,8
993,401992,0.05,2.53495841,0.12883609,4,5
994,401993,0.05,2.43843089,0.10507104,4,8
995,401994,0.05,1.98762155,0.10629884,5,5
996,401995,0.05,3.79061723,0.11591933,4,5
997,401996,0.05,2.50586752,0.1188061,4,3
998,401997,0.05,3.83590327,0.10445308,4,8
999,401998,0.05,2.63304721,0.11517796,4,5
1000,401999,0.05,2.45575857,0.12814777,4,12
1001,402000,0.05,3.71479346,0.10719301,4,5
1002,402001,0.05,2.7574286,0.10860327,4,5
1003,402002,0.05,3.75305011,0.11921988,4,12
1004,402003,0.05,2.87239222,0.07893519,4,12
1005,402004,0.05,2.00039848,0.10679957,4,0
1006,402005,0.05,3.79073631,0.10826772,4,3
1007,402006,0.05,1.74586717,0.1191847,4,12
1008,402007,0.05,1.46446749,0.11019177,4,5
1009,402008,0.05,1.79817684,0.100425,5,1
1010,402009,0.05,2.8390212,0.10947131,4,1
1011,402010,0.05,3.71624398,0.10831961,4,12
1012,402011,0.05,2.33275994,0.10858501,4,3
1013,402012,0.05,3.93936164,0.10079095,5,1
1014,402013,0.05,3.1742622,0.10147876,4,3
1015,402014,0.05,1.90917501,0.10233781,4,0
1016,402015,0.05,2.82427398,0.10366709,4,1
1017,402016,0.05,3.74550512,0.11040381,4,5
1018,402017,0.05,2.79343853,0.09624239,4,3
1019,402018,0.05,1.61813872,0.12750352,4,8
1020,402019,0.05,2.49979719,0.10597346,4,8
1021,402020,0.05,4.0282358,0.10510369,5,1
1022,402021,0.05,1.51827532,0.11545209,4,1
1023,402022,0.05,2.74117519,0.10620295,4,8
1024,402023,0.05,2.90779667,0.11299037,5,0
1025,402024,0.05,2.97181687,0.11329048,4,5
1026,402025,0.05,1.40279421,0.10080148,4,5
1027,402026,0.05,2.66425238,0.11828168,4,0
1028,402027,0.05,1.90856208,0.09556853,4,12
1029,402028,0.05,0.59546276,0.09471458,4,5
1030,402029,0.05,1.93657488,0.09868621,4,0
1031,402030,0.05,1.75836093,0.1084893,4,3
1032,402031,0.05,2.79391398,0.11477911,4,0
1033,402032,0.05,3.82061151,0.10561286,4,0
1034,402033,0.05,2.84098826,0.10179051,5,1
1035,402034,0.05,2.91757148,0.11930562,4,8
1036,402035,0.05,2.7277616,0.12523138,4,1
1037,402036,0.05,2.48948123,0.10468728,4,12
1038,402037,0.05,2.21820814,0.10422654,4,3
1039,402038,0.05,1.9993966,0.11253767,4,3
1040,402039,0.05,2.70991842,0.10763263,4,3
1041,402040,0.05,1.75057948,0.10839325,4,12
1042,402041,0.05,3.64823173,0.10927705,4,0
1043,402042,0.05,2.98850887,0.11200433,4,0
1044,402043,0.05,1.39630572,0.11292463,4,8
1045,402044,0.05,2.74803424,0.11375885,4,8
1046,402045,0.05,2.84589864,0.11191105,4,3
1047,402046,0.05,2.83551183,0.10029759,4,8
1048,402047,0.05,2.71653706,0.09575392,4,12
1049,402048,0.05,1.47059231,0.11492514,4,8
1050,402049,0.05,2.96962463,0.10118182,4,5
1051,402050,0.05,2.25570146,0.09841879,4,0
1052,402051,0.05,2.71541072,0.0921177,4,0
1053,402052,0.05,2.41106952,0.11107871,4,5
1054,402053,0.05,1.89056879,0.09479266,4,3
1055,402054,0.05,2.6032166,0.10760267,4,1
1056,402055,0.05,2.8325862,0.09569546,4,1
1057,402056,0.05,2.50847964,0.11172065,4,8
1058,402057,0.05,3.76287831,0.10433076,4,1
1059,402058,0.05,2.79583904,0.10553961,4,1
1060,402059,0.05,3.74147932,0.11061744,4,0
1061,402060,0.05,1.36020955,0.09979798,5,0
1062,402061,0.05,3.58182558,0.09133539,4,0
1063,402062,0.05,2.43178502,0.11578512,4,1
1064,402063,0.05,0.68450712,0.09637105,4,8
1065,402064,0.05,2.88824727,0.10358083,4,1
1066,402065,0.05,2.93907703,0.08978981,4,12
1067,402066,0.05,3.69324404,0.0994267,4,0
1068,402067,0.05,3.70518222,0.10468854,4,5
1069,402068,0.05,2.99955147,0.12578789,5,8
1070,402069,0.05,2.0555036,0.11909592,5,1
1071,402070,0.05,2.58030157,0.09901705,4,1
1072,402071,0.05,2.57866866,0.10397146,4,3
1073,402072,0.05,2.6203876,0.12291886,4,0
1074,402073,0.05,1.81931765,0.10667664,4,1
1075,402074,0.05,0.64090147,0.11241682,4,8
1076,402075,0.05,3.73346341,0.1131293,4,12
1077,402076,0.05,3.8297887,0.11450122,4,1
1078,402077,0.05,2.57637634,0.09386143,4,12
1079,402078,0.05,1.89671381,0.10611947,4,12
1080,402079,0.05,3.7578841,0.11137382,4,0
1081,402080,0.05,1.75371735,0.11498916,4,0
1082,402081,0.05,2.00550567,0.10064917,5,3
1083,402082,0.05,2.80624981,0.10632706,4,12
1084,402083,0.05,2.66199066,0.10906288,4,5
1085,402084,0.05,2.571992,0.10569439,4,0
1086,402085,0.05,2.90925761,0.10990074,4,5
1087,402086,0.05,2.88993732,0.11770642,4,5
1088,402087,0.05,3.7274041,0.1102016,4,0
1089,402088,0.05,2.68904529,0.11124477,4,12
1090,402089,0.05,2.78466519,0.10410558,4,0
1091,402090,0.05,0.18553683,0.10732873,5,3
1092,402091,0.05,2.97476425,0.10797664,5,0
1093,402092,0.05,3.07102436,0.10039848,5,1
1094,402093,0.05,0.7938346,0.09288428,4,1
1095,402094,0.05,3.76874176,0.09248093,4,1
1096,402095,0.05,3.72536754,0.10428902,4,12
1097,402096,0.05,1.63720708,0.08484606,4,8
1098,402097,0.05,1.84924969,0.08940534,4,12
1099,402098,0.05,2.94221361,0.10817301,4,3
1100,402099,0.05,2.82268916,0.10015591,4,5
1101,402100,0.05,2.77526576,0.12468495,4,8
1102,402101,0.05,2.88492249,0.11068223,4,5
1103,402102,0.05,3.70578313,0.09667178,4,12
1104,402103,0.05,0.63084137,0.12657447,4,8
1105,402104,0.05,1.8800068,0.11417191,4,3
1106,402105,0.05,3.94665653,0.09806695,5,3
1107,402106,0.05,0.84790205,0.09577947,4,3
1108,402107,0.05,2.89953284,0.10442932,4,8
1109,402108,0.05,1.83596156,0.10603482,5,0
1110,402109,0.05,2.70878424,0.09083027,4,8
1111,402110,0.05,2.49244331,0.09539464,4,1
1112,402111,0.05,1.58938547,0.09473614,4,3
1113,402112,0.05,2.90261515,0.10137194,4,3
1114,402113,0.05,2.49772462,0.11125161,4,8
1115,402114,0.05,1.7023143,0.08665079,4,8
1116,402115,0.05,2.8213315,0.10490053,4,8
1117,402116,0.05,2.4904412,0.10197763,4,1
1118,402117,0.05,1.70123738,0.09556708,4,8
1119,402118,0.05,2.8885922,0.08830518,4,8
1120,402119,0.05,3.01963175,0.09238045,4,0
1121,402120,0.05,2.5314572,0.10594559,4,1
1122,402121,0.05,2.92101324,0.10706513,4,8
1123,402122,0.05,2.86341262,0.0941434,4,8
1124,402123,0.05,2.81349815,0.10599814,4,12
1125,402124,0.05,1.75241788,0.13218744,4,12
1126,402125,0.05,2.64620919,0.11355019,4,1
1127,402126,0.05,3.68128395,0.10406451,4,3
1128,402127,0.05,1.96822485,0.12117464,4,1
1129,402128,0.05,2.72009806,0.09781439,4,12
1130,402129,0.05,2.89540337,0.09693605,4,1
1131,402130,0.05,3.7101254,0.11310774,4,3
1132,402131,0.05,2.79139628,0.10828781,5,0
1133,402132,0.05,3.70911962,0.10883431,4,5
1134,402133,0.05,3.79567576,0.10219921,4,5
1135,402134,0.05,3.77330008,0.09614039,4,3
1136,402135,0.05,3.77302313,0.10195442,4,3
1137,402136,0.05,2.25954655,0.10547039,4,3
1138,402137,0.05,0.69764235,0.10359226,4,12
1139,402138,0.05,2.59570335,0.11151794,4,3
1140,402139,0.05,1.95966311,0.10098291,4,3
1141,402140,0.05,1.52674707,0.09708425,4,1
1142,402141,0.05,0.71141328,0.10146257,4,3
1143,402142,0.05,4.00385181,0.09789267,5,5
1144,402143,0.05,2.74572357,0.09711585,4,12
1145,402144,0.05,2.93142116,0.10716435,4,12
1146,402145,0.05,2.78731574,0.11819478,4,3
1147,402146,0.05,1.91629791,0.09402141,4,1
1148,402147,0.05,2.99440152,0.10410425,5,3
1149,402148,0.05,1.60474138,0.10472535,4,3
1150,402149,0.05,1.33757626,0.11419319,4,12
1151,402150,0.05,3.74709137,0.09679256,4,12
1152,402151,0.05,3.74570419,0.09769638,4,3
1153,402152,0.05,2.64124703,0.08935824,4,1
1154,402153,0.05,1.73341899,0.09273941,4,12
1155,402154,0.05,3.0848277,0.10165532,4,5
1156,402155,0.05,1.90427661,0.09913766,4,8
1157,402156,0.05,1.9473579,0.10209638,4,3
1158,402157,0.05,3.77820807,0.09428028,4,8
1159,402158,0.05,2.65691369,0.09720521,4,1
1160,402159,0.05,1.53615565,0.09114872,4,1
1161,402160,0.05,0.65480427,0.11335488,4,5
1162,402161,0.05,2.74185668,0.11796321,4,0
1163,402162,0.05,3.62024047,0.09198618,4,5
1164,402163,0.05,2.96921566,0.09363859,4,12
1165,402164,0.05,2.56492192,0.10161137,4,12
1166,402165,0.05,1.59240437,0.08929377,4,5
1167,402166,0.05,1.47330576,0.112525,4,5
1168,402167,0.05,2.61263012,0.11532343,4,1
1169,402168,0.05,3.7210115,0.09345039,4,8
1170,402169,0.05,2.63899746,0.10952178,4,5
1171,402170,0.05,2.6238214,0.09577956,4,1
1172,402171,0.05,2.76484457,0.09838771,4,8
1173,402172,0.05,1.82573931,0.10094194,4,12
1174,402173,0.05,1.61262599,0.10926776,4,12
1175,402174,0.05,2.72598132,0.11748411,4,12
1176,402175,0.05,2.9274405,0.08917468,4,12
1177,402176,0.05,1.8861264,0.08609686,4,8
1178,402177,0.05,2.92801447,0.12051154,4,8
1179,402178,0.05,3.30784902,0.10616777,4,12
1180,402179,0.05,2.82096227,0.11121887,4,1
1181,402180,0.05,3.74457862,0.09837129,4,0
1182,402181,0.05,2.84029848,0.12097791,4,8
1183,402182,0.05,2.93006271,0.10272731,4,1
1184,402183,0.05,3.71912846,0.09298442,4,3
1185,402184,0.05,1.90089678,0.08535961,4,12
1186,402185,0.05,3.75095412,0.11174542,4,8
1187,402186,0.05,0.65322033,0.08730146,5,3
1188,402187,0.05,3.74843816,0.0977656,4,8
1189,402188,0.05,2.98116646,0.12027956,5,5
1190,402189,0.05,2.94711293,0.09694765,4,3
1191,402190,0.05,0.93687818,0.10853945,4,5
1192,402191,0.05,3.67711036,0.08573453,4,5
1193,402192,0.05,1.90170067,0.12128457,4,5
1194,402193,0.05,2.84489032,0.08955181,4,12
1195,402194,0.05,3.71895096,0.10980241,4,1
1196,402195,0.05,2.89891395,0.10809782,4,5
1197,402196,0.05,2.89722809,0.09287445,4,3
1198,402197,0.05,3.77192059,0.10073967,4,1
1199,402198,0.05,3.6912607,0.09889394,4,5
1200,402199,0.05,3.42356561,0.10401127,5,1
1201,402200,0.05,2.70994096,0.09190352,4,5
1202,402201,0.05,2.44444356,0.0985122,4,12
1203,402202,0.05,2.68717762,0.09662509,4,8
1204,402203,0.05,2.65393041,0.10011713,4,5
1205,402204,0.05,2.93800675,0.10199624,4,12
1206,402205,0.05,2.61945408,0.10062511,4,5
1207,402206,0.05,1.70191961,0.08195238,4,12
1208,402207,0.05,2.52391334,0.11013731,4,3
1209,402208,0.05,2.0466384,0.08874615,4,3
1210,402209,0.05,3.68260833,0.11654312,4,8
1211,402210,0.05,1.41949238,0.09533187,4,12
1212,402211,0.05,1.88740377,0.10992061,4,0
1213,402212,0.05,0.79876538,0.10561663,4,5
1214,402213,0.05,2.8596043,0.09496047,4,8
1215,402214,0.05,3.69325131,0.09608068,4,3
1216,402215,0.05,2.8814346,0.11243029,4,8
1217,402216,0.05,1.71021002,0.10469582,4,5
1218,402217,0.05,2.47927625,0.10457125,4,8
1219,402218,0.05,3.72757813,0.09675443,4,3
1220,402219,0.05,3.73426418,0.11610628,4,3
1221,402220,0.05,3.80813088,0.09206319,4,3
1222,402221,0.05,1.99292317,0.10376852,4,8
1223,402222,0.05,3.23714111,0.10569449,4,12
1224,402223,0.05,2.6554083,0.10184205,4,12
1225,402224,0.05,1.53716274,0.09935603,4,1
1226,402225,0.05,2.66441081,0.10400341,4,3
1227,402226,0.05,3.75999671,0.11579584,4,12
1228,402227,0.05,0.73423446,0.11986195,4,3
1229,402228,0.05,1.70100792,0.10168572,4,3
1230,402229,0.05,2.52207647,0.11477931,4,12
1231,402230,0.05,2.77957676,0.11243517,4,8
1232,402231,0.05,3.70031788,0.11055518,4,8
1233,402232,0.05,3.69303993,0.10389221,4,8
1234,402233,0.05,3.72336413,0.09571549,4,8
1235,402234,0.05,1.43486753,0.11450616,4,12
1236,402235,0.05,2.82587449,0.09006523,4,5
1237,402236,0.05,1.71713201,0.10118581,4,12
1238,402237,0.05,2.45034027,0.0975648,4,8
1239,402238,0.05,1.99201063,0.11554026,4,1
1240,402239,0.05,2.28701348,0.09531714,4,8
1241,402240,0.05,3.66610084,0.09630786,4,1
1242,402241,0.05,2.67169421,0.11071915,4,3
1243,402242,0.05,2.41876124,0.10733592,4,12
1244,402243,0.05,3.67364156,0.10640329,4,8
1245,402244,0.05,3.78498477,0.10381305,4,5
1246,402245,0.05,2.08512028,0.14120145,4,8
1247,402246,0.05,1.40902356,0.12939962,4,3
1248,402247,0.05,2.70657927,0.10043894,4,1
1249,402248,0.05,2.73358478,0.11541436,4,12
1250,402249,0.05,2.66242143,0.12419146,4,5
1251,402250,0.05,3.68349511,0.11464053,4,12
1252,402251,0.05,2.93072818,0.10765625,4,12
1253,402252,0.05,1.35089769,0.08841209,4,1
1254,402253,0.05,1.61860481,0.10918508,4,12
1255,402254,0.05,3.83885993,0.11221716,4,0
1256,402255,0.05,2.93582118,0.09878801,5,1
1257,402256,0.05,2.97751685,0.11525396,4,5
1258,402257,0.05,2.04596439,0.10894698,4,8
1259,402258,0.05,2.03399686,0.10310515,5,8
1260,402259,0.05,3.8063101,0.10733136,4,12
1261,402260,0.05,3.81298232,0.08538423,4,0
1262,402261,0.05,2.95383513,0.1086232,4,8
1263,402262,0.05,2.8387346,0.09782833,4,3
1264,402263,0.05,2.76747338,0.11356469,4,12
1265,402264,0.05,2.96513227,0.12413521,4,5
1266,402265,0.05,2.00655821,0.1076436,4,8
1267,402266,0.05,3.7370662,0.11677678,4,5
1268,402267,0.05,1.62670076,0.0992829,4,5
1269,402268,0.05,2.94789615,0.12526522,4,8
1270,402269,0.05,2.03024169,0.11498425,5,0
1271,402270,0.05,2.80694317,0.09819749,4,12
1272,402271,0.05,2.74457409,0.09260133,4,0
1273,402272,0.05,3.62040029,0.10052618,4,0
1274,402273,0.05,3.60275257,0.09323475,4,0
1275,402274,0.05,2.82819013,0.10377103,4,3
1276,402275,0.05,1.46550847,0.1139749,4,8
1277,402276,0.05,2.85239636,0.11818914,5,0
1278,402277,0.05,2.84425465,0.10312571,4,12
1279,402278,0.05,3.742163,0.10399506,4,8
1280,402279,0.05,2.74935806,0.10026392,4,5
1281,402280,0.05,1.72683717,0.10081512,4,1
1282,402281,0.05,2.05452413,0.10352885,4,5
1283,402282,0.05,3.75255411,0.10774094,4,1
1284,402283,0.05,3.71032613,0.10538949,4,1
1285,402284,0.05,1.96567316,0.11551433,4,3
1286,402285,0.05,2.95611701,0.10958761,4,5
1287,402286,0.05,2.58016834,0.0911588,4,12
1288,402287,0.05,1.51311995,0.099784,4,8
1289,402288,0.05,0.64480271,0.11381153,4,3
1290,402289,0.05,3.69912141,0.10706404,4,12
1291,402290,0.05,1.77813791,0.10429573,4,1
1292,402291,0.05,2.74863729,0.10763668,4,8
1293,402292,0.05,0.68902027,0.09992717,5,12
1294,402293,0.05,1.65550829,0.10247754,4,1
1295,402294,0.05,1.52727878,0.11147586,4,12
1296,402295,0.05,2.89507562,0.10214011,4,1
1297,402296,0.05,3.76429324,0.09029233,4,12
1298,402297,0.05,3.83458202,0.10849325,4,5
1299,402298,0.05,3.77816628,0.10253268,4,5
1300,402299,0.05,3.68725366,0.11630175,4,5
1301,402300,0.05,0.0261778,0.10610659,5,5
1302,402301,0.05,-0.16923514,0.09733558,4,3
1303,402302,0.05,3.78001218,0.11210535,4,5
1304,402303,0.05,1.72704113,0.09633763,4,8
1305,402304,0.05,1.58790646,0.10771869,4,12
1306,402305,0.05,2.35324216,0.09054476,4,5
1307,402306,0.05,2.87691068,0.10067677,4,3
1308,402307,0.05,2.39504539,0.09271903,4,12
1309,402308,0.05,2.4420882,0.10065553,4,5
1310,402309,0.05,3.00129308,0.10698491,5,0
1311,402310,0.05,2.80384358,0.10583371,4,3
1312,402311,0.05,2.5396141,0.11648661,4,3
1313,402312,0.05,2.98936207,0.12022757,4,1
1314,402313,0.05,0.78123262,0.09148961,4,3
1315,402314,0.05,3.77888913,0.11569271,4,8
1316,402315,0.05,2.922884,0.10399705,4,12
1317,402316,0.05,1.58588064,0.10382936,4,5
1318,402317,0.05,2.46399216,0.1070343,4,1
1319,402318,0.05,2.0044902,0.10099791,5,12
1320,402319,0.05,2.86817525,0.11118469,4,3
1321,402320,0.05,3.26937237,0.10465941,4,12
1322,402321,0.05,2.56346181,0.10305105,4,5
1323,402322,0.05,2.96667206,0.1156606,5,3
1324,402323,0.05,3.74490869,0.1132366,4,1
1325,402324,0.05,3.66251612,0.11248585,4,1
1326,402325,0.05,2.95465619,0.10178763,4,3
1327,402326,0.05,2.84853074,0.10544807,4,12
1328,402327,0.05,2.9740618,0.11661511,4,0
1329,402328,0.05,1.93010279,0.10825142,4,1
1330,402329,0.05,2.5205538,0.10384726,4,3
1331,402330,0.05,2.6122473,0.11920145,4,1
1332,402331,0.05,1.80861389,0.09727218,4,12
1333,402332,0.05,1.92603499,0.12601628,4,8
1334,402333,0.05,3.67726368,0.10906754,4,1
1335,402334,0.05,2.92463983,0.09448032,4,12
1336,402335,0.05,1.62148324,0.09914457,4,1
1337,402336,0.05,2.58273713,0.11568296,4,5
1338,402337,0.05,3.82379658,0.10756843,4,12
1339,402338,0.05,1.6850796,0.10633163,4,12
1340,402339,0.05,2.44679476,0.11022998,4,5
1341,402340,0.05,2.47175763,0.12791415,4,8
1342,402341,0.05,2.91338758,0.10134286,4,5
1343,402342,0.05,1.46741369,0.09740337,4,1
1344,402343,0.05,2.778204,0.09629348,4,5
1345,402344,0.05,1.34635049,0.09829452,4,3
1346,402345,0.05,1.68598765,0.09761542,4,8
1347,402346,0.05,3.69374375,0.10205204,4,8
1348,402347,0.05,2.08329894,0.11505999,4,1
1349,402348,0.05,3.73099578,0.11518715,4,8
1350,402349,0.05,1.98201089,0.09582272,4,5
1351,402350,0.05,2.85893534,0.10938817,4,8
1352,402351,0.05,1.46084822,0.09969646,4,0
1353,402352,0.05,2.91471188,0.08301393,4,1
1354,402353,0.05,3.62657237,0.0980222,4,3
1355,402354,0.05,2.53243756,0.09222937,4,1
1356,402355,0.05,2.33499185,0.11753265,4,3
1357,402356,0.05,0.52037418,0.10107359,4,8
1358,402357,0.05,2.82126813,0.1107669,4,3
1359,402358,0.05,2.83179329,0.10676486,4,3
1360,402359,0.05,2.74827477,0.10105158,4,8
1361,402360,0.05,3.95799616,0.09146401,5,0
1362,402361,0.05,1.95959321,0.11089775,4,1
1363,402362,0.05,3.00705476,0.11123489,4,1
1364,402363,0.05,3.76444837,0.09458609,4,8
1365,402364,0.05,3.6890522,0.09838786,4,8
1366,402365,0.05,2.73737698,0.10869273,4,0
1367,402366,0.05,2.92983252,0.11035822,4,12
1368,402367,0.05,2.91614158,0.09636737,4,1
1369,402368,0.05,2.73411792,0.08263958,4,1
1370,402369,0.05,1.86561463,0.10583942,4,3
1371,402370,0.05,2.99188671,0.09711134,4,8
1372,402371,0.05,2.03882334,0.10023706,4,0
1373,402372,0.05,1.50442169,0.10838768,4,3
1374,402373,0.05,3.75416279,0.10936509,4,12
1375,402374,0.05,3.80551802,0.10892515,4,1
1376,402375,0.05,2.83260169,0.10203364,4,5
1377,402376,0.05,3.72577691,0.11724671,4,12
1378,402377,0.05,3.82935861,0.11029093,4,5
1379,402378,0.05,3.84997088,0.1047672,4,0
1380,402379,0.05,2.42382284,0.10965393,4,3
1381,402380,0.05,1.9363087,0.113276,4,0
1382,402381,0.05,1.49089417,0.11174927,4,5
1383,402382,0.05,2.90169801,0.11237928,4,3
1384,402383,0.05,0.99103759,0.10679523,4,5
1385,402384,0.05,0.79307236,0.10827009,4,1
1386,402385,0.05,2.92134411,0.11064713,4,8
1387,402386,0.05,3.64756285,0.09716288,4,1
1388,402387,0.05,2.86445193,0.11370056,4,5
1389,402388,0.05,3.6926723,0.11225853,4,1
1390,402389,0.05,3.69967064,0.10345118,4,1
1391,402390,0.05,3.06962263,0.11161198,4,12
1392,402391,0.05,2.78373195,0.11113969,4,3
1393,402392,0.05,2.89194923,0.11092146,4,12
1394,402393,0.05,1.87363806,0.10224812,4,3
1395,402394,0.05,3.91591103,0.10873766,5,0
1396,402395,0.05,3.68591896,0.10018856,4,0
1397,402396,0.05,2.73609538,0.12002664,4,5
1398,402397,0.05,3.64139945,0.08827356,4,0
1399,402398,0.05,2.97416633,0.11864,4,8
1400,402399,0.05,1.82059882,0.11328618,4,12
1401,402400,0.05,2.81335555,0.10300412,4,1
1402,402401,0.05,2.78892944,0.09909285,4,1
1403,402402,0.05,2.95100169,0.09594201,4,3
1404,402403,0.05,1.55939042,0.09896007,4,5
1405,402404,0.05,4.0458541,0.1107435,5,0
1406,402405,0.05,3.60680647,0.103324,4,3
1407,402406,0.05,2.46728443,0.09553437,4,8
1408,402407,0.05,3.91684017,0.1005958,5,0
1409,402408,0.05,3.22541585,0.0853402,4,3
1410,402409,0.05,2.84673474,0.1100098,4,12
1411,402410,0.05,2.98652625,0.10281553,4,12
1412,402411,0.05,0.92938784,0.10038903,4,0
1413,402412,0.05,2.73937564,0.10080296,4,3
1414,402413,0.05,2.56225537,0.10215154,4,1
1415,402414,0.05,2.69084237,0.12561287,4,1
1416,402415,0.05,3.77409271,0.10367044,4,1
1417,402416,0.05,2.72019704,0.115408,4,12
1418,402417,0.05,1.71345977,0.12160933,4,12
1419,402418,0.05,-0.11000801,0.10952541,5,1
1420,402419,0.05,1.09042563,0.09453054,4,12
1421,402420,0.05,2.1530881,0.11258974,4,12
1422,402421,0.05,2.86173653,0.09947989,4,12
1423,402422,0.05,2.76366712,0.09764823,4,12
1424,402423,0.05,2.62457868,0.09990402,4,1
1425,402424,0.05,3.76955944,0.10909172,4,12
1426,402425,0.05,2.79770253,0.10417647,4,5
1427,402426,0.05,1.42214853,0.11009244,4,5
1428,402427,0.05,2.88685163,0.09980125,4,3
1429,402428,0.05,3.75643291,0.10278416,4,5
1430,402429,0.05,2.93074624,0.08833255,4,0
1431,402430,0.05,3.65028123,0.09701222,4,0
1432,402431,0.05,2.71013043,0.0942398,4,5
1433,402432,0.05,2.90682611,0.09693591,4,12
1434,402433,0.05,2.9055613,0.09465838,4,1
1435,402434,0.05,3.32014508,0.10883664,4,12
1436,402435,0.05,2.42478925,0.12916172,4,3
1437,402436,0.05,2.88265426,0.10819747,5,0
1438,402437,0.05,0.71784509,0.11662851,4,5
1439,402438,0.05,3.75355574,0.12234182,4,1
1440,402439,0.05,2.79565485,0.09760952,4,1
1441,402440,0.05,3.71464753,0.10118681,4,5
1442,402441,0.05,2.78202164,0.09554058,4,1
1443,402442,0.05,3.71072234,0.12038432,4,12
1444,402443,0.05,1.66074565,0.11790845,4,3
1445,402444,0.05,2.97651983,0.09271566,4,5
1446,402445,0.05,1.91938312,0.09728057,5,0
1447,402446,0.05,0.92918195,0.12301748,5,1
1448,402447,0.05,3.08709742,0.10019819,4,3
1449,402448,0.05,2.00851913,0.09936239,4,3
1450,402449,0.05,1.63372428,0.09961219,4,3
1451,402450,0.05,3.66086154,0.11080915,4,0
1452,402451,0.05,1.98203181,0.11368339,4,3
1453,402452,0.05,2.67366659,0.1103987,4,3
1454,402453,0.05,1.96748587,0.10749797,5,5
1455,402454,0.05,1.64311753,0.09310731,4,8
1456,402455,0.05,2.50490082,0.10526352,4,1
1457,402456,0.05,2.02129845,0.0991516,4,0
1458,402457,0.05,1.38326784,0.08948993,4,5
1459,402458,0.05,3.75812045,0.08575159,4,3
1460,402459,0.05,2.96466347,0.11346923,4,3
1461,402460,0.05,3.82816097,0.10676009,4,3
1462,402461,0.05,3.72868405,0.09328697,4,1
1463,402462,0.05,1.88060479,0.12500418,4,3
1464,402463,0.05,3.95372853,0.11731623,5,0
1465,402464,0.05,3.74656287,0.10261781,4,3
1466,402465,0.05,2.6056947,0.09960503,4,1
1467,402466,0.05,3.78019051,0.10855483,4,5
1468,402467,0.05,3.69533953,0.09236668,4,8
1469,402468,0.05,0.67968396,0.0987919,4,8
1470,402469,0.05,3.04195973,0.11096746,5,0
1471,402470,0.05,1.74959159,0.10920943,4,1
1472,402471,0.05,1.61157595,0.10351288,4,8
1473,402472,0.05,1.4911356,0.09923051,4,8
1474,402473,0.05,2.80245245,0.11610071,4,0
1475,402474,0.05,3.70600087,0.09727936,4,5
1476,402475,0.05,2.87740561,0.11221219,4,12
1477,402476,0.05,3.67394611,0.09010794,4,12
1478,402477,0.05,3.77600026,0.09974027,4,1
1479,402478,0.05,2.50793502,0.11129143,4,12
1480,402479,0.05,3.71909482,0.10350714,4,12
1481,402480,0.05,1.75004098,0.10318989,4,8
1482,402481,0.05,2.83958368,0.1093225,4,0
1483,402482,0.05,3.58738606,0.10282509,4,1
1484,402483,0.05,2.48534397,0.10513363,4,8
1485,402484,0.05,0.71056371,0.1219254,4,3
1486,402485,0.05,2.77383123,0.12825928,4,1
1487,402486,0.05,1.82923219,0.09877359,5,3
1488,402487,0.05,1.05441831,0.10009102,5,3
1489,402488,0.05,3.78604422,0.1089923,4,8
1490,402489,0.05,2.76848944,0.1240363,4,1
1491,402490,0.05,3.74487609,0.07969757,4,8
1492,402491,0.05,3.72901486,0.09501223,4,8
1493,402492,0.05,2.66450647,0.11391107,4,5
1494,402493,0.05,2.78730487,0.11179769,4,1
1495,402494,0.05,2.40101921,0.10634512,4,5
1496,402495,0.05,2.59126511,0.08187094,4,5
1497,402496,0.05,3.80412049,0.10045861,4,8
1498,402497,0.05,1.89067247,0.09509295,4,1
1499,402498,0.05,1.89626473,0.10717158,4,12
1500,402499,0.05,2.11187812,0.09612314,4,5
1501,402500,0.05,2.91801807,0.11577245,4,12
1502,402501,0.05,2.77910353,0.11568594,4,8
1503,402502,0.05,-0.10580324,0.1035678,4,1
1504,402503,0.05,1.04034955,0.11083122,5,8
1505,402504,0.05,2.45120972,0.11943574,4,12
1506,402505,0.05,0.69809578,0.10615089,4,8
1507,402506,0.05,2.11471271,0.09844872,4,8
1508,402507,0.05,3.6884553,0.11889976,4,5
1509,402508,0.05,2.86026408,0.09859927,4,5
1510,402509,0.05,2.07767905,0.11648694,5,1
1511,402510,0.05,2.97316567,0.12192984,4,5
1512,402511,0.05,2.84965261,0.10668192,4,12
1513,402512,0.05,1.80569833,0.10605012,4,5
1514,402513,0.05,0.80573049,0.10998549,4,3
1515,402514,0.05,3.7365824,0.1104633,4,12
1516,402515,0.05,2.95282543,0.09703967,4,1
1517,402516,0.05,3.66172186,0.11106017,4,0
1518,402517,0.05,2.33984814,0.12184618,4,3
1519,402518,0.05,2.96827811,0.09208271,4,0
1520,402519,0.05,2.65302221,0.09267964,4,5
1521,402520,0.05,2.45268825,0.09676476,4,3
1522,402521,0.05,2.46279572,0.10290146,4,8
1523,402522,0.05,3.78339741,0.09846565,4,1
1524,402523,0.05,3.02736104,0.12360984,5,1
1525,402524,0.05,2.95103008,0.10810029,4,12
1526,402525,0.05,3.56521134,0.0973467,4,5
1527,402526,0.05,1.44056716,0.11612126,4,12
1528,402527,0.05,1.94422267,0.09447397,4,0
1529,402528,0.05,2.47328782,0.09755822,4,5
1530,402529,0.05,3.68163182,0.09921227,4,1
1531,402530,0.05,1.6898303,0.11521821,5,3
1532,402531,0.05,2.25903672,0.12289827,4,8
1533,402532,0.05,0.69092997,0.09501829,4,5
1534,402533,0.05,1.49340742,0.11968415,4,1
1535,402534,0.05,1.71447113,0.12075929,4,5
1536,402535,0.05,1.19472853,0.10179896,5,0
1537,402536,0.05,3.76606059,0.10120003,4,3
1538,402537,0.05,1.95315751,0.10147752,4,0
1539,402538,0.05,3.80036803,0.10807255,4,12
1540,402539,0.05,0.63449401,0.11426328,4,3
1541,402540,0.05,3.86778638,0.10816149,4,0
1542,402541,0.05,3.67454186,0.1154825,4,3
1543,402542,0.05,1.83184381,0.09712018,4,8
1544,402543,0.05,2.90396379,0.10656296,5,0
1545,402544,0.05,1.66959972,0.12295005,4,1
1546,402545,0.05,2.56879041,0.11611332,4,3
1547,402546,0.05,-0.21084869,0.09011241,4,8
1548,402547,0.05,3.77451044,0.11398864,4,0
1549,402548,0.05,1.08773792,0.0982019,4,3
1550,402549,0.05,1.6714792,0.12101126,4,8
1551,402550,0.05,0.0824312,0.09960266,5,3
1552,402551,0.05,3.80809545,0.10523157,4,1
1553,402552,0.05,2.53058727,0.1048495,4,1
1554,402553,0.05,1.74862958,0.09605503,4,1
1555,402554,0.05,3.6986862,0.09195911,4,8
1556,402555,0.05,2.59909921,0.10902674,4,5
1557,402556,0.05,2.58122391,0.09355574,4,12
1558,402557,0.05,1.97413174,0.09625937,4,8
1559,402558,0.05,2.9277256,0.10071816,4,1
1560,402559,0.05,3.72326239,0.09216577,4,3
1561,402560,0.05,2.97324791,0.10250701,4,8
1562,402561,0.05,3.6776576,0.11879608,4,8
1563,402562,0.05,2.97542784,0.08572827,4,12
1564,402563,0.05,2.92342599,0.10062035,4,8
1565,402564,0.05,3.88718344,0.11773651,5,0
1566,402565,0.05,2.67156911,0.09511579,4,8
1567,402566,0.05,2.96508565,0.10461647,4,0
1568,402567,0.05,1.96490099,0.10187704,4,0
1569,402568,0.05,2.00497942,0.11323533,4,12
1570,402569,0.05,-0.22879107,0.10189636,4,8
1571,402570,0.05,3.76550222,0.10122007,4,8
1572,402571,0.05,0.53866791,0.09920138,4,1
1573,402572,0.05,4.02981692,0.10773177,5,3
1574,402573,0.05,3.73592393,0.10309581,4,1
1575,402574,0.05,1.05397496,0.1093926,5,12
1576,402575,0.05,1.91991635,0.11978561,4,5
1577,402576,0.05,0.82414891,0.12815422,4,3
1578,402577,0.05,2.70366395,0.11761756,4,12
1579,402578,0.05,2.65246618,0.08259039,4,0
1580,402579,0.05,2.78795231,0.10875043,4,1
1581,402580,0.05,2.99221317,0.09253848,4,1
1582,402581,0.05,2.72288419,0.10244322,4,8
1583,402582,0.05,3.71343144,0.09773538,4,5
1584,402583,0.05,2.78125946,0.1177169,4,3
1585,402584,0.05,0.62741003,0.1046696,4,12
1586,402585,0.05,3.83936982,0.11469148,4,1
1587,402586,0.05,2.70979001,0.07924597,4,0
1588,402587,0.05,1.96856082,0.10498435,5,1
1589,402588,0.05,2.95290305,0.11504648,4,1
1590,402589,0.05,3.70633735,0.1175493,4,5
1591,402590,0.05,1.87704122,0.09986788,4,3
1592,402591,0.05,2.93867602,0.11112744,4,3
1593,402592,0.05,2.3880641,0.08452561,4,12
1594,402593,0.05,1.46959742,0.10304852,4,12
1595,402594,0.05,2.94858017,0.13050274,4,5
1596,402595,0.05,2.8812729,0.12136189,4,1
1597,402596,0.05,2.86548551,0.10208943,4,5
1598,402597,0.05,3.75134773,0.09583872,4,0
1599,402598,0.05,2.51843896,0.10618636,4,12
1600,402599,0.05,2.06921311,0.10442991,4,5
1601,402600,0.05,1.39540324,0.08583932,4,3
1602,402601,0.05,0.61172358,0.09236798,4,12
1603,402602,0.05,2.45251296,0.0912738,4,3
1604,402603,0.05,1.62080933,0.1155589,4,1
1605,402604,0.05,2.93269922,0.12151049,4,0
1606,402605,0.05,2.76576097,0.0993235,4,1
1607,402606,0.05,2.68044533,0.09742918,4,12
1608,402607,0.05,2.88105521,0.09586735,4,3
1609,402608,0.05,3.7588364,0.11021192,4,8
1610,402609,0.05,2.98173258,0.09921796,4,1
1611,402610,0.05,1.9380454,0.10343781,4,12
1612,402611,0.05,3.61115497,0.0927569,4,0
1613,402612,0.05,1.45233443,0.11932948,4,5
1614,402613,0.05,2.4573801,0.10499479,4,3
1615,402614,0.05,2.81808732,0.09411044,4,5
1616,402615,0.05,1.79266155,0.11387587,4,0
1617,402616,0.05,2.82849344,0.09012881,4,1
1618,402617,0.05,3.69545955,0.10426807,4,8
1619,402618,0.05,3.14059897,0.11909614,5,0
1620,402619,0.05,2.88522541,0.11782906,4,3
1621,402620,0.05,2.49206904,0.11515345,4,5
1622,402621,0.05,2.88150278,0.09973202,4,5
1623,402622,0.05,2.85545145,0.11027499,4,1
1624,402623,0.05,1.72140917,0.11916599,5,3
1625,402624,0.05,3.71335084,0.09794256,4,5
1626,402625,0.05,2.00497192,0.10981798,4,0
1627,402626,0.05,2.9812642,0.12065789,4,0
1628,402627,0.05,3.71141785,0.09462093,4,3
1629,402628,0.05,2.28272858,0.11509294,5,1
1630,402629,0.05,2.61394138,0.10372999,4,0
1631,402630,0.05,2.57771705,0.10773098,4,1
1632,402631,0.05,2.76573506,0.10965778,4,3
1633,402632,0.05,2.4747707,0.09832188,4,8
1634,402633,0.05,2.92137357,0.10529249,4,8
1635,402634,0.05,2.83087356,0.09015366,4,8
1636,402635,0.05,3.70810838,0.10770261,4,3
1637,402636,0.05,1.0799727,0.11888152,4,3
1638,402637,0.05,3.70213115,0.12574174,4,12
1639,402638,0.05,1.40410599,0.10412847,4,1
1640,402639,0.05,2.91090884,0.11717827,4,3
1641,402640,0.05,2.73421437,0.11269093,4,5
1642,402641,0.05,0.70290695,0.11062422,4,12
1643,402642,0.05,1.89859642,0.1170749,4,5
1644,402643,0.05,3.69678032,0.11870358,4,1
1645,402644,0.05,3.64030601,0.10488942,4,0
1646,402645,0.05,2.76324398,0.11226203,4,1
1647,402646,0.05,2.9297575,0.11827269,4,1
1648,402647,0.05,1.95305713,0.1087183,4,8
1649,402648,0.05,2.7580729,0.10731436,4,8
1650,402649,0.05,2.70700627,0.09977843,4,1
1651,402650,0.05,3.73934682,0.10011584,4,1
1652,402651,0.05,2.84634754,0.10536001,4,5
1653,402652,0.05,3.6788883,0.10725933,4,3
1654,402653,0.05,3.0265165,0.11313089,5,0
1655,402654,0.05,2.6055691,0.11153851,4,8
1656,402655,0.05,1.62167089,0.11970766,4,1
1657,402656,0.05,2.44814034,0.10304777,4,5
1658,402657,0.05,3.7289015,0.10317623,4,3
1659,402658,0.05,1.99868971,0.11254436,4,1
1660,402659,0.05,3.78014403,0.09903428,4,5
1661,402660,0.05,1.62804804,0.09816119,4,3
1662,402661,0.05,3.07921295,0.11355609,5,8
1663,402662,0.05,3.9801821,0.11094728,5,3
1664,402663,0.05,0.75294541,0.10179411,4,12
1665,402664,0.05,2.98857476,0.09105386,5,0
1666,402665,0.05,2.92449888,0.10018988,4,5
1667,402666,0.05,2.34184641,0.11950161,4,12
1668,402667,0.05,2.69113363,0.10674122,4,8
1669,402668,0.05,2.66175101,0.1168749,4,12
1670,402669,0.05,2.73667919,0.09980588,4,5
1671,402670,0.05,2.48043861,0.08590183,4,12
1672,402671,0.05,2.02362105,0.10279381,5,0
1673,402672,0.05,2.86066077,0.0951194,4,12
1674,402673,0.05,2.88508971,0.12114955,4,0
1675,402674,0.05,3.71788777,0.10818876,4,8
1676,402675,0.05,3.73944372,0.11011904,4,0
1677,402676,0.05,2.45668371,0.09165472,4,3
1678,402677,0.05,1.43710392,0.09693122,4,5
1679,402678,0.05,1.36995065,0.10732752,4,3
1680,402679,0.05,2.87136521,0.10224136,4,0
1681,402680,0.05,2.00782743,0.09838614,4,3
1682,402681,0.05,2.95937285,0.10818212,4,12
1683,402682,0.05,1.66161298,0.08790491,4,5
1684,402683,0.05,1.79439789,0.09331858,4,5
1685,402684,0.05,1.53466757,0.11280303,4,12
1686,402685,0.05,3.80339135,0.1051202,4,12
1687,402686,0.05,2.43330116,0.09401703,4,1
1688,402687,0.05,2.48934487,0.11735258,4,5
1689,402688,0.05,2.5402701,0.09775939,4,1
1690,402689,0.05,1.92758687,0.08019934,4,8
1691,402690,0.05,3.10596307,0.11195838,4,1
1692,402691,0.05,0.78257229,0.10544541,4,1
1693,402692,0.05,4.00026037,0.0988774,5,3
1694,402693,0.05,1.55384696,0.1126627,4,8
1695,402694,0.05,3.73996641,0.11410783,4,0
1696,402695,0.05,0.70886808,0.09886803,4,3
1697,402696,0.05,1.68037244,0.10742924,4,1
1698,402697,0.05,3.77093787,0.0923594,4,1
1699,402698,0.05,2.84583739,0.10240201,4,0
1700,402699,0.05,2.12462547,0.09826349,5,0
1701,402700,0.05,1.8576249,0.12402186,4,5
1702,402701,0.05,1.68219746,0.09822505,4,5
1703,402702,0.05,2.67142878,0.09547518,4,5
1704,402703,0.05,1.61256568,0.11832301,4,3
1705,402704,0.05,2.06752835,0.12124658,4,0
1706,402705,0.05,2.43353152,0.09962468,4,1
1707,402706,0.05,2.88487955,0.09391996,4,12
1708,402707,0.05,3.8147715,0.09573167,4,8
1709,402708,0.05,1.71435739,0.11963863,4,12
1710,402709,0.05,3.70920394,0.0904572,4,8
1711,402710,0.05,3.80651969,0.10322433,4,0
1712,402711,0.05,1.88448303,0.08645034,4,12
1713,402712,0.05,1.51465404,0.09976438,4,12
1714,402713,0.05,2.89676628,0.12793123,4,0
1715,402714,0.05,2.72217383,0.09200964,4,0
1716,402715,0.05,0.80372525,0.09274783,5,3
1717,402716,0.05,2.94248443,0.10004349,4,5
1718,402717,0.05,2.57908165,0.12072844,4,3
1719,402718,0.05,1.97604087,0.09580978,4,5
1720,402719,0.05,0.66132813,0.11123273,4,8
1721,402720,0.05,2.58094105,0.11371198,4,1
1722,402721,0.05,3.67359795,0.10100583,4,3
1723,402722,0.05,3.67668477,0.10106157,4,3
1724,402723,0.05,1.97277703,0.10042909,5,0
1725,402724,0.05,1.43596499,0.10747496,4,1
1726,402725,0.05,2.79296547,0.12136148,4,5
1727,402726,0.05,0.7838542,0.11458883,4,5
1728,402727,0.05,2.50363187,0.09825531,4,1
1729,402728,0.05,1.52303658,0.10525326,4,8
1730,402729,0.05,1.17252875,0.11383943,5,5
1731,402730,0.05,3.66125052,0.11926744,4,8
1732,402731,0.05,2.82159229,0.10644345,4,1
1733,402732,0.05,2.79223099,0.11378021,4,3
1734,402733,0.05,2.95400819,0.10701727,4,0
1735,402734,0.05,3.82906532,0.09133409,4,5
1736,402735,0.05,2.87502804,0.09334156,4,0
1737,402736,0.05,2.95867494,0.12430239,4,0
1738,402737,0.05,2.5192698,0.09929098,4,8
1739,402738,0.05,2.78590028,0.09819969,4,12
1740,402739,0.05,3.72779083,0.1132131,4,5
1741,402740,0.05,1.65665055,0.08523993,4,8
1742,402741,0.05,3.86890577,0.10793046,4,0
1743,402742,0.05,3.68346028,0.10311325,4,5
1744,402743,0.05,3.74290849,0.11055857,4,3
1745,402744,0.05,2.49081985,0.10007533,4,12
1746,402745,0.05,1.7199638,0.10054091,4,3
1747,402746,0.05,2.41712139,0.09016744,4,8
1748,402747,0.05,2.9080905,0.08862571,4,8
1749,402748,0.05,2.86333908,0.11363216,4,5
1750,402749,0.05,2.76381205,0.10157351,4,1
1751,402750,0.05,2.90522761,0.09115439,4,3
1752,402751,0.05,2.75124653,0.10187913,4,12
1753,402752,0.05,1.79871094,0.10837317,4,1
1754,402753,0.05,1.85073178,0.09544404,4,3
1755,402754,0.05,3.12130761,0.11102622,4,8
1756,402755,0.05,3.26876206,0.11511577,4,8
1757,402756,0.05,2.77205975,0.10095716,4,3
1758,402757,0.05,2.06441618,0.12828763,5,0
1759,402758,0.05,2.88524822,0.10199126,4,1
1760,402759,0.05,2.12223586,0.09420604,4,1
1761,402760,0.05,1.19123364,0.1036583,4,8
1762,402761,0.05,2.55701733,0.1081702,4,5
1763,402762,0.05,2.82484151,0.10167,4,1
1764,402763,0.05,3.73020559,0.10283171,4,5
1765,402764,0.05,3.74233699,0.11018115,4,0
1766,402765,0.05,3.73886714,0.10551585,4,0
1767,402766,0.05,1.57599888,0.08752625,4,0
1768,402767,0.05,2.91584184,0.12559926,4,5
1769,402768,0.05,3.77650753,0.10532396,4,8
1770,402769,0.05,2.66359205,0.10299931,4,1
1771,402770,0.05,2.66883366,0.09434237,4,0
1772,402771,0.05,2.95414378,0.08123656,4,3
1773,402772,0.05,2.83581161,0.11979492,4,8
1774,402773,0.05,2.14573196,0.10973935,4,12
1775,402774,0.05,2.61331894,0.10756868,5,0
1776,402775,0.05,3.70881603,0.11037625,4,8
1777,402776,0.05,2.54601217,0.1192009,4,12
1778,402777,0.05,3.87923292,0.08951129,4,8
1779,402778,0.05,1.79377282,0.10971049,4,3
1780,402779,0.05,1.74393192,0.10980418,4,1
1781,402780,0.05,3.89876901,0.10166303,4,1
1782,402781,0.05,3.69614251,0.09167541,4,3
1783,402782,0.05,2.88144511,0.10616305,4,3
1784,402783,0.05,3.82069857,0.11350533,4,3
1785,402784,0.05,3.15584619,0.09654257,4,0
1786,402785,0.05,3.73145739,0.08786121,4,3
1787,402786,0.05,3.9697736,0.09864819,5,1
1788,402787,0.05,2.94270029,0.11487248,4,8
1789,402788,0.05,1.49442351,0.1069129,4,8
1790,402789,0.05,2.48295606,0.09935451,4,5
1791,402790,0.05,2.00476574,0.10267872,4,1
1792,402791,0.05,3.77707045,0.11102755,4,8
1793,402792,0.05,2.99446258,0.09221903,4,0
1794,402793,0.05,2.49161875,0.095428,4,0
1795,402794,0.05,3.00544302,0.0967539,4,12
1796,402795,0.05,2.9352443,0.10763212,4,5
1797,402796,0.05,2.73661426,0.1055291,4,8
1798,402797,0.05,2.25035301,0.09514043,4,5
1799,402798,0.05,2.62742619,0.10380472,4,1
1800,402799,0.05,1.78231239,0.09955718,4,1
1801,402800,0.05,3.80457524,0.10311314,4,3
1802,402801,0.05,2.58242582,0.10501162,4,12
1803,402802,0.05,2.84279132,0.1066312,4,12
1804,402803,0.05,3.01389484,0.09893215,4,5
1805,402804,0.05,3.83093133,0.08285367,4,3
1806,402805,0.05,2.90223299,0.09630986,4,3
1807,402806,0.05,3.79426591,0.12578396,4,1
1808,402807,0.05,2.02531316,0.1068677,4,12
1809,402808,0.05,2.56601112,0.10064424,4,1
1810,402809,0.05,2.74724313,0.10332664,4,12
1811,402810,0.05,2.71274893,0.10165221,4,5
1812,402811,0.05,1.9296716,0.09923849,4,8
1813,402812,0.05,3.8276872,0.10715682,4,0
1814,402813,0.05,3.84011131,0.09661486,4,5
1815,402814,0.05,3.92140246,0.08890424,4,3
1816,402815,0.05,1.81463871,0.09705829,4,0
1817,402816,0.05,2.9430346,0.10766431,4,8
1818,402817,0.05,3.69577187,0.08778793,4,12
1819,402818,0.05,2.81817009,0.09781802,4,8
1820,402819,0.05,1.00071698,0.0961311,5,3
1821,402820,0.05,1.91118708,0.11823895,4,3
1822,402821,0.05,3.76165446,0.10849378,4,1
1823,402822,0.05,3.77617796,0.08266541,4,0
1824,402823,0.05,1.96143543,0.09099189,4,8
1825,402824,0.05,1.57707214,0.12597536,4,1
1826,402825,0.05,0.71463072,0.09004433,4,5
1827,402826,0.05,3.12132398,0.11577707,5,0
1828,402827,0.05,1.82025013,0.10096546,4,12
1829,402828,0.05,3.65983425,0.09288839,4,8
1830,402829,0.05,2.82051953,0.1079515,4,12
1831,402830,0.05,2.92219268,0.10929189,4,3
1832,402831,0.05,2.00422017,0.11454138,4,8
1833,402832,0.05,2.59639998,0.09797069,4,3
1834,402833,0.05,2.74056551,0.08551412,4,12
1835,402834,0.05,3.72041905,0.10069777,4,3
1836,402835,0.05,3.79519479,0.09964565,4,0
1837,402836,0.05,2.85549362,0.09317546,4,5
1838,402837,0.05,1.6790361,0.09555486,5,1
1839,402838,0.05,2.99292323,0.0795289,4,0
1840,402839,0.05,3.71202034,0.09760957,4,0
1841,402840,0.05,3.79640372,0.09382204,4,3
1842,402841,0.05,2.68664795,0.08714208,4,5
1843,402842,0.05,1.59932973,0.08905742,4,1
1844,402843,0.05,3.65052705,0.09880394,4,1
1845,402844,0.05,2.99103992,0.11134323,4,8
1846,402845,0.05,3.16904012,0.11502924,4,8
1847,402846,0.05,2.96146208,0.11485434,4,5
1848,402847,0.05,3.08607676,0.09084152,4,1
1849,402848,0.05,1.79473622,0.0969658,4,1
1850,402849,0.05,2.4882004,0.09489289,4,5
1851,402850,0.05,1.48741445,0.10528846,4,12
1852,402851,0.05,3.9748767,0.10100076,4,0
1853,402852,0.05,1.99787237,0.10867764,4,0
1854,402853,0.05,1.51083588,0.09688478,4,1
1855,402854,0.05,0.98941149,0.1095164,5,1
1856,402855,0.05,2.95626199,0.10862139,4,12
1857,402856,0.05,2.52749646,0.09814844,4,12
1858,402857,0.05,0.71751104,0.0884496,4,5
1859,402858,0.05,2.6783227,0.08965169,4,3
1860,402859,0.05,1.35810127,0.11318438,4,0
1861,402860,0.05,2.71679901,0.09218425,4,8
1862,402861,0.05,2.46624912,0.09573288,4,3
1863,402862,0.05,1.8439896,0.10488078,4,0
1864,402863,0.05,1.75265393,0.08205984,4,8
1865,402864,0.05,2.7828692,0.10354124,4,0
1866,402865,0.05,1.62099774,0.12484981,4,3
1867,402866,0.05,1.55387026,0.10297067,4,8
1868,402867,0.05,2.42640721,0.09865028,4,8
1869,402868,0.05,1.72668552,0.09305298,5,3
1870,402869,0.05,3.72510325,0.12154041,4,3
1871,402870,0.05,1.67547433,0.10059349,4,5
1872,402871,0.05,2.75026325,0.08782021,4,3
1873,402872,0.05,0.80281788,0.10716083,4,5
1874,402873,0.05,2.90680025,0.10195506,4,3
1875,402874,0.05,2.80091843,0.09193667,4,1
1876,402875,0.05,3.72934815,0.11376777,4,12
1877,402876,0.05,2.88766692,0.08340196,4,0
1878,402877,0.05,3.15411271,0.10818264,4,8
1879,402878,0.05,3.72432572,0.10308252,4,12
1880,402879,0.05,2.88430605,0.09315018,4,0
1881,402880,0.05,2.46984295,0.10198705,4,8
1882,402881,0.05,2.97604672,0.09946138,4,8
1883,402882,0.05,-0.20467102,0.10211844,4,12
1884,402883,0.05,3.68762695,0.10995182,4,12
1885,402884,0.05,3.63349077,0.09848066,4,0
1886,402885,0.05,0.80209039,0.10756677,4,3
1887,402886,0.05,2.77415625,0.10051701,4,5
1888,402887,0.05,2.62332935,0.10296936,4,5
1889,402888,0.05,2.51332384,0.11377453,4,3
1890,402889,0.05,2.67968085,0.10084824,4,3
1891,402890,0.05,2.82311629,0.10290358,4,5
1892,402891,0.05,3.63989802,0.09017584,4,0
1893,402892,0.05,1.59791248,0.10269378,4,12
1894,402893,0.05,0.56394457,0.0975649,4,3
1895,402894,0.05,3.78535451,0.08743348,4,5
1896,402895,0.05,1.87446628,0.10298635,4,1
1897,402896,0.05,2.42538183,0.105995,4,12
1898,402897,0.05,2.05377968,0.09644612,4,3
1899,402898,0.05,1.70927068,0.08447487,4,12
1900,402899,0.05,2.7140647,0.10967503,4,3
1901,402900,0.05,4.03422623,0.09858745,4,0
1902,402901,0.05,2.88572435,0.10893299,4,5
1903,402902,0.05,0.77401226,0.0948332,4,1
1904,402903,0.05,2.58158959,0.0907385,4,5
1905,402904,0.05,3.69720418,0.08995454,4,12
1906,402905,0.05,1.58087763,0.09064654,4,1
1907,402906,0.05,2.96091055,0.09854143,4,5
1908,402907,0.05,3.74805037,0.10101923,4,1
1909,402908,0.05,1.45139357,0.10644664,4,12
1910,402909,0.05,3.10383921,0.10947241,4,8
1911,402910,0.05,2.95138011,0.09651703,4,0
1912,402911,0.05,2.95222,0.09814222,4,5
1913,402912,0.05,2.84648969,0.09772847,4,8
1914,402913,0.05,1.87268937,0.10264855,4,5
1915,402914,0.05,2.92258802,0.09124519,4,3
1916,402915,0.05,3.78482587,0.10072068,4,0
1917,402916,0.05,2.93502301,0.10327121,4,8
1918,402917,0.05,3.76289113,0.10612014,4,8
1919,402918,0.05,0.74062143,0.096593,4,1
1920,402919,0.05,1.98776832,0.11395206,4,3
1921,402920,0.05,3.70440637,0.10219397,4,1
1922,402921,0.05,2.63882792,0.09941383,4,1
1923,402922,0.05,3.73556264,0.07979086,4,3
1924,402923,0.05,2.90471407,0.10825909,4,3
1925,402924,0.05,2.71671839,0.09494606,4,5
1926,402925,0.05,2.86995657,0.11193168,4,8
1927,402926,0.05,3.77647076,0.1021273,4,5
1928,402927,0.05,1.58912282,0.09928788,4,8
1929,402928,0.05,0.6497195,0.10837338,4,5
1930,402929,0.05,2.95226774,0.11264782,4,0
1931,402930,0.05,2.93206569,0.09003576,4,3
1932,402931,0.05,0.63875978,0.10975159,4,8
1933,402932,0.05,2.96087045,0.10358404,4,5
1934,402933,0.05,2.94027196,0.11651984,4,0
1935,402934,0.05,2.87816213,0.08903321,4,5
1936,402935,0.05,1.78537946,0.09112039,4,1
1937,402936,0.05,3.02275612,0.12117136,4,8
1938,402937,0.05,2.90534545,0.09698839,4,8
1939,402938,0.05,1.58225135,0.08724835,4,5
1940,402939,0.05,2.86112794,0.09037487,4,1
1941,402940,0.05,1.44868781,0.09665126,4,1
1942,402941,0.05,3.6810863,0.10684319,4,12
1943,402942,0.05,2.66401335,0.10239712,4,3
1944,402943,0.05,2.7055484,0.1079563,4,3
1945,402944,0.05,1.87686432,0.09694878,4,8
1946,402945,0.05,3.7310924,0.09877257,4,0
1947,402946,0.05,2.81188007,0.09421737,4,12
1948,402947,0.05,2.91878991,0.09086055,4,12
1949,402948,0.05,3.78795001,0.09915826,4,1
1950,402949,0.05,2.91990891,0.08961604,4,3
1951,402950,0.05,1.81635284,0.1072449,4,1
1952,402951,0.05,2.61258059,0.08563478,4,1
1953,402952,0.05,0.7460372,0.09055016,4,8
1954,402953,0.05,2.84707826,0.10250924,4,8
1955,402954,0.05,2.92387111,0.11112745,4,12
1956,402955,0.05,2.70891467,0.11054849,4,12
1957,402956,0.05,2.53364703,0.08905393,4,8
1958,402957,0.05,2.84127766,0.09863252,4,5
1959,402958,0.05,1.47059138,0.09896941,4,12
1960,402959,0.05,-1.13535526,0.10448391,5,12
1961,402960,0.05,2.85860636,0.1123873,4,8
1962,402961,0.05,2.99174193,0.1241846,4,5
1963,402962,0.05,1.53093111,0.09723369,4,1
1964,402963,0.05,2.58937511,0.10072828,4,3
1965,402964,0.05,3.70947936,0.09453656,4,8
1966,402965,0.05,2.98613205,0.10795839,4,8
1967,402966,0.05,3.76340864,0.10949681,4,12
1968,402967,0.05,3.7503742,0.09752631,4,8
1969,402968,0.05,3.74211675,0.1041594,4,12
1970,402969,0.05,1.46794801,0.10754991,4,8
1971,402970,0.05,3.74121311,0.10403895,4,3
1972,402971,0.05,2.81455298,0.10419647,4,0
1973,402972,0.05,-0.22664544,0.1113306,4,12
1974,402973,0.05,2.98525023,0.08737038,5,0
1975,402974,0.05,3.7214082,0.11286139,4,12
1976,402975,0.05,3.72507563,0.0946343,4,5
1977,402976,0.05,1.75276502,0.12025006,4,12
1978,402977,0.05,1.58461563,0.10399326,4,5
1979,402978,0.05,2.96961994,0.08459868,4,8
1980,402979,0.05,2.293153,0.09854716,4,3
1981,402980,0.05,3.7584778,0.1030253,4,12
1982,402981,0.05,1.77758058,0.08061995,4,12
1983,402982,0.05,2.74070535,0.10690044,4,0
1984,402983,0.05,1.44526766,0.10347871,4,8
1985,402984,0.05,1.64159632,0.09972291,4,0
1986,402985,0.05,3.70603058,0.09530814,4,0
1987,402986,0.05,1.5234136,0.10502718,4,12
1988,402987,0.05,1.70787925,0.09966246,4,8
1989,402988,0.05,1.06799147,0.09397541,4,3
1990,402989,0.05,1.96632365,0.1100452,4,5
1991,402990,0.05,3.60563709,0.10928661,4,8
1992,402991,0.05,2.71340761,0.10625196,4,5
1993,402992,0.05,2.88470628,0.08117102,4,3
1994,402993,0.05,1.95175761,0.09828991,4,0
1995,402994,0.05,1.57323532,0.09887085,4,5
1996,402995,0.05,2.46811428,0.1017346,4,0
1997,402996,0.05,2.98726769,0.10875868,5,0
1998,402997,0.05,3.05733164,0.10300122,5,0
1999,402998,0.05,1.69991252,0.09162593,4,12
2000,402999,0.05,2.50686575,0.0913075,4,12
2001,403000,0.05,2.63485382,0.10727646,4,3
2002,403001,0.05,2.66807731,0.09983901,4,0
2003,403002,0.05,1.88802728,0.10971517,4,5
2004,403003,0.05,2.95448385,0.09642761,4,12
2005,403004,0.05,2.76369329,0.10382528,4,3
2006,403005,0.05,3.02114824,0.09794158,5,0
2007,403006,0.05,1.857332,0.11276256,4,3
2008,403007,0.05,2.94473407,0.10360353,4,12
2009,403008,0.05,3.79608326,0.09552015,4,8
2010,403009,0.05,3.68891584,0.10426133,4,3
2011,403010,0.05,3.93096347,0.09363104,5,1
2012,403011,0.05,2.70700396,0.09245521,4,5
2013,403012,0.05,2.72764164,0.09749282,4,12
2014,403013,0.05,3.70666652,0.12266967,4,0
2015,403014,0.05,0.19102207,0.10970671,5,0
2016,403015,0.05,3.1941945,0.09488939,4,8
2017,403016,0.05,2.9629973,0.10580434,4,5
2018,403017,0.05,1.94252819,0.10221188,4,8
2019,403018,0.05,2.57265082,0.09842969,4,3
2020,403019,0.05,2.77154004,0.11044341,4,8
2021,403020,0.05,3.70740277,0.11136587,4,12
2022,403021,0.05,3.70426934,0.09679534,4,8
2023,403022,0.05,3.7082552,0.08455212,4,3
2024,403023,0.05,3.7823854,0.10302386,4,3
2025,403024,0.05,0.56769609,0.09667969,4,3
2026,403025,0.05,3.72850693,0.09648471,4,12
2027,403026,0.05,3.75152071,0.10615396,4,1
2028,403027,0.05,1.83215964,0.11360078,4,12
2029,403028,0.05,1.70936763,0.10820978,4,3
2030,403029,0.05,2.75988791,0.10928025,4,12
2031,403030,0.05,3.1588374,0.12060331,4,5
2032,403031,0.05,2.72115962,0.09913941,4,0
2033,403032,0.05,2.70940126,0.12526862,4,0
2034,403033,0.05,1.96240385,0.108395,4,12
2035,403034,0.05,1.76882084,0.10693354,4,8
2036,403035,0.05,2.75848563,0.09770531,4,5
2037,403036,0.05,3.66822912,0.0995055,4,0
2038,403037,0.05,2.14290264,0.10852575,4,0
2039,403038,0.05,1.44950695,0.10064091,4,5
2040,403039,0.05,2.75251061,0.1261219,4,12
2041,403040,0.05,2.71925344,0.10482218,4,5
2042,403041,0.05,3.78147995,0.10192929,4,0
2043,403042,0.05,2.780761,0.1029435,4,12
2044,403043,0.05,1.72882666,0.09516408,4,1
2045,403044,0.05,2.93978243,0.12149201,4,5
2046,403045,0.05,2.83021582,0.10070563,4,8
2047,403046,0.05,2.51220106,0.11286115,4,1
2048,403047,0.05,3.71051294,0.11492166,4,0
2049,403048,0.05,1.70564724,0.10089957,4,3
2050,403049,0.05,2.8547281,0.10162561,4,8
2051,403050,0.05,4.05229801,0.10490683,5,1
2052,403051,0.05,1.57955601,0.10429349,4,3
2053,403052,0.05,3.70020563,0.12327822,4,12
2054,403053,0.05,2.47049289,0.10629835,4,8
2055,403054,0.05,2.79644621,0.1036784,5,0
2056,403055,0.05,0.85700226,0.10461577,4,8
2057,403056,0.05,1.14444259,0.10694549,4,12
2058,403057,0.05,2.37008299,0.10625603,5,0
2059,403058,0.05,2.65488365,0.09686547,4,5
2060,403059,0.05,2.82413171,0.12471832,4,0
2061,403060,0.05,4.02165049,0.10758843,5,3
2062,403061,0.05,2.91042362,0.09103713,4,5
2063,403062,0.05,2.76748414,0.09684674,4,12
2064,403063,0.05,2.92987721,0.1082372,4,8
2065,403064,0.05,1.96979126,0.08088408,4,5
2066,403065,0.05,2.74263988,0.10257311,4,12
2067,403066,0.05,1.55632696,0.11033405,4,12
2068,403067,0.05,1.68661428,0.10016175,4,8
2069,403068,0.05,2.75173406,0.10327496,4,12
2070,403069,0.05,-0.25805604,0.10217734,5,3
2071,403070,0.05,3.16109663,0.0895413,4,12
2072,403071,0.05,1.85815461,0.09212418,4,3
2073,403072,0.05,3.67076857,0.10474387,4,8
2074,403073,0.05,3.98627694,0.11173318,5,3
2075,403074,0.05,1.90116815,0.10409731,4,12
2076,403075,0.05,3.68050667,0.10581477,4,0
2077,403076,0.05,2.88856218,0.09800017,4,0
2078,403077,0.05,2.53989556,0.10085841,4,3
2079,403078,0.05,0.63466018,0.09845093,4,5
2080,403079,0.05,2.96875227,0.10296443,4,5
2081,403080,0.05,1.7207252,0.09201256,4,8
2082,403081,0.05,3.75666499,0.10215159,4,5
2083,403082,0.05,3.71232477,0.11500032,4,12
2084,403083,0.05,3.00781978,0.11045222,4,5
2085,403084,0.05,2.81506321,0.10405045,4,8
2086,403085,0.05,3.67593395,0.0873553,4,1
2087,403086,0.05,2.71383148,0.11608385,4,0
2088,403087,0.05,2.71584523,0.10550077,4,5
2089,403088,0.05,3.73575968,0.10129426,4,8
2090,403089,0.05,1.53403687,0.10168242,4,8
2091,403090,0.05,1.62525618,0.10479335,4,0
2092,403091,0.05,1.94303831,0.09006641,4,3
2093,403092,0.05,2.5463308,0.09855461,4,5
2094,403093,0.05,3.74846368,0.09751142,4,0
2095,403094,0.05,2.91294547,0.09962145,4,1
2096,403095,0.05,2.54716429,0.10851226,4,1
2097,403096,0.05,1.85968669,0.10719955,4,0
2098,403097,0.05,3.68839596,0.08932018,4,12
2099,403098,0.05,2.93211925,0.09398381,4,12
2100,403099,0.05,3.74198461,0.09331519,4,5
2101,403100,0.05,2.9450948,0.10136047,5,5
2102,403101,0.05,1.91667358,0.09820133,4,3
2103,403102,0.05,1.55264832,0.10287407,4,12
2104,403103,0.05,2.85246994,0.0882932,4,3
2105,403104,0.05,2.79088341,0.0936411,4,3
2106,403105,0.05,1.89987564,0.11324214,4,12
2107,403106,0.05,3.97773873,0.10781932,5,0
2108,403107,0.05,2.48123123,0.10342355,4,12
2109,403108,0.05,3.7313367,0.08440868,4,1
2110,403109,0.05,2.54826086,0.11894986,4,5
2111,403110,0.05,2.99844406,0.10299171,5,0
2112,403111,0.05,2.78814188,0.09789455,4,5
2113,403112,0.05,0.52453533,0.08327657,4,5
2114,403113,0.05,2.71172678,0.1020806,4,0
2115,403114,0.05,2.87840377,0.10171802,4,5
2116,403115,0.05,0.69187232,0.08183868,4,5
2117,403116,0.05,2.93304603,0.09286269,4,12
2118,403117,0.05,3.04495473,0.09435257,4,3
2119,403118,0.05,1.68030806,0.09620163,4,3
2120,403119,0.05,0.80994567,0.1015152,4,1
2121,403120,0.05,2.50617948,0.10055682,4,8
2122,403121,0.05,2.64144196,0.09897445,4,1
2123,403122,0.05,1.51823833,0.09782965,4,1
2124,403123,0.05,1.88365031,0.12309272,4,8
2125,403124,0.05,0.64558752,0.09570565,4,8
2126,403125,0.05,2.79131796,0.09999455,4,8
2127,403126,0.05,3.81017734,0.10880452,4,8
2128,403127,0.05,1.58662336,0.10675617,5,0
2129,403128,0.05,2.25950241,0.11107921,4,3
2130,403129,0.05,3.6974704,0.10333726,4,0
2131,403130,0.05,2.56119775,0.09034429,4,3
2132,403131,0.05,1.74469284,0.09522429,4,3
2133,403132,0.05,1.04375299,0.09651675,4,8
2134,403133,0.05,2.40093247,0.10604108,4,3
2135,403134,0.05,3.69072151,0.08920109,4,12
2136,403135,0.05,1.76331056,0.09874128,4,1
2137,403136,0.05,1.51178983,0.10333868,4,8
2138,403137,0.05,1.77924135,0.09638657,4,5
2139,403138,0.05,2.82359469,0.08107674,4,12
2140,403139,0.05,2.82077158,0.10125568,4,1
2141,403140,0.05,3.84367154,0.10269095,4,5
2142,403141,0.05,3.30160012,0.1078555,4,0
2143,403142,0.05,3.70417393,0.10430913,4,5
2144,403143,0.05,3.75728833,0.10217229,4,3
2145,403144,0.05,1.8040904,0.10679172,4,5
2146,403145,0.05,1.51545036,0.10731727,4,8
2147,403146,0.05,3.77367905,0.10139646,4,0
2148,403147,0.05,2.41161982,0.11457009,4,3
2149,403148,0.05,3.74020597,0.10022521,4,3
2150,403149,0.05,2.90793479,0.09487183,4,8
2151,403150,0.05,0.60802224,0.10967619,4,5
2152,403151,0.05,2.46166458,0.10176039,4,8
2153,403152,0.05,1.9347129,0.10607179,4,3
2154,403153,0.05,1.85177043,0.10497899,5,0
2155,403154,0.05,2.09183107,0.10432608,4,5
2156,403155,0.05,2.88419222,0.10340182,4,12
2157,403156,0.05,2.38201032,0.10213832,4,3
2158,403157,0.05,1.96940035,0.10233813,4,5
2159,403158,0.05,2.78845566,0.10492272,4,0
2160,403159,0.05,3.68235607,0.10245511,4,5
2161,403160,0.05,1.89901738,0.10041288,4,12
2162,403161,0.05,3.65075338,0.1009562,4,8
2163,403162,0.05,2.75548238,0.09651032,4,0
2164,403163,0.05,1.52674092,0.10908274,4,8
2165,403164,0.05,3.67894018,0.09058267,4,0
2166,403165,0.05,1.6140209,0.08971388,4,5
2167,403166,0.05,2.0277987,0.10865519,4,1
2168,403167,0.05,1.83978362,0.09382544,4,1
2169,403168,0.05,2.49803497,0.10117149,4,5
2170,403169,0.05,2.95132106,0.10169272,5,0
2171,403170,0.05,3.0046013,0.09874018,4,12
2172,403171,0.05,2.47787106,0.10158993,4,5
2173,403172,0.05,3.73480155,0.11129854,4,8
2174,403173,0.05,2.77921205,0.10732549,4,5
2175,403174,0.05,3.68744654,0.09323801,4,3
2176,403175,0.05,2.61400316,0.09450962,4,12
2177,403176,0.05,3.93670178,0.10747218,5,1
2178,403177,0.05,0.6215183,0.10349987,4,8
2179,403178,0.05,2.64851268,0.09238925,4,3
2180,403179,0.05,3.97551506,0.1082453,5,5
2181,403180,0.05,2.91563094,0.10157725,4,1
2182,403181,0.05,2.77079986,0.11028887,4,5
2183,403182,0.05,2.67595758,0.10668194,4,3
2184,403183,0.05,2.96555206,0.08730911,4,5
2185,403184,0.05,3.811458,0.10557324,4,8
2186,403185,0.05,1.06509494,0.09650267,4,8
2187,403186,0.05,3.74464466,0.10072773,4,5
2188,403187,0.05,2.02454261,0.0907046,4,12
2189,403188,0.05,3.7842446,0.10002698,4,0
2190,403189,0.05,2.92109555,0.09825388,4,3
2191,403190,0.05,1.70799708,0.11993917,4,3
2192,403191,0.05,2.49916083,0.1066108,4,12
2193,403192,0.05,1.48575866,0.10517157,4,12
2194,403193,0.05,2.73940646,0.09986388,4,8
2195,403194,0.05,2.92987559,0.10709677,4,1
2196,403195,0.05,3.86650605,0.10364737,4,0
2197,403196,0.05,1.34041953,0.09657488,4,8
2198,403197,0.05,1.70687819,0.09374672,4,5
2199,403198,0.05,2.70714849,0.10350131,4,3
2200,403199,0.05,2.91113721,0.09135722,4,12
2201,403200,0.05,3.67244944,0.09983023,4,0
2202,403201,0.05,2.84384243,0.10232746,4,5
2203,403202,0.05,3.75751451,0.09614895,4,12
2204,403203,0.05,3.82453434,0.10559447,4,5
2205,403204,0.05,1.4294938,0.08684501,4,5
2206,403205,0.05,3.10958231,0.10921316,4,8
2207,403206,0.05,3.73345179,0.10284339,4,8
2208,403207,0.05,3.72599231,0.10992527,4,5
2209,403208,0.05,2.66141454,0.10778139,4,12
2210,403209,0.05,2.73103153,0.11073056,4,1
2211,403210,0.05,2.51710478,0.10503763,4,1
2212,403211,0.05,2.51966211,0.12771746,4,1
2213,403212,0.05,3.77584063,0.1244387,4,5
2214,403213,0.05,0.17751747,0.10116304,5,1
2215,403214,0.05,3.02220865,0.11058464,4,12
2216,403215,0.05,2.98796477,0.12345615,4,8
2217,403216,0.05,2.4728107,0.1054032,4,5
2218,403217,0.05,1.8815451,0.08454722,4,1
2219,403218,0.05,2.96430357,0.09845142,4,3
2220,403219,0.05,2.35869094,0.10035097,5,0
2221,403220,0.05,2.80118056,0.10607048,4,8
2222,403221,0.05,2.83686419,0.10785914,4,0
2223,403222,0.05,3.78085963,0.09972244,4,12
2224,403223,0.05,1.82697471,0.10629435,4,3
2225,403224,0.05,2.8759692,0.10262135,4,12
2226,403225,0.05,3.80810033,0.09650451,4,12
2227,403226,0.05,2.86501619,0.09426585,4,5
2228,403227,0.05,3.0140129,0.09059446,4,3
2229,403228,0.05,2.75027696,0.09871265,4,0
2230,403229,0.05,0.73681919,0.09495565,4,0
2231,403230,0.05,1.96436491,0.10706405,4,8
2232,403231,0.05,2.82386821,0.10513871,4,3
2233,403232,0.05,4.05975027,0.09566544,5,0
2234,403233,0.05,-0.1882045,0.098153,4,3
2235,403234,0.05,3.72184822,0.09944279,4,0
2236,403235,0.05,3.80505214,0.09081808,4,1
2237,403236,0.05,2.01646555,0.07891102,4,8
2238,403237,0.05,1.71406099,0.09263478,4,3
2239,403238,0.05,1.60904905,0.10486835,4,12
2240,403239,0.05,3.60121517,0.08959236,4,0
2241,403240,0.05,1.6097968,0.11526266,4,12
2242,403241,0.05,3.2630694,0.09730814,4,0
2243,403242,0.05,2.79663555,0.11904234,4,3
2244,403243,0.05,1.98927813,0.11115928,4,12
2245,403244,0.05,3.8363974,0.09972832,4,0
2246,403245,0.05,3.9059084,0.09618796,5,0
2247,403246,0.05,2.81147551,0.11095998,4,0
2248,403247,0.05,3.78668213,0.11659506,4,5
2249,403248,0.05,2.88884697,0.09094452,4,3
2250,403249,0.05,2.8911301,0.10338912,4,5
2251,403250,0.05,2.49670685,0.10340072,4,5
2252,403251,0.05,0.71961954,0.10631827,4,8
2253,403252,0.05,3.81683151,0.09717827,4,0
2254,403253,0.05,3.836701,0.11322632,4,3
2255,403254,0.05,1.5128522,0.10983646,4,1
2256,403255,0.05,0.64523503,0.11216553,4,12
2257,403256,0.05,1.90671218,0.09292175,4,5
2258,403257,0.05,0.69931167,0.1057036,4,5
2259,403258,0.05,0.60933502,0.09112601,5,0
2260,403259,0.05,3.10404458,0.10225771,4,12
2261,403260,0.05,1.47877343,0.11052372,4,1
2262,403261,0.05,0.70965069,0.10267934,4,5
2263,403262,0.05,2.96237741,0.10298579,4,8
2264,403263,0.05,3.67363503,0.10514227,4,0
2265,403264,0.05,2.86893008,0.09473632,5,0
2266,403265,0.05,1.70729465,0.09103329,4,5
2267,403266,0.05,2.79518381,0.10442418,4,12
2268,403267,0.05,2.88680855,0.09480861,4,12
2269,403268,0.05,2.83933988,0.11346611,4,1
2270,403269,0.05,1.4129034,0.11821561,4,0
2271,403270,0.05,2.50111861,0.10259734,4,8
2272,403271,0.05,1.49967832,0.10353669,4,5
2273,403272,0.05,3.11119824,0.09899893,4,0
2274,403273,0.05,1.90222964,0.11448156,4,12
2275,403274,0.05,3.7085901,0.09761382,4,5
2276,403275,0.05,3.74665915,0.09225625,4,0
2277,403276,0.05,1.94008238,0.11013005,4,5
2278,403277,0.05,2.45557221,0.10578863,4,8
2279,403278,0.05,2.49667918,0.1034831,4,5
2280,403279,0.05,3.71493607,0.10564929,4,1
2281,403280,0.05,3.84268236,0.10486307,4,3
2282,403281,0.05,3.77132304,0.11575052,4,1
2283,403282,0.05,2.90350519,0.10502408,4,1
2284,403283,0.05,2.77195816,0.0995518,4,3
2285,403284,0.05,1.79184266,0.09638202,4,12
2286,403285,0.05,3.7633885,0.10664004,4,12
2287,403286,0.05,3.11226748,0.11551708,5,0
2288,403287,0.05,2.89958058,0.11667355,4,12
2289,403288,0.05,3.77268545,0.09855237,4,8
2290,403289,0.05,3.69330238,0.09971194,4,1
2291,403290,0.05,0.9021109,0.09470452,5,0
2292,403291,0.05,2.263188,0.08792933,4,8
2293,403292,0.05,3.76936714,0.10591801,4,0
2294,403293,0.05,1.57955399,0.09414095,4,3
2295,403294,0.05,3.76476167,0.09797143,4,3
2296,403295,0.05,1.87044787,0.10001465,4,0
2297,403296,0.05,3.81749763,0.10836521,4,3
2298,403297,0.05,2.58401887,0.1104179,4,0
2299,403298,0.05,3.71184787,0.10169645,4,8
2300,403299,0.05,2.67070369,0.09911742,4,8
2301,403300,0.05,2.10369202,0.09691136,5,3
2302,403301,0.05,4.02726551,0.09957039,5,1
2303,403302,0.05,3.66579411,0.10546084,4,1
2304,403303,0.05,2.5472156,0.10447887,4,3
2305,403304,0.05,2.66030969,0.09515431,4,5
2306,403305,0.05,2.51148545,0.09033388,4,1
2307,403306,0.05,1.51027766,0.10802268,4,8
2308,403307,0.05,3.72533873,0.1144043,4,12
2309,403308,0.05,2.02664758,0.10384831,4,8
2310,403309,0.05,2.66582683,0.09242299,4,0
2311,403310,0.05,3.77721444,0.11847987,4,12
2312,403311,0.05,1.30968745,0.11228693,4,8
2313,403312,0.05,1.07326104,0.10477979,5,0
2314,403313,0.05,1.7777721,0.11068466,4,12
2315,403314,0.05,1.78732385,0.09204097,4,1
2316,403315,0.05,3.69578215,0.08682078,4,3
2317,403316,0.05,3.6446583,0.10771348,4,1
2318,403317,0.05,1.55452997,0.09363124,4,3
2319,403318,0.05,2.72852467,0.10169502,4,8
2320,403319,0.05,2.79944575,0.09008109,4,1
2321,403320,0.05,3.79474946,0.08763184,4,0
2322,403321,0.05,1.48259177,0.10253563,4,12
2323,403322,0.05,2.55182454,0.10192109,4,5
2324,403323,0.05,2.18871591,0.10329504,5,5
2325,403324,0.05,2.97281859,0.10946696,4,12
2326,403325,0.05,1.93036214,0.09899305,4,1
2327,403326,0.05,2.64992493,0.10344467,4,12
2328,403327,0.05,3.92963893,0.09915206,5,0
2329,403328,0.05,1.14618634,0.09537455,5,5
2330,403329,0.05,2.61284894,0.10713718,4,5
2331,403330,0.05,0.98450615,0.10874174,5,0
2332,403331,0.05,3.7635178,0.10798437,4,3
2333,403332,0.05,1.49409211,0.10496312,4,8
2334,403333,0.05,1.11552196,0.08837559,4,1
2335,403334,0.05,2.74816254,0.0771426,4,3
2336,403335,0.05,3.84440993,0.09516139,4,12
2337,403336,0.05,1.04825687,0.10747403,5,1
2338,403337,0.05,3.99305996,0.09176489,5,5
2339,403338,0.05,2.72118477,0.10432634,4,0
2340,403339,0.05,2.77672513,0.10598452,4,3
2341,403340,0.05,2.98343403,0.10687248,4,5
2342,403341,0.05,3.80384914,0.10637847,4,0
2343,403342,0.05,3.71591233,0.09712115,4,3
2344,403343,0.05,2.90818026,0.09132683,4,5
2345,403344,0.05,3.01769201,0.10082868,4,8
2346,403345,0.05,0.70301825,0.08842734,4,3
2347,403346,0.05,2.80156712,0.08873031,4,0
2348,403347,0.05,2.71131445,0.10463855,4,5
2349,403348,0.05,2.81931294,0.09438311,4,5
2350,403349,0.05,3.74972934,0.11553302,4,12
2351,403350,0.05,3.69885806,0.10020244,4,3
2352,403351,0.05,2.93075575,0.09858184,5,1
2353,403352,0.05,2.67113714,0.09585341,4,8
2354,403353,0.05,3.71502569,0.10990511,4,5
2355,403354,0.05,2.85887523,0.10130124,4,5
2356,403355,0.05,2.93838665,0.09658977,4,3
2357,403356,0.05,3.79338809,0.10667675,4,8
2358,403357,0.05,2.02194688,0.11049872,4,3
2359,403358,0.05,2.84733127,0.09514051,4,12
2360,403359,0.05,2.63868793,0.09251752,4,8
2361,403360,0.05,3.68393453,0.10034791,4,3
2362,403361,0.05,3.7856253,0.10254099,4,5
2363,403362,0.05,3.10168127,0.09591954,4,0
2364,403363,0.05,2.84848216,0.09496858,4,8
2365,403364,0.05,2.97383002,0.10947967,4,5
2366,403365,0.05,2.96035384,0.0929837,4,0
2367,403366,0.05,3.73522334,0.10802044,4,12
2368,403367,0.05,2.29485489,0.10106369,4,8
2369,403368,0.05,3.81215746,0.11088905,4,12
2370,403369,0.05,2.67520534,0.0983154,4,3
2371,403370,0.05,2.66623099,0.0983298,4,5
2372,403371,0.05,2.74341781,0.09630743,4,5
2373,403372,0.05,2.69399087,0.11031454,4,0
2374,403373,0.05,3.75576365,0.10857574,4,1
2375,403374,0.05,2.45264169,0.11583192,4,3
2376,403375,0.05,2.9452185,0.10349006,5,0
2377,403376,0.05,2.78208213,0.09486004,4,12
2378,403377,0.05,2.59001768,0.10523839,4,1
2379,403378,0.05,2.62372043,0.08079419,4,12
2380,403379,0.05,0.62461411,0.07749838,4,8
2381,403380,0.05,1.64413548,0.09397919,4,5
2382,403381,0.05,2.80124689,0.11573042,5,5
2383,403382,0.05,1.93395301,0.10284961,4,8
2384,403383,0.05,3.00433089,0.10275864,4,0
2385,403384,0.05,2.63328413,0.10207178,4,8
2386,403385,0.05,1.83272503,0.08689565,4,0
2387,403386,0.05,3.69808739,0.10607779,4,0
2388,403387,0.05,3.69820615,0.09250589,4,8
2389,403388,0.05,3.58485944,0.08636279,4,5
2390,403389,0.05,3.79929717,0.09656845,4,5
2391,403390,0.05,2.87204753,0.10324766,4,8
2392,403391,0.05,3.00466345,0.11149244,5,0
2393,403392,0.05,2.75553137,0.09167398,5,1
2394,403393,0.05,2.80753939,0.1117154,4,1
2395,403394,0.05,0.18656726,0.09575771,5,1
2396,403395,0.05,2.55468839,0.10917965,4,3
2397,403396,0.05,1.43092448,0.11267407,4,1
2398,403397,0.05,1.02929367,0.10641645,4,8
2399,403398,0.05,2.12696966,0.10384212,5,0
2400,403399,0.05,3.03937195,0.10472558,5,0
2401,403400,0.05,3.68625042,0.11347064,4,5
2402,403401,0.05,3.74579618,0.08940961,4,0
2403,403402,0.05,0.69084649,0.09713085,4,3
2404,403403,0.05,1.97490782,0.1055755,4,12
2405,403404,0.05,3.81649981,0.09076025,4,8
2406,403405,0.05,2.48665709,0.10305602,4,5
2407,403406,0.05,2.83001969,0.10247795,4,12
2408,403407,0.05,2.84228739,0.10086469,4,5
2409,403408,0.05,2.5574264,0.09318567,4,12
2410,403409,0.05,2.68618895,0.08593852,4,12
2411,403410,0.05,1.92646888,0.10275875,5,8
2412,403411,0.05,2.47544436,0.1070165,4,1
2413,403412,0.05,0.92640471,0.08264632,4,3
2414,403413,0.05,2.78240909,0.10177048,4,8
2415,403414,0.05,2.88552795,0.12397849,4,1
2416,403415,0.05,2.57731325,0.10253255,4,3
2417,403416,0.05,2.81233211,0.10210409,5,5
2418,403417,0.05,1.92134334,0.10006732,4,0
2419,403418,0.05,3.73926726,0.10933287,4,0
2420,403419,0.05,1.90154081,0.11145584,5,1
2421,403420,0.05,1.97637937,0.10495182,4,8
2422,403421,0.05,2.658325,0.09177129,4,3
2423,403422,0.05,2.81413741,0.10435342,4,5
2424,403423,0.05,2.93233798,0.09888391,4,12
2425,403424,0.05,1.95432138,0.10078309,4,12
2426,403425,0.05,3.89524292,0.10605836,4,12
2427,403426,0.05,1.93860779,0.11055636,4,3
2428,403427,0.05,2.97534459,0.103022,4,5
2429,403428,0.05,3.79139254,0.09009958,4,5
2430,403429,0.05,1.45943695,0.09567346,4,5
2431,403430,0.05,2.93031641,0.11512673,4,1
2432,403431,0.05,1.86832011,0.09938416,4,5
2433,403432,0.05,1.41922467,0.09399664,4,12
2434,403433,0.05,2.49552843,0.11074143,4,8
2435,403434,0.05,2.37995517,0.09392422,4,1
2436,403435,0.05,2.5601061,0.10516502,4,1
2437,403436,0.05,3.01963169,0.09227394,5,0
2438,403437,0.05,2.54533957,0.09448878,4,1
2439,403438,0.05,2.79469304,0.09400645,4,1
2440,403439,0.05,2.70975892,0.09586417,4,3
2441,403440,0.05,1.48427353,0.10670038,4,8
2442,403441,0.05,1.54542757,0.08455548,4,8
2443,403442,0.05,2.87698172,0.09902596,4,0
2444,403443,0.05,2.41726779,0.09286967,4,3
2445,403444,0.05,2.63421301,0.11077665,4,0
2446,403445,0.05,2.78216058,0.11239896,5,3
2447,403446,0.05,2.01536345,0.09304385,4,8
2448,403447,0.05,3.89453782,0.08951278,5,1
2449,403448,0.05,0.85784962,0.0943196,5,3
2450,403449,0.05,3.73561639,0.09785734,4,1
2451,403450,0.05,3.85506461,0.08756639,5,0
2452,403451,0.05,3.67257974,0.10006838,4,0
2453,403452,0.05,3.66207031,0.1045093,4,12
2454,403453,0.05,1.59438481,0.10404194,4,1
2455,403454,0.05,3.79469039,0.0965163,4,1
2456,403455,0.05,3.77323289,0.09746723,4,5
2457,403456,0.05,3.0431343,0.09680334,4,0
2458,403457,0.05,1.97919634,0.11179337,4,0
2459,403458,0.05,1.9242777,0.09980101,4,8
2460,403459,0.05,0.78582647,0.09994933,4,5
2461,403460,0.05,2.92767487,0.09552105,4,0
2462,403461,0.05,2.39817728,0.10852276,4,3
2463,403462,0.05,2.76149517,0.09774837,4,12
2464,403463,0.05,2.4669161,0.10022309,4,5
2465,403464,0.05,2.73929116,0.10396053,4,1
2466,403465,0.05,2.73437416,0.0968863,4,3
2467,403466,0.05,1.01898261,0.10843135,4,0
2468,403467,0.05,2.40437025,0.10708643,4,8
2469,403468,0.05,2.08346038,0.11885374,4,0
2470,403469,0.05,1.72299343,0.10372743,4,1
2471,403470,0.05,3.66381083,0.09207188,4,1
2472,403471,0.05,3.90176972,0.1003913,4,1
2473,403472,0.05,2.74199357,0.10364214,4,0
2474,403473,0.05,2.70298536,0.09493514,4,1
2475,403474,0.05,1.73791898,0.11694168,4,1
2476,403475,0.05,2.47434813,0.09360561,4,0
2477,403476,0.05,3.84569085,0.10659752,4,0
2478,403477,0.05,2.95235534,0.09032796,4,1
2479,403478,0.05,2.84021118,0.10043882,4,1
2480,403479,0.05,3.78383286,0.11024848,4,12
2481,403480,0.05,2.67979298,0.0866133,4,0
2482,403481,0.05,0.81747823,0.11325866,5,0
2483,403482,0.05,2.95005204,0.0865451,4,3
2484,403483,0.05,2.82924392,0.1089121,4,12
2485,403484,0.05,2.99628468,0.08586646,4,5
2486,403485,0.05,1.48258804,0.11090668,4,8
2487,403486,0.05,3.74510808,0.10714547,4,0
2488,403487,0.05,2.91083241,0.10117022,4,5
2489,403488,0.05,3.69224332,0.09202105,4,12
2490,403489,0.05,3.75676699,0.09969495,4,5
2491,403490,0.05,2.48275139,0.1042256,4,5
2492,403491,0.05,0.80926078,0.10641073,4,1
2493,403492,0.05,2.66300398,0.11111587,4,12
2494,403493,0.05,3.01619557,0.11986643,4,1
2495,403494,0.05,3.75712767,0.1095818,4,5
2496,403495,0.05,2.92675559,0.11094055,4,12
2497,403496,0.05,0.78530665,0.08890068,4,5
2498,403497,0.05,2.79762157,0.113751,4,12
2499,403498,0.05,2.84765516,0.10081287,4,5
2500,403499,0.05,1.47357954,0.10604159,4,12
2501,403500,0.05,1.67317395,0.09467108,4,1
2502,403501,0.05,3.79105831,0.10641281,4,5
2503,403502,0.05,3.74364848,0.0859652,4,0
2504,403503,0.05,2.78011091,0.10578653,5,3
2505,403504,0.05,2.23773989,0.09546177,4,8
2506,403505,0.05,2.82683314,0.09365457,4,1
2507,403506,0.05,2.91719577,0.09220454,4,8
2508,403507,0.05,0.72103745,0.09831205,4,12
2509,403508,0.05,1.61821941,0.11933803,4,8
2510,403509,0.05,2.78510454,0.09873296,4,8
2511,403510,0.05,0.7400837,0.10596806,4,12
2512,403511,0.05,2.97165686,0.10349563,5,0
2513,403512,0.05,3.69311367,0.09644672,4,1
2514,403513,0.05,3.42806574,0.11206102,5,0
2515,403514,0.05,4.0683999,0.09708416,5,1
2516,403515,0.05,2.95800446,0.09818516,4,12
2517,403516,0.05,2.77136465,0.09002497,4,1
2518,403517,0.05,3.79805313,0.10437911,4,1
2519,403518,0.05,1.55776396,0.1017095,4,3
2520,403519,0.05,3.01184471,0.09525051,5,1
2521,403520,0.05,3.12772854,0.09137943,5,1
2522,403521,0.05,1.69654267,0.09769136,4,5
2523,403522,0.05,2.53275829,0.09393064,4,12
2524,403523,0.05,1.98656555,0.11893935,4,5
2525,403524,0.05,2.7462811,0.10042281,4,0
2526,403525,0.05,2.69139511,0.11609002,4,1
2527,403526,0.05,3.689403,0.10804419,4,0
2528,403527,0.05,2.63156166,0.10376978,4,12
2529,403528,0.05,1.83320246,0.10339761,4,0
2530,403529,0.05,3.5933229,0.09045769,4,5
2531,403530,0.05,2.7700207,0.09913172,4,12
2532,403531,0.05,2.82459696,0.12793257,4,12
2533,403532,0.05,2.03024424,0.0982841,5,1
2534,403533,0.05,1.99184387,0.11640933,4,1
2535,403534,0.05,3.74801409,0.09171576,4,12
2536,403535,0.05,2.74420583,0.11681349,4,1
2537,403536,0.05,3.7494813,0.11560613,4,5
2538,403537,0.05,0.21316108,0.0890461,5,5
2539,403538,0.05,1.84426246,0.08803704,4,5
2540,403539,0.05,2.16744248,0.08931079,4,1
2541,403540,0.05,1.6971389,0.09536734,4,12
2542,403541,0.05,3.69346757,0.11204404,4,8
2543,403542,0.05,2.9219542,0.10560301,4,3
2544,403543,0.05,3.65844832,0.09657782,4,0
2545,403544,0.05,2.6804437,0.11183573,4,1
2546,403545,0.05,1.89633995,0.09055184,4,3
2547,403546,0.05,3.6993535,0.10153086,4,3
2548,403547,0.05,1.89092852,0.09535977,4,12
2549,403548,0.05,-0.26371307,0.10398213,4,12
2550,403549,0.05,2.13970846,0.11003436,4,5
2551,403550,0.05,3.70010893,0.10453829,4,8
2552,403551,0.05,2.54163088,0.09623847,4,3
2553,403552,0.05,4.05623283,0.1066054,5,1
2554,403553,0.05,2.77088393,0.12762881,4,3
2555,403554,0.05,2.72223001,0.1053356,4,1
2556,403555,0.05,3.9069045,0.08739068,4,1
2557,403556,0.05,4.00352291,0.09625798,5,0
2558,403557,0.05,3.08308522,0.08793065,5,5
2559,403558,0.05,0.72860841,0.11789394,4,8
2560,403559,0.05,1.43368351,0.09771793,4,5
2561,403560,0.05,1.80258713,0.10297985,4,1
2562,403561,0.05,3.70300523,0.10908626,4,0
2563,403562,0.05,2.44967512,0.1028931,4,3
2564,403563,0.05,3.10865592,0.10705386,4,1
2565,403564,0.05,3.68503533,0.1077358,4,1
2566,403565,0.05,1.4704596,0.12087186,4,0
2567,403566,0.05,2.51688951,0.11411952,4,1
2568,403567,0.05,3.69766055,0.09564341,4,12
2569,403568,0.05,1.92413242,0.10400851,5,0
2570,403569,0.05,2.06351618,0.10519241,4,12
2571,403570,0.05,2.67747972,0.10192127,4,3
2572,403571,0.05,2.83645996,0.10498374,4,3
2573,403572,0.05,2.34734035,0.09763712,4,3
2574,403573,0.05,3.70285969,0.10965032,4,3
2575,403574,0.05,2.7188954,0.10593499,4,1
2576,403575,0.05,3.76787986,0.12244118,4,3
2577,403576,0.05,2.44699537,0.10893003,4,3
2578,403577,0.05,0.63403781,0.12324086,4,5
2579,403578,0.05,2.73864009,0.1188182,4,12
2580,403579,0.05,3.7550222,0.10817624,4,3
2581,403580,0.05,1.69974632,0.12165186,4,12
2582,403581,0.05,3.71781448,0.10491775,4,5
2583,403582,0.05,2.5082299,0.1080928,4,0
2584,403583,0.05,3.65829564,0.09412643,4,0
2585,403584,0.05,1.94832169,0.09401462,4,0
2586,403585,0.05,2.96616766,0.10789147,4,12
2587,403586,0.05,2.88204354,0.10807659,4,1
2588,403587,0.05,0.70247506,0.1093063,4,1
2589,403588,0.05,2.80086439,0.10816918,4,12
2590,403589,0.05,2.70119015,0.10745238,4,12
2591,403590,0.05,2.87713677,0.10994217,4,1
2592,403591,0.05,2.86012239,0.10794469,4,12
2593,403592,0.05,2.89470275,0.10005301,4,12
2594,403593,0.05,1.93894448,0.10969668,4,0
2595,403594,0.05,3.78371296,0.10495112,4,8
2596,403595,0.05,1.60359207,0.09274323,4,1
2597,403596,0.05,2.9690437,0.10481993,4,3
2598,403597,0.05,2.90296685,0.10827289,4,8
2599,403598,0.05,3.16984314,0.10466842,4,12
2600,403599,0.05,1.86748266,0.10297907,4,1
2601,403600,0.05,2.60728557,0.09766017,4,3
2602,403601,0.05,2.86767958,0.09836797,4,3
2603,403602,0.05,1.63356698,0.09615748,4,8
2604,403603,0.05,2.5306274,0.09916766,4,12
2605,403604,0.05,1.44502554,0.09899247,4,12
2606,403605,0.05,2.80353317,0.09965063,4,1
2607,403606,0.05,3.21891959,0.10072781,4,0
2608,403607,0.05,3.6561301,0.09361555,4,1
2609,403608,0.05,2.70373098,0.09816273,4,8
2610,403609,0.05,1.63379731,0.09572768,4,12
2611,403610,0.05,2.80868586,0.10213332,4,5
2612,403611,0.05,2.81048738,0.10071733,4,0
2613,403612,0.05,0.553459,0.10032081,4,0
2614,403613,0.05,2.70934161,0.1180363,4,0
2615,403614,0.05,3.10919034,0.10230133,5,3
2616,403615,0.05,2.97578056,0.11454861,4,0
2617,403616,0.05,0.8092154,0.10539838,5,8
2618,403617,0.05,1.75503845,0.11265556,4,1
2619,403618,0.05,1.65681977,0.09449588,4,12
2620,403619,0.05,1.95336235,0.08674573,4,5
2621,403620,0.05,3.79557223,0.1116702,4,1
2622,403621,0.05,0.60038215,0.1110251,4,8
2623,403622,0.05,3.70894152,0.11429921,4,1
2624,403623,0.05,2.67325273,0.08980678,4,8
2625,403624,0.05,2.67215426,0.10350196,4,1
2626,403625,0.05,2.16837978,0.09769053,4,1
2627,403626,0.05,3.76490097,0.10298377,4,3
2628,403627,0.05,3.75000772,0.10211291,4,8
2629,403628,0.05,1.99886524,0.09391518,5,1
2630,403629,0.05,2.91388225,0.11200672,4,8
2631,403630,0.05,2.4197625,0.11163915,4,12
2632,403631,0.05,2.80607667,0.10230507,4,1
2633,403632,0.05,1.80686953,0.10071904,4,3
2634,403633,0.05,2.70490913,0.09851784,4,1
2635,403634,0.05,3.01915732,0.10253185,4,1
2636,403635,0.05,0.58470728,0.10325117,4,3
2637,403636,0.05,3.73936996,0.1139955,4,12
2638,403637,0.05,2.99006509,0.09285133,5,1
2639,403638,0.05,2.94935787,0.1008602,4,5
2640,403639,0.05,3.65029767,0.08884018,4,3
2641,403640,0.05,0.43844734,0.09958923,5,12
2642,403641,0.05,2.49801052,0.09738575,4,1
2643,403642,0.05,0.850509,0.093164,5,3
2644,403643,0.05,1.87610809,0.0957884,5,1
2645,403644,0.05,3.12508206,0.09958131,4,0
2646,403645,0.05,2.84237011,0.09880413,4,3
2647,403646,0.05,2.9390537,0.11600906,4,3
2648,403647,0.05,2.64709804,0.10402012,4,0
2649,403648,0.05,2.41843976,0.1017845,4,8
2650,403649,0.05,1.02691194,0.11357047,4,12
2651,403650,0.05,2.83947357,0.09711585,5,1
2652,403651,0.05,3.84955543,0.11952348,4,1
2653,403652,0.05,3.7048388,0.12321905,4,8
2654,403653,0.05,2.8440959,0.10218098,4,5
2655,403654,0.05,3.63821071,0.09298239,4,1
2656,403655,0.05,1.5584642,0.11087469,4,3
2657,403656,0.05,1.93964354,0.09517761,4,5
2658,403657,0.05,2.87808041,0.10908265,4,0
2659,403658,0.05,1.95202965,0.09255635,4,12
2660,403659,0.05,2.77219175,0.10419157,5,0
2661,403660,0.05,1.70826963,0.11435434,5,8
2662,403661,0.05,2.47376778,0.09325841,4,3
2663,403662,0.05,3.7383323,0.09892047,4,12
2664,403663,0.05,3.78890259,0.1190869,4,0
2665,403664,0.05,1.71396817,0.10900974,4,3
2666,403665,0.05,2.94655866,0.09972747,4,5
2667,403666,0.05,2.19372795,0.09057808,4,1
2668,403667,0.05,3.73306789,0.11625939,4,8
2669,403668,0.05,2.44918985,0.09831898,4,1
2670,403669,0.05,3.65266129,0.10421142,4,3
2671,403670,0.05,2.95093427,0.09873545,4,3
2672,403671,0.05,1.7767182,0.10604163,4,0
2673,403672,0.05,3.79002085,0.10556058,4,8
2674,403673,0.05,1.44464247,0.09993305,4,12
2675,403674,0.05,2.68928744,0.10636462,4,0
2676,403675,0.05,2.77469989,0.11280222,4,1
2677,403676,0.05,2.70480433,0.09990356,4,0
2678,403677,0.05,2.52020626,0.11429712,4,3
2679,403678,0.05,2.60927663,0.09572342,4,8
2680,403679,0.05,2.75797,0.11322874,4,8
2681,403680,0.05,3.0770139,0.09633347,5,3
2682,403681,0.05,1.65350405,0.09341035,4,1
2683,403682,0.05,1.77798134,0.10572576,4,5
2684,403683,0.05,2.79244661,0.09773522,4,0
2685,403684,0.05,3.00773088,0.10211173,5,1
2686,403685,0.05,3.67536662,0.10605854,4,1
2687,403686,0.05,3.81924096,0.09562675,4,1
2688,403687,0.05,3.80224501,0.1217346,4,12
2689,403688,0.05,3.78043856,0.09875022,4,12
2690,403689,0.05,3.68519301,0.10897987,4,3
2691,403690,0.05,2.83535645,0.10378691,4,3
2692,403691,0.05,3.9220064,0.09985304,4,0
2693,403692,0.05,2.96164555,0.10884124,4,1
2694,403693,0.05,2.22626935,0.10363674,4,8
2695,403694,0.05,1.9170561,0.09734534,4,3
2696,403695,0.05,1.53464539,0.09982593,4,3
2697,403696,0.05,2.99142381,0.09814505,4,0
2698,403697,0.05,1.56503243,0.09895814,4,5
2699,403698,0.05,0.75340272,0.11422698,4,12
2700,403699,0.05,2.66191299,0.10191754,4,8
2701,403700,0.05,4.0593666,0.11029338,5,1
2702,403701,0.05,3.73221687,0.08515571,4,12
2703,403702,0.05,2.80074884,0.10490313,4,3
2704,403703,0.05,2.56256283,0.10150281,4,3
2705,403704,0.05,2.96006439,0.09757285,4,0
2706,403705,0.05,3.01368532,0.10146801,4,3
2707,403706,0.05,1.861281,0.10408902,4,3
2708,403707,0.05,1.97704512,0.10036575,4,12
2709,403708,0.05,1.64538453,0.10665997,4,8
2710,403709,0.05,3.73046581,0.09683141,4,5
2711,403710,0.05,2.82077274,0.09484303,4,1
2712,403711,0.05,1.70032741,0.11204553,4,3
2713,403712,0.05,2.96102297,0.09757046,4,5
2714,403713,0.05,3.70243405,0.10097075,4,12
2715,403714,0.05,3.71085787,0.10298904,4,0
2716,403715,0.05,2.92014521,0.09381129,5,0
2717,403716,0.05,2.31116073,0.08457777,4,8
2718,403717,0.05,1.61559465,0.10098214,4,3
2719,403718,0.05,1.50219904,0.09760645,4,3
2720,403719,0.05,0.7121119,0.10798514,4,1
2721,403720,0.05,2.75369701,0.12106419,4,8
2722,403721,0.05,1.0383515,0.11175229,5,1
2723,403722,0.05,2.858568,0.10037949,4,1
2724,403723,0.05,2.75494165,0.09684441,4,5
2725,403724,0.05,2.38104618,0.08835928,4,1
2726,403725,0.05,3.66561724,0.10585948,4,0
2727,403726,0.05,2.80053863,0.10245658,4,0
2728,403727,0.05,2.75615194,0.10496543,4,0
2729,403728,0.05,3.01712743,0.11289622,5,1
2730,403729,0.05,0.63356835,0.10477255,4,12
2731,403730,0.05,1.47003074,0.09739191,4,5
2732,403731,0.05,2.48358439,0.11402094,4,1
2733,403732,0.05,1.67574822,0.09609227,4,3
2734,403733,0.05,3.73867285,0.09150301,4,8
2735,403734,0.05,1.65934814,0.10036682,4,3
2736,403735,0.05,0.55543454,0.10377286,4,5
2737,403736,0.05,3.83727506,0.10960425,4,5
2738,403737,0.05,3.74494563,0.09435692,4,0
2739,403738,0.05,1.49737994,0.08985489,4,3
2740,403739,0.05,2.66417455,0.09127033,4,0
2741,403740,0.05,3.78235935,0.08982195,4,8
2742,403741,0.05,2.93922167,0.10086093,4,5
2743,403742,0.05,3.7473342,0.09342099,4,12
2744,403743,0.05,1.51328035,0.11449473,4,8
2745,403744,0.05,3.76798533,0.11694827,4,0
2746,403745,0.05,1.73806231,0.10863159,4,3
2747,403746,0.05,3.76585186,0.11130962,4,0
2748,403747,0.05,3.00619952,0.110144,5,0
2749,403748,0.05,2.51560854,0.09368077,4,5
2750,403749,0.05,3.76191334,0.12876266,4,0
2751,403750,0.05,2.9235853,0.10883094,4,8
2752,403751,0.05,2.74929517,0.10712168,4,5
2753,403752,0.05,3.80437665,0.08521355,4,3
2754,403753,0.05,3.62056167,0.10410189,4,0
2755,403754,0.05,3.27767071,0.11816637,4,8
2756,403755,0.05,1.66341105,0.09646671,4,8
2757,403756,0.05,1.55062052,0.11750954,4,0
2758,403757,0.05,2.08936945,0.12464191,4,3
2759,403758,0.05,3.71369751,0.09669868,4,1
2760,403759,0.05,2.83449613,0.10580011,4,8
2761,403760,0.05,1.90128824,0.09781365,4,8
2762,403761,0.05,3.7402562,0.11601343,4,12
2763,403762,0.05,2.9636205,0.10542273,4,3
2764,403763,0.05,3.74930549,0.10051157,4,12
2765,403764,0.05,3.67517432,0.0945116,4,1
2766,403765,0.05,2.68261263,0.10533846,4,5
2767,403766,0.05,2.51397047,0.08774049,4,1
2768,403767,0.05,3.61853847,0.11029295,4,3
2769,403768,0.05,3.70016596,0.09590657,4,5
2770,403769,0.05,3.99579331,0.09068888,5,1
2771,403770,0.05,3.83087599,0.08982067,4,0
2772,403771,0.05,1.41874253,0.10433901,4,12
2773,403772,0.05,3.11261198,0.09609073,5,0
2774,403773,0.05,2.40252479,0.10165463,4,3
2775,403774,0.05,1.95538854,0.1178127,4,0
2776,403775,0.05,2.52477781,0.10803167,4,12
2777,403776,0.05,1.86596452,0.09855407,4,1
2778,403777,0.05,2.42146851,0.11895415,4,12
2779,403778,0.05,3.77278131,0.09287502,4,12
2780,403779,0.05,3.79682534,0.11037649,4,12
2781,403780,0.05,1.79420067,0.10434025,4,5
2782,403781,0.05,3.71654051,0.09083075,4,0
2783,403782,0.05,2.70367928,0.0834489,4,8
2784,403783,0.05,2.89790848,0.09585098,4,1
2785,403784,0.05,2.94929958,0.09154093,4,5
2786,403785,0.05,1.97477549,0.11655421,4,0
2787,403786,0.05,3.70309328,0.10385259,4,8
2788,403787,0.05,2.64205638,0.09398879,4,0
2789,403788,0.05,1.88380162,0.09669521,4,3
2790,403789,0.05,2.73052929,0.10771722,4,12
2791,403790,0.05,3.77530211,0.09781406,4,12
2792,403791,0.05,1.95006512,0.09109897,4,12
2793,403792,0.05,3.7095987,0.10872749,4,1
2794,403793,0.05,3.76920594,0.10510007,4,3
2795,403794,0.05,2.86501912,0.09350212,4,8
2796,403795,0.05,1.88282182,0.09791798,4,5
2797,403796,0.05,3.74530544,0.10833487,4,3
2798,403797,0.05,0.98467327,0.11728698,5,3
2799,403798,0.05,2.02365256,0.08044904,4,0
2800,403799,0.05,-0.06406309,0.10295522,5,5
2801,403800,0.05,3.69587037,0.08624044,4,8
2802,403801,0.05,2.91458867,0.10994755,4,0
2803,403802,0.05,2.03768026,0.10825811,4,12
2804,403803,0.05,3.78645887,0.12053462,4,0
2805,403804,0.05,1.95404947,0.09025727,4,1
2806,403805,0.05,3.30486653,0.09292225,4,1
2807,403806,0.05,2.49891476,0.10352603,4,5
2808,403807,0.05,3.76672159,0.09670292,4,5
2809,403808,0.05,2.54409961,0.11244677,4,5
2810,403809,0.05,1.6818934,0.10376416,4,8
2811,403810,0.05,2.95842066,0.09414386,4,12
2812,403811,0.05,3.75397424,0.09173576,4,8
2813,403812,0.05,1.90386106,0.09500351,4,8
2814,403813,0.05,3.75775144,0.09527899,4,0
2815,403814,0.05,2.98911355,0.09928587,4,5
2816,403815,0.05,2.64743637,0.10186025,4,5
2817,403816,0.05,2.90403979,0.09163886,4,3
2818,403817,0.05,1.60367824,0.10243543,4,1
2819,403818,0.05,2.91854217,0.09216119,4,5
2820,403819,0.05,3.68603271,0.11357803,4,0
2821,403820,0.05,2.93325609,0.10852442,4,3
2822,403821,0.05,3.66164984,0.10298641,4,8
2823,403822,0.05,0.72390457,0.09146436,4,8
2824,403823,0.05,3.16141242,0.09064533,4,0
2825,403824,0.05,2.7312867,0.10598806,4,1
2826,403825,0.05,2.49083309,0.09183919,4,12
2827,403826,0.05,1.82717177,0.10154724,4,3
2828,403827,0.05,2.87509856,0.10000854,4,1
2829,403828,0.05,1.82303414,0.10178204,4,12
2830,403829,0.05,2.61286331,0.09864281,4,0
2831,403830,0.05,2.76255779,0.09520843,4,5
2832,403831,0.05,2.92182553,0.10422687,4,8
2833,403832,0.05,2.98116779,0.09775595,5,8
2834,403833,0.05,3.69344689,0.09574781,4,5
2835,403834,0.05,2.85032985,0.09630398,4,8
2836,403835,0.05,2.96886312,0.09129336,4,1
2837,403836,0.05,3.99581723,0.10363619,5,1
2838,403837,0.05,2.72474006,0.09726425,4,12
2839,403838,0.05,2.95989306,0.09563512,4,8
2840,403839,0.05,1.54802674,0.11304276,4,3
2841,403840,0.05,1.26610194,0.10814056,5,5
2842,403841,0.05,2.40245365,0.09199027,4,12
2843,403842,0.05,2.95994922,0.09604621,4,1
2844,403843,0.05,2.94715517,0.08256934,4,1
2845,403844,0.05,0.72862747,0.0902007,4,0
2846,403845,0.05,2.71255984,0.10049854,4,3
2847,403846,0.05,2.71309144,0.10476117,4,3
2848,403847,0.05,3.72231607,0.09642609,4,8
2849,403848,0.05,1.91740625,0.09284872,4,0
2850,403849,0.05,1.87459022,0.11086745,4,12
2851,403850,0.05,0.69097007,0.11155487,4,3
2852,403851,0.05,3.77693718,0.09924486,4,12
2853,403852,0.05,3.69525941,0.10156535,4,0
2854,403853,0.05,0.07477976,0.09985828,5,0
2855,403854,0.05,3.75593307,0.10689876,4,3
2856,403855,0.05,3.73089698,0.08835899,4,8
2857,403856,0.05,3.64381306,0.09854694,4,1
2858,403857,0.05,3.67309821,0.10533609,4,0
2859,403858,0.05,2.94406071,0.10707527,4,5
2860,403859,0.05,2.69248449,0.10158899,4,1
2861,403860,0.05,3.92780587,0.09017871,5,8
2862,403861,0.05,1.83736117,0.11179474,4,12
2863,403862,0.05,2.45586096,0.10007644,4,1
2864,403863,0.05,1.67934707,0.10197607,4,3
2865,403864,0.05,1.40678729,0.10835724,4,5
2866,403865,0.05,1.88064539,0.08848472,4,1
2867,403866,0.05,1.77795544,0.10160794,4,3
2868,403867,0.05,2.00194402,0.1054287,4,12
2869,403868,0.05,1.93972575,0.10428116,4,12
2870,403869,0.05,3.71292565,0.1233463,4,0
2871,403870,0.05,1.42274301,0.1226911,4,3
2872,403871,0.05,3.67040664,0.10547162,4,8
2873,403872,0.05,1.83894921,0.09533553,5,1
2874,403873,0.05,0.67029349,0.11995672,4,3
2875,403874,0.05,3.81811364,0.09288922,4,3
2876,403875,0.05,2.86030791,0.10979938,4,5
2877,403876,0.05,2.72691038,0.10205326,4,3
2878,403877,0.05,3.31440636,0.11599675,4,5
2879,403878,0.05,3.77397826,0.10712187,4,12
2880,403879,0.05,3.6475019,0.08666553,4,1
2881,403880,0.05,2.59189132,0.09708527,4,1
2882,403881,0.05,1.68957136,0.13415328,4,12
2883,403882,0.05,2.98128055,0.10276214,4,1
2884,403883,0.05,1.30951182,0.10325499,4,3
2885,403884,0.05,1.53168887,0.08806913,4,12
2886,403885,0.05,3.86013107,0.10357372,5,12
2887,403886,0.05,1.79624898,0.10586812,4,1
2888,403887,0.05,2.73480608,0.0966625,4,3
2889,403888,0.05,3.87544356,0.10487968,5,0
2890,403889,0.05,1.90584557,0.10588593,5,1
2891,403890,0.05,0.50673731,0.10611311,4,5
2892,403891,0.05,2.77080825,0.11331911,4,0
2893,403892,0.05,3.01436069,0.10601062,4,1
2894,403893,0.05,2.74453714,0.10411181,4,0
2895,403894,0.05,2.34523242,0.09987908,4,1
2896,403895,0.05,1.9096962,0.10959824,4,5
2897,403896,0.05,1.88374273,0.09994189,4,1
2898,403897,0.05,3.70866304,0.10170321,4,0
2899,403898,0.05,3.70390526,0.11052153,4,5
2900,403899,0.05,2.7309192,0.10214011,4,5
2901,403900,0.05,3.74631377,0.09499823,4,5
2902,403901,0.05,2.04548203,0.11395458,5,8
2903,403902,0.05,2.93268115,0.10366463,4,3
2904,403903,0.05,2.50826655,0.10724821,4,3
2905,403904,0.05,1.77462881,0.10004213,4,1
2906,403905,0.05,2.85689031,0.10804172,4,8
2907,403906,0.05,1.93574327,0.10704347,4,3
2908,403907,0.05,2.02300937,0.08613532,4,3
2909,403908,0.05,2.96602314,0.12288371,4,3
2910,403909,0.05,1.99114659,0.08733155,5,5
2911,403910,0.05,2.89922053,0.09300055,4,12
2912,403911,0.05,2.95417017,0.10341202,4,5
2913,403912,0.05,2.62551588,0.10315509,4,5
2914,403913,0.05,1.73413858,0.10468908,4,0
2915,403914,0.05,2.62977245,0.10252307,4,5
2916,403915,0.05,2.05820511,0.109341,4,1
2917,403916,0.05,2.8322245,0.0980505,4,12
2918,403917,0.05,2.69470725,0.08631179,4,3
2919,403918,0.05,0.60545982,0.10512772,4,8
2920,403919,0.05,1.82899919,0.10275102,4,1
2921,403920,0.05,2.85713344,0.08713432,4,12
2922,403921,0.05,1.81375555,0.1049943,4,12
2923,403922,0.05,3.78740814,0.10106415,4,3
2924,403923,0.05,2.70034414,0.11583622,4,3
2925,403924,0.05,2.56099638,0.09349746,4,8
2926,403925,0.05,2.77728079,0.09818807,4,3
2927,403926,0.05,1.58363094,0.09689683,4,12
2928,403927,0.05,3.80858254,0.1057059,4,0
2929,403928,0.05,3.71722167,0.11351913,4,3
2930,403929,0.05,2.93627853,0.09852499,4,8
2931,403930,0.05,1.71071353,0.09541644,4,3
2932,403931,0.05,2.45221028,0.11311032,4,8
2933,403932,0.05,-2.04381682,0.09944589,5,12
2934,403933,0.05,2.92292822,0.09294021,4,3
2935,403934,0.05,2.82137774,0.11358199,4,3
2936,403935,0.05,2.79562601,0.08729628,4,0
2937,403936,0.05,3.68321244,0.11222167,4,0
2938,403937,0.05,2.61783501,0.10540483,4,12
2939,403938,0.05,2.05982247,0.09349684,4,3
2940,403939,0.05,3.79326207,0.10081322,4,5
2941,403940,0.05,3.68025105,0.0971847,4,3
2942,403941,0.05,0.72651587,0.09807346,4,12
2943,403942,0.05,2.45120061,0.09864901,4,8
2944,403943,0.05,2.65421462,0.09792675,4,1
2945,403944,0.05,3.69122149,0.09960301,4,5
2946,403945,0.05,1.93958119,0.0966854,4,12
2947,403946,0.05,2.96046295,0.09824856,4,1
2948,403947,0.05,2.68781276,0.08974158,4,12
2949,403948,0.05,2.87721247,0.10528247,4,1
2950,403949,0.05,2.79614189,0.09768441,4,3
2951,403950,0.05,3.82128981,0.11411936,4,0
2952,403951,0.05,2.87628827,0.10890118,4,1
2953,403952,0.05,2.77982242,0.11010439,4,0
2954,403953,0.05,3.78686297,0.09461885,4,5
2955,403954,0.05,3.7445067,0.09286774,4,8
2956,403955,0.05,1.97263842,0.11555103,4,8
2957,403956,0.05,1.7555526,0.10492928,4,12
2958,403957,0.05,1.05847824,0.09836128,4,3
2959,403958,0.05,3.86541806,0.09482463,4,1
2960,403959,0.05,3.69513977,0.08836185,4,5
2961,403960,0.05,1.93023114,0.08861935,4,0
2962,403961,0.05,2.51228567,0.10130858,4,5
2963,403962,0.05,1.46051755,0.09386233,4,5
2964,403963,0.05,2.9228712,0.09545126,4,8
2965,403964,0.05,3.7317224,0.11124416,4,8
2966,403965,0.05,3.83981074,0.10726877,4,5
2967,403966,0.05,0.62001864,0.08840144,4,3
2968,403967,0.05,2.50061491,0.09771475,4,12
2969,403968,0.05,2.72097304,0.11774704,4,8
2970,403969,0.05,3.63220936,0.09613298,4,3
2971,403970,0.05,2.74444555,0.09720558,4,0
2972,403971,0.05,2.70484026,0.10198112,4,0
2973,403972,0.05,2.67450696,0.09667715,4,3
2974,403973,0.05,1.6927111,0.10008343,4,3
2975,403974,0.05,2.75056602,0.09399526,4,0
2976,403975,0.05,2.08078345,0.09747885,4,3
2977,403976,0.05,3.6119132,0.10058384,4,0
2978,403977,0.05,3.82400895,0.0910297,4,0
2979,403978,0.05,0.79870801,0.10070184,4,12
2980,403979,0.05,2.41001383,0.10394935,4,5
2981,403980,0.05,3.78324215,0.09948815,4,3
2982,403981,0.05,1.95843861,0.09688195,4,1
2983,403982,0.05,2.72762488,0.09369829,4,5
2984,403983,0.05,3.90357562,0.08815981,4,12
2985,403984,0.05,2.94713357,0.10388285,4,0
2986,403985,0.05,1.4441439,0.10465731,4,8
2987,403986,0.05,1.47534128,0.11083098,4,3
2988,403987,0.05,1.98299123,0.10152479,4,5
2989,403988,0.05,2.84136307,0.11286453,4,3
2990,403989,0.05,-0.16055683,0.10758295,4,8
2991,403990,0.05,2.43028899,0.11126656,4,8
2992,403991,0.05,1.9056268,0.10411875,4,12
2993,403992,0.05,2.42470007,0.12179329,4,5
2994,403993,0.05,2.76764173,0.107612,4,5
2995,403994,0.05,2.66968282,0.10831203,4,0
2996,403995,0.05,3.80006177,0.11667002,4,8
2997,403996,0.05,2.90817582,0.10251154,4,5
2998,403997,0.05,2.58197729,0.0928768,4,5
2999,403998,0.05,3.72846529,0.08571207,4,3
3000,403999,0.05,1.54959876,0.09065812,4,12
3001,404000,0.05,2.95771291,0.10440274,4,3
3002,404001,0.05,2.86153326,0.10089239,4,5
3003,404002,0.05,2.49389977,0.10205141,4,3
3004,404003,0.05,3.59241232,0.10714399,4,5
3005,404004,0.05,3.00580623,0.10581611,4,8
3006,404005,0.05,3.65075992,0.09620741,4,1
3007,404006,0.05,2.7272095,0.09710717,4,0
3008,404007,0.05,1.75550494,0.11655022,4,5
3009,404008,0.05,3.12564977,0.10289237,4,12
3010,404009,0.05,1.80048812,0.09011617,4,8
3011,404010,0.05,2.9370511,0.09055832,4,12
3012,404011,0.05,1.9298653,0.10168592,5,3
3013,404012,0.05,2.94264636,0.09234174,4,5
3014,404013,0.05,3.6971144,0.10474092,4,5
3015,404014,0.05,1.83948111,0.10451706,4,12
3016,404015,0.05,3.71796479,0.0945043,4,8
3017,404016,0.05,1.72394095,0.10493246,4,8
3018,404017,0.05,2.55206371,0.10904056,4,1
3019,404018,0.05,2.93217294,0.1042404,4,3
3020,404019,0.05,2.72532139,0.09708301,4,8
3021,404020,0.05,2.96308458,0.10382354,4,8
3022,404021,0.05,2.62937665,0.09738486,4,5
3023,404022,0.05,2.79615159,0.10432325,4,5
3024,404023,0.05,2.88509071,0.11048384,4,5
3025,404024,0.05,3.71887872,0.10124156,4,12
3026,404025,0.05,2.52902758,0.09287344,4,8
3027,404026,0.05,3.70205336,0.11058757,4,12
3028,404027,0.05,3.78598814,0.11054461,4,12
3029,404028,0.05,1.92154378,0.11217231,4,0
3030,404029,0.05,2.93128756,0.09299379,4,8
3031,404030,0.05,2.1465407,0.09283656,4,0
3032,404031,0.05,2.73470784,0.09637935,4,12
3033,404032,0.05,2.94386519,0.08900165,4,8
3034,404033,0.05,2.86996673,0.0914322,4,8
3035,404034,0.05,1.83892116,0.09259132,4,0
3036,404035,0.05,1.5432863,0.0947006,4,8
3037,404036,0.05,2.71964773,0.10832565,4,1
3038,404037,0.05,2.66727543,0.09818402,4,12
3039,404038,0.05,1.90623775,0.11002489,4,0
3040,404039,0.05,2.65538825,0.08938488,4,0
3041,404040,0.05,1.67605099,0.09722591,4,3
3042,404041,0.05,1.98085444,0.09170195,4,1
3043,404042,0.05,1.84014375,0.09578539,4,8
3044,404043,0.05,1.78542501,0.09209043,4,12
3045,404044,0.05,-1.42146622,0.09836628,5,3
3046,404045,0.05,1.94159287,0.09107124,4,3
3047,404046,0.05,2.71816937,0.09723243,4,0
3048,404047,0.05,2.91302028,0.10071874,4,5
3049,404048,0.05,2.66622687,0.09914294,4,8
3050,404049,0.05,1.56149635,0.10707058,4,5
3051,404050,0.05,1.3317991,0.11084614,4,3
3052,404051,0.05,0.65236624,0.10870007,4,5
3053,404052,0.05,2.10434865,0.09309474,4,8
3054,404053,0.05,1.69008482,0.10287551,4,12
3055,404054,0.05,2.06176263,0.09954271,4,12
3056,404055,0.05,3.83436344,0.09743629,4,8
3057,404056,0.05,2.89112375,0.10149368,4,8
3058,404057,0.05,1.88144207,0.09131733,4,3
3059,404058,0.05,0.84685718,0.10853949,4,5
3060,404059,0.05,3.74323977,0.11140838,4,0
3061,404060,0.05,2.75937711,0.11328032,4,8
3062,404061,0.05,2.78621384,0.10254457,4,5
3063,404062,0.05,3.05452807,0.1036141,4,8
3064,404063,0.05,3.03578602,0.08753774,5,12
3065,404064,0.05,0.63354894,0.11049382,4,3
3066,404065,0.05,2.88496194,0.10991345,4,5
3067,404066,0.05,2.72277926,0.09122263,4,3
3068,404067,0.05,1.72411166,0.09006535,4,8
3069,404068,0.05,3.73549263,0.10168854,4,8
3070,404069,0.05,2.91038988,0.08841734,4,3
3071,404070,0.05,2.60658817,0.09291711,4,5
3072,404071,0.05,0.66778947,0.11054598,4,8
3073,404072,0.05,2.40935861,0.10447872,4,5
3074,404073,0.05,1.98052773,0.09657072,5,0
3075,404074,0.05,1.54591598,0.11582382,4,3
3076,404075,0.05,3.80598646,0.10493276,4,8
3077,404076,0.05,3.1397189,0.10844532,4,5
3078,404077,0.05,2.9738014,0.11816095,4,8
3079,404078,0.05,3.08522048,0.09468448,4,12
3080,404079,0.05,2.5475868,0.10434237,4,3
3081,404080,0.05,1.91790713,0.10298581,4,8
3082,404081,0.05,2.93049133,0.10588117,4,12
3083,404082,0.05,1.73199691,0.10249654,4,3
3084,404083,0.05,2.74516604,0.09887658,4,5
3085,404084,0.05,3.72134982,0.09406885,4,12
3086,404085,0.05,2.59133514,0.10226445,4,8
3087,404086,0.05,2.67161981,0.09563663,4,3
3088,404087,0.05,2.83192355,0.10642555,4,3
3089,404088,0.05,3.11280848,0.09758669,5,1
3090,404089,0.05,2.5970047,0.10426798,4,8
3091,404090,0.05,3.70886427,0.09902142,4,8
3092,404091,0.05,1.88625634,0.09279326,4,1
3093,404092,0.05,1.02517389,0.11083116,5,1
3094,404093,0.05,2.45446225,0.08807132,4,5
3095,404094,0.05,2.78630283,0.1078408,4,5
3096,404095,0.05,1.26873792,0.09427332,5,0
3097,404096,0.05,3.7127531,0.09764739,4,5
3098,404097,0.05,2.50682361,0.10346192,4,12
3099,404098,0.05,2.86996458,0.12009319,4,5
3100,404099,0.05,3.73480281,0.10366369,4,0
3101,404100,0.05,3.77419064,0.10867282,4,0
3102,404101,0.05,2.79459619,0.102601,4,0
3103,404102,0.05,2.92898709,0.09788058,4,0
3104,404103,0.05,1.3535152,0.10133542,4,1
3105,404104,0.05,1.9798046,0.09841746,4,12
3106,404105,0.05,2.96800851,0.10069137,4,1
3107,404106,0.05,3.74442885,0.10346938,4,12
3108,404107,0.05,3.70486436,0.09668092,4,0
3109,404108,0.05,2.03778777,0.11848945,4,0
3110,404109,0.05,1.74133841,0.10454114,4,0
3111,404110,0.05,3.73584517,0.09151029,4,3
3112,404111,0.05,2.71153397,0.09013135,4,1
3113,404112,0.05,3.74026324,0.09608049,4,12
3114,404113,0.05,3.82257664,0.09512116,4,1
3115,404114,0.05,2.71274033,0.11814253,4,8
3116,404115,0.05,2.71042151,0.10965785,4,1
3117,404116,0.05,2.86403479,0.10476032,4,5
3118,404117,0.05,2.79082508,0.10943471,4,5
3119,404118,0.05,3.64577527,0.09780346,4,0
3120,404119,0.05,2.49323476,0.08778427,4,3
3121,404120,0.05,0.79177205,0.11036778,4,3
3122,404121,0.05,2.66189248,0.10388051,4,12
3123,404122,0.05,2.69421796,0.12154552,4,0
3124,404123,0.05,3.77384586,0.10181824,4,12
3125,404124,0.05,1.66626489,0.10252495,4,1
3126,404125,0.05,2.61986162,0.10543439,4,3
3127,404126,0.05,2.45069767,0.10101374,4,1
3128,404127,0.05,3.03387588,0.11642759,4,0
3129,404128,0.05,1.04369031,0.10678062,4,3
3130,404129,0.05,1.83618627,0.1087184,4,3
3131,404130,0.05,2.50081068,0.11525616,4,5
3132,404131,0.05,3.68021402,0.09999766,4,1
3133,404132,0.05,3.73913414,0.10073392,4,3
3134,404133,0.05,2.89488539,0.11840513,4,3
3135,404134,0.05,1.10189269,0.09720248,4,3
3136,404135,0.05,3.88263286,0.0987917,5,0
3137,404136,0.05,2.48226429,0.10469511,4,3
3138,404137,0.05,0.67549293,0.10604218,4,12
3139,404138,0.05,3.76504373,0.09584653,4,5
3140,404139,0.05,2.45649995,0.1220775,4,5
3141,404140,0.05,3.77322125,0.09699203,4,12
3142,404141,0.05,3.00399773,0.08380614,4,5
3143,404142,0.05,2.12618448,0.10605663,5,0
3144,404143,0.05,2.42221346,0.10196163,4,5
3145,404144,0.05,1.01454713,0.08715315,4,8
3146,404145,0.05,2.64442344,0.10241874,4,5
3147,404146,0.05,2.74617165,0.08782399,4,0
3148,404147,0.05,3.72893278,0.11959174,4,1
3149,404148,0.05,2.73004226,0.09828461,4,0
3150,404149,0.05,3.74321372,0.10449686,4,12
3151,404150,0.05,3.70056877,0.09337303,4,12
3152,404151,0.05,2.80448163,0.09397789,4,1
3153,404152,0.05,2.78381112,0.10251856,4,12
3154,404153,0.05,2.92934917,0.10408262,5,0
3155,404154,0.05,2.0575046,0.10618562,4,0
3156,404155,0.05,2.99958599,0.09801375,4,12
3157,404156,0.05,1.495881,0.11008697,4,5
3158,404157,0.05,2.94724162,0.10293045,4,12
3159,404158,0.05,2.77375441,0.10099592,4,1
3160,404159,0.05,3.67479236,0.10035712,4,3
3161,404160,0.05,2.6192224,0.10374121,4,0
3162,404161,0.05,2.83995967,0.10927338,4,3
3163,404162,0.05,2.32165826,0.09987751,4,8
3164,404163,0.05,3.75028659,0.09205505,4,8
3165,404164,0.05,3.80443464,0.11142228,4,1
3166,404165,0.05,2.9874888,0.10732706,5,0
3167,404166,0.05,2.70954664,0.10943176,4,3
3168,404167,0.05,2.93341056,0.1223323,4,8
3169,404168,0.05,3.66904102,0.09193664,4,0
3170,404169,0.05,2.10094571,0.09319323,4,8
3171,404170,0.05,2.5428107,0.10483439,4,0
3172,404171,0.05,3.78966065,0.09780895,4,1
3173,404172,0.05,3.78111367,0.09510639,4,5
3174,404173,0.05,2.53958867,0.11412098,4,3
3175,404174,0.05,3.76898872,0.09349179,4,1
3176,404175,0.05,3.74246415,0.10490274,4,12
3177,404176,0.05,2.44884999,0.10302514,4,3
3178,404177,0.05,2.86891692,0.09549491,4,1
3179,404178,0.05,1.68014246,0.0912547,4,12
3180,404179,0.05,2.75013021,0.09945505,4,5
3181,404180,0.05,0.69200464,0.08948301,4,12
3182,404181,0.05,2.49735175,0.08105802,4,5
3183,404182,0.05,3.00361397,0.11346556,5,1
3184,404183,0.05,3.69485016,0.09353152,4,1
3185,404184,0.05,1.82974445,0.10340215,4,5
3186,404185,0.05,2.73137328,0.097299,4,5
3187,404186,0.05,2.54172142,0.09213556,4,5
3188,404187,0.05,1.82504145,0.08757997,4,3
3189,404188,0.05,3.32435726,0.0851531,4,5
3190,404189,0.05,2.58295555,0.09183009,4,0
3191,404190,0.05,0.45244386,0.09594625,4,12
3192,404191,0.05,3.84177996,0.08144093,4,12
3193,404192,0.05,1.56953067,0.11537251,4,1
3194,404193,0.05,3.6929347,0.09822997,4,0
3195,404194,0.05,2.90772341,0.10327992,5,0
3196,404195,0.05,1.4497904,0.08656999,4,5
3197,404196,0.05,2.9412455,0.09490669,5,0
3198,404197,0.05,3.71004544,0.09720129,4,12
3199,404198,0.05,1.95505655,0.09604679,4,0
3200,404199,0.05,2.78466418,0.09157198,4,5
3201,404200,0.05,3.73166445,0.09822492,4,0
3202,404201,0.05,2.70314987,0.09834024,4,1
3203,404202,0.05,2.9051433,0.09628498,4,3
3204,404203,0.05,3.72205844,0.10625961,4,1
3205,404204,0.05,2.72312338,0.10670928,4,1
3206,404205,0.05,3.73551341,0.10220468,4,3
3207,404206,0.05,2.89454001,0.09688929,4,0
3208,404207,0.05,3.2773135,0.09415163,4,5
3209,404208,0.05,3.61759254,0.08732674,4,1
3210,404209,0.05,2.54231149,0.09467938,4,8
3211,404210,0.05,1.99101144,0.0879237,5,3
3212,404211,0.05,1.97747883,0.09604342,4,12
3213,404212,0.05,3.78414233,0.10891226,4,8
3214,404213,0.05,3.75096488,0.09255764,4,0
3215,404214,0.05,1.75387159,0.10834948,4,0
3216,404215,0.05,3.75402714,0.10939788,4,12
3217,404216,0.05,3.01145563,0.09792347,5,3
3218,404217,0.05,3.73668081,0.10503585,4,3
3219,404218,0.05,2.45233378,0.08766143,4,12
3220,404219,0.05,2.95263917,0.10094778,4,12
3221,404220,0.05,1.81285915,0.0875075,4,3
3222,404221,0.05,1.68067372,0.09527583,5,1
3223,404222,0.05,2.94867291,0.09903224,4,1
3224,404223,0.05,2.89291689,0.10184298,4,0
3225,404224,0.05,3.3069641,0.11307917,4,12
3226,404225,0.05,2.02970341,0.08615439,5,8
3227,404226,0.05,1.81296197,0.09344127,5,1
3228,404227,0.05,2.75351195,0.09224446,4,3
3229,404228,0.05,2.93959253,0.09794237,4,8
3230,404229,0.05,2.85848709,0.11543307,4,5
3231,404230,0.05,1.94482186,0.09988163,4,5
3232,404231,0.05,2.76036125,0.10022055,4,12
3233,404232,0.05,3.08562477,0.10397119,5,5
3234,404233,0.05,3.76140735,0.09896552,4,3
3235,404234,0.05,0.99868847,0.11188001,4,12
3236,404235,0.05,3.69888729,0.1048441,4,5
3237,404236,0.05,2.65754515,0.10286991,4,0
3238,404237,0.05,1.97230133,0.11566886,4,12
3239,404238,0.05,1.84894988,0.10902908,4,8
3240,404239,0.05,2.51354215,0.10003336,4,5
3241,404240,0.05,2.89069169,0.10001702,5,0
3242,404241,0.05,2.6984256,0.10886324,4,12
3243,404242,0.05,2.4965225,0.10855631,4,1
3244,404243,0.05,2.94730102,0.09926297,4,1
3245,404244,0.05,2.65309544,0.1001369,4,0
3246,404245,0.05,2.92813239,0.10478348,4,8
3247,404246,0.05,2.53872606,0.10016459,4,8
3248,404247,0.05,2.48547648,0.10686048,4,12
3249,404248,0.05,1.69238791,0.10498374,4,8
3250,404249,0.05,1.61666904,0.09337787,4,12
3251,404250,0.05,2.82060479,0.10198853,5,0
3252,404251,0.05,3.79633475,0.08679046,4,5
3253,404252,0.05,3.77608589,0.10389319,4,1
3254,404253,0.05,2.99332519,0.09837256,5,3
3255,404254,0.05,3.67163414,0.10479204,4,0
3256,404255,0.05,2.59636593,0.10451634,4,3
3257,404256,0.05,1.90566542,0.09992438,4,12
3258,404257,0.05,2.51649513,0.08275969,4,0
3259,404258,0.05,3.68818754,0.10034906,4,3
3260,404259,0.05,3.76415271,0.10925622,4,3
3261,404260,0.05,3.71581812,0.09574732,4,8
3262,404261,0.05,3.59776854,0.10291533,4,0
3263,404262,0.05,2.71002967,0.08345404,4,3
3264,404263,0.05,2.61486042,0.10665088,4,5
3265,404264,0.05,2.90853488,0.10448921,5,0
3266,404265,0.05,3.02714124,0.10129156,4,8
3267,404266,0.05,2.71205426,0.12435701,4,1
3268,404267,0.05,1.49160064,0.11438955,4,5
3269,404268,0.05,2.97667256,0.0980195,4,8
3270,404269,0.05,2.01574052,0.10823503,4,12
3271,404270,0.05,2.81621098,0.09417254,4,0
3272,404271,0.05,2.61517066,0.0945238,4,3
3273,404272,0.05,2.5344667,0.09877387,4,3
3274,404273,0.05,1.04922646,0.10240477,4,8
3275,404274,0.05,2.88609145,0.10158565,4,8
3276,404275,0.05,2.01597677,0.10158875,4,1
3277,404276,0.05,2.82005578,0.09581968,4,5
3278,404277,0.05,1.95261346,0.09517325,4,5
3279,404278,0.05,1.50631825,0.1060832,4,5
3280,404279,0.05,4.06393183,0.1022363,5,1
3281,404280,0.05,2.78695039,0.10556685,4,1
3282,404281,0.05,3.79707697,0.10225643,4,1
3283,404282,0.05,2.03458766,0.09895515,4,5
3284,404283,0.05,2.7974148,0.09620709,4,3
3285,404284,0.05,2.83755253,0.09102751,4,8
3286,404285,0.05,3.69464749,0.10923698,4,3
3287,404286,0.05,3.73473548,0.1305138,4,5
3288,404287,0.05,1.15125254,0.10559966,4,8
3289,404288,0.05,1.50247032,0.09281892,4,1
3290,404289,0.05,2.8427679,0.07532141,4,8
3291,404290,0.05,3.71783333,0.0868994,4,8
3292,404291,0.05,1.05802504,0.10151322,4,8
3293,404292,0.05,2.93256622,0.098315,4,3
3294,404293,0.05,3.80449477,0.1135951,4,0
3295,404294,0.05,2.91963049,0.10953548,4,3
3296,404295,0.05,2.19577712,0.10134603,4,1
3297,404296,0.05,1.89055771,0.08512683,4,8
3298,404297,0.05,1.91296897,0.09396375,4,5
3299,404298,0.05,2.69180083,0.10513548,4,1
3300,404299,0.05,3.06461783,0.09224735,4,1
3301,404300,0.05,2.46894021,0.08098546,4,8
3302,404301,0.05,2.44121025,0.10430347,4,3
3303,404302,0.05,2.46468278,0.10891091,4,8
3304,404303,0.05,3.75904687,0.09359154,4,0
3305,404304,0.05,1.3301837,0.11421171,4,3
3306,404305,0.05,2.12251366,0.09032503,5,0
3307,404306,0.05,2.88316017,0.09160016,4,8
3308,404307,0.05,3.71822671,0.10462952,4,1
3309,404308,0.05,1.4730787,0.09504477,4,12
3310,404309,0.05,0.69359912,0.12326047,4,5
3311,404310,0.05,2.73408141,0.101254,4,5
3312,404311,0.05,3.73563042,0.10717461,4,3
3313,404312,0.05,1.14416389,0.09941907,4,12
3314,404313,0.05,2.9452704,0.10297119,4,5
3315,404314,0.05,3.75398546,0.09890735,4,3
3316,404315,0.05,2.44297536,0.09640842,4,3
3317,404316,0.05,0.92697947,0.11369617,5,3
3318,404317,0.05,1.9157066,0.09514387,4,3
3319,404318,0.05,3.78285473,0.10115951,4,0
3320,404319,0.05,2.01154162,0.08897677,4,8
3321,404320,0.05,1.90782487,0.09050826,4,8
3322,404321,0.05,2.57227727,0.0970747,4,1
3323,404322,0.05,3.01338399,0.10256719,4,3
3324,404323,0.05,3.11927767,0.10231059,5,0
3325,404324,0.05,2.80922437,0.10642648,4,12
3326,404325,0.05,1.6443046,0.08064078,4,8
3327,404326,0.05,1.69596384,0.09471229,4,8
3328,404327,0.05,2.68597296,0.09883459,4,3
3329,404328,0.05,1.97264835,0.09845096,4,3
3330,404329,0.05,3.60764892,0.10165314,4,0
3331,404330,0.05,2.69569334,0.10022387,4,0
3332,404331,0.05,2.96516896,0.10871151,4,8
3333,404332,0.05,1.9544419,0.10399579,4,3
3334,404333,0.05,2.42708091,0.09110028,4,12
3335,404334,0.05,2.02835405,0.09359256,5,8
3336,404335,0.05,3.77178692,0.11495548,4,3
3337,404336,0.05,2.33766314,0.10470408,4,8
3338,404337,0.05,1.79311506,0.09209429,4,0
3339,404338,0.05,1.90134311,0.08219884,4,12
3340,404339,0.05,3.70759441,0.0999329,4,5
3341,404340,0.05,2.69992515,0.09343135,4,5
3342,404341,0.05,3.76267826,0.09686561,4,0
3343,404342,0.05,1.70750779,0.10466694,4,3
3344,404343,0.05,2.9057984,0.08623084,4,3
3345,404344,0.05,2.98275154,0.10207079,4,1
3346,404345,0.05,1.9082549,0.10474997,4,12
3347,404346,0.05,3.74447081,0.09821862,4,1
3348,404347,0.05,1.85533584,0.09517583,4,12
3349,404348,0.05,2.82146985,0.08375519,4,0
3350,404349,0.05,1.62750386,0.09873402,4,5
3351,404350,0.05,3.79375002,0.11375194,4,8
3352,404351,0.05,2.98080243,0.09433381,4,8
3353,404352,0.05,3.81339972,0.11794863,4,3
3354,404353,0.05,3.14576217,0.09915229,5,1
3355,404354,0.05,3.72770542,0.09435609,4,5
3356,404355,0.05,3.85250209,0.10172066,4,1
3357,404356,0.05,1.43045843,0.1186219,4,3
3358,404357,0.05,3.75555042,0.09165862,4,5
3359,404358,0.05,0.72897152,0.09745875,4,8
3360,404359,0.05,4.04850078,0.10614474,5,0
3361,404360,0.05,3.73153308,0.093251,4,3
3362,404361,0.05,2.59522297,0.08682903,4,8
3363,404362,0.05,2.07801404,0.08667868,4,8
3364,404363,0.05,2.52670187,0.09525683,4,5
3365,404364,0.05,3.77710529,0.09929706,4,5
3366,404365,0.05,3.25234995,0.10374458,4,8
3367,404366,0.05,3.69953093,0.1033994,4,0
3368,404367,0.05,1.38927532,0.09927039,4,3
3369,404368,0.05,2.79172958,0.09464857,4,3
3370,404369,0.05,3.73297212,0.08447235,4,5
3371,404370,0.05,2.8448317,0.10274678,4,0
3372,404371,0.05,0.69987866,0.09821876,4,3
3373,404372,0.05,2.57737162,0.10905464,4,12
3374,404373,0.05,2.51749096,0.11171905,4,5
3375,404374,0.05,1.49918929,0.09918479,4,5
3376,404375,0.05,2.62456538,0.08601508,4,5
3377,404376,0.05,2.85504416,0.07954294,4,0
3378,404377,0.05,3.67909538,0.09275316,4,12
3379,404378,0.05,3.74323704,0.09972445,4,0
3380,404379,0.05,0.78966646,0.08762896,4,5
3381,404380,0.05,1.82722026,0.09964205,4,3
3382,404381,0.05,1.97598349,0.10388209,4,5
3383,404382,0.05,1.82703011,0.11121624,4,12
3384,404383,0.05,2.72743325,0.08911304,4,1
3385,404384,0.05,0.57113588,0.11296707,4,8
3386,404385,0.05,2.40044792,0.09959583,4,0
3387,404386,0.05,3.70032366,0.11099917,4,8
3388,404387,0.05,-0.1545264,0.12035794,4,5
3389,404388,0.05,2.75657647,0.10545103,4,3
3390,404389,0.05,3.70814341,0.09292603,4,5
3391,404390,0.05,2.83368122,0.11557775,4,0
3392,404391,0.05,3.71894905,0.1203821,4,5
3393,404392,0.05,2.95761233,0.10401968,4,1
3394,404393,0.05,2.85720402,0.09571637,4,12
3395,404394,0.05,2.47496264,0.10114094,4,3
3396,404395,0.05,3.00188084,0.09973483,4,0
3397,404396,0.05,1.59556523,0.11973093,4,8
3398,404397,0.05,2.61858484,0.10243155,4,8
3399,404398,0.05,2.96412702,0.10577499,4,1
3400,404399,0.05,1.88435326,0.08597735,4,3
3401,404400,0.05,1.594723,0.10722033,4,8
3402,404401,0.05,0.66997148,0.09741265,4,3
3403,404402,0.05,2.73371005,0.10127952,4,12
3404,404403,0.05,2.96949181,0.09025635,4,5
3405,404404,0.05,3.75757187,0.10255718,4,8
3406,404405,0.05,1.7146264,0.10787785,4,1
3407,404406,0.05,3.82862146,0.10101616,4,12
3408,404407,0.05,2.70599762,0.09924429,4,12
3409,404408,0.05,1.63668709,0.10817195,4,8
3410,404409,0.05,3.68768633,0.10584909,4,0
3411,404410,0.05,1.5234959,0.09285869,4,3
3412,404411,0.05,3.85313417,0.09924715,4,0
3413,404412,0.05,3.70949316,0.11147192,4,5
3414,404413,0.05,1.75443589,0.10395723,5,8
3415,404414,0.05,2.74700777,0.099453,4,12
3416,404415,0.05,1.12359319,0.09935945,4,12
3417,404416,0.05,0.99226738,0.0816593,4,3
3418,404417,0.05,2.91732757,0.09537489,4,5
3419,404418,0.05,2.96896678,0.10863155,4,12
3420,404419,0.05,3.86234484,0.1030607,4,0
3421,404420,0.05,3.88975003,0.09560836,5,0
3422,404421,0.05,2.51926372,0.10261281,4,5
3423,404422,0.05,2.01775091,0.09007775,4,0
3424,404423,0.05,2.68828074,0.1013198,4,8
3425,404424,0.05,2.55770837,0.1027438,4,8
3426,404425,0.05,1.64649546,0.08980863,4,0
3427,404426,0.05,0.80186837,0.10525083,5,3
3428,404427,0.05,3.62966187,0.10119914,4,3
3429,404428,0.05,1.80778423,0.10506347,4,8
3430,404429,0.05,2.9053048,0.10461803,4,8
3431,404430,0.05,3.7394837,0.10740367,4,5
3432,404431,0.05,2.91824118,0.11819617,4,5
3433,404432,0.05,0.81876111,0.10261026,5,3
3434,404433,0.05,1.51689192,0.0938577,4,5
3435,404434,0.05,2.77211087,0.09586256,4,12
3436,404435,0.05,3.83289363,0.11626651,4,5
3437,404436,0.05,3.01187961,0.09090019,4,0
3438,404437,0.05,2.65912636,0.09623436,4,5
3439,404438,0.05,2.73383834,0.08596305,4,8
3440,404439,0.05,1.49930944,0.08877153,4,0
3441,404440,0.05,2.54505097,0.09731304,4,1
3442,404441,0.05,2.4284079,0.09015989,4,8
3443,404442,0.05,3.81441656,0.09310715,4,8
3444,404443,0.05,2.50017594,0.09764338,4,1
3445,404444,0.05,3.80136839,0.10242497,4,8
3446,404445,0.05,2.73936457,0.11096394,4,0
3447,404446,0.05,2.74178926,0.10793778,4,8
3448,404447,0.05,1.93109193,0.08235228,4,8
3449,404448,0.05,0.74593142,0.09643601,4,3
3450,404449,0.05,3.6912558,0.10711982,4,3
3451,404450,0.05,2.99168989,0.09579066,4,5
3452,404451,0.05,3.01688261,0.10493424,4,0
3453,404452,0.05,2.77928329,0.10571068,4,8
3454,404453,0.05,3.00556904,0.10213379,4,3
3455,404454,0.05,2.89582029,0.10046859,4,3
3456,404455,0.05,3.75157881,0.09234065,4,1
3457,404456,0.05,2.02362677,0.10526448,4,12
3458,404457,0.05,3.74231175,0.09554379,4,3
3459,404458,0.05,3.72358845,0.09905373,4,8
3460,404459,0.05,3.73710529,0.10540422,4,0
3461,404460,0.05,1.05731557,0.09715578,4,5
3462,404461,0.05,2.49577044,0.0989663,4,8
3463,404462,0.05,1.58327939,0.08654197,4,5
3464,404463,0.05,2.45018959,0.09329083,4,0
3465,404464,0.05,3.67466263,0.0913858,4,1
3466,404465,0.05,2.73600914,0.0999753,4,0
3467,404466,0.05,3.72055801,0.09866849,4,0
3468,404467,0.05,3.60009257,0.09465365,4,0
3469,404468,0.05,2.6636585,0.0992572,4,12
3470,404469,0.05,2.53524809,0.11032848,4,12
3471,404470,0.05,0.69373733,0.0846737,4,8
3472,404471,0.05,2.46271646,0.11024406,4,12
3473,404472,0.05,3.96276659,0.10462764,5,8
3474,404473,0.05,1.40581139,0.08453812,4,8
3475,404474,0.05,2.82054944,0.08831475,4,0
3476,404475,0.05,0.83676886,0.09556422,4,3
3477,404476,0.05,3.6927371,0.10703549,4,5
3478,404477,0.05,2.72899004,0.10610732,4,1
3479,404478,0.05,2.90166036,0.09830803,4,5
3480,404479,0.05,3.69224433,0.10817267,4,1
3481,404480,0.05,2.85888147,0.08468016,4,3
3482,404481,0.05,2.73408702,0.10157272,4,8
3483,404482,0.05,2.94911589,0.11733271,4,5
3484,404483,0.05,1.57924309,0.09874927,4,1
3485,404484,0.05,2.50556423,0.09435012,4,3
3486,404485,0.05,2.89390365,0.10624365,4,8
3487,404486,0.05,2.52082431,0.10023293,4,1
3488,404487,0.05,0.55157116,0.10266369,5,8
3489,404488,0.05,2.8178834,0.10329497,4,8
3490,404489,0.05,0.65875224,0.0938176,4,1
3491,404490,0.05,2.9226422,0.1021141,4,12
3492,404491,0.05,2.95271459,0.08674411,4,5
3493,404492,0.05,1.88980684,0.08784293,4,8
3494,404493,0.05,3.13466627,0.1041189,5,1
3495,404494,0.05,1.60299648,0.10854752,4,5
3496,404495,0.05,2.91876781,0.10041095,4,8
3497,404496,0.05,1.97159821,0.09873504,4,0
3498,404497,0.05,3.8069197,0.1001361,4,0
3499,404498,0.05,2.16798825,0.10027151,4,5
3500,404499,0.05,2.52497013,0.13074854,4,1
3501,404500,0.05,2.62960611,0.09428547,4,0
3502,404501,0.05,2.64052918,0.12946743,4,1
3503,404502,0.05,3.66388977,0.10825976,4,5
3504,404503,0.05,3.65212987,0.10581204,4,12
3505,404504,0.05,2.66960765,0.12037754,4,8
3506,404505,0.05,2.54208434,0.11125995,4,1
3507,404506,0.05,2.54625605,0.09558155,4,5
3508,404507,0.05,2.4787501,0.09987168,4,5
3509,404508,0.05,2.71559106,0.10494139,4,1
3510,404509,0.05,1.52216861,0.09825849,4,8
3511,404510,0.05,3.71464997,0.10712647,4,1
3512,404511,0.05,1.7895548,0.10345752,4,8
3513,404512,0.05,1.71846019,0.10442516,4,8
3514,404513,0.05,3.70754692,0.09110198,4,0
3515,404514,0.05,2.74929387,0.10448352,4,1
3516,404515,0.05,2.50896275,0.09258145,4,5
3517,404516,0.05,1.46950794,0.08734063,4,8
3518,404517,0.05,1.98833039,0.104473,4,1
3519,404518,0.05,1.3645273,0.10145776,4,5
3520,404519,0.05,3.70473127,0.09472812,4,8
3521,404520,0.05,4.03738845,0.10015556,5,3
3522,404521,0.05,3.68264743,0.09852006,4,0
3523,404522,0.05,2.73866049,0.11478367,4,0
3524,404523,0.05,2.65928223,0.12037649,4,5
3525,404524,0.05,-1.3385075,0.10480468,5,1
3526,404525,0.05,2.43578539,0.08701712,4,1
3527,404526,0.05,3.69064034,0.09051357,4,1
3528,404527,0.05,2.89890531,0.08929479,4,1
3529,404528,0.05,1.72496115,0.10598082,5,1
3530,404529,0.05,3.68491845,0.11207895,4,8
3531,404530,0.05,3.72351806,0.09964568,4,12
3532,404531,0.05,2.01551429,0.11186215,4,12
3533,404532,0.05,1.93070647,0.09900861,4,0
3534,404533,0.05,2.735679,0.10327327,4,5
3535,404534,0.05,4.09843471,0.08487393,5,0
3536,404535,0.05,2.81335877,0.0934838,4,1
3537,404536,0.05,3.70195039,0.09455061,4,8
3538,404537,0.05,2.89054578,0.11919801,4,12
3539,404538,0.05,1.89904687,0.09872878,4,5
3540,404539,0.05,3.78221903,0.10915683,4,12
3541,404540,0.05,2.86954737,0.11019258,4,5
3542,404541,0.05,2.48096104,0.08849471,4,3
3543,404542,0.05,0.6353643,0.09486692,4,8
3544,404543,0.05,2.76677652,0.0916829,4,12
3545,404544,0.05,1.02148744,0.09439657,5,8
3546,404545,0.05,2.82918731,0.10323249,4,12
3547,404546,0.05,3.76013497,0.12067973,4,8
3548,404547,0.05,1.97081366,0.09754018,4,3
3549,404548,0.05,1.95770615,0.09703477,4,8
3550,404549,0.05,2.73121595,0.10448151,4,12
3551,404550,0.05,2.90288593,0.10032953,4,12
3552,404551,0.05,3.80566288,0.08481592,4,0
3553,404552,0.05,1.9342197,0.10238811,4,3
3554,404553,0.05,2.91891743,0.0949259,4,8
3555,404554,0.05,2.90956576,0.09553666,4,0
3556,404555,0.05,2.67554958,0.10700262,4,1
3557,404556,0.05,2.64639016,0.10254632,4,12
3558,404557,0.05,1.67714952,0.11736798,4,8
3559,404558,0.05,2.54845434,0.10937367,4,1
3560,404559,0.05,1.59065657,0.10208517,4,3
3561,404560,0.05,2.80341869,0.11778949,4,3
3562,404561,0.05,3.98544765,0.10591904,5,0
3563,404562,0.05,2.82832134,0.1118047,4,12
3564,404563,0.05,1.96716768,0.11070324,4,0
3565,404564,0.05,2.94077676,0.11679237,4,5
3566,404565,0.05,3.711254,0.10633746,4,1
3567,404566,0.05,3.03696394,0.11040775,5,1
3568,404567,0.05,1.62047338,0.09140851,4,3
3569,404568,0.05,1.76412858,0.10542168,4,12
3570,404569,0.05,2.98074521,0.09673745,4,1
3571,404570,0.05,2.86594848,0.10056369,4,5
3572,404571,0.05,3.70619403,0.10076092,4,12
3573,404572,0.05,3.85283446,0.10659258,4,0
3574,404573,0.05,3.78833471,0.101472,4,12
3575,404574,0.05,3.68729681,0.1231357,4,1
3576,404575,0.05,1.67208669,0.11975814,4,8
3577,404576,0.05,2.80696806,0.09281942,4,0
3578,404577,0.05,1.93251015,0.10811036,4,3
3579,404578,0.05,3.79991887,0.10424555,4,5
3580,404579,0.05,2.65154346,0.09462308,4,5
3581,404580,0.05,2.91576093,0.10295739,4,8
3582,404581,0.05,3.69713456,0.10362893,4,3
3583,404582,0.05,0.64105155,0.09042586,4,3
3584,404583,0.05,2.14737527,0.09409478,5,0
3585,404584,0.05,1.23443261,0.09805178,4,1
3586,404585,0.05,2.43809119,0.1175098,4,3
3587,404586,0.05,2.93516336,0.09116923,4,5
3588,404587,0.05,3.71758651,0.10360051,4,5
3589,404588,0.05,3.89077686,0.08782897,4,1
3590,404589,0.05,2.12453772,0.10260539,4,0
3591,404590,0.05,3.84347294,0.09899017,4,0
3592,404591,0.05,0.2683894,0.09262289,5,1
3593,404592,0.05,2.75065859,0.11029391,4,12
3594,404593,0.05,2.72843741,0.09131311,4,1
3595,404594,0.05,2.93645799,0.10208206,4,8
3596,404595,0.05,2.98461621,0.09423684,4,8
3597,404596,0.05,2.98850759,0.10659703,4,3
3598,404597,0.05,2.92932353,0.10102186,4,0
3599,404598,0.05,2.18639727,0.09658587,4,3
3600,404599,0.05,3.76079857,0.08325018,4,0
3601,404600,0.05,2.92104414,0.09951192,4,3
3602,404601,0.05,1.94498373,0.09306973,4,8
3603,404602,0.05,2.46944642,0.09032127,4,8
3604,404603,0.05,2.85195591,0.09165859,4,5
3605,404604,0.05,3.5879819,0.09011797,4,0
3606,404605,0.05,2.95072436,0.10140495,4,1
3607,404606,0.05,0.72925991,0.0930088,4,8
3608,404607,0.05,1.48085585,0.08755492,4,5
3609,404608,0.05,3.70950781,0.0865719,4,0
3610,404609,0.05,3.83645563,0.1085842,4,12
3611,404610,0.05,2.50389896,0.09504282,4,3
3612,404611,0.05,2.86709183,0.10160113,4,8
3613,404612,0.05,3.55453375,0.10146966,4,0
3614,404613,0.05,2.6012399,0.09881403,4,5
3615,404614,0.05,1.5906279,0.10858756,4,8
3616,404615,0.05,1.86143558,0.08865225,4,5
3617,404616,0.05,3.00816002,0.10033959,4,0
3618,404617,0.05,3.83865647,0.0895884,4,1
3619,404618,0.05,2.73247897,0.09700762,4,12
3620,404619,0.05,2.94495962,0.08078987,4,3
3621,404620,0.05,2.92332063,0.1074008,4,1
3622,404621,0.05,3.71091958,0.11180321,4,8
3623,404622,0.05,3.66029294,0.10700416,4,1
3624,404623,0.05,3.73669829,0.09449331,4,1
3625,404624,0.05,3.69227747,0.11582226,4,0
3626,404625,0.05,1.42177583,0.0837009,4,8
3627,404626,0.05,2.62388624,0.09877476,4,5
3628,404627,0.05,0.88037383,0.10331648,5,0
3629,404628,0.05,0.60161441,0.0995549,4,1
3630,404629,0.05,2.97887861,0.0921331,5,5
3631,404630,0.05,3.61607445,0.11383805,4,8
3632,404631,0.05,2.66417389,0.10440714,4,12
3633,404632,0.05,2.49604915,0.10653691,4,1
3634,404633,0.05,2.93022297,0.0896848,4,8
3635,404634,0.05,2.88204642,0.10591524,4,3
3636,404635,0.05,3.70139343,0.07516784,4,3
3637,404636,0.05,2.66707351,0.09834988,4,8
3638,404637,0.05,2.81036085,0.10798121,4,12
3639,404638,0.05,1.92917503,0.10643059,4,3
3640,404639,0.05,3.67887908,0.09992712,4,0
3641,404640,0.05,2.58789644,0.09741274,4,0
3642,404641,0.05,3.71967716,0.09364444,4,0
3643,404642,0.05,2.01792312,0.10428672,4,3
3644,404643,0.05,3.69337517,0.1085393,4,1
3645,404644,0.05,1.53063476,0.09160728,4,12
3646,404645,0.05,2.87929997,0.09729289,4,5
3647,404646,0.05,2.97918571,0.10145382,4,8
3648,404647,0.05,2.89264728,0.10428808,4,12
3649,404648,0.05,1.4969966,0.10067884,4,5
3650,404649,0.05,3.80408474,0.11691295,4,5
3651,404650,0.05,1.9965596,0.10862055,4,1
3652,404651,0.05,3.03838329,0.11367501,5,0
3653,404652,0.05,0.73591432,0.10964167,4,12
3654,404653,0.05,2.89327914,0.10205287,4,1
3655,404654,0.05,2.65786249,0.10683219,4,5
3656,404655,0.05,1.71215482,0.11737475,4,0
3657,404656,0.05,-0.18574954,0.10618738,4,8
3658,404657,0.05,3.66836973,0.09126972,4,3
3659,404658,0.05,1.88730116,0.09884876,4,8
3660,404659,0.05,0.06697661,0.09751908,4,1
3661,404660,0.05,3.69521769,0.08943051,4,1
3662,404661,0.05,3.75080874,0.10116573,4,5
3663,404662,0.05,2.21401619,0.10177356,4,5
3664,404663,0.05,3.8815375,0.09787463,5,1
3665,404664,0.05,3.69138686,0.10585576,4,3
3666,404665,0.05,2.81140054,0.09970147,4,8
3667,404666,0.05,1.95934584,0.10409078,4,1
3668,404667,0.05,2.90785227,0.13602882,4,12
3669,404668,0.05,3.70845436,0.09987755,4,0
3670,404669,0.05,1.59768995,0.10609399,4,5
3671,404670,0.05,2.86185517,0.09363915,4,5
3672,404671,0.05,2.64904331,0.09556611,4,8
3673,404672,0.05,2.58030191,0.09875649,4,0
3674,404673,0.05,2.99803274,0.07839257,4,5
3675,404674,0.05,1.65075269,0.11691036,4,3
3676,404675,0.05,2.51981439,0.10738167,4,8
3677,404676,0.05,2.47970669,0.10177666,4,5
3678,404677,0.05,1.63395813,0.09212097,4,5
3679,404678,0.05,2.81643909,0.10116345,5,1
3680,404679,0.05,2.57327391,0.10410531,4,5
3681,404680,0.05,3.73407453,0.10618551,4,5
3682,404681,0.05,1.09289513,0.12231037,4,5
3683,404682,0.05,2.67354068,0.09534396,4,5
3684,404683,0.05,3.87590486,0.11503112,4,0
3685,404684,0.05,2.9071911,0.10341262,4,3
3686,404685,0.05,1.99668653,0.09179716,4,12
3687,404686,0.05,3.67488318,0.09598381,4,5
3688,404687,0.05,1.71922426,0.10249073,4,5
3689,404688,0.05,1.72082382,0.09356277,4,1
3690,404689,0.05,2.01278929,0.09326126,4,12
3691,404690,0.05,3.01478986,0.09770548,5,8
3692,404691,0.05,2.91127148,0.09085342,4,3
3693,404692,0.05,2.53097176,0.09828459,4,0
3694,404693,0.05,2.85765953,0.0965711,4,12
3695,404694,0.05,2.71003876,0.10000408,4,8
3696,404695,0.05,3.96674028,0.0968458,4,1
3697,404696,0.05,0.99810489,0.113157,4,12
3698,404697,0.05,1.87263523,0.09376724,4,3
3699,404698,0.05,2.70895362,0.10203474,4,3
3700,404699,0.05,3.76384912,0.10110395,4,3
3701,404700,0.05,1.87064874,0.11931621,4,12
3702,404701,0.05,2.78156573,0.0970667,4,5
3703,404702,0.05,1.58177247,0.0925697,4,0
3704,404703,0.05,1.69261094,0.10327356,4,5
3705,404704,0.05,1.9236864,0.09329393,4,3
3706,404705,0.05,3.76417943,0.12866508,4,5
3707,404706,0.05,1.92724299,0.10706804,4,12
3708,404707,0.05,2.824542,0.09225883,4,1
3709,404708,0.05,3.82324845,0.08055235,4,12
3710,404709,0.05,3.02728149,0.10816895,4,8
3711,404710,0.05,3.66629857,0.09829472,4,3
3712,404711,0.05,3.72531577,0.09086771,4,3
3713,404712,0.05,2.81066848,0.09032696,4,1
3714,404713,0.05,1.72246261,0.09121719,4,12
3715,404714,0.05,2.10926309,0.1178893,4,3
3716,404715,0.05,2.56334468,0.10325571,4,3
3717,404716,0.05,2.54366421,0.10946846,4,3
3718,404717,0.05,2.65370791,0.09183804,4,3
3719,404718,0.05,2.7305273,0.08889382,5,0
3720,404719,0.05,2.90751243,0.10987213,4,12
3721,404720,0.05,3.75493635,0.10561659,4,8
3722,404721,0.05,2.48908622,0.0890576,4,5
3723,404722,0.05,3.60684216,0.10660387,4,8
3724,404723,0.05,1.6325735,0.11205432,4,1
3725,404724,0.05,3.89938934,0.10234291,5,0
3726,404725,0.05,1.86599539,0.12148001,4,0
3727,404726,0.05,2.90114533,0.09868369,4,3
3728,404727,0.05,2.83166564,0.0887352,4,3
3729,404728,0.05,3.71584735,0.10971861,4,3
3730,404729,0.05,2.71237768,0.11710787,4,1
3731,404730,0.05,1.87235956,0.09970416,4,1
3732,404731,0.05,3.77396081,0.08411857,4,8
3733,404732,0.05,3.7133989,0.09949448,4,12
3734,404733,0.05,3.73621325,0.11143243,4,1
3735,404734,0.05,2.8885263,0.10450448,4,8
3736,404735,0.05,2.5171545,0.09474071,4,3
3737,404736,0.05,0.96976387,0.10132529,4,12
3738,404737,0.05,2.95052957,0.09555898,4,1
3739,404738,0.05,2.72091031,0.10822435,4,3
3740,404739,0.05,0.76195608,0.09682635,4,3
3741,404740,0.05,1.81209092,0.11120256,4,5
3742,404741,0.05,2.7890197,0.0954708,4,8
3743,404742,0.05,2.77191918,0.09847762,4,8
3744,404743,0.05,2.02720132,0.09201573,4,3
3745,404744,0.05,2.65700632,0.09826227,4,12
3746,404745,0.05,2.92979475,0.09773651,4,0
3747,404746,0.05,3.85685902,0.09234391,4,0
3748,404747,0.05,1.89519,0.10994147,4,5
3749,404748,0.05,3.69309938,0.10432094,4,3
3750,404749,0.05,2.50182304,0.08657223,4,5
3751,404750,0.05,2.46072441,0.09986062,4,5
3752,404751,0.05,3.77706562,0.11176209,4,12
3753,404752,0.05,1.81746033,0.09233,4,5
3754,404753,0.05,2.6104042,0.11393434,4,1
3755,404754,0.05,3.711552,0.09596411,4,3
3756,404755,0.05,3.90034805,0.10193346,5,0
3757,404756,0.05,1.51563735,0.08233258,4,5
3758,404757,0.05,2.45126362,0.08768922,4,1
3759,404758,0.05,2.80882883,0.1017976,4,8
3760,404759,0.05,2.92845777,0.09188727,4,5
3761,404760,0.05,2.91772693,0.10678037,4,1
3762,404761,0.05,3.88452636,0.11124955,4,3
3763,404762,0.05,2.90829216,0.0960011,4,1
3764,404763,0.05,1.58668322,0.09656694,4,12
3765,404764,0.05,1.68549613,0.0936116,4,12
3766,404765,0.05,0.16760214,0.09528637,4,1
3767,404766,0.05,3.01306504,0.08807763,4,0
3768,404767,0.05,3.85161826,0.09473433,4,5
3769,404768,0.05,1.9926245,0.08911966,5,8
3770,404769,0.05,1.98478794,0.10038678,4,1
3771,404770,0.05,3.73760423,0.09088158,4,12
3772,404771,0.05,1.93211876,0.08777604,4,3
3773,404772,0.05,3.74018996,0.0987847,4,8
3774,404773,0.05,3.81189647,0.09285852,4,1
3775,404774,0.05,1.59497658,0.09363036,4,8
3776,404775,0.05,3.75313731,0.09524937,4,12
3777,404776,0.05,2.2772853,0.07805838,4,1
3778,404777,0.05,2.97429519,0.10890696,4,5
3779,404778,0.05,3.80606724,0.09704645,4,1
3780,404779,0.05,2.72159551,0.10351155,4,3
3781,404780,0.05,2.76949486,0.09676958,4,3
3782,404781,0.05,2.93913131,0.08898778,4,12
3783,404782,0.05,2.76983079,0.08979638,4,3
3784,404783,0.05,2.95383741,0.11492531,5,0
3785,404784,0.05,1.73261649,0.08968062,4,1
3786,404785,0.05,2.68923267,0.09148948,4,5
3787,404786,0.05,1.80225704,0.09803717,5,0
3788,404787,0.05,2.64622169,0.10368856,4,0
3789,404788,0.05,3.69335559,0.09605023,4,3
3790,404789,0.05,3.75382962,0.09264711,4,3
3791,404790,0.05,3.69385937,0.10022254,4,1
3792,404791,0.05,1.38904834,0.10676543,4,12
3793,404792,0.05,3.73915465,0.09967349,4,8
3794,404793,0.05,3.70688484,0.09407264,4,1
3795,404794,0.05,2.70553997,0.09895624,4,8
3796,404795,0.05,3.77711966,0.09994615,4,1
3797,404796,0.05,3.61733964,0.10346696,4,8
3798,404797,0.05,2.92221985,0.08642561,4,12
3799,404798,0.05,2.77700809,0.09084546,4,5
3800,404799,0.05,1.05225504,0.09690357,5,3
3801,404800,0.05,2.9984168,0.10422342,4,8
3802,404801,0.05,1.20418185,0.10485445,4,12
3803,404802,0.05,2.5908704,0.10706775,4,3
3804,404803,0.05,2.95768123,0.10733156,5,1
3805,404804,0.05,1.95538875,0.10827711,4,3
3806,404805,0.05,1.53606286,0.12879094,4,1
3807,404806,0.05,3.82162152,0.09519554,4,8
3808,404807,0.05,1.68718318,0.1016806,4,12
3809,404808,0.05,2.62402019,0.08692798,4,8
3810,404809,0.05,3.99139079,0.10660838,5,0
3811,404810,0.05,1.45791607,0.10710735,4,8
3812,404811,0.05,1.95136792,0.09925725,4,5
3813,404812,0.05,2.03004777,0.11118458,4,5
3814,404813,0.05,3.78068573,0.08712606,4,1
3815,404814,0.05,2.55484326,0.09983524,4,3
3816,404815,0.05,2.04164262,0.09710706,4,3
3817,404816,0.05,3.70664931,0.09205742,4,1
3818,404817,0.05,2.98331859,0.11843673,4,3
3819,404818,0.05,1.82512262,0.09931852,4,8
3820,404819,0.05,2.7874258,0.08096726,4,0
3821,404820,0.05,2.3507595,0.10256633,4,3
3822,404821,0.05,3.63524371,0.09755852,4,1
3823,404822,0.05,3.76560087,0.0884234,4,3
3824,404823,0.05,3.77184687,0.08803525,4,12
3825,404824,0.05,2.38266106,0.10597475,4,0
3826,404825,0.05,2.78829926,0.10186434,4,0
3827,404826,0.05,3.70406541,0.11562157,4,3
3828,404827,0.05,2.98375188,0.10560118,4,0
3829,404828,0.05,3.9299648,0.09908832,4,0
3830,404829,0.05,3.71013725,0.09633779,4,5
3831,404830,0.05,1.55805379,0.0914981,4,5
3832,404831,0.05,2.45593717,0.10812167,4,12
3833,404832,0.05,1.69591315,0.10267179,5,12
3834,404833,0.05,3.96644032,0.11195886,5,1
3835,404834,0.05,3.78239984,0.11032799,4,12
3836,404835,0.05,1.9801384,0.09109821,4,3
3837,404836,0.05,1.94123293,0.09517272,4,1
3838,404837,0.05,0.86246919,0.09757706,5,1
3839,404838,0.05,3.65882645,0.10165524,4,0
3840,404839,0.05,2.75278686,0.09344548,4,12
3841,404840,0.05,1.66351916,0.08852173,4,8
3842,404841,0.05,2.87620868,0.10856805,4,12
3843,404842,0.05,1.94273074,0.0932014,4,3
3844,404843,0.05,2.01774397,0.09985919,4,1
3845,404844,0.05,3.39124378,0.09726285,5,3
3846,404845,0.05,3.75206707,0.10923262,4,12
3847,404846,0.05,2.93118915,0.10536332,4,5
3848,404847,0.05,3.68212952,0.09035399,4,12
3849,404848,0.05,2.5277825,0.08624002,4,8
3850,404849,0.05,3.76059898,0.10629569,4,1
3851,404850,0.05,0.74520749,0.0844042,5,5
3852,404851,0.05,1.45536325,0.09049398,5,1
3853,404852,0.05,2.98530473,0.093176,4,0
3854,404853,0.05,2.46039872,0.09606362,4,5
3855,404854,0.05,2.90864862,0.09113275,4,3
3856,404855,0.05,1.82675701,0.09727416,4,1
3857,404856,0.05,2.47875872,0.09825045,4,3
3858,404857,0.05,3.76077926,0.11151936,4,12
3859,404858,0.05,3.67700756,0.09334117,4,8
3860,404859,0.05,3.75524256,0.09477648,4,0
3861,404860,0.05,0.63559915,0.09290912,4,3
3862,404861,0.05,2.85302763,0.10167895,4,5
3863,404862,0.05,2.93998557,0.09747509,4,1
3864,404863,0.05,1.51781595,0.09700296,4,5
3865,404864,0.05,2.95371686,0.10323439,4,12
3866,404865,0.05,3.7348726,0.10405054,4,3
3867,404866,0.05,2.88495604,0.11443951,4,1
3868,404867,0.05,2.8240662,0.10513492,4,8
3869,404868,0.05,1.52645927,0.10244307,4,3
3870,404869,0.05,2.93366061,0.0876618,4,12
3871,404870,0.05,3.71819878,0.09355893,4,0
3872,404871,0.05,3.78693144,0.1041524,4,12
3873,404872,0.05,3.77869723,0.09804622,4,1
3874,404873,0.05,1.87481325,0.09674546,4,1
3875,404874,0.05,2.42283358,0.07856735,4,3
3876,404875,0.05,2.88532204,0.09105182,4,12
3877,404876,0.05,1.74358714,0.10797505,4,8
3878,404877,0.05,1.86771762,0.10985179,4,5
3879,404878,0.05,0.78498654,0.10898902,4,3
3880,404879,0.05,2.51367843,0.08658998,4,8
3881,404880,0.05,1.72165137,0.10556226,4,1
3882,404881,0.05,2.72042124,0.10240924,4,12
3883,404882,0.05,1.92461133,0.10190787,4,12
3884,404883,0.05,2.76857437,0.0817674,4,5
3885,404884,0.05,3.72359027,0.08284679,4,3
3886,404885,0.05,3.62356545,0.11857134,4,0
3887,404886,0.05,3.24097938,0.11012849,4,5
3888,404887,0.05,3.75045661,0.09847572,4,5
3889,404888,0.05,1.48164154,0.10472534,4,12
3890,404889,0.05,3.68781507,0.10282752,4,0
3891,404890,0.05,3.6697446,0.09610611,4,0
3892,404891,0.05,3.69122979,0.10847675,4,0
3893,404892,0.05,2.63302899,0.09040547,4,3
3894,404893,0.05,2.82291665,0.11310155,4,3
3895,404894,0.05,2.4912033,0.09000527,4,3
3896,404895,0.05,2.78714397,0.10389031,4,12
3897,404896,0.05,1.7543078,0.10617098,4,1
3898,404897,0.05,2.54102334,0.08702007,4,12
3899,404898,0.05,2.55108075,0.07368675,4,12
3900,404899,0.05,3.71174952,0.0893322,4,8
3901,404900,0.05,2.80402362,0.10384652,4,1
3902,404901,0.05,2.39709274,0.10377521,4,3
3903,404902,0.05,2.85491351,0.0946184,4,5
3904,404903,0.05,0.99314702,0.08798126,4,1
3905,404904,0.05,1.68148013,0.08498486,4,1
3906,404905,0.05,3.71896735,0.0907705,4,0
3907,404906,0.05,1.66887924,0.08734346,4,8
3908,404907,0.05,1.88523277,0.08633975,4,1
3909,404908,0.05,-0.86611685,0.11719878,5,5
3910,404909,0.05,3.71113354,0.09932884,4,5
3911,404910,0.05,1.99228534,0.09737803,4,5
3912,404911,0.05,2.47869051,0.09602978,4,5
3913,404912,0.05,3.74175651,0.09537313,4,8
3914,404913,0.05,1.99629796,0.10252545,4,0
3915,404914,0.05,0.54578183,0.09444452,4,5
3916,404915,0.05,1.84500713,0.09356461,4,3
3917,404916,0.05,2.49230053,0.09066424,4,1
3918,404917,0.05,4.07604323,0.09900984,5,1
3919,404918,0.05,2.5582409,0.08722697,4,8
3920,404919,0.05,3.74389669,0.10599506,4,12
3921,404920,0.05,3.86485882,0.10098995,4,8
3922,404921,0.05,2.8755684,0.09455916,4,0
3923,404922,0.05,2.631407,0.09597162,4,8
3924,404923,0.05,2.93916825,0.10677628,5,0
3925,404924,0.05,3.02771982,0.09625869,4,12
3926,404925,0.05,1.85158816,0.09883224,4,3
3927,404926,0.05,2.83068591,0.08717629,4,0
3928,404927,0.05,2.78907734,0.09885627,4,0
3929,404928,0.05,2.96863337,0.09967888,4,12
3930,404929,0.05,2.99329045,0.09242285,4,3
3931,404930,0.05,3.6741253,0.10364193,4,3
3932,404931,0.05,4.05550201,0.10594268,5,0
3933,404932,0.05,2.98846072,0.10148897,4,12
3934,404933,0.05,1.73619598,0.09353877,4,5
3935,404934,0.05,3.74528415,0.09329533,4,12
3936,404935,0.05,3.69310251,0.08749513,4,0
3937,404936,0.05,1.07949587,0.09509491,4,5
3938,404937,0.05,3.01006125,0.09903803,5,5
3939,404938,0.05,2.51292661,0.0937049,4,12
3940,404939,0.05,0.81216357,0.08979878,4,1
3941,404940,0.05,3.89374657,0.10325058,4,3
3942,404941,0.05,1.65893375,0.09134492,4,5
3943,404942,0.05,2.61978161,0.07672414,4,0
3944,404943,0.05,2.78541214,0.08823307,4,0
3945,404944,0.05,1.90041659,0.09159473,4,5
3946,404945,0.05,2.89064672,0.11260894,4,3
3947,404946,0.05,2.6237001,0.10861747,4,3
3948,404947,0.05,3.89206219,0.0943292,5,0
3949,404948,0.05,3.78487817,0.10550372,4,1
3950,404949,0.05,2.94057843,0.09200879,4,8
3951,404950,0.05,2.86881131,0.08707146,4,8
3952,404951,0.05,1.67854641,0.09855448,4,12
3953,404952,0.05,1.41479645,0.10348482,4,8
3954,404953,0.05,2.71038508,0.10900466,4,8
3955,404954,0.05,0.68249414,0.09743552,4,3
3956,404955,0.05,2.85105898,0.09566779,4,3
3957,404956,0.05,3.80657322,0.09497955,4,3
3958,404957,0.05,3.73863928,0.10570595,4,0
3959,404958,0.05,2.49224359,0.09814524,4,5
3960,404959,0.05,0.84212346,0.08304068,4,12
3961,404960,0.05,2.78929448,0.09745547,4,3
3962,404961,0.05,2.50161052,0.08277442,4,3
3963,404962,0.05,4.04533232,0.10432025,5,0
3964,404963,0.05,0.8001728,0.09970309,4,8
3965,404964,0.05,1.39926709,0.09207655,4,8
3966,404965,0.05,3.85299128,0.09548758,4,3
3967,404966,0.05,1.98354007,0.12088674,4,12
3968,404967,0.05,3.65174038,0.09531249,4,1
3969,404968,0.05,1.64831204,0.10314116,4,3
3970,404969,0.05,1.67229589,0.09479764,4,12
3971,404970,0.05,2.53751746,0.12062642,4,8
3972,404971,0.05,3.83056182,0.08480375,4,5
3973,404972,0.05,2.43298864,0.09946753,4,5
3974,404973,0.05,1.73136498,0.09690554,4,0
3975,404974,0.05,1.42308872,0.09933993,4,5
3976,404975,0.05,3.8436262,0.10124555,4,3
3977,404976,0.05,0.59925553,0.1026114,4,1
3978,404977,0.05,3.78666952,0.09538289,4,0
3979,404978,0.05,2.87330417,0.10095115,4,1
3980,404979,0.05,2.98870907,0.11236904,4,0
3981,404980,0.05,2.68109965,0.10729937,4,1
3982,404981,0.05,1.30184607,0.08204634,4,3
3983,404982,0.05,1.83420108,0.10041584,4,3
3984,404983,0.05,2.9769204,0.0931746,4,3
3985,404984,0.05,2.9147562,0.09990028,4,12
3986,404985,0.05,1.89377535,0.09931829,4,12
3987,404986,0.05,2.45809924,0.09548772,4,3
3988,404987,0.05,2.34927683,0.09644774,4,1
3989,404988,0.05,2.85638623,0.1072101,4,1
3990,404989,0.05,3.74399176,0.0851781,4,5
3991,404990,0.05,3.96034663,0.09933049,5,0
3992,404991,0.05,3.74220897,0.12322224,4,5
3993,404992,0.05,3.91927056,0.09506619,5,0
3994,404993,0.05,0.75657539,0.09789199,4,5
3995,404994,0.05,-0.75257468,0.09781306,5,12
3996,404995,0.05,3.69730798,0.08071208,4,3
3997,404996,0.05,2.48913324,0.10186382,4,3
3998,404997,0.05,2.81412105,0.09749761,4,0
3999,404998,0.05,3.67943847,0.10741515,4,1
4000,404999,0.05,2.88488327,0.09495804,4,5
4001,405000,0.05,2.87309875,0.09818814,4,3
4002,405001,0.05,3.67654781,0.08669801,4,3
4003,405002,0.05,3.71413822,0.10033496,4,12
4004,405003,0.05,3.79410489,0.09262719,4,12
4005,405004,0.05,2.49275955,0.09011706,4,5
4006,405005,0.05,3.74271421,0.10786211,4,8
4007,405006,0.05,1.43059093,0.10094283,4,8
4008,405007,0.05,3.72524144,0.10392665,4,12
4009,405008,0.05,2.88818351,0.09623051,4,3
4010,405009,0.05,3.69441243,0.09650037,4,12
4011,405010,0.05,2.47818856,0.09292964,4,12
4012,405011,0.05,2.18186804,0.09056203,4,0
4013,405012,0.05,2.08167444,0.09302546,4,3
4014,405013,0.05,2.81960534,0.0892808,4,12
4015,405014,0.05,2.59120333,0.11122704,4,3
4016,405015,0.05,1.51738016,0.10385393,4,5
4017,405016,0.05,2.68695091,0.10529984,4,1
4018,405017,0.05,2.82733393,0.09429819,4,8
4019,405018,0.05,1.47432059,0.09200915,4,8
4020,405019,0.05,2.90470638,0.09732489,4,12
4021,405020,0.05,3.63036463,0.10900833,4,12
4022,405021,0.05,3.72965683,0.08973795,4,0
4023,405022,0.05,1.85129223,0.10663009,4,8
4024,405023,0.05,2.03293381,0.09914345,5,3
4025,405024,0.05,2.8142025,0.09676977,4,8
4026,405025,0.05,2.7573464,0.09690611,4,5
4027,405026,0.05,1.60822501,0.10303233,4,12
4028,405027,0.05,2.52533259,0.11583381,4,3
4029,405028,0.05,1.39364425,0.08962944,4,12
4030,405029,0.05,2.55912277,0.0974207,4,1
4031,405030,0.05,2.71197472,0.10622263,4,12
4032,405031,0.05,1.17891015,0.0989719,5,12
4033,405032,0.05,2.82335543,0.09661097,4,12
4034,405033,0.05,1.0645213,0.09471572,5,5
4035,405034,0.05,1.89957446,0.0964728,5,0
4036,405035,0.05,0.66159235,0.11409586,4,8
4037,405036,0.05,2.81667825,0.09875879,4,5
4038,405037,0.05,2.58344441,0.08621146,4,1
4039,405038,0.05,1.42600209,0.10672383,4,12
4040,405039,0.05,1.97561806,0.10453147,4,0
4041,405040,0.05,1.90256927,0.09244482,4,8
4042,405041,0.05,2.79350537,0.10439422,4,5
4043,405042,0.05,1.88069861,0.10325204,4,12
4044,405043,0.05,4.01648385,0.09694937,5,1
4045,405044,0.05,4.0702348,0.10067778,5,0
4046,405045,0.05,3.78502987,0.09967542,4,8
4047,405046,0.05,2.90735684,0.08986705,4,12
4048,405047,0.05,1.85651929,0.09311117,4,5
4049,405048,0.05,2.84453795,0.10135441,4,0
4050,405049,0.05,2.55158169,0.09890781,4,1
4051,405050,0.05,1.91632478,0.0823647,4,5
4052,405051,0.05,3.78775375,0.08981476,4,8
4053,405052,0.05,3.76974689,0.08577091,4,1
4054,405053,0.05,3.28360482,0.0997941,4,0
4055,405054,0.05,2.66658331,0.10317931,4,1
4056,405055,0.05,2.57078906,0.10666941,4,5
4057,405056,0.05,1.89036468,0.09758775,4,5
4058,405057,0.05,2.87260563,0.10271538,5,0
4059,405058,0.05,1.94142729,0.09956735,4,0
4060,405059,0.05,1.66945222,0.09493431,4,1
4061,405060,0.05,2.85626389,0.08903364,5,1
4062,405061,0.05,1.87252407,0.09769626,4,3
4063,405062,0.05,2.7477356,0.0901305,4,3
4064,405063,0.05,3.69647703,0.10036066,4,12
4065,405064,0.05,2.92003416,0.10396128,4,5
4066,405065,0.05,2.70474207,0.09324,4,1
4067,405066,0.05,1.95311952,0.09431679,4,3
4068,405067,0.05,1.53906071,0.0916755,4,12
4069,405068,0.05,3.8897721,0.09687641,5,0
4070,405069,0.05,2.55602289,0.10427549,4,5
4071,405070,0.05,2.82993624,0.10265104,4,0
4072,405071,0.05,1.73312342,0.11081289,4,12
4073,405072,0.05,2.00161297,0.09294184,4,8
4074,405073,0.05,1.09844186,0.09173338,4,12
4075,405074,0.05,3.73876604,0.0913268,4,0
4076,405075,0.05,1.72992334,0.11167772,4,3
4077,405076,0.05,3.11336205,0.08833207,4,5
4078,405077,0.05,2.85076274,0.09166843,4,0
4079,405078,0.05,2.46507911,0.09951502,4,5
4080,405079,0.05,2.81678876,0.10815519,4,8
4081,405080,0.05,1.75777882,0.10261294,4,3
4082,405081,0.05,2.28933968,0.10706791,4,3
4083,405082,0.05,2.78879334,0.09985993,4,1
4084,405083,0.05,2.50546205,0.11677044,4,8
4085,405084,0.05,2.48810614,0.09899109,4,12
4086,405085,0.05,1.79382279,0.07990607,4,5
4087,405086,0.05,2.44304447,0.09903886,4,3
4088,405087,0.05,3.79960642,0.09838023,4,8
4089,405088,0.05,2.89309976,0.10947267,4,8
4090,405089,0.05,1.96042218,0.09567589,4,5
4091,405090,0.05,3.68914723,0.09457953,4,1
4092,405091,0.05,1.91236921,0.10122283,4,5
4093,405092,0.05,1.42918114,0.09622186,4,5
4094,405093,0.05,1.68551802,0.09616282,4,12
4095,405094,0.05,1.67481711,0.11017311,4,5
4096,405095,0.05,2.81759561,0.11113053,4,3
4097,405096,0.05,0.6657057,0.08864127,4,8
4098,405097,0.05,3.69916058,0.10406855,4,3
4099,405098,0.05,2.95850928,0.10482326,4,5
4100,405099,0.05,1.7799415,0.09155347,4,8
4101,405100,0.05,2.10262774,0.09463888,5,0
4102,405101,0.05,1.77457049,0.10043417,4,5
4103,405102,0.05,3.00066752,0.1131521,4,8
4104,405103,0.05,3.73248424,0.09486793,4,8
4105,405104,0.05,3.69079443,0.07927353,4,3
4106,405105,0.05,1.5531002,0.11266377,4,12
4107,405106,0.05,3.71422891,0.09437648,4,8
4108,405107,0.05,3.84264811,0.09823927,4,1
4109,405108,0.05,1.30309157,0.1076613,4,3
4110,405109,0.05,0.71123287,0.09638601,4,12
4111,405110,0.05,1.97719255,0.08713349,4,0
4112,405111,0.05,2.73415396,0.09452101,4,1
4113,405112,0.05,1.76756342,0.10680435,4,1
4114,405113,0.05,3.75931463,0.09074796,4,12
4115,405114,0.05,3.73037844,0.11093304,4,12
4116,405115,0.05,3.65614385,0.08665821,4,12
4117,405116,0.05,3.75017674,0.08903702,4,1
4118,405117,0.05,3.75481117,0.08702569,4,5
4119,405118,0.05,3.79349083,0.09918445,4,0
4120,405119,0.05,2.44275172,0.10232277,4,5
4121,405120,0.05,1.79396066,0.09046873,4,8
4122,405121,0.05,1.73193008,0.09358438,4,1
4123,405122,0.05,3.78226432,0.11883772,4,3
4124,405123,0.05,2.04621038,0.10106177,4,8
4125,405124,0.05,3.75939434,0.08718912,4,8
4126,405125,0.05,4.05505004,0.10603095,5,0
4127,405126,0.05,2.6920994,0.10523588,4,12
4128,405127,0.05,3.70494992,0.08701571,4,5
4129,405128,0.05,3.86925448,0.10943688,4,12
4130,405129,0.05,3.02953344,0.08603291,4,12
4131,405130,0.05,3.79787085,0.10211968,4,5
4132,405131,0.05,2.96002224,0.09820952,4,8
4133,405132,0.05,2.90473215,0.10265237,4,1
4134,405133,0.05,2.78561251,0.10085679,4,8
4135,405134,0.05,3.1716234,0.09526116,4,8
4136,405135,0.05,2.79484328,0.11537978,4,12
4137,405136,0.05,2.95316032,0.10822448,4,12
4138,405137,0.05,3.7599434,0.0987934,4,1
4139,405138,0.05,3.70462072,0.08752596,4,5
4140,405139,0.05,2.77669107,0.11290267,4,12
4141,405140,0.05,2.86328824,0.09920111,4,1
4142,405141,0.05,1.97865523,0.11399711,4,1
4143,405142,0.05,1.95888374,0.09269936,4,8
4144,405143,0.05,2.94565784,0.09719962,5,12
4145,405144,0.05,3.64975951,0.10155218,4,1
4146,405145,0.05,3.72656787,0.10528137,4,0
4147,405146,0.05,3.60546251,0.08910751,4,3
4148,405147,0.05,1.62748138,0.09233203,4,3
4149,405148,0.05,2.90312356,0.10302487,4,8
4150,405149,0.05,2.50581652,0.10296483,4,5
4151,405150,0.05,3.73603524,0.08996101,4,0
4152,405151,0.05,1.45178933,0.09935127,4,1
4153,405152,0.05,3.65928747,0.11391612,4,0
4154,405153,0.05,2.96593684,0.11310234,5,0
4155,405154,0.05,1.83741454,0.08804341,4,5
4156,405155,0.05,0.84264197,0.11212909,4,3
4157,405156,0.05,3.67742069,0.10337482,4,5
4158,405157,0.05,1.92610248,0.09852876,4,1
4159,405158,0.05,2.51192012,0.11176439,4,8
4160,405159,0.05,3.04831346,0.11456906,4,1
4161,405160,0.05,2.20006572,0.08907943,4,1
4162,405161,0.05,3.61107,0.09130635,4,1
4163,405162,0.05,2.93036245,0.09426139,4,8
4164,405163,0.05,0.64343256,0.10496856,4,3
4165,405164,0.05,1.41031927,0.10873193,4,3
4166,405165,0.05,3.74349197,0.09615163,4,3
4167,405166,0.05,3.8147465,0.1018144,4,3
4168,405167,0.05,2.59981304,0.10335885,4,5
4169,405168,0.05,1.45755852,0.11948827,4,3
4170,405169,0.05,1.65691531,0.10159899,4,1
4171,405170,0.05,3.76331526,0.09363396,4,12
4172,405171,0.05,2.64657177,0.10443559,4,1
4173,405172,0.05,3.66424098,0.10813293,4,0
4174,405173,0.05,1.94444791,0.10196849,4,12
4175,405174,0.05,2.82660992,0.10577998,4,3
4176,405175,0.05,3.75258858,0.08846022,4,12
4177,405176,0.05,1.89300815,0.09164264,4,5
4178,405177,0.05,1.17375099,0.08087344,4,1
4179,405178,0.05,2.92028575,0.08951157,5,0
4180,405179,0.05,2.51189342,0.08997278,4,12
4181,405180,0.05,1.86677057,0.09126739,4,8
4182,405181,0.05,2.99333545,0.08367975,4,3
4183,405182,0.05,3.42359765,0.10164746,5,8
4184,405183,0.05,2.78171689,0.1011903,4,12
4185,405184,0.05,1.7215313,0.08424676,4,8
4186,405185,0.05,2.9214431,0.09756149,4,1
4187,405186,0.05,1.68426936,0.10488394,4,12
4188,405187,0.05,3.66829894,0.10477448,4,1
4189,405188,0.05,2.88118807,0.09783454,4,8
4190,405189,0.05,2.94477305,0.09097492,4,8
4191,405190,0.05,2.73460517,0.10127508,4,8
4192,405191,0.05,2.70230991,0.11135483,4,5
4193,405192,0.05,2.04989824,0.10678303,4,3
4194,405193,0.05,1.00906112,0.10096572,4,3
4195,405194,0.05,2.98756084,0.10086459,4,5
4196,405195,0.05,3.67577953,0.10493606,4,0
4197,405196,0.05,2.83704068,0.10929363,4,12
4198,405197,0.05,1.00444256,0.10440456,4,5
4199,405198,0.05,2.93515905,0.0951988,4,0
4200,405199,0.05,2.5117555,0.11300629,4,3
4201,405200,0.05,3.77255083,0.10327539,4,1
4202,405201,0.05,1.95338249,0.10632488,4,3
4203,405202,0.05,3.66283341,0.08158787,4,12
4204,405203,0.05,1.83344912,0.09761286,4,1
4205,405204,0.05,3.10802689,0.11186258,4,12
4206,405205,0.05,1.65536082,0.08805033,4,3
4207,405206,0.05,3.07952852,0.10452612,4,3
4208,405207,0.05,1.04548074,0.10369627,5,5
4209,405208,0.05,-0.07505389,0.11248834,5,1
4210,405209,0.05,2.51409239,0.11388099,4,8
4211,405210,0.05,0.64567591,0.09886832,4,8
4212,405211,0.05,3.6862733,0.10290748,4,1
4213,405212,0.05,0.76586623,0.09088141,4,12
4214,405213,0.05,3.69423391,0.11514338,4,5
4215,405214,0.05,3.77326822,0.10308994,4,0
4216,405215,0.05,3.67617841,0.10072361,4,12
4217,405216,0.05,3.69462367,0.08851518,4,8
4218,405217,0.05,1.52742182,0.1092288,4,5
4219,405218,0.05,3.8725979,0.10231523,4,1
4220,405219,0.05,1.98073192,0.08953968,4,8
4221,405220,0.05,3.71693366,0.10062504,4,5
4222,405221,0.05,2.99791078,0.09109435,4,5
4223,405222,0.05,3.77644088,0.10921812,4,0
4224,405223,0.05,2.62803981,0.10334184,4,12
4225,405224,0.05,3.01815156,0.09307129,4,1
4226,405225,0.05,1.70990355,0.0910722,4,3
4227,405226,0.05,2.56216333,0.10137114,4,1
4228,405227,0.05,2.72488207,0.10109193,4,0
4229,405228,0.05,3.97830813,0.10800782,5,5
4230,405229,0.05,2.49918926,0.09226229,4,12
4231,405230,0.05,2.23409266,0.09758034,4,12
4232,405231,0.05,3.75206635,0.08334015,4,0
4233,405232,0.05,3.96251574,0.09311692,5,0
4234,405233,0.05,1.55621062,0.10757953,4,3
4235,405234,0.05,2.52559927,0.0854867,4,3
4236,405235,0.05,2.16641579,0.08417365,4,0
4237,405236,0.05,1.86259372,0.11793755,4,12
4238,405237,0.05,3.08962364,0.10515436,4,3
4239,405238,0.05,3.81219575,0.10333661,4,8
4240,405239,0.05,1.87022625,0.08683683,4,3
4241,405240,0.05,1.75613237,0.10504926,4,12
4242,405241,0.05,1.90291867,0.1135633,5,0
4243,405242,0.05,2.59400001,0.09463325,4,12
4244,405243,0.05,0.95047302,0.09126261,4,8
4245,405244,0.05,1.61446476,0.09252158,4,12
4246,405245,0.05,3.67020302,0.09679551,4,12
4247,405246,0.05,1.66029101,0.09536094,4,3
4248,405247,0.05,2.66415365,0.09572122,4,0
4249,405248,0.05,1.95319759,0.10650204,4,12
4250,405249,0.05,2.91839276,0.09680666,4,5
4251,405250,0.05,3.10968654,0.0884137,4,12
4252,405251,0.05,2.72069097,0.10303817,4,8
4253,405252,0.05,0.80465741,0.11065413,4,5
4254,405253,0.05,3.71032954,0.09569183,4,8
4255,405254,0.05,3.71670092,0.09100817,4,12
4256,405255,0.05,0.79863516,0.10010377,4,0
4257,405256,0.05,1.39179217,0.10424831,4,5
4258,405257,0.05,0.75846004,0.09227183,4,5
4259,405258,0.05,3.66627998,0.10838027,4,0
4260,405259,0.05,0.64490195,0.10699102,4,3
4261,405260,0.05,3.4717881,0.1001161,5,1
4262,405261,0.05,3.64236432,0.09714872,4,0
4263,405262,0.05,2.99487215,0.10496128,4,3
4264,405263,0.05,1.9200456,0.1009258,4,1
4265,405264,0.05,1.89249708,0.09656467,4,12
4266,405265,0.05,2.83230366,0.09843194,4,0
4267,405266,0.05,2.88501788,0.08984854,4,5
4268,405267,0.05,2.3752255,0.09147914,4,5
4269,405268,0.05,2.98219769,0.09954355,4,3
4270,405269,0.05,0.76909181,0.10544028,4,8
4271,405270,0.05,1.62533424,0.08964086,4,3
4272,405271,0.05,3.68613217,0.12025433,4,1
4273,405272,0.05,2.99187714,0.10509495,4,5
4274,405273,0.05,2.63932078,0.11766312,4,1
4275,405274,0.05,3.7139374,0.10955219,4,12
4276,405275,0.05,3.78413658,0.12161577,4,3
4277,405276,0.05,2.11037127,0.09172611,4,8
4278,405277,0.05,3.00581234,0.11169088,5,0
4279,405278,0.05,2.91590717,0.09517152,4,1
4280,405279,0.05,2.97727762,0.10795431,4,5
4281,405280,0.05,2.73441744,0.09017328,4,3
4282,405281,0.05,3.18491708,0.09274937,4,5
4283,405282,0.05,1.90800126,0.09794452,4,3
4284,405283,0.05,2.94484815,0.09186244,4,12
4285,405284,0.05,2.49241511,0.10137964,4,5
4286,405285,0.05,2.69559586,0.09370064,4,8
4287,405286,0.05,1.63882117,0.10760158,4,12
4288,405287,0.05,1.37648461,0.09832871,4,3
4289,405288,0.05,3.75316148,0.09187015,4,8
4290,405289,0.05,2.58801198,0.11119993,4,1
4291,405290,0.05,2.73328847,0.09706033,4,8
4292,405291,0.05,3.69776631,0.11487779,4,0
4293,405292,0.05,3.77028148,0.09941019,4,1
4294,405293,0.05,3.16262703,0.10288407,4,8
4295,405294,0.05,2.94477389,0.10854982,4,3
4296,405295,0.05,2.42769296,0.10251563,4,8
4297,405296,0.05,2.85290242,0.09926044,4,0
4298,405297,0.05,2.80501949,0.10299441,4,5
4299,405298,0.05,2.78442463,0.09115957,4,1
4300,405299,0.05,3.82522231,0.10260477,4,3
4301,405300,0.05,1.8691462,0.09691821,4,0
4302,405301,0.05,3.81576311,0.09139037,4,3
4303,405302,0.05,3.67067723,0.08302626,4,5
4304,405303,0.05,4.0378438,0.09478836,5,0
4305,405304,0.05,1.69505348,0.10696548,4,3
4306,405305,0.05,2.27041583,0.09109385,4,8
4307,405306,0.05,0.63466104,0.09928777,4,5
4308,405307,0.05,3.69750805,0.10263491,4,0
4309,405308,0.05,3.6937782,0.0865401,4,0
4310,405309,0.05,2.03171755,0.10362353,4,0
4311,405310,0.05,2.57849518,0.09410619,4,5
4312,405311,0.05,1.53237967,0.09331632,4,8
4313,405312,0.05,1.92150768,0.10712063,4,12
4314,405313,0.05,2.78567759,0.09717488,4,12
4315,405314,0.05,2.50936968,0.10839243,4,3
4316,405315,0.05,3.87217208,0.09045461,4,0
4317,405316,0.05,2.7041844,0.11502251,4,5
4318,405317,0.05,3.95323062,0.09723674,4,1
4319,405318,0.05,1.60572796,0.10584201,4,0
4320,405319,0.05,3.98355098,0.09622802,4,1
4321,405320,0.05,3.80113206,0.09242104,4,8
4322,405321,0.05,1.84767212,0.0963637,4,3
4323,405322,0.05,2.68671596,0.0932085,4,1
4324,405323,0.05,1.68909929,0.09927138,4,5
4325,405324,0.05,2.47976173,0.10410758,4,8
4326,405325,0.05,2.94102826,0.1016683,4,12
4327,405326,0.05,1.60164386,0.09319644,4,1
4328,405327,0.05,2.96671714,0.09005606,5,0
4329,405328,0.05,3.90101928,0.0996075,4,8
4330,405329,0.05,2.10133757,0.08892813,4,8
4331,405330,0.05,2.90178016,0.10172882,4,12
4332,405331,0.05,3.95292065,0.10693321,5,0
4333,405332,0.05,4.05764539,0.10558475,5,1
4334,405333,0.05,2.84903281,0.09322922,4,8
4335,405334,0.05,1.67713405,0.08911725,4,12
4336,405335,0.05,2.5501672,0.0900042,4,8
4337,405336,0.05,2.54935644,0.09507987,4,8
4338,405337,0.05,2.64423271,0.10112315,4,0
4339,405338,0.05,3.77342435,0.0999027,4,0
4340,405339,0.05,2.95691755,0.09774568,5,1
4341,405340,0.05,2.42729605,0.09371271,4,12
4342,405341,0.05,2.03138594,0.09815595,4,12
4343,405342,0.05,3.72663874,0.0885098,4,3
4344,405343,0.05,1.84351654,0.10443014,4,1
4345,405344,0.05,3.85618034,0.09516171,4,0
4346,405345,0.05,2.72003664,0.10926055,4,1
4347,405346,0.05,0.59221615,0.10356873,4,8
4348,405347,0.05,3.8104588,0.09026693,4,12
4349,405348,0.05,1.37888397,0.10515527,4,1
4350,405349,0.05,1.44376733,0.10999534,4,1
4351,405350,0.05,2.61977817,0.09241595,4,3
4352,405351,0.05,3.75751059,0.09496592,4,5
4353,405352,0.05,2.87718625,0.09470559,4,12
4354,405353,0.05,1.94569994,0.10477541,4,8
4355,405354,0.05,3.761623,0.09161115,4,3
4356,405355,0.05,1.8964649,0.10288197,4,0
4357,405356,0.05,3.71468891,0.09703154,4,0
4358,405357,0.05,3.62878541,0.11576677,4,8
4359,405358,0.05,1.89159122,0.0951507,4,5
4360,405359,0.05,1.91957086,0.10495217,4,12
4361,405360,0.05,2.50097113,0.11087684,4,0
4362,405361,0.05,3.6426449,0.1064139,4,5
4363,405362,0.05,1.6551987,0.09192306,4,1
4364,405363,0.05,3.75184744,0.11270515,4,3
4365,405364,0.05,2.83213936,0.11454655,4,1
4366,405365,0.05,3.71714561,0.10513389,4,1
4367,405366,0.05,2.69156063,0.1064128,4,8
4368,405367,0.05,2.68608389,0.10724159,4,5
4369,405368,0.05,2.73740009,0.09676183,4,12
4370,405369,0.05,2.01161564,0.09681397,4,5
4371,405370,0.05,1.86170792,0.10901682,4,5
4372,405371,0.05,2.43268413,0.10655939,4,0
4373,405372,0.05,2.83717294,0.09917929,4,5
4374,405373,0.05,2.48622461,0.10012253,4,12
4375,405374,0.05,2.04029437,0.10105342,4,3
4376,405375,0.05,2.6992068,0.126002,4,0
4377,405376,0.05,3.0049109,0.10247099,4,3
4378,405377,0.05,0.58724744,0.10303209,4,8
4379,405378,0.05,1.8437202,0.10483162,4,12
4380,405379,0.05,3.6906017,0.10942688,4,12
4381,405380,0.05,2.67927716,0.09204195,4,0
4382,405381,0.05,2.37628629,0.11024355,4,5
4383,405382,0.05,1.83540336,0.09155553,4,1
4384,405383,0.05,3.7619679,0.0970662,4,8
4385,405384,0.05,3.00537325,0.0938129,4,0
4386,405385,0.05,2.9537691,0.11147202,4,5
4387,405386,0.05,2.4409893,0.09746999,4,3
4388,405387,0.05,1.8213848,0.08768218,5,0
4389,405388,0.05,2.90981681,0.10271676,4,3
4390,405389,0.05,1.8295845,0.10053423,4,12
4391,405390,0.05,2.33019948,0.0935875,4,12
4392,405391,0.05,2.77744708,0.09295248,4,8
4393,405392,0.05,3.73461532,0.09404206,4,8
4394,405393,0.05,2.82774666,0.10698945,4,5
4395,405394,0.05,2.29029051,0.09547558,4,12
4396,405395,0.05,0.72533934,0.09779972,4,8
4397,405396,0.05,1.7221253,0.10679887,4,3
4398,405397,0.05,3.66844123,0.09067463,4,3
4399,405398,0.05,2.73019438,0.09875483,4,3
4400,405399,0.05,3.18097795,0.09624946,4,1
4401,405400,0.05,2.62966929,0.1042802,4,0
4402,405401,0.05,2.27745549,0.09647223,4,5
4403,405402,0.05,3.7477169,0.10079686,4,1
4404,405403,0.05,1.17591936,0.09719628,4,5
4405,405404,0.05,2.71658502,0.10393692,4,5
4406,405405,0.05,2.8393754,0.10779793,4,1
4407,405406,0.05,2.6457332,0.0931069,4,3
4408,405407,0.05,2.81595652,0.10587562,4,12
4409,405408,0.05,2.80008942,0.0944202,4,1
4410,405409,0.05,3.68643095,0.09018142,4,1
4411,405410,0.05,1.21623801,0.08884895,5,12
4412,405411,0.05,1.99260102,0.11777593,4,0
4413,405412,0.05,0.62452428,0.11350736,4,3
4414,405413,0.05,2.95488289,0.10620843,4,3
4415,405414,0.05,2.66252837,0.09742631,4,12
4416,405415,0.05,3.58251218,0.11608058,4,0
4417,405416,0.05,2.66280929,0.09716398,4,8
4418,405417,0.05,0.69307063,0.09609454,4,3
4419,405418,0.05,1.46550682,0.10309809,4,5
4420,405419,0.05,3.82813386,0.11558267,4,12
4421,405420,0.05,2.6701504,0.10442037,4,1
4422,405421,0.05,2.83977165,0.10549751,4,0
4423,405422,0.05,2.73960271,0.11443483,4,0
4424,405423,0.05,2.05287975,0.09084296,4,12
4425,405424,0.05,2.86876296,0.10826817,4,8
4426,405425,0.05,2.62823689,0.08853081,4,1
4427,405426,0.05,2.99112392,0.08910262,4,3
4428,405427,0.05,1.86050715,0.10778248,4,3
4429,405428,0.05,3.70870229,0.11313221,4,3
4430,405429,0.05,0.54643937,0.10170625,4,5
4431,405430,0.05,3.73218576,0.09538184,4,0
4432,405431,0.05,3.00726197,0.08515969,4,1
4433,405432,0.05,2.88355966,0.10418899,4,12
4434,405433,0.05,2.63225878,0.10043732,4,12
4435,405434,0.05,2.65069249,0.09527161,4,12
4436,405435,0.05,2.95257315,0.09227709,4,8
4437,405436,0.05,3.73551959,0.09702179,4,5
4438,405437,0.05,2.73477056,0.1068276,4,12
4439,405438,0.05,1.37712239,0.09215757,4,1
4440,405439,0.05,1.6604834,0.10723902,4,12
4441,405440,0.05,1.74120119,0.10380963,4,1
4442,405441,0.05,0.61627837,0.09245891,4,8
4443,405442,0.05,2.89052132,0.10570755,4,3
4444,405443,0.05,3.10324272,0.09174487,4,8
4445,405444,0.05,3.72280877,0.10566993,4,0
4446,405445,0.05,2.58083549,0.08842161,4,12
4447,405446,0.05,2.65179656,0.09508125,4,0
4448,405447,0.05,0.71585713,0.09046689,4,8
4449,405448,0.05,3.78280693,0.10344366,4,5
4450,405449,0.05,1.7595365,0.09211843,5,0
4451,405450,0.05,1.6534229,0.09166333,4,8
4452,405451,0.05,3.72709366,0.10978769,4,1
4453,405452,0.05,2.92145652,0.1044336,4,12
4454,405453,0.05,1.60322819,0.1079003,4,1
4455,405454,0.05,1.57065203,0.10151062,4,3
4456,405455,0.05,3.72559275,0.10722715,4,3
4457,405456,0.05,3.71506886,0.1129166,4,8
4458,405457,0.05,1.83405756,0.09551839,4,3
4459,405458,0.05,3.77800416,0.11884817,4,3
4460,405459,0.05,3.67225429,0.10126101,4,5
4461,405460,0.05,2.62553216,0.1017715,4,5
4462,405461,0.05,3.85404904,0.09435389,4,0
4463,405462,0.05,2.86981788,0.10241676,4,1
4464,405463,0.05,0.69883469,0.10392976,4,3
4465,405464,0.05,2.01066247,0.08928034,4,0
4466,405465,0.05,2.51816033,0.09459693,4,8
4467,405466,0.05,1.94071313,0.09620221,4,1
4468,405467,0.05,2.97902939,0.10638496,5,0
4469,405468,0.05,3.75461228,0.09834005,4,12
4470,405469,0.05,3.74677657,0.10433927,4,1
4471,405470,0.05,3.75052263,0.10494289,4,3
4472,405471,0.05,0.68133137,0.1141785,4,3
4473,405472,0.05,2.98713858,0.10549331,4,1
4474,405473,0.05,2.564355,0.1039341,4,12
4475,405474,0.05,3.84029176,0.09546983,4,0
4476,405475,0.05,0.98659603,0.10614646,5,1
4477,405476,0.05,1.04360042,0.11179781,4,0
4478,405477,0.05,2.47092114,0.08839089,4,5
4479,405478,0.05,2.69805129,0.11531745,4,0
4480,405479,0.05,3.78741679,0.10997414,4,12
4481,405480,0.05,3.80956653,0.0921205,4,5
4482,405481,0.05,1.32282951,0.10725271,4,12
4483,405482,0.05,2.04896061,0.11324502,4,1
4484,405483,0.05,2.77197907,0.11094953,4,5
4485,405484,0.05,2.4854515,0.09012941,4,1
4486,405485,0.05,1.87212166,0.08634588,4,1
4487,405486,0.05,2.82234239,0.11821049,4,5
4488,405487,0.05,3.85203536,0.10830846,4,12
4489,405488,0.05,1.62873448,0.09887088,4,1
4490,405489,0.05,2.01061966,0.0926496,4,12
4491,405490,0.05,3.8152863,0.09055808,4,0
4492,405491,0.05,2.61838918,0.10001979,4,5
4493,405492,0.05,2.59498871,0.106804,4,8
4494,405493,0.05,1.92970909,0.10588324,4,8
4495,405494,0.05,3.81106262,0.08922989,4,8
4496,405495,0.05,3.88410682,0.09207175,4,3
4497,405496,0.05,3.72924585,0.09671507,4,1
4498,405497,0.05,2.71666362,0.08487877,4,8
4499,405498,0.05,1.34911763,0.1020217,4,3
4500,405499,0.05,2.86028752,0.09263645,4,8
4501,405500,0.05,3.80241814,0.10057401,4,3
4502,405501,0.05,0.83700519,0.09662778,4,5
4503,405502,0.05,2.4068881,0.08456432,4,1
4504,405503,0.05,2.64523587,0.12323844,4,0
4505,405504,0.05,2.68394126,0.09400417,4,8
4506,405505,0.05,3.7554019,0.09872776,4,12
4507,405506,0.05,2.93595617,0.09704673,4,5
4508,405507,0.05,1.09639808,0.08794766,5,1
4509,405508,0.05,1.75731583,0.09400815,4,8
4510,405509,0.05,2.75200385,0.1008088,4,3
4511,405510,0.05,1.7379286,0.11021587,4,12
4512,405511,0.05,3.99617973,0.11407699,5,1
4513,405512,0.05,3.75866282,0.10083619,4,3
4514,405513,0.05,1.55855067,0.10754967,4,12
4515,405514,0.05,1.07641099,0.09685708,4,1
4516,405515,0.05,3.74756241,0.09556183,4,3
4517,405516,0.05,2.82295462,0.10684523,4,12
4518,405517,0.05,1.59756546,0.1016276,4,3
4519,405518,0.05,1.62770521,0.1019529,4,3
4520,405519,0.05,2.62556884,0.09375554,4,8
4521,405520,0.05,3.67349763,0.09693043,4,0
4522,405521,0.05,2.79329947,0.11047729,4,5
4523,405522,0.05,2.85552836,0.08470005,4,12
4524,405523,0.05,3.69656356,0.11540905,4,8
4525,405524,0.05,1.60065546,0.11677799,4,8
4526,405525,0.05,2.97318922,0.10605067,4,8
4527,405526,0.05,2.69482552,0.10324457,4,12
4528,405527,0.05,2.48223084,0.08760155,4,5
4529,405528,0.05,2.90268806,0.10426287,4,0
4530,405529,0.05,2.86741542,0.10762979,4,8
4531,405530,0.05,2.91385214,0.10919604,4,8
4532,405531,0.05,3.66535209,0.09231183,4,8
4533,405532,0.05,2.70145399,0.08710579,4,8
4534,405533,0.05,3.61637824,0.08899904,4,12
4535,405534,0.05,3.85221697,0.09986177,4,1
4536,405535,0.05,2.80370661,0.09625052,4,3
4537,405536,0.05,1.81682929,0.09685066,4,1
4538,405537,0.05,1.11759819,0.09573781,4,5
4539,405538,0.05,1.97699546,0.09151583,5,0
4540,405539,0.05,3.718955,0.07626871,4,3
4541,405540,0.05,1.90309673,0.10376455,4,12
4542,405541,0.05,0.66718494,0.10707215,4,5
4543,405542,0.05,2.71645652,0.10462961,4,12
4544,405543,0.05,2.82078186,0.09520691,4,12
4545,405544,0.05,1.64616988,0.09191858,4,12
4546,405545,0.05,2.61387656,0.09894362,4,12
4547,405546,0.05,2.97233843,0.08994541,4,0
4548,405547,0.05,2.9328537,0.08621441,4,5
4549,405548,0.05,2.9285378,0.10555039,4,3
4550,405549,0.05,3.81399461,0.11445856,4,8
4551,405550,0.05,2.61127164,0.09486744,4,8
4552,405551,0.05,2.71415345,0.10248762,4,0
4553,405552,0.05,3.85253763,0.09642794,4,12
4554,405553,0.05,2.94425259,0.10038473,4,1
4555,405554,0.05,2.64285186,0.1024489,4,0
4556,405555,0.05,1.89651374,0.10479274,4,1
4557,405556,0.05,2.86719951,0.09281448,5,0
4558,405557,0.05,3.7699976,0.09308269,4,0
4559,405558,0.05,2.78761914,0.10923574,4,8
4560,405559,0.05,2.90891447,0.09781512,4,5
4561,405560,0.05,3.76652973,0.10053898,4,3
4562,405561,0.05,3.64253366,0.11164077,4,8
4563,405562,0.05,3.62643521,0.10726929,4,12
4564,405563,0.05,2.86530871,0.08423968,4,8
4565,405564,0.05,2.98635064,0.08168245,4,3
4566,405565,0.05,3.22569357,0.10333159,4,1
4567,405566,0.05,1.67297914,0.11066863,4,1
4568,405567,0.05,2.30851498,0.10182421,4,3
4569,405568,0.05,2.00750172,0.10202984,5,0
4570,405569,0.05,2.99016627,0.09543968,4,12
4571,405570,0.05,1.75568251,0.08762881,4,3
4572,405571,0.05,3.70957101,0.09733519,4,8
4573,405572,0.05,0.97159622,0.08851394,5,0
4574,405573,0.05,3.08840159,0.08798832,5,0
4575,405574,0.05,3.78995063,0.09304276,4,12
4576,405575,0.05,2.75791323,0.0981851,4,3
4577,405576,0.05,1.97354493,0.09087279,4,8
4578,405577,0.05,1.90862347,0.09401926,4,8
4579,405578,0.05,1.93893249,0.10224783,4,8
4580,405579,0.05,2.70648725,0.09806684,4,8
4581,405580,0.05,1.5078264,0.10732617,4,5
4582,405581,0.05,1.9587914,0.08869384,4,0
4583,405582,0.05,1.39625077,0.08743794,4,5
4584,405583,0.05,1.89842932,0.10228976,4,1
4585,405584,0.05,3.74738364,0.09686823,4,12
4586,405585,0.05,3.14632706,0.08562507,4,1
4587,405586,0.05,3.09126451,0.09897514,5,1
4588,405587,0.05,2.46371474,0.09441058,4,3
4589,405588,0.05,2.68039779,0.0976056,4,0
4590,405589,0.05,2.61897648,0.10674287,4,3
4591,405590,0.05,3.77957021,0.09786633,4,0
4592,405591,0.05,1.76237992,0.10607922,4,12
4593,405592,0.05,1.67952138,0.09574594,4,5
4594,405593,0.05,2.76483356,0.08758361,4,8
4595,405594,0.05,2.73586202,0.09875997,4,3
4596,405595,0.05,3.74120823,0.10934855,4,12
4597,405596,0.05,3.68325532,0.08801305,4,8
4598,405597,0.05,3.73219881,0.10020651,4,8
4599,405598,0.05,2.5766524,0.08918541,4,1
4600,405599,0.05,2.83760985,0.09921287,4,12
4601,405600,0.05,2.56716362,0.09826422,4,3
4602,405601,0.05,2.69168658,0.08622634,4,3
4603,405602,0.05,2.99152084,0.09851001,5,0
4604,405603,0.05,2.95787521,0.10316014,5,1
4605,405604,0.05,2.50897109,0.09408988,4,3
4606,405605,0.05,3.70640201,0.09322504,4,3
4607,405606,0.05,2.6460989,0.08934649,4,8
4608,405607,0.05,2.48057398,0.09470511,4,3
4609,405608,0.05,1.0884081,0.09658245,4,5
4610,405609,0.05,3.76128648,0.11563655,4,12
4611,405610,0.05,2.72056007,0.08788223,4,5
4612,405611,0.05,2.74420794,0.09213261,4,8
4613,405612,0.05,3.73124098,0.08915436,4,3
4614,405613,0.05,2.83845181,0.10504777,4,3
4615,405614,0.05,2.6193845,0.09972534,4,5
4616,405615,0.05,1.90243356,0.09608406,4,12
4617,405616,0.05,2.57923867,0.09344606,4,3
4618,405617,0.05,2.48505471,0.0879378,4,5
4619,405618,0.05,1.64549235,0.08967446,4,5
4620,405619,0.05,1.64443845,0.08139582,4,5
4621,405620,0.05,2.82534702,0.11004072,4,3
4622,405621,0.05,3.75767123,0.10655816,4,0
4623,405622,0.05,2.98825041,0.09968622,4,3
4624,405623,0.05,1.53163096,0.09369877,4,3
4625,405624,0.05,2.91950044,0.10200352,5,0
4626,405625,0.05,3.81632853,0.11118915,4,5
4627,405626,0.05,3.01486579,0.10586841,4,5
4628,405627,0.05,1.67368498,0.10709513,4,5
4629,405628,0.05,1.40231424,0.11466354,4,12
4630,405629,0.05,3.66320717,0.10348242,4,1
4631,405630,0.05,3.85569938,0.09571833,5,1
4632,405631,0.05,3.80855357,0.09046991,4,3
4633,405632,0.05,1.51888133,0.0919118,4,8
4634,405633,0.05,0.66913923,0.10215266,4,12
4635,405634,0.05,1.95615793,0.11553806,4,5
4636,405635,0.05,2.86452333,0.0913248,5,0
4637,405636,0.05,3.67416938,0.10935882,4,3
4638,405637,0.05,2.44592984,0.10237035,4,12
4639,405638,0.05,1.62877294,0.09860813,4,5
4640,405639,0.05,2.40266409,0.09318325,4,8
4641,405640,0.05,1.86315959,0.09565033,4,5
4642,405641,0.05,3.80929151,0.10394541,4,0
4643,405642,0.05,2.83096735,0.11501237,5,12
4644,405643,0.05,0.61254369,0.09921796,4,5
4645,405644,0.05,2.88786318,0.08749459,4,8
4646,405645,0.05,2.79640431,0.09062548,4,0
4647,405646,0.05,2.78462932,0.10285065,4,0
4648,405647,0.05,3.82038108,0.09272798,4,8
4649,405648,0.05,3.14196113,0.09384735,4,0
4650,405649,0.05,2.66430078,0.09416397,4,12
4651,405650,0.05,0.57799996,0.11125274,4,12
4652,405651,0.05,3.91070985,0.09825085,4,3
4653,405652,0.05,2.85837042,0.09599894,4,0
4654,405653,0.05,2.70848328,0.10343922,4,8
4655,405654,0.05,2.9100786,0.09650844,4,12
4656,405655,0.05,3.65690178,0.10516699,4,5
4657,405656,0.05,2.93289442,0.11022269,4,12
4658,405657,0.05,3.70858417,0.10769635,4,3
4659,405658,0.05,2.64881414,0.08788848,4,5
4660,405659,0.05,2.58149665,0.09763748,4,3
4661,405660,0.05,2.50117686,0.09006998,4,3
4662,405661,0.05,2.48338991,0.10042578,4,0
4663,405662,0.05,2.82267394,0.09363545,4,1
4664,405663,0.05,1.68029556,0.1068284,4,12
4665,405664,0.05,0.53016798,0.09507513,4,8
4666,405665,0.05,2.91326652,0.10546399,4,0
4667,405666,0.05,2.93563571,0.09802282,5,0
4668,405667,0.05,3.80939626,0.10642801,4,0
4669,405668,0.05,1.94292074,0.10753383,4,1
4670,405669,0.05,2.77520009,0.08948297,4,5
4671,405670,0.05,1.81971012,0.10397558,4,5
4672,405671,0.05,2.72336613,0.11874209,4,1
4673,405672,0.05,3.76132778,0.09709109,4,8
4674,405673,0.05,2.81566883,0.10026751,4,0
4675,405674,0.05,2.98971703,0.09703492,4,12
4676,405675,0.05,3.70707509,0.10661018,4,1
4677,405676,0.05,0.82473667,0.09912342,4,8
4678,405677,0.05,2.58062482,0.10863406,4,3
4679,405678,0.05,3.95738573,0.10112636,5,1
4680,405679,0.05,1.86984949,0.10048546,5,8
4681,405680,0.05,2.94370786,0.10070959,4,5
4682,405681,0.05,2.80558606,0.09433926,4,8
4683,405682,0.05,-0.14082773,0.10707331,5,8
4684,405683,0.05,3.76315467,0.10424533,4,12
4685,405684,0.05,3.77144786,0.09388615,4,1
4686,405685,0.05,2.66172475,0.10328414,4,12
4687,405686,0.05,2.75412765,0.098257,4,3
4688,405687,0.05,3.66687706,0.09924395,4,0
4689,405688,0.05,2.96870835,0.08267121,5,1
4690,405689,0.05,2.98648579,0.10672962,4,5
4691,405690,0.05,1.67609776,0.09587222,4,12
4692,405691,0.05,1.85767452,0.10204362,4,12
4693,405692,0.05,2.52173936,0.09696092,4,5
4694,405693,0.05,0.2049573,0.10171034,4,1
4695,405694,0.05,2.87457922,0.0938192,4,1
4696,405695,0.05,3.81979922,0.08846914,4,3
4697,405696,0.05,2.65531334,0.10435171,4,3
4698,405697,0.05,2.83551089,0.11530637,4,3
4699,405698,0.05,3.61276121,0.09941917,4,8
4700,405699,0.05,1.8982061,0.10279199,4,12
4701,405700,0.05,2.68339069,0.10052975,4,12
4702,405701,0.05,3.7152773,0.10063332,4,12
4703,405702,0.05,1.65250748,0.10260282,4,8
4704,405703,0.05,2.26046267,0.10429167,5,1
4705,405704,0.05,2.72677641,0.11148274,4,5
4706,405705,0.05,3.73759501,0.10000881,4,5
4707,405706,0.05,2.04380705,0.10826938,4,5
4708,405707,0.05,3.61843542,0.08582218,4,0
4709,405708,0.05,3.80704622,0.09759741,4,12
4710,405709,0.05,2.68181832,0.08619121,4,5
4711,405710,0.05,3.10927108,0.08874606,5,0
4712,405711,0.05,3.73587005,0.10377447,4,12
4713,405712,0.05,2.07887648,0.10225688,4,5
4714,405713,0.05,1.13590356,0.09930748,4,1
4715,405714,0.05,2.78803015,0.09095997,4,8
4716,405715,0.05,2.62774267,0.10978406,4,8
4717,405716,0.05,2.80992124,0.09835498,4,0
4718,405717,0.05,2.67531899,0.10519469,4,5
4719,405718,0.05,1.74506125,0.10110097,4,5
4720,405719,0.05,2.91516823,0.08866132,5,12
4721,405720,0.05,2.88066293,0.10331699,4,0
4722,405721,0.05,2.74687618,0.0992852,4,0
4723,405722,0.05,2.47261726,0.10837263,4,3
4724,405723,0.05,2.90266738,0.09134142,4,12
4725,405724,0.05,1.7801666,0.08956815,4,8
4726,405725,0.05,3.80028967,0.09389221,4,3
4727,405726,0.05,3.85082045,0.09891747,5,1
4728,405727,0.05,1.82720826,0.1136819,4,8
4729,405728,0.05,2.95950965,0.09846118,4,12
4730,405729,0.05,1.56332594,0.10045847,4,1
4731,405730,0.05,2.60397542,0.09376888,4,0
4732,405731,0.05,2.00991012,0.10381624,4,1
4733,405732,0.05,2.43721531,0.11198407,4,3
4734,405733,0.05,0.72422158,0.09393988,4,12
4735,405734,0.05,2.94359434,0.09329329,4,12
4736,405735,0.05,3.79056656,0.0998838,4,5
4737,405736,0.05,2.59972501,0.10000658,4,1
4738,405737,0.05,3.76167976,0.08982717,4,5
4739,405738,0.05,3.75672438,0.08673882,4,3
4740,405739,0.05,1.75115182,0.09792728,4,12
4741,405740,0.05,2.91236264,0.10248154,4,12
4742,405741,0.05,3.74218603,0.0819618,4,12
4743,405742,0.05,3.05661889,0.10685195,4,0
4744,405743,0.05,0.67864284,0.09168709,4,3
4745,405744,0.05,2.74435735,0.0919677,4,8
4746,405745,0.05,0.93273666,0.09121697,5,1
4747,405746,0.05,4.02246629,0.09379277,5,3
4748,405747,0.05,2.54111809,0.09994186,4,5
4749,405748,0.05,2.0369727,0.08401958,4,5
4750,405749,0.05,1.68533512,0.09207062,4,12
4751,405750,0.05,3.66089296,0.09165084,4,3
4752,405751,0.05,3.73144489,0.10579461,4,1
4753,405752,0.05,3.67527867,0.09711771,4,12
4754,405753,0.05,2.50752562,0.11163665,4,3
4755,405754,0.05,1.7636967,0.09739991,5,0
4756,405755,0.05,2.88775035,0.0836967,4,8
4757,405756,0.05,3.85851246,0.0923452,4,0
4758,405757,0.05,3.71973922,0.09758062,4,3
4759,405758,0.05,3.77838052,0.10355653,4,12
4760,405759,0.05,1.56309283,0.09697078,4,8
4761,405760,0.05,1.7096771,0.08475489,4,8
4762,405761,0.05,2.81245253,0.11638928,4,0
4763,405762,0.05,2.6658179,0.09142001,4,0
4764,405763,0.05,1.50646364,0.09835974,4,8
4765,405764,0.05,3.77575135,0.09159664,4,3
4766,405765,0.05,1.95901756,0.10677212,4,3
4767,405766,0.05,1.99687306,0.10742588,4,5
4768,405767,0.05,2.51097923,0.0895091,4,1
4769,405768,0.05,2.71171579,0.09535748,4,8
4770,405769,0.05,1.91778585,0.10323505,4,5
4771,405770,0.05,2.75122345,0.09226106,4,8
4772,405771,0.05,1.73120996,0.09326438,4,3
4773,405772,0.05,3.72847762,0.0829066,4,5
4774,405773,0.05,1.84826205,0.11286621,4,5
4775,405774,0.05,2.92451596,0.09888194,4,8
4776,405775,0.05,2.73073324,0.11440824,4,1
4777,405776,0.05,1.91411241,0.10780308,4,5
4778,405777,0.05,3.11241383,0.10377931,5,1
4779,405778,0.05,2.44303964,0.10416204,4,8
4780,405779,0.05,2.65138148,0.08304275,4,8
4781,405780,0.05,3.07619998,0.08968865,4,3
4782,405781,0.05,2.95042862,0.10586515,4,5
4783,405782,0.05,2.6852018,0.10328718,4,12
4784,405783,0.05,3.68756568,0.11128997,4,0
4785,405784,0.05,1.79870424,0.08697407,4,1
4786,405785,0.05,2.07202537,0.09198011,4,1
4787,405786,0.05,3.76960754,0.09862176,4,12
4788,405787,0.05,1.98616462,0.08657719,4,12
4789,405788,0.05,2.76109852,0.08800081,4,5
4790,405789,0.05,2.52627272,0.09213129,4,3
4791,405790,0.05,1.0735832,0.10333348,4,8
4792,405791,0.05,3.93763136,0.10111867,4,1
4793,405792,0.05,1.5239312,0.09427608,4,1
4794,405793,0.05,2.17067773,0.10312145,4,3
4795,405794,0.05,3.63466629,0.09560696,4,1
4796,405795,0.05,2.68338877,0.10004387,4,5
4797,405796,0.05,2.92475353,0.09988433,4,3
4798,405797,0.05,1.87853123,0.10131603,4,5
4799,405798,0.05,1.88146369,0.09450464,5,0
4800,405799,0.05,2.78071869,0.10099749,4,1
4801,405800,0.05,3.76104218,0.08904746,4,0
4802,405801,0.05,3.797797,0.09451522,4,12
4803,405802,0.05,2.73911797,0.10303343,5,1
4804,405803,0.05,2.97951547,0.09680065,4,12
4805,405804,0.05,2.8571926,0.09680199,4,12
4806,405805,0.05,2.98274347,0.08732202,4,8
4807,405806,0.05,0.61017721,0.08614063,4,5
4808,405807,0.05,1.49556702,0.1158313,4,12
4809,405808,0.05,0.59384238,0.11006542,4,8
4810,405809,0.05,3.81738077,0.10388858,4,3
4811,405810,0.05,3.80761509,0.10009662,4,3
4812,405811,0.05,0.02332041,0.09343304,4,3
4813,405812,0.05,2.09862618,0.09694863,4,3
4814,405813,0.05,1.63922879,0.09608284,4,8
4815,405814,0.05,2.69657256,0.10231472,4,0
4816,405815,0.05,3.76258783,0.08890395,4,0
4817,405816,0.05,2.55556093,0.10058159,4,3
4818,405817,0.05,3.77691258,0.11589381,4,5
4819,405818,0.05,3.06298474,0.11225027,4,1
4820,405819,0.05,2.77294512,0.10543779,4,0
4821,405820,0.05,2.89575422,0.10531769,4,1
4822,405821,0.05,3.17234426,0.08283689,4,0
4823,405822,0.05,2.80353413,0.08919267,4,1
4824,405823,0.05,1.7099254,0.09830739,4,5
4825,405824,0.05,2.73372395,0.0885155,4,12
4826,405825,0.05,3.69003746,0.10368835,4,1
4827,405826,0.05,3.87225165,0.10509808,5,1
4828,405827,0.05,3.7855253,0.10242222,4,0
4829,405828,0.05,2.79055629,0.10339619,4,3
4830,405829,0.05,2.91573199,0.1024166,4,12
4831,405830,0.05,2.86295407,0.1029379,4,5
4832,405831,0.05,3.82083777,0.09044669,4,3
4833,405832,0.05,2.88924205,0.09925793,4,12
4834,405833,0.05,2.61644812,0.09657698,4,0
4835,405834,0.05,2.76358627,0.10407508,4,1
4836,405835,0.05,3.78001085,0.09275096,4,5
4837,405836,0.05,2.75230884,0.10720203,4,8
4838,405837,0.05,3.70329407,0.09129667,4,12
4839,405838,0.05,2.88671775,0.09620824,4,1
4840,405839,0.05,2.71747072,0.10503463,4,0
4841,405840,0.05,1.83671187,0.10114626,4,3
4842,405841,0.05,1.90343582,0.09623235,4,8
4843,405842,0.05,1.9755824,0.10619665,4,8
4844,405843,0.05,2.47459468,0.08711049,4,3
4845,405844,0.05,3.00292257,0.10343347,4,12
4846,405845,0.05,1.60247395,0.09388869,4,5
4847,405846,0.05,1.68474751,0.09420737,4,8
4848,405847,0.05,3.68969234,0.09377509,4,3
4849,405848,0.05,0.82302968,0.09767223,4,1
4850,405849,0.05,0.72129919,0.08572989,4,3
4851,405850,0.05,1.82335273,0.09526064,4,8
4852,405851,0.05,2.49712719,0.09182686,4,3
4853,405852,0.05,1.96463124,0.1000892,5,1
4854,405853,0.05,1.37552693,0.09163613,4,1
4855,405854,0.05,2.82068545,0.09936124,4,3
4856,405855,0.05,1.79580049,0.08880434,4,3
4857,405856,0.05,0.68400483,0.09350331,4,5
4858,405857,0.05,1.54555457,0.08486869,4,0
4859,405858,0.05,2.2532169,0.07987622,4,3
4860,405859,0.05,3.71303469,0.08418898,4,3
4861,405860,0.05,3.753656,0.09337848,4,5
4862,405861,0.05,2.69533793,0.09144272,4,5
4863,405862,0.05,2.46249159,0.10398352,4,3
4864,405863,0.05,3.64811719,0.10212187,4,1
4865,405864,0.05,3.72940948,0.08771969,4,1
4866,405865,0.05,1.49180857,0.09374225,4,3
4867,405866,0.05,4.02466352,0.10112648,4,0
4868,405867,0.05,2.86062894,0.09359631,4,1
4869,405868,0.05,1.98094684,0.0929532,4,5
4870,405869,0.05,1.4961547,0.09736203,4,1
4871,405870,0.05,1.76263179,0.09787192,4,12
4872,405871,0.05,2.97099014,0.1099705,4,8
4873,405872,0.05,3.81631032,0.08771769,4,8
4874,405873,0.05,2.81506058,0.09523073,4,12
4875,405874,0.05,1.89913836,0.10506928,4,5
4876,405875,0.05,3.09620796,0.08774086,5,0
4877,405876,0.05,2.53419316,0.09916829,4,12
4878,405877,0.05,2.46704695,0.08519425,4,12
4879,405878,0.05,3.15971413,0.09711156,4,5
4880,405879,0.05,2.91543405,0.08596073,4,1
4881,405880,0.05,2.56129793,0.11731034,4,1
4882,405881,0.05,1.98736062,0.10396406,4,1
4883,405882,0.05,2.14130241,0.1012543,4,5
4884,405883,0.05,2.74768512,0.09556644,4,8
4885,405884,0.05,2.97192353,0.11036369,4,1
4886,405885,0.05,0.75494408,0.10166592,4,12
4887,405886,0.05,4.02471753,0.09797267,5,0
4888,405887,0.05,2.71034337,0.1053727,4,8
4889,405888,0.05,3.02221894,0.09699008,4,5
4890,405889,0.05,3.82947163,0.09053696,4,0
4891,405890,0.05,3.82134692,0.10071583,4,8
4892,405891,0.05,3.00167811,0.09301352,4,8
4893,405892,0.05,1.54675028,0.09455472,4,12
4894,405893,0.05,0.67765055,0.11149742,4,12
4895,405894,0.05,3.71986074,0.10476262,4,0
4896,405895,0.05,2.44445146,0.10384405,4,3
4897,405896,0.05,2.91916307,0.09727575,4,8
4898,405897,0.05,2.69159041,0.0909288,4,0
4899,405898,0.05,3.75327653,0.09697331,4,1
4900,405899,0.05,1.42000269,0.09859621,4,8
4901,405900,0.05,1.68805192,0.0910525,4,8
4902,405901,0.05,2.73328331,0.10406761,4,3
4903,405902,0.05,1.48959347,0.09361307,4,1
4904,405903,0.05,1.01519687,0.10453684,4,1
4905,405904,0.05,3.74392756,0.10194517,4,12
4906,405905,0.05,1.80277823,0.09265302,4,8
4907,405906,0.05,1.01352009,0.10990927,4,12
4908,405907,0.05,1.89636119,0.08573614,4,8
4909,405908,0.05,3.92888361,0.10296047,4,8
4910,405909,0.05,1.62664403,0.10836472,4,5
4911,405910,0.05,3.81850236,0.09747352,4,0
4912,405911,0.05,1.20959034,0.09946468,4,12
4913,405912,0.05,2.0263933,0.10262837,4,0
4914,405913,0.05,1.94532255,0.09791409,4,3
4915,405914,0.05,3.71510552,0.11542198,4,0
4916,405915,0.05,3.70780282,0.09109425,4,8
4917,405916,0.05,1.76785136,0.0907825,4,3
4918,405917,0.05,3.00303433,0.0979832,4,8
4919,405918,0.05,3.66993939,0.09553484,4,5
4920,405919,0.05,1.59790015,0.10083293,4,8
4921,405920,0.05,2.45567835,0.09446222,4,0
4922,405921,0.05,1.97384219,0.10698595,4,3
4923,405922,0.05,2.06710769,0.09700071,4,12
4924,405923,0.05,3.69811702,0.10114418,4,1
4925,405924,0.05,2.48274329,0.08857469,4,1
4926,405925,0.05,2.03537259,0.09165615,4,3
4927,405926,0.05,1.4899815,0.09872892,4,12
4928,405927,0.05,3.9125646,0.09054424,5,1
4929,405928,0.05,2.89640967,0.0993229,4,0
4930,405929,0.05,3.69543238,0.10821309,4,12
4931,405930,0.05,1.94975514,0.10511181,4,12
4932,405931,0.05,2.55902711,0.09286785,4,8
4933,405932,0.05,1.66297696,0.1030694,4,5
4934,405933,0.05,1.53217207,0.08896139,4,5
4935,405934,0.05,3.79452192,0.0967751,4,3
4936,405935,0.05,3.7798252,0.10009246,4,0
4937,405936,0.05,0.70236539,0.0916103,4,5
4938,405937,0.05,2.77343901,0.09693525,4,3
4939,405938,0.05,2.93668455,0.09328848,4,8
4940,405939,0.05,3.69134884,0.09581965,4,1
4941,405940,0.05,2.96843873,0.10122664,4,1
4942,405941,0.05,2.71847377,0.09823858,4,8
4943,405942,0.05,3.65841691,0.09434524,4,5
4944,405943,0.05,1.43712564,0.10152141,4,5
4945,405944,0.05,1.70998514,0.09770469,5,0
4946,405945,0.05,2.77047287,0.09824923,4,12
4947,405946,0.05,1.74968998,0.09700098,4,12
4948,405947,0.05,2.93220474,0.10185206,4,8
4949,405948,0.05,3.06899693,0.10317288,4,1
4950,405949,0.05,1.69000012,0.08791898,4,1
4951,405950,0.05,3.6993077,0.11146164,4,8
4952,405951,0.05,1.94792376,0.09324997,4,5
4953,405952,0.05,2.89618334,0.09263504,4,12
4954,405953,0.05,2.94654393,0.1138367,4,5
4955,405954,0.05,1.74336436,0.10914021,4,5
4956,405955,0.05,2.82808161,0.10140996,4,1
4957,405956,0.05,3.74375908,0.10870808,4,0
4958,405957,0.05,3.77267219,0.11008428,4,1
4959,405958,0.05,2.34808987,0.10191855,4,5
4960,405959,0.05,2.94054076,0.10078982,4,8
4961,405960,0.05,1.88634444,0.10092197,4,3
4962,405961,0.05,2.69269845,0.10736602,4,0
4963,405962,0.05,2.97503527,0.10634827,5,1
4964,405963,0.05,2.99031493,0.10089603,4,12
4965,405964,0.05,1.73277696,0.10456442,4,5
4966,405965,0.05,2.75779338,0.09862173,4,5
4967,405966,0.05,2.86447522,0.10847673,4,8
4968,405967,0.05,2.9575703,0.10420801,4,5
4969,405968,0.05,2.98825034,0.08799465,4,5
4970,405969,0.05,3.8968885,0.10782831,4,0
4971,405970,0.05,0.71452215,0.09497119,4,8
4972,405971,0.05,2.94117842,0.10682851,4,12
4973,405972,0.05,3.72523311,0.10726584,4,3
4974,405973,0.05,3.77131884,0.10398928,4,3
4975,405974,0.05,3.7267946,0.1109516,4,3
4976,405975,0.05,1.77813794,0.10908617,4,5
4977,405976,0.05,2.40263032,0.11554237,4,5
4978,405977,0.05,2.93544243,0.09649162,4,3
4979,405978,0.05,3.64716255,0.08494679,4,3
4980,405979,0.05,3.869297,0.10092311,4,0
4981,405980,0.05,1.71951383,0.09607816,4,12
4982,405981,0.05,3.66678932,0.09522236,4,12
4983,405982,0.05,3.06285212,0.09448151,4,0
4984,405983,0.05,2.0077437,0.09574115,4,3
4985,405984,0.05,3.67963317,0.08150724,4,12
4986,405985,0.05,0.69640152,0.09970822,4,5
4987,405986,0.05,2.71057309,0.10362653,4,8
4988,405987,0.05,3.80063713,0.09311297,4,8
4989,405988,0.05,3.00358326,0.09225679,5,1
4990,405989,0.05,0.67410738,0.08713119,4,8
4991,405990,0.05,2.74388076,0.09326243,4,8
4992,405991,0.05,2.93922522,0.11153724,4,1
4993,405992,0.05,3.71814499,0.08856326,4,12
4994,405993,0.05,0.70316851,0.08498389,4,3
4995,405994,0.05,2.05155448,0.09266933,4,8
4996,405995,0.05,1.64516948,0.08594933,4,3
4997,405996,0.05,2.87627352,0.09928734,4,0
4998,405997,0.05,3.77459623,0.09727062,4,3
4999,405998,0.05,1.6713997,0.10325813,4,3
5000,405999,0.05,3.76591103,0.10241148,4,12
