sample_index,timestamp_s,monotonic_s,t_mono,cum_packets,cum_bytes,lag_s
0,0.000104,6252.348240136,6252.348240136,0,0,0.000000
1,0.010066,6252.358201742,6252.358201742,3,4200,0.000000
2,0.022261,6252.370396794,6252.370396794,7,9800,0.000000
3,0.031896,6252.380032190,6252.380032190,10,14000,0.000000
4,0.040062,6252.388198212,6252.388198212,13,18200,0.000000
5,0.050068,6252.398203654,6252.398203654,16,22400,0.000000
6,0.060902,6252.409037804,6252.409037804,19,26600,0.000000
7,0.070087,6252.418222838,6252.418222838,23,32200,0.000000
8,0.080064,6252.428200183,6252.428200183,26,36400,0.000000
9,0.090068,6252.438204021,6252.438204021,29,40600,0.000000
10,0.100065,6252.448201138,6252.448201138,32,44800,0.000000
11,0.110062,6252.458198314,6252.458198314,36,50400,0.000000
12,0.120639,6252.468775150,6252.468775150,39,54600,0.000000
13,0.130066,6252.478202390,6252.478202390,42,58800,0.000000
14,0.140387,6252.488523495,6252.488523495,46,64400,0.000000
15,0.150078,6252.498214430,6252.498214430,49,68600,0.000000
16,0.160068,6252.508204133,6252.508204133,52,72800,0.000000
17,0.172318,6252.520454069,6252.520454069,56,78400,0.000000
18,0.180061,6252.528196761,6252.528196761,59,82600,0.000000
19,0.190065,6252.538201516,6252.538201516,62,86800,0.000000
20,0.200072,6252.548208029,6252.548208029,65,91000,0.000000
21,0.210066,6252.558202283,6252.558202283,68,95200,0.000000
22,0.220064,6252.568200253,6252.568200253,72,100800,0.000000
23,0.230069,6252.578204630,6252.578204630,75,105000,0.000000
24,0.241906,6252.590041998,6252.590041998,79,110600,0.000000
25,0.250059,6252.598195543,6252.598195543,82,114800,0.000000
26,0.260913,6252.609049530,6252.609049530,85,119000,0.000000
27,0.270037,6252.618173081,6252.618173081,88,123200,0.000000
28,0.280079,6252.628214643,6252.628214643,91,127400,0.000000
29,0.290058,6252.638194478,6252.638194478,95,133000,0.000000
30,0.300059,6252.648195268,6252.648195268,98,137200,0.000000
31,0.310060,6252.658195862,6252.658195862,101,141400,0.000000
32,0.320060,6252.668195655,6252.668195655,105,147000,0.000000
33,0.330059,6252.678195266,6252.678195266,108,151200,0.000000
34,0.340060,6252.688195759,6252.688195759,111,155400,0.000000
35,0.350067,6252.698203451,6252.698203451,114,159600,0.000000
36,0.360060,6252.708195972,6252.708195972,118,165200,0.000000
37,0.370066,6252.718202260,6252.718202260,121,169400,0.000000
38,0.380030,6252.728165843,6252.728165843,124,173600,0.000000
39,0.390049,6252.738185321,6252.738185321,128,179200,0.000000
40,0.400064,6252.748200504,6252.748200504,131,183400,0.000000
41,0.410066,6252.758201758,6252.758201758,134,187600,0.000000
42,0.420061,6252.768197490,6252.768197490,137,191800,0.000000
43,0.430059,6252.778194950,6252.778194950,141,197400,0.000000
44,0.440064,6252.788200386,6252.788200386,144,201600,0.000000
45,0.450070,6252.798206113,6252.798206113,147,205800,0.000000
46,0.460013,6252.808148916,6252.808148916,151,211400,0.000000
47,0.470070,6252.818206333,6252.818206333,154,215600,0.000000
48,0.480066,6252.828202139,6252.828202139,157,219800,0.000000
49,0.490067,6252.838203049,6252.838203049,160,224000,0.000000
50,0.500070,6252.848206325,6252.848206325,164,229600,0.000000
51,0.510071,6252.858206707,6252.858206707,167,233800,0.000000
52,0.520064,6252.868199996,6252.868199996,170,238000,0.000000
53,0.530043,6252.878179496,6252.878179496,174,243600,0.000000
54,0.540066,6252.888201886,6252.888201886,177,247800,0.000000
55,0.550070,6252.898206204,6252.898206204,180,252000,0.000000
56,0.560067,6252.908202648,6252.908202648,183,256200,0.000000
57,0.570059,6252.918195536,6252.918195536,187,261800,0.000000
58,0.580040,6252.928175949,6252.928175949,190,266000,0.000000
59,0.590072,6252.938207651,6252.938207651,193,270200,0.000000
60,0.600048,6252.948183961,6252.948183961,197,275800,0.000000
61,0.610066,6252.958202387,6252.958202387,200,280000,0.000000
62,0.620071,6252.968206918,6252.968206918,203,284200,0.000000
63,0.630070,6252.978206413,6252.978206413,206,288400,0.000000
64,0.640065,6252.988201361,6252.988201361,210,294000,0.000000
65,0.650068,6252.998204039,6252.998204039,213,298200,0.000000
66,0.660066,6253.008201832,6253.008201832,216,302400,0.000000
67,0.670008,6253.018143667,6253.018143667,220,308000,0.000000
68,0.680077,6253.028212851,6253.028212851,223,312200,0.000000
69,0.690068,6253.038204180,6253.038204180,226,316400,0.000000
70,0.700066,6253.048201575,6253.048201575,229,320600,0.000000
71,0.710068,6253.058204349,6253.058204349,233,326200,0.000000
72,0.720079,6253.068215423,6253.068215423,236,330400,0.000000
73,0.730067,6253.078203303,6253.078203303,239,334600,0.000000
74,0.740041,6253.088177095,6253.088177095,243,340200,0.000000
75,0.750072,6253.098208266,6253.098208266,246,344400,0.000000
76,0.760067,6253.108203079,6253.108203079,249,348600,0.000000
77,0.770076,6253.118212447,6253.118212447,252,352800,0.000000
78,0.780069,6253.128204764,6253.128204764,256,358400,0.000000
79,0.790071,6253.138207090,6253.138207090,259,362600,0.000000
80,0.800081,6253.148216632,6253.148216632,262,366800,0.000000
81,0.810075,6253.158210691,6253.158210691,266,372400,0.000000
82,0.820071,6253.168206600,6253.168206600,269,376600,0.000000
83,0.830073,6253.178209539,6253.178209539,272,380800,0.000000
84,0.840079,6253.188214801,6253.188214801,275,385000,0.000000
85,0.850068,6253.198203622,6253.198203622,279,390600,0.000000
86,0.860052,6253.208187587,6253.208187587,282,394800,0.000000
87,0.870065,6253.218200736,6253.218200736,285,399000,0.000000
88,0.880029,6253.228165064,6253.228165064,288,403200,0.000000
89,0.890070,6253.238205997,6253.238205997,292,408800,0.000000
90,0.900072,6253.248207719,6253.248207719,295,413000,0.000000
91,0.910067,6253.258203483,6253.258203483,298,417200,0.000000
92,0.920061,6253.268197285,6253.268197285,302,422800,0.000000
93,0.930079,6253.278214954,6253.278214954,305,427000,0.000000
94,0.940032,6253.288168280,6253.288168280,308,431200,0.000000
95,0.950059,6253.298195392,6253.298195392,311,435400,0.000000
96,0.960057,6253.308193349,6253.308193349,315,441000,0.000000
97,0.970065,6253.318200877,6253.318200877,318,445200,0.000000
98,0.980064,6253.328200391,6253.328200391,321,449400,0.000000
99,0.990063,6253.338198718,6253.338198718,325,455000,0.000000
100,1.000063,6253.348199527,6253.348199527,328,459200,0.000000
101,1.010062,6253.358197959,6253.358197959,331,463400,0.000000
102,1.020070,6253.368206302,6253.368206302,334,467600,0.000000
103,1.030061,6253.378196740,6253.378196740,338,473200,0.000000
104,1.040062,6253.388197734,6253.388197734,341,477400,0.000000
105,1.050076,6253.398211827,6253.398211827,344,481600,0.000000
106,1.060062,6253.408198211,6253.408198211,348,487200,0.000000
107,1.070069,6253.418205396,6253.418205396,351,491400,0.000000
108,1.080068,6253.428203596,6253.428203596,354,495600,0.000000
109,1.090062,6253.438198438,6253.438198438,357,499800,0.000000
110,1.100068,6253.448204030,6253.448204030,361,505400,0.000000
111,1.110017,6253.458153257,6253.458153257,364,509600,0.000000
112,1.120069,6253.468205420,6253.468205420,367,513800,0.000000
113,1.130064,6253.478199850,6253.478199850,371,519400,0.000000
114,1.140076,6253.488212089,6253.488212089,374,523600,0.000000
115,1.150065,6253.498201163,6253.498201163,377,527800,0.000000
116,1.160069,6253.508204842,6253.508204842,380,532000,0.000000
117,1.170065,6253.518200992,6253.518200992,384,537600,0.000000
118,1.180067,6253.528202696,6253.528202696,387,541800,0.000000
119,1.190069,6253.538205119,6253.538205119,390,546000,0.000000
120,1.200068,6253.548203595,6253.548203595,394,551600,0.000000
121,1.210065,6253.558201396,6253.558201396,397,555800,0.000000
122,1.220055,6253.568191408,6253.568191408,400,560000,0.000000
123,1.230063,6253.578199221,6253.578199221,403,564200,0.000000
124,1.240067,6253.588203307,6253.588203307,407,569800,0.000000
125,1.250066,6253.598202479,6253.598202479,410,574000,0.000000
126,1.260066,6253.608202233,6253.608202233,413,578200,0.000000
127,1.270063,6253.618198958,6253.618198958,417,583800,0.000000
128,1.280064,6253.628200025,6253.628200025,420,588000,0.000000
129,1.290064,6253.638200360,6253.638200360,423,592200,0.000000
130,1.300064,6253.648199990,6253.648199990,426,596400,0.000000
131,1.310064,6253.658199905,6253.658199905,430,602000,0.000000
132,1.320080,6253.668216123,6253.668216123,433,606200,0.000000
133,1.330073,6253.678209447,6253.678209447,436,610400,0.000000
134,1.340049,6253.688184711,6253.688184711,440,616000,0.000000
135,1.350068,6253.698203943,6253.698203943,443,620200,0.000000
136,1.360044,6253.708180243,6253.708180243,446,624400,0.000000
137,1.370066,6253.718202122,6253.718202122,449,628600,0.000000
138,1.380060,6253.728196045,6253.728196045,453,634200,0.000000
139,1.390065,6253.738201048,6253.738201048,456,638400,0.000000
140,1.400071,6253.748207136,6253.748207136,459,642600,0.000000
141,1.410015,6253.758151450,6253.758151450,463,648200,0.000000
142,1.420064,6253.768199975,6253.768199975,466,652400,0.000000
143,1.430065,6253.778200919,6253.778200919,469,656600,0.000000
144,1.440066,6253.788202128,6253.788202128,472,660800,0.000000
145,1.450065,6253.798200833,6253.798200833,476,666400,0.000000
146,1.460069,6253.808204574,6253.808204574,479,670600,0.000000
147,1.470067,6253.818203135,6253.818203135,482,674800,0.000000
148,1.480014,6253.828149909,6253.828149909,486,680400,0.000000
149,1.490066,6253.838201691,6253.838201691,489,684600,0.000000
150,1.500067,6253.848202711,6253.848202711,492,688800,0.000000
151,1.510067,6253.858203011,6253.858203011,495,693000,0.000000
152,1.520064,6253.868199870,6253.868199870,499,698600,0.000000
153,1.530067,6253.878202767,6253.878202767,502,702800,0.000000
154,1.540065,6253.888201335,6253.888201335,505,707000,0.000000
155,1.550049,6253.898184884,6253.898184884,509,712600,0.000000
156,1.560050,6253.908186435,6253.908186435,512,716800,0.000000
157,1.570069,6253.918205120,6253.918205120,515,721000,0.000000
158,1.580066,6253.928202114,6253.928202114,518,725200,0.000000
159,1.590064,6253.938200397,6253.938200397,522,730800,0.000000
160,1.600079,6253.948215224,6253.948215224,525,735000,0.000000
161,1.610066,6253.958201600,6253.958201600,528,739200,0.000000
162,1.620071,6253.968207469,6253.968207469,532,744800,0.000000
163,1.630067,6253.978203454,6253.978203454,535,749000,0.000000
164,1.640071,6253.988207122,6253.988207122,538,753200,0.000000
165,1.650067,6253.998203429,6253.998203429,541,757400,0.000000
166,1.660059,6254.008195137,6254.008195137,545,763000,0.000000
167,1.670067,6254.018202808,6254.018202808,548,767200,0.000000
168,1.680068,6254.028204232,6254.028204232,551,771400,0.000000
169,1.690078,6254.038213828,6254.038213828,555,777000,0.000000
170,1.700066,6254.048202505,6254.048202505,558,781200,0.000000
171,1.710072,6254.058207813,6254.058207813,561,785400,0.000000
172,1.720067,6254.068202910,6254.068202910,564,789600,0.000000
173,1.730064,6254.078199634,6254.078199634,568,795200,0.000000
174,1.740064,6254.088200459,6254.088200459,571,799400,0.000000
175,1.750024,6254.098160219,6254.098160219,574,803600,0.000000
176,1.760074,6254.108209851,6254.108209851,577,807800,0.000000
177,1.770064,6254.118199809,6254.118199809,581,813400,0.000000
178,1.780065,6254.128200697,6254.128200697,584,817600,0.000000
179,1.790060,6254.138195789,6254.138195789,587,821800,0.000000
180,1.800062,6254.148198334,6254.148198334,591,827400,0.000000
181,1.810066,6254.158202508,6254.158202508,594,831600,0.000000
182,1.820068,6254.168203649,6254.168203649,597,835800,0.000000
183,1.830066,6254.178202182,6254.178202182,600,840000,0.000000
184,1.840065,6254.188201555,6254.188201555,604,845600,0.000000
185,1.850072,6254.198207602,6254.198207602,607,849800,0.000000
186,1.860051,6254.208186969,6254.208186969,610,854000,0.000000
187,1.870064,6254.218199791,6254.218199791,614,859600,0.000000
188,1.880061,6254.228196764,6254.228196764,617,863800,0.000000
189,1.890079,6254.238215155,6254.238215155,620,868000,0.000000
190,1.900066,6254.248202367,6254.248202367,623,872200,0.000000
191,1.910068,6254.258203673,6254.258203673,627,877800,0.000000
192,1.920072,6254.268208244,6254.268208244,630,882000,0.000000
193,1.930069,6254.278205562,6254.278205562,633,886200,0.000000
194,1.940028,6254.288163969,6254.288163969,637,891800,0.000000
195,1.950066,6254.298201798,6254.298201798,640,896000,0.000000
196,1.960058,6254.308193912,6254.308193912,643,900200,0.000000
197,1.970067,6254.318203402,6254.318203402,646,904400,0.000000
198,1.980064,6254.328200429,6254.328200429,650,910000,0.000000
199,1.990070,6254.338206100,6254.338206100,653,914200,0.000000
200,2.000066,6254.348202444,6254.348202444,656,918400,0.000000
201,2.010070,6254.358205582,6254.358205582,660,924000,0.000000
202,2.020033,6254.368169067,6254.368169067,663,928200,0.000000
203,2.030068,6254.378204259,6254.378204259,666,932400,0.000000
204,2.040068,6254.388204568,6254.388204568,669,936600,0.000000
205,2.050067,6254.398203037,6254.398203037,673,942200,0.000000
206,2.060060,6254.408196072,6254.408196072,676,946400,0.000000
207,2.070065,6254.418200977,6254.418200977,679,950600,0.000000
208,2.080063,6254.428198575,6254.428198575,683,956200,0.000000
209,2.090065,6254.438201334,6254.438201334,686,960400,0.000000
210,2.100066,6254.448201743,6254.448201743,689,964600,0.000000
211,2.110068,6254.458203631,6254.458203631,692,968800,0.000000
212,2.120030,6254.468166294,6254.468166294,696,974400,0.000000
213,2.130070,6254.478205688,6254.478205688,699,978600,0.000000
214,2.140060,6254.488195689,6254.488195689,702,982800,0.000000
215,2.150027,6254.498162580,6254.498162580,706,988400,0.000000
216,2.160060,6254.508196003,6254.508196003,709,992600,0.000000
217,2.170071,6254.518206653,6254.518206653,712,996800,0.000000
218,2.180065,6254.528201063,6254.528201063,715,1001000,0.000000
219,2.190064,6254.538199910,6254.538199910,719,1006600,0.000000
220,2.200066,6254.548202358,6254.548202358,722,1010800,0.000000
221,2.210071,6254.558206745,6254.558206745,725,1015000,0.000000
222,2.220021,6254.568157298,6254.568157298,729,1020600,0.000000
223,2.230067,6254.578203389,6254.578203389,732,1024800,0.000000
224,2.240068,6254.588204157,6254.588204157,735,1029000,0.000000
225,2.250066,6254.598202015,6254.598202015,738,1033200,0.000000
226,2.260065,6254.608201478,6254.608201478,742,1038800,0.000000
227,2.270065,6254.618201463,6254.618201463,745,1043000,0.000000
228,2.280061,6254.628196981,6254.628196981,748,1047200,0.000000
229,2.290021,6254.638157533,6254.638157533,752,1052800,0.000000
230,2.300060,6254.648195957,6254.648195957,755,1057000,0.000000
231,2.310071,6254.658206977,6254.658206977,758,1061200,0.000000
232,2.320067,6254.668203325,6254.668203325,761,1065400,0.000000
233,2.330059,6254.678195199,6254.678195199,765,1071000,0.000000
234,2.340068,6254.688204367,6254.688204367,768,1075200,0.000000
235,2.350067,6254.698202869,6254.698202869,771,1079400,0.000000
236,2.360051,6254.708187409,6254.708187409,775,1085000,0.000000
237,2.370067,6254.718202653,6254.718202653,778,1089200,0.000000
238,2.380071,6254.728206816,6254.728206816,781,1093400,0.000000
239,2.390066,6254.738201905,6254.738201905,784,1097600,0.000000
240,2.400068,6254.748204398,6254.748204398,788,1103200,0.000000
241,2.410069,6254.758205571,6254.758205571,791,1107400,0.000000
242,2.420070,6254.768206080,6254.768206080,794,1111600,0.000000
243,2.430081,6254.778217166,6254.778217166,798,1117200,0.000000
244,2.440060,6254.788195896,6254.788195896,801,1121400,0.000000
245,2.450067,6254.798203154,6254.798203154,804,1125600,0.000000
246,2.460069,6254.808205411,6254.808205411,807,1129800,0.000000
247,2.470065,6254.818201239,6254.818201239,811,1135400,0.000000
248,2.480062,6254.828198014,6254.828198014,814,1139600,0.000000
249,2.490069,6254.838205203,6254.838205203,817,1143800,0.000000
250,2.500077,6254.848213006,6254.848213006,821,1149400,0.000000
251,2.510065,6254.858201314,6254.858201314,824,1153600,0.000000
252,2.520059,6254.868195276,6254.868195276,827,1157800,0.000000
253,2.530065,6254.878201282,6254.878201282,830,1162000,0.000000
254,2.540062,6254.888198038,6254.888198038,834,1167600,0.000000
255,2.550071,6254.898207109,6254.898207109,837,1171800,0.000000
256,2.560070,6254.908205645,6254.908205645,840,1176000,0.000000
257,2.570066,6254.918201587,6254.918201587,843,1180200,0.000000
258,2.580062,6254.928198215,6254.928198215,847,1185800,0.000000
259,2.590066,6254.938201859,6254.938201859,850,1190000,0.000000
260,2.600068,6254.948204371,6254.948204371,853,1194200,0.000000
261,2.610090,6254.958225635,6254.958225635,857,1199800,0.000000
262,2.620069,6254.968204676,6254.968204676,860,1204000,0.000000
263,2.630068,6254.978204059,6254.978204059,863,1208200,0.000000
264,2.640066,6254.988201767,6254.988201767,866,1212400,0.000000
265,2.650068,6254.998203882,6254.998203882,870,1218000,0.000000
266,2.660074,6255.008209625,6255.008209625,873,1222200,0.000000
267,2.670065,6255.018200993,6255.018200993,876,1226400,0.000000
268,2.680065,6255.028201216,6255.028201216,880,1232000,0.000000
269,2.690066,6255.038201981,6255.038201981,883,1236200,0.000000
270,2.700071,6255.048206677,6255.048206677,886,1240400,0.000000
271,2.710074,6255.058210045,6255.058210045,889,1244600,0.000000
272,2.720078,6255.068213628,6255.068213628,893,1250200,0.000000
273,2.730067,6255.078202936,6255.078202936,896,1254400,0.000000
274,2.740068,6255.088204025,6255.088204025,899,1258600,0.000000
275,2.750059,6255.098195307,6255.098195307,903,1264200,0.000000
276,2.760066,6255.108202494,6255.108202494,906,1268400,0.000000
277,2.770083,6255.118218882,6255.118218882,909,1272600,0.000000
278,2.780072,6255.128208558,6255.128208558,912,1276800,0.000000
279,2.790064,6255.138199752,6255.138199752,916,1282400,0.000000
280,2.800068,6255.148204162,6255.148204162,919,1286600,0.000000
281,2.810064,6255.158200476,6255.158200476,922,1290800,0.000000
282,2.820059,6255.168194591,6255.168194591,926,1296400,0.000000
283,2.830069,6255.178205549,6255.178205549,929,1300600,0.000000
284,2.840066,6255.188201610,6255.188201610,932,1304800,0.000000
285,2.850070,6255.198205681,6255.198205681,935,1309000,0.000000
286,2.860063,6255.208199529,6255.208199529,939,1314600,0.000000
287,2.870068,6255.218203804,6255.218203804,942,1318800,0.000000
288,2.880067,6255.228203510,6255.228203510,945,1323000,0.000000
289,2.890063,6255.238199561,6255.238199561,949,1328600,0.000000
290,2.900066,6255.248202191,6255.248202191,952,1332800,0.000000
291,2.910062,6255.258197813,6255.258197813,955,1337000,0.000000
292,2.920071,6255.268206933,6255.268206933,958,1341200,0.000000
293,2.930073,6255.278209334,6255.278209334,962,1346800,0.000000
294,2.940035,6255.288170756,6255.288170756,965,1351000,0.000000
295,2.950075,6255.298210604,6255.298210604,968,1355200,0.000000
296,2.960061,6255.308197487,6255.308197487,972,1360800,0.000000
297,2.970064,6255.318200038,6255.318200038,975,1365000,0.000000
298,2.980064,6255.328200044,6255.328200044,978,1369200,0.000000
299,2.990075,6255.338211193,6255.338211193,981,1373400,0.000000
300,3.000084,6255.348219710,6255.348219710,985,1379000,0.000000
301,3.010065,6255.358200600,6255.358200600,988,1383200,0.000000
302,3.020063,6255.368198886,6255.368198886,991,1387400,0.000000
303,3.030009,6255.378144726,6255.378144726,995,1393000,0.000000
304,3.040059,6255.388195141,6255.388195141,998,1397200,0.000000
305,3.050061,6255.398197309,6255.398197309,1001,1401400,0.000000
306,3.060066,6255.408201732,6255.408201732,1004,1405600,0.000000
307,3.070060,6255.418195989,6255.418195989,1008,1411200,0.000000
308,3.080058,6255.428194476,6255.428194476,1011,1415400,0.000000
309,3.090064,6255.438200136,6255.438200136,1014,1419600,0.000000
310,3.100029,6255.448164595,6255.448164595,1018,1425200,0.000000
311,3.110070,6255.458205597,6255.458205597,1021,1429400,0.000000
312,3.120070,6255.468205650,6255.468205650,1024,1433600,0.000000
313,3.130067,6255.478202691,6255.478202691,1027,1437800,0.000000
314,3.140059,6255.488195513,6255.488195513,1031,1443400,0.000000
315,3.150101,6255.498237564,6255.498237564,1034,1447600,0.000000
316,3.160066,6255.508201767,6255.508201767,1037,1451800,0.000000
317,3.170072,6255.518208110,6255.518208110,1041,1457400,0.000000
318,3.180066,6255.528202108,6255.528202108,1044,1461600,0.000000
319,3.190068,6255.538204010,6255.538204010,1047,1465800,0.000000
320,3.200060,6255.548196438,6255.548196438,1050,1470000,0.000000
321,3.210067,6255.558203406,6255.558203406,1054,1475600,0.000000
322,3.220066,6255.568202096,6255.568202096,1057,1479800,0.000000
323,3.230061,6255.578196994,6255.578196994,1060,1484000,0.000000
324,3.240077,6255.588213176,6255.588213176,1064,1489600,0.000000
325,3.250068,6255.598204131,6255.598204131,1067,1493800,0.000000
326,3.260067,6255.608202957,6255.608202957,1070,1498000,0.000000
327,3.270060,6255.618196286,6255.618196286,1073,1502200,0.000000
328,3.280062,6255.628198367,6255.628198367,1077,1507800,0.000000
329,3.290067,6255.638203160,6255.638203160,1080,1512000,0.000000
330,3.300065,6255.648201501,6255.648201501,1083,1516200,0.000000
331,3.310078,6255.658213884,6255.658213884,1087,1521800,0.000000
332,3.320066,6255.668202013,6255.668202013,1090,1526000,0.000000
333,3.330067,6255.678202995,6255.678202995,1093,1530200,0.000000
334,3.340074,6255.688210000,6255.688210000,1096,1534400,0.000000
335,3.350074,6255.698209694,6255.698209694,1100,1540000,0.000000
336,3.360078,6255.708214144,6255.708214144,1103,1544200,0.000000
337,3.370069,6255.718205324,6255.718205324,1106,1548400,0.000000
338,3.380065,6255.728200646,6255.728200646,1109,1552600,0.000000
339,3.390067,6255.738202751,6255.738202751,1113,1558200,0.000000
340,3.400074,6255.748209834,6255.748209834,1116,1562400,0.000000
341,3.410065,6255.758200709,6255.758200709,1119,1566600,0.000000
342,3.420066,6255.768201900,6255.768201900,1123,1572200,0.000000
343,3.430065,6255.778200722,6255.778200722,1126,1576400,0.000000
344,3.440068,6255.788204556,6255.788204556,1129,1580600,0.000000
345,3.450066,6255.798202200,6255.798202200,1132,1584800,0.000000
346,3.473418,6255.821554543,6255.821554543,1140,1596000,0.000000
347,3.480067,6255.828202591,6255.828202591,1142,1598800,0.000000
348,3.490069,6255.838205056,6255.838205056,1146,1604400,0.000000
349,3.500067,6255.848202867,6255.848202867,1149,1608600,0.000000
350,3.510068,6255.858203685,6255.858203685,1152,1612800,0.000000
351,3.520087,6255.868223217,6255.868223217,1155,1617000,0.000000
352,3.530018,6255.878153658,6255.878153658,1159,1622600,0.000000
353,3.540063,6255.888198983,6255.888198983,1162,1626800,0.000000
354,3.550064,6255.898200528,6255.898200528,1165,1631000,0.000000
355,3.560066,6255.908201713,6255.908201713,1169,1636600,0.000000
356,3.570065,6255.918201212,6255.918201212,1172,1640800,0.000000
357,3.580071,6255.928206807,6255.928206807,1175,1645000,0.000000
358,3.590070,6255.938206019,6255.938206019,1178,1649200,0.000000
359,3.600065,6255.948201020,6255.948201020,1182,1654800,0.000000
360,3.610073,6255.958208760,6255.958208760,1185,1659000,0.000000
361,3.620073,6255.968209058,6255.968209058,1188,1663200,0.000000
362,3.630058,6255.978194002,6255.978194002,1192,1668800,0.000000
363,3.640065,6255.988201367,6255.988201367,1195,1673000,0.000000
364,3.650019,6255.998155160,6255.998155160,1198,1677200,0.000000
365,3.660049,6256.008184637,6256.008184637,1201,1681400,0.000000
366,3.670062,6256.018197732,6256.018197732,1205,1687000,0.000000
367,3.680067,6256.028202729,6256.028202729,1208,1691200,0.000000
368,3.690065,6256.038201094,6256.038201094,1211,1695400,0.000000
369,3.700013,6256.048149332,6256.048149332,1215,1701000,0.000000
370,3.710068,6256.058203906,6256.058203906,1218,1705200,0.000000
371,3.720066,6256.068202176,6256.068202176,1221,1709400,0.000000
372,3.730069,6256.078204745,6256.078204745,1224,1713600,0.000000
373,3.740074,6256.088209877,6256.088209877,1228,1719200,0.000000
374,3.750068,6256.098203805,6256.098203805,1231,1723400,0.000000
375,3.760069,6256.108205208,6256.108205208,1234,1727600,0.000000
376,3.770020,6256.118156085,6256.118156085,1238,1733200,0.000000
377,3.780065,6256.128200753,6256.128200753,1241,1737400,0.000000
378,3.790066,6256.138202222,6256.138202222,1244,1741600,0.000000
379,3.800065,6256.148201422,6256.148201422,1247,1745800,0.000000
380,3.810066,6256.158202430,6256.158202430,1251,1751400,0.000000
381,3.820068,6256.168203699,6256.168203699,1254,1755600,0.000000
382,3.830068,6256.178203953,6256.178203953,1257,1759800,0.000000
383,3.840021,6256.188157303,6256.188157303,1261,1765400,0.000000
384,3.850013,6256.198149424,6256.198149424,1264,1769600,0.000000
385,3.860067,6256.208202984,6256.208202984,1267,1773800,0.000000
386,3.870067,6256.218202662,6256.218202662,1270,1778000,0.000000
387,3.880065,6256.228201338,6256.228201338,1274,1783600,0.000000
388,3.890067,6256.238202992,6256.238202992,1277,1787800,0.000000
389,3.900024,6256.248160410,6256.248160410,1280,1792000,0.000000
390,3.910019,6256.258155324,6256.258155324,1284,1797600,0.000000
391,3.920062,6256.268197651,6256.268197651,1287,1801800,0.000000
392,3.930065,6256.278201163,6256.278201163,1290,1806000,0.000000
393,3.940066,6256.288202270,6256.288202270,1293,1810200,0.000000
394,3.950061,6256.298196639,6256.298196639,1297,1815800,0.000000
395,3.960065,6256.308201228,6256.308201228,1300,1820000,0.000000
396,3.970067,6256.318203419,6256.318203419,1303,1824200,0.000000
397,3.980017,6256.328152833,6256.328152833,1307,1829800,0.000000
398,3.990061,6256.338196867,6256.338196867,1310,1834000,0.000000
399,4.000070,6256.348205866,6256.348205866,1313,1838200,0.000000
400,4.010067,6256.358203408,6256.358203408,1316,1842400,0.000000
401,4.020069,6256.368205389,6256.368205389,1320,1848000,0.000000
402,4.030073,6256.378209291,6256.378209291,1323,1852200,0.000000
403,4.040023,6256.388158959,6256.388158959,1326,1856400,0.000000
404,4.050079,6256.398214856,6256.398214856,1330,1862000,0.000000
405,4.060076,6256.408211808,6256.408211808,1333,1866200,0.000000
406,4.070068,6256.418203595,6256.418203595,1336,1870400,0.000000
407,4.080067,6256.428203243,6256.428203243,1339,1874600,0.000000
408,4.090069,6256.438204679,6256.438204679,1343,1880200,0.000000
409,4.100068,6256.448204262,6256.448204262,1346,1884400,0.000000
410,4.110075,6256.458211104,6256.458211104,1349,1888600,0.000000
411,4.120086,6256.468222362,6256.468222362,1353,1894200,0.000000
412,4.130066,6256.478201704,6256.478201704,1356,1898400,0.000000
413,4.140069,6256.488204820,6256.488204820,1359,1902600,0.000000
414,4.150070,6256.498206294,6256.498206294,1362,1906800,0.000000
415,4.160038,6256.508174387,6256.508174387,1366,1912400,0.000000
416,4.170067,6256.518202813,6256.518202813,1369,1916600,0.000000
417,4.180042,6256.528177955,6256.528177955,1372,1920800,0.000000
418,4.190065,6256.538201328,6256.538201328,1375,1925000,0.000000
419,4.200064,6256.548199644,6256.548199644,1379,1930600,0.000000
420,4.210065,6256.558201197,6256.558201197,1382,1934800,0.000000
421,4.220064,6256.568199767,6256.568199767,1385,1939000,0.000000
422,4.230060,6256.578196293,6256.578196293,1389,1944600,0.000000
423,4.240071,6256.588207296,6256.588207296,1392,1948800,0.000000
424,4.250065,6256.598201201,6256.598201201,1395,1953000,0.000000
425,4.260064,6256.608200285,6256.608200285,1398,1957200,0.000000
426,4.270069,6256.618205304,6256.618205304,1402,1962800,0.000000
427,4.280060,6256.628196029,6256.628196029,1405,1967000,0.000000
428,4.290061,6256.638196780,6256.638196780,1408,1971200,0.000000
429,4.300069,6256.648205018,6256.648205018,1412,1976800,0.000000
430,4.310068,6256.658204018,6256.658204018,1415,1981000,0.000000
431,4.320074,6256.668210551,6256.668210551,1418,1985200,0.000000
432,4.330068,6256.678203804,6256.678203804,1421,1989400,0.000000
433,4.340067,6256.688203301,6256.688203301,1425,1995000,0.000000
434,4.350068,6256.698204044,6256.698204044,1428,1999200,0.000000
435,4.360060,6256.708196548,6256.708196548,1431,2003400,0.000000
436,4.370063,6256.718199174,6256.718199174,1435,2009000,0.000000
437,4.380063,6256.728199092,6256.728199092,1438,2013200,0.000000
438,4.390065,6256.738201153,6256.738201153,1441,2017400,0.000000
439,4.400067,6256.748202987,6256.748202987,1444,2021600,0.000000
440,4.410064,6256.758199893,6256.758199893,1448,2027200,0.000000
441,4.420067,6256.768202633,6256.768202633,1451,2031400,0.000000
442,4.430065,6256.778201050,6256.778201050,1454,2035600,0.000000
443,4.440080,6256.788216496,6256.788216496,1458,2041200,0.000000
444,4.450060,6256.798196204,6256.798196204,1461,2045400,0.000000
445,4.460068,6256.808204376,6256.808204376,1464,2049600,0.000000
446,4.470068,6256.818204535,6256.818204535,1467,2053800,0.000000
447,4.480063,6256.828199507,6256.828199507,1471,2059400,0.000000
448,4.490061,6256.838197291,6256.838197291,1474,2063600,0.000000
449,4.500068,6256.848203924,6256.848203924,1477,2067800,0.000000
450,4.510016,6256.858152113,6256.858152113,1481,2073400,0.000000
451,4.520074,6256.868210017,6256.868210017,1484,2077600,0.000000
452,4.530071,6256.878206850,6256.878206850,1487,2081800,0.000000
453,4.540069,6256.888205459,6256.888205459,1490,2086000,0.000000
454,4.550068,6256.898203773,6256.898203773,1494,2091600,0.000000
455,4.560067,6256.908202933,6256.908202933,1497,2095800,0.000000
456,4.570068,6256.918203975,6256.918203975,1500,2100000,0.000000
457,4.580058,6256.928193680,6256.928193680,1504,2105600,0.000000
458,4.590049,6256.938184916,6256.938184916,1507,2109800,0.000000
459,4.600066,6256.948202038,6256.948202038,1510,2114000,0.000000
460,4.610071,6256.958207419,6256.958207419,1513,2118200,0.000000
461,4.620064,6256.968200433,6256.968200433,1517,2123800,0.000000
462,4.630068,6256.978204490,6256.978204490,1520,2128000,0.000000
463,4.640067,6256.988202922,6256.988202922,1523,2132200,0.000000
464,4.650058,6256.998194158,6256.998194158,1527,2137800,0.000000
465,4.660065,6257.008200809,6257.008200809,1530,2142000,0.000000
466,4.670068,6257.018204162,6257.018204162,1533,2146200,0.000000
467,4.680069,6257.028204728,6257.028204728,1536,2150400,0.000000
468,4.690067,6257.038203071,6257.038203071,1540,2156000,0.000000
469,4.700068,6257.048204456,6257.048204456,1543,2160200,0.000000
470,4.710066,6257.058202126,6257.058202126,1546,2164400,0.000000
471,4.720032,6257.068168404,6257.068168404,1550,2170000,0.000000
472,4.730067,6257.078202850,6257.078202850,1553,2174200,0.000000
473,4.740024,6257.088160541,6257.088160541,1556,2178400,0.000000
474,4.750068,6257.098204302,6257.098204302,1559,2182600,0.000000
475,4.760070,6257.108206535,6257.108206535,1563,2188200,0.000000
476,4.770070,6257.118205938,6257.118205938,1566,2192400,0.000000
477,4.780070,6257.128206328,6257.128206328,1569,2196600,0.000000
478,4.790069,6257.138205297,6257.138205297,1573,2202200,0.000000
479,4.800069,6257.148205557,6257.148205557,1576,2206400,0.000000
480,4.810059,6257.158195516,6257.158195516,1579,2210600,0.000000
481,4.820066,6257.168202135,6257.168202135,1582,2214800,0.000000
482,4.830075,6257.178211400,6257.178211400,1586,2220400,0.000000
483,4.840043,6257.188178705,6257.188178705,1589,2224600,0.000000
484,4.850069,6257.198205246,6257.198205246,1592,2228800,0.000000
485,4.860074,6257.208209748,6257.208209748,1596,2234400,0.000000
486,4.870070,6257.218206349,6257.218206349,1599,2238600,0.000000
487,4.880068,6257.228204397,6257.228204397,1602,2242800,0.000000
488,4.890071,6257.238207393,6257.238207393,1605,2247000,0.000000
489,4.900064,6257.248199708,6257.248199708,1609,2252600,0.000000
490,4.910067,6257.258202701,6257.258202701,1612,2256800,0.000000
491,4.920070,6257.268205647,6257.268205647,1615,2261000,0.000000
492,4.930064,6257.278200411,6257.278200411,1618,2265200,0.000000
493,4.940031,6257.288166586,6257.288166586,1622,2270800,0.000000
494,4.950067,6257.298203486,6257.298203486,1625,2275000,0.000000
495,4.960069,6257.308205431,6257.308205431,1628,2279200,0.000000
496,4.970064,6257.318200338,6257.318200338,1632,2284800,0.000000
497,4.980067,6257.328202662,6257.328202662,1635,2289000,0.000000
498,4.990072,6257.338208315,6257.338208315,1638,2293200,0.000000
499,5.000068,6257.348204322,6257.348204322,1641,2297400,0.000000
500,5.010068,6257.358204151,6257.358204151,1645,2303000,0.000000
501,5.020076,6257.368212068,6257.368212068,1648,2307200,0.000000
502,5.030073,6257.378209042,6257.378209042,1651,2311400,0.000000
503,5.040019,6257.388155302,6257.388155302,1655,2317000,0.000000
504,5.050064,6257.398200383,6257.398200383,1658,2321200,0.000000
505,5.060069,6257.408205458,6257.408205458,1661,2325400,0.000000
506,5.070069,6257.418205442,6257.418205442,1664,2329600,0.000000
507,5.080066,6257.428201969,6257.428201969,1668,2335200,0.000000
508,5.090074,6257.438210304,6257.438210304,1671,2339400,0.000000
509,5.100068,6257.448204519,6257.448204519,1674,2343600,0.000000
510,5.110060,6257.458195891,6257.458195891,1678,2349200,0.000000
511,5.120062,6257.468198417,6257.468198417,1681,2353400,0.000000
512,5.130072,6257.478208377,6257.478208377,1684,2357600,0.000000
513,5.140064,6257.488200426,6257.488200426,1687,2361800,0.000000
514,5.150066,6257.498201607,6257.498201607,1691,2367400,0.000000
515,5.160067,6257.508203317,6257.508203317,1694,2371600,0.000000
516,5.170064,6257.518200398,6257.518200398,1697,2375800,0.000000
517,5.180039,6257.528175400,6257.528175400,1701,2381400,0.000000
518,5.190081,6257.538217352,6257.538217352,1704,2385600,0.000000
519,5.200060,6257.548196290,6257.548196290,1707,2389800,0.000000
520,5.210068,6257.558204436,6257.558204436,1710,2394000,0.000000
521,5.220067,6257.568203542,6257.568203542,1714,2399600,0.000000
522,5.230061,6257.578197081,6257.578197081,1717,2403800,0.000000
523,5.240065,6257.588200970,6257.588200970,1720,2408000,0.000000
524,5.250058,6257.598194455,6257.598194455,1724,2413600,0.000000
525,5.260066,6257.608201855,6257.608201855,1727,2417800,0.000000
526,5.270067,6257.618202933,6257.618202933,1730,2422000,0.000000
527,5.280070,6257.628206470,6257.628206470,1733,2426200,0.000000
528,5.290060,6257.638196255,6257.638196255,1737,2431800,0.000000
529,5.300063,6257.648199258,6257.648199258,1740,2436000,0.000000
530,5.310070,6257.658206166,6257.658206166,1743,2440200,0.000000
531,5.320021,6257.668157321,6257.668157321,1747,2445800,0.000000
532,5.330073,6257.678209397,6257.678209397,1750,2450000,0.000000
533,5.340054,6257.688190090,6257.688190090,1753,2454200,0.000000
534,5.350066,6257.698202168,6257.698202168,1756,2458400,0.000000
535,5.360060,6257.708196070,6257.708196070,1760,2464000,0.000000
536,5.370061,6257.718197093,6257.718197093,1763,2468200,0.000000
537,5.380067,6257.728203132,6257.728203132,1766,2472400,0.000000
538,5.390054,6257.738189639,6257.738189639,1770,2478000,0.000000
539,5.400068,6257.748204102,6257.748204102,1773,2482200,0.000000
540,5.410067,6257.758202736,6257.758202736,1776,2486400,0.000000
541,5.420064,6257.768200022,6257.768200022,1779,2490600,0.000000
542,5.430059,6257.778195313,6257.778195313,1783,2496200,0.000000
543,5.440170,6257.788305982,6257.788305982,1786,2500400,0.000000
544,5.450065,6257.798200879,6257.798200879,1789,2504600,0.000000
545,5.460059,6257.808194974,6257.808194974,1793,2510200,0.000000
546,5.470068,6257.818204433,6257.818204433,1796,2514400,0.000000
547,5.480068,6257.828204558,6257.828204558,1799,2518600,0.000000
548,5.490066,6257.838202021,6257.838202021,1802,2522800,0.000000
549,5.500065,6257.848201100,6257.848201100,1806,2528400,0.000000
550,5.510072,6257.858207897,6257.858207897,1809,2532600,0.000000
551,5.520065,6257.868201370,6257.868201370,1812,2536800,0.000000
552,5.530042,6257.878177817,6257.878177817,1816,2542400,0.000000
553,5.540065,6257.888200910,6257.888200910,1819,2546600,0.000000
554,5.550066,6257.898202224,6257.898202224,1822,2550800,0.000000
555,5.560067,6257.908202902,6257.908202902,1825,2555000,0.000000
556,5.570059,6257.918194998,6257.918194998,1829,2560600,0.000000
557,5.580065,6257.928201077,6257.928201077,1832,2564800,0.000000
558,5.590068,6257.938204335,6257.938204335,1835,2569000,0.000000
559,5.600082,6257.948217689,6257.948217689,1839,2574600,0.000000
560,5.610065,6257.958201447,6257.958201447,1842,2578800,0.000000
561,5.620066,6257.968201964,6257.968201964,1845,2583000,0.000000
562,5.630065,6257.978201455,6257.978201455,1848,2587200,0.000000
563,5.640066,6257.988201813,6257.988201813,1852,2592800,0.000000
564,5.650067,6257.998203528,6257.998203528,1855,2597000,0.000000
565,5.660065,6258.008200765,6258.008200765,1858,2601200,0.000000
566,5.670031,6258.018166958,6258.018166958,1861,2605400,0.000000
567,5.680068,6258.028204477,6258.028204477,1865,2611000,0.000000
568,5.690065,6258.038201546,6258.038201546,1868,2615200,0.000000
569,5.700061,6258.048197093,6258.048197093,1871,2619400,0.000000
570,5.710075,6258.058210768,6258.058210768,1875,2625000,0.000000
571,5.720064,6258.068199656,6258.068199656,1878,2629200,0.000000
572,5.730065,6258.078201021,6258.078201021,1881,2633400,0.000000
573,5.740068,6258.088203977,6258.088203977,1884,2637600,0.000000
574,5.750065,6258.098200889,6258.098200889,1888,2643200,0.000000
575,5.760066,6258.108202329,6258.108202329,1891,2647400,0.000000
576,5.770068,6258.118203629,6258.118203629,1894,2651600,0.000000
577,5.780065,6258.128200811,6258.128200811,1898,2657200,0.000000
578,5.790065,6258.138200714,6258.138200714,1901,2661400,0.000000
579,5.800064,6258.148200405,6258.148200405,1904,2665600,0.000000
580,5.810065,6258.158201198,6258.158201198,1907,2669800,0.000000
581,5.820063,6258.168199366,6258.168199366,1911,2675400,0.000000
582,5.830068,6258.178203909,6258.178203909,1914,2679600,0.000000
583,5.840065,6258.188200980,6258.188200980,1917,2683800,0.000000
584,5.850063,6258.198199256,6258.198199256,1921,2689400,0.000000
585,5.860010,6258.208145819,6258.208145819,1924,2693600,0.000000
586,5.870041,6258.218176773,6258.218176773,1927,2697800,0.000000
587,5.880066,6258.228202175,6258.228202175,1930,2702000,0.000000
588,5.890065,6258.238200908,6258.238200908,1934,2707600,0.000000
589,5.900064,6258.248200343,6258.248200343,1937,2711800,0.000000
590,5.910066,6258.258202316,6258.258202316,1940,2716000,0.000000
591,5.920064,6258.268199692,6258.268199692,1944,2721600,0.000000
592,5.930063,6258.278199236,6258.278199236,1947,2725800,0.000000
593,5.940067,6258.288203184,6258.288203184,1950,2730000,0.000000
594,5.950070,6258.298205658,6258.298205658,1953,2734200,0.000000
595,5.960067,6258.308202940,6258.308202940,1957,2739800,0.000000
596,5.970065,6258.318200950,6258.318200950,1960,2744000,0.000000
597,5.980066,6258.328202163,6258.328202163,1963,2748200,0.000000
598,5.990069,6258.338204949,6258.338204949,1967,2753800,0.000000
599,6.000066,6258.348202151,6258.348202151,1970,2758000,0.000000
600,6.010066,6258.358201678,6258.358201678,1973,2762200,0.000000
601,6.020067,6258.368203344,6258.368203344,1976,2766400,0.000000
602,6.030064,6258.378200374,6258.378200374,1980,2772000,0.000000
603,6.040073,6258.388208690,6258.388208690,1983,2776200,0.000000
604,6.050075,6258.398211535,6258.398211535,1986,2780400,0.000000
605,6.060032,6258.408168211,6258.408168211,1990,2786000,0.000000
606,6.070067,6258.418202584,6258.418202584,1993,2790200,0.000000
607,6.080068,6258.428204055,6258.428204055,1996,2794400,0.000000
608,6.090067,6258.438203405,6258.438203405,1999,2798600,0.000000
609,6.100066,6258.448201946,6258.448201946,2003,2804200,0.000000
610,6.110070,6258.458206063,6258.458206063,2006,2808400,0.000000
611,6.120070,6258.468205996,6258.468205996,2009,2812600,0.000000
612,6.130062,6258.478198391,6258.478198391,2013,2818200,0.000000
613,6.140067,6258.488203049,6258.488203049,2016,2822400,0.000000
614,6.150068,6258.498204289,6258.498204289,2019,2826600,0.000000
615,6.160064,6258.508200325,6258.508200325,2022,2830800,0.000000
616,6.170064,6258.518200355,6258.518200355,2026,2836400,0.000000
617,6.180068,6258.528204105,6258.528204105,2029,2840600,0.000000
618,6.190069,6258.538205079,6258.538205079,2032,2844800,0.000000
619,6.200052,6258.548187587,6258.548187587,2036,2850400,0.000000
620,6.210159,6258.558295553,6258.558295553,2039,2854600,0.000000
621,6.220072,6258.568207629,6258.568207629,2042,2858800,0.000000
622,6.230068,6258.578204491,6258.578204491,2045,2863000,0.000000
623,6.240065,6258.588201237,6258.588201237,2049,2868600,0.000000
624,6.250064,6258.598200539,6258.598200539,2052,2872800,0.000000
625,6.260067,6258.608203464,6258.608203464,2055,2877000,0.000000
626,6.270014,6258.618149647,6258.618149647,2059,2882600,0.000000
627,6.280064,6258.628200169,6258.628200169,2062,2886800,0.000000
628,6.290067,6258.638202743,6258.638202743,2065,2891000,0.000000
629,6.300065,6258.648201364,6258.648201364,2068,2895200,0.000000
630,6.310067,6258.658203061,6258.658203061,2072,2900800,0.000000
631,6.320044,6258.668179648,6258.668179648,2075,2905000,0.000000
632,6.330064,6258.678200524,6258.678200524,2078,2909200,0.000000
633,6.340045,6258.688180642,6258.688180642,2082,2914800,0.000000
634,6.350066,6258.698202103,6258.698202103,2085,2919000,0.000000
635,6.360065,6258.708200709,6258.708200709,2088,2923200,0.000000
636,6.370066,6258.718201664,6258.718201664,2091,2927400,0.000000
637,6.380075,6258.728210622,6258.728210622,2095,2933000,0.000000
638,6.390067,6258.738203057,6258.738203057,2098,2937200,0.000000
639,6.400067,6258.748202610,6258.748202610,2101,2941400,0.000000
640,6.410076,6258.758212000,6258.758212000,2105,2947000,0.000000
641,6.420065,6258.768200853,6258.768200853,2108,2951200,0.000000
642,6.430066,6258.778201973,6258.778201973,2111,2955400,0.000000
643,6.440067,6258.788203444,6258.788203444,2114,2959600,0.000000
644,6.450067,6258.798203066,6258.798203066,2118,2965200,0.000000
645,6.460064,6258.808200470,6258.808200470,2121,2969400,0.000000
646,6.470067,6258.818202830,6258.818202830,2124,2973600,0.000000
647,6.480076,6258.828211959,6258.828211959,2128,2979200,0.000000
648,6.490060,6258.838196312,6258.838196312,2131,2983400,0.000000
649,6.500067,6258.848202941,6258.848202941,2134,2987600,0.000000
650,6.510065,6258.858200660,6258.858200660,2137,2991800,0.000000
651,6.520032,6258.868168067,6258.868168067,2141,2997400,0.000000
652,6.530067,6258.878202757,6258.878202757,2144,3001600,0.000000
653,6.540065,6258.888201016,6258.888201016,2147,3005800,0.000000
654,6.550072,6258.898207713,6258.898207713,2150,3010000,0.000000
655,6.560067,6258.908202762,6258.908202762,2154,3015600,0.000000
656,6.570075,6258.918211247,6258.918211247,2157,3019800,0.000000
657,6.580066,6258.928201817,6258.928201817,2160,3024000,0.000000
658,6.590064,6258.938200000,6258.938200000,2164,3029600,0.000000
659,6.600067,6258.948203482,6258.948203482,2167,3033800,0.000000
660,6.610065,6258.958200906,6258.958200906,2170,3038000,0.000000
661,6.620067,6258.968202636,6258.968202636,2173,3042200,0.000000
662,6.630065,6258.978200703,6258.978200703,2177,3047800,0.000000
663,6.640064,6258.988199950,6258.988199950,2180,3052000,0.000000
664,6.650068,6258.998203644,6258.998203644,2183,3056200,0.000000
665,6.660066,6259.008202326,6259.008202326,2187,3061800,0.000000
666,6.670067,6259.018202602,6259.018202602,2190,3066000,0.000000
667,6.680069,6259.028205230,6259.028205230,2193,3070200,0.000000
668,6.690067,6259.038203485,6259.038203485,2196,3074400,0.000000
669,6.700064,6259.048200455,6259.048200455,2200,3080000,0.000000
670,6.710074,6259.058210351,6259.058210351,2203,3084200,0.000000
671,6.720024,6259.068160199,6259.068160199,2206,3088400,0.000000
672,6.730059,6259.078195117,6259.078195117,2210,3094000,0.000000
673,6.740075,6259.088211175,6259.088211175,2213,3098200,0.000000
674,6.750067,6259.098202831,6259.098202831,2216,3102400,0.000000
675,6.760067,6259.108203471,6259.108203471,2219,3106600,0.000000
676,6.770066,6259.118201819,6259.118201819,2223,3112200,0.000000
677,6.780066,6259.128202306,6259.128202306,2226,3116400,0.000000
678,6.790068,6259.138204307,6259.138204307,2229,3120600,0.000000
679,6.800068,6259.148203947,6259.148203947,2233,3126200,0.000000
680,6.810067,6259.158203103,6259.158203103,2236,3130400,0.000000
681,6.820067,6259.168203226,6259.168203226,2239,3134600,0.000000
682,6.830069,6259.178204608,6259.178204608,2242,3138800,0.000000
683,6.840066,6259.188202075,6259.188202075,2246,3144400,0.000000
684,6.850090,6259.198226177,6259.198226177,2249,3148600,0.000000
685,6.860077,6259.208213492,6259.208213492,2252,3152800,0.000000
686,6.870061,6259.218196914,6259.218196914,2256,3158400,0.000000
687,6.880077,6259.228212846,6259.228212846,2259,3162600,0.000000
688,6.890067,6259.238203254,6259.238203254,2262,3166800,0.000000
689,6.900065,6259.248200658,6259.248200658,2265,3171000,0.000000
690,6.910075,6259.258211184,6259.258211184,2269,3176600,0.000000
691,6.920066,6259.268202532,6259.268202532,2272,3180800,0.000000
692,6.930070,6259.278205989,6259.278205989,2275,3185000,0.000000
693,6.940011,6259.288146716,6259.288146716,2279,3190600,0.000000
694,6.950066,6259.298201944,6259.298201944,2282,3194800,0.000000
695,6.960063,6259.308198748,6259.308198748,2285,3199000,0.000000
696,6.970068,6259.318204198,6259.318204198,2288,3203200,0.000000
697,6.980068,6259.328203776,6259.328203776,2292,3208800,0.000000
698,6.990066,6259.338201961,6259.338201961,2295,3213000,0.000000
699,7.000099,6259.348235318,6259.348235318,2298,3217200,0.000000
700,7.010042,6259.358177833,6259.358177833,2302,3222800,0.000000
701,7.020060,6259.368196564,6259.368196564,2305,3227000,0.000000
702,7.030082,6259.378217778,6259.378217778,2308,3231200,0.000000
703,7.040044,6259.388179629,6259.388179629,2311,3235400,0.000000
704,7.050062,6259.398197668,6259.398197668,2315,3241000,0.000000
705,7.060068,6259.408203797,6259.408203797,2318,3245200,0.000000
706,7.070066,6259.418202314,6259.418202314,2321,3249400,0.000000
707,7.080010,6259.428145957,6259.428145957,2325,3255000,0.000000
708,7.090073,6259.438209572,6259.438209572,2328,3259200,0.000000
709,7.100066,6259.448201773,6259.448201773,2331,3263400,0.000000
710,7.110068,6259.458204274,6259.458204274,2334,3267600,0.000000
711,7.120059,6259.468195298,6259.468195298,2338,3273200,0.000000
712,7.130066,6259.478201656,6259.478201656,2341,3277400,0.000000
713,7.140061,6259.488197080,6259.488197080,2344,3281600,0.000000
714,7.150041,6259.498177159,6259.498177159,2348,3287200,0.000000
715,7.160063,6259.508199452,6259.508199452,2351,3291400,0.000000
716,7.170061,6259.518196848,6259.518196848,2354,3295600,0.000000
717,7.180040,6259.528175940,6259.528175940,2357,3299800,0.000000
718,7.190067,6259.538203076,6259.538203076,2361,3305400,0.000000
719,7.200011,6259.548146578,6259.548146578,2364,3309600,0.000000
720,7.210076,6259.558212485,6259.558212485,2367,3313800,0.000000
721,7.220077,6259.568212700,6259.568212700,2371,3319400,0.000000
722,7.230094,6259.578229968,6259.578229968,2374,3323600,0.000000
723,7.240065,6259.588201183,6259.588201183,2377,3327800,0.000000
724,7.250066,6259.598201714,6259.598201714,2380,3332000,0.000000
725,7.260066,6259.608201901,6259.608201901,2384,3337600,0.000000
726,7.270020,6259.618155677,6259.618155677,2387,3341800,0.000000
727,7.280066,6259.628202177,6259.628202177,2390,3346000,0.000000
728,7.290074,6259.638210381,6259.638210381,2394,3351600,0.000000
729,7.300092,6259.648228571,6259.648228571,2397,3355800,0.000000
730,7.310060,6259.658195791,6259.658195791,2400,3360000,0.000000
731,7.320065,6259.668201513,6259.668201513,2403,3364200,0.000000
732,7.330059,6259.678195264,6259.678195264,2407,3369800,0.000000
733,7.340059,6259.688195032,6259.688195032,2410,3374000,0.000000
734,7.350061,6259.698196588,6259.698196588,2413,3378200,0.000000
735,7.360078,6259.708214440,6259.708214440,2416,3382400,0.000000
736,7.370066,6259.718202038,6259.718202038,2420,3388000,0.000000
737,7.380064,6259.728200544,6259.728200544,2423,3392200,0.000000
738,7.390071,6259.738207275,6259.738207275,2426,3396400,0.000000
739,7.400059,6259.748194985,6259.748194985,2430,3402000,0.000000
740,7.410064,6259.758200404,6259.758200404,2433,3406200,0.000000
741,7.420042,6259.768178284,6259.768178284,2436,3410400,0.000000
742,7.430059,6259.778195253,6259.778195253,2439,3414600,0.000000
743,7.440063,6259.788199537,6259.788199537,2443,3420200,0.000000
744,7.450022,6259.798157882,6259.798157882,2446,3424400,0.000000
745,7.460065,6259.808201227,6259.808201227,2449,3428600,0.000000
746,7.470060,6259.818196070,6259.818196070,2453,3434200,0.000000
747,7.480069,6259.828205239,6259.828205239,2456,3438400,0.000000
748,7.490064,6259.838200132,6259.838200132,2459,3442600,0.000000
749,7.500073,6259.848209413,6259.848209413,2462,3446800,0.000000
750,7.510071,6259.858207313,6259.858207313,2466,3452400,0.000000
751,7.520039,6259.868175083,6259.868175083,2469,3456600,0.000000
752,7.530066,6259.878201869,6259.878201869,2472,3460800,0.000000
753,7.540063,6259.888199161,6259.888199161,2476,3466400,0.000000
754,7.550082,6259.898218412,6259.898218412,2479,3470600,0.000000
755,7.560070,6259.908206289,6259.908206289,2482,3474800,0.000000
756,7.570035,6259.918171013,6259.918171013,2485,3479000,0.000000
757,7.580067,6259.928203285,6259.928203285,2489,3484600,0.000000
758,7.590090,6259.938226139,6259.938226139,2492,3488800,0.000000
759,7.600073,6259.948208650,6259.948208650,2495,3493000,0.000000
760,7.610103,6259.958238914,6259.958238914,2499,3498600,0.000000
761,7.620034,6259.968170246,6259.968170246,2502,3502800,0.000000
762,7.630070,6259.978206083,6259.978206083,2505,3507000,0.000000
763,7.640062,6259.988198260,6259.988198260,2508,3511200,0.000000
764,7.650067,6259.998203422,6259.998203422,2512,3516800,0.000000
765,7.660059,6260.008195226,6260.008195226,2515,3521000,0.000000
766,7.670071,6260.018206691,6260.018206691,2518,3525200,0.000000
767,7.680024,6260.028160009,6260.028160009,2522,3530800,0.000000
768,7.690069,6260.038205372,6260.038205372,2525,3535000,0.000000
769,7.700066,6260.048201731,6260.048201731,2528,3539200,0.000000
770,7.710064,6260.058199898,6260.058199898,2531,3543400,0.000000
771,7.720066,6260.068202212,6260.068202212,2535,3549000,0.000000
772,7.730075,6260.078211157,6260.078211157,2538,3553200,0.000000
773,7.740066,6260.088201969,6260.088201969,2541,3557400,0.000000
774,7.750058,6260.098194434,6260.098194434,2545,3563000,0.000000
775,7.760067,6260.108203432,6260.108203432,2548,3567200,0.000000
776,7.770071,6260.118206665,6260.118206665,2551,3571400,0.000000
777,7.780067,6260.128202577,6260.128202577,2554,3575600,0.000000
778,7.790036,6260.138172267,6260.138172267,2558,3581200,0.000000
779,7.800065,6260.148201113,6260.148201113,2561,3585400,0.000000
780,7.810065,6260.158201128,6260.158201128,2564,3589600,0.000000
781,7.820051,6260.168186892,6260.168186892,2568,3595200,0.000000
782,7.830064,6260.178199843,6260.178199843,2571,3599400,0.000000
783,7.840067,6260.188202580,6260.188202580,2574,3603600,0.000000
784,7.850068,6260.198204201,6260.198204201,2577,3607800,0.000000
785,7.860059,6260.208194840,6260.208194840,2581,3613400,0.000000
786,7.870075,6260.218210765,6260.218210765,2584,3617600,0.000000
787,7.880066,6260.228202331,6260.228202331,2587,3621800,0.000000
788,7.890017,6260.238153212,6260.238153212,2591,3627400,0.000000
789,7.900061,6260.248196765,6260.248196765,2594,3631600,0.000000
790,7.910067,6260.258202574,6260.258202574,2597,3635800,0.000000
791,7.920064,6260.268200340,6260.268200340,2600,3640000,0.000000
792,7.930030,6260.278166353,6260.278166353,2604,3645600,0.000000
793,7.940064,6260.288200157,6260.288200157,2607,3649800,0.000000
794,7.950060,6260.298196466,6260.298196466,2610,3654000,0.000000
795,7.960050,6260.308185624,6260.308185624,2614,3659600,0.000000
796,7.970065,6260.318201330,6260.318201330,2617,3663800,0.000000
797,7.980014,6260.328150078,6260.328150078,2620,3668000,0.000000
798,7.990067,6260.338203076,6260.338203076,2623,3672200,0.000000
799,8.000060,6260.348196258,6260.348196258,2627,3677800,0.000000
800,8.010044,6260.358180396,6260.358180396,2630,3682000,0.000000
801,8.020066,6260.368201577,6260.368201577,2633,3686200,0.000000
802,8.030045,6260.378181191,6260.378181191,2637,3691800,0.000000
803,8.040072,6260.388207838,6260.388207838,2640,3696000,0.000000
804,8.050067,6260.398202753,6260.398202753,2643,3700200,0.000000
805,8.060071,6260.408207317,6260.408207317,2646,3704400,0.000000
806,8.070068,6260.418203874,6260.418203874,2650,3710000,0.000000
807,8.080068,6260.428203637,6260.428203637,2653,3714200,0.000000
808,8.090068,6260.438204399,6260.438204399,2656,3718400,0.000000
809,8.100079,6260.448215292,6260.448215292,2660,3724000,0.000000
810,8.110070,6260.458206292,6260.458206292,2663,3728200,0.000000
811,8.120067,6260.468203492,6260.468203492,2666,3732400,0.000000
812,8.130069,6260.478205422,6260.478205422,2669,3736600,0.000000
813,8.140064,6260.488200310,6260.488200310,2673,3742200,0.000000
814,8.150065,6260.498201550,6260.498201550,2676,3746400,0.000000
815,8.160071,6260.508207111,6260.508207111,2679,3750600,0.000000
816,8.170068,6260.518204169,6260.518204169,2682,3754800,0.000000
817,8.180023,6260.528159005,6260.528159005,2686,3760400,0.000000
818,8.190070,6260.538206030,6260.538206030,2689,3764600,0.000000
819,8.200070,6260.548206144,6260.548206144,2692,3768800,0.000000
820,8.210068,6260.558203591,6260.558203591,2696,3774400,0.000000
821,8.220069,6260.568205176,6260.568205176,2699,3778600,0.000000
822,8.230069,6260.578204869,6260.578204869,2702,3782800,0.000000
823,8.240090,6260.588226450,6260.588226450,2705,3787000,0.000000
824,8.250080,6260.598215797,6260.598215797,2709,3792600,0.000000
825,8.260072,6260.608208147,6260.608208147,2712,3796800,0.000000
826,8.270068,6260.618203682,6260.618203682,2715,3801000,0.000000
827,8.280070,6260.628205924,6260.628205924,2719,3806600,0.000000
828,8.290068,6260.638203637,6260.638203637,2722,3810800,0.000000
829,8.300066,6260.648202050,6260.648202050,2725,3815000,0.000000
830,8.310070,6260.658206082,6260.658206082,2728,3819200,0.000000
831,8.320064,6260.668200044,6260.668200044,2732,3824800,0.000000
832,8.330067,6260.678202904,6260.678202904,2735,3829000,0.000000
833,8.340073,6260.688209259,6260.688209259,2738,3833200,0.000000
834,8.350065,6260.698200701,6260.698200701,2742,3838800,0.000000
835,8.360071,6260.708206968,6260.708206968,2745,3843000,0.000000
836,8.370070,6260.718206372,6260.718206372,2748,3847200,0.000000
837,8.380068,6260.728204378,6260.728204378,2751,3851400,0.000000
838,8.390071,6260.738207377,6260.738207377,2755,3857000,0.000000
839,8.400077,6260.748212911,6260.748212911,2758,3861200,0.000000
840,8.410065,6260.758201063,6260.758201063,2761,3865400,0.000000
841,8.420056,6260.768192044,6260.768192044,2765,3871000,0.000000
842,8.430065,6260.778200833,6260.778200833,2768,3875200,0.000000
843,8.440064,6260.788200258,6260.788200258,2771,3879400,0.000000
844,8.450067,6260.798202990,6260.798202990,2774,3883600,0.000000
845,8.460064,6260.808199961,6260.808199961,2778,3889200,0.000000
846,8.470072,6260.818208038,6260.818208038,2781,3893400,0.000000
847,8.480066,6260.828202522,6260.828202522,2784,3897600,0.000000
848,8.490074,6260.838210189,6260.838210189,2788,3903200,0.000000
849,8.500067,6260.848202591,6260.848202591,2791,3907400,0.000000
850,8.510062,6260.858197883,6260.858197883,2794,3911600,0.000000
851,8.520066,6260.868201903,6260.868201903,2797,3915800,0.000000
852,8.530061,6260.878197564,6260.878197564,2801,3921400,0.000000
853,8.540022,6260.888158492,6260.888158492,2804,3925600,0.000000
854,8.550067,6260.898202984,6260.898202984,2807,3929800,0.000000
855,8.560045,6260.908181277,6260.908181277,2811,3935400,0.000000
856,8.570070,6260.918206029,6260.918206029,2814,3939600,0.000000
857,8.580060,6260.928195813,6260.928195813,2817,3943800,0.000000
858,8.590066,6260.938202321,6260.938202321,2820,3948000,0.000000
859,8.600073,6260.948208895,6260.948208895,2824,3953600,0.000000
860,8.610068,6260.958203991,6260.958203991,2827,3957800,0.000000
861,8.620070,6260.968206003,6260.968206003,2830,3962000,0.000000
862,8.630024,6260.978160100,6260.978160100,2834,3967600,0.000000
863,8.640066,6260.988201892,6260.988201892,2837,3971800,0.000000
864,8.650077,6260.998213055,6260.998213055,2840,3976000,0.000000
865,8.660069,6261.008205039,6261.008205039,2843,3980200,0.000000
866,8.670065,6261.018201372,6261.018201372,2847,3985800,0.000000
867,8.680071,6261.028206787,6261.028206787,2850,3990000,0.000000
868,8.690070,6261.038206085,6261.038206085,2853,3994200,0.000000
869,8.700024,6261.048159938,6261.048159938,2857,3999800,0.000000
870,8.710061,6261.058196824,6261.058196824,2860,4004000,0.000000
871,8.720064,6261.068199750,6261.068199750,2863,4008200,0.000000
872,8.730067,6261.078202806,6261.078202806,2866,4012400,0.000000
873,8.740072,6261.088207818,6261.088207818,2870,4018000,0.000000
874,8.750073,6261.098208611,6261.098208611,2873,4022200,0.000000
875,8.760069,6261.108204963,6261.108204963,2876,4026400,0.000000
876,8.770063,6261.118198666,6261.118198666,2880,4032000,0.000000
877,8.780067,6261.128203167,6261.128203167,2883,4036200,0.000000
878,8.790067,6261.138202678,6261.138202678,2886,4040400,0.000000
879,8.800033,6261.148169273,6261.148169273,2889,4044600,0.000000
880,8.810064,6261.158200147,6261.158200147,2893,4050200,0.000000
881,8.820064,6261.168199906,6261.168199906,2896,4054400,0.000000
882,8.830060,6261.178195964,6261.178195964,2899,4058600,0.000000
883,8.840091,6261.188227054,6261.188227054,2903,4064200,0.000000
884,8.850063,6261.198199571,6261.198199571,2906,4068400,0.000000
885,8.860066,6261.208202026,6261.208202026,2909,4072600,0.000000
886,8.870077,6261.218212777,6261.218212777,2912,4076800,0.000000
887,8.880064,6261.228200241,6261.228200241,2916,4082400,0.000000
888,8.890066,6261.238201708,6261.238201708,2919,4086600,0.000000
889,8.900067,6261.248202643,6261.248202643,2922,4090800,0.000000
890,8.910072,6261.258208481,6261.258208481,2926,4096400,0.000000
891,8.920064,6261.268200290,6261.268200290,2929,4100600,0.000000
892,8.930071,6261.278207352,6261.278207352,2932,4104800,0.000000
893,8.940065,6261.288201111,6261.288201111,2935,4109000,0.000000
894,8.950064,6261.298199768,6261.298199768,2939,4114600,0.000000
895,8.960025,6261.308161356,6261.308161356,2942,4118800,0.000000
896,8.970067,6261.318203270,6261.318203270,2945,4123000,0.000000
897,8.980067,6261.328203264,6261.328203264,2948,4127200,0.000000
898,8.990027,6261.338163468,6261.338163468,2952,4132800,0.000000
899,9.000026,6261.348162402,6261.348162402,2955,4137000,0.000000
900,9.010064,6261.358199772,6261.358199772,2958,4141200,0.000000
901,9.020065,6261.368200847,6261.368200847,2962,4146800,0.000000
902,9.030066,6261.378201828,6261.378201828,2965,4151000,0.000000
903,9.040068,6261.388204106,6261.388204106,2968,4155200,0.000000
904,9.050063,6261.398199492,6261.398199492,2971,4159400,0.000000
905,9.060065,6261.408201330,6261.408201330,2975,4165000,0.000000
906,9.070062,6261.418198130,6261.418198130,2978,4169200,0.000000
907,9.080041,6261.428176593,6261.428176593,2981,4173400,0.000000
908,9.090067,6261.438202944,6261.438202944,2985,4179000,0.000000
909,9.100066,6261.448202070,6261.448202070,2988,4183200,0.000000
910,9.110082,6261.458218074,6261.458218074,2991,4187400,0.000000
911,9.120071,6261.468206956,6261.468206956,2994,4191600,0.000000
912,9.130064,6261.478199991,6261.478199991,2998,4197200,0.000000
913,9.140073,6261.488209557,6261.488209557,3001,4201400,0.000000
914,9.150067,6261.498202943,6261.498202943,3004,4205600,0.000000
915,9.160037,6261.508172763,6261.508172763,3008,4211200,0.000000
916,9.170065,6261.518200983,6261.518200983,3011,4215400,0.000000
917,9.180066,6261.528201767,6261.528201767,3014,4219600,0.000000
918,9.190062,6261.538198041,6261.538198041,3017,4223800,0.000000
919,9.200044,6261.548179792,6261.548179792,3021,4229400,0.000000
920,9.210069,6261.558205415,6261.558205415,3024,4233600,0.000000
921,9.220064,6261.568200419,6261.568200419,3027,4237800,0.000000
922,9.230015,6261.578151478,6261.578151478,3031,4243400,0.000000
923,9.240067,6261.588202684,6261.588202684,3034,4247600,0.000000
924,9.250073,6261.598208771,6261.598208771,3037,4251800,0.000000
925,9.260070,6261.608206135,6261.608206135,3040,4256000,0.000000
926,9.270068,6261.618203733,6261.618203733,3044,4261600,0.000000
927,9.280070,6261.628206028,6261.628206028,3047,4265800,0.000000
928,9.290065,6261.638201299,6261.638201299,3050,4270000,0.000000
929,9.300014,6261.648150407,6261.648150407,3054,4275600,0.000000
930,9.310069,6261.658205415,6261.658205415,3057,4279800,0.000000
931,9.320068,6261.668204318,6261.668204318,3060,4284000,0.000000
932,9.330066,6261.678202485,6261.678202485,3063,4288200,0.000000
933,9.340070,6261.688205773,6261.688205773,3067,4293800,0.000000
934,9.350067,6261.698203161,6261.698203161,3070,4298000,0.000000
935,9.360069,6261.708204808,6261.708204808,3073,4302200,0.000000
936,9.370072,6261.718208064,6261.718208064,3077,4307800,0.000000
937,9.380066,6261.728202458,6261.728202458,3080,4312000,0.000000
938,9.390071,6261.738207111,6261.738207111,3083,4316200,0.000000
939,9.400072,6261.748207821,6261.748207821,3086,4320400,0.000000
940,9.410059,6261.758194620,6261.758194620,3090,4326000,0.000000
941,9.420059,6261.768194783,6261.768194783,3093,4330200,0.000000
942,9.430068,6261.778203843,6261.778203843,3096,4334400,0.000000
943,9.440009,6261.788145495,6261.788145495,3100,4340000,0.000000
944,9.450066,6261.798202521,6261.798202521,3103,4344200,0.000000
945,9.460071,6261.808207009,6261.808207009,3106,4348400,0.000000
946,9.470066,6261.818202315,6261.818202315,3109,4352600,0.000000
947,9.480068,6261.828203699,6261.828203699,3113,4358200,0.000000
948,9.490074,6261.838210113,6261.838210113,3116,4362400,0.000000
949,9.500072,6261.848207647,6261.848207647,3119,4366600,0.000000
950,9.510027,6261.858163288,6261.858163288,3123,4372200,0.000000
951,9.520067,6261.868203193,6261.868203193,3126,4376400,0.000000
952,9.530067,6261.878203108,6261.878203108,3129,4380600,0.000000
953,9.540074,6261.888209954,6261.888209954,3132,4384800,0.000000
954,9.550059,6261.898195359,6261.898195359,3136,4390400,0.000000
955,9.560067,6261.908203341,6261.908203341,3139,4394600,0.000000
956,9.570066,6261.918202425,6261.918202425,3142,4398800,0.000000
957,9.580072,6261.928208411,6261.928208411,3146,4404400,0.000000
958,9.590077,6261.938213456,6261.938213456,3149,4408600,0.000000
959,9.600067,6261.948203501,6261.948203501,3152,4412800,0.000000
960,9.610071,6261.958206625,6261.958206625,3155,4417000,0.000000
961,9.620068,6261.968204147,6261.968204147,3159,4422600,0.000000
962,9.630066,6261.978201984,6261.978201984,3162,4426800,0.000000
963,9.640069,6261.988205418,6261.988205418,3165,4431000,0.000000
964,9.650071,6261.998206958,6261.998206958,3169,4436600,0.000000
965,9.660066,6262.008202270,6262.008202270,3172,4440800,0.000000
966,9.670076,6262.018211936,6262.018211936,3175,4445000,0.000000
967,9.680065,6262.028200940,6262.028200940,3178,4449200,0.000000
968,9.690066,6262.038201789,6262.038201789,3182,4454800,0.000000
969,9.700067,6262.048203306,6262.048203306,3185,4459000,0.000000
970,9.710066,6262.058201750,6262.058201750,3188,4463200,0.000000
971,9.720080,6262.068215779,6262.068215779,3192,4468800,0.000000
972,9.730065,6262.078200790,6262.078200790,3195,4473000,0.000000
973,9.740068,6262.088204276,6262.088204276,3198,4477200,0.000000
974,9.750071,6262.098206809,6262.098206809,3201,4481400,0.000000
975,9.760051,6262.108187156,6262.108187156,3205,4487000,0.000000
976,9.770066,6262.118202219,6262.118202219,3208,4491200,0.000000
977,9.780067,6262.128203399,6262.128203399,3211,4495400,0.000000
978,9.790070,6262.138205866,6262.138205866,3214,4499600,0.000000
979,9.800066,6262.148202111,6262.148202111,3218,4505200,0.000000
980,9.810068,6262.158203818,6262.158203818,3221,4509400,0.000000
981,9.820068,6262.168203944,6262.168203944,3224,4513600,0.000000
982,9.830063,6262.178199220,6262.178199220,3228,4519200,0.000000
983,9.840070,6262.188205626,6262.188205626,3231,4523400,0.000000
984,9.850069,6262.198204880,6262.198204880,3234,4527600,0.000000
985,9.860068,6262.208204151,6262.208204151,3237,4531800,0.000000
986,9.870066,6262.218201978,6262.218201978,3241,4537400,0.000000
987,9.880067,6262.228203506,6262.228203506,3244,4541600,0.000000
988,9.890071,6262.238206756,6262.238206756,3247,4545800,0.000000
989,9.900018,6262.248154427,6262.248154427,3251,4551400,0.000000
990,9.910079,6262.258214756,6262.258214756,3254,4555600,0.000000
991,9.920071,6262.268206762,6262.268206762,3257,4559800,0.000000
992,9.930068,6262.278204424,6262.278204424,3260,4564000,0.000000
993,9.940065,6262.288200715,6262.288200715,3264,4569600,0.000000
994,9.950069,6262.298205296,6262.298205296,3267,4573800,0.000000
995,9.960069,6262.308204621,6262.308204621,3270,4578000,0.000000
996,9.970044,6262.318180388,6262.318180388,3274,4583600,0.000000
997,9.980059,6262.328195349,6262.328195349,3277,4587800,0.000000
998,9.990069,6262.338204910,6262.338204910,3280,4592000,0.000000
999,10.000056,6262.348191733,6262.348191733,3283,4596200,0.000000
1000,10.010065,6262.358201275,6262.358201275,3287,4601800,0.000000
1001,10.020069,6262.368205489,6262.368205489,3290,4606000,0.000000
1002,10.030066,6262.378202196,6262.378202196,3293,4610200,0.000000
1003,10.040062,6262.388197978,6262.388197978,3297,4615800,0.000000
1004,10.050061,6262.398197206,6262.398197206,3300,4620000,0.000000
1005,10.060066,6262.408201736,6262.408201736,3303,4624200,0.000000
1006,10.070062,6262.418198262,6262.418198262,3306,4628400,0.000000
1007,10.080067,6262.428203288,6262.428203288,3310,4634000,0.000000
1008,10.090073,6262.438209418,6262.438209418,3313,4638200,0.000000
1009,10.100092,6262.448227863,6262.448227863,3316,4642400,0.000000
1010,10.110044,6262.458180445,6262.458180445,3320,4648000,0.000000
1011,10.120066,6262.468202243,6262.468202243,3323,4652200,0.000000
1012,10.130071,6262.478206640,6262.478206640,3326,4656400,0.000000
1013,10.140074,6262.488209863,6262.488209863,3329,4660600,0.000000
1014,10.150067,6262.498202582,6262.498202582,3333,4666200,0.000000
1015,10.160072,6262.508207988,6262.508207988,3336,4670400,0.000000
1016,10.170070,6262.518206238,6262.518206238,3339,4674600,0.000000
1017,10.180041,6262.528176996,6262.528176996,3343,4680200,0.000000
1018,10.190072,6262.538208319,6262.538208319,3346,4684400,0.000000
1019,10.200076,6262.548211955,6262.548211955,3349,4688600,0.000000
1020,10.210079,6262.558215260,6262.558215260,3352,4692800,0.000000
1021,10.220069,6262.568205099,6262.568205099,3356,4698400,0.000000
1022,10.230080,6262.578216421,6262.578216421,3359,4702600,0.000000
1023,10.240076,6262.588211923,6262.588211923,3362,4706800,0.000000
1024,10.250002,6262.598138211,6262.598138211,3366,4712400,0.000000
1025,10.260037,6262.608172989,6262.608172989,3369,4716600,0.000000
1026,10.270071,6262.618206898,6262.618206898,3372,4720800,0.000000
1027,10.280067,6262.628203096,6262.628203096,3375,4725000,0.000000
1028,10.290073,6262.638208882,6262.638208882,3379,4730600,0.000000
1029,10.300066,6262.648202252,6262.648202252,3382,4734800,0.000000
1030,10.310074,6262.658209941,6262.658209941,3385,4739000,0.000000
1031,10.320030,6262.668165609,6262.668165609,3389,4744600,0.000000
1032,10.330060,6262.678195922,6262.678195922,3392,4748800,0.000000
1033,10.340061,6262.688197561,6262.688197561,3395,4753000,0.000000
1034,10.350066,6262.698202307,6262.698202307,3398,4757200,0.000000
1035,10.360064,6262.708200295,6262.708200295,3402,4762800,0.000000
1036,10.370027,6262.718163241,6262.718163241,3405,4767000,0.000000
1037,10.380064,6262.728200495,6262.728200495,3408,4771200,0.000000
1038,10.390076,6262.738211978,6262.738211978,3412,4776800,0.000000
1039,10.400065,6262.748200743,6262.748200743,3415,4781000,0.000000
1040,10.410063,6262.758198670,6262.758198670,3418,4785200,0.000000
1041,10.420068,6262.768204132,6262.768204132,3421,4789400,0.000000
1042,10.430066,6262.778201648,6262.778201648,3425,4795000,0.000000
1043,10.440068,6262.788204559,6262.788204559,3428,4799200,0.000000
1044,10.450069,6262.798205029,6262.798205029,3431,4803400,0.000000
1045,10.460077,6262.808213139,6262.808213139,3435,4809000,0.000000
1046,10.470049,6262.818184714,6262.818184714,3438,4813200,0.000000
1047,10.480063,6262.828198658,6262.828198658,3441,4817400,0.000000
1048,10.490067,6262.838203025,6262.838203025,3444,4821600,0.000000
1049,10.500064,6262.848199684,6262.848199684,3448,4827200,0.000000
1050,10.510064,6262.858200453,6262.858200453,3451,4831400,0.000000
1051,10.520069,6262.868205063,6262.868205063,3454,4835600,0.000000
1052,10.530065,6262.878201436,6262.878201436,3457,4839800,0.000000
1053,10.540067,6262.888203433,6262.888203433,3461,4845400,0.000000
1054,10.550066,6262.898202128,6262.898202128,3464,4849600,0.000000
1055,10.560064,6262.908199932,6262.908199932,3467,4853800,0.000000
1056,10.570065,6262.918201028,6262.918201028,3471,4859400,0.000000
1057,10.580067,6262.928203129,6262.928203129,3474,4863600,0.000000
1058,10.590070,6262.938205788,6262.938205788,3477,4867800,0.000000
1059,10.600068,6262.948204107,6262.948204107,3480,4872000,0.000000
1060,10.610074,6262.958210305,6262.958210305,3484,4877600,0.000000
1061,10.620067,6262.968203143,6262.968203143,3487,4881800,0.000000
1062,10.630066,6262.978201842,6262.978201842,3490,4886000,0.000000
1063,10.640064,6262.988199619,6262.988199619,3494,4891600,0.000000
1064,10.650069,6262.998204753,6262.998204753,3497,4895800,0.000000
1065,10.660069,6263.008205359,6263.008205359,3500,4900000,0.000000
1066,10.670071,6263.018207125,6263.018207125,3503,4904200,0.000000
1067,10.680072,6263.028208318,6263.028208318,3507,4909800,0.000000
1068,10.690067,6263.038203245,6263.038203245,3510,4914000,0.000000
1069,10.700071,6263.048207014,6263.048207014,3513,4918200,0.000000
1070,10.710061,6263.058196854,6263.058196854,3517,4923800,0.000000
1071,10.720070,6263.068206537,6263.068206537,3520,4928000,0.000000
1072,10.730069,6263.078204732,6263.078204732,3523,4932200,0.000000
1073,10.740065,6263.088201042,6263.088201042,3526,4936400,0.000000
1074,10.750064,6263.098199857,6263.098199857,3530,4942000,0.000000
1075,10.760066,6263.108202557,6263.108202557,3533,4946200,0.000000
1076,10.770064,6263.118199816,6263.118199816,3536,4950400,0.000000
1077,10.780053,6263.128189025,6263.128189025,3540,4956000,0.000000
1078,10.790064,6263.138199729,6263.138199729,3543,4960200,0.000000
1079,10.800064,6263.148199998,6263.148199998,3546,4964400,0.000000
1080,10.810067,6263.158203444,6263.158203444,3549,4968600,0.000000
1081,10.820064,6263.168200452,6263.168200452,3553,4974200,0.000000
1082,10.830060,6263.178195980,6263.178195980,3556,4978400,0.000000
1083,10.840067,6263.188202583,6263.188202583,3559,4982600,0.000000
1084,10.850027,6263.198162748,6263.198162748,3563,4988200,0.000000
1085,10.860065,6263.208201177,6263.208201177,3566,4992400,0.000000
1086,10.870067,6263.218202693,6263.218202693,3569,4996600,0.000000
1087,10.880071,6263.228207375,6263.228207375,3572,5000800,0.000000
1088,10.890067,6263.238202748,6263.238202748,3576,5006400,0.000000
1089,10.900069,6263.248205215,6263.248205215,3579,5010600,0.000000
1090,10.910078,6263.258213760,6263.258213760,3582,5014800,0.000000
1091,10.920029,6263.268164594,6263.268164594,3586,5020400,0.000000
1092,10.930066,6263.278201764,6263.278201764,3589,5024600,0.000000
1093,10.940066,6263.288202554,6263.288202554,3592,5028800,0.000000
1094,10.950067,6263.298203459,6263.298203459,3595,5033000,0.000000
1095,10.960066,6263.308201835,6263.308201835,3599,5038600,0.000000
1096,10.970062,6263.318197623,6263.318197623,3602,5042800,0.000000
1097,10.980051,6263.328187425,6263.328187425,3605,5047000,0.000000
1098,10.990066,6263.338201995,6263.338201995,3609,5052600,0.000000
1099,11.000062,6263.348197978,6263.348197978,3612,5056800,0.000000
1100,11.010064,6263.358200022,6263.358200022,3615,5061000,0.000000
1101,11.020067,6263.368203193,6263.368203193,3618,5065200,0.000000
1102,11.030044,6263.378180060,6263.378180060,3622,5070800,0.000000
1103,11.040019,6263.388154791,6263.388154791,3625,5075000,0.000000
1104,11.050077,6263.398213134,6263.398213134,3628,5079200,0.000000
1105,11.060004,6263.408140484,6263.408140484,3632,5084800,0.000000
1106,11.070013,6263.418149477,6263.418149477,3635,5089000,0.000000
1107,11.080070,6263.428206472,6263.428206472,3638,5093200,0.000000
1108,11.090071,6263.438206610,6263.438206610,3641,5097400,0.000000
1109,11.100070,6263.448206119,6263.448206119,3645,5103000,0.000000
1110,11.110079,6263.458215501,6263.458215501,3648,5107200,0.000000
1111,11.120069,6263.468205011,6263.468205011,3651,5111400,0.000000
1112,11.130046,6263.478182367,6263.478182367,3655,5117000,0.000000
1113,11.140067,6263.488203147,6263.488203147,3658,5121200,0.000000
1114,11.150072,6263.498207792,6263.498207792,3661,5125400,0.000000
1115,11.160079,6263.508214583,6263.508214583,3664,5129600,0.000000
1116,11.170065,6263.518201498,6263.518201498,3668,5135200,0.000000
1117,11.180065,6263.528201524,6263.528201524,3671,5139400,0.000000
1118,11.190066,6263.538202027,6263.538202027,3674,5143600,0.000000
1119,11.200118,6263.548254376,6263.548254376,3678,5149200,0.000000
1120,11.210066,6263.558202165,6263.558202165,3681,5153400,0.000000
1121,11.220020,6263.568156280,6263.568156280,3684,5157600,0.000000
1122,11.230068,6263.578204514,6263.578204514,3687,5161800,0.000000
1123,11.240068,6263.588203820,6263.588203820,3691,5167400,0.000000
1124,11.250067,6263.598203272,6263.598203272,3694,5171600,0.000000
1125,11.260068,6263.608203593,6263.608203593,3697,5175800,0.000000
1126,11.270092,6263.618227928,6263.618227928,3701,5181400,0.000000
1127,11.280024,6263.628159624,6263.628159624,3704,5185600,0.000000
1128,11.290071,6263.638206985,6263.638206985,3707,5189800,0.000000
1129,11.300065,6263.648200834,6263.648200834,3710,5194000,0.000000
1130,11.310061,6263.658197407,6263.658197407,3714,5199600,0.000000
1131,11.320066,6263.668201915,6263.668201915,3717,5203800,0.000000
1132,11.330068,6263.678203647,6263.678203647,3720,5208000,0.000000
1133,11.340071,6263.688207006,6263.688207006,3723,5212200,0.000000
1134,11.350065,6263.698200660,6263.698200660,3727,5217800,0.000000
1135,11.360061,6263.708197285,6263.708197285,3730,5222000,0.000000
1136,11.370069,6263.718205091,6263.718205091,3733,5226200,0.000000
1137,11.380032,6263.728168425,6263.728168425,3737,5231800,0.000000
1138,11.390070,6263.738205983,6263.738205983,3740,5236000,0.000000
1139,11.400066,6263.748202544,6263.748202544,3743,5240200,0.000000
1140,11.410061,6263.758197248,6263.758197248,3746,5244400,0.000000
1141,11.420071,6263.768206660,6263.768206660,3750,5250000,0.000000
1142,11.430059,6263.778195554,6263.778195554,3753,5254200,0.000000
1143,11.440065,6263.788201405,6263.788201405,3756,5258400,0.000000
1144,11.450067,6263.798203338,6263.798203338,3760,5264000,0.000000
1145,11.460066,6263.808202193,6263.808202193,3763,5268200,0.000000
1146,11.470070,6263.818206489,6263.818206489,3766,5272400,0.000000
1147,11.480037,6263.828172941,6263.828172941,3769,5276600,0.000000
1148,11.490064,6263.838200281,6263.838200281,3773,5282200,0.000000
1149,11.500065,6263.848200945,6263.848200945,3776,5286400,0.000000
1150,11.510072,6263.858207579,6263.858207579,3779,5290600,0.000000
1151,11.520071,6263.868206933,6263.868206933,3783,5296200,0.000000
1152,11.530064,6263.878200146,6263.878200146,3786,5300400,0.000000
1153,11.540065,6263.888201478,6263.888201478,3789,5304600,0.000000
1154,11.550066,6263.898202451,6263.898202451,3792,5308800,0.000000
1155,11.560065,6263.908200850,6263.908200850,3796,5314400,0.000000
1156,11.570081,6263.918217285,6263.918217285,3799,5318600,0.000000
1157,11.580066,6263.928201803,6263.928201803,3802,5322800,0.000000
1158,11.590036,6263.938172234,6263.938172234,3806,5328400,0.000000
1159,11.600069,6263.948205166,6263.948205166,3809,5332600,0.000000
1160,11.610064,6263.958199770,6263.958199770,3812,5336800,0.000000
1161,11.620064,6263.968200033,6263.968200033,3815,5341000,0.000000
1162,11.630066,6263.978202221,6263.978202221,3819,5346600,0.000000
1163,11.640067,6263.988202588,6263.988202588,3822,5350800,0.000000
1164,11.650070,6263.998205854,6263.998205854,3825,5355000,0.000000
1165,11.660017,6264.008153437,6264.008153437,3829,5360600,0.000000
1166,11.670070,6264.018205640,6264.018205640,3832,5364800,0.000000
1167,11.680068,6264.028204195,6264.028204195,3835,5369000,0.000000
1168,11.690071,6264.038206701,6264.038206701,3838,5373200,0.000000
1169,11.700064,6264.048199887,6264.048199887,3842,5378800,0.000000
1170,11.710063,6264.058199479,6264.058199479,3845,5383000,0.000000
1171,11.720066,6264.068201943,6264.068201943,3848,5387200,0.000000
1172,11.730017,6264.078153187,6264.078153187,3852,5392800,0.000000
1173,11.740066,6264.088201966,6264.088201966,3855,5397000,0.000000
1174,11.750067,6264.098203450,6264.098203450,3858,5401200,0.000000
1175,11.760067,6264.108203179,6264.108203179,3861,5405400,0.000000
1176,11.770060,6264.118196076,6264.118196076,3865,5411000,0.000000
1177,11.780066,6264.128202247,6264.128202247,3868,5415200,0.000000
1178,11.790065,6264.138200615,6264.138200615,3871,5419400,0.000000
1179,11.800038,6264.148174464,6264.148174464,3875,5425000,0.000000
1180,11.810068,6264.158204298,6264.158204298,3878,5429200,0.000000
1181,11.820065,6264.168200746,6264.168200746,3881,5433400,0.000000
1182,11.830060,6264.178196255,6264.178196255,3884,5437600,0.000000
1183,11.840067,6264.188202895,6264.188202895,3888,5443200,0.000000
1184,11.850064,6264.198200520,6264.198200520,3891,5447400,0.000000
1185,11.860068,6264.208203673,6264.208203673,3894,5451600,0.000000
1186,11.870004,6264.218140218,6264.218140218,3898,5457200,0.000000
1187,11.880063,6264.228199314,6264.228199314,3901,5461400,0.000000
1188,11.890064,6264.238200402,6264.238200402,3904,5465600,0.000000
1189,11.900073,6264.248209440,6264.248209440,3907,5469800,0.000000
1190,11.910068,6264.258204125,6264.258204125,3911,5475400,0.000000
1191,11.920073,6264.268208578,6264.268208578,3914,5479600,0.000000
1192,11.930067,6264.278203386,6264.278203386,3917,5483800,0.000000
1193,11.940040,6264.288175909,6264.288175909,3921,5489400,0.000000
1194,11.950068,6264.298203618,6264.298203618,3924,5493600,0.000000
1195,11.960066,6264.308202515,6264.308202515,3927,5497800,0.000000
1196,11.970064,6264.318200385,6264.318200385,3930,5502000,0.000000
1197,11.980064,6264.328200232,6264.328200232,3934,5507600,0.000000
1198,11.990065,6264.338201049,6264.338201049,3937,5511800,0.000000
1199,12.000061,6264.348197271,6264.348197271,3940,5516000,0.000000
1200,12.010073,6264.358208975,6264.358208975,3944,5521600,0.000000
1201,12.020059,6264.368195250,6264.368195250,3947,5525800,0.000000
1202,12.030073,6264.378209573,6264.378209573,3950,5530000,0.000000
1203,12.040070,6264.388205774,6264.388205774,3953,5534200,0.000000
1204,12.050066,6264.398202345,6264.398202345,3957,5539800,0.000000
1205,12.060068,6264.408204051,6264.408204051,3960,5544000,0.000000
1206,12.070068,6264.418203987,6264.418203987,3963,5548200,0.000000
1207,12.080062,6264.428198486,6264.428198486,3967,5553800,0.000000
1208,12.090066,6264.438201865,6264.438201865,3970,5558000,0.000000
1209,12.100070,6264.448205654,6264.448205654,3973,5562200,0.000000
1210,12.110071,6264.458207001,6264.458207001,3976,5566400,0.000000
1211,12.120063,6264.468198838,6264.468198838,3980,5572000,0.000000
1212,12.130061,6264.478196852,6264.478196852,3983,5576200,0.000000
1213,12.140087,6264.488222960,6264.488222960,3986,5580400,0.000000
1214,12.150069,6264.498205358,6264.498205358,3989,5584600,0.000000
1215,12.160061,6264.508197075,6264.508197075,3993,5590200,0.000000
1216,12.170087,6264.518223139,6264.518223139,3996,5594400,0.000000
1217,12.180065,6264.528201039,6264.528201039,3999,5598600,0.000000
1218,12.190025,6264.538161088,6264.538161088,4003,5604200,0.000000
1219,12.200066,6264.548202448,6264.548202448,4006,5608400,0.000000
1220,12.210064,6264.558200132,6264.558200132,4009,5612600,0.000000
1221,12.220060,6264.568195755,6264.568195755,4012,5616800,0.000000
1222,12.230070,6264.578206404,6264.578206404,4016,5622400,0.000000
1223,12.240064,6264.588200400,6264.588200400,4019,5626600,0.000000
1224,12.250080,6264.598215883,6264.598215883,4022,5630800,0.000000
1225,12.260056,6264.608191861,6264.608191861,4026,5636400,0.000000
1226,12.270062,6264.618197722,6264.618197722,4029,5640600,0.000000
1227,12.280069,6264.628205205,6264.628205205,4032,5644800,0.000000
1228,12.290065,6264.638200985,6264.638200985,4035,5649000,0.000000
1229,12.300065,6264.648200695,6264.648200695,4039,5654600,0.000000
1230,12.310066,6264.658202195,6264.658202195,4042,5658800,0.000000
1231,12.320069,6264.668204673,6264.668204673,4045,5663000,0.000000
1232,12.330017,6264.678153002,6264.678153002,4049,5668600,0.000000
1233,12.340068,6264.688203624,6264.688203624,4052,5672800,0.000000
1234,12.350059,6264.698195169,6264.698195169,4055,5677000,0.000000
1235,12.360065,6264.708200981,6264.708200981,4058,5681200,0.000000
1236,12.370065,6264.718201044,6264.718201044,4062,5686800,0.000000
1237,12.380068,6264.728204564,6264.728204564,4065,5691000,0.000000
1238,12.390065,6264.738201027,6264.738201027,4068,5695200,0.000000
1239,12.400072,6264.748207668,6264.748207668,4072,5700800,0.000000
1240,12.410068,6264.758203650,6264.758203650,4075,5705000,0.000000
1241,12.420065,6264.768201444,6264.768201444,4078,5709200,0.000000
1242,12.430064,6264.778200315,6264.778200315,4081,5713400,0.000000
1243,12.440070,6264.788205960,6264.788205960,4085,5719000,0.000000
1244,12.450067,6264.798203086,6264.798203086,4088,5723200,0.000000
1245,12.460108,6264.808244498,6264.808244498,4091,5727400,0.000000
1246,12.470013,6264.818149417,6264.818149417,4095,5733000,0.000000
1247,12.480059,6264.828194671,6264.828194671,4098,5737200,0.000000
1248,12.490064,6264.838200530,6264.838200530,4101,5741400,0.000000
1249,12.500065,6264.848201194,6264.848201194,4104,5745600,0.000000
1250,12.510064,6264.858199805,6264.858199805,4108,5751200,0.000000
1251,12.520060,6264.868196432,6264.868196432,4111,5755400,0.000000
1252,12.530066,6264.878202535,6264.878202535,4114,5759600,0.000000
1253,12.540042,6264.888178255,6264.888178255,4118,5765200,0.000000
1254,12.550065,6264.898201091,6264.898201091,4121,5769400,0.000000
1255,12.560072,6264.908207811,6264.908207811,4124,5773600,0.000000
1256,12.570066,6264.918201853,6264.918201853,4127,5777800,0.000000
1257,12.580065,6264.928201218,6264.928201218,4131,5783400,0.000000
1258,12.590065,6264.938200991,6264.938200991,4134,5787600,0.000000
1259,12.600065,6264.948201563,6264.948201563,4137,5791800,0.000000
1260,12.610013,6264.958148854,6264.958148854,4141,5797400,0.000000
1261,12.620065,6264.968201470,6264.968201470,4144,5801600,0.000000
1262,12.630066,6264.978201776,6264.978201776,4147,5805800,0.000000
1263,12.640066,6264.988201877,6264.988201877,4150,5810000,0.000000
1264,12.650065,6264.998201107,6264.998201107,4154,5815600,0.000000
1265,12.660069,6265.008205364,6265.008205364,4157,5819800,0.000000
1266,12.670065,6265.018201256,6265.018201256,4160,5824000,0.000000
1267,12.680009,6265.028144898,6265.028144898,4164,5829600,0.000000
1268,12.690064,6265.038200108,6265.038200108,4167,5833800,0.000000
1269,12.700071,6265.048206911,6265.048206911,4170,5838000,0.000000
1270,12.710068,6265.058203701,6265.058203701,4173,5842200,0.000000
1271,12.720067,6265.068203408,6265.068203408,4177,5847800,0.000000
1272,12.730064,6265.078200349,6265.078200349,4180,5852000,0.000000
1273,12.740065,6265.088201284,6265.088201284,4183,5856200,0.000000
1274,12.750055,6265.098191085,6265.098191085,4187,5861800,0.000000
1275,12.760065,6265.108201146,6265.108201146,4190,5866000,0.000000
1276,12.770067,6265.118203280,6265.118203280,4193,5870200,0.000000
1277,12.780066,6265.128202201,6265.128202201,4196,5874400,0.000000
1278,12.790069,6265.138204775,6265.138204775,4200,5880000,0.000000
1279,12.800068,6265.148203913,6265.148203913,4203,5884200,0.000000
1280,12.810066,6265.158201826,6265.158201826,4206,5888400,0.000000
1281,12.820033,6265.168169093,6265.168169093,4210,5894000,0.000000
1282,12.830060,6265.178196430,6265.178196430,4213,5898200,0.000000
1283,12.840067,6265.188202711,6265.188202711,4216,5902400,0.000000
1284,12.850066,6265.198201968,6265.198201968,4219,5906600,0.000000
1285,12.860065,6265.208200856,6265.208200856,4223,5912200,0.000000
1286,12.870069,6265.218205449,6265.218205449,4226,5916400,0.000000
1287,12.880064,6265.228200187,6265.228200187,4229,5920600,0.000000
1288,12.890077,6265.238213048,6265.238213048,4233,5926200,0.000000
1289,12.900063,6265.248199552,6265.248199552,4236,5930400,0.000000
1290,12.910071,6265.258207394,6265.258207394,4239,5934600,0.000000
1291,12.920065,6265.268201230,6265.268201230,4242,5938800,0.000000
1292,12.930073,6265.278209203,6265.278209203,4246,5944400,0.000000
1293,12.940068,6265.288204282,6265.288204282,4249,5948600,0.000000
1294,12.950068,6265.298203768,6265.298203768,4252,5952800,0.000000
1295,12.960070,6265.308205776,6265.308205776,4255,5957000,0.000000
1296,12.970064,6265.318199913,6265.318199913,4259,5962600,0.000000
1297,12.980066,6265.328202064,6265.328202064,4262,5966800,0.000000
1298,12.990061,6265.338197365,6265.338197365,4265,5971000,0.000000
1299,13.000063,6265.348198745,6265.348198745,4269,5976600,0.000000
1300,13.010066,6265.358201884,6265.358201884,4272,5980800,0.000000
1301,13.020069,6265.368205257,6265.368205257,4275,5985000,0.000000
1302,13.030064,6265.378200061,6265.378200061,4278,5989200,0.000000
1303,13.040060,6265.388195951,6265.388195951,4282,5994800,0.000000
1304,13.050069,6265.398205111,6265.398205111,4285,5999000,0.000000
1305,13.060064,6265.408200070,6265.408200070,4288,6003200,0.000000
1306,13.070068,6265.418204198,6265.418204198,4292,6008800,0.000000
1307,13.080071,6265.428207284,6265.428207284,4295,6013000,0.000000
1308,13.090070,6265.438205848,6265.438205848,4298,6017200,0.000000
1309,13.100065,6265.448201349,6265.448201349,4301,6021400,0.000000
1310,13.110066,6265.458201670,6265.458201670,4305,6027000,0.000000
1311,13.120072,6265.468208523,6265.468208523,4308,6031200,0.000000
1312,13.130070,6265.478206140,6265.478206140,4311,6035400,0.000000
1313,13.140059,6265.488194773,6265.488194773,4315,6041000,0.000000
1314,13.150054,6265.498190561,6265.498190561,4318,6045200,0.000000
1315,13.160069,6265.508204845,6265.508204845,4321,6049400,0.000000
1316,13.170067,6265.518202579,6265.518202579,4324,6053600,0.000000
1317,13.180028,6265.528164024,6265.528164024,4328,6059200,0.000000
1318,13.190066,6265.538201999,6265.538201999,4331,6063400,0.000000
1319,13.200073,6265.548209297,6265.548209297,4334,6067600,0.000000
1320,13.210073,6265.558209226,6265.558209226,4338,6073200,0.000000
1321,13.220070,6265.568205576,6265.568205576,4341,6077400,0.000000
1322,13.230063,6265.578198743,6265.578198743,4344,6081600,0.000000
1323,13.240065,6265.588200941,6265.588200941,4347,6085800,0.000000
1324,13.250065,6265.598201282,6265.598201282,4351,6091400,0.000000
1325,13.260067,6265.608202657,6265.608202657,4354,6095600,0.000000
1326,13.270065,6265.618201248,6265.618201248,4357,6099800,0.000000
1327,13.280060,6265.628195799,6265.628195799,4361,6105400,0.000000
1328,13.290065,6265.638201366,6265.638201366,4364,6109600,0.000000
1329,13.300061,6265.648196998,6265.648196998,4367,6113800,0.000000
1330,13.310029,6265.658165227,6265.658165227,4370,6118000,0.000000
1331,13.320066,6265.668202356,6265.668202356,4374,6123600,0.000000
1332,13.330064,6265.678199989,6265.678199989,4377,6127800,0.000000
1333,13.340070,6265.688206155,6265.688206155,4380,6132000,0.000000
1334,13.350013,6265.698148898,6265.698148898,4384,6137600,0.000000
1335,13.360067,6265.708202948,6265.708202948,4387,6141800,0.000000
1336,13.370066,6265.718202157,6265.718202157,4390,6146000,0.000000
1337,13.380069,6265.728205432,6265.728205432,4393,6150200,0.000000
1338,13.390031,6265.738167347,6265.738167347,4397,6155800,0.000000
1339,13.400066,6265.748201779,6265.748201779,4400,6160000,0.000000
1340,13.410062,6265.758198428,6265.758198428,4403,6164200,0.000000
1341,13.420014,6265.768150082,6265.768150082,4407,6169800,0.000000
1342,13.430065,6265.778201109,6265.778201109,4410,6174000,0.000000
1343,13.440065,6265.788200850,6265.788200850,4413,6178200,0.000000
1344,13.450068,6265.798203754,6265.798203754,4416,6182400,0.000000
1345,13.460089,6265.808224924,6265.808224924,4420,6188000,0.000000
1346,13.470069,6265.818205372,6265.818205372,4423,6192200,0.000000
1347,13.480066,6265.828202548,6265.828202548,4426,6196400,0.000000
1348,13.490013,6265.838148689,6265.838148689,4430,6202000,0.000000
1349,13.500059,6265.848195100,6265.848195100,4433,6206200,0.000000
1350,13.510066,6265.858202171,6265.858202171,4436,6210400,0.000000
1351,13.520060,6265.868195984,6265.868195984,4439,6214600,0.000000
1352,13.530020,6265.878155822,6265.878155822,4443,6220200,0.000000
1353,13.540069,6265.888204940,6265.888204940,4446,6224400,0.000000
1354,13.550069,6265.898205116,6265.898205116,4449,6228600,0.000000
1355,13.560052,6265.908187763,6265.908187763,4453,6234200,0.000000
1356,13.570063,6265.918198921,6265.918198921,4456,6238400,0.000000
1357,13.580067,6265.928203120,6265.928203120,4459,6242600,0.000000
1358,13.590067,6265.938202594,6265.938202594,4462,6246800,0.000000
1359,13.600067,6265.948203338,6265.948203338,4466,6252400,0.000000
1360,13.610042,6265.958178039,6265.958178039,4469,6256600,0.000000
1361,13.620067,6265.968203227,6265.968203227,4472,6260800,0.000000
1362,13.630065,6265.978200788,6265.978200788,4476,6266400,0.000000
1363,13.640072,6265.988208062,6265.988208062,4479,6270600,0.000000
1364,13.650065,6265.998200873,6265.998200873,4482,6274800,0.000000
1365,13.660062,6266.008198335,6266.008198335,4485,6279000,0.000000
1366,13.670069,6266.018205281,6266.018205281,4489,6284600,0.000000
1367,13.680062,6266.028197842,6266.028197842,4492,6288800,0.000000
1368,13.690069,6266.038204657,6266.038204657,4495,6293000,0.000000
1369,13.700072,6266.048208101,6266.048208101,4499,6298600,0.000000
1370,13.710062,6266.058198450,6266.058198450,4502,6302800,0.000000
1371,13.720065,6266.068200838,6266.068200838,4505,6307000,0.000000
1372,13.730050,6266.078186516,6266.078186516,4508,6311200,0.000000
1373,13.740067,6266.088202590,6266.088202590,4512,6316800,0.000000
1374,13.750068,6266.098203880,6266.098203880,4515,6321000,0.000000
1375,13.760075,6266.108211204,6266.108211204,4518,6325200,0.000000
1376,13.770062,6266.118198572,6266.118198572,4521,6329400,0.000000
1377,13.780064,6266.128200363,6266.128200363,4525,6335000,0.000000
1378,13.790067,6266.138202981,6266.138202981,4528,6339200,0.000000
1379,13.800071,6266.148207308,6266.148207308,4531,6343400,0.000000
1380,13.810069,6266.158204786,6266.158204786,4535,6349000,0.000000
1381,13.820065,6266.168200729,6266.168200729,4538,6353200,0.000000
1382,13.830069,6266.178204970,6266.178204970,4541,6357400,0.000000
1383,13.840068,6266.188203616,6266.188203616,4544,6361600,0.000000
1384,13.850068,6266.198203603,6266.198203603,4548,6367200,0.000000
1385,13.860075,6266.208210948,6266.208210948,4551,6371400,0.000000
1386,13.870067,6266.218203549,6266.218203549,4554,6375600,0.000000
1387,13.880061,6266.228197137,6266.228197137,4558,6381200,0.000000
1388,13.890068,6266.238204195,6266.238204195,4561,6385400,0.000000
1389,13.900064,6266.248200276,6266.248200276,4564,6389600,0.000000
1390,13.910068,6266.258204470,6266.258204470,4567,6393800,0.000000
1391,13.920064,6266.268200254,6266.268200254,4571,6399400,0.000000
1392,13.930024,6266.278160508,6266.278160508,4574,6403600,0.000000
1393,13.940069,6266.288204796,6266.288204796,4577,6407800,0.000000
1394,13.950065,6266.298201237,6266.298201237,4581,6413400,0.000000
1395,13.960066,6266.308202170,6266.308202170,4584,6417600,0.000000
1396,13.970075,6266.318210800,6266.318210800,4587,6421800,0.000000
1397,13.980042,6266.328177989,6266.328177989,4590,6426000,0.000000
1398,13.990062,6266.338198559,6266.338198559,4594,6431600,0.000000
1399,14.000065,6266.348200752,6266.348200752,4597,6435800,0.000000
1400,14.010065,6266.358201413,6266.358201413,4600,6440000,0.000000
1401,14.020064,6266.368200118,6266.368200118,4604,6445600,0.000000
1402,14.030061,6266.378196810,6266.378196810,4607,6449800,0.000000
1403,14.040068,6266.388204223,6266.388204223,4610,6454000,0.000000
1404,14.050071,6266.398207424,6266.398207424,4613,6458200,0.000000
1405,14.060066,6266.408202467,6266.408202467,4617,6463800,0.000000
1406,14.070068,6266.418204424,6266.418204424,4620,6468000,0.000000
1407,14.080070,6266.428205931,6266.428205931,4623,6472200,0.000000
1408,14.090021,6266.438157389,6266.438157389,4627,6477800,0.000000
1409,14.100065,6266.448201558,6266.448201558,4630,6482000,0.000000
1410,14.110067,6266.458202610,6266.458202610,4633,6486200,0.000000
1411,14.120067,6266.468202679,6266.468202679,4636,6490400,0.000000
1412,14.130073,6266.478209444,6266.478209444,4640,6496000,0.000000
1413,14.140020,6266.488156388,6266.488156388,4643,6500200,0.000000
1414,14.150067,6266.498202866,6266.498202866,4646,6504400,0.000000
1415,14.160046,6266.508182487,6266.508182487,4650,6510000,0.000000
1416,14.170065,6266.518201039,6266.518201039,4653,6514200,0.000000
1417,14.180066,6266.528202123,6266.528202123,4656,6518400,0.000000
1418,14.190066,6266.538202536,6266.538202536,4659,6522600,0.000000
1419,14.200059,6266.548195460,6266.548195460,4663,6528200,0.000000
1420,14.210067,6266.558203104,6266.558203104,4666,6532400,0.000000
1421,14.220063,6266.568199287,6266.568199287,4669,6536600,0.000000
1422,14.230017,6266.578153385,6266.578153385,4673,6542200,0.000000
1423,14.240060,6266.588196221,6266.588196221,4676,6546400,0.000000
1424,14.250072,6266.598208353,6266.598208353,4679,6550600,0.000000
1425,14.260067,6266.608203033,6266.608203033,4682,6554800,0.000000
1426,14.270070,6266.618206204,6266.618206204,4686,6560400,0.000000
1427,14.280035,6266.628170803,6266.628170803,4689,6564600,0.000000
1428,14.290062,6266.638198154,6266.638198154,4692,6568800,0.000000
1429,14.300027,6266.648162700,6266.648162700,4696,6574400,0.000000
1430,14.310066,6266.658202227,6266.658202227,4699,6578600,0.000000
1431,14.320066,6266.668202332,6266.668202332,4702,6582800,0.000000
1432,14.330066,6266.678202362,6266.678202362,4705,6587000,0.000000
1433,14.340065,6266.688201162,6266.688201162,4709,6592600,0.000000
1434,14.350064,6266.698199797,6266.698199797,4712,6596800,0.000000
1435,14.360020,6266.708156514,6266.708156514,4715,6601000,0.000000
1436,14.370073,6266.718209010,6266.718209010,4719,6606600,0.000000
1437,14.380065,6266.728200833,6266.728200833,4722,6610800,0.000000
1438,14.390067,6266.738203304,6266.738203304,4725,6615000,0.000000
1439,14.400029,6266.748164889,6266.748164889,4728,6619200,0.000000
1440,14.410029,6266.758165501,6266.758165501,4732,6624800,0.000000
1441,14.420065,6266.768201308,6266.768201308,4735,6629000,0.000000
1442,14.430065,6266.778201090,6266.778201090,4738,6633200,0.000000
1443,14.440083,6266.788218786,6266.788218786,4742,6638800,0.000000
1444,14.450060,6266.798196357,6266.798196357,4745,6643000,0.000000
1445,14.460065,6266.808201266,6266.808201266,4748,6647200,0.000000
1446,14.470063,6266.818198609,6266.818198609,4751,6651400,0.000000
1447,14.480061,6266.828196851,6266.828196851,4755,6657000,0.000000
1448,14.490065,6266.838201088,6266.838201088,4758,6661200,0.000000
1449,14.500073,6266.848209462,6266.848209462,4761,6665400,0.000000
1450,14.510074,6266.858210048,6266.858210048,4765,6671000,0.000000
1451,14.520061,6266.868197160,6266.868197160,4768,6675200,0.000000
1452,14.530075,6266.878211281,6266.878211281,4771,6679400,0.000000
1453,14.540023,6266.888158695,6266.888158695,4774,6683600,0.000000
1454,14.550067,6266.898203068,6266.898203068,4778,6689200,0.000000
1455,14.560071,6266.908206904,6266.908206904,4781,6693400,0.000000
1456,14.570070,6266.918206076,6266.918206076,4784,6697600,0.000000
1457,14.580021,6266.928156918,6266.928156918,4787,6701800,0.000000
1458,14.590067,6266.938203271,6266.938203271,4791,6707400,0.000000
1459,14.600064,6266.948200064,6266.948200064,4794,6711600,0.000000
1460,14.610067,6266.958202810,6266.958202810,4797,6715800,0.000000
1461,14.620063,6266.968199016,6266.968199016,4801,6721400,0.000000
1462,14.630032,6266.978168566,6266.978168566,4804,6725600,0.000000
1463,14.640066,6266.988201790,6266.988201790,4807,6729800,0.000000
1464,14.650068,6266.998204345,6266.998204345,4810,6734000,0.000000
1465,14.660066,6267.008202540,6267.008202540,4814,6739600,0.000000
1466,14.670061,6267.018197165,6267.018197165,4817,6743800,0.000000
1467,14.680067,6267.028203559,6267.028203559,4820,6748000,0.000000
1468,14.690071,6267.038207009,6267.038207009,4824,6753600,0.000000
1469,14.700032,6267.048168011,6267.048168011,4827,6757800,0.000000
1470,14.710066,6267.058202395,6267.058202395,4830,6762000,0.000000
1471,14.720061,6267.068196602,6267.068196602,4833,6766200,0.000000
1472,14.730065,6267.078201413,6267.078201413,4837,6771800,0.000000
1473,14.740109,6267.088244882,6267.088244882,4840,6776000,0.000000
1474,14.750042,6267.098178385,6267.098178385,4843,6780200,0.000000
1475,14.760012,6267.108148285,6267.108148285,4847,6785800,0.000000
1476,14.770066,6267.118201585,6267.118201585,4850,6790000,0.000000
1477,14.780067,6267.128202895,6267.128202895,4853,6794200,0.000000
1478,14.790067,6267.138202591,6267.138202591,4856,6798400,0.000000
1479,14.800066,6267.148202212,6267.148202212,4860,6804000,0.000000
1480,14.810068,6267.158204551,6267.158204551,4863,6808200,0.000000
1481,14.820067,6267.168203145,6267.168203145,4866,6812400,0.000000
1482,14.830076,6267.178211680,6267.178211680,4870,6818000,0.000000
1483,14.840065,6267.188201452,6267.188201452,4873,6822200,0.000000
1484,14.850020,6267.198156001,6267.198156001,4876,6826400,0.000000
1485,14.860066,6267.208202279,6267.208202279,4879,6830600,0.000000
1486,14.870065,6267.218200814,6267.218200814,4883,6836200,0.000000
1487,14.880028,6267.228163601,6267.228163601,4886,6840400,0.000000
1488,14.890068,6267.238204426,6267.238204426,4889,6844600,0.000000
1489,14.900015,6267.248151468,6267.248151468,4893,6850200,0.000000
1490,14.910061,6267.258197136,6267.258197136,4896,6854400,0.000000
1491,14.920065,6267.268201399,6267.268201399,4899,6858600,0.000000
1492,14.930066,6267.278201944,6267.278201944,4902,6862800,0.000000
1493,14.940068,6267.288203708,6267.288203708,4906,6868400,0.000000
1494,14.950014,6267.298150397,6267.298150397,4909,6872600,0.000000
1495,14.960072,6267.308207616,6267.308207616,4912,6876800,0.000000
1496,14.970061,6267.318196795,6267.318196795,4916,6882400,0.000000
1497,14.980060,6267.328196151,6267.328196151,4919,6886600,0.000000
1498,14.990073,6267.338208859,6267.338208859,4922,6890800,0.000000
1499,15.000067,6267.348203550,6267.348203550,4925,6895000,0.000000
1500,15.010069,6267.358204778,6267.358204778,4929,6900600,0.000000
1501,15.020066,6267.368202392,6267.368202392,4932,6904800,0.000000
1502,15.030066,6267.378202228,6267.378202228,4935,6909000,0.000000
1503,15.040071,6267.388207326,6267.388207326,4939,6914600,0.000000
1504,15.050071,6267.398207235,6267.398207235,4942,6918800,0.000000
1505,15.060067,6267.408202866,6267.408202866,4945,6923000,0.000000
1506,15.070068,6267.418203768,6267.418203768,4948,6927200,0.000000
1507,15.080068,6267.428204447,6267.428204447,4952,6932800,0.000000
1508,15.090065,6267.438201182,6267.438201182,4955,6937000,0.000000
1509,15.100047,6267.448183015,6267.448183015,4958,6941200,0.000000
1510,15.110025,6267.458160782,6267.458160782,4962,6946800,0.000000
1511,15.120072,6267.468208244,6267.468208244,4965,6951000,0.000000
1512,15.130066,6267.478202397,6267.478202397,4968,6955200,0.000000
1513,15.140070,6267.488205804,6267.488205804,4971,6959400,0.000000
1514,15.150072,6267.498207852,6267.498207852,4975,6965000,0.000000
1515,15.160064,6267.508199742,6267.508199742,4978,6969200,0.000000
1516,15.170060,6267.518196495,6267.518196495,4981,6973400,0.000000
1517,15.180074,6267.528209856,6267.528209856,4985,6979000,0.000000
1518,15.190075,6267.538210983,6267.538210983,4988,6983200,0.000000
1519,15.200069,6267.548204989,6267.548204989,4991,6987400,0.000000
1520,15.210054,6267.558189979,6267.558189979,4994,6991600,0.000000
1521,15.220059,6267.568194916,6267.568194916,4998,6997200,0.000000
1522,15.230039,6267.578174921,6267.578174921,5001,7001400,0.000000
1523,15.240065,6267.588201538,6267.588201538,5004,7005600,0.000000
1524,15.250077,6267.598212931,6267.598212931,5008,7011200,0.000000
1525,15.260052,6267.608187776,6267.608187776,5011,7015400,0.000000
1526,15.270066,6267.618202180,6267.618202180,5014,7019600,0.000000
1527,15.280070,6267.628206072,6267.628206072,5017,7023800,0.000000
1528,15.290060,6267.638195764,6267.638195764,5021,7029400,0.000000
1529,15.300068,6267.648203865,6267.648203865,5024,7033600,0.000000
1530,15.310072,6267.658207874,6267.658207874,5027,7037800,0.000000
1531,15.320084,6267.668219597,6267.668219597,5031,7043400,0.000000
1532,15.330071,6267.678207194,6267.678207194,5034,7047600,0.000000
1533,15.340075,6267.688210939,6267.688210939,5037,7051800,0.000000
1534,15.350073,6267.698209302,6267.698209302,5040,7056000,0.000000
1535,15.360071,6267.708206599,6267.708206599,5044,7061600,0.000000
1536,15.370069,6267.718204823,6267.718204823,5047,7065800,0.000000
1537,15.380068,6267.728203984,6267.728203984,5050,7070000,0.000000
1538,15.390065,6267.738200612,6267.738200612,5053,7074200,0.000000
1539,15.400065,6267.748201411,6267.748201411,5057,7079800,0.000000
1540,15.410065,6267.758201148,6267.758201148,5060,7084000,0.000000
1541,15.420017,6267.768152878,6267.768152878,5063,7088200,0.000000
1542,15.430067,6267.778203414,6267.778203414,5067,7093800,0.000000
1543,15.440068,6267.788203719,6267.788203719,5070,7098000,0.000000
1544,15.450067,6267.798203019,6267.798203019,5073,7102200,0.000000
1545,15.460068,6267.808204152,6267.808204152,5076,7106400,0.000000
1546,15.470073,6267.818209180,6267.818209180,5080,7112000,0.000000
1547,15.480066,6267.828202543,6267.828202543,5083,7116200,0.000000
1548,15.490065,6267.838200603,6267.838200603,5086,7120400,0.000000
1549,15.500070,6267.848205712,6267.848205712,5090,7126000,0.000000
1550,15.510066,6267.858202542,6267.858202542,5093,7130200,0.000000
1551,15.520066,6267.868202122,6267.868202122,5096,7134400,0.000000
1552,15.530070,6267.878205796,6267.878205796,5099,7138600,0.000000
1553,15.540065,6267.888201553,6267.888201553,5103,7144200,0.000000
1554,15.550065,6267.898200769,6267.898200769,5106,7148400,0.000000
1555,15.560067,6267.908203431,6267.908203431,5109,7152600,0.000000
1556,15.570071,6267.918207022,6267.918207022,5113,7158200,0.000000
1557,15.580059,6267.928195293,6267.928195293,5116,7162400,0.000000
1558,15.590068,6267.938203898,6267.938203898,5119,7166600,0.000000
1559,15.600066,6267.948202107,6267.948202107,5122,7170800,0.000000
1560,15.610066,6267.958201601,6267.958201601,5126,7176400,0.000000
1561,15.620069,6267.968205117,6267.968205117,5129,7180600,0.000000
1562,15.630051,6267.978186995,6267.978186995,5132,7184800,0.000000
1563,15.640064,6267.988200355,6267.988200355,5136,7190400,0.000000
1564,15.650067,6267.998203516,6267.998203516,5139,7194600,0.000000
1565,15.660064,6268.008200501,6268.008200501,5142,7198800,0.000000
1566,15.670068,6268.018204094,6268.018204094,5145,7203000,0.000000
1567,15.680066,6268.028202241,6268.028202241,5149,7208600,0.000000
1568,15.690071,6268.038206946,6268.038206946,5152,7212800,0.000000
1569,15.700068,6268.048203615,6268.048203615,5155,7217000,0.000000
1570,15.710012,6268.058148363,6268.058148363,5159,7222600,0.000000
1571,15.720068,6268.068203661,6268.068203661,5162,7226800,0.000000
1572,15.730076,6268.078211894,6268.078211894,5165,7231000,0.000000
1573,15.740072,6268.088207662,6268.088207662,5168,7235200,0.000000
1574,15.750063,6268.098198937,6268.098198937,5172,7240800,0.000000
1575,15.760069,6268.108205025,6268.108205025,5175,7245000,0.000000
1576,15.770037,6268.118173335,6268.118173335,5178,7249200,0.000000
1577,15.780029,6268.128165517,6268.128165517,5182,7254800,0.000000
1578,15.790070,6268.138205997,6268.138205997,5185,7259000,0.000000
1579,15.800069,6268.148204820,6268.148204820,5188,7263200,0.000000
1580,15.810062,6268.158197677,6268.158197677,5191,7267400,0.000000
1581,15.820059,6268.168195111,6268.168195111,5195,7273000,0.000000
1582,15.830071,6268.178206976,6268.178206976,5198,7277200,0.000000
1583,15.840071,6268.188206611,6268.188206611,5201,7281400,0.000000
1584,15.850063,6268.198198805,6268.198198805,5205,7287000,0.000000
1585,15.860066,6268.208202216,6268.208202216,5208,7291200,0.000000
1586,15.870064,6268.218200162,6268.218200162,5211,7295400,0.000000
1587,15.880068,6268.228204243,6268.228204243,5214,7299600,0.000000
1588,15.890023,6268.238158610,6268.238158610,5218,7305200,0.000000
1589,15.900065,6268.248200923,6268.248200923,5221,7309400,0.000000
1590,15.910068,6268.258204036,6268.258204036,5224,7313600,0.000000
1591,15.920035,6268.268170844,6268.268170844,5228,7319200,0.000000
1592,15.930063,6268.278198902,6268.278198902,5231,7323400,0.000000
1593,15.940074,6268.288210368,6268.288210368,5234,7327600,0.000000
1594,15.950070,6268.298205995,6268.298205995,5237,7331800,0.000000
1595,15.960071,6268.308206896,6268.308206896,5241,7337400,0.000000
1596,15.970089,6268.318225434,6268.318225434,5244,7341600,0.000000
1597,15.980069,6268.328204933,6268.328204933,5247,7345800,0.000000
1598,15.990089,6268.338225411,6268.338225411,5251,7351400,0.000000
1599,16.000087,6268.348223268,6268.348223268,5254,7355600,0.000000
1600,16.010070,6268.358206452,6268.358206452,5257,7359800,0.000000
1601,16.020072,6268.368208429,6268.368208429,5260,7364000,0.000000
1602,16.030069,6268.378205418,6268.378205418,5264,7369600,0.000000
1603,16.040067,6268.388203304,6268.388203304,5267,7373800,0.000000
1604,16.050068,6268.398204091,6268.398204091,5270,7378000,0.000000
1605,16.060077,6268.408213258,6268.408213258,5274,7383600,0.000000
1606,16.070064,6268.418200413,6268.418200413,5277,7387800,0.000000
1607,16.080067,6268.428202840,6268.428202840,5280,7392000,0.000000
1608,16.090069,6268.438205285,6268.438205285,5283,7396200,0.000000
1609,16.100065,6268.448201385,6268.448201385,5287,7401800,0.000000
1610,16.110063,6268.458199053,6268.458199053,5290,7406000,0.000000
1611,16.120070,6268.468206162,6268.468206162,5293,7410200,0.000000
1612,16.130070,6268.478206008,6268.478206008,5296,7414400,0.000000
1613,16.140067,6268.488202653,6268.488202653,5300,7420000,0.000000
1614,16.150071,6268.498206582,6268.498206582,5303,7424200,0.000000
1615,16.160066,6268.508202532,6268.508202532,5306,7428400,0.000000
1616,16.170070,6268.518205635,6268.518205635,5310,7434000,0.000000
1617,16.180068,6268.528203768,6268.528203768,5313,7438200,0.000000
1618,16.190071,6268.538207235,6268.538207235,5316,7442400,0.000000
1619,16.200068,6268.548203814,6268.548203814,5319,7446600,0.000000
1620,16.210069,6268.558205563,6268.558205563,5323,7452200,0.000000
1621,16.220070,6268.568206056,6268.568206056,5326,7456400,0.000000
1622,16.230067,6268.578203253,6268.578203253,5329,7460600,0.000000
1623,16.240064,6268.588200487,6268.588200487,5333,7466200,0.000000
1624,16.250066,6268.598202471,6268.598202471,5336,7470400,0.000000
1625,16.260067,6268.608202602,6268.608202602,5339,7474600,0.000000
1626,16.270066,6268.618202130,6268.618202130,5342,7478800,0.000000
1627,16.280070,6268.628206341,6268.628206341,5346,7484400,0.000000
1628,16.290070,6268.638205583,6268.638205583,5349,7488600,0.000000
1629,16.300069,6268.648205167,6268.648205167,5352,7492800,0.000000
1630,16.310061,6268.658197129,6268.658197129,5356,7498400,0.000000
1631,16.320071,6268.668207237,6268.668207237,5359,7502600,0.000000
1632,16.330070,6268.678205607,6268.678205607,5362,7506800,0.000000
1633,16.340067,6268.688203140,6268.688203140,5365,7511000,0.000000
1634,16.350065,6268.698201278,6268.698201278,5369,7516600,0.000000
1635,16.360067,6268.708203093,6268.708203093,5372,7520800,0.000000
1636,16.370065,6268.718201150,6268.718201150,5375,7525000,0.000000
1637,16.380039,6268.728175384,6268.728175384,5379,7530600,0.000000
1638,16.390069,6268.738204734,6268.738204734,5382,7534800,0.000000
1639,16.400072,6268.748208010,6268.748208010,5385,7539000,0.000000
1640,16.410079,6268.758215217,6268.758215217,5388,7543200,0.000000
1641,16.420074,6268.768210452,6268.768210452,5392,7548800,0.000000
1642,16.430070,6268.778206165,6268.778206165,5395,7553000,0.000000
1643,16.440067,6268.788203137,6268.788203137,5398,7557200,0.000000
1644,16.450078,6268.798213915,6268.798213915,5402,7562800,0.000000
1645,16.460066,6268.808202473,6268.808202473,5405,7567000,0.000000
1646,16.470067,6268.818203148,6268.818203148,5408,7571200,0.000000
1647,16.480070,6268.828205668,6268.828205668,5411,7575400,0.000000
1648,16.490064,6268.838199777,6268.838199777,5415,7581000,0.000000
1649,16.500068,6268.848204563,6268.848204563,5418,7585200,0.000000
1650,16.510076,6268.858212037,6268.858212037,5421,7589400,0.000000
1651,16.520049,6268.868185485,6268.868185485,5425,7595000,0.000000
1652,16.530071,6268.878207034,6268.878207034,5428,7599200,0.000000
1653,16.540069,6268.888205047,6268.888205047,5431,7603400,0.000000
1654,16.550072,6268.898207979,6268.898207979,5434,7607600,0.000000
1655,16.560066,6268.908201627,6268.908201627,5438,7613200,0.000000
1656,16.570078,6268.918213960,6268.918213960,5441,7617400,0.000000
1657,16.580080,6268.928216421,6268.928216421,5444,7621600,0.000000
1658,16.590061,6268.938197076,6268.938197076,5448,7627200,0.000000
1659,16.600080,6268.948216013,6268.948216013,5451,7631400,0.000000
1660,16.610078,6268.958214435,6268.958214435,5454,7635600,0.000000
1661,16.620076,6268.968212541,6268.968212541,5457,7639800,0.000000
1662,16.630067,6268.978203154,6268.978203154,5461,7645400,0.000000
1663,16.640082,6268.988218043,6268.988218043,5464,7649600,0.000000
1664,16.650076,6268.998211592,6268.998211592,5467,7653800,0.000000
1665,16.660012,6269.008148243,6269.008148243,5471,7659400,0.000000
1666,16.670074,6269.018209719,6269.018209719,5474,7663600,0.000000
1667,16.680069,6269.028205364,6269.028205364,5477,7667800,0.000000
1668,16.690085,6269.038221559,6269.038221559,5480,7672000,0.000000
1669,16.700090,6269.048225940,6269.048225940,5484,7677600,0.000000
1670,16.710072,6269.058208246,6269.058208246,5487,7681800,0.000000
1671,16.720088,6269.068224157,6269.068224157,5490,7686000,0.000000
1672,16.730043,6269.078179404,6269.078179404,5494,7691600,0.000000
1673,16.740066,6269.088202038,6269.088202038,5497,7695800,0.000000
1674,16.750073,6269.098208582,6269.098208582,5500,7700000,0.000000
1675,16.760092,6269.108228234,6269.108228234,5503,7704200,0.000000
1676,16.770078,6269.118214533,6269.118214533,5507,7709800,0.000000
1677,16.780066,6269.128201972,6269.128201972,5510,7714000,0.000000
1678,16.790068,6269.138203693,6269.138203693,5513,7718200,0.000000
1679,16.800078,6269.148213840,6269.148213840,5517,7723800,0.000000
1680,16.810066,6269.158202128,6269.158202128,5520,7728000,0.000000
1681,16.820069,6269.168205448,6269.168205448,5523,7732200,0.000000
1682,16.830065,6269.178201108,6269.178201108,5526,7736400,0.000000
1683,16.840066,6269.188201838,6269.188201838,5530,7742000,0.000000
1684,16.850069,6269.198205392,6269.198205392,5533,7746200,0.000000
1685,16.860071,6269.208207341,6269.208207341,5536,7750400,0.000000
1686,16.870079,6269.218215521,6269.218215521,5540,7756000,0.000000
1687,16.880066,6269.228202004,6269.228202004,5543,7760200,0.000000
1688,16.890068,6269.238203916,6269.238203916,5546,7764400,0.000000
1689,16.900067,6269.248202961,6269.248202961,5549,7768600,0.000000
1690,16.910067,6269.258202704,6269.258202704,5553,7774200,0.000000
1691,16.920068,6269.268203631,6269.268203631,5556,7778400,0.000000
1692,16.930067,6269.278202804,6269.278202804,5559,7782600,0.000000
1693,16.940070,6269.288206074,6269.288206074,5562,7786800,0.000000
1694,16.950064,6269.298199835,6269.298199835,5566,7792400,0.000000
1695,16.960067,6269.308203276,6269.308203276,5569,7796600,0.000000
1696,16.970071,6269.318207080,6269.318207080,5572,7800800,0.000000
1697,16.980067,6269.328203185,6269.328203185,5576,7806400,0.000000
1698,16.990067,6269.338202581,6269.338202581,5579,7810600,0.000000
1699,17.000069,6269.348205278,6269.348205278,5582,7814800,0.000000
1700,17.010073,6269.358209272,6269.358209272,5585,7819000,0.000000
1701,17.020068,6269.368204516,6269.368204516,5589,7824600,0.000000
1702,17.030068,6269.378203788,6269.378203788,5592,7828800,0.000000
1703,17.040068,6269.388204131,6269.388204131,5595,7833000,0.000000
1704,17.050033,6269.398169297,6269.398169297,5599,7838600,0.000000
1705,17.060087,6269.408222963,6269.408222963,5602,7842800,0.000000
1706,17.070068,6269.418204025,6269.418204025,5605,7847000,0.000000
1707,17.080085,6269.428221401,6269.428221401,5608,7851200,0.000000
1708,17.090078,6269.438214342,6269.438214342,5612,7856800,0.000000
1709,17.100069,6269.448205342,6269.448205342,5615,7861000,0.000000
1710,17.110076,6269.458211944,6269.458211944,5618,7865200,0.000000
1711,17.120067,6269.468203003,6269.468203003,5622,7870800,0.000000
1712,17.130071,6269.478207066,6269.478207066,5625,7875000,0.000000
1713,17.140068,6269.488204421,6269.488204421,5628,7879200,0.000000
1714,17.150073,6269.498209171,6269.498209171,5631,7883400,0.000000
1715,17.160022,6269.508158388,6269.508158388,5635,7889000,0.000000
1716,17.170065,6269.518201466,6269.518201466,5638,7893200,0.000000
1717,17.180061,6269.528196810,6269.528196810,5641,7897400,0.000000
1718,17.190046,6269.538181891,6269.538181891,5645,7903000,0.000000
1719,17.200064,6269.548200182,6269.548200182,5648,7907200,0.000000
1720,17.210074,6269.558209976,6269.558209976,5651,7911400,0.000000
1721,17.220068,6269.568203887,6269.568203887,5654,7915600,0.000000
1722,17.230059,6269.578195481,6269.578195481,5658,7921200,0.000000
1723,17.240066,6269.588202359,6269.588202359,5661,7925400,0.000000
1724,17.250069,6269.598205024,6269.598205024,5664,7929600,0.000000
1725,17.260058,6269.608193957,6269.608193957,5668,7935200,0.000000
1726,17.270067,6269.618203154,6269.618203154,5671,7939400,0.000000
1727,17.280065,6269.628201073,6269.628201073,5674,7943600,0.000000
1728,17.290049,6269.638184863,6269.638184863,5677,7947800,0.000000
1729,17.300065,6269.648200837,6269.648200837,5681,7953400,0.000000
1730,17.310072,6269.658208027,6269.658208027,5684,7957600,0.000000
1731,17.320071,6269.668206943,6269.668206943,5687,7961800,0.000000
1732,17.330032,6269.678168226,6269.678168226,5691,7967400,0.000000
1733,17.340071,6269.688207341,6269.688207341,5694,7971600,0.000000
1734,17.350077,6269.698213190,6269.698213190,5697,7975800,0.000000
1735,17.360064,6269.708200058,6269.708200058,5700,7980000,0.000000
1736,17.370072,6269.718207982,6269.718207982,5704,7985600,0.000000
1737,17.380069,6269.728204799,6269.728204799,5707,7989800,0.000000
1738,17.390077,6269.738212600,6269.738212600,5710,7994000,0.000000
1739,17.400032,6269.748167981,6269.748167981,5714,7999600,0.000000
1740,17.410066,6269.758201760,6269.758201760,5717,8003800,0.000000
1741,17.420066,6269.768201696,6269.768201696,5720,8008000,0.000000
1742,17.430014,6269.778150164,6269.778150164,5723,8012200,0.000000
1743,17.440064,6269.788199630,6269.788199630,5727,8017800,0.000000
1744,17.450064,6269.798200140,6269.798200140,5730,8022000,0.000000
1745,17.460057,6269.808192713,6269.808192713,5733,8026200,0.000000
1746,17.470002,6269.818138172,6269.818138172,5737,8031800,0.000000
1747,17.480065,6269.828200660,6269.828200660,5740,8036000,0.000000
1748,17.490014,6269.838150028,6269.838150028,5743,8040200,0.000000
1749,17.500031,6269.848166795,6269.848166795,5746,8044400,0.000000
1750,17.510068,6269.858203624,6269.858203624,5750,8050000,0.000000
1751,17.520059,6269.868195549,6269.868195549,5753,8054200,0.000000
1752,17.530066,6269.878201673,6269.878201673,5756,8058400,0.000000
1753,17.540063,6269.888198940,6269.888198940,5760,8064000,0.000000
1754,17.550058,6269.898194567,6269.898194567,5763,8068200,0.000000
1755,17.560072,6269.908207735,6269.908207735,5766,8072400,0.000000
1756,17.570067,6269.918202856,6269.918202856,5769,8076600,0.000000
1757,17.580062,6269.928198098,6269.928198098,5773,8082200,0.000000
1758,17.590066,6269.938201982,6269.938201982,5776,8086400,0.000000
1759,17.600069,6269.948204639,6269.948204639,5779,8090600,0.000000
1760,17.610077,6269.958213479,6269.958213479,5783,8096200,0.000000
1761,17.620059,6269.968194808,6269.968194808,5786,8100400,0.000000
1762,17.630091,6269.978227533,6269.978227533,5789,8104600,0.000000
1763,17.640069,6269.988205315,6269.988205315,5792,8108800,0.000000
1764,17.650059,6269.998194676,6269.998194676,5796,8114400,0.000000
1765,17.660072,6270.008208025,6270.008208025,5799,8118600,0.000000
1766,17.670070,6270.018206365,6270.018206365,5802,8122800,0.000000
1767,17.680093,6270.028228929,6270.028228929,5806,8128400,0.000000
1768,17.690078,6270.038214366,6270.038214366,5809,8132600,0.000000
1769,17.700069,6270.048204682,6270.048204682,5812,8136800,0.000000
1770,17.710068,6270.058204473,6270.058204473,5815,8141000,0.000000
1771,17.720075,6270.068211287,6270.068211287,5819,8146600,0.000000
1772,17.730068,6270.078203986,6270.078203986,5822,8150800,0.000000
1773,17.740082,6270.088217650,6270.088217650,5825,8155000,0.000000
1774,17.750070,6270.098206573,6270.098206573,5828,8159200,0.000000
1775,17.760070,6270.108206279,6270.108206279,5832,8164800,0.000000
1776,17.770060,6270.118196143,6270.118196143,5835,8169000,0.000000
1777,17.780067,6270.128203099,6270.128203099,5838,8173200,0.000000
1778,17.790069,6270.138204685,6270.138204685,5842,8178800,0.000000
1779,17.800074,6270.148209695,6270.148209695,5845,8183000,0.000000
1780,17.810066,6270.158201867,6270.158201867,5848,8187200,0.000000
1781,17.820065,6270.168201091,6270.168201091,5851,8191400,0.000000
1782,17.830077,6270.178212800,6270.178212800,5855,8197000,0.000000
1783,17.840064,6270.188200397,6270.188200397,5858,8201200,0.000000
1784,17.850064,6270.198199698,6270.198199698,5861,8205400,0.000000
1785,17.860022,6270.208157722,6270.208157722,5865,8211000,0.000000
1786,17.870065,6270.218200836,6270.218200836,5868,8215200,0.000000
1787,17.880074,6270.228210026,6270.228210026,5871,8219400,0.000000
1788,17.890065,6270.238200839,6270.238200839,5874,8223600,0.000000
1789,17.900068,6270.248203786,6270.248203786,5878,8229200,0.000000
1790,17.910067,6270.258202784,6270.258202784,5881,8233400,0.000000
1791,17.920066,6270.268202192,6270.268202192,5884,8237600,0.000000
1792,17.930062,6270.278197832,6270.278197832,5888,8243200,0.000000
1793,17.940067,6270.288203150,6270.288203150,5891,8247400,0.000000
1794,17.950066,6270.298202384,6270.298202384,5894,8251600,0.000000
1795,17.960066,6270.308202125,6270.308202125,5897,8255800,0.000000
1796,17.970067,6270.318202968,6270.318202968,5901,8261400,0.000000
1797,17.980067,6270.328203102,6270.328203102,5904,8265600,0.000000
1798,17.990069,6270.338204666,6270.338204666,5907,8269800,0.000000
1799,18.000028,6270.348163908,6270.348163908,5911,8275400,0.000000
1800,18.010069,6270.358205431,6270.358205431,5914,8279600,0.000000
1801,18.020067,6270.368202876,6270.368202876,5917,8283800,0.000000
1802,18.030064,6270.378199720,6270.378199720,5920,8288000,0.000000
1803,18.040063,6270.388199325,6270.388199325,5924,8293600,0.000000
1804,18.050065,6270.398200894,6270.398200894,5927,8297800,0.000000
1805,18.060065,6270.408201118,6270.408201118,5930,8302000,0.000000
1806,18.070062,6270.418197873,6270.418197873,5934,8307600,0.000000
1807,18.080062,6270.428198437,6270.428198437,5937,8311800,0.000000
1808,18.090066,6270.438201660,6270.438201660,5940,8316000,0.000000
1809,18.100070,6270.448205965,6270.448205965,5943,8320200,0.000000
1810,18.110069,6270.458205091,6270.458205091,5947,8325800,0.000000
1811,18.120062,6270.468197759,6270.468197759,5950,8330000,0.000000
1812,18.130069,6270.478204754,6270.478204754,5953,8334200,0.000000
1813,18.140054,6270.488190452,6270.488190452,5957,8339800,0.000000
1814,18.150064,6270.498200113,6270.498200113,5960,8344000,0.000000
1815,18.160072,6270.508207592,6270.508207592,5963,8348200,0.000000
1816,18.170069,6270.518205158,6270.518205158,5966,8352400,0.000000
1817,18.180064,6270.528200029,6270.528200029,5970,8358000,0.000000
1818,18.190067,6270.538203512,6270.538203512,5973,8362200,0.000000
1819,18.200067,6270.548202900,6270.548202900,5976,8366400,0.000000
1820,18.210021,6270.558157354,6270.558157354,5980,8372000,0.000000
1821,18.220066,6270.568202149,6270.568202149,5983,8376200,0.000000
1822,18.230068,6270.578203903,6270.578203903,5986,8380400,0.000000
1823,18.240069,6270.588204591,6270.588204591,5989,8384600,0.000000
1824,18.250067,6270.598203237,6270.598203237,5993,8390200,0.000000
1825,18.260078,6270.608214032,6270.608214032,5996,8394400,0.000000
1826,18.270068,6270.618204189,6270.618204189,5999,8398600,0.000000
1827,18.280014,6270.628149931,6270.628149931,6003,8404200,0.000000
1828,18.290077,6270.638212941,6270.638212941,6006,8408400,0.000000
1829,18.300074,6270.648210122,6270.648210122,6009,8412600,0.000000
1830,18.310071,6270.658207381,6270.658207381,6012,8416800,0.000000
1831,18.320069,6270.668205280,6270.668205280,6016,8422400,0.000000
1832,18.330078,6270.678214226,6270.678214226,6019,8426600,0.000000
1833,18.340070,6270.688206543,6270.688206543,6022,8430800,0.000000
1834,18.350054,6270.698189601,6270.698189601,6026,8436400,0.000000
1835,18.360077,6270.708213173,6270.708213173,6029,8440600,0.000000
1836,18.370068,6270.718204349,6270.718204349,6032,8444800,0.000000
1837,18.380067,6270.728202622,6270.728202622,6035,8449000,0.000000
1838,18.390065,6270.738200921,6270.738200921,6039,8454600,0.000000
1839,18.400076,6270.748212290,6270.748212290,6042,8458800,0.000000
1840,18.410062,6270.758198193,6270.758198193,6045,8463000,0.000000
1841,18.420027,6270.768163339,6270.768163339,6049,8468600,0.000000
1842,18.430068,6270.778203674,6270.778203674,6052,8472800,0.000000
1843,18.440068,6270.788203632,6270.788203632,6055,8477000,0.000000
1844,18.450066,6270.798201793,6270.798201793,6058,8481200,0.000000
1845,18.460062,6270.808198444,6270.808198444,6062,8486800,0.000000
1846,18.470068,6270.818204194,6270.818204194,6065,8491000,0.000000
1847,18.480066,6270.828201875,6270.828201875,6068,8495200,0.000000
1848,18.490079,6270.838214829,6270.838214829,6072,8500800,0.000000
1849,18.500068,6270.848203792,6270.848203792,6075,8505000,0.000000
1850,18.510066,6270.858201720,6270.858201720,6078,8509200,0.000000
1851,18.520065,6270.868201070,6270.868201070,6081,8513400,0.000000
1852,18.530064,6270.878200367,6270.878200367,6085,8519000,0.000000
1853,18.540064,6270.888200445,6270.888200445,6088,8523200,0.000000
1854,18.550070,6270.898205751,6270.898205751,6091,8527400,0.000000
1855,18.560067,6270.908202752,6270.908202752,6094,8531600,0.000000
1856,18.570071,6270.918206758,6270.918206758,6098,8537200,0.000000
1857,18.580064,6270.928200056,6270.928200056,6101,8541400,0.000000
1858,18.590070,6270.938206044,6270.938206044,6104,8545600,0.000000
1859,18.600066,6270.948201577,6270.948201577,6108,8551200,0.000000
1860,18.610073,6270.958209509,6270.958209509,6111,8555400,0.000000
1861,18.620067,6270.968203197,6270.968203197,6114,8559600,0.000000
1862,18.630073,6270.978208817,6270.978208817,6117,8563800,0.000000
1863,18.640066,6270.988202515,6270.988202515,6121,8569400,0.000000
1864,18.650072,6270.998208453,6270.998208453,6124,8573600,0.000000
1865,18.660067,6271.008202956,6271.008202956,6127,8577800,0.000000
1866,18.670060,6271.018196249,6271.018196249,6131,8583400,0.000000
1867,18.680024,6271.028160228,6271.028160228,6134,8587600,0.000000
1868,18.690039,6271.038175038,6271.038175038,6137,8591800,0.000000
1869,18.700067,6271.048202939,6271.048202939,6140,8596000,0.000000
1870,18.710070,6271.058206571,6271.058206571,6144,8601600,0.000000
1871,18.720064,6271.068200198,6271.068200198,6147,8605800,0.000000
1872,18.730063,6271.078198584,6271.078198584,6150,8610000,0.000000
1873,18.740035,6271.088170870,6271.088170870,6154,8615600,0.000000
1874,18.750065,6271.098200845,6271.098200845,6157,8619800,0.000000
1875,18.760066,6271.108202151,6271.108202151,6160,8624000,0.000000
1876,18.770029,6271.118165405,6271.118165405,6163,8628200,0.000000
1877,18.780066,6271.128201694,6271.128201694,6167,8633800,0.000000
1878,18.790062,6271.138197944,6271.138197944,6170,8638000,0.000000
1879,18.800065,6271.148201212,6271.148201212,6173,8642200,0.000000
1880,18.810062,6271.158198038,6271.158198038,6177,8647800,0.000000
1881,18.820060,6271.168195866,6271.168195866,6180,8652000,0.000000
1882,18.830069,6271.178205571,6271.178205571,6183,8656200,0.000000
1883,18.840066,6271.188202067,6271.188202067,6186,8660400,0.000000
1884,18.850064,6271.198199644,6271.198199644,6190,8666000,0.000000
1885,18.860069,6271.208204980,6271.208204980,6193,8670200,0.000000
1886,18.870093,6271.218229451,6271.218229451,6196,8674400,0.000000
1887,18.880015,6271.228151006,6271.228151006,6200,8680000,0.000000
1888,18.890065,6271.238200664,6271.238200664,6203,8684200,0.000000
1889,18.900068,6271.248204391,6271.248204391,6206,8688400,0.000000
1890,18.910070,6271.258205652,6271.258205652,6209,8692600,0.000000
1891,18.920065,6271.268201038,6271.268201038,6213,8698200,0.000000
1892,18.930068,6271.278203811,6271.278203811,6216,8702400,0.000000
1893,18.940067,6271.288203196,6271.288203196,6219,8706600,0.000000
1894,18.950059,6271.298194711,6271.298194711,6223,8712200,0.000000
1895,18.960072,6271.308208242,6271.308208242,6226,8716400,0.000000
1896,18.970073,6271.318209317,6271.318209317,6229,8720600,0.000000
1897,18.980070,6271.328205826,6271.328205826,6232,8724800,0.000000
1898,18.990069,6271.338204682,6271.338204682,6236,8730400,0.000000
1899,19.000070,6271.348206136,6271.348206136,6239,8734600,0.000000
1900,19.010068,6271.358203904,6271.358203904,6242,8738800,0.000000
1901,19.020057,6271.368192584,6271.368192584,6246,8744400,0.000000
1902,19.030072,6271.378208323,6271.378208323,6249,8748600,0.000000
1903,19.040071,6271.388207068,6271.388207068,6252,8752800,0.000000
1904,19.050070,6271.398206037,6271.398206037,6255,8757000,0.000000
1905,19.060060,6271.408196121,6271.408196121,6259,8762600,0.000000
1906,19.070063,6271.418199419,6271.418199419,6262,8766800,0.000000
1907,19.080071,6271.428207538,6271.428207538,6265,8771000,0.000000
1908,19.090017,6271.438153272,6271.438153272,6269,8776600,0.000000
1909,19.100066,6271.448202198,6271.448202198,6272,8780800,0.000000
1910,19.110072,6271.458208104,6271.458208104,6275,8785000,0.000000
1911,19.120076,6271.468212032,6271.468212032,6278,8789200,0.000000
1912,19.130068,6271.478204262,6271.478204262,6282,8794800,0.000000
1913,19.140070,6271.488205973,6271.488205973,6285,8799000,0.000000
1914,19.150087,6271.498222605,6271.498222605,6288,8803200,0.000000
1915,19.160058,6271.508193647,6271.508193647,6292,8808800,0.000000
1916,19.170068,6271.518203606,6271.518203606,6295,8813000,0.000000
1917,19.180070,6271.528206497,6271.528206497,6298,8817200,0.000000
1918,19.190068,6271.538203932,6271.538203932,6301,8821400,0.000000
1919,19.200065,6271.548201039,6271.548201039,6305,8827000,0.000000
1920,19.210068,6271.558204231,6271.558204231,6308,8831200,0.000000
1921,19.220070,6271.568205961,6271.568205961,6311,8835400,0.000000
1922,19.230054,6271.578189867,6271.578189867,6315,8841000,0.000000
1923,19.240079,6271.588214882,6271.588214882,6318,8845200,0.000000
1924,19.250068,6271.598203775,6271.598203775,6321,8849400,0.000000
1925,19.260069,6271.608204978,6271.608204978,6324,8853600,0.000000
1926,19.270065,6271.618200704,6271.618200704,6328,8859200,0.000000
1927,19.280065,6271.628201097,6271.628201097,6331,8863400,0.000000
1928,19.290066,6271.638202278,6271.638202278,6334,8867600,0.000000
1929,19.300075,6271.648210891,6271.648210891,6338,8873200,0.000000
1930,19.310060,6271.658196146,6271.658196146,6341,8877400,0.000000
1931,19.320069,6271.668205246,6271.668205246,6344,8881600,0.000000
1932,19.330081,6271.678217136,6271.678217136,6347,8885800,0.000000
1933,19.340067,6271.688203430,6271.688203430,6351,8891400,0.000000
1934,19.350067,6271.698203002,6271.698203002,6354,8895600,0.000000
1935,19.360064,6271.708199938,6271.708199938,6357,8899800,0.000000
1936,19.370062,6271.718198144,6271.718198144,6360,8904000,0.000000
1937,19.380067,6271.728202655,6271.728202655,6364,8909600,0.000000
1938,19.390064,6271.738200233,6271.738200233,6367,8913800,0.000000
1939,19.400079,6271.748215300,6271.748215300,6370,8918000,0.000000
1940,19.410042,6271.758178063,6271.758178063,6374,8923600,0.000000
1941,19.420066,6271.768202439,6271.768202439,6377,8927800,0.000000
1942,19.430029,6271.778165272,6271.778165272,6380,8932000,0.000000
1943,19.440068,6271.788204366,6271.788204366,6383,8936200,0.000000
1944,19.450068,6271.798204121,6271.798204121,6387,8941800,0.000000
1945,19.460032,6271.808168484,6271.808168484,6390,8946000,0.000000
1946,19.470063,6271.818199505,6271.818199505,6393,8950200,0.000000
1947,19.480064,6271.828199791,6271.828199791,6397,8955800,0.000000
1948,19.490067,6271.838202912,6271.838202912,6400,8960000,0.000000
1949,19.500067,6271.848202687,6271.848202687,6403,8964200,0.000000
1950,19.510067,6271.858203007,6271.858203007,6406,8968400,0.000000
1951,19.520063,6271.868199386,6271.868199386,6410,8974000,0.000000
1952,19.530068,6271.878204176,6271.878204176,6413,8978200,0.000000
1953,19.540068,6271.888204190,6271.888204190,6416,8982400,0.000000
1954,19.550027,6271.898163542,6271.898163542,6420,8988000,0.000000
1955,19.560067,6271.908202800,6271.908202800,6423,8992200,0.000000
1956,19.570067,6271.918202655,6271.918202655,6426,8996400,0.000000
1957,19.580083,6271.928218670,6271.928218670,6429,9000600,0.000000
1958,19.590068,6271.938204248,6271.938204248,6433,9006200,0.000000
1959,19.600068,6271.948203601,6271.948203601,6436,9010400,0.000000
1960,19.610060,6271.958195994,6271.958195994,6439,9014600,0.000000
1961,19.620050,6271.968186027,6271.968186027,6443,9020200,0.000000
1962,19.630065,6271.978200665,6271.978200665,6446,9024400,0.000000
1963,19.640066,6271.988201686,6271.988201686,6449,9028600,0.000000
1964,19.650063,6271.998199309,6271.998199309,6452,9032800,0.000000
1965,19.660066,6272.008202505,6272.008202505,6456,9038400,0.000000
1966,19.670065,6272.018201307,6272.018201307,6459,9042600,0.000000
1967,19.680083,6272.028219209,6272.028219209,6462,9046800,0.000000
1968,19.690036,6272.038171884,6272.038171884,6466,9052400,0.000000
1969,19.700071,6272.048207422,6272.048207422,6469,9056600,0.000000
1970,19.710067,6272.058203279,6272.058203279,6472,9060800,0.000000
1971,19.720071,6272.068207064,6272.068207064,6475,9065000,0.000000
1972,19.730071,6272.078206743,6272.078206743,6479,9070600,0.000000
1973,19.740068,6272.088204000,6272.088204000,6482,9074800,0.000000
1974,19.750068,6272.098203635,6272.098203635,6485,9079000,0.000000
1975,19.760020,6272.108155618,6272.108155618,6489,9084600,0.000000
1976,19.770073,6272.118209049,6272.118209049,6492,9088800,0.000000
1977,19.780071,6272.128207329,6272.128207329,6495,9093000,0.000000
1978,19.790069,6272.138204752,6272.138204752,6498,9097200,0.000000
1979,19.800069,6272.148205072,6272.148205072,6502,9102800,0.000000
1980,19.810070,6272.158206473,6272.158206473,6505,9107000,0.000000
1981,19.820069,6272.168205257,6272.168205257,6508,9111200,0.000000
1982,19.830063,6272.178199523,6272.178199523,6512,9116800,0.000000
1983,19.840061,6272.188196907,6272.188196907,6515,9121000,0.000000
1984,19.850068,6272.198203580,6272.198203580,6518,9125200,0.000000
1985,19.860068,6272.208203624,6272.208203624,6521,9129400,0.000000
1986,19.870069,6272.218205428,6272.218205428,6525,9135000,0.000000
1987,19.880067,6272.228203548,6272.228203548,6528,9139200,0.000000
1988,19.890066,6272.238202122,6272.238202122,6531,9143400,0.000000
1989,19.900020,6272.248156317,6272.248156317,6535,9149000,0.000000
1990,19.910068,6272.258203870,6272.258203870,6538,9153200,0.000000
1991,19.920067,6272.268203292,6272.268203292,6541,9157400,0.000000
1992,19.930064,6272.278200561,6272.278200561,6544,9161600,0.000000
1993,19.940066,6272.288201953,6272.288201953,6548,9167200,0.000000
1994,19.950067,6272.298203052,6272.298203052,6551,9171400,0.000000
1995,19.960071,6272.308207271,6272.308207271,6554,9175600,0.000000
1996,19.970067,6272.318203205,6272.318203205,6558,9181200,0.000000
1997,19.980066,6272.328202295,6272.328202295,6561,9185400,0.000000
1998,19.990079,6272.338214874,6272.338214874,6564,9189600,0.000000
1999,20.000066,6272.348202121,6272.348202121,6567,9193800,0.000000
2000,20.010066,6272.358201871,6272.358201871,6571,9199400,0.000000
2001,20.020066,6272.368201872,6272.368201872,6574,9203600,0.000000
2002,20.030068,6272.378203780,6272.378203780,6577,9207800,0.000000
2003,20.040071,6272.388206761,6272.388206761,6581,9213400,0.000000
2004,20.050064,6272.398200537,6272.398200537,6584,9217600,0.000000
2005,20.060072,6272.408208184,6272.408208184,6587,9221800,0.000000
2006,20.070066,6272.418202427,6272.418202427,6590,9226000,0.000000
2007,20.080067,6272.428203078,6272.428203078,6594,9231600,0.000000
2008,20.090067,6272.438203002,6272.438203002,6597,9235800,0.000000
2009,20.100065,6272.448201330,6272.448201330,6600,9240000,0.000000
2010,20.110073,6272.458208656,6272.458208656,6604,9245600,0.000000
2011,20.120069,6272.468205315,6272.468205315,6607,9249800,0.000000
2012,20.130068,6272.478204008,6272.478204008,6610,9254000,0.000000
2013,20.140068,6272.488204135,6272.488204135,6613,9258200,0.000000
2014,20.150065,6272.498201253,6272.498201253,6617,9263800,0.000000
2015,20.160070,6272.508206314,6272.508206314,6620,9268000,0.000000
2016,20.170065,6272.518201211,6272.518201211,6623,9272200,0.000000
2017,20.180027,6272.528163168,6272.528163168,6626,9276400,0.000000
2018,20.190071,6272.538206796,6272.538206796,6630,9282000,0.000000
2019,20.200067,6272.548203478,6272.548203478,6633,9286200,0.000000
2020,20.210065,6272.558201118,6272.558201118,6636,9290400,0.000000
2021,20.220067,6272.568203535,6272.568203535,6640,9296000,0.000000
2022,20.230059,6272.578195412,6272.578195412,6643,9300200,0.000000
2023,20.240061,6272.588196869,6272.588196869,6646,9304400,0.000000
2024,20.250088,6272.598223595,6272.598223595,6649,9308600,0.000000
2025,20.260067,6272.608202958,6272.608202958,6653,9314200,0.000000
2026,20.270067,6272.618202831,6272.618202831,6656,9318400,0.000000
2027,20.280069,6272.628204847,6272.628204847,6659,9322600,0.000000
2028,20.290061,6272.638197404,6272.638197404,6663,9328200,0.000000
2029,20.300061,6272.648197498,6272.648197498,6666,9332400,0.000000
2030,20.310073,6272.658208682,6272.658208682,6669,9336600,0.000000
2031,20.320064,6272.668200159,6272.668200159,6672,9340800,0.000000
2032,20.330065,6272.678201288,6272.678201288,6676,9346400,0.000000
2033,20.340062,6272.688198179,6272.688198179,6679,9350600,0.000000
2034,20.350068,6272.698204101,6272.698204101,6682,9354800,0.000000
2035,20.360017,6272.708153427,6272.708153427,6686,9360400,0.000000
2036,20.370067,6272.718202584,6272.718202584,6689,9364600,0.000000
2037,20.380091,6272.728227126,6272.728227126,6692,9368800,0.000000
2038,20.390070,6272.738205901,6272.738205901,6695,9373000,0.000000
2039,20.400071,6272.748206742,6272.748206742,6699,9378600,0.000000
2040,20.410066,6272.758202263,6272.758202263,6702,9382800,0.000000
2041,20.420072,6272.768207637,6272.768207637,6705,9387000,0.000000
2042,20.430075,6272.778210870,6272.778210870,6709,9392600,0.000000
2043,20.440063,6272.788199096,6272.788199096,6712,9396800,0.000000
2044,20.450070,6272.798205902,6272.798205902,6715,9401000,0.000000
2045,20.460067,6272.808202888,6272.808202888,6718,9405200,0.000000
2046,20.470064,6272.818200311,6272.818200311,6722,9410800,0.000000
2047,20.480072,6272.828208361,6272.828208361,6725,9415000,0.000000
2048,20.490066,6272.838201890,6272.838201890,6728,9419200,0.000000
2049,20.500016,6272.848152045,6272.848152045,6732,9424800,0.000000
2050,20.510069,6272.858204602,6272.858204602,6735,9429000,0.000000
2051,20.520066,6272.868201800,6272.868201800,6738,9433200,0.000000
2052,20.530065,6272.878200778,6272.878200778,6741,9437400,0.000000
2053,20.540062,6272.888197597,6272.888197597,6745,9443000,0.000000
2054,20.550061,6272.898196954,6272.898196954,6748,9447200,0.000000
2055,20.560069,6272.908205555,6272.908205555,6751,9451400,0.000000
2056,20.570054,6272.918189749,6272.918189749,6755,9457000,0.000000
2057,20.580067,6272.928203273,6272.928203273,6758,9461200,0.000000
2058,20.590070,6272.938206084,6272.938206084,6761,9465400,0.000000
2059,20.600067,6272.948202580,6272.948202580,6764,9469600,0.000000
2060,20.610059,6272.958194930,6272.958194930,6768,9475200,0.000000
2061,20.620069,6272.968204596,6272.968204596,6771,9479400,0.000000
2062,20.630066,6272.978202574,6272.978202574,6774,9483600,0.000000
2063,20.640009,6272.988144701,6272.988144701,6778,9489200,0.000000
2064,20.650067,6272.998202663,6272.998202663,6781,9493400,0.000000
2065,20.660068,6273.008203647,6273.008203647,6784,9497600,0.000000
2066,20.670068,6273.018203940,6273.018203940,6787,9501800,0.000000
2067,20.680062,6273.028198433,6273.028198433,6791,9507400,0.000000
2068,20.690066,6273.038202164,6273.038202164,6794,9511600,0.000000
2069,20.700063,6273.048199566,6273.048199566,6797,9515800,0.000000
2070,20.710022,6273.058158515,6273.058158515,6801,9521400,0.000000
2071,20.720064,6273.068200384,6273.068200384,6804,9525600,0.000000
2072,20.730067,6273.078202945,6273.078202945,6807,9529800,0.000000
2073,20.740065,6273.088200604,6273.088200604,6810,9534000,0.000000
2074,20.750059,6273.098194811,6273.098194811,6814,9539600,0.000000
2075,20.760072,6273.108208317,6273.108208317,6817,9543800,0.000000
2076,20.770074,6273.118210289,6273.118210289,6820,9548000,0.000000
2077,20.780062,6273.128198567,6273.128198567,6824,9553600,0.000000
2078,20.790066,6273.138201757,6273.138201757,6827,9557800,0.000000
2079,20.800065,6273.148201208,6273.148201208,6830,9562000,0.000000
2080,20.810067,6273.158203027,6273.158203027,6833,9566200,0.000000
2081,20.820072,6273.168208517,6273.168208517,6837,9571800,0.000000
2082,20.830086,6273.178222115,6273.178222115,6840,9576000,0.000000
2083,20.840075,6273.188211506,6273.188211506,6843,9580200,0.000000
2084,20.850119,6273.198255096,6273.198255096,6847,9585800,0.000000
2085,20.860064,6273.208200571,6273.208200571,6850,9590000,0.000000
2086,20.870072,6273.218207801,6273.218207801,6853,9594200,0.000000
2087,20.880039,6273.228175309,6273.228175309,6856,9598400,0.000000
2088,20.890071,6273.238207055,6273.238207055,6860,9604000,0.000000
2089,20.900083,6273.248219142,6273.248219142,6863,9608200,0.000000
2090,20.910067,6273.258203007,6273.258203007,6866,9612400,0.000000
2091,20.920066,6273.268202299,6273.268202299,6869,9616600,0.003045
2092,20.930060,6273.278195909,6273.278195909,6873,9622200,0.000000
2093,20.940076,6273.288212077,6273.288212077,6876,9626400,0.000000
2094,20.950070,6273.298206311,6273.298206311,6879,9630600,0.000000
2095,20.960064,6273.308199900,6273.308199900,6883,9636200,0.000000
2096,20.970067,6273.318203101,6273.318203101,6886,9640400,0.000000
2097,20.980069,6273.328205207,6273.328205207,6889,9644600,0.000000
2098,20.990070,6273.338206341,6273.338206341,6892,9648800,0.000000
2099,21.000066,6273.348202127,6273.348202127,6896,9654400,0.000000
2100,21.010066,6273.358201631,6273.358201631,6899,9658600,0.000000
2101,21.020072,6273.368208204,6273.368208204,6902,9662800,0.000000
2102,21.030065,6273.378200862,6273.378200862,6906,9668400,0.000000
2103,21.040071,6273.388206738,6273.388206738,6909,9672600,0.000000
2104,21.050075,6273.398210692,6273.398210692,6912,9676800,0.000000
2105,21.060071,6273.408206724,6273.408206724,6915,9681000,0.000000
2106,21.070068,6273.418204571,6273.418204571,6919,9686600,0.000000
2107,21.080068,6273.428204033,6273.428204033,6922,9690800,0.000000
2108,21.090072,6273.438207932,6273.438207932,6925,9695000,0.000000
2109,21.100064,6273.448199851,6273.448199851,6929,9700600,0.000000
2110,21.110068,6273.458203771,6273.458203771,6932,9704800,0.000000
2111,21.120087,6273.468222977,6273.468222977,6935,9709000,0.000000
2112,21.130069,6273.478204829,6273.478204829,6938,9713200,0.000000
2113,21.140071,6273.488206697,6273.488206697,6942,9718800,0.000000
2114,21.150072,6273.498207817,6273.498207817,6945,9723000,0.000000
2115,21.160070,6273.508206301,6273.508206301,6948,9727200,0.000000
2116,21.170046,6273.518181946,6273.518181946,6952,9732800,0.000000
2117,21.180071,6273.528207141,6273.528207141,6955,9737000,0.000000
2118,21.190070,6273.538206066,6273.538206066,6958,9741200,0.000000
2119,21.200070,6273.548206358,6273.548206358,6961,9745400,0.000000
2120,21.210069,6273.558204693,6273.558204693,6965,9751000,0.000000
2121,21.220073,6273.568209298,6273.568209298,6968,9755200,0.000000
2122,21.230072,6273.578208441,6273.578208441,6971,9759400,0.000000
2123,21.240068,6273.588204133,6273.588204133,6975,9765000,0.000000
2124,21.250065,6273.598201206,6273.598201206,6978,9769200,0.000000
2125,21.260067,6273.608202635,6273.608202635,6981,9773400,0.000000
2126,21.270067,6273.618203544,6273.618203544,6984,9777600,0.000000
2127,21.280069,6273.628204604,6273.628204604,6988,9783200,0.000000
2128,21.290064,6273.638199674,6273.638199674,6991,9787400,0.000000
2129,21.300063,6273.648199550,6273.648199550,6994,9791600,0.000000
2130,21.310058,6273.658194077,6273.658194077,6998,9797200,0.000000
2131,21.320052,6273.668187765,6273.668187765,7001,9801400,0.000000
2132,21.330013,6273.678148674,6273.678148674,7004,9805600,0.000000
2133,21.340090,6273.688226187,6273.688226187,7007,9809800,0.000000
2134,21.350064,6273.698199654,6273.698199654,7011,9815400,0.000000
2135,21.360064,6273.708200357,6273.708200357,7014,9819600,0.000000
2136,21.370059,6273.718195356,6273.718195356,7017,9823800,0.000000
2137,21.380032,6273.728167956,6273.728167956,7021,9829400,0.000000
2138,21.390022,6273.738158057,6273.738158057,7024,9833600,0.000000
2139,21.400066,6273.748201576,6273.748201576,7027,9837800,0.000000
2140,21.410077,6273.758213557,6273.758213557,7030,9842000,0.000000
2141,21.420069,6273.768204587,6273.768204587,7034,9847600,0.000000
2142,21.430073,6273.778208853,6273.778208853,7037,9851800,0.000000
2143,21.440064,6273.788200513,6273.788200513,7040,9856000,0.000000
2144,21.450058,6273.798194011,6273.798194011,7044,9861600,0.000000
2145,21.460028,6273.808164371,6273.808164371,7047,9865800,0.000000
2146,21.470066,6273.818202103,6273.818202103,7050,9870000,0.000000
2147,21.480141,6273.828277242,6273.828277242,7053,9874200,0.000000
2148,21.490060,6273.838195725,6273.838195725,7057,9879800,0.000000
2149,21.500070,6273.848206484,6273.848206484,7060,9884000,0.000000
2150,21.510077,6273.858212577,6273.858212577,7063,9888200,0.000000
2151,21.520121,6273.868256613,6273.868256613,7067,9893800,0.000000
2152,21.530072,6273.878208420,6273.878208420,7070,9898000,0.000000
2153,21.540072,6273.888207619,6273.888207619,7073,9902200,0.000000
2154,21.550065,6273.898200958,6273.898200958,7076,9906400,0.000000
2155,21.560058,6273.908194085,6273.908194085,7080,9912000,0.000000
2156,21.570064,6273.918200288,6273.918200288,7083,9916200,0.000000
2157,21.580080,6273.928216510,6273.928216510,7086,9920400,0.000000
2158,21.590073,6273.938209514,6273.938209514,7090,9926000,0.000000
2159,21.600067,6273.948202690,6273.948202690,7093,9930200,0.000000
2160,21.610069,6273.958204946,6273.958204946,7096,9934400,0.000000
2161,21.620067,6273.968203176,6273.968203176,7099,9938600,0.000000
2162,21.630070,6273.978206338,6273.978206338,7103,9944200,0.000000
2163,21.640067,6273.988202897,6273.988202897,7106,9948400,0.000000
2164,21.650068,6273.998203691,6273.998203691,7109,9952600,0.000000
2165,21.660075,6274.008210620,6274.008210620,7113,9958200,0.000000
2166,21.670061,6274.018197468,6274.018197468,7116,9962400,0.000000
2167,21.680065,6274.028201433,6274.028201433,7119,9966600,0.000000
2168,21.690066,6274.038202104,6274.038202104,7122,9970800,0.000000
2169,21.700066,6274.048202501,6274.048202501,7126,9976400,0.000000
2170,21.710067,6274.058202722,6274.058202722,7129,9980600,0.000000
2171,21.720068,6274.068203865,6274.068203865,7132,9984800,0.000000
2172,21.730063,6274.078199206,6274.078199206,7135,9989000,0.000000
2173,21.740066,6274.088202561,6274.088202561,7139,9994600,0.000000
2174,21.750067,6274.098202745,6274.098202745,7142,9998800,0.000000
2175,21.760073,6274.108208722,6274.108208722,7145,10003000,0.000000
2176,21.770070,6274.118206361,6274.118206361,7149,10008600,0.000000
2177,21.780069,6274.128205137,6274.128205137,7152,10012800,0.000000
2178,21.790033,6274.138169272,6274.138169272,7155,10017000,0.000000
2179,21.800072,6274.148207716,6274.148207716,7158,10021200,0.000000
2180,21.810065,6274.158201138,6274.158201138,7162,10026800,0.000000
2181,21.820023,6274.168159183,6274.168159183,7165,10031000,0.000000
2182,21.830062,6274.178197894,6274.178197894,7168,10035200,0.000000
2183,21.840059,6274.188195343,6274.188195343,7172,10040800,0.000000
2184,21.850071,6274.198207528,6274.198207528,7175,10045000,0.000000
2185,21.860066,6274.208202297,6274.208202297,7178,10049200,0.000000
2186,21.870068,6274.218203856,6274.218203856,7181,10053400,0.000000
2187,21.880065,6274.228200791,6274.228200791,7185,10059000,0.000000
2188,21.890067,6274.238202722,6274.238202722,7188,10063200,0.000000
2189,21.900066,6274.248202138,6274.248202138,7191,10067400,0.000000
2190,21.910059,6274.258195183,6274.258195183,7195,10073000,0.000000
2191,21.920068,6274.268203698,6274.268203698,7198,10077200,0.000000
2192,21.930032,6274.278168384,6274.278168384,7201,10081400,0.000000
2193,21.940064,6274.288200137,6274.288200137,7204,10085600,0.000000
2194,21.950069,6274.298205526,6274.298205526,7208,10091200,0.000000
2195,21.960064,6274.308200050,6274.308200050,7211,10095400,0.000000
2196,21.970065,6274.318200957,6274.318200957,7214,10099600,0.000000
2197,21.980020,6274.328156205,6274.328156205,7218,10105200,0.000000
2198,21.990069,6274.338204599,6274.338204599,7221,10109400,0.000000
2199,22.000071,6274.348207478,6274.348207478,7224,10113600,0.000000
2200,22.010063,6274.358199462,6274.358199462,7227,10117800,0.000000
2201,22.020116,6274.368251639,6274.368251639,7231,10123400,0.000000
2202,22.030065,6274.378200658,6274.378200658,7234,10127600,0.000000
2203,22.040029,6274.388164592,6274.388164592,7237,10131800,0.000000
2204,22.050059,6274.398194989,6274.398194989,7241,10137400,0.000000
2205,22.060038,6274.408174282,6274.408174282,7244,10141600,0.000000
2206,22.070063,6274.418199133,6274.418199133,7247,10145800,0.000000
2207,22.080060,6274.428195594,6274.428195594,7250,10150000,0.000000
2208,22.090061,6274.438197347,6274.438197347,7254,10155600,0.000000
2209,22.100078,6274.448214076,6274.448214076,7257,10159800,0.000000
2210,22.110065,6274.458200820,6274.458200820,7260,10164000,0.000000
2211,22.120033,6274.468168910,6274.468168910,7264,10169600,0.000000
2212,22.130037,6274.478173075,6274.478173075,7267,10173800,0.000000
2213,22.140064,6274.488200295,6274.488200295,7270,10178000,0.000000
2214,22.150037,6274.498172885,6274.498172885,7273,10182200,0.000000
2215,22.160061,6274.508197427,6274.508197427,7277,10187800,0.000000
2216,22.170066,6274.518202432,6274.518202432,7280,10192000,0.000000
2217,22.180061,6274.528197194,6274.528197194,7283,10196200,0.000000
2218,22.190066,6274.538202224,6274.538202224,7287,10201800,0.000000
2219,22.200061,6274.548196936,6274.548196936,7290,10206000,0.000000
2220,22.210066,6274.558202288,6274.558202288,7293,10210200,0.000000
2221,22.220066,6274.568202429,6274.568202429,7296,10214400,0.000000
2222,22.230012,6274.578147647,6274.578147647,7300,10220000,0.000000
2223,22.240068,6274.588204519,6274.588204519,7303,10224200,0.000000
2224,22.250088,6274.598223912,6274.598223912,7306,10228400,0.000000
2225,22.260005,6274.608141073,6274.608141073,7310,10234000,0.000000
2226,22.270066,6274.618202334,6274.618202334,7313,10238200,0.000000
2227,22.280049,6274.628185163,6274.628185163,7316,10242400,0.000000
2228,22.290071,6274.638206654,6274.638206654,7319,10246600,0.000000
2229,22.300061,6274.648197128,6274.648197128,7323,10252200,0.000000
2230,22.310110,6274.658245839,6274.658245839,7326,10256400,0.000000
2231,22.320079,6274.668214611,6274.668214611,7329,10260600,0.000000
2232,22.330044,6274.678180088,6274.678180088,7333,10266200,0.000000
2233,22.340064,6274.688199708,6274.688199708,7336,10270400,0.000000
2234,22.350066,6274.698202428,6274.698202428,7339,10274600,0.000000
2235,22.360068,6274.708204308,6274.708204308,7342,10278800,0.000000
2236,22.370076,6274.718211978,6274.718211978,7346,10284400,0.000000
2237,22.380068,6274.728203965,6274.728203965,7349,10288600,0.000000
2238,22.390018,6274.738154556,6274.738154556,7352,10292800,0.000000
2239,22.400083,6274.748219087,6274.748219087,7356,10298400,0.000000
2240,22.410065,6274.758201409,6274.758201409,7359,10302600,0.000000
2241,22.420064,6274.768200373,6274.768200373,7362,10306800,0.000000
2242,22.430067,6274.778203161,6274.778203161,7365,10311000,0.000000
2243,22.440064,6274.788200170,6274.788200170,7369,10316600,0.000000
2244,22.450033,6274.798169439,6274.798169439,7372,10320800,0.000000
2245,22.460074,6274.808210362,6274.808210362,7375,10325000,0.000000
2246,22.470088,6274.818224050,6274.818224050,7379,10330600,0.000000
2247,22.480064,6274.828200253,6274.828200253,7382,10334800,0.000000
2248,22.490086,6274.838222068,6274.838222068,7385,10339000,0.000000
2249,22.500068,6274.848204373,6274.848204373,7388,10343200,0.000000
2250,22.510071,6274.858206824,6274.858206824,7392,10348800,0.000000
2251,22.520066,6274.868202002,6274.868202002,7395,10353000,0.000000
2252,22.530068,6274.878203794,6274.878203794,7398,10357200,0.000000
2253,22.540066,6274.888202382,6274.888202382,7401,10361400,0.000000
2254,22.550066,6274.898201876,6274.898201876,7405,10367000,0.000000
2255,22.560061,6274.908196871,6274.908196871,7408,10371200,0.000000
2256,22.570060,6274.918196487,6274.918196487,7411,10375400,0.000000
2257,22.580068,6274.928203860,6274.928203860,7415,10381000,0.000000
2258,22.590095,6274.938230616,6274.938230616,7418,10385200,0.000000
2259,22.600066,6274.948201618,6274.948201618,7421,10389400,0.000000
2260,22.610065,6274.958201344,6274.958201344,7424,10393600,0.000000
2261,22.620055,6274.968190838,6274.968190838,7428,10399200,0.000000
2262,22.630069,6274.978204679,6274.978204679,7431,10403400,0.000000
2263,22.640018,6274.988154160,6274.988154160,7434,10407600,0.000000
2264,22.650065,6274.998201281,6274.998201281,7438,10413200,0.000000
2265,22.660067,6275.008202986,6275.008202986,7441,10417400,0.000000
2266,22.670026,6275.018162339,6275.018162339,7444,10421600,0.000000
2267,22.680068,6275.028203833,6275.028203833,7447,10425800,0.000000
2268,22.690073,6275.038209334,6275.038209334,7451,10431400,0.000000
2269,22.700070,6275.048205896,6275.048205896,7454,10435600,0.000000
2270,22.710065,6275.058201265,6275.058201265,7457,10439800,0.000000
2271,22.720061,6275.068196728,6275.068196728,7461,10445400,0.000000
2272,22.730066,6275.078201865,6275.078201865,7464,10449600,0.000000
2273,22.740065,6275.088201137,6275.088201137,7467,10453800,0.000000
2274,22.750066,6275.098201924,6275.098201924,7470,10458000,0.000000
2275,22.760068,6275.108204520,6275.108204520,7474,10463600,0.000000
2276,22.770064,6275.118200291,6275.118200291,7477,10467800,0.000000
2277,22.780023,6275.128158972,6275.128158972,7480,10472000,0.000000
2278,22.790030,6275.138165598,6275.138165598,7484,10477600,0.000000
2279,22.800068,6275.148203918,6275.148203918,7487,10481800,0.000000
2280,22.810068,6275.158203997,6275.158203997,7490,10486000,0.000000
2281,22.820069,6275.168205232,6275.168205232,7493,10490200,0.000000
2282,22.830064,6275.178200265,6275.178200265,7497,10495800,0.000000
2283,22.840017,6275.188153017,6275.188153017,7500,10500000,0.000000
2284,22.850071,6275.198207074,6275.198207074,7503,10504200,0.000000
2285,22.860063,6275.208198805,6275.208198805,7507,10509800,0.000000
2286,22.870068,6275.218204194,6275.218204194,7510,10514000,0.000000
2287,22.880071,6275.228206829,6275.228206829,7513,10518200,0.000000
2288,22.890068,6275.238204271,6275.238204271,7516,10522400,0.000000
2289,22.900059,6275.248195045,6275.248195045,7520,10528000,0.000000
2290,22.910065,6275.258200775,6275.258200775,7523,10532200,0.000000
2291,22.920066,6275.268201618,6275.268201618,7526,10536400,0.000000
2292,22.930058,6275.278194019,6275.278194019,7530,10542000,0.000000
2293,22.940067,6275.288202820,6275.288202820,7533,10546200,0.000000
2294,22.950065,6275.298201380,6275.298201380,7536,10550400,0.000000
2295,22.960065,6275.308201396,6275.308201396,7539,10554600,0.000000
2296,22.970069,6275.318205386,6275.318205386,7543,10560200,0.000000
2297,22.980065,6275.328200797,6275.328200797,7546,10564400,0.000000
2298,22.990068,6275.338203983,6275.338203983,7549,10568600,0.000000
2299,23.000013,6275.348149046,6275.348149046,7553,10574200,0.000000
2300,23.010063,6275.358199305,6275.358199305,7556,10578400,0.000000
2301,23.020067,6275.368203563,6275.368203563,7559,10582600,0.000000
2302,23.030066,6275.378202109,6275.378202109,7562,10586800,0.000000
2303,23.040066,6275.388201967,6275.388201967,7566,10592400,0.000000
2304,23.050067,6275.398203077,6275.398203077,7569,10596600,0.000000
2305,23.060070,6275.408205775,6275.408205775,7572,10600800,0.000000
2306,23.070069,6275.418204685,6275.418204685,7576,10606400,0.000000
2307,23.080065,6275.428200899,6275.428200899,7579,10610600,0.000000
2308,23.090069,6275.438204975,6275.438204975,7582,10614800,0.000000
2309,23.100064,6275.448200329,6275.448200329,7585,10619000,0.000000
2310,23.110059,6275.458194810,6275.458194810,7589,10624600,0.000000
2311,23.120065,6275.468201035,6275.468201035,7592,10628800,0.000000
2312,23.130023,6275.478158726,6275.478158726,7595,10633000,0.000000
2313,23.140049,6275.488184943,6275.488184943,7599,10638600,0.000000
2314,23.150069,6275.498205106,6275.498205106,7602,10642800,0.000000
2315,23.160065,6275.508201454,6275.508201454,7605,10647000,0.000000
2316,23.170072,6275.518207699,6275.518207699,7608,10651200,0.000000
2317,23.180066,6275.528201796,6275.528201796,7612,10656800,0.000000
2318,23.190067,6275.538202668,6275.538202668,7615,10661000,0.000000
2319,23.200062,6275.548198390,6275.548198390,7618,10665200,0.000000
2320,23.210080,6275.558215942,6275.558215942,7622,10670800,0.000000
2321,23.220051,6275.568187374,6275.568187374,7625,10675000,0.000000
2322,23.230065,6275.578201276,6275.578201276,7628,10679200,0.000000
2323,23.240066,6275.588202237,6275.588202237,7631,10683400,0.000000
2324,23.250020,6275.598156110,6275.598156110,7635,10689000,0.000000
2325,23.260061,6275.608197348,6275.608197348,7638,10693200,0.000000
2326,23.270083,6275.618218954,6275.618218954,7641,10697400,0.000000
2327,23.280081,6275.628216601,6275.628216601,7645,10703000,0.000000
2328,23.290067,6275.638203544,6275.638203544,7648,10707200,0.000000
2329,23.300067,6275.648202734,6275.648202734,7651,10711400,0.000000
2330,23.310055,6275.658190922,6275.658190922,7654,10715600,0.000000
2331,23.320065,6275.668201359,6275.668201359,7658,10721200,0.000000
2332,23.330070,6275.678205627,6275.678205627,7661,10725400,0.000000
2333,23.340064,6275.688200055,6275.688200055,7664,10729600,0.000000
2334,23.350066,6275.698202046,6275.698202046,7667,10733800,0.000000
2335,23.360078,6275.708214028,6275.708214028,7671,10739400,0.000000
2336,23.370053,6275.718188963,6275.718188963,7674,10743600,0.000000
2337,23.380065,6275.728200697,6275.728200697,7677,10747800,0.000000
2338,23.390070,6275.738206476,6275.738206476,7681,10753400,0.000000
2339,23.400088,6275.748224083,6275.748224083,7684,10757600,0.000000
2340,23.410086,6275.758222481,6275.758222481,7687,10761800,0.000000
2341,23.420071,6275.768206830,6275.768206830,7690,10766000,0.000000
2342,23.430064,6275.778199590,6275.778199590,7694,10771600,0.000000
2343,23.440067,6275.788203038,6275.788203038,7697,10775800,0.000000
2344,23.450067,6275.798203038,6275.798203038,7700,10780000,0.000000
2345,23.460030,6275.808166433,6275.808166433,7704,10785600,0.000000
2346,23.470070,6275.818206498,6275.818206498,7707,10789800,0.000000
2347,23.480065,6275.828200850,6275.828200850,7710,10794000,0.000000
2348,23.490030,6275.838166403,6275.838166403,7713,10798200,0.000000
2349,23.500071,6275.848207080,6275.848207080,7717,10803800,0.000000
2350,23.510069,6275.858205414,6275.858205414,7720,10808000,0.000000
2351,23.520071,6275.868207197,6275.868207197,7723,10812200,0.000000
2352,23.530019,6275.878155055,6275.878155055,7727,10817800,0.000000
2353,23.540064,6275.888200347,6275.888200347,7730,10822000,0.000000
2354,23.550067,6275.898203205,6275.898203205,7733,10826200,0.000000
2355,23.560090,6275.908225634,6275.908225634,7736,10830400,0.000000
2356,23.570066,6275.918202419,6275.918202419,7740,10836000,0.000000
2357,23.580067,6275.928203119,6275.928203119,7743,10840200,0.000000
2358,23.590067,6275.938203078,6275.938203078,7746,10844400,0.000000
2359,23.600061,6275.948197472,6275.948197472,7750,10850000,0.000000
2360,23.610060,6275.958196153,6275.958196153,7753,10854200,0.000000
2361,23.620071,6275.968207282,6275.968207282,7756,10858400,0.000000
2362,23.630067,6275.978203048,6275.978203048,7759,10862600,0.000000
2363,23.640065,6275.988200935,6275.988200935,7763,10868200,0.000000
2364,23.650067,6275.998203478,6275.998203478,7766,10872400,0.000000
2365,23.660070,6276.008206064,6276.008206064,7769,10876600,0.000000
2366,23.670010,6276.018145875,6276.018145875,7773,10882200,0.000000
2367,23.680064,6276.028200462,6276.028200462,7776,10886400,0.000000
2368,23.690073,6276.038209300,6276.038209300,7779,10890600,0.000000
2369,23.700067,6276.048202735,6276.048202735,7782,10894800,0.000000
2370,23.710034,6276.058170560,6276.058170560,7786,10900400,0.000000
2371,23.720067,6276.068203047,6276.068203047,7789,10904600,0.000000
2372,23.730070,6276.078206335,6276.078206335,7792,10908800,0.000000
2373,23.740062,6276.088198202,6276.088198202,7796,10914400,0.000000
2374,23.750065,6276.098201139,6276.098201139,7799,10918600,0.000000
2375,23.760067,6276.108203002,6276.108203002,7802,10922800,0.000000
2376,23.770060,6276.118196505,6276.118196505,7805,10927000,0.000000
2377,23.780061,6276.128197109,6276.128197109,7809,10932600,0.000000
2378,23.790073,6276.138208751,6276.138208751,7812,10936800,0.000000
2379,23.800068,6276.148204499,6276.148204499,7815,10941000,0.000000
2380,23.810063,6276.158199284,6276.158199284,7819,10946600,0.000000
2381,23.820086,6276.168222120,6276.168222120,7822,10950800,0.000000
2382,23.830086,6276.178222205,6276.178222205,7825,10955000,0.000000
2383,23.840070,6276.188205683,6276.188205683,7828,10959200,0.000000
2384,23.850062,6276.198197628,6276.198197628,7832,10964800,0.000000
2385,23.860068,6276.208204203,6276.208204203,7835,10969000,0.000000
2386,23.870076,6276.218211901,6276.218211901,7838,10973200,0.000000
2387,23.880018,6276.228154340,6276.228154340,7842,10978800,0.000000
2388,23.890066,6276.238201602,6276.238201602,7845,10983000,0.000000
2389,23.900024,6276.248160103,6276.248160103,7848,10987200,0.000000
2390,23.910066,6276.258202495,6276.258202495,7851,10991400,0.000000
2391,23.920064,6276.268200553,6276.268200553,7855,10997000,0.000000
2392,23.930065,6276.278200689,6276.278200689,7858,11001200,0.000000
2393,23.940065,6276.288201318,6276.288201318,7861,11005400,0.000000
2394,23.950045,6276.298180813,6276.298180813,7865,11011000,0.000000
2395,23.960063,6276.308199310,6276.308199310,7868,11015200,0.000000
2396,23.970061,6276.318196773,6276.318196773,7871,11019400,0.000000
2397,23.980087,6276.328222970,6276.328222970,7874,11023600,0.000000
2398,23.990061,6276.338196610,6276.338196610,7878,11029200,0.000000
2399,24.000065,6276.348201481,6276.348201481,7881,11033400,0.000000
2400,24.010068,6276.358203792,6276.358203792,7884,11037600,0.000000
2401,24.020084,6276.368220386,6276.368220386,7888,11043200,0.000000
2402,24.030071,6276.378207176,6276.378207176,7891,11047400,0.000000
2403,24.040066,6276.388202508,6276.388202508,7894,11051600,0.000000
2404,24.050066,6276.398202500,6276.398202500,7897,11055800,0.000000
2405,24.060060,6276.408196088,6276.408196088,7901,11061400,0.000000
2406,24.070064,6276.418199769,6276.418199769,7904,11065600,0.000000
2407,24.080069,6276.428205090,6276.428205090,7907,11069800,0.000000
2408,24.090087,6276.438222911,6276.438222911,7911,11075400,0.000000
2409,24.100065,6276.448200829,6276.448200829,7914,11079600,0.000000
2410,24.110068,6276.458204050,6276.458204050,7917,11083800,0.000000
2411,24.120062,6276.468197602,6276.468197602,7920,11088000,0.000000
2412,24.130064,6276.478200396,6276.478200396,7924,11093600,0.000000
2413,24.140068,6276.488204028,6276.488204028,7927,11097800,0.000000
2414,24.150068,6276.498203876,6276.498203876,7930,11102000,0.000000
2415,24.160069,6276.508205005,6276.508205005,7933,11106200,0.000000
2416,24.170066,6276.518201610,6276.518201610,7937,11111800,0.000000
2417,24.180076,6276.528211622,6276.528211622,7940,11116000,0.000000
2418,24.190068,6276.538204265,6276.538204265,7943,11120200,0.000000
2419,24.200071,6276.548206856,6276.548206856,7947,11125800,0.000000
2420,24.210065,6276.558201252,6276.558201252,7950,11130000,0.000000
2421,24.220068,6276.568204021,6276.568204021,7953,11134200,0.000000
2422,24.230065,6276.578201092,6276.578201092,7956,11138400,0.000000
2423,24.240066,6276.588201868,6276.588201868,7960,11144000,0.000000
2424,24.250026,6276.598162277,6276.598162277,7963,11148200,0.000000
2425,24.260068,6276.608204134,6276.608204134,7966,11152400,0.000000
2426,24.270058,6276.618194199,6276.618194199,7970,11158000,0.000000
2427,24.280071,6276.628206576,6276.628206576,7973,11162200,0.000000
2428,24.290016,6276.638151768,6276.638151768,7976,11166400,0.000000
2429,24.300068,6276.648204257,6276.648204257,7979,11170600,0.000000
2430,24.310060,6276.658196008,6276.658196008,7983,11176200,0.000000
2431,24.320087,6276.668223492,6276.668223492,7986,11180400,0.000000
2432,24.330108,6276.678243705,6276.678243705,7989,11184600,0.000000
2433,24.340062,6276.688198247,6276.688198247,7993,11190200,0.000000
2434,24.350063,6276.698199032,6276.698199032,7996,11194400,0.000000
2435,24.360066,6276.708202521,6276.708202521,7999,11198600,0.000000
2436,24.370070,6276.718206560,6276.718206560,8002,11202800,0.000000
2437,24.380061,6276.728197327,6276.728197327,8006,11208400,0.000000
2438,24.390066,6276.738202225,6276.738202225,8009,11212600,0.000000
2439,24.400067,6276.748202991,6276.748202991,8012,11216800,0.000000
2440,24.410078,6276.758214158,6276.758214158,8016,11222400,0.000000
2441,24.420069,6276.768204847,6276.768204847,8019,11226600,0.000000
2442,24.430078,6276.778214121,6276.778214121,8022,11230800,0.000000
2443,24.440075,6276.788210980,6276.788210980,8025,11235000,0.000000
2444,24.450064,6276.798199934,6276.798199934,8029,11240600,0.000000
2445,24.460076,6276.808211997,6276.808211997,8032,11244800,0.000000
2446,24.470068,6276.818204017,6276.818204017,8035,11249000,0.000000
2447,24.480009,6276.828145412,6276.828145412,8039,11254600,0.000000
2448,24.490062,6276.838197833,6276.838197833,8042,11258800,0.000000
2449,24.500063,6276.848198583,6276.848198583,8045,11263000,0.000000
2450,24.510064,6276.858200204,6276.858200204,8048,11267200,0.000000
2451,24.520064,6276.868200215,6276.868200215,8052,11272800,0.000000
2452,24.530061,6276.878197237,6276.878197237,8055,11277000,0.000000
2453,24.540075,6276.888210687,6276.888210687,8058,11281200,0.000000
2454,24.550012,6276.898148560,6276.898148560,8062,11286800,0.000000
2455,24.560068,6276.908204174,6276.908204174,8065,11291000,0.000000
2456,24.570073,6276.918208749,6276.918208749,8068,11295200,0.000000
2457,24.580043,6276.928179298,6276.928179298,8071,11299400,0.000000
2458,24.590067,6276.938203396,6276.938203396,8075,11305000,0.000000
2459,24.600068,6276.948204545,6276.948204545,8078,11309200,0.000000
2460,24.610064,6276.958199962,6276.958199962,8081,11313400,0.000000
2461,24.620020,6276.968156483,6276.968156483,8085,11319000,0.000000
2462,24.630065,6276.978201193,6276.978201193,8088,11323200,0.000000
2463,24.640024,6276.988159662,6276.988159662,8091,11327400,0.000000
2464,24.650065,6276.998200858,6276.998200858,8094,11331600,0.000000
2465,24.660065,6277.008200761,6277.008200761,8098,11337200,0.000000
2466,24.670068,6277.018204341,6277.018204341,8101,11341400,0.000000
2467,24.680079,6277.028215002,6277.028215002,8104,11345600,0.000000
2468,24.690010,6277.038145605,6277.038145605,8108,11351200,0.000000
2469,24.700025,6277.048160827,6277.048160827,8111,11355400,0.000000
2470,24.710072,6277.058208329,6277.058208329,8114,11359600,0.000000
2471,24.720070,6277.068205773,6277.068205773,8117,11363800,0.000000
2472,24.730066,6277.078202192,6277.078202192,8121,11369400,0.000000
2473,24.740028,6277.088164383,6277.088164383,8124,11373600,0.000000
2474,24.750067,6277.098202741,6277.098202741,8127,11377800,0.000000
2475,24.760053,6277.108189375,6277.108189375,8131,11383400,0.000000
2476,24.770067,6277.118203465,6277.118203465,8134,11387600,0.000000
2477,24.780067,6277.128202821,6277.128202821,8137,11391800,0.000000
2478,24.790066,6277.138202476,6277.138202476,8140,11396000,0.000000
2479,24.800069,6277.148204907,6277.148204907,8144,11401600,0.000000
2480,24.810059,6277.158194601,6277.158194601,8147,11405800,0.000000
2481,24.820027,6277.168163430,6277.168163430,8150,11410000,0.000000
2482,24.830066,6277.178202381,6277.178202381,8154,11415600,0.000000
2483,24.840064,6277.188200027,6277.188200027,8157,11419800,0.000000
2484,24.850069,6277.198204792,6277.198204792,8160,11424000,0.000000
2485,24.860073,6277.208208910,6277.208208910,8163,11428200,0.000000
2486,24.870065,6277.218200906,6277.218200906,8167,11433800,0.000000
2487,24.880069,6277.228205511,6277.228205511,8170,11438000,0.000000
2488,24.890071,6277.238207110,6277.238207110,8173,11442200,0.000000
2489,24.900084,6277.248220306,6277.248220306,8177,11447800,0.000000
2490,24.910068,6277.258203819,6277.258203819,8180,11452000,0.000000
2491,24.920070,6277.268206299,6277.268206299,8183,11456200,0.000000
2492,24.930064,6277.278199794,6277.278199794,8186,11460400,0.000000
2493,24.940068,6277.288203730,6277.288203730,8190,11466000,0.000000
2494,24.950025,6277.298160921,6277.298160921,8193,11470200,0.000000
2495,24.960070,6277.308205689,6277.308205689,8196,11474400,0.000000
2496,24.970062,6277.318197766,6277.318197766,8199,11478600,0.000000
2497,24.980069,6277.328204853,6277.328204853,8203,11484200,0.000000
2498,24.990073,6277.338208887,6277.338208887,8206,11488400,0.000000
2499,25.000070,6277.348205836,6277.348205836,8209,11492600,0.000000
2500,25.010068,6277.358204436,6277.358204436,8213,11498200,0.000000
2501,25.020068,6277.368204358,6277.368204358,8216,11502400,0.000000
2502,25.030060,6277.378196467,6277.378196467,8219,11506600,0.000000
2503,25.040067,6277.388202712,6277.388202712,8222,11510800,0.000000
2504,25.050073,6277.398208625,6277.398208625,8226,11516400,0.000000
2505,25.060074,6277.408210567,6277.408210567,8229,11520600,0.000000
2506,25.070068,6277.418204383,6277.418204383,8232,11524800,0.000000
2507,25.080044,6277.428180021,6277.428180021,8236,11530400,0.000000
2508,25.090070,6277.438205794,6277.438205794,8239,11534600,0.000000
2509,25.100105,6277.448241360,6277.448241360,8242,11538800,0.000000
2510,25.110072,6277.458208359,6277.458208359,8245,11543000,0.000000
2511,25.120065,6277.468200888,6277.468200888,8249,11548600,0.000000
2512,25.130069,6277.478204835,6277.478204835,8252,11552800,0.000000
2513,25.140065,6277.488200974,6277.488200974,8255,11557000,0.000000
2514,25.150059,6277.498194856,6277.498194856,8259,11562600,0.000000
2515,25.160070,6277.508205954,6277.508205954,8262,11566800,0.000000
2516,25.170069,6277.518205370,6277.518205370,8265,11571000,0.000000
2517,25.180069,6277.528205570,6277.528205570,8268,11575200,0.000000
2518,25.190069,6277.538204598,6277.538204598,8272,11580800,0.000000
2519,25.200067,6277.548203346,6277.548203346,8275,11585000,0.000000
2520,25.210070,6277.558206393,6277.558206393,8278,11589200,0.000000
2521,25.220063,6277.568198831,6277.568198831,8282,11594800,0.000000
2522,25.230078,6277.578214289,6277.578214289,8285,11599000,0.000000
2523,25.240066,6277.588202163,6277.588202163,8288,11603200,0.000000
2524,25.250071,6277.598206622,6277.598206622,8291,11607400,0.000000
2525,25.260061,6277.608196615,6277.608196615,8295,11613000,0.000000
2526,25.270092,6277.618228253,6277.618228253,8298,11617200,0.000000
2527,25.280066,6277.628201868,6277.628201868,8301,11621400,0.000000
2528,25.290020,6277.638155765,6277.638155765,8305,11627000,0.000000
2529,25.300069,6277.648205311,6277.648205311,8308,11631200,0.000000
2530,25.310072,6277.658207881,6277.658207881,8311,11635400,0.000000
2531,25.320068,6277.668204046,6277.668204046,8314,11639600,0.000000
2532,25.330071,6277.678206844,6277.678206844,8318,11645200,0.000000
2533,25.340018,6277.688154171,6277.688154171,8321,11649400,0.000000
2534,25.350065,6277.698200968,6277.698200968,8324,11653600,0.000000
2535,25.360036,6277.708172405,6277.708172405,8328,11659200,0.000000
2536,25.370065,6277.718201018,6277.718201018,8331,11663400,0.000000
2537,25.380065,6277.728201112,6277.728201112,8334,11667600,0.000000
2538,25.390070,6277.738206352,6277.738206352,8337,11671800,0.000000
2539,25.400066,6277.748202154,6277.748202154,8341,11677400,0.000000
2540,25.410069,6277.758205381,6277.758205381,8344,11681600,0.000000
2541,25.420082,6277.768218326,6277.768218326,8347,11685800,0.000000
2542,25.430068,6277.778203704,6277.778203704,8351,11691400,0.000000
2543,25.440065,6277.788201142,6277.788201142,8354,11695600,0.000000
2544,25.450092,6277.798227584,6277.798227584,8357,11699800,0.000000
2545,25.460068,6277.808204037,6277.808204037,8360,11704000,0.000000
2546,25.470065,6277.818201452,6277.818201452,8364,11709600,0.000000
2547,25.480070,6277.828205621,6277.828205621,8367,11713800,0.000000
2548,25.490065,6277.838200929,6277.838200929,8370,11718000,0.000000
2549,25.500015,6277.848151283,6277.848151283,8374,11723600,0.000000
2550,25.510066,6277.858202083,6277.858202083,8377,11727800,0.000000
2551,25.520079,6277.868214787,6277.868214787,8380,11732000,0.000000
2552,25.530073,6277.878209518,6277.878209518,8383,11736200,0.000000
2553,25.540076,6277.888211587,6277.888211587,8387,11741800,0.000000
2554,25.550068,6277.898203754,6277.898203754,8390,11746000,0.000000
2555,25.560074,6277.908210128,6277.908210128,8393,11750200,0.000000
2556,25.570069,6277.918205296,6277.918205296,8397,11755800,0.000000
2557,25.580067,6277.928202713,6277.928202713,8400,11760000,0.000000
2558,25.590092,6277.938227735,6277.938227735,8403,11764200,0.000000
2559,25.600067,6277.948203071,6277.948203071,8406,11768400,0.000000
2560,25.610066,6277.958201712,6277.958201712,8410,11774000,0.000000
2561,25.620064,6277.968199596,6277.968199596,8413,11778200,0.000000
2562,25.630061,6277.978196822,6277.978196822,8416,11782400,0.000000
2563,25.640074,6277.988209643,6277.988209643,8420,11788000,0.000000
2564,25.650069,6277.998205373,6277.998205373,8423,11792200,0.000000
2565,25.660063,6278.008198903,6278.008198903,8426,11796400,0.000000
2566,25.670068,6278.018204569,6278.018204569,8429,11800600,0.000000
2567,25.680064,6278.028200343,6278.028200343,8433,11806200,0.000000
2568,25.690065,6278.038200599,6278.038200599,8436,11810400,0.000000
2569,25.700071,6278.048207363,6278.048207363,8439,11814600,0.000000
2570,25.710072,6278.058208073,6278.058208073,8443,11820200,0.000000
2571,25.720067,6278.068202753,6278.068202753,8446,11824400,0.000000
2572,25.730066,6278.078202388,6278.078202388,8449,11828600,0.000000
2573,25.740049,6278.088184872,6278.088184872,8452,11832800,0.000000
2574,25.750070,6278.098206333,6278.098206333,8456,11838400,0.000000
2575,25.760067,6278.108203397,6278.108203397,8459,11842600,0.000000
2576,25.770066,6278.118202039,6278.118202039,8462,11846800,0.000000
2577,25.780068,6278.128203716,6278.128203716,8465,11851000,0.000000
2578,25.790066,6278.138201919,6278.138201919,8469,11856600,0.000000
2579,25.800061,6278.148197005,6278.148197005,8472,11860800,0.000000
2580,25.810041,6278.158176729,6278.158176729,8475,11865000,0.000000
2581,25.820062,6278.168197989,6278.168197989,8479,11870600,0.000000
2582,25.830067,6278.178203260,6278.178203260,8482,11874800,0.000000
2583,25.840065,6278.188200766,6278.188200766,8485,11879000,0.000000
2584,25.850067,6278.198202829,6278.198202829,8488,11883200,0.000000
2585,25.860067,6278.208203344,6278.208203344,8492,11888800,0.000000
2586,25.870018,6278.218154141,6278.218154141,8495,11893000,0.000000
2587,25.880066,6278.228202318,6278.228202318,8498,11897200,0.000000
2588,25.890063,6278.238198758,6278.238198758,8502,11902800,0.000000
2589,25.900070,6278.248206094,6278.248206094,8505,11907000,0.000000
2590,25.910067,6278.258203337,6278.258203337,8508,11911200,0.000000
2591,25.920064,6278.268200065,6278.268200065,8511,11915400,0.000000
2592,25.930060,6278.278195831,6278.278195831,8515,11921000,0.000000
2593,25.940062,6278.288198207,6278.288198207,8518,11925200,0.000000
2594,25.950067,6278.298202823,6278.298202823,8521,11929400,0.000000
2595,25.960060,6278.308196089,6278.308196089,8525,11935000,0.000000
2596,25.970066,6278.318201918,6278.318201918,8528,11939200,0.000000
2597,25.980067,6278.328202801,6278.328202801,8531,11943400,0.000000
2598,25.990065,6278.338201041,6278.338201041,8534,11947600,0.000000
2599,26.000075,6278.348210575,6278.348210575,8538,11953200,0.000000
2600,26.010066,6278.358202256,6278.358202256,8541,11957400,0.000000
2601,26.020067,6278.368202954,6278.368202954,8544,11961600,0.000000
2602,26.030055,6278.378190977,6278.378190977,8548,11967200,0.000000
2603,26.040068,6278.388203847,6278.388203847,8551,11971400,0.000000
2604,26.050062,6278.398198095,6278.398198095,8554,11975600,0.000000
2605,26.060030,6278.408166569,6278.408166569,8557,11979800,0.000000
2606,26.070065,6278.418200731,6278.418200731,8561,11985400,0.000000
2607,26.080065,6278.428201241,6278.428201241,8564,11989600,0.000000
2608,26.090067,6278.438203045,6278.438203045,8567,11993800,0.000000
2609,26.100012,6278.448148262,6278.448148262,8571,11999400,0.000000
2610,26.110067,6278.458203512,6278.458203512,8574,12003600,0.000000
2611,26.120062,6278.468197611,6278.468197611,8577,12007800,0.000000
2612,26.130066,6278.478202337,6278.478202337,8580,12012000,0.000000
2613,26.140065,6278.488201250,6278.488201250,8584,12017600,0.000000
2614,26.150065,6278.498201482,6278.498201482,8587,12021800,0.000000
2615,26.160068,6278.508203680,6278.508203680,8590,12026000,0.000000
2616,26.170033,6278.518168656,6278.518168656,8594,12031600,0.000000
2617,26.180069,6278.528204597,6278.528204597,8597,12035800,0.000000
2618,26.190057,6278.538193001,6278.538193001,8600,12040000,0.000000
2619,26.200064,6278.548199805,6278.548199805,8603,12044200,0.000000
2620,26.210066,6278.558201610,6278.558201610,8607,12049800,0.000000
2621,26.220067,6278.568203478,6278.568203478,8610,12054000,0.000000
2622,26.230068,6278.578204295,6278.578204295,8613,12058200,0.000000
2623,26.240056,6278.588192546,6278.588192546,8617,12063800,0.000000
2624,26.250064,6278.598200161,6278.598200161,8620,12068000,0.000000
2625,26.260068,6278.608203995,6278.608203995,8623,12072200,0.000000
2626,26.270072,6278.618207635,6278.618207635,8626,12076400,0.000000
2627,26.280069,6278.628205425,6278.628205425,8630,12082000,0.000000
2628,26.290068,6278.638204516,6278.638204516,8633,12086200,0.000000
2629,26.300035,6278.648170739,6278.648170739,8636,12090400,0.000000
2630,26.310029,6278.658165547,6278.658165547,8640,12096000,0.000000
2631,26.320083,6278.668219445,6278.668219445,8643,12100200,0.000000
2632,26.330073,6278.678209212,6278.678209212,8646,12104400,0.000000
2633,26.340077,6278.688213523,6278.688213523,8649,12108600,0.000000
2634,26.350068,6278.698203852,6278.698203852,8653,12114200,0.000000
2635,26.360068,6278.708204178,6278.708204178,8656,12118400,0.000000
2636,26.370074,6278.718209932,6278.718209932,8659,12122600,0.000000
2637,26.380065,6278.728201114,6278.728201114,8663,12128200,0.000000
2638,26.390065,6278.738200692,6278.738200692,8666,12132400,0.000000
2639,26.400067,6278.748202631,6278.748202631,8669,12136600,0.000000
2640,26.410067,6278.758203021,6278.758203021,8672,12140800,0.000000
2641,26.420069,6278.768204886,6278.768204886,8676,12146400,0.000000
2642,26.430065,6278.778201433,6278.778201433,8679,12150600,0.000000
2643,26.440070,6278.788206184,6278.788206184,8682,12154800,0.000000
2644,26.450082,6278.798217815,6278.798217815,8686,12160400,0.000000
2645,26.460069,6278.808205571,6278.808205571,8689,12164600,0.000000
2646,26.470069,6278.818204794,6278.818204794,8692,12168800,0.000000
2647,26.480067,6278.828203524,6278.828203524,8695,12173000,0.000000
2648,26.490060,6278.838195982,6278.838195982,8699,12178600,0.000000
2649,26.500071,6278.848206714,6278.848206714,8702,12182800,0.000000
2650,26.510061,6278.858197555,6278.858197555,8705,12187000,0.000000
2651,26.520065,6278.868201201,6278.868201201,8708,12191200,0.000000
2652,26.530066,6278.878201999,6278.878201999,8712,12196800,0.000000
2653,26.540060,6278.888196097,6278.888196097,8715,12201000,0.000000
2654,26.550064,6278.898199862,6278.898199862,8718,12205200,0.000000
2655,26.560036,6278.908171602,6278.908171602,8722,12210800,0.000000
2656,26.570067,6278.918202823,6278.918202823,8725,12215000,0.000000
2657,26.580068,6278.928204552,6278.928204552,8728,12219200,0.000000
2658,26.590022,6278.938157581,6278.938157581,8731,12223400,0.000000
2659,26.600068,6278.948203864,6278.948203864,8735,12229000,0.000000
2660,26.610024,6278.958160511,6278.958160511,8738,12233200,0.000000
2661,26.620067,6278.968203543,6278.968203543,8741,12237400,0.000000
2662,26.630064,6278.978200235,6278.978200235,8745,12243000,0.000000
2663,26.640063,6278.988199254,6278.988199254,8748,12247200,0.000000
2664,26.650066,6278.998202106,6278.998202106,8751,12251400,0.000000
2665,26.660066,6279.008202144,6279.008202144,8754,12255600,0.000000
2666,26.670065,6279.018200787,6279.018200787,8758,12261200,0.000000
2667,26.680067,6279.028202801,6279.028202801,8761,12265400,0.000000
2668,26.690067,6279.038203250,6279.038203250,8764,12269600,0.000000
2669,26.700070,6279.048205668,6279.048205668,8768,12275200,0.000000
2670,26.710025,6279.058160965,6279.058160965,8771,12279400,0.000000
2671,26.720065,6279.068200854,6279.068200854,8774,12283600,0.000000
2672,26.730067,6279.078203298,6279.078203298,8777,12287800,0.000000
2673,26.740066,6279.088201634,6279.088201634,8781,12293400,0.000000
2674,26.750066,6279.098202347,6279.098202347,8784,12297600,0.000000
2675,26.760069,6279.108205503,6279.108205503,8787,12301800,0.000000
2676,26.770071,6279.118206719,6279.118206719,8791,12307400,0.000000
2677,26.780099,6279.128234854,6279.128234854,8794,12311600,0.000000
2678,26.790072,6279.138207620,6279.138207620,8797,12315800,0.000000
2679,26.800066,6279.148202000,6279.148202000,8800,12320000,0.000000
2680,26.810070,6279.158205862,6279.158205862,8804,12325600,0.000000
2681,26.820062,6279.168198547,6279.168198547,8807,12329800,0.000000
2682,26.830048,6279.178184528,6279.178184528,8810,12334000,0.000000
2683,26.840068,6279.188203688,6279.188203688,8814,12339600,0.000000
2684,26.850071,6279.198206819,6279.198206819,8817,12343800,0.000000
2685,26.860086,6279.208221610,6279.208221610,8820,12348000,0.000000
2686,26.870066,6279.218202470,6279.218202470,8823,12352200,0.000000
2687,26.880068,6279.228203758,6279.228203758,8827,12357800,0.000000
2688,26.890067,6279.238202581,6279.238202581,8830,12362000,0.000000
2689,26.900067,6279.248202700,6279.248202700,8833,12366200,0.000000
2690,26.910036,6279.258172567,6279.258172567,8837,12371800,0.000000
2691,26.920070,6279.268205769,6279.268205769,8840,12376000,0.000000
2692,26.930066,6279.278201741,6279.278201741,8843,12380200,0.000000
2693,26.940065,6279.288201505,6279.288201505,8846,12384400,0.000000
2694,26.950058,6279.298194412,6279.298194412,8850,12390000,0.000000
2695,26.960068,6279.308203691,6279.308203691,8853,12394200,0.000000
2696,26.970065,6279.318200644,6279.318200644,8856,12398400,0.000000
2697,26.980059,6279.328195052,6279.328195052,8860,12404000,0.000000
2698,26.990063,6279.338198887,6279.338198887,8863,12408200,0.000000
2699,27.000066,6279.348202163,6279.348202163,8866,12412400,0.000000
2700,27.010065,6279.358200716,6279.358200716,8869,12416600,0.000000
2701,27.020065,6279.368201484,6279.368201484,8873,12422200,0.000000
2702,27.030069,6279.378204607,6279.378204607,8876,12426400,0.000000
2703,27.040067,6279.388202894,6279.388202894,8879,12430600,0.000000
2704,27.050072,6279.398208030,6279.398208030,8883,12436200,0.000000
2705,27.060064,6279.408200410,6279.408200410,8886,12440400,0.000000
2706,27.070069,6279.418205212,6279.418205212,8889,12444600,0.000000
2707,27.080063,6279.428199285,6279.428199285,8892,12448800,0.000000
2708,27.090060,6279.438195648,6279.438195648,8896,12454400,0.000000
2709,27.100064,6279.448199902,6279.448199902,8899,12458600,0.000000
2710,27.110066,6279.458202415,6279.458202415,8902,12462800,0.000000
2711,27.120029,6279.468164657,6279.468164657,8906,12468400,0.000000
2712,27.130067,6279.478202980,6279.478202980,8909,12472600,0.000000
2713,27.140068,6279.488204462,6279.488204462,8912,12476800,0.000000
2714,27.150065,6279.498200657,6279.498200657,8915,12481000,0.000000
2715,27.160059,6279.508195284,6279.508195284,8919,12486600,0.000000
2716,27.170066,6279.518202413,6279.518202413,8922,12490800,0.000000
2717,27.180070,6279.528205705,6279.528205705,8925,12495000,0.000000
2718,27.190075,6279.538211209,6279.538211209,8929,12500600,0.000000
2719,27.200066,6279.548201693,6279.548201693,8932,12504800,0.000000
2720,27.210065,6279.558200636,6279.558200636,8935,12509000,0.000000
2721,27.220058,6279.568193736,6279.568193736,8938,12513200,0.000000
2722,27.230066,6279.578201637,6279.578201637,8942,12518800,0.000000
2723,27.240065,6279.588201219,6279.588201219,8945,12523000,0.000000
2724,27.250071,6279.598206662,6279.598206662,8948,12527200,0.000000
2725,27.260084,6279.608220225,6279.608220225,8952,12532800,0.000000
2726,27.270064,6279.618200197,6279.618200197,8955,12537000,0.000000
2727,27.280076,6279.628211766,6279.628211766,8958,12541200,0.000000
2728,27.290071,6279.638206768,6279.638206768,8961,12545400,0.000000
2729,27.300064,6279.648200363,6279.648200363,8965,12551000,0.000000
2730,27.310065,6279.658201166,6279.658201166,8968,12555200,0.000000
2731,27.320067,6279.668203330,6279.668203330,8971,12559400,0.000000
2732,27.330071,6279.678206952,6279.678206952,8974,12563600,0.003045
2733,27.340064,6279.688200108,6279.688200108,8978,12569200,0.000000
2734,27.350064,6279.698200031,6279.698200031,8981,12573400,0.000000
2735,27.360066,6279.708202131,6279.708202131,8984,12577600,0.000000
2736,27.370069,6279.718205069,6279.718205069,8988,12583200,0.000000
2737,27.380071,6279.728207484,6279.728207484,8991,12587400,0.000000
2738,27.390071,6279.738207222,6279.738207222,8994,12591600,0.000000
2739,27.400070,6279.748206191,6279.748206191,8997,12595800,0.000000
2740,27.410066,6279.758201785,6279.758201785,9001,12601400,0.000000
2741,27.420071,6279.768206925,6279.768206925,9004,12605600,0.000000
2742,27.430067,6279.778202927,6279.778202927,9007,12609800,0.000000
2743,27.440033,6279.788168637,6279.788168637,9011,12615400,0.000000
2744,27.450066,6279.798201913,6279.798201913,9014,12619600,0.000000
2745,27.460067,6279.808203112,6279.808203112,9017,12623800,0.000000
2746,27.470069,6279.818205221,6279.818205221,9020,12628000,0.000000
2747,27.480068,6279.828203767,6279.828203767,9024,12633600,0.000000
2748,27.490044,6279.838179812,6279.838179812,9027,12637800,0.000000
2749,27.500062,6279.848198401,6279.848198401,9030,12642000,0.000000
2750,27.510059,6279.858195104,6279.858195104,9034,12647600,0.000000
2751,27.520068,6279.868204564,6279.868204564,9037,12651800,0.000000
2752,27.530070,6279.878206328,6279.878206328,9040,12656000,0.000000
2753,27.540068,6279.888204316,6279.888204316,9043,12660200,0.000000
2754,27.550066,6279.898201762,6279.898201762,9047,12665800,0.000000
2755,27.560069,6279.908205153,6279.908205153,9050,12670000,0.000000
2756,27.570085,6279.918220716,6279.918220716,9053,12674200,0.000000
2757,27.580057,6279.928193386,6279.928193386,9057,12679800,0.000000
2758,27.590086,6279.938222016,6279.938222016,9060,12684000,0.000000
2759,27.600073,6279.948209564,6279.948209564,9063,12688200,0.000000
2760,27.610070,6279.958206146,6279.958206146,9066,12692400,0.000000
2761,27.620061,6279.968196660,6279.968196660,9070,12698000,0.000000
2762,27.630072,6279.978208310,6279.978208310,9073,12702200,0.000000
2763,27.640087,6279.988223202,6279.988223202,9076,12706400,0.000000
2764,27.650064,6279.998200014,6279.998200014,9080,12712000,0.000000
2765,27.660070,6280.008206441,6280.008206441,9083,12716200,0.000000
2766,27.670069,6280.018204583,6280.018204583,9086,12720400,0.000000
2767,27.680053,6280.028188973,6280.028188973,9089,12724600,0.000000
2768,27.690068,6280.038203632,6280.038203632,9093,12730200,0.000000
2769,27.700070,6280.048206108,6280.048206108,9096,12734400,0.000000
2770,27.710069,6280.058204676,6280.058204676,9099,12738600,0.000000
2771,27.720057,6280.068192941,6280.068192941,9103,12744200,0.000000
2772,27.730043,6280.078179451,6280.078179451,9106,12748400,0.000000
2773,27.740072,6280.088208433,6280.088208433,9109,12752600,0.000000
2774,27.750073,6280.098208621,6280.098208621,9112,12756800,0.000000
2775,27.760059,6280.108194842,6280.108194842,9116,12762400,0.000000
2776,27.770063,6280.118198852,6280.118198852,9119,12766600,0.000000
2777,27.780030,6280.128165757,6280.128165757,9122,12770800,0.000000
2778,27.790045,6280.138181457,6280.138181457,9126,12776400,0.000000
2779,27.800067,6280.148202971,6280.148202971,9129,12780600,0.000000
2780,27.810070,6280.158205803,6280.158205803,9132,12784800,0.000000
2781,27.820024,6280.168160071,6280.168160071,9135,12789000,0.000000
2782,27.830069,6280.178204695,6280.178204695,9139,12794600,0.000000
2783,27.840066,6280.188201877,6280.188201877,9142,12798800,0.000000
2784,27.850032,6280.198168560,6280.198168560,9145,12803000,0.000000
2785,27.860058,6280.208193885,6280.208193885,9149,12808600,0.000000
2786,27.870077,6280.218213090,6280.218213090,9152,12812800,0.000000
2787,27.880067,6280.228202668,6280.228202668,9155,12817000,0.000000
2788,27.890067,6280.238203019,6280.238203019,9158,12821200,0.000000
2789,27.900067,6280.248202790,6280.248202790,9162,12826800,0.000000
2790,27.910066,6280.258201853,6280.258201853,9165,12831000,0.000000
2791,27.920067,6280.268203255,6280.268203255,9168,12835200,0.000000
2792,27.930035,6280.278170913,6280.278170913,9172,12840800,0.000000
2793,27.940070,6280.288205613,6280.288205613,9175,12845000,0.000000
2794,27.950072,6280.298208228,6280.298208228,9178,12849200,0.000000
2795,27.960066,6280.308201905,6280.308201905,9181,12853400,0.000000
2796,27.970058,6280.318194359,6280.318194359,9185,12859000,0.000000
2797,27.980068,6280.328203893,6280.328203893,9188,12863200,0.000000
2798,27.990017,6280.338152756,6280.338152756,9191,12867400,0.000000
2799,28.000064,6280.348199759,6280.348199759,9195,12873000,0.000000
2800,28.010065,6280.358201213,6280.358201213,9198,12877200,0.000000
2801,28.020019,6280.368155382,6280.368155382,9201,12881400,0.000000
2802,28.030071,6280.378206882,6280.378206882,9204,12885600,0.000000
2803,28.040066,6280.388202240,6280.388202240,9208,12891200,0.000000
2804,28.050068,6280.398204501,6280.398204501,9211,12895400,0.000000
2805,28.060070,6280.408206158,6280.408206158,9214,12899600,0.000000
2806,28.070091,6280.418227108,6280.418227108,9218,12905200,0.000000
2807,28.080065,6280.428200952,6280.428200952,9221,12909400,0.000000
2808,28.090067,6280.438203109,6280.438203109,9224,12913600,0.000000
2809,28.100068,6280.448203925,6280.448203925,9227,12917800,0.000000
2810,28.110060,6280.458196408,6280.458196408,9231,12923400,0.000000
2811,28.120065,6280.468201345,6280.468201345,9234,12927600,0.000000
2812,28.130034,6280.478169986,6280.478169986,9237,12931800,0.000000
2813,28.140069,6280.488205147,6280.488205147,9240,12936000,0.000000
2814,28.150062,6280.498198115,6280.498198115,9244,12941600,0.000000
2815,28.160057,6280.508192588,6280.508192588,9247,12945800,0.000000
2816,28.170067,6280.518202693,6280.518202693,9250,12950000,0.000000
2817,28.180042,6280.528178190,6280.528178190,9254,12955600,0.000000
2818,28.190067,6280.538202655,6280.538202655,9257,12959800,0.000000
2819,28.200065,6280.548200616,6280.548200616,9260,12964000,0.000000
2820,28.210061,6280.558197521,6280.558197521,9263,12968200,0.000000
2821,28.220070,6280.568205856,6280.568205856,9267,12973800,0.000000
2822,28.230023,6280.578158822,6280.578158822,9270,12978000,0.000000
2823,28.240017,6280.588152929,6280.588152929,9273,12982200,0.000000
2824,28.250059,6280.598194948,6280.598194948,9277,12987800,0.000000
2825,28.260066,6280.608202455,6280.608202455,9280,12992000,0.000000
2826,28.270055,6280.618191558,6280.618191558,9283,12996200,0.000000
2827,28.280061,6280.628197171,6280.628197171,9286,13000400,0.000000
2828,28.290062,6280.638198161,6280.638198161,9290,13006000,0.000000
2829,28.300073,6280.648208974,6280.648208974,9293,13010200,0.000000
2830,28.310073,6280.658208720,6280.658208720,9296,13014400,0.000000
2831,28.320059,6280.668194655,6280.668194655,9300,13020000,0.000000
2832,28.330028,6280.678164253,6280.678164253,9303,13024200,0.000000
2833,28.340066,6280.688202517,6280.688202517,9306,13028400,0.000000
2834,28.350065,6280.698200599,6280.698200599,9309,13032600,0.000000
2835,28.360078,6280.708213718,6280.708213718,9313,13038200,0.000000
2836,28.370063,6280.718199064,6280.718199064,9316,13042400,0.000000
2837,28.380016,6280.728151752,6280.728151752,9319,13046600,0.000000
2838,28.390057,6280.738192582,6280.738192582,9323,13052200,0.000000
2839,28.400065,6280.748200678,6280.748200678,9326,13056400,0.000000
2840,28.410064,6280.758200328,6280.758200328,9329,13060600,0.000000
2841,28.420073,6280.768208821,6280.768208821,9332,13064800,0.000000
2842,28.430066,6280.778202003,6280.778202003,9336,13070400,0.000000
2843,28.440076,6280.788211732,6280.788211732,9339,13074600,0.000000
2844,28.450067,6280.798202759,6280.798202759,9342,13078800,0.000000
2845,28.460065,6280.808200674,6280.808200674,9346,13084400,0.000000
2846,28.470070,6280.818206048,6280.818206048,9349,13088600,0.000000
2847,28.480067,6280.828202814,6280.828202814,9352,13092800,0.000000
2848,28.490068,6280.838204307,6280.838204307,9355,13097000,0.000000
2849,28.500066,6280.848202263,6280.848202263,9359,13102600,0.000000
2850,28.510070,6280.858206480,6280.858206480,9362,13106800,0.000000
2851,28.520076,6280.868211906,6280.868211906,9365,13111000,0.000000
2852,28.530044,6280.878180269,6280.878180269,9369,13116600,0.000000
2853,28.540070,6280.888206011,6280.888206011,9372,13120800,0.000000
2854,28.550066,6280.898202220,6280.898202220,9375,13125000,0.000000
2855,28.560069,6280.908204670,6280.908204670,9378,13129200,0.000000
2856,28.570062,6280.918197778,6280.918197778,9382,13134800,0.000000
2857,28.580066,6280.928202232,6280.928202232,9385,13139000,0.000000
2858,28.590057,6280.938193516,6280.938193516,9388,13143200,0.000000
2859,28.600061,6280.948197184,6280.948197184,9392,13148800,0.000000
2860,28.610074,6280.958209812,6280.958209812,9395,13153000,0.000000
2861,28.620067,6280.968202586,6280.968202586,9398,13157200,0.000000
2862,28.630072,6280.978207853,6280.978207853,9401,13161400,0.000000
2863,28.640067,6280.988203002,6280.988203002,9405,13167000,0.000000
2864,28.650062,6280.998198568,6280.998198568,9408,13171200,0.000000
2865,28.660070,6281.008206409,6281.008206409,9411,13175400,0.000000
2866,28.670005,6281.018140791,6281.018140791,9415,13181000,0.000000
2867,28.680072,6281.028208226,6281.028208226,9418,13185200,0.000000
2868,28.690077,6281.038212956,6281.038212956,9421,13189400,0.000000
2869,28.700066,6281.048202341,6281.048202341,9424,13193600,0.000000
2870,28.710068,6281.058203661,6281.058203661,9428,13199200,0.000000
2871,28.720029,6281.068164666,6281.068164666,9431,13203400,0.000000
2872,28.730067,6281.078202803,6281.078202803,9434,13207600,0.000000
2873,28.740042,6281.088177680,6281.088177680,9438,13213200,0.000000
2874,28.750068,6281.098204372,6281.098204372,9441,13217400,0.000000
2875,28.760066,6281.108202378,6281.108202378,9444,13221600,0.000000
2876,28.770072,6281.118207814,6281.118207814,9447,13225800,0.000000
2877,28.780063,6281.128199497,6281.128199497,9451,13231400,0.000000
2878,28.790067,6281.138203303,6281.138203303,9454,13235600,0.000000
2879,28.800063,6281.148199290,6281.148199290,9457,13239800,0.000000
2880,28.810032,6281.158167764,6281.158167764,9461,13245400,0.000000
2881,28.820074,6281.168209856,6281.168209856,9464,13249600,0.000000
2882,28.830066,6281.178201682,6281.178201682,9467,13253800,0.000000
2883,28.840066,6281.188201905,6281.188201905,9470,13258000,0.000000
2884,28.850070,6281.198206216,6281.198206216,9474,13263600,0.000000
2885,28.860065,6281.208201257,6281.208201257,9477,13267800,0.000000
2886,28.870068,6281.218204566,6281.218204566,9480,13272000,0.000000
2887,28.880080,6281.228215867,6281.228215867,9484,13277600,0.000000
2888,28.890059,6281.238195326,6281.238195326,9487,13281800,0.000000
2889,28.900066,6281.248202224,6281.248202224,9490,13286000,0.000000
2890,28.910068,6281.258204010,6281.258204010,9493,13290200,0.000000
2891,28.920065,6281.268200958,6281.268200958,9497,13295800,0.000000
2892,28.930066,6281.278202212,6281.278202212,9500,13300000,0.000000
2893,28.940069,6281.288205136,6281.288205136,9503,13304200,0.000000
2894,28.950065,6281.298201365,6281.298201365,9506,13308400,0.000000
2895,28.960061,6281.308197237,6281.308197237,9510,13314000,0.000000
2896,28.970079,6281.318215032,6281.318215032,9513,13318200,0.000000
2897,28.980064,6281.328200546,6281.328200546,9516,13322400,0.000000
2898,28.990066,6281.338202295,6281.338202295,9520,13328000,0.000000
2899,29.000059,6281.348194955,6281.348194955,9523,13332200,0.000000
2900,29.010077,6281.358212589,6281.358212589,9526,13336400,0.000000
2901,29.020072,6281.368207601,6281.368207601,9529,13340600,0.000000
2902,29.030066,6281.378202385,6281.378202385,9533,13346200,0.000000
2903,29.040068,6281.388204484,6281.388204484,9536,13350400,0.000000
2904,29.050069,6281.398205036,6281.398205036,9539,13354600,0.000000
2905,29.060062,6281.408198171,6281.408198171,9543,13360200,0.000000
2906,29.070064,6281.418200232,6281.418200232,9546,13364400,0.000000
2907,29.080063,6281.428199378,6281.428199378,9549,13368600,0.000000
2908,29.090067,6281.438203257,6281.438203257,9552,13372800,0.000000
2909,29.100075,6281.448210661,6281.448210661,9556,13378400,0.000000
2910,29.110066,6281.458201649,6281.458201649,9559,13382600,0.000000
2911,29.120055,6281.468190773,6281.468190773,9562,13386800,0.000000
2912,29.130059,6281.478194699,6281.478194699,9566,13392400,0.000000
2913,29.140065,6281.488200850,6281.488200850,9569,13396600,0.000000
2914,29.150065,6281.498200944,6281.498200944,9572,13400800,0.000000
2915,29.160066,6281.508201984,6281.508201984,9575,13405000,0.000000
2916,29.170067,6281.518203113,6281.518203113,9579,13410600,0.000000
2917,29.180061,6281.528196867,6281.528196867,9582,13414800,0.000000
2918,29.190083,6281.538219336,6281.538219336,9585,13419000,0.000000
2919,29.200075,6281.548211528,6281.548211528,9589,13424600,0.000000
2920,29.210068,6281.558204315,6281.558204315,9592,13428800,0.000000
2921,29.220070,6281.568206568,6281.568206568,9595,13433000,0.000000
2922,29.230062,6281.578198124,6281.578198124,9598,13437200,0.000000
2923,29.240065,6281.588201218,6281.588201218,9602,13442800,0.000000
2924,29.250070,6281.598206009,6281.598206009,9605,13447000,0.000000
2925,29.260075,6281.608210731,6281.608210731,9608,13451200,0.000000
2926,29.270059,6281.618194704,6281.618194704,9612,13456800,0.000000
2927,29.280070,6281.628206293,6281.628206293,9615,13461000,0.000000
2928,29.290077,6281.638213196,6281.638213196,9618,13465200,0.000000
2929,29.300044,6281.648179983,6281.648179983,9621,13469400,0.000000
2930,29.310064,6281.658200292,6281.658200292,9625,13475000,0.000000
2931,29.320067,6281.668202986,6281.668202986,9628,13479200,0.000000
2932,29.330071,6281.678206592,6281.678206592,9631,13483400,0.000000
2933,29.340020,6281.688155665,6281.688155665,9635,13489000,0.000000
2934,29.350071,6281.698207151,6281.698207151,9638,13493200,0.000000
2935,29.360011,6281.708146775,6281.708146775,9641,13497400,0.000000
2936,29.370065,6281.718200575,6281.718200575,9644,13501600,0.000000
2937,29.380065,6281.728201465,6281.728201465,9648,13507200,0.000000
2938,29.390064,6281.738200165,6281.738200165,9651,13511400,0.000000
2939,29.400068,6281.748204167,6281.748204167,9654,13515600,0.000000
2940,29.410058,6281.758194512,6281.758194512,9658,13521200,0.000000
2941,29.420065,6281.768200582,6281.768200582,9661,13525400,0.000000
2942,29.430071,6281.778206577,6281.778206577,9664,13529600,0.000000
2943,29.440067,6281.788203388,6281.788203388,9667,13533800,0.000000
2944,29.450063,6281.798199243,6281.798199243,9671,13539400,0.000000
2945,29.460043,6281.808178988,6281.808178988,9674,13543600,0.000000
2946,29.470066,6281.818202314,6281.818202314,9677,13547800,0.000000
2947,29.480018,6281.828153944,6281.828153944,9681,13553400,0.000000
2948,29.490069,6281.838204740,6281.838204740,9684,13557600,0.000000
2949,29.500068,6281.848203678,6281.848203678,9687,13561800,0.000000
2950,29.510086,6281.858222339,6281.858222339,9690,13566000,0.000000
2951,29.520065,6281.868200933,6281.868200933,9694,13571600,0.000000
2952,29.530069,6281.878205032,6281.878205032,9697,13575800,0.000000
2953,29.540062,6281.888198314,6281.888198314,9700,13580000,0.000000
2954,29.550050,6281.898185842,6281.898185842,9704,13585600,0.000000
2955,29.560073,6281.908208597,6281.908208597,9707,13589800,0.000000
2956,29.570065,6281.918201080,6281.918201080,9710,13594000,0.000000
2957,29.580031,6281.928167263,6281.928167263,9713,13598200,0.000000
2958,29.590066,6281.938202071,6281.938202071,9717,13603800,0.000000
2959,29.600068,6281.948204523,6281.948204523,9720,13608000,0.000000
2960,29.610072,6281.958208110,6281.958208110,9723,13612200,0.000000
2961,29.620080,6281.968216510,6281.968216510,9727,13617800,0.000000
2962,29.630070,6281.978205928,6281.978205928,9730,13622000,0.000000
2963,29.640069,6281.988205527,6281.988205527,9733,13626200,0.000000
2964,29.650081,6281.998216879,6281.998216879,9736,13630400,0.000000
2965,29.660075,6282.008211181,6282.008211181,9740,13636000,0.000000
2966,29.670081,6282.018217109,6282.018217109,9743,13640200,0.000000
2967,29.680081,6282.028217485,6282.028217485,9746,13644400,0.000000
2968,29.690108,6282.038244441,6282.038244441,9750,13650000,0.000000
2969,29.700061,6282.048197391,6282.048197391,9753,13654200,0.000000
2970,29.710065,6282.058200756,6282.058200756,9756,13658400,0.000000
2971,29.720066,6282.068202063,6282.068202063,9759,13662600,0.000000
2972,29.730066,6282.078202425,6282.078202425,9763,13668200,0.000000
2973,29.740067,6282.088203040,6282.088203040,9766,13672400,0.000000
2974,29.750071,6282.098207179,6282.098207179,9769,13676600,0.000000
2975,29.760124,6282.108259736,6282.108259736,9773,13682200,0.000000
2976,29.770065,6282.118201280,6282.118201280,9776,13686400,0.000000
2977,29.780062,6282.128197963,6282.128197963,9779,13690600,0.000000
2978,29.790071,6282.138206832,6282.138206832,9782,13694800,0.000000
2979,29.800059,6282.148195316,6282.148195316,9786,13700400,0.000000
2980,29.810066,6282.158201734,6282.158201734,9789,13704600,0.000000
2981,29.820048,6282.168184426,6282.168184426,9792,13708800,0.000000
2982,29.830066,6282.178201759,6282.178201759,9795,13713000,0.000000
2983,29.840065,6282.188201530,6282.188201530,9799,13718600,0.000000
2984,29.850019,6282.198155506,6282.198155506,9802,13722800,0.000000
2985,29.860071,6282.208207497,6282.208207497,9805,13727000,0.000000
2986,29.870061,6282.218196618,6282.218196618,9809,13732600,0.000000
2987,29.880069,6282.228205296,6282.228205296,9812,13736800,0.000000
2988,29.890112,6282.238248046,6282.238248046,9815,13741000,0.000000
2989,29.900066,6282.248202369,6282.248202369,9818,13745200,0.000000
2990,29.910065,6282.258201504,6282.258201504,9822,13750800,0.000000
2991,29.920063,6282.268199267,6282.268199267,9825,13755000,0.000000
2992,29.930035,6282.278171476,6282.278171476,9828,13759200,0.000000
2993,29.940063,6282.288198721,6282.288198721,9832,13764800,0.000000
2994,29.950065,6282.298201365,6282.298201365,9835,13769000,0.000000
2995,29.960071,6282.308207252,6282.308207252,9838,13773200,0.000000
2996,29.970021,6282.318156663,6282.318156663,9841,13777400,0.000000
2997,29.980060,6282.328196141,6282.328196141,9845,13783000,0.000000
2998,29.990061,6282.338196916,6282.338196916,9848,13787200,0.000000
2999,30.000066,6282.348202199,6282.348202199,9851,13791400,0.000000
3000,30.010018,6282.358153697,6282.358153697,9855,13797000,0.000000
3001,30.020066,6282.368202475,6282.368202475,9858,13801200,0.000000
3002,30.030075,6282.378211462,6282.378211462,9861,13805400,0.000000
3003,30.040065,6282.388201084,6282.388201084,9864,13809600,0.000000
3004,30.050070,6282.398205630,6282.398205630,9868,13815200,0.000000
3005,30.060066,6282.408202297,6282.408202297,9871,13819400,0.000000
3006,30.070063,6282.418198790,6282.418198790,9874,13823600,0.000000
3007,30.080071,6282.428207191,6282.428207191,9878,13829200,0.000000
3008,30.090062,6282.438198362,6282.438198362,9881,13833400,0.000000
3009,30.100065,6282.448201465,6282.448201465,9884,13837600,0.000000
3010,30.110068,6282.458203995,6282.458203995,9887,13841800,0.000000
3011,30.120064,6282.468199692,6282.468199692,9891,13847400,0.000000
3012,30.130066,6282.478201980,6282.478201980,9894,13851600,0.000000
3013,30.140066,6282.488202230,6282.488202230,9897,13855800,0.000000
3014,30.150040,6282.498175793,6282.498175793,9901,13861400,0.000000
3015,30.160064,6282.508200146,6282.508200146,9904,13865600,0.000000
3016,30.170064,6282.518200224,6282.518200224,9907,13869800,0.000000
3017,30.180069,6282.528204963,6282.528204963,9910,13874000,0.000000
3018,30.190036,6282.538171645,6282.538171645,9914,13879600,0.000000
3019,30.200065,6282.548201042,6282.548201042,9917,13883800,0.000000
3020,30.210067,6282.558202753,6282.558202753,9920,13888000,0.000000
3021,30.220053,6282.568189455,6282.568189455,9924,13893600,0.000000
3022,30.230072,6282.578207908,6282.578207908,9927,13897800,0.000000
3023,30.240060,6282.588196450,6282.588196450,9930,13902000,0.000000
3024,30.250065,6282.598201287,6282.598201287,9933,13906200,0.000000
3025,30.260071,6282.608207245,6282.608207245,9937,13911800,0.000000
3026,30.270068,6282.618203598,6282.618203598,9940,13916000,0.000000
3027,30.280068,6282.628203842,6282.628203842,9943,13920200,0.000000
3028,30.290014,6282.638150433,6282.638150433,9947,13925800,0.000000
3029,30.300061,6282.648196964,6282.648196964,9950,13930000,0.000000
3030,30.310079,6282.658214728,6282.658214728,9953,13934200,0.000000
3031,30.320067,6282.668202735,6282.668202735,9956,13938400,0.000000
3032,30.330022,6282.678158564,6282.678158564,9960,13944000,0.000000
3033,30.340078,6282.688214505,6282.688214505,9963,13948200,0.000000
3034,30.350066,6282.698202072,6282.698202072,9966,13952400,0.000000
3035,30.360048,6282.708184356,6282.708184356,9970,13958000,0.000000
3036,30.370063,6282.718198977,6282.718198977,9973,13962200,0.000000
3037,30.380021,6282.728157267,6282.728157267,9976,13966400,0.000000
3038,30.390062,6282.738198051,6282.738198051,9979,13970600,0.000000
3039,30.400020,6282.748155629,6282.748155629,9983,13976200,0.000000
3040,30.410015,6282.758150723,6282.758150723,9986,13980400,0.000000
3041,30.420067,6282.768203085,6282.768203085,9989,13984600,0.000000
3042,30.430091,6282.778226865,6282.778226865,9993,13990200,0.000000
3043,30.440073,6282.788208904,6282.788208904,9996,13994400,0.000000
3044,30.450063,6282.798199545,6282.798199545,9999,13998600,0.000000
3045,30.460073,6282.808209496,6282.808209496,10002,14002800,0.000000
3046,30.470067,6282.818203019,6282.818203019,10006,14008400,0.000000
3047,30.480067,6282.828202942,6282.828202942,10009,14012600,0.000000
3048,30.490065,6282.838201547,6282.838201547,10012,14016800,0.000000
3049,30.500075,6282.848211188,6282.848211188,10016,14022400,0.000000
3050,30.510069,6282.858205113,6282.858205113,10019,14026600,0.000000
3051,30.520069,6282.868204858,6282.868204858,10022,14030800,0.000000
3052,30.530064,6282.878200561,6282.878200561,10025,14035000,0.000000
3053,30.540063,6282.888198655,6282.888198655,10029,14040600,0.000000
3054,30.550066,6282.898202436,6282.898202436,10032,14044800,0.000000
3055,30.560068,6282.908203694,6282.908203694,10035,14049000,0.000000
3056,30.570156,6282.918292385,6282.918292385,10039,14054600,0.000000
3057,30.580068,6282.928204078,6282.928204078,10042,14058800,0.000000
3058,30.590071,6282.938207434,6282.938207434,10045,14063000,0.000000
3059,30.600077,6282.948213508,6282.948213508,10048,14067200,0.000000
3060,30.610026,6282.958162410,6282.958162410,10052,14072800,0.000000
3061,30.620066,6282.968201806,6282.968201806,10055,14077000,0.000000
3062,30.630066,6282.978202534,6282.978202534,10058,14081200,0.000000
3063,30.640064,6282.988200150,6282.988200150,10061,14085400,0.000000
3064,30.650066,6282.998202138,6282.998202138,10065,14091000,0.000000
3065,30.660070,6283.008206065,6283.008206065,10068,14095200,0.000000
3066,30.670069,6283.018205235,6283.018205235,10071,14099400,0.000000
3067,30.680065,6283.028200610,6283.028200610,10075,14105000,0.000000
3068,30.690069,6283.038205130,6283.038205130,10078,14109200,0.000000
3069,30.700064,6283.048200107,6283.048200107,10081,14113400,0.000000
3070,30.710073,6283.058208602,6283.058208602,10084,14117600,0.000000
3071,30.720073,6283.068209552,6283.068209552,10088,14123200,0.000000
3072,30.730066,6283.078202465,6283.078202465,10091,14127400,0.000000
3073,30.740068,6283.088204036,6283.088204036,10094,14131600,0.000000
3074,30.750038,6283.098173724,6283.098173724,10098,14137200,0.000000
3075,30.760065,6283.108201524,6283.108201524,10101,14141400,0.000000
3076,30.770066,6283.118202087,6283.118202087,10104,14145600,0.000000
3077,30.780066,6283.128201709,6283.128201709,10107,14149800,0.000000
3078,30.790059,6283.138194657,6283.138194657,10111,14155400,0.000000
3079,30.800043,6283.148178612,6283.148178612,10114,14159600,0.000000
3080,30.810066,6283.158202178,6283.158202178,10117,14163800,0.000000
3081,30.820060,6283.168196502,6283.168196502,10121,14169400,0.000000
3082,30.830064,6283.178200375,6283.178200375,10124,14173600,0.000000
3083,30.840047,6283.188183280,6283.188183280,10127,14177800,0.000000
3084,30.850072,6283.198207895,6283.198207895,10130,14182000,0.000000
3085,30.860068,6283.208204043,6283.208204043,10134,14187600,0.000000
3086,30.870063,6283.218199117,6283.218199117,10137,14191800,0.000000
3087,30.880067,6283.228202973,6283.228202973,10140,14196000,0.000000
3088,30.890058,6283.238194034,6283.238194034,10144,14201600,0.000000
3089,30.900070,6283.248206232,6283.248206232,10147,14205800,0.000000
3090,30.910064,6283.258200105,6283.258200105,10150,14210000,0.000000
3091,30.920067,6283.268203478,6283.268203478,10153,14214200,0.000000
3092,30.930066,6283.278201669,6283.278201669,10157,14219800,0.000000
3093,30.940066,6283.288201744,6283.288201744,10160,14224000,0.000000
3094,30.950067,6283.298203047,6283.298203047,10163,14228200,0.000000
3095,30.960030,6283.308165798,6283.308165798,10167,14233800,0.000000
3096,30.970068,6283.318203806,6283.318203806,10170,14238000,0.000000
3097,30.980068,6283.328203739,6283.328203739,10173,14242200,0.000000
3098,30.990068,6283.338204364,6283.338204364,10176,14246400,0.000000
3099,31.000070,6283.348205689,6283.348205689,10180,14252000,0.000000
3100,31.010066,6283.358202113,6283.358202113,10183,14256200,0.000000
3101,31.020067,6283.368203450,6283.368203450,10186,14260400,0.000000
3102,31.030007,6283.378143318,6283.378143318,10190,14266000,0.000000
3103,31.040064,6283.388200215,6283.388200215,10193,14270200,0.000000
3104,31.050067,6283.398202699,6283.398202699,10196,14274400,0.000000
3105,31.060066,6283.408202089,6283.408202089,10199,14278600,0.000000
3106,31.070072,6283.418207580,6283.418207580,10203,14284200,0.000000
3107,31.080068,6283.428204047,6283.428204047,10206,14288400,0.000000
3108,31.090070,6283.438206035,6283.438206035,10209,14292600,0.000000
3109,31.100026,6283.448162118,6283.448162118,10213,14298200,0.000000
3110,31.110067,6283.458203084,6283.458203084,10216,14302400,0.000000
3111,31.120089,6283.468225451,6283.468225451,10219,14306600,0.000000
3112,31.130079,6283.478214741,6283.478214741,10222,14310800,0.000000
3113,31.140065,6283.488201226,6283.488201226,10226,14316400,0.000000
3114,31.150064,6283.498199834,6283.498199834,10229,14320600,0.000000
3115,31.160068,6283.508203881,6283.508203881,10232,14324800,0.000000
3116,31.170058,6283.518194521,6283.518194521,10236,14330400,0.000000
3117,31.180070,6283.528205814,6283.528205814,10239,14334600,0.000000
3118,31.190065,6283.538201243,6283.538201243,10242,14338800,0.000000
3119,31.200080,6283.548216080,6283.548216080,10245,14343000,0.000000
3120,31.210066,6283.558201948,6283.558201948,10249,14348600,0.000000
3121,31.220085,6283.568220845,6283.568220845,10252,14352800,0.000000
3122,31.230064,6283.578199757,6283.578199757,10255,14357000,0.000000
3123,31.240079,6283.588215528,6283.588215528,10259,14362600,0.000000
3124,31.250065,6283.598200576,6283.598200576,10262,14366800,0.000000
3125,31.260067,6283.608203215,6283.608203215,10265,14371000,0.000000
3126,31.270066,6283.618202120,6283.618202120,10268,14375200,0.000000
3127,31.280067,6283.628203162,6283.628203162,10272,14380800,0.000000
3128,31.290066,6283.638202544,6283.638202544,10275,14385000,0.000000
3129,31.300067,6283.648203486,6283.648203486,10278,14389200,0.000000
3130,31.310087,6283.658222808,6283.658222808,10282,14394800,0.000000
3131,31.320066,6283.668202175,6283.668202175,10285,14399000,0.000000
3132,31.330081,6283.678217097,6283.678217097,10288,14403200,0.000000
3133,31.340067,6283.688203341,6283.688203341,10291,14407400,0.000000
3134,31.350069,6283.698204719,6283.698204719,10295,14413000,0.000000
3135,31.360068,6283.708203907,6283.708203907,10298,14417200,0.000000
3136,31.370067,6283.718203485,6283.718203485,10301,14421400,0.000000
3137,31.380070,6283.728205644,6283.728205644,10304,14425600,0.000000
3138,31.390059,6283.738195324,6283.738195324,10308,14431200,0.000000
3139,31.400068,6283.748204253,6283.748204253,10311,14435400,0.000000
3140,31.410069,6283.758204929,6283.758204929,10314,14439600,0.000000
3141,31.420064,6283.768199934,6283.768199934,10318,14445200,0.000000
3142,31.430067,6283.778203533,6283.778203533,10321,14449400,0.000000
3143,31.440063,6283.788198803,6283.788198803,10324,14453600,0.000000
3144,31.450048,6283.798184572,6283.798184572,10327,14457800,0.000000
3145,31.460068,6283.808204236,6283.808204236,10331,14463400,0.000000
3146,31.470065,6283.818201126,6283.818201126,10334,14467600,0.000000
3147,31.480038,6283.828174504,6283.828174504,10337,14471800,0.000000
3148,31.490070,6283.838206426,6283.838206426,10341,14477400,0.000000
3149,31.500066,6283.848201636,6283.848201636,10344,14481600,0.000000
3150,31.510071,6283.858207344,6283.858207344,10347,14485800,0.000000
3151,31.520067,6283.868202875,6283.868202875,10350,14490000,0.000000
3152,31.530064,6283.878200005,6283.878200005,10354,14495600,0.000000
3153,31.540071,6283.888207339,6283.888207339,10357,14499800,0.000000
3154,31.550070,6283.898205820,6283.898205820,10360,14504000,0.000000
3155,31.560027,6283.908162820,6283.908162820,10364,14509600,0.000000
3156,31.570063,6283.918199464,6283.918199464,10367,14513800,0.000000
3157,31.580070,6283.928206069,6283.928206069,10370,14518000,0.000000
3158,31.590069,6283.938204639,6283.938204639,10373,14522200,0.000000
3159,31.600059,6283.948194790,6283.948194790,10377,14527800,0.000000
3160,31.610062,6283.958198236,6283.958198236,10380,14532000,0.000000
3161,31.620046,6283.968181776,6283.968181776,10383,14536200,0.000000
3162,31.630020,6283.978156047,6283.978156047,10387,14541800,0.000000
3163,31.640059,6283.988195002,6283.988195002,10390,14546000,0.000000
3164,31.650066,6283.998202410,6283.998202410,10393,14550200,0.000000
3165,31.660069,6284.008205196,6284.008205196,10396,14554400,0.000000
3166,31.670069,6284.018205000,6284.018205000,10400,14560000,0.000000
3167,31.680065,6284.028201073,6284.028201073,10403,14564200,0.000000
3168,31.690018,6284.038154417,6284.038154417,10406,14568400,0.000000
3169,31.700058,6284.048193767,6284.048193767,10410,14574000,0.000000
3170,31.710076,6284.058212022,6284.058212022,10413,14578200,0.000000
3171,31.720068,6284.068204351,6284.068204351,10416,14582400,0.000000
3172,31.730066,6284.078202493,6284.078202493,10419,14586600,0.000000
3173,31.740065,6284.088200888,6284.088200888,10423,14592200,0.000000
3174,31.750069,6284.098204601,6284.098204601,10426,14596400,0.000000
3175,31.760071,6284.108206810,6284.108206810,10429,14600600,0.000000
3176,31.770025,6284.118161487,6284.118161487,10433,14606200,0.000000
3177,31.780065,6284.128200609,6284.128200609,10436,14610400,0.000000
3178,31.790076,6284.138211801,6284.138211801,10439,14614600,0.000000
3179,31.800065,6284.148201454,6284.148201454,10442,14618800,0.000000
3180,31.810068,6284.158204461,6284.158204461,10446,14624400,0.000000
3181,31.820063,6284.168198691,6284.168198691,10449,14628600,0.000000
3182,31.830066,6284.178202248,6284.178202248,10452,14632800,0.000000
3183,31.840014,6284.188149574,6284.188149574,10456,14638400,0.000000
3184,31.850060,6284.198196182,6284.198196182,10459,14642600,0.000000
3185,31.860061,6284.208196975,6284.208196975,10462,14646800,0.000000
3186,31.870066,6284.218202549,6284.218202549,10465,14651000,0.000000
3187,31.880065,6284.228200625,6284.228200625,10469,14656600,0.000000
3188,31.890065,6284.238200952,6284.238200952,10472,14660800,0.000000
3189,31.900068,6284.248203757,6284.248203757,10475,14665000,0.000000
3190,31.910027,6284.258163572,6284.258163572,10479,14670600,0.000000
3191,31.920066,6284.268202004,6284.268202004,10482,14674800,0.000000
3192,31.930070,6284.278205777,6284.278205777,10485,14679000,0.000000
3193,31.940065,6284.288201501,6284.288201501,10488,14683200,0.000000
3194,31.950065,6284.298201549,6284.298201549,10492,14688800,0.000000
3195,31.960069,6284.308204684,6284.308204684,10495,14693000,0.000000
3196,31.970065,6284.318201412,6284.318201412,10498,14697200,0.000000
3197,31.980064,6284.328199878,6284.328199878,10502,14702800,0.000000
3198,31.990060,6284.338196416,6284.338196416,10505,14707000,0.000000
3199,32.000065,6284.348200968,6284.348200968,10508,14711200,0.000000
3200,32.010066,6284.358201924,6284.358201924,10511,14715400,0.000000
3201,32.020050,6284.368186060,6284.368186060,10515,14721000,0.000000
3202,32.030066,6284.378201846,6284.378201846,10518,14725200,0.000000
3203,32.040069,6284.388205341,6284.388205341,10521,14729400,0.000000
3204,32.050076,6284.398212459,6284.398212459,10525,14735000,0.000000
3205,32.060065,6284.408201346,6284.408201346,10528,14739200,0.000000
3206,32.070075,6284.418211057,6284.418211057,10531,14743400,0.000000
3207,32.080068,6284.428203587,6284.428203587,10534,14747600,0.000000
3208,32.090065,6284.438200735,6284.438200735,10538,14753200,0.000000
3209,32.100064,6284.448199989,6284.448199989,10541,14757400,0.000000
3210,32.110038,6284.458173882,6284.458173882,10544,14761600,0.000000
3211,32.120074,6284.468210147,6284.468210147,10548,14767200,0.000000
3212,32.130058,6284.478194494,6284.478194494,10551,14771400,0.000000
3213,32.140066,6284.488202151,6284.488202151,10554,14775600,0.000000
3214,32.150085,6284.498220986,6284.498220986,10557,14779800,0.000000
3215,32.160063,6284.508198673,6284.508198673,10561,14785400,0.000000
3216,32.170067,6284.518202835,6284.518202835,10564,14789600,0.000000
3217,32.180066,6284.528201804,6284.528201804,10567,14793800,0.000000
3218,32.190066,6284.538201973,6284.538201973,10570,14798000,0.000000
3219,32.200060,6284.548195703,6284.548195703,10574,14803600,0.000000
3220,32.210061,6284.558196823,6284.558196823,10577,14807800,0.000000
3221,32.220061,6284.568197237,6284.568197237,10580,14812000,0.000000
3222,32.230059,6284.578194940,6284.578194940,10584,14817600,0.000000
3223,32.240064,6284.588199594,6284.588199594,10587,14821800,0.000000
3224,32.250068,6284.598204363,6284.598204363,10590,14826000,0.000000
3225,32.260069,6284.608205095,6284.608205095,10593,14830200,0.000000
3226,32.270066,6284.618202463,6284.618202463,10597,14835800,0.000000
3227,32.280063,6284.628198706,6284.628198706,10600,14840000,0.000000
3228,32.290063,6284.638199494,6284.638199494,10603,14844200,0.000000
3229,32.300067,6284.648203474,6284.648203474,10607,14849800,0.000000
3230,32.310067,6284.658202742,6284.658202742,10610,14854000,0.000000
3231,32.320068,6284.668204367,6284.668204367,10613,14858200,0.000000
3232,32.330067,6284.678202752,6284.678202752,10616,14862400,0.000000
3233,32.340051,6284.688187475,6284.688187475,10620,14868000,0.000000
3234,32.350065,6284.698201499,6284.698201499,10623,14872200,0.000000
3235,32.360067,6284.708203155,6284.708203155,10626,14876400,0.000000
3236,32.370072,6284.718207940,6284.718207940,10630,14882000,0.000000
3237,32.380067,6284.728202604,6284.728202604,10633,14886200,0.000000
3238,32.390068,6284.738204486,6284.738204486,10636,14890400,0.000000
3239,32.400068,6284.748203780,6284.748203780,10639,14894600,0.000000
3240,32.410058,6284.758193912,6284.758193912,10643,14900200,0.000000
3241,32.420062,6284.768198274,6284.768198274,10646,14904400,0.000000
3242,32.430062,6284.778198061,6284.778198061,10649,14908600,0.000000
3243,32.440060,6284.788196126,6284.788196126,10653,14914200,0.000000
3244,32.450063,6284.798199459,6284.798199459,10656,14918400,0.000000
3245,32.460063,6284.808199286,6284.808199286,10659,14922600,0.000000
3246,32.470067,6284.818202648,6284.818202648,10662,14926800,0.000000
3247,32.480066,6284.828202069,6284.828202069,10666,14932400,0.000000
3248,32.490026,6284.838161935,6284.838161935,10669,14936600,0.000000
3249,32.500068,6284.848203681,6284.848203681,10672,14940800,0.000000
3250,32.510058,6284.858194038,6284.858194038,10676,14946400,0.000000
3251,32.520069,6284.868204874,6284.868204874,10679,14950600,0.000000
3252,32.530068,6284.878204059,6284.878204059,10682,14954800,0.000000
3253,32.540062,6284.888198241,6284.888198241,10685,14959000,0.000000
3254,32.550065,6284.898201353,6284.898201353,10689,14964600,0.000000
3255,32.560069,6284.908205379,6284.908205379,10692,14968800,0.000000
3256,32.570064,6284.918199991,6284.918199991,10695,14973000,0.000000
3257,32.580046,6284.928182273,6284.928182273,10699,14978600,0.000000
3258,32.590024,6284.938159697,6284.938159697,10702,14982800,0.000000
3259,32.600067,6284.948202908,6284.948202908,10705,14987000,0.000000
3260,32.610070,6284.958206532,6284.958206532,10708,14991200,0.000000
3261,32.620064,6284.968200217,6284.968200217,10712,14996800,0.000000
3262,32.630073,6284.978208735,6284.978208735,10715,15001000,0.000000
3263,32.640069,6284.988204985,6284.988204985,10718,15005200,0.000000
3264,32.650016,6284.998152075,6284.998152075,10722,15010800,0.000000
3265,32.660065,6285.008200793,6285.008200793,10725,15015000,0.000000
3266,32.670065,6285.018201393,6285.018201393,10728,15019200,0.000000
3267,32.680033,6285.028169373,6285.028169373,10731,15023400,0.000000
3268,32.690066,6285.038202465,6285.038202465,10735,15029000,0.000000
3269,32.700071,6285.048206747,6285.048206747,10738,15033200,0.000000
3270,32.710073,6285.058208670,6285.058208670,10741,15037400,0.000000
3271,32.720035,6285.068171208,6285.068171208,10745,15043000,0.000000
3272,32.730066,6285.078202520,6285.078202520,10748,15047200,0.000000
3273,32.740074,6285.088209601,6285.088209601,10751,15051400,0.000000
3274,32.750069,6285.098205257,6285.098205257,10754,15055600,0.000000
3275,32.760060,6285.108196261,6285.108196261,10758,15061200,0.000000
3276,32.770073,6285.118208716,6285.118208716,10761,15065400,0.000000
3277,32.780063,6285.128198631,6285.128198631,10764,15069600,0.000000
3278,32.790066,6285.138201911,6285.138201911,10768,15075200,0.000000
3279,32.800036,6285.148171587,6285.148171587,10771,15079400,0.000000
3280,32.810071,6285.158207333,6285.158207333,10774,15083600,0.000000
3281,32.820067,6285.168202896,6285.168202896,10777,15087800,0.000000
3282,32.830071,6285.178207222,6285.178207222,10781,15093400,0.000000
3283,32.840061,6285.188196918,6285.188196918,10784,15097600,0.000000
3284,32.850075,6285.198210666,6285.198210666,10787,15101800,0.000000
3285,32.860080,6285.208216239,6285.208216239,10791,15107400,0.000000
3286,32.870045,6285.218180858,6285.218180858,10794,15111600,0.000000
3287,32.880063,6285.228199062,6285.228199062,10797,15115800,0.000000
3288,32.890021,6285.238156681,6285.238156681,10800,15120000,0.000000
3289,32.900067,6285.248203000,6285.248203000,10804,15125600,0.000000
3290,32.910065,6285.258201148,6285.258201148,10807,15129800,0.000000
3291,32.920087,6285.268223111,6285.268223111,10810,15134000,0.000000
3292,32.930065,6285.278201257,6285.278201257,10813,15138200,0.000000
3293,32.940058,6285.288194467,6285.288194467,10817,15143800,0.000000
3294,32.950075,6285.298211567,6285.298211567,10820,15148000,0.000000
3295,32.960074,6285.308210262,6285.308210262,10823,15152200,0.000000
3296,32.970060,6285.318196220,6285.318196220,10827,15157800,0.000000
3297,32.980066,6285.328202434,6285.328202434,10830,15162000,0.000000
3298,32.990062,6285.338198091,6285.338198091,10833,15166200,0.000000
3299,33.000015,6285.348150990,6285.348150990,10836,15170400,0.000000
3300,33.010064,6285.358200286,6285.358200286,10840,15176000,0.000000
3301,33.020068,6285.368204193,6285.368204193,10843,15180200,0.000000
3302,33.030065,6285.378200819,6285.378200819,10846,15184400,0.000000
3303,33.040059,6285.388195091,6285.388195091,10850,15190000,0.000000
3304,33.050065,6285.398200894,6285.398200894,10853,15194200,0.000000
3305,33.060065,6285.408201495,6285.408201495,10856,15198400,0.000000
3306,33.070071,6285.418207526,6285.418207526,10859,15202600,0.000000
3307,33.080064,6285.428199600,6285.428199600,10863,15208200,0.000000
3308,33.090066,6285.438201995,6285.438201995,10866,15212400,0.000000
3309,33.100067,6285.448203509,6285.448203509,10869,15216600,0.000000
3310,33.110059,6285.458195180,6285.458195180,10873,15222200,0.000000
3311,33.120061,6285.468196799,6285.468196799,10876,15226400,0.000000
3312,33.130063,6285.478199347,6285.478199347,10879,15230600,0.000000
3313,33.140058,6285.488194244,6285.488194244,10882,15234800,0.000000
3314,33.150066,6285.498201775,6285.498201775,10886,15240400,0.000000
3315,33.160070,6285.508206076,6285.508206076,10889,15244600,0.000000
3316,33.170075,6285.518211097,6285.518211097,10892,15248800,0.000000
3317,33.180011,6285.528146892,6285.528146892,10896,15254400,0.000000
3318,33.190064,6285.538200528,6285.538200528,10899,15258600,0.000000
3319,33.200066,6285.548202369,6285.548202369,10902,15262800,0.000000
3320,33.210067,6285.558203566,6285.558203566,10905,15267000,0.000000
3321,33.220059,6285.568194752,6285.568194752,10909,15272600,0.000000
3322,33.230042,6285.578178409,6285.578178409,10912,15276800,0.000000
3323,33.240084,6285.588219783,6285.588219783,10915,15281000,0.000000
3324,33.250017,6285.598152923,6285.598152923,10919,15286600,0.000000
3325,33.260067,6285.608203124,6285.608203124,10922,15290800,0.000000
3326,33.270065,6285.618200792,6285.618200792,10925,15295000,0.000000
3327,33.280072,6285.628208462,6285.628208462,10928,15299200,0.000000
3328,33.290066,6285.638201865,6285.638201865,10932,15304800,0.000000
3329,33.300067,6285.648202893,6285.648202893,10935,15309000,0.000000
3330,33.310073,6285.658208768,6285.658208768,10938,15313200,0.000000
3331,33.320024,6285.668160182,6285.668160182,10942,15318800,0.000000
3332,33.330066,6285.678202357,6285.678202357,10945,15323000,0.000000
3333,33.340066,6285.688202426,6285.688202426,10948,15327200,0.000000
3334,33.350062,6285.698198095,6285.698198095,10951,15331400,0.000000
3335,33.360083,6285.708219083,6285.708219083,10955,15337000,0.000000
3336,33.370071,6285.718207244,6285.718207244,10958,15341200,0.000000
3337,33.380056,6285.728191814,6285.728191814,10961,15345400,0.000000
3338,33.390030,6285.738165911,6285.738165911,10965,15351000,0.000000
3339,33.400067,6285.748203290,6285.748203290,10968,15355200,0.000000
3340,33.410069,6285.758204888,6285.758204888,10971,15359400,0.000000
3341,33.420065,6285.768201128,6285.768201128,10974,15363600,0.000000
3342,33.430011,6285.778146946,6285.778146946,10978,15369200,0.000000
3343,33.440067,6285.788203028,6285.788203028,10981,15373400,0.000000
3344,33.450065,6285.798201514,6285.798201514,10984,15377600,0.000000
3345,33.460011,6285.808146757,6285.808146757,10988,15383200,0.000000
3346,33.470064,6285.818199872,6285.818199872,10991,15387400,0.000000
3347,33.480070,6285.828205728,6285.828205728,10994,15391600,0.000000
3348,33.490070,6285.838205850,6285.838205850,10997,15395800,0.000000
3349,33.500065,6285.848201027,6285.848201027,11001,15401400,0.000000
3350,33.510069,6285.858205269,6285.858205269,11004,15405600,0.000000
3351,33.520072,6285.868208117,6285.868208117,11007,15409800,0.000000
3352,33.530043,6285.878179104,6285.878179104,11011,15415400,0.000000
3353,33.540069,6285.888205047,6285.888205047,11014,15419600,0.000000
3354,33.550069,6285.898204596,6285.898204596,11017,15423800,0.000000
3355,33.560067,6285.908202976,6285.908202976,11020,15428000,0.000000
3356,33.570051,6285.918187266,6285.918187266,11024,15433600,0.000000
3357,33.580069,6285.928204803,6285.928204803,11027,15437800,0.000000
3358,33.590093,6285.938229185,6285.938229185,11030,15442000,0.000000
3359,33.600084,6285.948219660,6285.948219660,11034,15447600,0.000000
3360,33.610066,6285.958201655,6285.958201655,11037,15451800,0.000000
3361,33.620071,6285.968207556,6285.968207556,11040,15456000,0.000000
3362,33.630062,6285.978198183,6285.978198183,11043,15460200,0.000000
3363,33.640077,6285.988212941,6285.988212941,11047,15465800,0.000000
3364,33.650067,6285.998202628,6285.998202628,11050,15470000,0.000000
3365,33.660065,6286.008201141,6286.008201141,11053,15474200,0.000000
3366,33.670086,6286.018222024,6286.018222024,11057,15479800,0.000000
3367,33.680066,6286.028202274,6286.028202274,11060,15484000,0.000000
3368,33.690072,6286.038208175,6286.038208175,11063,15488200,0.000000
3369,33.700076,6286.048211683,6286.048211683,11066,15492400,0.000000
3370,33.710034,6286.058170127,6286.058170127,11070,15498000,0.000000
3371,33.720065,6286.068201460,6286.068201460,11073,15502200,0.000000
3372,33.730067,6286.078203346,6286.078203346,11076,15506400,0.000000
3373,33.740070,6286.088205796,6286.088205796,11079,15510600,0.000000
3374,33.750064,6286.098200397,6286.098200397,11083,15516200,0.000000
3375,33.760067,6286.108203263,6286.108203263,11086,15520400,0.000000
3376,33.770074,6286.118210465,6286.118210465,11089,15524600,0.000000
3377,33.780063,6286.128198721,6286.128198721,11093,15530200,0.000000
3378,33.790068,6286.138204535,6286.138204535,11096,15534400,0.000000
3379,33.800065,6286.148201212,6286.148201212,11099,15538600,0.000000
3380,33.810066,6286.158202195,6286.158202195,11102,15542800,0.000000
3381,33.820074,6286.168209618,6286.168209618,11106,15548400,0.000000
3382,33.830066,6286.178202366,6286.178202366,11109,15552600,0.000000
3383,33.840077,6286.188213230,6286.188213230,11112,15556800,0.000000
3384,33.850065,6286.198201028,6286.198201028,11116,15562400,0.000000
3385,33.860080,6286.208215898,6286.208215898,11119,15566600,0.000000
3386,33.870067,6286.218202844,6286.218202844,11122,15570800,0.000000
3387,33.880065,6286.228201165,6286.228201165,11125,15575000,0.000000
3388,33.890068,6286.238204291,6286.238204291,11129,15580600,0.000000
3389,33.900063,6286.248198649,6286.248198649,11132,15584800,0.000000
3390,33.910067,6286.258202974,6286.258202974,11135,15589000,0.000000
3391,33.920058,6286.268194532,6286.268194532,11139,15594600,0.000000
3392,33.930066,6286.278201833,6286.278201833,11142,15598800,0.000000
3393,33.940065,6286.288201552,6286.288201552,11145,15603000,0.000000
3394,33.950066,6286.298201788,6286.298201788,11148,15607200,0.000000
3395,33.960065,6286.308201297,6286.308201297,11152,15612800,0.000000
3396,33.970067,6286.318202716,6286.318202716,11155,15617000,0.000000
3397,33.980063,6286.328199475,6286.328199475,11158,15621200,0.000000
3398,33.990047,6286.338183033,6286.338183033,11162,15626800,0.000000
3399,34.000067,6286.348203032,6286.348203032,11165,15631000,0.000000
3400,34.010068,6286.358203616,6286.358203616,11168,15635200,0.000000
3401,34.020070,6286.368206541,6286.368206541,11171,15639400,0.000000
3402,34.030066,6286.378202176,6286.378202176,11175,15645000,0.000000
3403,34.040065,6286.388200862,6286.388200862,11178,15649200,0.000000
3404,34.050064,6286.398200123,6286.398200123,11181,15653400,0.000000
3405,34.060071,6286.408206654,6286.408206654,11185,15659000,0.000000
3406,34.070065,6286.418200750,6286.418200750,11188,15663200,0.000000
3407,34.080070,6286.428206118,6286.428206118,11191,15667400,0.000000
3408,34.090021,6286.438157474,6286.438157474,11194,15671600,0.000000
3409,34.100072,6286.448207834,6286.448207834,11198,15677200,0.000000
3410,34.110076,6286.458212431,6286.458212431,11201,15681400,0.000000
3411,34.120076,6286.468212010,6286.468212010,11204,15685600,0.000000
3412,34.130033,6286.478168716,6286.478168716,11208,15691200,0.000000
3413,34.140059,6286.488194990,6286.488194990,11211,15695400,0.000000
3414,34.150062,6286.498198338,6286.498198338,11214,15699600,0.000000
3415,34.160069,6286.508205146,6286.508205146,11217,15703800,0.000000
3416,34.170059,6286.518194966,6286.518194966,11221,15709400,0.000000
3417,34.180068,6286.528203694,6286.528203694,11224,15713600,0.000000
3418,34.190068,6286.538204426,6286.538204426,11227,15717800,0.000000
3419,34.200034,6286.548169606,6286.548169606,11231,15723400,0.000000
3420,34.210049,6286.558185556,6286.558185556,11234,15727600,0.000000
3421,34.220028,6286.568163767,6286.568163767,11237,15731800,0.000000
3422,34.230100,6286.578235762,6286.578235762,11240,15736000,0.000000
3423,34.240066,6286.588201984,6286.588201984,11244,15741600,0.000000
3424,34.250071,6286.598207308,6286.598207308,11247,15745800,0.000000
3425,34.260067,6286.608203548,6286.608203548,11250,15750000,0.000000
3426,34.270063,6286.618198609,6286.618198609,11254,15755600,0.000000
3427,34.280063,6286.628199162,6286.628199162,11257,15759800,0.000000
3428,34.290066,6286.638201810,6286.638201810,11260,15764000,0.000000
3429,34.300033,6286.648169219,6286.648169219,11263,15768200,0.000000
3430,34.310067,6286.658203002,6286.658203002,11267,15773800,0.000000
3431,34.320033,6286.668169477,6286.668169477,11270,15778000,0.000000
3432,34.330081,6286.678216712,6286.678216712,11273,15782200,0.000000
3433,34.340048,6286.688183989,6286.688183989,11277,15787800,0.000000
3434,34.350065,6286.698201184,6286.698201184,11280,15792000,0.000000
3435,34.360067,6286.708203008,6286.708203008,11283,15796200,0.000000
3436,34.370069,6286.718204752,6286.718204752,11286,15800400,0.000000
3437,34.380064,6286.728199994,6286.728199994,11290,15806000,0.000000
3438,34.390076,6286.738212258,6286.738212258,11293,15810200,0.000000
3439,34.400063,6286.748199209,6286.748199209,11296,15814400,0.000000
3440,34.410069,6286.758205488,6286.758205488,11300,15820000,0.000000
3441,34.420068,6286.768204235,6286.768204235,11303,15824200,0.000000
3442,34.430058,6286.778193995,6286.778193995,11306,15828400,0.000000
3443,34.440070,6286.788206001,6286.788206001,11309,15832600,0.000000
3444,34.450013,6286.798149248,6286.798149248,11313,15838200,0.000000
3445,34.460062,6286.808198209,6286.808198209,11316,15842400,0.000000
3446,34.470066,6286.818202389,6286.818202389,11319,15846600,0.000000
3447,34.480064,6286.828200487,6286.828200487,11323,15852200,0.000000
3448,34.490065,6286.838200820,6286.838200820,11326,15856400,0.000000
3449,34.500061,6286.848197542,6286.848197542,11329,15860600,0.000000
3450,34.510066,6286.858202168,6286.858202168,11332,15864800,0.000000
3451,34.520066,6286.868202097,6286.868202097,11336,15870400,0.000000
3452,34.530065,6286.878201419,6286.878201419,11339,15874600,0.000000
3453,34.540018,6286.888154247,6286.888154247,11342,15878800,0.000000
3454,34.550066,6286.898202445,6286.898202445,11345,15883000,0.000000
3455,34.560063,6286.908198937,6286.908198937,11349,15888600,0.000000
3456,34.570065,6286.918201425,6286.918201425,11352,15892800,0.000000
3457,34.580067,6286.928202685,6286.928202685,11355,15897000,0.000000
3458,34.590012,6286.938148011,6286.938148011,11359,15902600,0.000000
3459,34.600089,6286.948225025,6286.948225025,11362,15906800,0.000000
3460,34.610070,6286.958206273,6286.958206273,11365,15911000,0.000000
3461,34.620070,6286.968205651,6286.968205651,11368,15915200,0.000000
3462,34.630070,6286.978205622,6286.978205622,11372,15920800,0.000000
3463,34.640061,6286.988197026,6286.988197026,11375,15925000,0.000000
3464,34.650072,6286.998208250,6286.998208250,11378,15929200,0.000000
3465,34.660065,6287.008201016,6287.008201016,11382,15934800,0.000000
3466,34.670065,6287.018201156,6287.018201156,11385,15939000,0.000000
3467,34.680074,6287.028209954,6287.028209954,11388,15943200,0.000000
3468,34.690071,6287.038207467,6287.038207467,11391,15947400,0.000000
3469,34.700075,6287.048211027,6287.048211027,11395,15953000,0.000000
3470,34.710064,6287.058199970,6287.058199970,11398,15957200,0.000000
3471,34.720069,6287.068205326,6287.068205326,11401,15961400,0.000000
3472,34.730071,6287.078207207,6287.078207207,11405,15967000,0.000000
3473,34.740074,6287.088210133,6287.088210133,11408,15971200,0.000000
3474,34.750089,6287.098225570,6287.098225570,11411,15975400,0.000000
3475,34.760075,6287.108210730,6287.108210730,11414,15979600,0.000000
3476,34.770072,6287.118208044,6287.118208044,11418,15985200,0.000000
3477,34.780073,6287.128208751,6287.128208751,11421,15989400,0.000000
3478,34.790066,6287.138202075,6287.138202075,11424,15993600,0.000000
3479,34.800063,6287.148199149,6287.148199149,11428,15999200,0.000000
3480,34.810066,6287.158202214,6287.158202214,11431,16003400,0.000000
3481,34.820071,6287.168206953,6287.168206953,11434,16007600,0.000000
3482,34.830075,6287.178210785,6287.178210785,11437,16011800,0.000000
3483,34.840087,6287.188223508,6287.188223508,11441,16017400,0.000000
3484,34.850090,6287.198225868,6287.198225868,11444,16021600,0.000000
3485,34.860072,6287.208208141,6287.208208141,11447,16025800,0.000000
3486,34.870023,6287.218159312,6287.218159312,11451,16031400,0.000000
3487,34.880080,6287.228216041,6287.228216041,11454,16035600,0.000000
3488,34.890068,6287.238204446,6287.238204446,11457,16039800,0.000000
3489,34.900081,6287.248217159,6287.248217159,11460,16044000,0.000000
3490,34.910070,6287.258206304,6287.258206304,11464,16049600,0.000000
3491,34.920072,6287.268208011,6287.268208011,11467,16053800,0.000000
3492,34.930069,6287.278204910,6287.278204910,11470,16058000,0.000000
3493,34.940015,6287.288151007,6287.288151007,11474,16063600,0.000000
3494,34.950065,6287.298200982,6287.298200982,11477,16067800,0.000000
3495,34.960065,6287.308201242,6287.308201242,11480,16072000,0.000000
3496,34.970067,6287.318203456,6287.318203456,11483,16076200,0.000000
3497,34.980066,6287.328202544,6287.328202544,11487,16081800,0.000000
3498,34.990068,6287.338203657,6287.338203657,11490,16086000,0.000000
3499,35.000066,6287.348202136,6287.348202136,11493,16090200,0.000000
3500,35.010025,6287.358160622,6287.358160622,11497,16095800,0.000000
3501,35.020093,6287.368229471,6287.368229471,11500,16100000,0.000000
3502,35.030070,6287.378206312,6287.378206312,11503,16104200,0.000000
3503,35.040071,6287.388206673,6287.388206673,11506,16108400,0.000000
3504,35.050068,6287.398204223,6287.398204223,11510,16114000,0.000000
3505,35.060070,6287.408205687,6287.408205687,11513,16118200,0.000000
3506,35.070070,6287.418205616,6287.418205616,11516,16122400,0.000000
3507,35.080022,6287.428157759,6287.428157759,11520,16128000,0.000000
3508,35.090069,6287.438204579,6287.438204579,11523,16132200,0.000000
3509,35.100073,6287.448209230,6287.448209230,11526,16136400,0.000000
3510,35.110068,6287.458203921,6287.458203921,11529,16140600,0.000000
3511,35.120066,6287.468202279,6287.468202279,11533,16146200,0.000000
3512,35.130071,6287.478207360,6287.478207360,11536,16150400,0.000000
3513,35.140074,6287.488210190,6287.488210190,11539,16154600,0.000000
3514,35.150059,6287.498194906,6287.498194906,11543,16160200,0.000000
3515,35.160065,6287.508201252,6287.508201252,11546,16164400,0.000000
3516,35.170069,6287.518205380,6287.518205380,11549,16168600,0.000000
3517,35.180068,6287.528203745,6287.528203745,11552,16172800,0.000000
3518,35.190068,6287.538204433,6287.538204433,11556,16178400,0.000000
3519,35.200065,6287.548201007,6287.548201007,11559,16182600,0.000000
3520,35.210065,6287.558201520,6287.558201520,11562,16186800,0.000000
3521,35.220074,6287.568210519,6287.568210519,11566,16192400,0.000000
3522,35.230066,6287.578201752,6287.578201752,11569,16196600,0.000000
3523,35.240068,6287.588203927,6287.588203927,11572,16200800,0.000000
3524,35.250068,6287.598203849,6287.598203849,11575,16205000,0.000000
3525,35.260062,6287.608198231,6287.608198231,11579,16210600,0.000000
3526,35.270067,6287.618203159,6287.618203159,11582,16214800,0.000000
3527,35.280066,6287.628202231,6287.628202231,11585,16219000,0.000000
3528,35.290079,6287.638215095,6287.638215095,11589,16224600,0.000000
3529,35.300070,6287.648206507,6287.648206507,11592,16228800,0.000000
3530,35.310072,6287.658208488,6287.658208488,11595,16233000,0.000000
3531,35.320066,6287.668201682,6287.668201682,11598,16237200,0.000000
3532,35.330065,6287.678201294,6287.678201294,11602,16242800,0.000000
3533,35.340067,6287.688202639,6287.688202639,11605,16247000,0.000000
3534,35.350070,6287.698205981,6287.698205981,11608,16251200,0.000000
3535,35.360068,6287.708204490,6287.708204490,11611,16255400,0.000000
3536,35.370068,6287.718204384,6287.718204384,11615,16261000,0.000000
3537,35.380069,6287.728205490,6287.728205490,11618,16265200,0.000000
3538,35.390066,6287.738201802,6287.738201802,11621,16269400,0.000000
3539,35.400064,6287.748200126,6287.748200126,11625,16275000,0.000000
3540,35.410067,6287.758202935,6287.758202935,11628,16279200,0.000000
3541,35.420071,6287.768206979,6287.768206979,11631,16283400,0.000000
3542,35.430069,6287.778205477,6287.778205477,11634,16287600,0.000000
3543,35.440070,6287.788205955,6287.788205955,11638,16293200,0.000000
3544,35.450068,6287.798203979,6287.798203979,11641,16297400,0.000000
3545,35.460071,6287.808206583,6287.808206583,11644,16301600,0.000000
3546,35.470064,6287.818199807,6287.818199807,11648,16307200,0.000000
3547,35.480028,6287.828163700,6287.828163700,11651,16311400,0.000000
3548,35.490072,6287.838208413,6287.838208413,11654,16315600,0.000000
3549,35.500070,6287.848205895,6287.848205895,11657,16319800,0.000000
3550,35.510016,6287.858151919,6287.858151919,11661,16325400,0.000000
3551,35.520043,6287.868178775,6287.868178775,11664,16329600,0.000000
3552,35.530069,6287.878204951,6287.878204951,11667,16333800,0.000000
3553,35.540059,6287.888195201,6287.888195201,11671,16339400,0.000000
3554,35.550072,6287.898208396,6287.898208396,11674,16343600,0.000000
3555,35.560071,6287.908207094,6287.908207094,11677,16347800,0.000000
3556,35.570066,6287.918202573,6287.918202573,11680,16352000,0.000000
3557,35.580065,6287.928200806,6287.928200806,11684,16357600,0.000000
3558,35.590066,6287.938202210,6287.938202210,11687,16361800,0.000000
3559,35.600066,6287.948202467,6287.948202467,11690,16366000,0.000000
3560,35.610063,6287.958198924,6287.958198924,11694,16371600,0.000000
3561,35.620069,6287.968205005,6287.968205005,11697,16375800,0.000000
3562,35.630067,6287.978203294,6287.978203294,11700,16380000,0.000000
3563,35.640067,6287.988203385,6287.988203385,11703,16384200,0.000000
3564,35.650070,6287.998206181,6287.998206181,11707,16389800,0.000000
3565,35.660066,6288.008202512,6288.008202512,11710,16394000,0.000000
3566,35.670069,6288.018204816,6288.018204816,11713,16398200,0.000000
3567,35.680020,6288.028156393,6288.028156393,11717,16403800,0.000000
3568,35.690066,6288.038201874,6288.038201874,11720,16408000,0.000000
3569,35.700071,6288.048207474,6288.048207474,11723,16412200,0.000000
3570,35.710026,6288.058162494,6288.058162494,11726,16416400,0.000000
3571,35.720069,6288.068204943,6288.068204943,11730,16422000,0.000000
3572,35.730071,6288.078206990,6288.078206990,11733,16426200,0.000000
3573,35.740072,6288.088207699,6288.088207699,11736,16430400,0.000000
3574,35.750010,6288.098145712,6288.098145712,11740,16436000,0.000000
3575,35.760063,6288.108199275,6288.108199275,11743,16440200,0.000000
3576,35.770095,6288.118231551,6288.118231551,11746,16444400,0.000000
3577,35.780067,6288.128202971,6288.128202971,11749,16448600,0.000000
3578,35.790068,6288.138203691,6288.138203691,11753,16454200,0.000000
3579,35.800067,6288.148202698,6288.148202698,11756,16458400,0.000000
3580,35.810067,6288.158203338,6288.158203338,11759,16462600,0.000000
3581,35.820035,6288.168170924,6288.168170924,11763,16468200,0.000000
3582,35.830063,6288.178199207,6288.178199207,11766,16472400,0.000000
3583,35.840068,6288.188204235,6288.188204235,11769,16476600,0.000000
3584,35.850046,6288.198182115,6288.198182115,11772,16480800,0.000000
3585,35.860066,6288.208202181,6288.208202181,11776,16486400,0.000000
3586,35.870065,6288.218201441,6288.218201441,11779,16490600,0.000000
3587,35.880061,6288.228196794,6288.228196794,11782,16494800,0.000000
3588,35.890012,6288.238148566,6288.238148566,11786,16500400,0.000000
3589,35.900076,6288.248212142,6288.248212142,11789,16504600,0.000000
3590,35.910072,6288.258207899,6288.258207899,11792,16508800,0.000000
3591,35.920072,6288.268208320,6288.268208320,11795,16513000,0.000000
3592,35.930065,6288.278201508,6288.278201508,11799,16518600,0.000000
3593,35.940068,6288.288203600,6288.288203600,11802,16522800,0.000000
3594,35.950069,6288.298205253,6288.298205253,11805,16527000,0.000000
3595,35.960053,6288.308188655,6288.308188655,11809,16532600,0.000000
3596,35.970068,6288.318203902,6288.318203902,11812,16536800,0.000000
3597,35.980062,6288.328197630,6288.328197630,11815,16541000,0.000000
3598,35.990069,6288.338205115,6288.338205115,11818,16545200,0.000000
3599,36.000066,6288.348201638,6288.348201638,11822,16550800,0.000000
3600,36.010072,6288.358208113,6288.358208113,11825,16555000,0.000000
3601,36.020066,6288.368202009,6288.368202009,11828,16559200,0.000000
3602,36.030073,6288.378208657,6288.378208657,11832,16564800,0.000000
3603,36.040067,6288.388202920,6288.388202920,11835,16569000,0.000000
3604,36.050065,6288.398201543,6288.398201543,11838,16573200,0.000000
3605,36.060072,6288.408208368,6288.408208368,11841,16577400,0.000000
3606,36.070066,6288.418201624,6288.418201624,11845,16583000,0.000000
3607,36.080067,6288.428202635,6288.428202635,11848,16587200,0.000000
3608,36.090075,6288.438211098,6288.438211098,11851,16591400,0.000000
3609,36.100075,6288.448211245,6288.448211245,11855,16597000,0.000000
3610,36.110066,6288.458202198,6288.458202198,11858,16601200,0.000000
3611,36.120052,6288.468188107,6288.468188107,11861,16605400,0.000000
3612,36.130070,6288.478205837,6288.478205837,11864,16609600,0.000000
3613,36.140067,6288.488202646,6288.488202646,11868,16615200,0.000000
3614,36.150067,6288.498202660,6288.498202660,11871,16619400,0.000000
3615,36.160066,6288.508201946,6288.508201946,11874,16623600,0.000000
3616,36.170067,6288.518203310,6288.518203310,11877,16627800,0.000000
3617,36.180068,6288.528203756,6288.528203756,11881,16633400,0.000000
3618,36.190067,6288.538203466,6288.538203466,11884,16637600,0.000000
3619,36.200067,6288.548203119,6288.548203119,11887,16641800,0.000000
3620,36.210071,6288.558207177,6288.558207177,11891,16647400,0.000000
3621,36.220067,6288.568203427,6288.568203427,11894,16651600,0.000000
3622,36.230062,6288.578198212,6288.578198212,11897,16655800,0.000000
3623,36.240066,6288.588202216,6288.588202216,11900,16660000,0.000000
3624,36.250060,6288.598196508,6288.598196508,11904,16665600,0.000000
3625,36.260071,6288.608207404,6288.608207404,11907,16669800,0.000000
3626,36.270067,6288.618202607,6288.618202607,11910,16674000,0.000000
3627,36.280074,6288.628210003,6288.628210003,11914,16679600,0.000000
3628,36.290065,6288.638200585,6288.638200585,11917,16683800,0.000000
3629,36.300061,6288.648197076,6288.648197076,11920,16688000,0.000000
3630,36.310065,6288.658201075,6288.658201075,11923,16692200,0.000000
3631,36.320062,6288.668197770,6288.668197770,11927,16697800,0.000000
3632,36.330063,6288.678199439,6288.678199439,11930,16702000,0.000000
3633,36.340069,6288.688204574,6288.688204574,11933,16706200,0.000000
3634,36.350063,6288.698199521,6288.698199521,11937,16711800,0.000000
3635,36.360068,6288.708203761,6288.708203761,11940,16716000,0.000000
3636,36.370070,6288.718206534,6288.718206534,11943,16720200,0.000000
3637,36.380074,6288.728210130,6288.728210130,11946,16724400,0.000000
3638,36.390066,6288.738202322,6288.738202322,11950,16730000,0.000000
3639,36.400075,6288.748210662,6288.748210662,11953,16734200,0.000000
3640,36.410072,6288.758207968,6288.758207968,11956,16738400,0.000000
3641,36.420054,6288.768189822,6288.768189822,11960,16744000,0.000000
3642,36.430064,6288.778199912,6288.778199912,11963,16748200,0.000000
3643,36.440065,6288.788201401,6288.788201401,11966,16752400,0.000000
3644,36.450062,6288.798198422,6288.798198422,11969,16756600,0.000000
3645,36.460067,6288.808203022,6288.808203022,11973,16762200,0.000000
3646,36.470066,6288.818202541,6288.818202541,11976,16766400,0.000000
3647,36.480066,6288.828202288,6288.828202288,11979,16770600,0.000000
3648,36.490058,6288.838193812,6288.838193812,11983,16776200,0.000000
3649,36.500092,6288.848227598,6288.848227598,11986,16780400,0.000000
3650,36.510078,6288.858213877,6288.858213877,11989,16784600,0.000000
3651,36.520068,6288.868204335,6288.868204335,11992,16788800,0.000000
3652,36.530066,6288.878201708,6288.878201708,11996,16794400,0.000000
3653,36.540072,6288.888208090,6288.888208090,11999,16798600,0.000000
3654,36.550068,6288.898204213,6288.898204213,12002,16802800,0.000000
3655,36.560049,6288.908184755,6288.908184755,12006,16808400,0.000000
3656,36.570068,6288.918204012,6288.918204012,12009,16812600,0.000000
3657,36.580065,6288.928201428,6288.928201428,12012,16816800,0.000000
3658,36.590066,6288.938201758,6288.938201758,12015,16821000,0.000000
3659,36.600064,6288.948200351,6288.948200351,12019,16826600,0.000000
3660,36.610068,6288.958203913,6288.958203913,12022,16830800,0.000000
3661,36.620071,6288.968207515,6288.968207515,12025,16835000,0.000000
3662,36.630062,6288.978198313,6288.978198313,12029,16840600,0.000000
3663,36.640045,6288.988180981,6288.988180981,12032,16844800,0.000000
3664,36.650081,6288.998216838,6288.998216838,12035,16849000,0.000000
3665,36.660070,6289.008205646,6289.008205646,12038,16853200,0.000000
3666,36.670064,6289.018200494,6289.018200494,12042,16858800,0.000000
3667,36.680068,6289.028204461,6289.028204461,12045,16863000,0.000000
3668,36.690067,6289.038202685,6289.038202685,12048,16867200,0.000000
3669,36.700016,6289.048151710,6289.048151710,12052,16872800,0.000000
3670,36.710071,6289.058206876,6289.058206876,12055,16877000,0.000000
3671,36.720066,6289.068202098,6289.068202098,12058,16881200,0.000000
3672,36.730063,6289.078199171,6289.078199171,12061,16885400,0.000000
3673,36.740068,6289.088204395,6289.088204395,12065,16891000,0.000000
3674,36.750073,6289.098209171,6289.098209171,12068,16895200,0.000000
3675,36.760071,6289.108207140,6289.108207140,12071,16899400,0.000000
3676,36.770053,6289.118189120,6289.118189120,12075,16905000,0.000000
3677,36.780064,6289.128200331,6289.128200331,12078,16909200,0.000000
3678,36.790056,6289.138191645,6289.138191645,12081,16913400,0.000000
3679,36.800066,6289.148202299,6289.148202299,12084,16917600,0.000000
3680,36.810065,6289.158201397,6289.158201397,12088,16923200,0.000000
3681,36.820072,6289.168208133,6289.168208133,12091,16927400,0.000000
3682,36.830069,6289.178205201,6289.178205201,12094,16931600,0.000000
3683,36.840073,6289.188209493,6289.188209493,12098,16937200,0.000000
3684,36.850068,6289.198204329,6289.198204329,12101,16941400,0.000000
3685,36.860068,6289.208204442,6289.208204442,12104,16945600,0.000000
3686,36.870069,6289.218205242,6289.218205242,12107,16949800,0.000000
3687,36.880067,6289.228202725,6289.228202725,12111,16955400,0.000000
3688,36.890087,6289.238222819,6289.238222819,12114,16959600,0.000000
3689,36.900078,6289.248214443,6289.248214443,12117,16963800,0.000000
3690,36.910071,6289.258207508,6289.258207508,12121,16969400,0.000000
3691,36.920061,6289.268196770,6289.268196770,12124,16973600,0.000000
3692,36.930065,6289.278201200,6289.278201200,12127,16977800,0.000000
3693,36.940066,6289.288202185,6289.288202185,12130,16982000,0.000000
3694,36.950069,6289.298205014,6289.298205014,12134,16987600,0.000000
3695,36.960063,6289.308199461,6289.308199461,12137,16991800,0.000000
3696,36.970065,6289.318201558,6289.318201558,12140,16996000,0.000000
3697,36.980029,6289.328164578,6289.328164578,12143,17000200,0.000000
3698,36.990067,6289.338202981,6289.338202981,12147,17005800,0.000000
3699,37.000064,6289.348200348,6289.348200348,12150,17010000,0.000000
3700,37.010070,6289.358205838,6289.358205838,12153,17014200,0.000000
3701,37.020064,6289.368200566,6289.368200566,12157,17019800,0.000000
3702,37.030068,6289.378203688,6289.378203688,12160,17024000,0.000000
3703,37.040066,6289.388202200,6289.388202200,12163,17028200,0.000000
3704,37.050065,6289.398201035,6289.398201035,12166,17032400,0.000000
3705,37.060066,6289.408201589,6289.408201589,12170,17038000,0.000000
3706,37.070064,6289.418199680,6289.418199680,12173,17042200,0.000000
3707,37.080069,6289.428205509,6289.428205509,12176,17046400,0.000000
3708,37.090059,6289.438195483,6289.438195483,12180,17052000,0.000000
3709,37.100033,6289.448169169,6289.448169169,12183,17056200,0.000000
3710,37.110069,6289.458205539,6289.458205539,12186,17060400,0.000000
3711,37.120071,6289.468207025,6289.468207025,12189,17064600,0.000000
3712,37.130073,6289.478208850,6289.478208850,12193,17070200,0.000000
3713,37.140066,6289.488202255,6289.488202255,12196,17074400,0.000000
3714,37.150062,6289.498198071,6289.498198071,12199,17078600,0.000000
3715,37.160043,6289.508178753,6289.508178753,12203,17084200,0.000000
3716,37.170039,6289.518174926,6289.518174926,12206,17088400,0.000000
3717,37.180075,6289.528211415,6289.528211415,12209,17092600,0.000000
3718,37.190071,6289.538206869,6289.538206869,12212,17096800,0.000000
3719,37.200069,6289.548204647,6289.548204647,12216,17102400,0.000000
3720,37.210072,6289.558207872,6289.558207872,12219,17106600,0.000000
3721,37.220067,6289.568203169,6289.568203169,12222,17110800,0.000000
3722,37.230060,6289.578195867,6289.578195867,12226,17116400,0.000000
3723,37.240071,6289.588207169,6289.588207169,12229,17120600,0.000000
3724,37.250064,6289.598200190,6289.598200190,12232,17124800,0.000000
3725,37.260067,6289.608203384,6289.608203384,12235,17129000,0.000000
3726,37.270066,6289.618202409,6289.618202409,12239,17134600,0.000000
3727,37.280065,6289.628201511,6289.628201511,12242,17138800,0.000000
3728,37.290065,6289.638201226,6289.638201226,12245,17143000,0.000000
3729,37.300061,6289.648196986,6289.648196986,12249,17148600,0.000000
3730,37.310063,6289.658199442,6289.658199442,12252,17152800,0.000000
3731,37.320065,6289.668200947,6289.668200947,12255,17157000,0.000000
3732,37.330060,6289.678195885,6289.678195885,12258,17161200,0.000000
3733,37.340059,6289.688195409,6289.688195409,12262,17166800,0.000000
3734,37.350066,6289.698201897,6289.698201897,12265,17171000,0.000000
3735,37.360068,6289.708203981,6289.708203981,12268,17175200,0.000000
3736,37.370034,6289.718170010,6289.718170010,12272,17180800,0.000000
3737,37.380066,6289.728201875,6289.728201875,12275,17185000,0.000000
3738,37.390070,6289.738206366,6289.738206366,12278,17189200,0.000000
3739,37.400036,6289.748172393,6289.748172393,12281,17193400,0.000000
3740,37.410072,6289.758208029,6289.758208029,12285,17199000,0.000000
3741,37.420061,6289.768197259,6289.768197259,12288,17203200,0.000000
3742,37.430066,6289.778201952,6289.778201952,12291,17207400,0.000000
3743,37.440005,6289.788141029,6289.788141029,12295,17213000,0.000000
3744,37.450068,6289.798203972,6289.798203972,12298,17217200,0.000000
3745,37.460068,6289.808203671,6289.808203671,12301,17221400,0.000000
3746,37.470066,6289.818202404,6289.818202404,12304,17225600,0.000000
3747,37.480024,6289.828159623,6289.828159623,12308,17231200,0.000000
3748,37.490066,6289.838201860,6289.838201860,12311,17235400,0.000000
3749,37.500074,6289.848210309,6289.848210309,12314,17239600,0.000000
3750,37.510014,6289.858149873,6289.858149873,12318,17245200,0.000000
3751,37.520066,6289.868202396,6289.868202396,12321,17249400,0.000000
3752,37.530068,6289.878203989,6289.878203989,12324,17253600,0.000000
3753,37.540065,6289.888201403,6289.888201403,12327,17257800,0.000000
3754,37.550061,6289.898197423,6289.898197423,12331,17263400,0.000000
3755,37.560069,6289.908205474,6289.908205474,12334,17267600,0.000000
3756,37.570067,6289.918202997,6289.918202997,12337,17271800,0.000000
3757,37.580065,6289.928200852,6289.928200852,12341,17277400,0.000000
3758,37.590066,6289.938201916,6289.938201916,12344,17281600,0.000000
3759,37.600063,6289.948198989,6289.948198989,12347,17285800,0.000000
3760,37.610093,6289.958228947,6289.958228947,12350,17290000,0.000000
3761,37.620041,6289.968176724,6289.968176724,12354,17295600,0.000000
3762,37.630031,6289.978166763,6289.978166763,12357,17299800,0.000000
3763,37.640067,6289.988203311,6289.988203311,12360,17304000,0.000000
3764,37.650079,6289.998215199,6289.998215199,12364,17309600,0.000000
3765,37.660027,6290.008163212,6290.008163212,12367,17313800,0.000000
3766,37.670067,6290.018203208,6290.018203208,12370,17318000,0.000000
3767,37.680066,6290.028201770,6290.028201770,12373,17322200,0.000000
3768,37.690060,6290.038196509,6290.038196509,12377,17327800,0.000000
3769,37.700071,6290.048206867,6290.048206867,12380,17332000,0.000000
3770,37.710063,6290.058199561,6290.058199561,12383,17336200,0.000000
3771,37.720066,6290.068202337,6290.068202337,12386,17340400,0.003045
3772,37.730068,6290.078203691,6290.078203691,12390,17346000,0.000000
3773,37.740081,6290.088216863,6290.088216863,12393,17350200,0.000000
3774,37.750038,6290.098173903,6290.098173903,12396,17354400,0.000000
3775,37.760063,6290.108198846,6290.108198846,12400,17360000,0.000000
3776,37.770065,6290.118200784,6290.118200784,12403,17364200,0.000000
3777,37.780062,6290.128197738,6290.128197738,12406,17368400,0.000000
3778,37.790076,6290.138212142,6290.138212142,12409,17372600,0.000000
3779,37.800065,6290.148201558,6290.148201558,12413,17378200,0.000000
3780,37.810064,6290.158200229,6290.158200229,12416,17382400,0.000000
3781,37.820070,6290.168205766,6290.168205766,12419,17386600,0.000000
3782,37.830068,6290.178203845,6290.178203845,12423,17392200,0.000000
3783,37.840065,6290.188201299,6290.188201299,12426,17396400,0.000000
3784,37.850071,6290.198206638,6290.198206638,12429,17400600,0.000000
3785,37.860076,6290.208212319,6290.208212319,12432,17404800,0.000000
3786,37.870060,6290.218195693,6290.218195693,12436,17410400,0.000000
3787,37.880068,6290.228203604,6290.228203604,12439,17414600,0.000000
3788,37.890019,6290.238155291,6290.238155291,12442,17418800,0.000000
3789,37.900064,6290.248199810,6290.248199810,12446,17424400,0.000000
3790,37.910064,6290.258199949,6290.258199949,12449,17428600,0.000000
3791,37.920065,6290.268200843,6290.268200843,12452,17432800,0.000000
3792,37.930070,6290.278205933,6290.278205933,12455,17437000,0.000000
3793,37.940053,6290.288188976,6290.288188976,12459,17442600,0.000000
3794,37.950066,6290.298201728,6290.298201728,12462,17446800,0.000000
3795,37.960092,6290.308227907,6290.308227907,12465,17451000,0.000000
3796,37.970069,6290.318205350,6290.318205350,12469,17456600,0.000000
3797,37.980075,6290.328211476,6290.328211476,12472,17460800,0.000000
3798,37.990070,6290.338206410,6290.338206410,12475,17465000,0.000000
3799,38.000071,6290.348207332,6290.348207332,12478,17469200,0.000000
3800,38.010068,6290.358204176,6290.358204176,12482,17474800,0.000000
3801,38.020068,6290.368204122,6290.368204122,12485,17479000,0.000000
3802,38.030068,6290.378203906,6290.378203906,12488,17483200,0.000000
3803,38.040066,6290.388202312,6290.388202312,12492,17488800,0.000000
3804,38.050069,6290.398204787,6290.398204787,12495,17493000,0.000000
3805,38.060065,6290.408201129,6290.408201129,12498,17497200,0.000000
3806,38.070068,6290.418203676,6290.418203676,12501,17501400,0.000000
3807,38.080066,6290.428202051,6290.428202051,12505,17507000,0.000000
3808,38.090050,6290.438186380,6290.438186380,12508,17511200,0.000000
3809,38.100079,6290.448215366,6290.448215366,12511,17515400,0.000000
3810,38.110058,6290.458194113,6290.458194113,12515,17521000,0.000000
3811,38.120063,6290.468199207,6290.468199207,12518,17525200,0.000000
3812,38.130068,6290.478204225,6290.478204225,12521,17529400,0.000000
3813,38.140015,6290.488150745,6290.488150745,12524,17533600,0.000000
3814,38.150065,6290.498201438,6290.498201438,12528,17539200,0.000000
3815,38.160065,6290.508201369,6290.508201369,12531,17543400,0.000000
3816,38.170073,6290.518209103,6290.518209103,12534,17547600,0.000000
3817,38.180047,6290.528183509,6290.528183509,12538,17553200,0.000000
3818,38.190068,6290.538204571,6290.538204571,12541,17557400,0.000000
3819,38.200039,6290.548174973,6290.548174973,12544,17561600,0.000000
3820,38.210067,6290.558203532,6290.558203532,12547,17565800,0.000000
3821,38.220068,6290.568204231,6290.568204231,12551,17571400,0.000000
3822,38.230071,6290.578207188,6290.578207188,12554,17575600,0.000000
3823,38.240068,6290.588204101,6290.588204101,12557,17579800,0.000000
3824,38.250075,6290.598211475,6290.598211475,12561,17585400,0.000000
3825,38.260067,6290.608202838,6290.608202838,12564,17589600,0.000000
3826,38.270073,6290.618209417,6290.618209417,12567,17593800,0.000000
3827,38.280069,6290.628205376,6290.628205376,12570,17598000,0.000000
3828,38.290070,6290.638206219,6290.638206219,12574,17603600,0.000000
3829,38.300067,6290.648202875,6290.648202875,12577,17607800,0.000000
3830,38.310091,6290.658227315,6290.658227315,12580,17612000,0.000000
3831,38.320039,6290.668175363,6290.668175363,12584,17617600,0.000000
3832,38.330073,6290.678208625,6290.678208625,12587,17621800,0.000000
3833,38.340048,6290.688183616,6290.688183616,12590,17626000,0.000000
3834,38.350068,6290.698203824,6290.698203824,12593,17630200,0.000000
3835,38.360064,6290.708200162,6290.708200162,12597,17635800,0.000000
3836,38.370068,6290.718203897,6290.718203897,12600,17640000,0.000000
3837,38.380069,6290.728205442,6290.728205442,12603,17644200,0.000000
3838,38.390072,6290.738207772,6290.738207772,12607,17649800,0.000000
3839,38.400067,6290.748202917,6290.748202917,12610,17654000,0.000000
3840,38.410068,6290.758203664,6290.758203664,12613,17658200,0.000000
3841,38.420068,6290.768204157,6290.768204157,12616,17662400,0.000000
3842,38.430073,6290.778208832,6290.778208832,12620,17668000,0.000000
3843,38.440066,6290.788202476,6290.788202476,12623,17672200,0.000000
3844,38.450067,6290.798203440,6290.798203440,12626,17676400,0.000000
3845,38.460080,6290.808216040,6290.808216040,12630,17682000,0.000000
3846,38.470079,6290.818215371,6290.818215371,12633,17686200,0.000000
3847,38.480067,6290.828202921,6290.828202921,12636,17690400,0.000000
3848,38.490067,6290.838203056,6290.838203056,12639,17694600,0.000000
3849,38.500065,6290.848201344,6290.848201344,12643,17700200,0.000000
3850,38.510065,6290.858201407,6290.858201407,12646,17704400,0.000000
3851,38.520070,6290.868206336,6290.868206336,12649,17708600,0.000000
3852,38.530065,6290.878200609,6290.878200609,12652,17712800,0.000000
3853,38.540067,6290.888203369,6290.888203369,12656,17718400,0.000000
3854,38.550068,6290.898204321,6290.898204321,12659,17722600,0.000000
3855,38.560063,6290.908199056,6290.908199056,12662,17726800,0.000000
3856,38.570064,6290.918200571,6290.918200571,12666,17732400,0.000000
3857,38.580066,6290.928202161,6290.928202161,12669,17736600,0.000000
3858,38.590085,6290.938220919,6290.938220919,12672,17740800,0.000000
3859,38.600073,6290.948209322,6290.948209322,12675,17745000,0.000000
3860,38.610079,6290.958214642,6290.958214642,12679,17750600,0.000000
3861,38.620075,6290.968210902,6290.968210902,12682,17754800,0.000000
3862,38.630069,6290.978205573,6290.978205573,12685,17759000,0.000000
3863,38.640070,6290.988205792,6290.988205792,12689,17764600,0.000000
3864,38.650068,6290.998203582,6290.998203582,12692,17768800,0.000000
3865,38.660068,6291.008203580,6291.008203580,12695,17773000,0.000000
3866,38.670072,6291.018208542,6291.018208542,12698,17777200,0.000000
3867,38.680070,6291.028206017,6291.028206017,12702,17782800,0.000000
3868,38.690074,6291.038210000,6291.038210000,12705,17787000,0.000000
3869,38.700070,6291.048205607,6291.048205607,12708,17791200,0.000000
3870,38.710063,6291.058199096,6291.058199096,12712,17796800,0.000000
3871,38.720068,6291.068203654,6291.068203654,12715,17801000,0.000000
3872,38.730061,6291.078197485,6291.078197485,12718,17805200,0.000000
3873,38.740071,6291.088207114,6291.088207114,12721,17809400,0.000000
3874,38.750070,6291.098205736,6291.098205736,12725,17815000,0.000000
3875,38.760066,6291.108202497,6291.108202497,12728,17819200,0.000000
3876,38.770070,6291.118205876,6291.118205876,12731,17823400,0.000000
3877,38.780054,6291.128190289,6291.128190289,12735,17829000,0.000000
3878,38.790069,6291.138204644,6291.138204644,12738,17833200,0.000000
3879,38.800070,6291.148205814,6291.148205814,12741,17837400,0.000000
3880,38.810068,6291.158204354,6291.158204354,12744,17841600,0.000000
3881,38.820058,6291.168194296,6291.168194296,12748,17847200,0.000000
3882,38.830059,6291.178194714,6291.178194714,12751,17851400,0.000000
3883,38.840074,6291.188210522,6291.188210522,12754,17855600,0.000000
3884,38.850051,6291.198187385,6291.198187385,12758,17861200,0.000000
3885,38.860024,6291.208160213,6291.208160213,12761,17865400,0.000000
3886,38.870066,6291.218202421,6291.218202421,12764,17869600,0.000000
3887,38.880064,6291.228199815,6291.228199815,12767,17873800,0.000000
3888,38.890094,6291.238229961,6291.238229961,12771,17879400,0.000000
3889,38.900091,6291.248227457,6291.248227457,12774,17883600,0.000000
3890,38.910076,6291.258211940,6291.258211940,12777,17887800,0.000000
3891,38.920026,6291.268162348,6291.268162348,12781,17893400,0.000000
3892,38.930063,6291.278199175,6291.278199175,12784,17897600,0.000000
3893,38.940068,6291.288204431,6291.288204431,12787,17901800,0.000000
3894,38.950064,6291.298199814,6291.298199814,12790,17906000,0.000000
3895,38.960064,6291.308200035,6291.308200035,12794,17911600,0.000000
3896,38.970069,6291.318204949,6291.318204949,12797,17915800,0.000000
3897,38.980074,6291.328210272,6291.328210272,12800,17920000,0.000000
3898,38.990041,6291.338176709,6291.338176709,12804,17925600,0.000000
3899,39.000067,6291.348203530,6291.348203530,12807,17929800,0.000000
3900,39.010069,6291.358204780,6291.358204780,12810,17934000,0.000000
3901,39.020068,6291.368203581,6291.368203581,12813,17938200,0.000000
3902,39.030073,6291.378209177,6291.378209177,12817,17943800,0.000000
3903,39.040078,6291.388214338,6291.388214338,12820,17948000,0.000000
3904,39.050067,6291.398203372,6291.398203372,12823,17952200,0.000000
3905,39.060000,6291.408136421,6291.408136421,12827,17957800,0.000000
3906,39.070065,6291.418200759,6291.418200759,12830,17962000,0.000000
3907,39.080067,6291.428202922,6291.428202922,12833,17966200,0.000000
3908,39.090069,6291.438204609,6291.438204609,12836,17970400,0.000000
3909,39.100069,6291.448205189,6291.448205189,12840,17976000,0.000000
3910,39.110073,6291.458208989,6291.458208989,12843,17980200,0.000000
3911,39.120089,6291.468224592,6291.468224592,12846,17984400,0.000000
3912,39.130042,6291.478178092,6291.478178092,12850,17990000,0.000000
3913,39.140091,6291.488227048,6291.488227048,12853,17994200,0.000000
3914,39.150068,6291.498203705,6291.498203705,12856,17998400,0.000000
3915,39.160070,6291.508206406,6291.508206406,12859,18002600,0.000000
3916,39.170068,6291.518204078,6291.518204078,12863,18008200,0.000000
3917,39.180068,6291.528203789,6291.528203789,12866,18012400,0.000000
3918,39.190063,6291.538199516,6291.538199516,12869,18016600,0.000000
3919,39.200093,6291.548229515,6291.548229515,12873,18022200,0.000000
3920,39.210066,6291.558202357,6291.558202357,12876,18026400,0.000000
3921,39.220061,6291.568197129,6291.568197129,12879,18030600,0.000000
3922,39.230069,6291.578204680,6291.578204680,12882,18034800,0.000000
3923,39.240071,6291.588206686,6291.588206686,12886,18040400,0.000000
3924,39.250071,6291.598207111,6291.598207111,12889,18044600,0.000000
3925,39.260068,6291.608204066,6291.608204066,12892,18048800,0.000000
3926,39.270123,6291.618259557,6291.618259557,12896,18054400,0.000000
3927,39.280020,6291.628156336,6291.628156336,12899,18058600,0.000000
3928,39.290070,6291.638205690,6291.638205690,12902,18062800,0.000000
3929,39.300069,6291.648204707,6291.648204707,12905,18067000,0.000000
3930,39.310068,6291.658204443,6291.658204443,12909,18072600,0.000000
3931,39.320070,6291.668205894,6291.668205894,12912,18076800,0.000000
3932,39.330073,6291.678209196,6291.678209196,12915,18081000,0.000000
3933,39.340069,6291.688205182,6291.688205182,12918,18085200,0.000000
3934,39.350065,6291.698200605,6291.698200605,12922,18090800,0.000000
3935,39.360066,6291.708201919,6291.708201919,12925,18095000,0.000000
3936,39.370068,6291.718203665,6291.718203665,12928,18099200,0.000000
3937,39.380056,6291.728191864,6291.728191864,12932,18104800,0.000000
3938,39.390084,6291.738220112,6291.738220112,12935,18109000,0.000000
3939,39.400080,6291.748216559,6291.748216559,12938,18113200,0.000000
3940,39.410075,6291.758210669,6291.758210669,12941,18117400,0.000000
3941,39.420063,6291.768199374,6291.768199374,12945,18123000,0.000000
3942,39.430078,6291.778213825,6291.778213825,12948,18127200,0.000000
3943,39.440071,6291.788206939,6291.788206939,12951,18131400,0.000000
3944,39.450062,6291.798198562,6291.798198562,12955,18137000,0.000000
3945,39.460071,6291.808207029,6291.808207029,12958,18141200,0.000000
3946,39.470065,6291.818201354,6291.818201354,12961,18145400,0.000000
3947,39.480068,6291.828203611,6291.828203611,12964,18149600,0.000000
3948,39.490063,6291.838199501,6291.838199501,12968,18155200,0.000000
3949,39.500086,6291.848221759,6291.848221759,12971,18159400,0.000000
3950,39.510070,6291.858206388,6291.858206388,12974,18163600,0.000000
3951,39.520065,6291.868201329,6291.868201329,12978,18169200,0.000000
3952,39.530062,6291.878197982,6291.878197982,12981,18173400,0.000000
3953,39.540064,6291.888200027,6291.888200027,12984,18177600,0.000000
3954,39.550060,6291.898196483,6291.898196483,12987,18181800,0.000000
3955,39.560074,6291.908209615,6291.908209615,12991,18187400,0.000000
3956,39.570066,6291.918202190,6291.918202190,12994,18191600,0.000000
3957,39.580062,6291.928198130,6291.928198130,12997,18195800,0.000000
3958,39.590055,6291.938191392,6291.938191392,13001,18201400,0.000000
3959,39.600065,6291.948200793,6291.948200793,13004,18205600,0.000000
3960,39.610067,6291.958203027,6291.958203027,13007,18209800,0.000000
3961,39.620067,6291.968203525,6291.968203525,13010,18214000,0.000000
3962,39.630075,6291.978211496,6291.978211496,13014,18219600,0.000000
3963,39.640065,6291.988201273,6291.988201273,13017,18223800,0.000000
3964,39.650022,6291.998158371,6291.998158371,13020,18228000,0.000000
3965,39.660011,6292.008146850,6292.008146850,13024,18233600,0.000000
3966,39.670067,6292.018202722,6292.018202722,13027,18237800,0.000000
3967,39.680062,6292.028197658,6292.028197658,13030,18242000,0.000000
3968,39.690068,6292.038203952,6292.038203952,13033,18246200,0.000000
3969,39.700066,6292.048201600,6292.048201600,13037,18251800,0.000000
3970,39.710061,6292.058197240,6292.058197240,13040,18256000,0.000000
3971,39.720071,6292.068206631,6292.068206631,13043,18260200,0.000000
3972,39.730059,6292.078194649,6292.078194649,13047,18265800,0.000000
3973,39.740060,6292.088196438,6292.088196438,13050,18270000,0.000000
3974,39.750066,6292.098201763,6292.098201763,13053,18274200,0.000000
3975,39.760074,6292.108209818,6292.108209818,13056,18278400,0.000000
3976,39.770067,6292.118203332,6292.118203332,13060,18284000,0.000000
3977,39.780067,6292.128203273,6292.128203273,13063,18288200,0.000000
3978,39.790070,6292.138205773,6292.138205773,13066,18292400,0.000000
3979,39.800015,6292.148151030,6292.148151030,13070,18298000,0.000000
3980,39.810067,6292.158202956,6292.158202956,13073,18302200,0.000000
3981,39.820062,6292.168198513,6292.168198513,13076,18306400,0.000000
3982,39.830061,6292.178197269,6292.178197269,13079,18310600,0.000000
3983,39.840065,6292.188201292,6292.188201292,13083,18316200,0.000000
3984,39.850069,6292.198204687,6292.198204687,13086,18320400,0.000000
3985,39.860065,6292.208201404,6292.208201404,13089,18324600,0.000000
3986,39.870007,6292.218142644,6292.218142644,13093,18330200,0.000000
3987,39.880069,6292.228204867,6292.228204867,13096,18334400,0.000000
3988,39.890070,6292.238205650,6292.238205650,13099,18338600,0.000000
3989,39.900067,6292.248202859,6292.248202859,13102,18342800,0.000000
3990,39.910060,6292.258196270,6292.258196270,13106,18348400,0.000000
3991,39.920060,6292.268196438,6292.268196438,13109,18352600,0.000000
3992,39.930070,6292.278206129,6292.278206129,13112,18356800,0.000000
3993,39.940046,6292.288182331,6292.288182331,13116,18362400,0.000000
3994,39.950068,6292.298204520,6292.298204520,13119,18366600,0.000000
3995,39.960068,6292.308204015,6292.308204015,13122,18370800,0.000000
3996,39.970071,6292.318206725,6292.318206725,13125,18375000,0.000000
3997,39.980066,6292.328202521,6292.328202521,13129,18380600,0.000000
3998,39.990061,6292.338197049,6292.338197049,13132,18384800,0.000000
3999,40.000012,6292.348148267,6292.348148267,13135,18389000,0.000000
4000,40.010089,6292.358224807,6292.358224807,13139,18394600,0.000000
4001,40.020072,6292.368208040,6292.368208040,13142,18398800,0.000000
4002,40.030060,6292.378196540,6292.378196540,13145,18403000,0.000000
4003,40.040071,6292.388206627,6292.388206627,13148,18407200,0.000000
4004,40.050059,6292.398194666,6292.398194666,13152,18412800,0.000000
4005,40.060059,6292.408195429,6292.408195429,13155,18417000,0.000000
4006,40.070065,6292.418200737,6292.418200737,13158,18421200,0.000000
4007,40.080078,6292.428214334,6292.428214334,13162,18426800,0.000000
4008,40.090063,6292.438199413,6292.438199413,13165,18431000,0.000000
4009,40.100067,6292.448203251,6292.448203251,13168,18435200,0.000000
4010,40.110065,6292.458201105,6292.458201105,13171,18439400,0.000000
4011,40.120065,6292.468200681,6292.468200681,13175,18445000,0.000000
4012,40.130069,6292.478204808,6292.478204808,13178,18449200,0.000000
4013,40.140067,6292.488202745,6292.488202745,13181,18453400,0.000000
4014,40.150070,6292.498206465,6292.498206465,13184,18457600,0.000000
4015,40.160065,6292.508200911,6292.508200911,13188,18463200,0.000000
4016,40.170072,6292.518208397,6292.518208397,13191,18467400,0.000000
4017,40.180065,6292.528201349,6292.528201349,13194,18471600,0.000000
4018,40.190058,6292.538194382,6292.538194382,13198,18477200,0.000000
4019,40.200068,6292.548203980,6292.548203980,13201,18481400,0.000000
4020,40.210067,6292.558202932,6292.558202932,13204,18485600,0.000000
4021,40.220073,6292.568208792,6292.568208792,13207,18489800,0.000000
4022,40.230064,6292.578199603,6292.578199603,13211,18495400,0.000000
4023,40.240060,6292.588195976,6292.588195976,13214,18499600,0.000000
4024,40.250066,6292.598201646,6292.598201646,13217,18503800,0.000000
4025,40.260064,6292.608199863,6292.608199863,13221,18509400,0.000000
4026,40.270064,6292.618199658,6292.618199658,13224,18513600,0.000000
4027,40.280064,6292.628200395,6292.628200395,13227,18517800,0.000000
4028,40.290065,6292.638201212,6292.638201212,13230,18522000,0.000000
4029,40.300061,6292.648197288,6292.648197288,13234,18527600,0.000000
4030,40.310066,6292.658201867,6292.658201867,13237,18531800,0.000000
4031,40.320065,6292.668201110,6292.668201110,13240,18536000,0.000000
4032,40.330061,6292.678197028,6292.678197028,13244,18541600,0.000000
4033,40.340069,6292.688205261,6292.688205261,13247,18545800,0.000000
4034,40.350073,6292.698209058,6292.698209058,13250,18550000,0.000000
4035,40.360065,6292.708201226,6292.708201226,13253,18554200,0.000000
4036,40.370059,6292.718195047,6292.718195047,13257,18559800,0.000000
4037,40.380065,6292.728200605,6292.728200605,13260,18564000,0.000000
4038,40.390064,6292.738199608,6292.738199608,13263,18568200,0.000000
4039,40.400018,6292.748154058,6292.748154058,13267,18573800,0.000000
4040,40.410063,6292.758199198,6292.758199198,13270,18578000,0.000000
4041,40.420065,6292.768200940,6292.768200940,13273,18582200,0.000000
4042,40.430059,6292.778195244,6292.778195244,13276,18586400,0.000000
4043,40.440064,6292.788200275,6292.788200275,13280,18592000,0.000000
4044,40.450066,6292.798202173,6292.798202173,13283,18596200,0.000000
4045,40.460074,6292.808209979,6292.808209979,13286,18600400,0.000000
4046,40.470058,6292.818194009,6292.818194009,13290,18606000,0.000000
4047,40.480063,6292.828198612,6292.828198612,13293,18610200,0.000000
4048,40.490060,6292.838195977,6292.838195977,13296,18614400,0.000000
4049,40.500020,6292.848156283,6292.848156283,13299,18618600,0.000000
4050,40.510068,6292.858203933,6292.858203933,13303,18624200,0.000000
4051,40.520066,6292.868201637,6292.868201637,13306,18628400,0.000000
4052,40.530069,6292.878205020,6292.878205020,13309,18632600,0.000000
4053,40.540043,6292.888179249,6292.888179249,13313,18638200,0.000000
4054,40.550062,6292.898198369,6292.898198369,13316,18642400,0.000000
4055,40.560073,6292.908208898,6292.908208898,13319,18646600,0.000000
4056,40.570067,6292.918202978,6292.918202978,13322,18650800,0.000000
4057,40.580064,6292.928200042,6292.928200042,13326,18656400,0.000000
4058,40.590068,6292.938203740,6292.938203740,13329,18660600,0.000000
4059,40.600067,6292.948203429,6292.948203429,13332,18664800,0.000000
4060,40.610012,6292.958148124,6292.958148124,13336,18670400,0.000000
4061,40.620066,6292.968201820,6292.968201820,13339,18674600,0.000000
4062,40.630082,6292.978218373,6292.978218373,13342,18678800,0.000000
4063,40.640078,6292.988213950,6292.988213950,13345,18683000,0.000000
4064,40.650064,6292.998200369,6292.998200369,13349,18688600,0.000000
4065,40.660065,6293.008201472,6293.008201472,13352,18692800,0.000000
4066,40.670065,6293.018201438,6293.018201438,13355,18697000,0.000000
4067,40.680005,6293.028140607,6293.028140607,13359,18702600,0.000000
4068,40.690065,6293.038201495,6293.038201495,13362,18706800,0.000000
4069,40.700065,6293.048200816,6293.048200816,13365,18711000,0.000000
4070,40.710067,6293.058202794,6293.058202794,13368,18715200,0.000000
4071,40.720063,6293.068198867,6293.068198867,13372,18720800,0.000000
4072,40.730065,6293.078200937,6293.078200937,13375,18725000,0.000000
4073,40.740065,6293.088201109,6293.088201109,13378,18729200,0.000000
4074,40.750044,6293.098179867,6293.098179867,13382,18734800,0.000000
4075,40.760064,6293.108200150,6293.108200150,13385,18739000,0.000000
4076,40.770065,6293.118200778,6293.118200778,13388,18743200,0.000000
4077,40.780064,6293.128200410,6293.128200410,13391,18747400,0.000000
4078,40.790062,6293.138198279,6293.138198279,13395,18753000,0.000000
4079,40.800064,6293.148200098,6293.148200098,13398,18757200,0.000000
4080,40.810065,6293.158201434,6293.158201434,13401,18761400,0.000000
4081,40.820064,6293.168199721,6293.168199721,13405,18767000,0.000000
4082,40.830062,6293.178197921,6293.178197921,13408,18771200,0.000000
4083,40.840073,6293.188209516,6293.188209516,13411,18775400,0.000000
4084,40.850060,6293.198196376,6293.198196376,13414,18779600,0.000000
4085,40.860066,6293.208202176,6293.208202176,13418,18785200,0.000000
4086,40.870067,6293.218203016,6293.218203016,13421,18789400,0.000000
4087,40.880063,6293.228199305,6293.228199305,13424,18793600,0.000000
4088,40.890072,6293.238207632,6293.238207632,13428,18799200,0.000000
4089,40.900066,6293.248201881,6293.248201881,13431,18803400,0.000000
4090,40.910074,6293.258209740,6293.258209740,13434,18807600,0.000000
4091,40.920066,6293.268201576,6293.268201576,13437,18811800,0.000000
4092,40.930065,6293.278201431,6293.278201431,13441,18817400,0.000000
4093,40.940069,6293.288205009,6293.288205009,13444,18821600,0.000000
4094,40.950067,6293.298203283,6293.298203283,13447,18825800,0.000000
4095,40.960066,6293.308202040,6293.308202040,13450,18830000,0.000000
4096,40.970066,6293.318202017,6293.318202017,13454,18835600,0.000000
4097,40.980065,6293.328200859,6293.328200859,13457,18839800,0.000000
4098,40.990067,6293.338202606,6293.338202606,13460,18844000,0.000000
4099,41.000063,6293.348199154,6293.348199154,13464,18849600,0.000000
4100,41.010068,6293.358204104,6293.358204104,13467,18853800,0.000000
4101,41.020065,6293.368201224,6293.368201224,13470,18858000,0.000000
4102,41.030065,6293.378200898,6293.378200898,13473,18862200,0.000000
4103,41.040066,6293.388201854,6293.388201854,13477,18867800,0.000000
4104,41.050068,6293.398204018,6293.398204018,13480,18872000,0.000000
4105,41.060067,6293.408203010,6293.408203010,13483,18876200,0.000000
4106,41.070067,6293.418203315,6293.418203315,13487,18881800,0.000000
4107,41.080065,6293.428201292,6293.428201292,13490,18886000,0.000000
4108,41.090068,6293.438203676,6293.438203676,13493,18890200,0.000000
4109,41.100067,6293.448202616,6293.448202616,13496,18894400,0.000000
4110,41.110040,6293.458176084,6293.458176084,13500,18900000,0.000000
4111,41.120069,6293.468205226,6293.468205226,13503,18904200,0.000000
4112,41.130067,6293.478203120,6293.478203120,13506,18908400,0.000000
4113,41.140062,6293.488197693,6293.488197693,13510,18914000,0.000000
4114,41.150067,6293.498203383,6293.498203383,13513,18918200,0.000000
4115,41.160071,6293.508206640,6293.508206640,13516,18922400,0.000000
4116,41.170066,6293.518201746,6293.518201746,13519,18926600,0.000000
4117,41.180065,6293.528200641,6293.528200641,13523,18932200,0.000000
4118,41.190068,6293.538204447,6293.538204447,13526,18936400,0.000000
4119,41.200067,6293.548203160,6293.548203160,13529,18940600,0.000000
4120,41.210072,6293.558207655,6293.558207655,13533,18946200,0.000000
4121,41.220069,6293.568204873,6293.568204873,13536,18950400,0.000000
4122,41.230069,6293.578205000,6293.578205000,13539,18954600,0.000000
4123,41.240069,6293.588204932,6293.588204932,13542,18958800,0.000000
4124,41.250069,6293.598205260,6293.598205260,13546,18964400,0.000000
4125,41.260063,6293.608198624,6293.608198624,13549,18968600,0.000000
4126,41.270067,6293.618203129,6293.618203129,13552,18972800,0.000000
4127,41.280029,6293.628164656,6293.628164656,13556,18978400,0.000000
4128,41.290074,6293.638210183,6293.638210183,13559,18982600,0.000000
4129,41.300070,6293.648206205,6293.648206205,13562,18986800,0.000000
4130,41.310081,6293.658217012,6293.658217012,13565,18991000,0.000000
4131,41.320066,6293.668202092,6293.668202092,13569,18996600,0.000000
4132,41.330067,6293.678202808,6293.678202808,13572,19000800,0.000000
4133,41.340068,6293.688203984,6293.688203984,13575,19005000,0.000000
4134,41.350032,6293.698168226,6293.698168226,13579,19010600,0.000000
4135,41.360066,6293.708201692,6293.708201692,13582,19014800,0.000000
4136,41.370064,6293.718199650,6293.718199650,13585,19019000,0.000000
4137,41.380051,6293.728186684,6293.728186684,13588,19023200,0.000000
4138,41.390070,6293.738205630,6293.738205630,13592,19028800,0.000000
4139,41.400071,6293.748206836,6293.748206836,13595,19033000,0.000000
4140,41.410069,6293.758205454,6293.758205454,13598,19037200,0.000000
4141,41.420062,6293.768197923,6293.768197923,13602,19042800,0.000000
4142,41.430064,6293.778200131,6293.778200131,13605,19047000,0.000000
4143,41.440067,6293.788202923,6293.788202923,13608,19051200,0.000000
4144,41.450064,6293.798199919,6293.798199919,13611,19055400,0.000000
4145,41.460064,6293.808200285,6293.808200285,13615,19061000,0.000000
4146,41.470069,6293.818204626,6293.818204626,13618,19065200,0.000000
4147,41.480077,6293.828213167,6293.828213167,13621,19069400,0.000000
4148,41.490017,6293.838153315,6293.838153315,13625,19075000,0.000000
4149,41.500065,6293.848200588,6293.848200588,13628,19079200,0.000000
4150,41.510021,6293.858156971,6293.858156971,13631,19083400,0.000000
4151,41.520072,6293.868208354,6293.868208354,13634,19087600,0.000000
4152,41.530060,6293.878196224,6293.878196224,13638,19093200,0.000000
4153,41.540062,6293.888198202,6293.888198202,13641,19097400,0.000000
4154,41.550071,6293.898206628,6293.898206628,13644,19101600,0.000000
4155,41.560053,6293.908189359,6293.908189359,13648,19107200,0.000000
4156,41.570065,6293.918200680,6293.918200680,13651,19111400,0.000000
4157,41.580069,6293.928205189,6293.928205189,13654,19115600,0.000000
4158,41.590067,6293.938203372,6293.938203372,13657,19119800,0.000000
4159,41.600064,6293.948199788,6293.948199788,13661,19125400,0.000000
4160,41.610017,6293.958152825,6293.958152825,13664,19129600,0.000000
4161,41.620067,6293.968203381,6293.968203381,13667,19133800,0.000000
4162,41.630075,6293.978210797,6293.978210797,13671,19139400,0.000000
4163,41.640060,6293.988196301,6293.988196301,13674,19143600,0.000000
4164,41.650068,6293.998203580,6293.998203580,13677,19147800,0.000000
4165,41.660068,6294.008203750,6294.008203750,13680,19152000,0.000000
4166,41.670065,6294.018201360,6294.018201360,13684,19157600,0.000000
4167,41.680065,6294.028201431,6294.028201431,13687,19161800,0.000000
4168,41.690067,6294.038203142,6294.038203142,13690,19166000,0.000000
4169,41.700070,6294.048206020,6294.048206020,13694,19171600,0.000000
4170,41.710065,6294.058200797,6294.058200797,13697,19175800,0.000000
4171,41.720068,6294.068203895,6294.068203895,13700,19180000,0.000000
4172,41.730065,6294.078200815,6294.078200815,13703,19184200,0.000000
4173,41.740066,6294.088201729,6294.088201729,13707,19189800,0.000000
4174,41.750066,6294.098201950,6294.098201950,13710,19194000,0.000000
4175,41.760067,6294.108203337,6294.108203337,13713,19198200,0.000000
4176,41.770067,6294.118202929,6294.118202929,13716,19202400,0.000000
4177,41.780071,6294.128206887,6294.128206887,13720,19208000,0.000000
4178,41.790072,6294.138207621,6294.138207621,13723,19212200,0.000000
4179,41.800065,6294.148200949,6294.148200949,13726,19216400,0.000000
4180,41.810065,6294.158200989,6294.158200989,13730,19222000,0.000000
4181,41.820079,6294.168215082,6294.168215082,13733,19226200,0.000000
4182,41.830070,6294.178206291,6294.178206291,13736,19230400,0.000000
4183,41.840087,6294.188222795,6294.188222795,13739,19234600,0.000000
4184,41.850065,6294.198200618,6294.198200618,13743,19240200,0.000000
4185,41.860068,6294.208203759,6294.208203759,13746,19244400,0.000000
4186,41.870065,6294.218201364,6294.218201364,13749,19248600,0.000000
4187,41.880063,6294.228198649,6294.228198649,13753,19254200,0.000000
4188,41.890065,6294.238201369,6294.238201369,13756,19258400,0.000000
4189,41.900064,6294.248200268,6294.248200268,13759,19262600,0.000000
4190,41.910082,6294.258217716,6294.258217716,13762,19266800,0.000000
4191,41.920058,6294.268194430,6294.268194430,13766,19272400,0.000000
4192,41.930038,6294.278173823,6294.278173823,13769,19276600,0.000000
4193,41.940063,6294.288198841,6294.288198841,13772,19280800,0.000000
4194,41.950057,6294.298193445,6294.298193445,13776,19286400,0.000000
4195,41.960064,6294.308199760,6294.308199760,13779,19290600,0.000000
4196,41.970023,6294.318158966,6294.318158966,13782,19294800,0.000000
4197,41.980064,6294.328200086,6294.328200086,13785,19299000,0.000000
4198,41.990038,6294.338173601,6294.338173601,13789,19304600,0.000000
