sample_index,timestamp_s,monotonic_s,t_mono,cum_packets,cum_bytes,lag_s
0,0.000101,6252.339155458,6252.339155458,0,0,0.000000
1,0.012022,6252.351076027,6252.351076027,5,7000,0.000000
2,0.020060,6252.359113519,6252.359113519,9,12600,0.000000
3,0.030060,6252.369114213,6252.369114213,14,19600,0.000000
4,0.040083,6252.379136502,6252.379136502,19,26600,0.000000
5,0.050060,6252.389113677,6252.389113677,24,33600,0.000000
6,0.060064,6252.399117926,6252.399117926,29,40600,0.000000
7,0.070061,6252.409114757,6252.409114757,34,47600,0.000000
8,0.080082,6252.419135988,6252.419135988,39,54600,0.000000
9,0.090070,6252.429124192,6252.429124192,43,60200,0.000000
10,0.100066,6252.439120116,6252.439120116,48,67200,0.000000
11,0.110066,6252.449119543,6252.449119543,53,74200,0.000000
12,0.120068,6252.459121695,6252.459121695,58,81200,0.000000
13,0.130064,6252.469118453,6252.469118453,63,88200,0.000000
14,0.140061,6252.479115097,6252.479115097,68,95200,0.000000
15,0.150014,6252.489067779,6252.489067779,73,102200,0.000000
16,0.160065,6252.499118577,6252.499118577,77,107800,0.000000
17,0.170064,6252.509117517,6252.509117517,82,114800,0.000000
18,0.182981,6252.522035351,6252.522035351,89,124600,0.000000
19,0.190063,6252.529117202,6252.529117202,92,128800,0.000000
20,0.200064,6252.539118459,6252.539118459,97,135800,0.000000
21,0.210060,6252.549113841,6252.549113841,102,142800,0.000000
22,0.220045,6252.559099228,6252.559099228,107,149800,0.000000
23,0.230056,6252.569109672,6252.569109672,112,156800,0.000000
24,0.240063,6252.579116874,6252.579116874,116,162400,0.000000
25,0.250061,6252.589115389,6252.589115389,121,169400,0.000000
26,0.260986,6252.600040258,6252.600040258,127,177800,0.000000
27,0.270061,6252.609114544,6252.609114544,131,183400,0.000000
28,0.280059,6252.619113153,6252.619113153,136,190400,0.000000
29,0.290060,6252.629113745,6252.629113745,141,197400,0.000000
30,0.300059,6252.639113166,6252.639113166,146,204400,0.000000
31,0.310164,6252.649218186,6252.649218186,151,211400,0.000000
32,0.320061,6252.659114514,6252.659114514,155,217000,0.000000
33,0.330061,6252.669114759,6252.669114759,160,224000,0.000000
34,0.340060,6252.679114264,6252.679114264,165,231000,0.000000
35,0.350259,6252.689312999,6252.689312999,170,238000,0.000000
36,0.360069,6252.699123200,6252.699123200,175,245000,0.000000
37,0.370066,6252.709119939,6252.709119939,180,252000,0.000000
38,0.380064,6252.719117857,6252.719117857,185,259000,0.000000
39,0.390041,6252.729095005,6252.729095005,190,266000,0.000000
40,0.400072,6252.739126056,6252.739126056,194,271600,0.000000
41,0.410067,6252.749120535,6252.749120535,199,278600,0.000000
42,0.420067,6252.759120985,6252.759120985,204,285600,0.000000
43,0.430065,6252.769119302,6252.769119302,209,292600,0.000000
44,0.440069,6252.779122855,6252.779122855,214,299600,0.000000
45,0.450064,6252.789118128,6252.789118128,219,306600,0.000000
46,0.460062,6252.799116327,6252.799116327,224,313600,0.000000
47,0.470078,6252.809131833,6252.809131833,229,320600,0.000000
48,0.480067,6252.819120586,6252.819120586,233,326200,0.000000
49,0.490064,6252.829118095,6252.829118095,238,333200,0.000000
50,0.500060,6252.839113986,6252.839113986,243,340200,0.000000
51,0.510061,6252.849114545,6252.849114545,248,347200,0.000000
52,0.520066,6252.859119731,6252.859119731,253,354200,0.000000
53,0.530070,6252.869123622,6252.869123622,258,361200,0.000000
54,0.540059,6252.879113356,6252.879113356,263,368200,0.000000
55,0.550078,6252.889132365,6252.889132365,268,375200,0.000000
56,0.560065,6252.899118506,6252.899118506,272,380800,0.000000
57,0.570061,6252.909114967,6252.909114967,277,387800,0.000000
58,0.580053,6252.919106522,6252.919106522,282,394800,0.000000
59,0.590068,6252.929122093,6252.929122093,287,401800,0.000000
60,0.600064,6252.939118142,6252.939118142,292,408800,0.000000
61,0.610063,6252.949116631,6252.949116631,297,415800,0.000000
62,0.620018,6252.959072293,6252.959072293,302,422800,0.000000
63,0.630071,6252.969125144,6252.969125144,306,428400,0.000000
64,0.640068,6252.979122361,6252.979122361,311,435400,0.000000
65,0.650069,6252.989123275,6252.989123275,316,442400,0.000000
66,0.660064,6252.999118430,6252.999118430,321,449400,0.000000
67,0.670059,6253.009113052,6253.009113052,326,456400,0.000000
68,0.680066,6253.019119942,6253.019119942,331,463400,0.000000
69,0.690062,6253.029115585,6253.029115585,336,470400,0.000000
70,0.700063,6253.039117388,6253.039117388,341,477400,0.000000
71,0.710067,6253.049121397,6253.049121397,345,483000,0.000000
72,0.720063,6253.059117127,6253.059117127,350,490000,0.000000
73,0.730061,6253.069114818,6253.069114818,355,497000,0.000000
74,0.740067,6253.079120482,6253.079120482,360,504000,0.000000
75,0.750063,6253.089117309,6253.089117309,365,511000,0.000000
76,0.760064,6253.099118297,6253.099118297,370,518000,0.000000
77,0.770060,6253.109113749,6253.109113749,375,525000,0.000000
78,0.780064,6253.119117829,6253.119117829,380,532000,0.000000
79,0.790066,6253.129119812,6253.129119812,384,537600,0.000000
80,0.800066,6253.139120275,6253.139120275,389,544600,0.000000
81,0.810064,6253.149117818,6253.149117818,394,551600,0.000000
82,0.820063,6253.159117176,6253.159117176,399,558600,0.000000
83,0.830066,6253.169119568,6253.169119568,404,565600,0.000000
84,0.840066,6253.179120428,6253.179120428,409,572600,0.000000
85,0.850019,6253.189072730,6253.189072730,414,579600,0.000000
86,0.860064,6253.199117791,6253.199117791,419,586600,0.000000
87,0.870071,6253.209124649,6253.209124649,423,592200,0.000000
88,0.880064,6253.219118226,6253.219118226,428,599200,0.000000
89,0.890073,6253.229126649,6253.229126649,433,606200,0.000000
90,0.900070,6253.239124128,6253.239124128,438,613200,0.000000
91,0.910070,6253.249123504,6253.249123504,443,620200,0.000000
92,0.920069,6253.259122563,6253.259122563,448,627200,0.000000
93,0.930063,6253.269117149,6253.269117149,453,634200,0.000000
94,0.940093,6253.279147053,6253.279147053,458,641200,0.000000
95,0.950066,6253.289119493,6253.289119493,462,646800,0.000000
96,0.960068,6253.299121997,6253.299121997,467,653800,0.000000
97,0.970061,6253.309114978,6253.309114978,472,660800,0.000000
98,0.980050,6253.319104320,6253.319104320,477,667800,0.000000
99,0.990015,6253.329068964,6253.329068964,482,674800,0.000000
100,1.000062,6253.339115536,6253.339115536,487,681800,0.000000
101,1.010065,6253.349118732,6253.349118732,492,688800,0.000000
102,1.020071,6253.359125460,6253.359125460,497,695800,0.000000
103,1.030065,6253.369118944,6253.369118944,501,701400,0.000000
104,1.040063,6253.379116907,6253.379116907,506,708400,0.000000
105,1.050066,6253.389119762,6253.389119762,511,715400,0.000000
106,1.060065,6253.399119338,6253.399119338,516,722400,0.000000
107,1.070061,6253.409114595,6253.409114595,521,729400,0.000000
108,1.080059,6253.419113351,6253.419113351,526,736400,0.000000
109,1.090060,6253.429114142,6253.429114142,531,743400,0.000000
110,1.100063,6253.439117306,6253.439117306,535,749000,0.000000
111,1.110112,6253.449166463,6253.449166463,540,756000,0.000000
112,1.120070,6253.459123533,6253.459123533,545,763000,0.000000
113,1.130075,6253.469128582,6253.469128582,550,770000,0.000000
114,1.140068,6253.479122088,6253.479122088,555,777000,0.000000
115,1.150078,6253.489131916,6253.489131916,560,784000,0.000000
116,1.160073,6253.499126487,6253.499126487,565,791000,0.000000
117,1.170069,6253.509123260,6253.509123260,570,798000,0.000000
118,1.180042,6253.519095467,6253.519095467,574,803600,0.000000
119,1.190068,6253.529122295,6253.529122295,579,810600,0.000000
120,1.200067,6253.539121326,6253.539121326,584,817600,0.000000
121,1.210063,6253.549116747,6253.549116747,589,824600,0.000000
122,1.220061,6253.559115285,6253.559115285,594,831600,0.000000
123,1.230066,6253.569119583,6253.569119583,599,838600,0.000000
124,1.240067,6253.579120703,6253.579120703,604,845600,0.000000
125,1.250064,6253.589117772,6253.589117772,609,852600,0.000000
126,1.260069,6253.599122707,6253.599122707,613,858200,0.000000
127,1.270073,6253.609126820,6253.609126820,618,865200,0.000000
128,1.280072,6253.619125953,6253.619125953,623,872200,0.000000
129,1.290067,6253.629121146,6253.629121146,628,879200,0.000000
130,1.300063,6253.639117405,6253.639117405,633,886200,0.000000
131,1.310066,6253.649120306,6253.649120306,638,893200,0.000000
132,1.320074,6253.659128402,6253.659128402,643,900200,0.000000
133,1.330038,6253.669092078,6253.669092078,648,907200,0.000000
134,1.340072,6253.679125992,6253.679125992,652,912800,0.000000
135,1.350069,6253.689122694,6253.689122694,657,919800,0.000000
136,1.360071,6253.699124617,6253.699124617,662,926800,0.000000
137,1.370068,6253.709121624,6253.709121624,667,933800,0.000000
138,1.380063,6253.719117407,6253.719117407,672,940800,0.000000
139,1.390066,6253.729119724,6253.729119724,677,947800,0.000000
140,1.400068,6253.739121793,6253.739121793,682,954800,0.000000
141,1.410086,6253.749140273,6253.749140273,687,961800,0.000000
142,1.420070,6253.759123819,6253.759123819,691,967400,0.000000
143,1.430067,6253.769120922,6253.769120922,696,974400,0.000000
144,1.440069,6253.779122482,6253.779122482,701,981400,0.000000
145,1.450067,6253.789120934,6253.789120934,706,988400,0.000000
146,1.460066,6253.799120047,6253.799120047,711,995400,0.000000
147,1.470064,6253.809117789,6253.809117789,716,1002400,0.000000
148,1.480061,6253.819115335,6253.819115335,721,1009400,0.000000
149,1.490084,6253.829138328,6253.829138328,726,1016400,0.000000
150,1.500070,6253.839123666,6253.839123666,730,1022000,0.000000
151,1.510066,6253.849120440,6253.849120440,735,1029000,0.000000
152,1.520077,6253.859130675,6253.859130675,740,1036000,0.000000
153,1.530074,6253.869128411,6253.869128411,745,1043000,0.000000
154,1.540081,6253.879134684,6253.879134684,750,1050000,0.000000
155,1.550074,6253.889127751,6253.889127751,755,1057000,0.000000
156,1.560045,6253.899098955,6253.899098955,760,1064000,0.000000
157,1.570069,6253.909122523,6253.909122523,764,1069600,0.000000
158,1.580068,6253.919121530,6253.919121530,769,1076600,0.000000
159,1.590072,6253.929125866,6253.929125866,774,1083600,0.000000
160,1.600088,6253.939141732,6253.939141732,779,1090600,0.000000
161,1.610070,6253.949124010,6253.949124010,784,1097600,0.000000
162,1.620066,6253.959120341,6253.959120341,789,1104600,0.000000
163,1.630067,6253.969121123,6253.969121123,794,1111600,0.000000
164,1.640076,6253.979130105,6253.979130105,799,1118600,0.000000
165,1.650074,6253.989127534,6253.989127534,803,1124200,0.000000
166,1.660072,6253.999125727,6253.999125727,808,1131200,0.000000
167,1.670069,6254.009122930,6254.009122930,813,1138200,0.000000
168,1.680067,6254.019120473,6254.019120473,818,1145200,0.000000
169,1.690070,6254.029123550,6254.029123550,823,1152200,0.000000
170,1.700086,6254.039139513,6254.039139513,828,1159200,0.000000
171,1.710062,6254.049116347,6254.049116347,833,1166200,0.000000
172,1.720058,6254.059111557,6254.059111557,838,1173200,0.000000
173,1.730065,6254.069118857,6254.069118857,842,1178800,0.000000
174,1.740069,6254.079122555,6254.079122555,847,1185800,0.000000
175,1.750065,6254.089118998,6254.089118998,852,1192800,0.000000
176,1.760073,6254.099126672,6254.099126672,857,1199800,0.000000
177,1.770100,6254.109154269,6254.109154269,862,1206800,0.000000
178,1.780069,6254.119122537,6254.119122537,867,1213800,0.000000
179,1.790063,6254.129116866,6254.129116866,872,1220800,0.000000
180,1.800050,6254.139103641,6254.139103641,877,1227800,0.000000
181,1.810065,6254.149119046,6254.149119046,881,1233400,0.000000
182,1.820071,6254.159125388,6254.159125388,886,1240400,0.000000
183,1.830088,6254.169142353,6254.169142353,891,1247400,0.000000
184,1.840073,6254.179127046,6254.179127046,896,1254400,0.000000
185,1.850066,6254.189120312,6254.189120312,901,1261400,0.000000
186,1.860068,6254.199121646,6254.199121646,906,1268400,0.000000
187,1.870060,6254.209114253,6254.209114253,911,1275400,0.000000
188,1.880075,6254.219129016,6254.219129016,916,1282400,0.000000
189,1.890066,6254.229119866,6254.229119866,920,1288000,0.000000
190,1.900066,6254.239120071,6254.239120071,925,1295000,0.000000
191,1.910091,6254.249144924,6254.249144924,930,1302000,0.000000
192,1.920061,6254.259114579,6254.259114579,935,1309000,0.000000
193,1.930064,6254.269118100,6254.269118100,940,1316000,0.000000
194,1.940063,6254.279117121,6254.279117121,945,1323000,0.000000
195,1.950069,6254.289123159,6254.289123159,950,1330000,0.000000
196,1.960077,6254.299130537,6254.299130537,955,1337000,0.000000
197,1.970019,6254.309072591,6254.309072591,959,1342600,0.000000
198,1.980068,6254.319121694,6254.319121694,964,1349600,0.000000
199,1.990065,6254.329119024,6254.329119024,969,1356600,0.000000
200,2.000063,6254.339116676,6254.339116676,974,1363600,0.000000
201,2.010074,6254.349127772,6254.349127772,979,1370600,0.000000
202,2.020070,6254.359123559,6254.359123559,984,1377600,0.000000
203,2.030028,6254.369081619,6254.369081619,989,1384600,0.000000
204,2.040072,6254.379125537,6254.379125537,993,1390200,0.000000
205,2.050069,6254.389122871,6254.389122871,998,1397200,0.000000
206,2.060065,6254.399119395,6254.399119395,1003,1404200,0.000000
207,2.070069,6254.409123109,6254.409123109,1008,1411200,0.000000
208,2.080068,6254.419122335,6254.419122335,1013,1418200,0.000000
209,2.090065,6254.429118555,6254.429118555,1018,1425200,0.000000
210,2.100065,6254.439119193,6254.439119193,1023,1432200,0.000000
211,2.110060,6254.449114274,6254.449114274,1028,1439200,0.000000
212,2.120067,6254.459121086,6254.459121086,1032,1444800,0.000000
213,2.130064,6254.469118401,6254.469118401,1037,1451800,0.000000
214,2.140076,6254.479129826,6254.479129826,1042,1458800,0.000000
215,2.150074,6254.489127539,6254.489127539,1047,1465800,0.000000
216,2.160062,6254.499116065,6254.499116065,1052,1472800,0.000000
217,2.170081,6254.509135074,6254.509135074,1057,1479800,0.000000
218,2.180060,6254.519113566,6254.519113566,1062,1486800,0.000000
219,2.190058,6254.529112376,6254.529112376,1067,1493800,0.000000
220,2.200068,6254.539121955,6254.539121955,1071,1499400,0.000000
221,2.210066,6254.549119832,6254.549119832,1076,1506400,0.000000
222,2.220064,6254.559117577,6254.559117577,1081,1513400,0.000000
223,2.230062,6254.569116236,6254.569116236,1086,1520400,0.000000
224,2.240064,6254.579118346,6254.579118346,1091,1527400,0.000000
225,2.250064,6254.589117777,6254.589117777,1096,1534400,0.000000
226,2.260065,6254.599119248,6254.599119248,1101,1541400,0.000000
227,2.270048,6254.609101937,6254.609101937,1106,1548400,0.000000
228,2.280074,6254.619127698,6254.619127698,1110,1554000,0.000000
229,2.290073,6254.629127051,6254.629127051,1115,1561000,0.000000
230,2.300062,6254.639116081,6254.639116081,1120,1568000,0.000000
231,2.310063,6254.649116959,6254.649116959,1125,1575000,0.000000
232,2.320022,6254.659076418,6254.659076418,1130,1582000,0.000000
233,2.330060,6254.669113779,6254.669113779,1135,1589000,0.000000
234,2.340064,6254.679117556,6254.679117556,1140,1596000,0.000000
235,2.350074,6254.689127513,6254.689127513,1145,1603000,0.000000
236,2.360069,6254.699122977,6254.699122977,1149,1608600,0.000000
237,2.370047,6254.709100561,6254.709100561,1154,1615600,0.000000
238,2.380065,6254.719118715,6254.719118715,1159,1622600,0.000000
239,2.390063,6254.729116940,6254.729116940,1164,1629600,0.000000
240,2.400064,6254.739118147,6254.739118147,1169,1636600,0.000000
241,2.410064,6254.749118199,6254.749118199,1174,1643600,0.000000
242,2.420059,6254.759112742,6254.759112742,1179,1650600,0.000000
243,2.430070,6254.769124157,6254.769124157,1184,1657600,0.000000
244,2.440066,6254.779119618,6254.779119618,1188,1663200,0.000000
245,2.450062,6254.789116240,6254.789116240,1193,1670200,0.000000
246,2.460081,6254.799135081,6254.799135081,1198,1677200,0.000000
247,2.470065,6254.809118749,6254.809118749,1203,1684200,0.000000
248,2.480069,6254.819122980,6254.819122980,1208,1691200,0.000000
249,2.490064,6254.829118465,6254.829118465,1213,1698200,0.000000
250,2.500036,6254.839090364,6254.839090364,1218,1705200,0.000000
251,2.510069,6254.849122551,6254.849122551,1222,1710800,0.000000
252,2.520064,6254.859118059,6254.859118059,1227,1717800,0.000000
253,2.530066,6254.869120319,6254.869120319,1232,1724800,0.000000
254,2.540069,6254.879122722,6254.879122722,1237,1731800,0.000000
255,2.550065,6254.889118807,6254.889118807,1242,1738800,0.000000
256,2.560059,6254.899112926,6254.899112926,1247,1745800,0.000000
257,2.570065,6254.909118868,6254.909118868,1252,1752800,0.000000
258,2.580067,6254.919121109,6254.919121109,1257,1759800,0.000000
259,2.590069,6254.929123138,6254.929123138,1261,1765400,0.000000
260,2.600068,6254.939121929,6254.939121929,1266,1772400,0.000000
261,2.610063,6254.949117082,6254.949117082,1271,1779400,0.000000
262,2.620070,6254.959123502,6254.959123502,1276,1786400,0.000000
263,2.630079,6254.969132469,6254.969132469,1281,1793400,0.000000
264,2.640065,6254.979118599,6254.979118599,1286,1800400,0.000000
265,2.650065,6254.989119068,6254.989119068,1291,1807400,0.000000
266,2.660010,6254.999063769,6254.999063769,1296,1814400,0.000000
267,2.670069,6255.009122851,6255.009122851,1300,1820000,0.000000
268,2.680068,6255.019121506,6255.019121506,1305,1827000,0.000000
269,2.690081,6255.029135306,6255.029135306,1310,1834000,0.000000
270,2.700095,6255.039149063,6255.039149063,1315,1841000,0.000000
271,2.710070,6255.049124254,6255.049124254,1320,1848000,0.000000
272,2.720066,6255.059120165,6255.059120165,1325,1855000,0.000000
273,2.730061,6255.069114648,6255.069114648,1330,1862000,0.000000
274,2.740057,6255.079111333,6255.079111333,1335,1869000,0.000000
275,2.750071,6255.089124873,6255.089124873,1339,1874600,0.000000
276,2.760071,6255.099124526,6255.099124526,1344,1881600,0.000000
277,2.770065,6255.109118522,6255.109118522,1349,1888600,0.000000
278,2.780072,6255.119125817,6255.119125817,1354,1895600,0.000000
279,2.790069,6255.129123019,6255.129123019,1359,1902600,0.000000
280,2.800063,6255.139116933,6255.139116933,1364,1909600,0.000000
281,2.810067,6255.149121433,6255.149121433,1369,1916600,0.000000
282,2.820077,6255.159130487,6255.159130487,1374,1923600,0.000000
283,2.830068,6255.169122387,6255.169122387,1378,1929200,0.000000
284,2.840069,6255.179123360,6255.179123360,1383,1936200,0.000000
285,2.850069,6255.189123194,6255.189123194,1388,1943200,0.000000
286,2.860066,6255.199120248,6255.199120248,1393,1950200,0.000000
287,2.870076,6255.209129689,6255.209129689,1398,1957200,0.000000
288,2.880064,6255.219118111,6255.219118111,1403,1964200,0.000000
289,2.890068,6255.229121651,6255.229121651,1408,1971200,0.000000
290,2.900037,6255.239091157,6255.239091157,1412,1976800,0.000000
291,2.910075,6255.249128522,6255.249128522,1417,1983800,0.000000
292,2.920068,6255.259121930,6255.259121930,1422,1990800,0.000000
293,2.930066,6255.269119772,6255.269119772,1427,1997800,0.000000
294,2.940071,6255.279125052,6255.279125052,1432,2004800,0.000000
295,2.950063,6255.289116547,6255.289116547,1437,2011800,0.000000
296,2.960060,6255.299114282,6255.299114282,1442,2018800,0.000000
297,2.970042,6255.309095755,6255.309095755,1447,2025800,0.000000
298,2.980070,6255.319124356,6255.319124356,1451,2031400,0.000000
299,2.990070,6255.329123876,6255.329123876,1456,2038400,0.000000
300,3.000070,6255.339124212,6255.339124212,1461,2045400,0.000000
301,3.010089,6255.349142491,6255.349142491,1466,2052400,0.000000
302,3.020067,6255.359121148,6255.359121148,1471,2059400,0.000000
303,3.030070,6255.369124032,6255.369124032,1476,2066400,0.000000
304,3.040065,6255.379119252,6255.379119252,1481,2073400,0.000000
305,3.050067,6255.389120671,6255.389120671,1486,2080400,0.000000
306,3.060069,6255.399123259,6255.399123259,1490,2086000,0.000000
307,3.070066,6255.409119901,6255.409119901,1495,2093000,0.000000
308,3.080066,6255.419120354,6255.419120354,1500,2100000,0.000000
309,3.090069,6255.429122801,6255.429122801,1505,2107000,0.000000
310,3.100063,6255.439116881,6255.439116881,1510,2114000,0.000000
311,3.110066,6255.449120432,6255.449120432,1515,2121000,0.000000
312,3.120051,6255.459105348,6255.459105348,1520,2128000,0.000000
313,3.130006,6255.469059735,6255.469059735,1525,2135000,0.000000
314,3.140066,6255.479119673,6255.479119673,1529,2140600,0.000000
315,3.150065,6255.489119456,6255.489119456,1534,2147600,0.000000
316,3.160073,6255.499127203,6255.499127203,1539,2154600,0.000000
317,3.170067,6255.509121023,6255.509121023,1544,2161600,0.000000
318,3.180072,6255.519126307,6255.519126307,1549,2168600,0.000000
319,3.190029,6255.529083148,6255.529083148,1554,2175600,0.000000
320,3.200062,6255.539115636,6255.539115636,1559,2182600,0.000000
321,3.210049,6255.549103103,6255.549103103,1564,2189600,0.000000
322,3.220091,6255.559144506,6255.559144506,1568,2195200,0.000000
323,3.230070,6255.569124209,6255.569124209,1573,2202200,0.000000
324,3.240068,6255.579121842,6255.579121842,1578,2209200,0.000000
325,3.250073,6255.589127104,6255.589127104,1583,2216200,0.000000
326,3.260062,6255.599115840,6255.599115840,1588,2223200,0.000000
327,3.270067,6255.609120638,6255.609120638,1593,2230200,0.000000
328,3.280060,6255.619113592,6255.619113592,1598,2237200,0.000000
329,3.290080,6255.629134146,6255.629134146,1603,2244200,0.000000
330,3.300064,6255.639118339,6255.639118339,1607,2249800,0.000000
331,3.310070,6255.649123818,6255.649123818,1612,2256800,0.000000
332,3.320074,6255.659127718,6255.659127718,1617,2263800,0.000000
333,3.330071,6255.669125082,6255.669125082,1622,2270800,0.000000
334,3.340065,6255.679118682,6255.679118682,1627,2277800,0.000000
335,3.350068,6255.689121537,6255.689121537,1632,2284800,0.000000
336,3.360060,6255.699113674,6255.699113674,1637,2291800,0.000000
337,3.370078,6255.709132303,6255.709132303,1642,2298800,0.000000
338,3.380069,6255.719122791,6255.719122791,1646,2304400,0.000000
339,3.390066,6255.729120358,6255.729120358,1651,2311400,0.000000
340,3.400080,6255.739133879,6255.739133879,1656,2318400,0.000000
341,3.410067,6255.749121087,6255.749121087,1661,2325400,0.000000
342,3.420066,6255.759120390,6255.759120390,1666,2332400,0.000000
343,3.430061,6255.769115400,6255.769115400,1671,2339400,0.000000
344,3.440035,6255.779089394,6255.779089394,1676,2346400,0.000000
345,3.450072,6255.789126225,6255.789126225,1680,2352000,0.000000
346,3.460072,6255.799125857,6255.799125857,1685,2359000,0.000000
347,3.470070,6255.809123919,6255.809123919,1690,2366000,0.000000
348,3.480073,6255.819126605,6255.819126605,1695,2373000,0.000000
349,3.490068,6255.829122220,6255.829122220,1700,2380000,0.000000
350,3.500060,6255.839113990,6255.839113990,1705,2387000,0.000000
351,3.510075,6255.849128811,6255.849128811,1710,2394000,0.000000
352,3.520068,6255.859122018,6255.859122018,1715,2401000,0.000000
353,3.530051,6255.869104850,6255.869104850,1719,2406600,0.000000
354,3.540068,6255.879122397,6255.879122397,1724,2413600,0.000000
355,3.550045,6255.889099350,6255.889099350,1729,2420600,0.000000
356,3.560066,6255.899120175,6255.899120175,1734,2427600,0.000000
357,3.570070,6255.909123607,6255.909123607,1739,2434600,0.000000
358,3.580042,6255.919095985,6255.919095985,1744,2441600,0.000000
359,3.590062,6255.929116062,6255.929116062,1749,2448600,0.000000
360,3.600064,6255.939117767,6255.939117767,1754,2455600,0.000000
361,3.610070,6255.949124057,6255.949124057,1758,2461200,0.000000
362,3.620064,6255.959118396,6255.959118396,1763,2468200,0.000000
363,3.630070,6255.969124177,6255.969124177,1768,2475200,0.000000
364,3.640071,6255.979124880,6255.979124880,1773,2482200,0.000000
365,3.650064,6255.989117668,6255.989117668,1778,2489200,0.000000
366,3.660063,6255.999117142,6255.999117142,1783,2496200,0.000000
367,3.670060,6256.009114224,6256.009114224,1788,2503200,0.000000
368,3.680043,6256.019096608,6256.019096608,1793,2510200,0.000000
369,3.690064,6256.029117512,6256.029117512,1797,2515800,0.000000
370,3.700064,6256.039118300,6256.039118300,1802,2522800,0.000000
371,3.710073,6256.049127215,6256.049127215,1807,2529800,0.000000
372,3.720063,6256.059117062,6256.059117062,1812,2536800,0.000000
373,3.730065,6256.069118897,6256.069118897,1817,2543800,0.000000
374,3.740064,6256.079118423,6256.079118423,1822,2550800,0.000000
375,3.750060,6256.089113751,6256.089113751,1827,2557800,0.000000
376,3.760079,6256.099133190,6256.099133190,1832,2564800,0.000000
377,3.770070,6256.109124051,6256.109124051,1836,2570400,0.000000
378,3.780069,6256.119122720,6256.119122720,1841,2577400,0.000000
379,3.790068,6256.129121807,6256.129121807,1846,2584400,0.000000
380,3.800055,6256.139108853,6256.139108853,1851,2591400,0.000000
381,3.810064,6256.149118010,6256.149118010,1856,2598400,0.000000
382,3.820058,6256.159112443,6256.159112443,1861,2605400,0.000000
383,3.830065,6256.169119302,6256.169119302,1866,2612400,0.000000
384,3.840079,6256.179133280,6256.179133280,1871,2619400,0.000000
385,3.850072,6256.189125858,6256.189125858,1875,2625000,0.000000
386,3.860071,6256.199125330,6256.199125330,1880,2632000,0.000000
387,3.870070,6256.209124138,6256.209124138,1885,2639000,0.000000
388,3.880067,6256.219120799,6256.219120799,1890,2646000,0.000000
389,3.890067,6256.229120859,6256.229120859,1895,2653000,0.000000
390,3.900065,6256.239119025,6256.239119025,1900,2660000,0.000000
391,3.910072,6256.249125841,6256.249125841,1905,2667000,0.000000
392,3.920070,6256.259123736,6256.259123736,1909,2672600,0.000000
393,3.930070,6256.269123556,6256.269123556,1914,2679600,0.000000
394,3.940068,6256.279121660,6256.279121660,1919,2686600,0.000000
395,3.950068,6256.289122026,6256.289122026,1924,2693600,0.000000
396,3.960065,6256.299118797,6256.299118797,1929,2700600,0.000000
397,3.970068,6256.309121637,6256.309121637,1934,2707600,0.000000
398,3.980064,6256.319118025,6256.319118025,1939,2714600,0.000000
399,3.990063,6256.329117128,6256.329117128,1944,2721600,0.000000
400,4.000063,6256.339116828,6256.339116828,1948,2727200,0.000000
401,4.010061,6256.349114846,6256.349114846,1953,2734200,0.000000
402,4.020062,6256.359116126,6256.359116126,1958,2741200,0.000000
403,4.030066,6256.369119968,6256.369119968,1963,2748200,0.000000
404,4.040065,6256.379119278,6256.379119278,1968,2755200,0.000000
405,4.050063,6256.389116789,6256.389116789,1973,2762200,0.000000
406,4.060064,6256.399117761,6256.399117761,1978,2769200,0.000000
407,4.070007,6256.409060489,6256.409060489,1983,2776200,0.000000
408,4.080066,6256.419119984,6256.419119984,1987,2781800,0.000000
409,4.090073,6256.429127137,6256.429127137,1992,2788800,0.000000
410,4.100064,6256.439118404,6256.439118404,1997,2795800,0.000000
411,4.110066,6256.449119560,6256.449119560,2002,2802800,0.000000
412,4.120063,6256.459116992,6256.459116992,2007,2809800,0.000000
413,4.130068,6256.469121892,6256.469121892,2012,2816800,0.000000
414,4.140061,6256.479114995,6256.479114995,2017,2823800,0.000000
415,4.150053,6256.489107095,6256.489107095,2022,2830800,0.000000
416,4.160066,6256.499119742,6256.499119742,2026,2836400,0.000000
417,4.170061,6256.509115134,6256.509115134,2031,2843400,0.000000
418,4.180077,6256.519130769,6256.519130769,2036,2850400,0.000000
419,4.190074,6256.529127853,6256.529127853,2041,2857400,0.000000
420,4.200066,6256.539120163,6256.539120163,2046,2864400,0.000000
421,4.210075,6256.549128643,6256.549128643,2051,2871400,0.000000
422,4.220072,6256.559125687,6256.559125687,2056,2878400,0.000000
423,4.230074,6256.569127924,6256.569127924,2061,2885400,0.000000
424,4.240072,6256.579126377,6256.579126377,2065,2891000,0.000000
425,4.250067,6256.589120487,6256.589120487,2070,2898000,0.000000
426,4.260065,6256.599119056,6256.599119056,2075,2905000,0.000000
427,4.270065,6256.609119361,6256.609119361,2080,2912000,0.000000
428,4.280066,6256.619119813,6256.619119813,2085,2919000,0.000000
429,4.290062,6256.629116350,6256.629116350,2090,2926000,0.000000
430,4.300061,6256.639115325,6256.639115325,2095,2933000,0.000000
431,4.310078,6256.649131487,6256.649131487,2100,2940000,0.000000
432,4.320076,6256.659129608,6256.659129608,2104,2945600,0.000000
433,4.330071,6256.669125259,6256.669125259,2109,2952600,0.000000
434,4.340074,6256.679128353,6256.679128353,2114,2959600,0.000000
435,4.350067,6256.689120626,6256.689120626,2119,2966600,0.000000
436,4.360068,6256.699122054,6256.699122054,2124,2973600,0.000000
437,4.370062,6256.709115934,6256.709115934,2129,2980600,0.000000
438,4.380030,6256.719083843,6256.719083843,2134,2987600,0.000000
439,4.390069,6256.729122565,6256.729122565,2138,2993200,0.000000
440,4.400069,6256.739122679,6256.739122679,2143,3000200,0.000000
441,4.410072,6256.749125830,6256.749125830,2148,3007200,0.000000
442,4.420073,6256.759126724,6256.759126724,2153,3014200,0.000000
443,4.430061,6256.769115248,6256.769115248,2158,3021200,0.000000
444,4.440073,6256.779127249,6256.779127249,2163,3028200,0.000000
445,4.450064,6256.789117623,6256.789117623,2168,3035200,0.000000
446,4.460054,6256.799108387,6256.799108387,2173,3042200,0.000000
447,4.470060,6256.809114000,6256.809114000,2177,3047800,0.000000
448,4.480067,6256.819120558,6256.819120558,2182,3054800,0.000000
449,4.490068,6256.829122075,6256.829122075,2187,3061800,0.000000
450,4.500065,6256.839119363,6256.839119363,2192,3068800,0.000000
451,4.510054,6256.849108459,6256.849108459,2197,3075800,0.000000
452,4.520068,6256.859121814,6256.859121814,2202,3082800,0.000000
453,4.530060,6256.869114105,6256.869114105,2207,3089800,0.000000
454,4.540059,6256.879112680,6256.879112680,2212,3096800,0.000000
455,4.550062,6256.889115860,6256.889115860,2216,3102400,0.000000
456,4.560063,6256.899116575,6256.899116575,2221,3109400,0.000000
457,4.570063,6256.909116900,6256.909116900,2226,3116400,0.000000
458,4.580010,6256.919063959,6256.919063959,2231,3123400,0.000000
459,4.590069,6256.929123428,6256.929123428,2236,3130400,0.000000
460,4.600011,6256.939064668,6256.939064668,2241,3137400,0.000000
461,4.610061,6256.949114800,6256.949114800,2246,3144400,0.000000
462,4.620046,6256.959100278,6256.959100278,2251,3151400,0.000000
463,4.630069,6256.969122719,6256.969122719,2255,3157000,0.000000
464,4.640064,6256.979118223,6256.979118223,2260,3164000,0.000000
465,4.650045,6256.989099305,6256.989099305,2265,3171000,0.000000
466,4.660067,6256.999121187,6256.999121187,2270,3178000,0.000000
467,4.670067,6257.009120601,6257.009120601,2275,3185000,0.000000
468,4.680074,6257.019128384,6257.019128384,2280,3192000,0.000000
469,4.690061,6257.029115140,6257.029115140,2285,3199000,0.000000
470,4.700076,6257.039129826,6257.039129826,2290,3206000,0.000000
471,4.710067,6257.049120666,6257.049120666,2294,3211600,0.000000
472,4.720057,6257.059111038,6257.059111038,2299,3218600,0.000000
473,4.730067,6257.069120738,6257.069120738,2304,3225600,0.000000
474,4.740070,6257.079123639,6257.079123639,2309,3232600,0.000000
475,4.750069,6257.089123190,6257.089123190,2314,3239600,0.000000
476,4.760066,6257.099119486,6257.099119486,2319,3246600,0.000000
477,4.770059,6257.109112875,6257.109112875,2324,3253600,0.000000
478,4.780104,6257.119157521,6257.119157521,2329,3260600,0.000000
479,4.790073,6257.129127153,6257.129127153,2333,3266200,0.000000
480,4.800063,6257.139116977,6257.139116977,2338,3273200,0.000000
481,4.810055,6257.149109171,6257.149109171,2343,3280200,0.000000
482,4.820062,6257.159116432,6257.159116432,2348,3287200,0.000000
483,4.830074,6257.169127769,6257.169127769,2353,3294200,0.000000
484,4.840066,6257.179120161,6257.179120161,2358,3301200,0.000000
485,4.850044,6257.189098205,6257.189098205,2363,3308200,0.000000
486,4.860068,6257.199122066,6257.199122066,2367,3313800,0.000000
487,4.870065,6257.209119119,6257.209119119,2372,3320800,0.000000
488,4.880066,6257.219120129,6257.219120129,2377,3327800,0.000000
489,4.890069,6257.229123229,6257.229123229,2382,3334800,0.000000
490,4.900064,6257.239118030,6257.239118030,2387,3341800,0.000000
491,4.910065,6257.249119008,6257.249119008,2392,3348800,0.000000
492,4.920070,6257.259124158,6257.259124158,2397,3355800,0.000000
493,4.930067,6257.269121198,6257.269121198,2402,3362800,0.000000
494,4.940067,6257.279121034,6257.279121034,2406,3368400,0.000000
495,4.950066,6257.289119892,6257.289119892,2411,3375400,0.000000
496,4.960060,6257.299114140,6257.299114140,2416,3382400,0.000000
497,4.970070,6257.309123810,6257.309123810,2421,3389400,0.000000
498,4.980062,6257.319115941,6257.319115941,2426,3396400,0.000000
499,4.990068,6257.329121679,6257.329121679,2431,3403400,0.000000
500,5.000075,6257.339129444,6257.339129444,2436,3410400,0.000000
501,5.010002,6257.349056052,6257.349056052,2441,3417400,0.000000
502,5.020061,6257.359115436,6257.359115436,2445,3423000,0.000000
503,5.030064,6257.369118350,6257.369118350,2450,3430000,0.000000
504,5.040070,6257.379123555,6257.379123555,2455,3437000,0.000000
505,5.050066,6257.389120274,6257.389120274,2460,3444000,0.000000
506,5.060059,6257.399112952,6257.399112952,2465,3451000,0.000000
507,5.070068,6257.409121827,6257.409121827,2470,3458000,0.000000
508,5.080060,6257.419113823,6257.419113823,2475,3465000,0.000000
509,5.090049,6257.429103425,6257.429103425,2480,3472000,0.000000
510,5.100072,6257.439126327,6257.439126327,2484,3477600,0.000000
511,5.110070,6257.449123561,6257.449123561,2489,3484600,0.000000
512,5.120068,6257.459121676,6257.459121676,2494,3491600,0.000000
513,5.130064,6257.469118124,6257.469118124,2499,3498600,0.000000
514,5.140063,6257.479117064,6257.479117064,2504,3505600,0.000000
515,5.150063,6257.489117286,6257.489117286,2509,3512600,0.000000
516,5.160068,6257.499122043,6257.499122043,2514,3519600,0.000000
517,5.170077,6257.509130973,6257.509130973,2519,3526600,0.000000
518,5.180088,6257.519141891,6257.519141891,2523,3532200,0.000000
519,5.190078,6257.529131873,6257.529131873,2528,3539200,0.000000
520,5.200077,6257.539131038,6257.539131038,2533,3546200,0.000000
521,5.210072,6257.549125804,6257.549125804,2538,3553200,0.000000
522,5.220060,6257.559114058,6257.559114058,2543,3560200,0.000000
523,5.230065,6257.569118568,6257.569118568,2548,3567200,0.000000
524,5.240062,6257.579116293,6257.579116293,2553,3574200,0.000000
525,5.250063,6257.589116758,6257.589116758,2557,3579800,0.000000
526,5.260069,6257.599123424,6257.599123424,2562,3586800,0.000000
527,5.270061,6257.609115419,6257.609115419,2567,3593800,0.000000
528,5.280075,6257.619129085,6257.619129085,2572,3600800,0.000000
529,5.290060,6257.629114280,6257.629114280,2577,3607800,0.000000
530,5.300069,6257.639122868,6257.639122868,2582,3614800,0.000000
531,5.310064,6257.649117812,6257.649117812,2587,3621800,0.000000
532,5.320065,6257.659118690,6257.659118690,2592,3628800,0.000000
533,5.330066,6257.669120164,6257.669120164,2596,3634400,0.000000
534,5.340068,6257.679122061,6257.679122061,2601,3641400,0.000000
535,5.350068,6257.689122066,6257.689122066,2606,3648400,0.000000
536,5.360064,6257.699117942,6257.699117942,2611,3655400,0.000000
537,5.370066,6257.709120458,6257.709120458,2616,3662400,0.000000
538,5.380068,6257.719122143,6257.719122143,2621,3669400,0.000000
539,5.390058,6257.729112349,6257.729112349,2626,3676400,0.000000
540,5.400064,6257.739117951,6257.739117951,2631,3683400,0.000000
541,5.410072,6257.749125996,6257.749125996,2635,3689000,0.000000
542,5.420065,6257.759118935,6257.759118935,2640,3696000,0.000000
543,5.430067,6257.769120570,6257.769120570,2645,3703000,0.000000
544,5.440067,6257.779121400,6257.779121400,2650,3710000,0.000000
545,5.450027,6257.789081399,6257.789081399,2655,3717000,0.000000
546,5.460064,6257.799118429,6257.799118429,2660,3724000,0.000000
547,5.470059,6257.809112621,6257.809112621,2665,3731000,0.000000
548,5.480063,6257.819117315,6257.819117315,2670,3738000,0.000000
549,5.490067,6257.829121068,6257.829121068,2674,3743600,0.000000
550,5.500068,6257.839122093,6257.839122093,2679,3750600,0.000000
551,5.510062,6257.849116373,6257.849116373,2684,3757600,0.000000
552,5.520071,6257.859125015,6257.859125015,2689,3764600,0.000000
553,5.530065,6257.869118610,6257.869118610,2694,3771600,0.000000
554,5.540065,6257.879119058,6257.879119058,2699,3778600,0.000000
555,5.550062,6257.889115548,6257.889115548,2704,3785600,0.000000
556,5.560055,6257.899108676,6257.899108676,2709,3792600,0.000000
557,5.570068,6257.909122237,6257.909122237,2713,3798200,0.000000
558,5.580052,6257.919105731,6257.919105731,2718,3805200,0.000000
559,5.590060,6257.929113990,6257.929113990,2723,3812200,0.000000
560,5.600052,6257.939105991,6257.939105991,2728,3819200,0.000000
561,5.610061,6257.949114943,6257.949114943,2733,3826200,0.000000
562,5.620068,6257.959122303,6257.959122303,2738,3833200,0.000000
563,5.630059,6257.969112476,6257.969112476,2743,3840200,0.000000
564,5.640085,6257.979138626,6257.979138626,2748,3847200,0.000000
565,5.650066,6257.989120297,6257.989120297,2752,3852800,0.000000
566,5.660066,6257.999120440,6257.999120440,2757,3859800,0.000000
567,5.670036,6258.009089824,6258.009089824,2762,3866800,0.000000
568,5.680060,6258.019114153,6258.019114153,2767,3873800,0.000000
569,5.690062,6258.029115904,6258.029115904,2772,3880800,0.000000
570,5.700066,6258.039120057,6258.039120057,2777,3887800,0.000000
571,5.710074,6258.049127789,6258.049127789,2782,3894800,0.000000
572,5.720087,6258.059141355,6258.059141355,2787,3901800,0.000000
573,5.730070,6258.069124414,6258.069124414,2791,3907400,0.000000
574,5.740073,6258.079126865,6258.079126865,2796,3914400,0.000000
575,5.750057,6258.089111409,6258.089111409,2801,3921400,0.000000
576,5.760066,6258.099120078,6258.099120078,2806,3928400,0.000000
577,5.770066,6258.109119654,6258.109119654,2811,3935400,0.000000
578,5.780008,6258.119061844,6258.119061844,2816,3942400,0.000000
579,5.790037,6258.129090972,6258.129090972,2821,3949400,0.000000
580,5.800066,6258.139120436,6258.139120436,2825,3955000,0.000000
581,5.810065,6258.149119233,6258.149119233,2830,3962000,0.000000
582,5.820071,6258.159124634,6258.159124634,2835,3969000,0.000000
583,5.830067,6258.169121001,6258.169121001,2840,3976000,0.000000
584,5.840068,6258.179121826,6258.179121826,2845,3983000,0.000000
585,5.850064,6258.189118346,6258.189118346,2850,3990000,0.000000
586,5.860059,6258.199112724,6258.199112724,2855,3997000,0.000000
587,5.870063,6258.209117152,6258.209117152,2860,4004000,0.000000
588,5.880068,6258.219122076,6258.219122076,2864,4009600,0.000000
589,5.890068,6258.229121712,6258.229121712,2869,4016600,0.000000
590,5.900057,6258.239110849,6258.239110849,2874,4023600,0.000000
591,5.910069,6258.249122719,6258.249122719,2879,4030600,0.000000
592,5.920066,6258.259120180,6258.259120180,2884,4037600,0.000000
593,5.930075,6258.269128959,6258.269128959,2889,4044600,0.000000
594,5.940064,6258.279118165,6258.279118165,2894,4051600,0.000000
595,5.950063,6258.289116840,6258.289116840,2899,4058600,0.000000
596,5.960063,6258.299117271,6258.299117271,2903,4064200,0.000000
597,5.970070,6258.309123711,6258.309123711,2908,4071200,0.000000
598,5.980066,6258.319119897,6258.319119897,2913,4078200,0.000000
599,5.990064,6258.329117991,6258.329117991,2918,4085200,0.000000
600,6.000075,6258.339129148,6258.339129148,2923,4092200,0.000000
601,6.010068,6258.349121572,6258.349121572,2928,4099200,0.000000
602,6.020061,6258.359115453,6258.359115453,2933,4106200,0.000000
603,6.030056,6258.369110041,6258.369110041,2938,4113200,0.000000
604,6.040073,6258.379127336,6258.379127336,2942,4118800,0.000000
605,6.050065,6258.389118715,6258.389118715,2947,4125800,0.000000
606,6.060055,6258.399108814,6258.399108814,2952,4132800,0.000000
607,6.070067,6258.409121365,6258.409121365,2957,4139800,0.000000
608,6.080064,6258.419118043,6258.419118043,2962,4146800,0.000000
609,6.090067,6258.429121217,6258.429121217,2967,4153800,0.000000
610,6.100070,6258.439123944,6258.439123944,2972,4160800,0.000000
611,6.110078,6258.449131642,6258.449131642,2977,4167800,0.000000
612,6.120064,6258.459118013,6258.459118013,2981,4173400,0.000000
613,6.130069,6258.469123283,6258.469123283,2986,4180400,0.000000
614,6.140071,6258.479125413,6258.479125413,2991,4187400,0.000000
615,6.150067,6258.489120726,6258.489120726,2996,4194400,0.000000
616,6.160064,6258.499118304,6258.499118304,3001,4201400,0.000000
617,6.170064,6258.509117812,6258.509117812,3006,4208400,0.000000
618,6.180065,6258.519119298,6258.519119298,3011,4215400,0.000000
619,6.190069,6258.529123028,6258.529123028,3015,4221000,0.002052
620,6.200068,6258.539121557,6258.539121557,3020,4228000,0.000000
621,6.210068,6258.549121903,6258.549121903,3025,4235000,0.000000
622,6.220085,6258.559138614,6258.559138614,3030,4242000,0.000000
623,6.230065,6258.569118517,6258.569118517,3035,4249000,0.000000
624,6.240066,6258.579120084,6258.579120084,3040,4256000,0.000000
625,6.250066,6258.589119727,6258.589119727,3045,4263000,0.000000
626,6.260055,6258.599108712,6258.599108712,3050,4270000,0.000000
627,6.270064,6258.609117570,6258.609117570,3054,4275600,0.000000
628,6.280068,6258.619121772,6258.619121772,3059,4282600,0.000000
629,6.290067,6258.629120528,6258.629120528,3064,4289600,0.000000
630,6.300066,6258.639120147,6258.639120147,3069,4296600,0.000000
631,6.310066,6258.649120098,6258.649120098,3074,4303600,0.000000
632,6.320066,6258.659119998,6258.659119998,3079,4310600,0.000000
633,6.330064,6258.669118287,6258.669118287,3084,4317600,0.000000
634,6.340059,6258.679112830,6258.679112830,3089,4324600,0.000000
635,6.350067,6258.689121069,6258.689121069,3093,4330200,0.000000
636,6.360068,6258.699121872,6258.699121872,3098,4337200,0.000000
637,6.370068,6258.709121472,6258.709121472,3103,4344200,0.000000
638,6.380059,6258.719113269,6258.719113269,3108,4351200,0.000000
639,6.390066,6258.729119970,6258.729119970,3113,4358200,0.000000
640,6.400065,6258.739118584,6258.739118584,3118,4365200,0.000000
641,6.410068,6258.749122269,6258.749122269,3123,4372200,0.000000
642,6.420023,6258.759077405,6258.759077405,3128,4379200,0.000000
643,6.430070,6258.769124301,6258.769124301,3132,4384800,0.000000
644,6.440071,6258.779125171,6258.779125171,3137,4391800,0.000000
645,6.450070,6258.789124011,6258.789124011,3142,4398800,0.000000
646,6.460069,6258.799122947,6258.799122947,3147,4405800,0.000000
647,6.470069,6258.809123323,6258.809123323,3152,4412800,0.000000
648,6.480070,6258.819124204,6258.819124204,3157,4419800,0.000000
649,6.490060,6258.829114331,6258.829114331,3162,4426800,0.000000
650,6.500062,6258.839115800,6258.839115800,3167,4433800,0.000000
651,6.510070,6258.849123573,6258.849123573,3171,4439400,0.000000
652,6.520068,6258.859121800,6258.859121800,3176,4446400,0.000000
653,6.530062,6258.869116160,6258.869116160,3181,4453400,0.000000
654,6.540065,6258.879118585,6258.879118585,3186,4460400,0.000000
655,6.550065,6258.889118802,6258.889118802,3191,4467400,0.000000
656,6.560067,6258.899120465,6258.899120465,3196,4474400,0.000000
657,6.570068,6258.909121882,6258.909121882,3201,4481400,0.000000
658,6.580091,6258.919145431,6258.919145431,3206,4488400,0.000000
659,6.590067,6258.929121326,6258.929121326,3210,4494000,0.000000
660,6.600066,6258.939120223,6258.939120223,3215,4501000,0.000000
661,6.610060,6258.949113927,6258.949113927,3220,4508000,0.000000
662,6.620064,6258.959118335,6258.959118335,3225,4515000,0.000000
663,6.630069,6258.969122823,6258.969122823,3230,4522000,0.000000
664,6.640067,6258.979120765,6258.979120765,3235,4529000,0.000000
665,6.650030,6258.989083985,6258.989083985,3240,4536000,0.000000
666,6.660070,6258.999123557,6258.999123557,3244,4541600,0.000000
667,6.670067,6259.009121165,6259.009121165,3249,4548600,0.000000
668,6.680060,6259.019114111,6259.019114111,3254,4555600,0.000000
669,6.690066,6259.029120029,6259.029120029,3259,4562600,0.000000
670,6.700063,6259.039117312,6259.039117312,3264,4569600,0.000000
671,6.710063,6259.049117046,6259.049117046,3269,4576600,0.000000
672,6.720060,6259.059113725,6259.059113725,3274,4583600,0.000000
673,6.730043,6259.069096936,6259.069096936,3279,4590600,0.000000
674,6.740068,6259.079121537,6259.079121537,3283,4596200,0.000000
675,6.750073,6259.089127284,6259.089127284,3288,4603200,0.000000
676,6.760072,6259.099126427,6259.099126427,3293,4610200,0.000000
677,6.770073,6259.109127049,6259.109127049,3298,4617200,0.000000
678,6.780077,6259.119131117,6259.119131117,3303,4624200,0.000000
679,6.790066,6259.129120420,6259.129120420,3308,4631200,0.000000
680,6.800063,6259.139116815,6259.139116815,3313,4638200,0.000000
681,6.810045,6259.149098772,6259.149098772,3318,4645200,0.000000
682,6.820060,6259.159113820,6259.159113820,3322,4650800,0.000000
683,6.830065,6259.169118750,6259.169118750,3327,4657800,0.000000
684,6.840071,6259.179124794,6259.179124794,3332,4664800,0.000000
685,6.850070,6259.189124213,6259.189124213,3337,4671800,0.000000
686,6.860070,6259.199123573,6259.199123573,3342,4678800,0.000000
687,6.870074,6259.209128107,6259.209128107,3347,4685800,0.000000
688,6.880030,6259.219083913,6259.219083913,3352,4692800,0.000000
689,6.890064,6259.229117897,6259.229117897,3357,4699800,0.000000
690,6.900070,6259.239123603,6259.239123603,3361,4705400,0.000000
691,6.910063,6259.249116497,6259.249116497,3366,4712400,0.000000
692,6.920067,6259.259120842,6259.259120842,3371,4719400,0.000000
693,6.930062,6259.269116067,6259.269116067,3376,4726400,0.000000
694,6.940074,6259.279127515,6259.279127515,3381,4733400,0.000000
695,6.950065,6259.289119236,6259.289119236,3386,4740400,0.000000
696,6.960059,6259.299113048,6259.299113048,3391,4747400,0.000000
697,6.970058,6259.309112166,6259.309112166,3396,4754400,0.000000
698,6.980065,6259.319119243,6259.319119243,3400,4760000,0.000000
699,6.990068,6259.329121658,6259.329121658,3405,4767000,0.000000
700,7.000073,6259.339127159,6259.339127159,3410,4774000,0.000000
701,7.010066,6259.349119901,6259.349119901,3415,4781000,0.000000
702,7.020068,6259.359122063,6259.359122063,3420,4788000,0.000000
703,7.030047,6259.369100851,6259.369100851,3425,4795000,0.000000
704,7.040062,6259.379116122,6259.379116122,3430,4802000,0.000000
705,7.050084,6259.389138122,6259.389138122,3435,4809000,0.000000
706,7.060065,6259.399118555,6259.399118555,3439,4814600,0.000000
707,7.070071,6259.409125384,6259.409125384,3444,4821600,0.000000
708,7.080066,6259.419120465,6259.419120465,3449,4828600,0.000000
709,7.090065,6259.429118564,6259.429118564,3454,4835600,0.000000
710,7.100065,6259.439119441,6259.439119441,3459,4842600,0.000000
711,7.110063,6259.449116568,6259.449116568,3464,4849600,0.000000
712,7.120074,6259.459127910,6259.459127910,3469,4856600,0.000000
713,7.130068,6259.469122081,6259.469122081,3473,4862200,0.000000
714,7.140065,6259.479119031,6259.479119031,3478,4869200,0.000000
715,7.150066,6259.489119514,6259.489119514,3483,4876200,0.000000
716,7.160062,6259.499116444,6259.499116444,3488,4883200,0.000000
717,7.170062,6259.509116227,6259.509116227,3493,4890200,0.000000
718,7.180064,6259.519118023,6259.519118023,3498,4897200,0.000000
719,7.190068,6259.529121586,6259.529121586,3503,4904200,0.000000
720,7.200066,6259.539120408,6259.539120408,3508,4911200,0.000000
721,7.210071,6259.549125068,6259.549125068,3512,4916800,0.000000
722,7.220074,6259.559127952,6259.559127952,3517,4923800,0.000000
723,7.230068,6259.569121707,6259.569121707,3522,4930800,0.000000
724,7.240072,6259.579125849,6259.579125849,3527,4937800,0.000000
725,7.250065,6259.589118911,6259.589118911,3532,4944800,0.000000
726,7.260071,6259.599125299,6259.599125299,3537,4951800,0.000000
727,7.270061,6259.609115091,6259.609115091,3542,4958800,0.000000
728,7.280067,6259.619121147,6259.619121147,3547,4965800,0.000000
729,7.290070,6259.629124337,6259.629124337,3551,4971400,0.000000
730,7.300068,6259.639121471,6259.639121471,3556,4978400,0.000000
731,7.310070,6259.649123835,6259.649123835,3561,4985400,0.000000
732,7.320071,6259.659124761,6259.659124761,3566,4992400,0.000000
733,7.330066,6259.669119524,6259.669119524,3571,4999400,0.000000
734,7.340068,6259.679121888,6259.679121888,3576,5006400,0.000000
735,7.350065,6259.689119439,6259.689119439,3581,5013400,0.000000
736,7.360065,6259.699118979,6259.699118979,3586,5020400,0.000000
737,7.370070,6259.709123955,6259.709123955,3590,5026000,0.000000
738,7.380071,6259.719124749,6259.719124749,3595,5033000,0.000000
739,7.390065,6259.729119242,6259.729119242,3600,5040000,0.000000
740,7.400064,6259.739118350,6259.739118350,3605,5047000,0.000000
741,7.410060,6259.749113842,6259.749113842,3610,5054000,0.000000
742,7.420062,6259.759116310,6259.759116310,3615,5061000,0.000000
743,7.430060,6259.769113738,6259.769113738,3620,5068000,0.000000
744,7.440060,6259.779113712,6259.779113712,3625,5075000,0.000000
745,7.450065,6259.789118719,6259.789118719,3629,5080600,0.000000
746,7.460065,6259.799118533,6259.799118533,3634,5087600,0.000000
747,7.470020,6259.809074262,6259.809074262,3639,5094600,0.000000
748,7.480064,6259.819117559,6259.819117559,3644,5101600,0.000000
749,7.490065,6259.829118574,6259.829118574,3649,5108600,0.000000
750,7.500080,6259.839134429,6259.839134429,3654,5115600,0.000000
751,7.510063,6259.849117135,6259.849117135,3659,5122600,0.000000
752,7.520073,6259.859127392,6259.859127392,3664,5129600,0.000000
753,7.530065,6259.869118612,6259.869118612,3668,5135200,0.000000
754,7.540067,6259.879120802,6259.879120802,3673,5142200,0.000000
755,7.550028,6259.889081609,6259.889081609,3678,5149200,0.000000
756,7.560059,6259.899113054,6259.899113054,3683,5156200,0.000000
757,7.570052,6259.909105716,6259.909105716,3688,5163200,0.000000
758,7.580064,6259.919117597,6259.919117597,3693,5170200,0.000000
759,7.590058,6259.929112197,6259.929112197,3698,5177200,0.000000
760,7.600069,6259.939122831,6259.939122831,3702,5182800,0.000000
761,7.610061,6259.949114610,6259.949114610,3707,5189800,0.000000
762,7.620059,6259.959112809,6259.959112809,3712,5196800,0.000000
763,7.630074,6259.969127813,6259.969127813,3717,5203800,0.000000
764,7.640079,6259.979133175,6259.979133175,3722,5210800,0.000000
765,7.650068,6259.989121629,6259.989121629,3727,5217800,0.000000
766,7.660063,6259.999117158,6259.999117158,3732,5224800,0.000000
767,7.670059,6260.009112665,6260.009112665,3737,5231800,0.000000
768,7.680066,6260.019119894,6260.019119894,3741,5237400,0.000000
769,7.690065,6260.029118543,6260.029118543,3746,5244400,0.000000
770,7.700061,6260.039114630,6260.039114630,3751,5251400,0.000000
771,7.710059,6260.049113126,6260.049113126,3756,5258400,0.000000
772,7.720060,6260.059113532,6260.059113532,3761,5265400,0.000000
773,7.730064,6260.069118076,6260.069118076,3766,5272400,0.000000
774,7.740059,6260.079113394,6260.079113394,3771,5279400,0.000000
775,7.750058,6260.089111811,6260.089111811,3776,5286400,0.000000
776,7.760060,6260.099114195,6260.099114195,3780,5292000,0.000000
777,7.770066,6260.109119516,6260.109119516,3785,5299000,0.000000
778,7.780061,6260.119114984,6260.119114984,3790,5306000,0.000000
779,7.790063,6260.129117426,6260.129117426,3795,5313000,0.000000
780,7.800062,6260.139116437,6260.139116437,3800,5320000,0.000000
781,7.810060,6260.149114265,6260.149114265,3805,5327000,0.000000
782,7.820048,6260.159102318,6260.159102318,3810,5334000,0.000000
783,7.830071,6260.169125016,6260.169125016,3815,5341000,0.000000
784,7.840066,6260.179119546,6260.179119546,3819,5346600,0.000000
785,7.850061,6260.189114643,6260.189114643,3824,5353600,0.000000
786,7.860064,6260.199118194,6260.199118194,3829,5360600,0.000000
787,7.870064,6260.209117527,6260.209117527,3834,5367600,0.000000
788,7.880067,6260.219120947,6260.219120947,3839,5374600,0.000000
789,7.890064,6260.229117511,6260.229117511,3844,5381600,0.000000
790,7.900063,6260.239117454,6260.239117454,3849,5388600,0.000000
791,7.910059,6260.249113360,6260.249113360,3854,5395600,0.000000
792,7.920052,6260.259106379,6260.259106379,3858,5401200,0.000000
793,7.930065,6260.269119150,6260.269119150,3863,5408200,0.000000
794,7.940066,6260.279120000,6260.279120000,3868,5415200,0.000000
795,7.950061,6260.289114978,6260.289114978,3873,5422200,0.000000
796,7.960059,6260.299113232,6260.299113232,3878,5429200,0.000000
797,7.970065,6260.309119394,6260.309119394,3883,5436200,0.000000
798,7.980062,6260.319116172,6260.319116172,3888,5443200,0.000000
799,7.990077,6260.329130568,6260.329130568,3893,5450200,0.000000
800,8.000070,6260.339123876,6260.339123876,3897,5455800,0.000000
801,8.010070,6260.349123981,6260.349123981,3902,5462800,0.000000
802,8.020066,6260.359119586,6260.359119586,3907,5469800,0.000000
803,8.030066,6260.369120079,6260.369120079,3912,5476800,0.000000
804,8.040069,6260.379123090,6260.379123090,3917,5483800,0.000000
805,8.050069,6260.389123106,6260.389123106,3922,5490800,0.000000
806,8.060061,6260.399114859,6260.399114859,3927,5497800,0.000000
807,8.070064,6260.409118136,6260.409118136,3931,5503400,0.000000
808,8.080067,6260.419120839,6260.419120839,3936,5510400,0.000000
809,8.090062,6260.429116156,6260.429116156,3941,5517400,0.000000
810,8.100063,6260.439116580,6260.439116580,3946,5524400,0.000000
811,8.110061,6260.449115401,6260.449115401,3951,5531400,0.000000
812,8.120064,6260.459117533,6260.459117533,3956,5538400,0.000000
813,8.130060,6260.469113962,6260.469113962,3961,5545400,0.000000
814,8.140055,6260.479109388,6260.479109388,3966,5552400,0.000000
815,8.150067,6260.489121068,6260.489121068,3970,5558000,0.000000
816,8.160065,6260.499119079,6260.499119079,3975,5565000,0.000000
817,8.170068,6260.509122156,6260.509122156,3980,5572000,0.000000
818,8.180063,6260.519116487,6260.519116487,3985,5579000,0.000000
819,8.190064,6260.529118071,6260.529118071,3990,5586000,0.000000
820,8.200063,6260.539116772,6260.539116772,3995,5593000,0.000000
821,8.210063,6260.549116537,6260.549116537,4000,5600000,0.000000
822,8.220061,6260.559115384,6260.559115384,4005,5607000,0.000000
823,8.230066,6260.569119792,6260.569119792,4009,5612600,0.000000
824,8.240031,6260.579084507,6260.579084507,4014,5619600,0.000000
825,8.250068,6260.589121888,6260.589121888,4019,5626600,0.000000
826,8.260065,6260.599119352,6260.599119352,4024,5633600,0.000000
827,8.270064,6260.609117834,6260.609117834,4029,5640600,0.000000
828,8.280059,6260.619112530,6260.619112530,4034,5647600,0.000000
829,8.290023,6260.629077356,6260.629077356,4039,5654600,0.000000
830,8.300018,6260.639072027,6260.639072027,4044,5661600,0.000000
831,8.310073,6260.649126809,6260.649126809,4048,5667200,0.000000
832,8.320066,6260.659120090,6260.659120090,4053,5674200,0.000000
833,8.330069,6260.669122652,6260.669122652,4058,5681200,0.000000
834,8.340066,6260.679119523,6260.679119523,4063,5688200,0.000000
835,8.350066,6260.689119524,6260.689119524,4068,5695200,0.000000
836,8.360076,6260.699129930,6260.699129930,4073,5702200,0.000000
837,8.370065,6260.709119071,6260.709119071,4078,5709200,0.000000
838,8.380061,6260.719114706,6260.719114706,4083,5716200,0.000000
839,8.390065,6260.729118495,6260.729118495,4087,5721800,0.000000
840,8.400064,6260.739117868,6260.739117868,4092,5728800,0.000000
841,8.410068,6260.749121957,6260.749121957,4097,5735800,0.000000
842,8.420064,6260.759117954,6260.759117954,4102,5742800,0.000000
843,8.430060,6260.769114010,6260.769114010,4107,5749800,0.000000
844,8.440064,6260.779118444,6260.779118444,4112,5756800,0.000000
845,8.450064,6260.789118212,6260.789118212,4117,5763800,0.000000
846,8.460087,6260.799140821,6260.799140821,4122,5770800,0.000000
847,8.470065,6260.809118688,6260.809118688,4126,5776400,0.000000
848,8.480070,6260.819123906,6260.819123906,4131,5783400,0.000000
849,8.490060,6260.829114211,6260.829114211,4136,5790400,0.000000
850,8.500060,6260.839113921,6260.839113921,4141,5797400,0.000000
851,8.510061,6260.849114489,6260.849114489,4146,5804400,0.000000
852,8.520064,6260.859117582,6260.859117582,4151,5811400,0.000000
853,8.530064,6260.869117638,6260.869117638,4156,5818400,0.000000
854,8.540061,6260.879115410,6260.879115410,4160,5824000,0.000000
855,8.550062,6260.889116343,6260.889116343,4165,5831000,0.000000
856,8.560079,6260.899133292,6260.899133292,4170,5838000,0.000000
857,8.570066,6260.909119627,6260.909119627,4175,5845000,0.000000
858,8.580066,6260.919119802,6260.919119802,4180,5852000,0.000000
859,8.590068,6260.929122463,6260.929122463,4185,5859000,0.000000
860,8.600064,6260.939117892,6260.939117892,4190,5866000,0.000000
861,8.610052,6260.949106111,6260.949106111,4195,5873000,0.000000
862,8.620070,6260.959123769,6260.959123769,4199,5878600,0.000000
863,8.630069,6260.969122517,6260.969122517,4204,5885600,0.000000
864,8.640066,6260.979120154,6260.979120154,4209,5892600,0.000000
865,8.650066,6260.989119706,6260.989119706,4214,5899600,0.000000
866,8.660067,6260.999120814,6260.999120814,4219,5906600,0.000000
867,8.670066,6261.009120091,6261.009120091,4224,5913600,0.000000
868,8.680063,6261.019117414,6261.019117414,4229,5920600,0.000000
869,8.690061,6261.029115220,6261.029115220,4234,5927600,0.000000
870,8.700074,6261.039128146,6261.039128146,4238,5933200,0.000000
871,8.710068,6261.049122338,6261.049122338,4243,5940200,0.000000
872,8.720061,6261.059114755,6261.059114755,4248,5947200,0.000000
873,8.730067,6261.069121267,6261.069121267,4253,5954200,0.000000
874,8.740069,6261.079122718,6261.079122718,4258,5961200,0.000000
875,8.750062,6261.089116275,6261.089116275,4263,5968200,0.000000
876,8.760060,6261.099113919,6261.099113919,4268,5975200,0.000000
877,8.770062,6261.109115943,6261.109115943,4273,5982200,0.000000
878,8.780069,6261.119122553,6261.119122553,4277,5987800,0.000000
879,8.790068,6261.129122026,6261.129122026,4282,5994800,0.000000
880,8.800061,6261.139114592,6261.139114592,4287,6001800,0.000000
881,8.810070,6261.149123540,6261.149123540,4292,6008800,0.000000
882,8.820060,6261.159113849,6261.159113849,4297,6015800,0.000000
883,8.830059,6261.169112633,6261.169112633,4302,6022800,0.000000
884,8.840046,6261.179099666,6261.179099666,4307,6029800,0.000000
885,8.850074,6261.189128127,6261.189128127,4312,6036800,0.000000
886,8.860070,6261.199123667,6261.199123667,4316,6042400,0.000000
887,8.870070,6261.209124422,6261.209124422,4321,6049400,0.000000
888,8.880063,6261.219116947,6261.219116947,4326,6056400,0.000000
889,8.890068,6261.229121646,6261.229121646,4331,6063400,0.000000
890,8.900069,6261.239122786,6261.239122786,4336,6070400,0.000000
891,8.910061,6261.249115435,6261.249115435,4341,6077400,0.000000
892,8.920066,6261.259119836,6261.259119836,4346,6084400,0.000000
893,8.930082,6261.269136270,6261.269136270,4351,6091400,0.000000
894,8.940074,6261.279128412,6261.279128412,4355,6097000,0.000000
895,8.950068,6261.289121626,6261.289121626,4360,6104000,0.000000
896,8.960069,6261.299123147,6261.299123147,4365,6111000,0.000000
897,8.970059,6261.309112492,6261.309112492,4370,6118000,0.000000
898,8.980064,6261.319118389,6261.319118389,4375,6125000,0.000000
899,8.990063,6261.329116647,6261.329116647,4380,6132000,0.000000
900,9.000059,6261.339112645,6261.339112645,4385,6139000,0.000000
901,9.010067,6261.349121453,6261.349121453,4389,6144600,0.000000
902,9.020064,6261.359117904,6261.359117904,4394,6151600,0.000000
903,9.030066,6261.369120390,6261.369120390,4399,6158600,0.000000
904,9.040063,6261.379116872,6261.379116872,4404,6165600,0.000000
905,9.050068,6261.389121510,6261.389121510,4409,6172600,0.000000
906,9.060066,6261.399120213,6261.399120213,4414,6179600,0.000000
907,9.070066,6261.409120162,6261.409120162,4419,6186600,0.000000
908,9.080057,6261.419111334,6261.419111334,4424,6193600,0.000000
909,9.090082,6261.429136288,6261.429136288,4428,6199200,0.000000
910,9.100067,6261.439121458,6261.439121458,4433,6206200,0.000000
911,9.110073,6261.449126796,6261.449126796,4438,6213200,0.000000
912,9.120078,6261.459131553,6261.459131553,4443,6220200,0.000000
913,9.130063,6261.469116993,6261.469116993,4448,6227200,0.000000
914,9.140073,6261.479126605,6261.479126605,4453,6234200,0.000000
915,9.150069,6261.489122869,6261.489122869,4458,6241200,0.000000
916,9.160064,6261.499117598,6261.499117598,4463,6248200,0.000000
917,9.170067,6261.509120684,6261.509120684,4467,6253800,0.000000
918,9.180069,6261.519123242,6261.519123242,4472,6260800,0.000000
919,9.190069,6261.529123271,6261.529123271,4477,6267800,0.000000
920,9.200027,6261.539080886,6261.539080886,4482,6274800,0.000000
921,9.210066,6261.549120251,6261.549120251,4487,6281800,0.000000
922,9.220066,6261.559119616,6261.559119616,4492,6288800,0.000000
923,9.230070,6261.569123887,6261.569123887,4497,6295800,0.000000
924,9.240035,6261.579088808,6261.579088808,4502,6302800,0.000000
925,9.250066,6261.589120279,6261.589120279,4506,6308400,0.000000
926,9.260066,6261.599120238,6261.599120238,4511,6315400,0.000000
927,9.270066,6261.609120339,6261.609120339,4516,6322400,0.000000
928,9.280096,6261.619149744,6261.619149744,4521,6329400,0.000000
929,9.290068,6261.629122087,6261.629122087,4526,6336400,0.000000
930,9.300062,6261.639115746,6261.639115746,4531,6343400,0.000000
931,9.310067,6261.649120729,6261.649120729,4536,6350400,0.000000
932,9.320073,6261.659126477,6261.659126477,4541,6357400,0.000000
933,9.330070,6261.669124403,6261.669124403,4545,6363000,0.000000
934,9.340071,6261.679124655,6261.679124655,4550,6370000,0.000000
935,9.350068,6261.689122451,6261.689122451,4555,6377000,0.000000
936,9.360064,6261.699118104,6261.699118104,4560,6384000,0.000000
937,9.370066,6261.709119548,6261.709119548,4565,6391000,0.000000
938,9.380065,6261.719119152,6261.719119152,4570,6398000,0.000000
939,9.390065,6261.729119257,6261.729119257,4575,6405000,0.000000
940,9.400078,6261.739131482,6261.739131482,4580,6412000,0.000000
941,9.410076,6261.749130278,6261.749130278,4584,6417600,0.000000
942,9.420069,6261.759122914,6261.759122914,4589,6424600,0.000000
943,9.430073,6261.769127419,6261.769127419,4594,6431600,0.000000
944,9.440071,6261.779124961,6261.779124961,4599,6438600,0.000000
945,9.450070,6261.789123948,6261.789123948,4604,6445600,0.000000
946,9.460064,6261.799117778,6261.799117778,4609,6452600,0.000000
947,9.470063,6261.809117177,6261.809117177,4614,6459600,0.000000
948,9.480072,6261.819125854,6261.819125854,4618,6465200,0.000000
949,9.490070,6261.829124329,6261.829124329,4623,6472200,0.000000
950,9.500063,6261.839117199,6261.839117199,4628,6479200,0.000000
951,9.510052,6261.849105732,6261.849105732,4633,6486200,0.000000
952,9.520062,6261.859115494,6261.859115494,4638,6493200,0.000000
953,9.530064,6261.869117808,6261.869117808,4643,6500200,0.000000
954,9.540065,6261.879118788,6261.879118788,4648,6507200,0.000000
955,9.550056,6261.889109961,6261.889109961,4653,6514200,0.000000
956,9.560073,6261.899127079,6261.899127079,4657,6519800,0.000000
957,9.570070,6261.909123593,6261.909123593,4662,6526800,0.000000
958,9.580068,6261.919122344,6261.919122344,4667,6533800,0.000000
959,9.590063,6261.929117266,6261.929117266,4672,6540800,0.000000
960,9.600066,6261.939120149,6261.939120149,4677,6547800,0.000000
961,9.610065,6261.949118981,6261.949118981,4682,6554800,0.000000
962,9.620060,6261.959113917,6261.959113917,4687,6561800,0.000000
963,9.630064,6261.969117835,6261.969117835,4692,6568800,0.000000
964,9.640070,6261.979123541,6261.979123541,4696,6574400,0.000000
965,9.650066,6261.989119858,6261.989119858,4701,6581400,0.000000
966,9.660066,6261.999120381,6261.999120381,4706,6588400,0.000000
967,9.670055,6262.009108805,6262.009108805,4711,6595400,0.000000
968,9.680065,6262.019119241,6262.019119241,4716,6602400,0.000000
969,9.690067,6262.029121118,6262.029121118,4721,6609400,0.000000
970,9.700064,6262.039118296,6262.039118296,4726,6616400,0.000000
971,9.710059,6262.049112779,6262.049112779,4731,6623400,0.000000
972,9.720068,6262.059122157,6262.059122157,4735,6629000,0.000000
973,9.730066,6262.069119844,6262.069119844,4740,6636000,0.000000
974,9.740066,6262.079120411,6262.079120411,4745,6643000,0.000000
975,9.750064,6262.089118232,6262.089118232,4750,6650000,0.000000
976,9.760061,6262.099114605,6262.099114605,4755,6657000,0.000000
977,9.770065,6262.109118621,6262.109118621,4760,6664000,0.000000
978,9.780059,6262.119113460,6262.119113460,4765,6671000,0.000000
979,9.790070,6262.129123827,6262.129123827,4770,6678000,0.000000
980,9.800068,6262.139122136,6262.139122136,4774,6683600,0.000000
981,9.810075,6262.149128827,6262.149128827,4779,6690600,0.000000
982,9.820062,6262.159115685,6262.159115685,4784,6697600,0.000000
983,9.830068,6262.169122188,6262.169122188,4789,6704600,0.000000
984,9.840068,6262.179122019,6262.179122019,4794,6711600,0.000000
985,9.850064,6262.189118348,6262.189118348,4799,6718600,0.000000
986,9.860064,6262.199117927,6262.199117927,4804,6725600,0.000000
987,9.870081,6262.209135219,6262.209135219,4809,6732600,0.000000
988,9.880067,6262.219120694,6262.219120694,4813,6738200,0.000000
989,9.890065,6262.229119198,6262.229119198,4818,6745200,0.000000
990,9.900069,6262.239123262,6262.239123262,4823,6752200,0.000000
991,9.910064,6262.249117881,6262.249117881,4828,6759200,0.000000
992,9.920066,6262.259119777,6262.259119777,4833,6766200,0.000000
993,9.930071,6262.269124854,6262.269124854,4838,6773200,0.000000
994,9.940067,6262.279121216,6262.279121216,4843,6780200,0.000000
995,9.950064,6262.289118211,6262.289118211,4847,6785800,0.000000
996,9.960067,6262.299120618,6262.299120618,4852,6792800,0.000000
997,9.970065,6262.309119136,6262.309119136,4857,6799800,0.000000
998,9.980065,6262.319119412,6262.319119412,4862,6806800,0.000000
999,9.990062,6262.329115871,6262.329115871,4867,6813800,0.000000
1000,10.000066,6262.339120215,6262.339120215,4872,6820800,0.000000
1001,10.010060,6262.349113576,6262.349113576,4877,6827800,0.000000
1002,10.020059,6262.359112631,6262.359112631,4882,6834800,0.000000
1003,10.030067,6262.369120629,6262.369120629,4886,6840400,0.000000
1004,10.040065,6262.379118842,6262.379118842,4891,6847400,0.000000
1005,10.050068,6262.389122185,6262.389122185,4896,6854400,0.000000
1006,10.060066,6262.399119784,6262.399119784,4901,6861400,0.000000
1007,10.070066,6262.409119787,6262.409119787,4906,6868400,0.000000
1008,10.080069,6262.419122642,6262.419122642,4911,6875400,0.000000
1009,10.090061,6262.429114905,6262.429114905,4916,6882400,0.000000
1010,10.100064,6262.439117517,6262.439117517,4921,6889400,0.000000
1011,10.110069,6262.449122578,6262.449122578,4925,6895000,0.000000
1012,10.120067,6262.459121247,6262.459121247,4930,6902000,0.000000
1013,10.130067,6262.469121233,6262.469121233,4935,6909000,0.000000
1014,10.140066,6262.479120373,6262.479120373,4940,6916000,0.000000
1015,10.150067,6262.489121425,6262.489121425,4945,6923000,0.000000
1016,10.160066,6262.499120438,6262.499120438,4950,6930000,0.000000
1017,10.170059,6262.509113271,6262.509113271,4955,6937000,0.000000
1018,10.180064,6262.519117505,6262.519117505,4960,6944000,0.000000
1019,10.190067,6262.529120759,6262.529120759,4964,6949600,0.000000
1020,10.200068,6262.539121953,6262.539121953,4969,6956600,0.000000
1021,10.210061,6262.549114852,6262.549114852,4974,6963600,0.000000
1022,10.220065,6262.559119290,6262.559119290,4979,6970600,0.000000
1023,10.230066,6262.569119611,6262.569119611,4984,6977600,0.000000
1024,10.240068,6262.579121680,6262.579121680,4989,6984600,0.000000
1025,10.250066,6262.589119833,6262.589119833,4994,6991600,0.000000
1026,10.260080,6262.599133642,6262.599133642,4999,6998600,0.000000
1027,10.270066,6262.609120130,6262.609120130,5003,7004200,0.000000
1028,10.280069,6262.619123112,6262.619123112,5008,7011200,0.000000
1029,10.290067,6262.629121186,6262.629121186,5013,7018200,0.000000
1030,10.300069,6262.639122687,6262.639122687,5018,7025200,0.000000
1031,10.310067,6262.649121415,6262.649121415,5023,7032200,0.000000
1032,10.320062,6262.659115501,6262.659115501,5028,7039200,0.000000
1033,10.330069,6262.669123203,6262.669123203,5033,7046200,0.000000
1034,10.340075,6262.679129193,6262.679129193,5038,7053200,0.000000
1035,10.350063,6262.689117142,6262.689117142,5042,7058800,0.000000
1036,10.360067,6262.699121461,6262.699121461,5047,7065800,0.000000
1037,10.370075,6262.709129415,6262.709129415,5052,7072800,0.000000
1038,10.380065,6262.719119120,6262.719119120,5057,7079800,0.000000
1039,10.390069,6262.729122474,6262.729122474,5062,7086800,0.000000
1040,10.400052,6262.739106220,6262.739106220,5067,7093800,0.000000
1041,10.410038,6262.749092383,6262.749092383,5072,7100800,0.000000
1042,10.420065,6262.759118839,6262.759118839,5076,7106400,0.000000
1043,10.430066,6262.769119948,6262.769119948,5081,7113400,0.000000
1044,10.440062,6262.779116238,6262.779116238,5086,7120400,0.000000
1045,10.450066,6262.789120109,6262.789120109,5091,7127400,0.000000
1046,10.460067,6262.799121205,6262.799121205,5096,7134400,0.000000
1047,10.470065,6262.809119204,6262.809119204,5101,7141400,0.000000
1048,10.480064,6262.819117910,6262.819117910,5106,7148400,0.000000
1049,10.490058,6262.829112195,6262.829112195,5111,7155400,0.000000
1050,10.500072,6262.839126279,6262.839126279,5115,7161000,0.000000
1051,10.510065,6262.849118729,6262.849118729,5120,7168000,0.000000
1052,10.520072,6262.859125746,6262.859125746,5125,7175000,0.000000
1053,10.530068,6262.869122258,6262.869122258,5130,7182000,0.000000
1054,10.540064,6262.879118191,6262.879118191,5135,7189000,0.000000
1055,10.550070,6262.889124159,6262.889124159,5140,7196000,0.000000
1056,10.560059,6262.899112814,6262.899112814,5145,7203000,0.000000
1057,10.570062,6262.909116255,6262.909116255,5150,7210000,0.000000
1058,10.580063,6262.919117419,6262.919117419,5154,7215600,0.000000
1059,10.590070,6262.929123931,6262.929123931,5159,7222600,0.000000
1060,10.600066,6262.939120117,6262.939120117,5164,7229600,0.000000
1061,10.610076,6262.949129816,6262.949129816,5169,7236600,0.000000
1062,10.620042,6262.959095550,6262.959095550,5174,7243600,0.000000
1063,10.630060,6262.969114303,6262.969114303,5179,7250600,0.000000
1064,10.640063,6262.979116758,6262.979116758,5184,7257600,0.000000
1065,10.650023,6262.989076626,6262.989076626,5189,7264600,0.000000
1066,10.660065,6262.999119259,6262.999119259,5193,7270200,0.000000
1067,10.670048,6263.009101889,6263.009101889,5198,7277200,0.000000
1068,10.680060,6263.019113825,6263.019113825,5203,7284200,0.000000
1069,10.690062,6263.029116408,6263.029116408,5208,7291200,0.000000
1070,10.700059,6263.039112924,6263.039112924,5213,7298200,0.000000
1071,10.710065,6263.049118958,6263.049118958,5218,7305200,0.000000
1072,10.720059,6263.059113459,6263.059113459,5223,7312200,0.000000
1073,10.730067,6263.069121300,6263.069121300,5228,7319200,0.000000
1074,10.740061,6263.079115095,6263.079115095,5232,7324800,0.000000
1075,10.750062,6263.089115892,6263.089115892,5237,7331800,0.000000
1076,10.760061,6263.099115378,6263.099115378,5242,7338800,0.000000
1077,10.770070,6263.109123719,6263.109123719,5247,7345800,0.000000
1078,10.780064,6263.119117849,6263.119117849,5252,7352800,0.000000
1079,10.790064,6263.129117890,6263.129117890,5257,7359800,0.000000
1080,10.800051,6263.139105104,6263.139105104,5262,7366800,0.000000
1081,10.810036,6263.149090403,6263.149090403,5266,7372400,0.000000
1082,10.820065,6263.159118710,6263.159118710,5271,7379400,0.000000
1083,10.830065,6263.169118687,6263.169118687,5276,7386400,0.000000
1084,10.840044,6263.179098152,6263.179098152,5281,7393400,0.000000
1085,10.850059,6263.189112939,6263.189112939,5286,7400400,0.000000
1086,10.860061,6263.199115363,6263.199115363,5291,7407400,0.000000
1087,10.870065,6263.209118629,6263.209118629,5296,7414400,0.000000
1088,10.880065,6263.219118693,6263.219118693,5301,7421400,0.000000
1089,10.890064,6263.229117601,6263.229117601,5305,7427000,0.000000
1090,10.900069,6263.239123367,6263.239123367,5310,7434000,0.000000
1091,10.910027,6263.249081177,6263.249081177,5315,7441000,0.000000
1092,10.920089,6263.259142920,6263.259142920,5320,7448000,0.000000
1093,10.930063,6263.269116910,6263.269116910,5325,7455000,0.000000
1094,10.940058,6263.279112047,6263.279112047,5330,7462000,0.000000
1095,10.950059,6263.289113219,6263.289113219,5335,7469000,0.000000
1096,10.960053,6263.299107117,6263.299107117,5340,7476000,0.000000
1097,10.970065,6263.309118575,6263.309118575,5344,7481600,0.000000
1098,10.980070,6263.319124112,6263.319124112,5349,7488600,0.000000
1099,10.990067,6263.329120756,6263.329120756,5354,7495600,0.000000
1100,11.000060,6263.339113631,6263.339113631,5359,7502600,0.000000
1101,11.010067,6263.349120889,6263.349120889,5364,7509600,0.000000
1102,11.020067,6263.359121258,6263.359121258,5369,7516600,0.000000
1103,11.030067,6263.369120861,6263.369120861,5374,7523600,0.000000
1104,11.040067,6263.379121063,6263.379121063,5379,7530600,0.000000
1105,11.050078,6263.389132443,6263.389132443,5383,7536200,0.000000
1106,11.060066,6263.399120094,6263.399120094,5388,7543200,0.000000
1107,11.070073,6263.409126631,6263.409126631,5393,7550200,0.000000
1108,11.080070,6263.419123933,6263.419123933,5398,7557200,0.000000
1109,11.090064,6263.429118146,6263.429118146,5403,7564200,0.000000
1110,11.100065,6263.439119175,6263.439119175,5408,7571200,0.000000
1111,11.110068,6263.449122409,6263.449122409,5413,7578200,0.000000
1112,11.120066,6263.459119757,6263.459119757,5418,7585200,0.000000
1113,11.130073,6263.469127025,6263.469127025,5422,7590800,0.000000
1114,11.140072,6263.479125502,6263.479125502,5427,7597800,0.000000
1115,11.150060,6263.489113910,6263.489113910,5432,7604800,0.000000
1116,11.160073,6263.499126697,6263.499126697,5437,7611800,0.000000
1117,11.170067,6263.509120656,6263.509120656,5442,7618800,0.000000
1118,11.180066,6263.519119715,6263.519119715,5447,7625800,0.000000
1119,11.190062,6263.529116268,6263.529116268,5452,7632800,0.000000
1120,11.200073,6263.539126712,6263.539126712,5457,7639800,0.000000
1121,11.210066,6263.549119936,6263.549119936,5461,7645400,0.000000
1122,11.220073,6263.559126500,6263.559126500,5466,7652400,0.000000
1123,11.230062,6263.569116344,6263.569116344,5471,7659400,0.000000
1124,11.240068,6263.579122277,6263.579122277,5476,7666400,0.000000
1125,11.250067,6263.589120902,6263.589120902,5481,7673400,0.000000
1126,11.260067,6263.599120812,6263.599120812,5486,7680400,0.000000
1127,11.270067,6263.609121412,6263.609121412,5491,7687400,0.000000
1128,11.280089,6263.619143079,6263.619143079,5496,7694400,0.000000
1129,11.290063,6263.629117380,6263.629117380,5500,7700000,0.000000
1130,11.300068,6263.639122187,6263.639122187,5505,7707000,0.000000
1131,11.310072,6263.649126128,6263.649126128,5510,7714000,0.000000
1132,11.320070,6263.659124382,6263.659124382,5515,7721000,0.000000
1133,11.330065,6263.669119156,6263.669119156,5520,7728000,0.000000
1134,11.340065,6263.679119299,6263.679119299,5525,7735000,0.000000
1135,11.350015,6263.689068618,6263.689068618,5530,7742000,0.000000
1136,11.360067,6263.699121136,6263.699121136,5534,7747600,0.000000
1137,11.370071,6263.709124693,6263.709124693,5539,7754600,0.000000
1138,11.380068,6263.719122247,6263.719122247,5544,7761600,0.000000
1139,11.390072,6263.729126026,6263.729126026,5549,7768600,0.000000
1140,11.400065,6263.739118802,6263.739118802,5554,7775600,0.000000
1141,11.410063,6263.749116816,6263.749116816,5559,7782600,0.000000
1142,11.420063,6263.759116657,6263.759116657,5564,7789600,0.000000
1143,11.430065,6263.769118685,6263.769118685,5569,7796600,0.000000
1144,11.440066,6263.779120445,6263.779120445,5573,7802200,0.000000
1145,11.450071,6263.789124486,6263.789124486,5578,7809200,0.000000
1146,11.460064,6263.799117777,6263.799117777,5583,7816200,0.000000
1147,11.470065,6263.809118709,6263.809118709,5588,7823200,0.000000
1148,11.480064,6263.819118111,6263.819118111,5593,7830200,0.000000
1149,11.490067,6263.829120473,6263.829120473,5598,7837200,0.000000
1150,11.500064,6263.839117899,6263.839117899,5603,7844200,0.000000
1151,11.510064,6263.849117671,6263.849117671,5608,7851200,0.000000
1152,11.520067,6263.859121376,6263.859121376,5612,7856800,0.000000
1153,11.530071,6263.869124545,6263.869124545,5617,7863800,0.000000
1154,11.540066,6263.879119617,6263.879119617,5622,7870800,0.000000
1155,11.550065,6263.889119368,6263.889119368,5627,7877800,0.000000
1156,11.560065,6263.899118709,6263.899118709,5632,7884800,0.000000
1157,11.570066,6263.909120217,6263.909120217,5637,7891800,0.000000
1158,11.580067,6263.919120997,6263.919120997,5642,7898800,0.000000
1159,11.590058,6263.929111634,6263.929111634,5647,7905800,0.000000
1160,11.600073,6263.939127158,6263.939127158,5651,7911400,0.000000
1161,11.610062,6263.949116329,6263.949116329,5656,7918400,0.000000
1162,11.620063,6263.959116837,6263.959116837,5661,7925400,0.000000
1163,11.630060,6263.969113765,6263.969113765,5666,7932400,0.000000
1164,11.640063,6263.979116861,6263.979116861,5671,7939400,0.000000
1165,11.650060,6263.989113826,6263.989113826,5676,7946400,0.000000
1166,11.660065,6263.999118779,6263.999118779,5681,7953400,0.000000
1167,11.670072,6264.009126443,6264.009126443,5686,7960400,0.000000
1168,11.680072,6264.019126400,6264.019126400,5690,7966000,0.000000
1169,11.690085,6264.029139415,6264.029139415,5695,7973000,0.000000
1170,11.700023,6264.039076673,6264.039076673,5700,7980000,0.000000
1171,11.710066,6264.049119500,6264.049119500,5705,7987000,0.000000
1172,11.720069,6264.059122905,6264.059122905,5710,7994000,0.000000
1173,11.730070,6264.069123990,6264.069123990,5715,8001000,0.000000
1174,11.740060,6264.079114083,6264.079114083,5720,8008000,0.000000
1175,11.750032,6264.089086005,6264.089086005,5724,8013600,0.000000
1176,11.760063,6264.099117066,6264.099117066,5729,8020600,0.000000
1177,11.770061,6264.109115143,6264.109115143,5734,8027600,0.000000
1178,11.780077,6264.119131233,6264.119131233,5739,8034600,0.000000
1179,11.790062,6264.129116012,6264.129116012,5744,8041600,0.000000
1180,11.800063,6264.139117293,6264.139117293,5749,8048600,0.000000
1181,11.810062,6264.149116304,6264.149116304,5754,8055600,0.000000
1182,11.820020,6264.159073661,6264.159073661,5759,8062600,0.000000
1183,11.830061,6264.169115402,6264.169115402,5763,8068200,0.000000
1184,11.840064,6264.179117653,6264.179117653,5768,8075200,0.000000
1185,11.850066,6264.189120102,6264.189120102,5773,8082200,0.000000
1186,11.860066,6264.199119795,6264.199119795,5778,8089200,0.000000
1187,11.870062,6264.209115731,6264.209115731,5783,8096200,0.000000
1188,11.880008,6264.219061990,6264.219061990,5788,8103200,0.000000
1189,11.890064,6264.229117998,6264.229117998,5793,8110200,0.000000
1190,11.900060,6264.239113731,6264.239113731,5798,8117200,0.000000
1191,11.910072,6264.249125467,6264.249125467,5802,8122800,0.000000
1192,11.920065,6264.259118845,6264.259118845,5807,8129800,0.000000
1193,11.930061,6264.269114615,6264.269114615,5812,8136800,0.000000
1194,11.940068,6264.279121823,6264.279121823,5817,8143800,0.000000
1195,11.950065,6264.289119079,6264.289119079,5822,8150800,0.000000
1196,11.960060,6264.299113878,6264.299113878,5827,8157800,0.000000
1197,11.970063,6264.309117170,6264.309117170,5832,8164800,0.000000
1198,11.980064,6264.319118190,6264.319118190,5837,8171800,0.000000
1199,11.990069,6264.329123249,6264.329123249,5841,8177400,0.000000
1200,12.000025,6264.339079431,6264.339079431,5846,8184400,0.000000
1201,12.010068,6264.349122451,6264.349122451,5851,8191400,0.000000
1202,12.020066,6264.359120392,6264.359120392,5856,8198400,0.000000
1203,12.030072,6264.369126069,6264.369126069,5861,8205400,0.000000
1204,12.040064,6264.379117957,6264.379117957,5866,8212400,0.000000
1205,12.050068,6264.389122145,6264.389122145,5871,8219400,0.000000
1206,12.060044,6264.399098034,6264.399098034,5876,8226400,0.000000
1207,12.070066,6264.409119589,6264.409119589,5880,8232000,0.000000
1208,12.080070,6264.419124413,6264.419124413,5885,8239000,0.000000
1209,12.090071,6264.429124787,6264.429124787,5890,8246000,0.000000
1210,12.100067,6264.439120825,6264.439120825,5895,8253000,0.000000
1211,12.110065,6264.449119104,6264.449119104,5900,8260000,0.000000
1212,12.120065,6264.459118466,6264.459118466,5905,8267000,0.000000
1213,12.130064,6264.469117854,6264.469117854,5910,8274000,0.000000
1214,12.140083,6264.479137408,6264.479137408,5915,8281000,0.000000
1215,12.150064,6264.489118438,6264.489118438,5919,8286600,0.000000
1216,12.160062,6264.499116449,6264.499116449,5924,8293600,0.000000
1217,12.170064,6264.509117656,6264.509117656,5929,8300600,0.000000
1218,12.180069,6264.519123289,6264.519123289,5934,8307600,0.000000
1219,12.190063,6264.529117217,6264.529117217,5939,8314600,0.000000
1220,12.200070,6264.539124040,6264.539124040,5944,8321600,0.000000
1221,12.210059,6264.549113302,6264.549113302,5949,8328600,0.000000
1222,12.220074,6264.559127919,6264.559127919,5954,8335600,0.000000
1223,12.230073,6264.569126709,6264.569126709,5958,8341200,0.000000
1224,12.240063,6264.579117429,6264.579117429,5963,8348200,0.000000
1225,12.250063,6264.589116592,6264.589116592,5968,8355200,0.000000
1226,12.260076,6264.599129687,6264.599129687,5973,8362200,0.000000
1227,12.270061,6264.609114498,6264.609114498,5978,8369200,0.000000
1228,12.280059,6264.619113444,6264.619113444,5983,8376200,0.000000
1229,12.290019,6264.629073189,6264.629073189,5988,8383200,0.000000
1230,12.300061,6264.639115177,6264.639115177,5992,8388800,0.000000
1231,12.310036,6264.649089784,6264.649089784,5997,8395800,0.000000
1232,12.320064,6264.659117949,6264.659117949,6002,8402800,0.000000
1233,12.330063,6264.669116466,6264.669116466,6007,8409800,0.000000
1234,12.340070,6264.679124103,6264.679124103,6012,8416800,0.000000
1235,12.350063,6264.689117143,6264.689117143,6017,8423800,0.000000
1236,12.360065,6264.699118783,6264.699118783,6022,8430800,0.000000
1237,12.370057,6264.709111131,6264.709111131,6027,8437800,0.000000
1238,12.380043,6264.719097274,6264.719097274,6031,8443400,0.000000
1239,12.390068,6264.729121575,6264.729121575,6036,8450400,0.000000
1240,12.400066,6264.739119756,6264.739119756,6041,8457400,0.000000
1241,12.410060,6264.749114302,6264.749114302,6046,8464400,0.000000
1242,12.420062,6264.759115499,6264.759115499,6051,8471400,0.000000
1243,12.430064,6264.769117552,6264.769117552,6056,8478400,0.000000
1244,12.440060,6264.779113778,6264.779113778,6061,8485400,0.000000
1245,12.450063,6264.789116716,6264.789116716,6066,8492400,0.000000
1246,12.460060,6264.799113623,6264.799113623,6070,8498000,0.000000
1247,12.470071,6264.809124641,6264.809124641,6075,8505000,0.000000
1248,12.480060,6264.819113571,6264.819113571,6080,8512000,0.000000
1249,12.490067,6264.829120950,6264.829120950,6085,8519000,0.000000
1250,12.500061,6264.839114574,6264.839114574,6090,8526000,0.000000
1251,12.510064,6264.849118378,6264.849118378,6095,8533000,0.000000
1252,12.520064,6264.859118311,6264.859118311,6100,8540000,0.000000
1253,12.530039,6264.869093176,6264.869093176,6105,8547000,0.000000
1254,12.540072,6264.879125691,6264.879125691,6109,8552600,0.000000
1255,12.550067,6264.889120934,6264.889120934,6114,8559600,0.000000
1256,12.560063,6264.899116889,6264.899116889,6119,8566600,0.000000
1257,12.570059,6264.909113194,6264.909113194,6124,8573600,0.000000
1258,12.580064,6264.919118198,6264.919118198,6129,8580600,0.000000
1259,12.590064,6264.929118378,6264.929118378,6134,8587600,0.000000
1260,12.600060,6264.939113946,6264.939113946,6139,8594600,0.000000
1261,12.610082,6264.949135890,6264.949135890,6144,8601600,0.000000
1262,12.620066,6264.959120194,6264.959120194,6148,8607200,0.000000
1263,12.630066,6264.969119673,6264.969119673,6153,8614200,0.000000
1264,12.640068,6264.979122329,6264.979122329,6158,8621200,0.000000
1265,12.650064,6264.989118382,6264.989118382,6163,8628200,0.000000
1266,12.660065,6264.999118975,6264.999118975,6168,8635200,0.000000
1267,12.670064,6265.009117661,6265.009117661,6173,8642200,0.000000
1268,12.680067,6265.019120715,6265.019120715,6178,8649200,0.000000
1269,12.690074,6265.029127897,6265.029127897,6183,8656200,0.000000
1270,12.700071,6265.039125393,6265.039125393,6187,8661800,0.000000
1271,12.710061,6265.049114959,6265.049114959,6192,8668800,0.000000
1272,12.720070,6265.059123677,6265.059123677,6197,8675800,0.000000
1273,12.730062,6265.069116024,6265.069116024,6202,8682800,0.000000
1274,12.740062,6265.079116104,6265.079116104,6207,8689800,0.000000
1275,12.750068,6265.089121618,6265.089121618,6212,8696800,0.000000
1276,12.760009,6265.099062578,6265.099062578,6217,8703800,0.000000
1277,12.770065,6265.109119311,6265.109119311,6221,8709400,0.000000
1278,12.780065,6265.119119368,6265.119119368,6226,8716400,0.000000
1279,12.790065,6265.129118577,6265.129118577,6231,8723400,0.000000
1280,12.800068,6265.139121988,6265.139121988,6236,8730400,0.000000
1281,12.810066,6265.149120104,6265.149120104,6241,8737400,0.000000
1282,12.820070,6265.159124141,6265.159124141,6246,8744400,0.000000
1283,12.830035,6265.169088688,6265.169088688,6251,8751400,0.000000
1284,12.840067,6265.179120577,6265.179120577,6256,8758400,0.000000
1285,12.850065,6265.189119389,6265.189119389,6260,8764000,0.000000
1286,12.860069,6265.199122898,6265.199122898,6265,8771000,0.000000
1287,12.870069,6265.209122695,6265.209122695,6270,8778000,0.000000
1288,12.880067,6265.219121450,6265.219121450,6275,8785000,0.000000
1289,12.890070,6265.229124348,6265.229124348,6280,8792000,0.000000
1290,12.900063,6265.239116690,6265.239116690,6285,8799000,0.000000
1291,12.910063,6265.249117165,6265.249117165,6290,8806000,0.000000
1292,12.920017,6265.259071436,6265.259071436,6295,8813000,0.000000
1293,12.930070,6265.269124186,6265.269124186,6299,8818600,0.000000
1294,12.940071,6265.279124725,6265.279124725,6304,8825600,0.000000
1295,12.950069,6265.289122896,6265.289122896,6309,8832600,0.000000
1296,12.960060,6265.299113953,6265.299113953,6314,8839600,0.000000
1297,12.970075,6265.309128533,6265.309128533,6319,8846600,0.000000
1298,12.980068,6265.319121960,6265.319121960,6324,8853600,0.000000
1299,12.990062,6265.329115486,6265.329115486,6329,8860600,0.000000
1300,13.000047,6265.339100883,6265.339100883,6334,8867600,0.000000
1301,13.010069,6265.349122519,6265.349122519,6338,8873200,0.000000
1302,13.020023,6265.359076497,6265.359076497,6343,8880200,0.000000
1303,13.030060,6265.369114421,6265.369114421,6348,8887200,0.000000
1304,13.040064,6265.379118246,6265.379118246,6353,8894200,0.000000
1305,13.050060,6265.389113515,6265.389113515,6358,8901200,0.000000
1306,13.060063,6265.399117430,6265.399117430,6363,8908200,0.000000
1307,13.070069,6265.409122872,6265.409122872,6368,8915200,0.000000
1308,13.080071,6265.419125439,6265.419125439,6373,8922200,0.000000
1309,13.090039,6265.429092765,6265.429092765,6377,8927800,0.000000
1310,13.100068,6265.439121561,6265.439121561,6382,8934800,0.000000
1311,13.110069,6265.449122972,6265.449122972,6387,8941800,0.000000
1312,13.120045,6265.459098518,6265.459098518,6392,8948800,0.000000
1313,13.130064,6265.469117955,6265.469117955,6397,8955800,0.000000
1314,13.140067,6265.479120917,6265.479120917,6402,8962800,0.000000
1315,13.150063,6265.489117170,6265.489117170,6407,8969800,0.000000
1316,13.160078,6265.499131649,6265.499131649,6412,8976800,0.000000
1317,13.170068,6265.509122085,6265.509122085,6416,8982400,0.000000
1318,13.180068,6265.519121483,6265.519121483,6421,8989400,0.000000
1319,13.190070,6265.529124301,6265.529124301,6426,8996400,0.000000
1320,13.200062,6265.539116105,6265.539116105,6431,9003400,0.000000
1321,13.210032,6265.549086134,6265.549086134,6436,9010400,0.000000
1322,13.220065,6265.559118721,6265.559118721,6441,9017400,0.000000
1323,13.230034,6265.569087794,6265.569087794,6446,9024400,0.000000
1324,13.240064,6265.579118066,6265.579118066,6450,9030000,0.000000
1325,13.250070,6265.589124394,6265.589124394,6455,9037000,0.000000
1326,13.260061,6265.599114703,6265.599114703,6460,9044000,0.000000
1327,13.270070,6265.609123801,6265.609123801,6465,9051000,0.000000
1328,13.280063,6265.619116961,6265.619116961,6470,9058000,0.000000
1329,13.290065,6265.629118614,6265.629118614,6475,9065000,0.000000
1330,13.300071,6265.639124667,6265.639124667,6480,9072000,0.000000
1331,13.310058,6265.649111986,6265.649111986,6485,9079000,0.000000
1332,13.320068,6265.659121514,6265.659121514,6489,9084600,0.000000
1333,13.330069,6265.669122824,6265.669122824,6494,9091600,0.000000
1334,13.340043,6265.679097076,6265.679097076,6499,9098600,0.000000
1335,13.350067,6265.689121464,6265.689121464,6504,9105600,0.000000
1336,13.360077,6265.699130916,6265.699130916,6509,9112600,0.000000
1337,13.370060,6265.709113753,6265.709113753,6514,9119600,0.000000
1338,13.380095,6265.719148571,6265.719148571,6519,9126600,0.000000
1339,13.390045,6265.729098820,6265.729098820,6524,9133600,0.000000
1340,13.400064,6265.739117669,6265.739117669,6528,9139200,0.000000
1341,13.410060,6265.749113934,6265.749113934,6533,9146200,0.000000
1342,13.420062,6265.759116337,6265.759116337,6538,9153200,0.000000
1343,13.430060,6265.769114214,6265.769114214,6543,9160200,0.000000
1344,13.440059,6265.779112883,6265.779112883,6548,9167200,0.000000
1345,13.450067,6265.789120535,6265.789120535,6553,9174200,0.000000
1346,13.460060,6265.799113584,6265.799113584,6558,9181200,0.000000
1347,13.470057,6265.809111282,6265.809111282,6563,9188200,0.000000
1348,13.480069,6265.819122530,6265.819122530,6567,9193800,0.000000
1349,13.490036,6265.829090255,6265.829090255,6572,9200800,0.000000
1350,13.500067,6265.839120613,6265.839120613,6577,9207800,0.000000
1351,13.510065,6265.849118786,6265.849118786,6582,9214800,0.000000
1352,13.520015,6265.859068998,6265.859068998,6587,9221800,0.000000
1353,13.530064,6265.869117951,6265.869117951,6592,9228800,0.000000
1354,13.540063,6265.879116520,6265.879116520,6597,9235800,0.000000
1355,13.550077,6265.889131160,6265.889131160,6602,9242800,0.000000
1356,13.560065,6265.899119317,6265.899119317,6606,9248400,0.000000
1357,13.570060,6265.909113696,6265.909113696,6611,9255400,0.000000
1358,13.580065,6265.919119157,6265.919119157,6616,9262400,0.000000
1359,13.590062,6265.929116320,6265.929116320,6621,9269400,0.000000
1360,13.600066,6265.939120071,6265.939120071,6626,9276400,0.000000
1361,13.610062,6265.949116349,6265.949116349,6631,9283400,0.000000
1362,13.620059,6265.959112891,6265.959112891,6636,9290400,0.000000
1363,13.630078,6265.969131674,6265.969131674,6641,9297400,0.000000
1364,13.640069,6265.979122940,6265.979122940,6645,9303000,0.000000
1365,13.650061,6265.989114532,6265.989114532,6650,9310000,0.000000
1366,13.660069,6265.999123095,6265.999123095,6655,9317000,0.000000
1367,13.670067,6266.009121000,6266.009121000,6660,9324000,0.000000
1368,13.680066,6266.019119877,6266.019119877,6665,9331000,0.000000
1369,13.690064,6266.029118387,6266.029118387,6670,9338000,0.000000
1370,13.700061,6266.039115165,6266.039115165,6675,9345000,0.000000
1371,13.710067,6266.049120536,6266.049120536,6679,9350600,0.000000
1372,13.720067,6266.059121332,6266.059121332,6684,9357600,0.000000
1373,13.730069,6266.069122532,6266.069122532,6689,9364600,0.000000
1374,13.740075,6266.079129245,6266.079129245,6694,9371600,0.000000
1375,13.750065,6266.089118945,6266.089118945,6699,9378600,0.000000
1376,13.760067,6266.099120816,6266.099120816,6704,9385600,0.000000
1377,13.770060,6266.109114356,6266.109114356,6709,9392600,0.000000
1378,13.780064,6266.119118187,6266.119118187,6714,9399600,0.000000
1379,13.790064,6266.129117484,6266.129117484,6718,9405200,0.000000
1380,13.800066,6266.139120351,6266.139120351,6723,9412200,0.000000
1381,13.810086,6266.149140294,6266.149140294,6728,9419200,0.000000
1382,13.820065,6266.159118533,6266.159118533,6733,9426200,0.000000
1383,13.830064,6266.169118296,6266.169118296,6738,9433200,0.000000
1384,13.840064,6266.179118164,6266.179118164,6743,9440200,0.000000
1385,13.850060,6266.189113695,6266.189113695,6748,9447200,0.000000
1386,13.860022,6266.199076333,6266.199076333,6753,9454200,0.000000
1387,13.870075,6266.209128494,6266.209128494,6757,9459800,0.000000
1388,13.880073,6266.219127030,6266.219127030,6762,9466800,0.000000
1389,13.890067,6266.229121087,6266.229121087,6767,9473800,0.000000
1390,13.900070,6266.239124387,6266.239124387,6772,9480800,0.000000
1391,13.910066,6266.249120105,6266.249120105,6777,9487800,0.000000
1392,13.920064,6266.259118059,6266.259118059,6782,9494800,0.000000
1393,13.930059,6266.269112646,6266.269112646,6787,9501800,0.000000
1394,13.940036,6266.279090040,6266.279090040,6792,9508800,0.000000
1395,13.950071,6266.289124980,6266.289124980,6796,9514400,0.000000
1396,13.960065,6266.299118933,6266.299118933,6801,9521400,0.000000
1397,13.970063,6266.309116910,6266.309116910,6806,9528400,0.000000
1398,13.980061,6266.319114802,6266.319114802,6811,9535400,0.000000
1399,13.990062,6266.329116198,6266.329116198,6816,9542400,0.000000
1400,14.000063,6266.339117417,6266.339117417,6821,9549400,0.000000
1401,14.010065,6266.349118881,6266.349118881,6826,9556400,0.000000
1402,14.020068,6266.359122093,6266.359122093,6831,9563400,0.000000
1403,14.030066,6266.369120178,6266.369120178,6835,9569000,0.000000
1404,14.040063,6266.379117296,6266.379117296,6840,9576000,0.000000
1405,14.050067,6266.389120688,6266.389120688,6845,9583000,0.000000
1406,14.060071,6266.399124580,6266.399124580,6850,9590000,0.000000
1407,14.070068,6266.409122226,6266.409122226,6855,9597000,0.000000
1408,14.080066,6266.419119835,6266.419119835,6860,9604000,0.000000
1409,14.090071,6266.429125395,6266.429125395,6865,9611000,0.000000
1410,14.100077,6266.439130970,6266.439130970,6870,9618000,0.000000
1411,14.110033,6266.449087057,6266.449087057,6874,9623600,0.000000
1412,14.120068,6266.459121702,6266.459121702,6879,9630600,0.000000
1413,14.130069,6266.469123143,6266.469123143,6884,9637600,0.000000
1414,14.140068,6266.479121660,6266.479121660,6889,9644600,0.000000
1415,14.150066,6266.489120346,6266.489120346,6894,9651600,0.000000
1416,14.160060,6266.499113917,6266.499113917,6899,9658600,0.000000
1417,14.170036,6266.509090047,6266.509090047,6904,9665600,0.000000
1418,14.180070,6266.519123882,6266.519123882,6908,9671200,0.000000
1419,14.190074,6266.529127567,6266.529127567,6913,9678200,0.000000
1420,14.200070,6266.539124357,6266.539124357,6918,9685200,0.000000
1421,14.210070,6266.549123888,6266.549123888,6923,9692200,0.000000
1422,14.220067,6266.559120547,6266.559120547,6928,9699200,0.000000
1423,14.230066,6266.569120021,6266.569120021,6933,9706200,0.000000
1424,14.240063,6266.579116840,6266.579116840,6938,9713200,0.000000
1425,14.250072,6266.589125583,6266.589125583,6943,9720200,0.000000
1426,14.260067,6266.599120836,6266.599120836,6947,9725800,0.000000
1427,14.270067,6266.609121227,6266.609121227,6952,9732800,0.000000
1428,14.280070,6266.619124124,6266.619124124,6957,9739800,0.000000
1429,14.290071,6266.629124946,6266.629124946,6962,9746800,0.000000
1430,14.300067,6266.639120947,6266.639120947,6967,9753800,0.000000
1431,14.310071,6266.649125314,6266.649125314,6972,9760800,0.000000
1432,14.320069,6266.659122493,6266.659122493,6977,9767800,0.000000
1433,14.330007,6266.669060608,6266.669060608,6982,9774800,0.000000
1434,14.340062,6266.679116168,6266.679116168,6986,9780400,0.000000
1435,14.350065,6266.689119424,6266.689119424,6991,9787400,0.000000
1436,14.360066,6266.699119515,6266.699119515,6996,9794400,0.000000
1437,14.370065,6266.709119242,6266.709119242,7001,9801400,0.000000
1438,14.380027,6266.719081238,6266.719081238,7006,9808400,0.000000
1439,14.390066,6266.729119573,6266.729119573,7011,9815400,0.000000
1440,14.400068,6266.739121768,6266.739121768,7016,9822400,0.000000
1441,14.410042,6266.749095492,6266.749095492,7021,9829400,0.000000
1442,14.420064,6266.759117733,6266.759117733,7025,9835000,0.000000
1443,14.430065,6266.769119294,6266.769119294,7030,9842000,0.000000
1444,14.440037,6266.779090499,6266.779090499,7035,9849000,0.000000
1445,14.450065,6266.789119033,6266.789119033,7040,9856000,0.000000
1446,14.460068,6266.799122204,6266.799122204,7045,9863000,0.000000
1447,14.470065,6266.809119451,6266.809119451,7050,9870000,0.000000
1448,14.480060,6266.819113834,6266.819113834,7055,9877000,0.000000
1449,14.490080,6266.829133868,6266.829133868,7060,9884000,0.000000
1450,14.500070,6266.839123518,6266.839123518,7064,9889600,0.000000
1451,14.510047,6266.849101465,6266.849101465,7069,9896600,0.000000
1452,14.520015,6266.859069336,6266.859069336,7074,9903600,0.000000
1453,14.530066,6266.869120108,6266.869120108,7079,9910600,0.000000
1454,14.540064,6266.879117893,6266.879117893,7084,9917600,0.000000
1455,14.550065,6266.889119006,6266.889119006,7089,9924600,0.000000
1456,14.560065,6266.899118788,6266.899118788,7094,9931600,0.000000
1457,14.570074,6266.909128037,6266.909128037,7099,9938600,0.000000
1458,14.580066,6266.919120092,6266.919120092,7103,9944200,0.000000
1459,14.590069,6266.929122484,6266.929122484,7108,9951200,0.000000
1460,14.600060,6266.939113891,6266.939113891,7113,9958200,0.000000
1461,14.610064,6266.949117793,6266.949117793,7118,9965200,0.000000
1462,14.620066,6266.959119756,6266.959119756,7123,9972200,0.000000
1463,14.630064,6266.969117802,6266.969117802,7128,9979200,0.000000
1464,14.640026,6266.979080456,6266.979080456,7133,9986200,0.000000
1465,14.650065,6266.989118597,6266.989118597,7137,9991800,0.000000
1466,14.660068,6266.999122060,6266.999122060,7142,9998800,0.000000
1467,14.670067,6267.009120963,6267.009120963,7147,10005800,0.000000
1468,14.680066,6267.019119551,6267.019119551,7152,10012800,0.000000
1469,14.690061,6267.029114837,6267.029114837,7157,10019800,0.000000
1470,14.700063,6267.039116579,6267.039116579,7162,10026800,0.000000
1471,14.710063,6267.049116934,6267.049116934,7167,10033800,0.000000
1472,14.720062,6267.059115662,6267.059115662,7172,10040800,0.000000
1473,14.730066,6267.069120268,6267.069120268,7176,10046400,0.000000
1474,14.740071,6267.079124503,6267.079124503,7181,10053400,0.000000
1475,14.750068,6267.089122441,6267.089122441,7186,10060400,0.000000
1476,14.760068,6267.099121549,6267.099121549,7191,10067400,0.000000
1477,14.770064,6267.109117848,6267.109117848,7196,10074400,0.000000
1478,14.780063,6267.119116702,6267.119116702,7201,10081400,0.000000
1479,14.790062,6267.129115508,6267.129115508,7206,10088400,0.000000
1480,14.800061,6267.139115388,6267.139115388,7211,10095400,0.000000
1481,14.810067,6267.149121336,6267.149121336,7215,10101000,0.000000
1482,14.820067,6267.159120762,6267.159120762,7220,10108000,0.000000
1483,14.830030,6267.169083494,6267.169083494,7225,10115000,0.000000
1484,14.840065,6267.179118590,6267.179118590,7230,10122000,0.000000
1485,14.850064,6267.189117860,6267.189117860,7235,10129000,0.000000
1486,14.860062,6267.199115784,6267.199115784,7240,10136000,0.000000
1487,14.870066,6267.209119593,6267.209119593,7245,10143000,0.000000
1488,14.880049,6267.219102944,6267.219102944,7250,10150000,0.000000
1489,14.890069,6267.229122675,6267.229122675,7254,10155600,0.000000
1490,14.900081,6267.239135193,6267.239135193,7259,10162600,0.000000
1491,14.910065,6267.249119388,6267.249119388,7264,10169600,0.000000
1492,14.920070,6267.259124078,6267.259124078,7269,10176600,0.000000
1493,14.930069,6267.269123139,6267.269123139,7274,10183600,0.000000
1494,14.940065,6267.279119172,6267.279119172,7279,10190600,0.000000
1495,14.950061,6267.289115087,6267.289115087,7284,10197600,0.000000
1496,14.960080,6267.299133597,6267.299133597,7289,10204600,0.000000
1497,14.970071,6267.309124952,6267.309124952,7293,10210200,0.000000
1498,14.980069,6267.319122621,6267.319122621,7298,10217200,0.000000
1499,14.990070,6267.329123514,6267.329123514,7303,10224200,0.000000
1500,15.000066,6267.339119519,6267.339119519,7308,10231200,0.000000
1501,15.010067,6267.349121137,6267.349121137,7313,10238200,0.000000
1502,15.020064,6267.359118394,6267.359118394,7318,10245200,0.000000
1503,15.030065,6267.369119192,6267.369119192,7323,10252200,0.000000
1504,15.040076,6267.379130262,6267.379130262,7328,10259200,0.000000
1505,15.050071,6267.389125096,6267.389125096,7332,10264800,0.000000
1506,15.060071,6267.399125264,6267.399125264,7337,10271800,0.000000
1507,15.070069,6267.409123229,6267.409123229,7342,10278800,0.000000
1508,15.080065,6267.419118715,6267.419118715,7347,10285800,0.000000
1509,15.090066,6267.429119891,6267.429119891,7352,10292800,0.000000
1510,15.100062,6267.439115816,6267.439115816,7357,10299800,0.000000
1511,15.110044,6267.449097832,6267.449097832,7362,10306800,0.000000
1512,15.120069,6267.459122684,6267.459122684,7366,10312400,0.000000
1513,15.130066,6267.469119470,6267.469119470,7371,10319400,0.000000
1514,15.140066,6267.479119686,6267.479119686,7376,10326400,0.000000
1515,15.150069,6267.489123211,6267.489123211,7381,10333400,0.000000
1516,15.160066,6267.499119982,6267.499119982,7386,10340400,0.000000
1517,15.170064,6267.509117576,6267.509117576,7391,10347400,0.000000
1518,15.180058,6267.519112405,6267.519112405,7396,10354400,0.000000
1519,15.190064,6267.529117998,6267.529117998,7401,10361400,0.000000
1520,15.200073,6267.539126886,6267.539126886,7405,10367000,0.000000
1521,15.210070,6267.549123634,6267.549123634,7410,10374000,0.000000
1522,15.220061,6267.559114721,6267.559114721,7415,10381000,0.000000
1523,15.230065,6267.569119229,6267.569119229,7420,10388000,0.000000
1524,15.240060,6267.579113555,6267.579113555,7425,10395000,0.000000
1525,15.250064,6267.589117734,6267.589117734,7430,10402000,0.000000
1526,15.260064,6267.599117955,6267.599117955,7435,10409000,0.000000
1527,15.270059,6267.609113125,6267.609113125,7440,10416000,0.000000
1528,15.280063,6267.619116480,6267.619116480,7444,10421600,0.000000
1529,15.290038,6267.629091671,6267.629091671,7449,10428600,0.000000
1530,15.300076,6267.639129544,6267.639129544,7454,10435600,0.000000
1531,15.310064,6267.649118168,6267.649118168,7459,10442600,0.000000
1532,15.320065,6267.659118905,6267.659118905,7464,10449600,0.000000
1533,15.330060,6267.669113844,6267.669113844,7469,10456600,0.000000
1534,15.340060,6267.679113860,6267.679113860,7474,10463600,0.000000
1535,15.350047,6267.689101337,6267.689101337,7479,10470600,0.000000
1536,15.360064,6267.699118349,6267.699118349,7483,10476200,0.000000
1537,15.370064,6267.709118320,6267.709118320,7488,10483200,0.000000
1538,15.380068,6267.719122325,6267.719122325,7493,10490200,0.000000
1539,15.390071,6267.729125378,6267.729125378,7498,10497200,0.000000
1540,15.400071,6267.739124563,6267.739124563,7503,10504200,0.000000
1541,15.410014,6267.749067918,6267.749067918,7508,10511200,0.000000
1542,15.420060,6267.759113978,6267.759113978,7513,10518200,0.000000
1543,15.430087,6267.769140883,6267.769140883,7518,10525200,0.000000
1544,15.440049,6267.779102900,6267.779102900,7522,10530800,0.000000
1545,15.450069,6267.789122526,6267.789122526,7527,10537800,0.000000
1546,15.460060,6267.799113591,6267.799113591,7532,10544800,0.000000
1547,15.470060,6267.809114426,6267.809114426,7537,10551800,0.000000
1548,15.480060,6267.819114132,6267.819114132,7542,10558800,0.000000
1549,15.490031,6267.829084638,6267.829084638,7547,10565800,0.000000
1550,15.500060,6267.839113659,6267.839113659,7552,10572800,0.000000
1551,15.510074,6267.849127953,6267.849127953,7557,10579800,0.000000
1552,15.520062,6267.859116335,6267.859116335,7561,10585400,0.000000
1553,15.530067,6267.869121440,6267.869121440,7566,10592400,0.000000
1554,15.540036,6267.879089573,6267.879089573,7571,10599400,0.000000
1555,15.550061,6267.889114879,6267.889114879,7576,10606400,0.000000
1556,15.560064,6267.899118222,6267.899118222,7581,10613400,0.000000
1557,15.570081,6267.909134580,6267.909134580,7586,10620400,0.000000
1558,15.580037,6267.919090717,6267.919090717,7591,10627400,0.000000
1559,15.590067,6267.929120904,6267.929120904,7595,10633000,0.000000
1560,15.600068,6267.939122058,6267.939122058,7600,10640000,0.000000
1561,15.610070,6267.949123630,6267.949123630,7605,10647000,0.000000
1562,15.620063,6267.959116615,6267.959116615,7610,10654000,0.000000
1563,15.630060,6267.969113799,6267.969113799,7615,10661000,0.000000
1564,15.640072,6267.979126279,6267.979126279,7620,10668000,0.000000
1565,15.650061,6267.989114512,6267.989114512,7625,10675000,0.000000
1566,15.660090,6267.999144079,6267.999144079,7630,10682000,0.000000
1567,15.670069,6268.009122521,6268.009122521,7634,10687600,0.000000
1568,15.680036,6268.019089787,6268.019089787,7639,10694600,0.000000
1569,15.690065,6268.029119032,6268.029119032,7644,10701600,0.000000
1570,15.700065,6268.039119427,6268.039119427,7649,10708600,0.000000
1571,15.710066,6268.049120295,6268.049120295,7654,10715600,0.000000
1572,15.720064,6268.059117649,6268.059117649,7659,10722600,0.000000
1573,15.730061,6268.069115201,6268.069115201,7664,10729600,0.000000
1574,15.740065,6268.079118886,6268.079118886,7669,10736600,0.000000
1575,15.750061,6268.089115063,6268.089115063,7673,10742200,0.000000
1576,15.760068,6268.099122447,6268.099122447,7678,10749200,0.000000
1577,15.770068,6268.109121523,6268.109121523,7683,10756200,0.000000
1578,15.780036,6268.119089498,6268.119089498,7688,10763200,0.000000
1579,15.790067,6268.129121051,6268.129121051,7693,10770200,0.000000
1580,15.800073,6268.139127341,6268.139127341,7698,10777200,0.000000
1581,15.810060,6268.149114086,6268.149114086,7703,10784200,0.000000
1582,15.820050,6268.159104429,6268.159104429,7708,10791200,0.000000
1583,15.830065,6268.169118931,6268.169118931,7712,10796800,0.000000
1584,15.840069,6268.179123289,6268.179123289,7717,10803800,0.000000
1585,15.850065,6268.189118893,6268.189118893,7722,10810800,0.000000
1586,15.860089,6268.199143020,6268.199143020,7727,10817800,0.000000
1587,15.870064,6268.209118295,6268.209118295,7732,10824800,0.000000
1588,15.880066,6268.219120015,6268.219120015,7737,10831800,0.000000
1589,15.890072,6268.229125862,6268.229125862,7742,10838800,0.000000
1590,15.900075,6268.239129128,6268.239129128,7747,10845800,0.000000
1591,15.910067,6268.249120564,6268.249120564,7751,10851400,0.000000
1592,15.920064,6268.259117529,6268.259117529,7756,10858400,0.000000
1593,15.930043,6268.269097377,6268.269097377,7761,10865400,0.000000
1594,15.940062,6268.279115978,6268.279115978,7766,10872400,0.000000
1595,15.950063,6268.289116543,6268.289116543,7771,10879400,0.000000
1596,15.960065,6268.299119197,6268.299119197,7776,10886400,0.000000
1597,15.970058,6268.309111986,6268.309111986,7781,10893400,0.000000
1598,15.980027,6268.319080482,6268.319080482,7785,10899000,0.000000
1599,15.990064,6268.329118122,6268.329118122,7790,10906000,0.000000
1600,16.000069,6268.339122982,6268.339122982,7795,10913000,0.000000
1601,16.010064,6268.349118072,6268.349118072,7800,10920000,0.000000
1602,16.020064,6268.359117717,6268.359117717,7805,10927000,0.000000
1603,16.030062,6268.369115918,6268.369115918,7810,10934000,0.000000
1604,16.040064,6268.379118019,6268.379118019,7815,10941000,0.000000
1605,16.050031,6268.389084797,6268.389084797,7820,10948000,0.000000
1606,16.060063,6268.399116503,6268.399116503,7824,10953600,0.000000
1607,16.070068,6268.409121788,6268.409121788,7829,10960600,0.000000
1608,16.080065,6268.419118559,6268.419118559,7834,10967600,0.000000
1609,16.090068,6268.429121889,6268.429121889,7839,10974600,0.000000
1610,16.100062,6268.439116114,6268.439116114,7844,10981600,0.000000
1611,16.110067,6268.449121299,6268.449121299,7849,10988600,0.000000
1612,16.120060,6268.459113959,6268.459113959,7854,10995600,0.000000
1613,16.130066,6268.469119923,6268.469119923,7859,11002600,0.000000
1614,16.140063,6268.479117051,6268.479117051,7863,11008200,0.000000
1615,16.150065,6268.489119176,6268.489119176,7868,11015200,0.000000
1616,16.160061,6268.499115439,6268.499115439,7873,11022200,0.000000
1617,16.170068,6268.509122296,6268.509122296,7878,11029200,0.000000
1618,16.180066,6268.519119899,6268.519119899,7883,11036200,0.000000
1619,16.190065,6268.529118642,6268.529118642,7888,11043200,0.000000
1620,16.200061,6268.539115147,6268.539115147,7893,11050200,0.000000
1621,16.210063,6268.549116661,6268.549116661,7898,11057200,0.000000
1622,16.220073,6268.559126806,6268.559126806,7902,11062800,0.000000
1623,16.230068,6268.569122054,6268.569122054,7907,11069800,0.000000
1624,16.240065,6268.579118804,6268.579118804,7912,11076800,0.000000
1625,16.250063,6268.589117073,6268.589117073,7917,11083800,0.000000
1626,16.260066,6268.599119667,6268.599119667,7922,11090800,0.000000
1627,16.270076,6268.609129540,6268.609129540,7927,11097800,0.000000
1628,16.280060,6268.619113569,6268.619113569,7932,11104800,0.000000
1629,16.290051,6268.629105264,6268.629105264,7937,11111800,0.000000
1630,16.300071,6268.639125264,6268.639125264,7941,11117400,0.000000
1631,16.310068,6268.649121894,6268.649121894,7946,11124400,0.000000
1632,16.320067,6268.659121125,6268.659121125,7951,11131400,0.000000
1633,16.330072,6268.669126452,6268.669126452,7956,11138400,0.000000
1634,16.340066,6268.679120085,6268.679120085,7961,11145400,0.000000
1635,16.350064,6268.689118012,6268.689118012,7966,11152400,0.000000
1636,16.360064,6268.699118033,6268.699118033,7971,11159400,0.000000
1637,16.370076,6268.709129555,6268.709129555,7976,11166400,0.000000
1638,16.380015,6268.719068612,6268.719068612,7980,11172000,0.000000
1639,16.390062,6268.729115937,6268.729115937,7985,11179000,0.000000
1640,16.400061,6268.739114985,6268.739114985,7990,11186000,0.000000
1641,16.410024,6268.749077535,6268.749077535,7995,11193000,0.000000
1642,16.420067,6268.759121012,6268.759121012,8000,11200000,0.000000
1643,16.430062,6268.769116370,6268.769116370,8005,11207000,0.000000
1644,16.440060,6268.779113699,6268.779113699,8010,11214000,0.000000
1645,16.450083,6268.789136629,6268.789136629,8015,11221000,0.000000
1646,16.460068,6268.799121919,6268.799121919,8019,11226600,0.000000
1647,16.470067,6268.809120951,6268.809120951,8024,11233600,0.000000
1648,16.480063,6268.819117460,6268.819117460,8029,11240600,0.000000
1649,16.490065,6268.829118918,6268.829118918,8034,11247600,0.000000
1650,16.500064,6268.839117921,6268.839117921,8039,11254600,0.000000
1651,16.510020,6268.849073788,6268.849073788,8044,11261600,0.000000
1652,16.520067,6268.859121146,6268.859121146,8049,11268600,0.000000
1653,16.530062,6268.869116375,6268.869116375,8053,11274200,0.000000
1654,16.540064,6268.879117795,6268.879117795,8058,11281200,0.000000
1655,16.550065,6268.889119360,6268.889119360,8063,11288200,0.000000
1656,16.560065,6268.899119054,6268.899119054,8068,11295200,0.000000
1657,16.570066,6268.909119733,6268.909119733,8073,11302200,0.000000
1658,16.580062,6268.919115787,6268.919115787,8078,11309200,0.000000
1659,16.590055,6268.929108888,6268.929108888,8083,11316200,0.000000
1660,16.600058,6268.939111830,6268.939111830,8088,11323200,0.000000
1661,16.610060,6268.949113901,6268.949113901,8092,11328800,0.000000
1662,16.620065,6268.959118933,6268.959118933,8097,11335800,0.000000
1663,16.630027,6268.969080543,6268.969080543,8102,11342800,0.000000
1664,16.640064,6268.979118212,6268.979118212,8107,11349800,0.000000
1665,16.650063,6268.989116571,6268.989116571,8112,11356800,0.000000
1666,16.660063,6268.999116654,6268.999116654,8117,11363800,0.000000
1667,16.670059,6269.009113380,6269.009113380,8122,11370800,0.000000
1668,16.680058,6269.019111660,6269.019111660,8127,11377800,0.000000
1669,16.690065,6269.029118879,6269.029118879,8131,11383400,0.000000
1670,16.700064,6269.039117734,6269.039117734,8136,11390400,0.000000
1671,16.710066,6269.049120347,6269.049120347,8141,11397400,0.000000
1672,16.720064,6269.059118408,6269.059118408,8146,11404400,0.000000
1673,16.730065,6269.069118714,6269.069118714,8151,11411400,0.000000
1674,16.740067,6269.079120912,6269.079120912,8156,11418400,0.000000
1675,16.750060,6269.089114160,6269.089114160,8161,11425400,0.000000
1676,16.760055,6269.099108706,6269.099108706,8166,11432400,0.000000
1677,16.770063,6269.109117429,6269.109117429,8170,11438000,0.000000
1678,16.780050,6269.119104297,6269.119104297,8175,11445000,0.000000
1679,16.790069,6269.129122796,6269.129122796,8180,11452000,0.000000
1680,16.800066,6269.139120335,6269.139120335,8185,11459000,0.000000
1681,16.810065,6269.149118483,6269.149118483,8190,11466000,0.000000
1682,16.820061,6269.159115048,6269.159115048,8195,11473000,0.000000
1683,16.830070,6269.169123693,6269.169123693,8200,11480000,0.000000
1684,16.840082,6269.179136028,6269.179136028,8205,11487000,0.000000
1685,16.850066,6269.189120238,6269.189120238,8209,11492600,0.000000
1686,16.860065,6269.199119131,6269.199119131,8214,11499600,0.000000
1687,16.870071,6269.209125035,6269.209125035,8219,11506600,0.000000
1688,16.880055,6269.219108921,6269.219108921,8224,11513600,0.000000
1689,16.890064,6269.229118421,6269.229118421,8229,11520600,0.000000
1690,16.900065,6269.239118620,6269.239118620,8234,11527600,0.000000
1691,16.910061,6269.249114949,6269.249114949,8239,11534600,0.000000
1692,16.920066,6269.259120023,6269.259120023,8243,11540200,0.002052
1693,16.930067,6269.269121365,6269.269121365,8248,11547200,0.000000
1694,16.940057,6269.279111217,6269.279111217,8253,11554200,0.000000
1695,16.950072,6269.289125469,6269.289125469,8258,11561200,0.000000
1696,16.960070,6269.299124146,6269.299124146,8263,11568200,0.000000
1697,16.970073,6269.309126710,6269.309126710,8268,11575200,0.000000
1698,16.980028,6269.319081470,6269.319081470,8273,11582200,0.000000
1699,16.990040,6269.329094033,6269.329094033,8278,11589200,0.000000
1700,17.000067,6269.339121342,6269.339121342,8282,11594800,0.000000
1701,17.010070,6269.349123573,6269.349123573,8287,11601800,0.000000
1702,17.020066,6269.359120086,6269.359120086,8292,11608800,0.000000
1703,17.030064,6269.369118199,6269.369118199,8297,11615800,0.000000
1704,17.040079,6269.379133217,6269.379133217,8302,11622800,0.000000
1705,17.050060,6269.389114340,6269.389114340,8307,11629800,0.000000
1706,17.060060,6269.399114086,6269.399114086,8312,11636800,0.000000
1707,17.070059,6269.409112985,6269.409112985,8317,11643800,0.000000
1708,17.080069,6269.419122866,6269.419122866,8321,11649400,0.000000
1709,17.090065,6269.429118610,6269.429118610,8326,11656400,0.000000
1710,17.100060,6269.439113710,6269.439113710,8331,11663400,0.000000
1711,17.110046,6269.449099944,6269.449099944,8336,11670400,0.000000
1712,17.120059,6269.459112782,6269.459112782,8341,11677400,0.000000
1713,17.130063,6269.469116793,6269.469116793,8346,11684400,0.000000
1714,17.140063,6269.479116547,6269.479116547,8351,11691400,0.000000
1715,17.150063,6269.489117340,6269.489117340,8356,11698400,0.000000
1716,17.160067,6269.499121150,6269.499121150,8360,11704000,0.000000
1717,17.170070,6269.509123837,6269.509123837,8365,11711000,0.000000
1718,17.180069,6269.519122737,6269.519122737,8370,11718000,0.000000
1719,17.190069,6269.529122621,6269.529122621,8375,11725000,0.000000
1720,17.200062,6269.539116131,6269.539116131,8380,11732000,0.000000
1721,17.210063,6269.549117146,6269.549117146,8385,11739000,0.000000
1722,17.220059,6269.559112575,6269.559112575,8390,11746000,0.000000
1723,17.230018,6269.569071845,6269.569071845,8395,11753000,0.000000
1724,17.240034,6269.579087677,6269.579087677,8399,11758600,0.000000
1725,17.250068,6269.589121509,6269.589121509,8404,11765600,0.000000
1726,17.260020,6269.599073940,6269.599073940,8409,11772600,0.000000
1727,17.270067,6269.609120886,6269.609120886,8414,11779600,0.000000
1728,17.280059,6269.619113026,6269.619113026,8419,11786600,0.000000
1729,17.290058,6269.629112201,6269.629112201,8424,11793600,0.000000
1730,17.300063,6269.639116712,6269.639116712,8429,11800600,0.000000
1731,17.310086,6269.649140347,6269.649140347,8434,11807600,0.000000
1732,17.320057,6269.659110882,6269.659110882,8438,11813200,0.000000
1733,17.330052,6269.669105562,6269.669105562,8443,11820200,0.000000
1734,17.340048,6269.679102184,6269.679102184,8448,11827200,0.000000
1735,17.350072,6269.689125565,6269.689125565,8453,11834200,0.000000
1736,17.360065,6269.699119086,6269.699119086,8458,11841200,0.000000
1737,17.370068,6269.709122199,6269.709122199,8463,11848200,0.000000
1738,17.380059,6269.719113231,6269.719113231,8468,11855200,0.000000
1739,17.390066,6269.729119744,6269.729119744,8472,11860800,0.000000
1740,17.400064,6269.739117842,6269.739117842,8477,11867800,0.000000
1741,17.410069,6269.749122568,6269.749122568,8482,11874800,0.000000
1742,17.420055,6269.759108612,6269.759108612,8487,11881800,0.000000
1743,17.430045,6269.769098591,6269.769098591,8492,11888800,0.000000
1744,17.440074,6269.779127749,6269.779127749,8497,11895800,0.000000
1745,17.450059,6269.789112495,6269.789112495,8502,11902800,0.000000
1746,17.460030,6269.799084295,6269.799084295,8507,11909800,0.000000
1747,17.470062,6269.809116358,6269.809116358,8511,11915400,0.000000
1748,17.480062,6269.819116017,6269.819116017,8516,11922400,0.000000
1749,17.490065,6269.829118689,6269.829118689,8521,11929400,0.000000
1750,17.500065,6269.839118769,6269.839118769,8526,11936400,0.000000
1751,17.510063,6269.849116772,6269.849116772,8531,11943400,0.000000
1752,17.520062,6269.859115563,6269.859115563,8536,11950400,0.000000
1753,17.530060,6269.869113560,6269.869113560,8541,11957400,0.000000
1754,17.540062,6269.879116064,6269.879116064,8546,11964400,0.000000
1755,17.550065,6269.889119006,6269.889119006,8550,11970000,0.000000
1756,17.560064,6269.899118286,6269.899118286,8555,11977000,0.000000
1757,17.570062,6269.909115911,6269.909115911,8560,11984000,0.000000
1758,17.580029,6269.919082679,6269.919082679,8565,11991000,0.000000
1759,17.590065,6269.929118523,6269.929118523,8570,11998000,0.000000
1760,17.600068,6269.939121737,6269.939121737,8575,12005000,0.000000
1761,17.610078,6269.949131926,6269.949131926,8580,12012000,0.000000
1762,17.620059,6269.959112757,6269.959112757,8585,12019000,0.000000
1763,17.630040,6269.969093680,6269.969093680,8589,12024600,0.000000
1764,17.640069,6269.979123050,6269.979123050,8594,12031600,0.000000
1765,17.650066,6269.989120371,6269.989120371,8599,12038600,0.000000
1766,17.660065,6269.999119417,6269.999119417,8604,12045600,0.000000
1767,17.670068,6270.009121520,6270.009121520,8609,12052600,0.000000
1768,17.680066,6270.019119556,6270.019119556,8614,12059600,0.000000
1769,17.690066,6270.029120313,6270.029120313,8619,12066600,0.000000
1770,17.700062,6270.039115938,6270.039115938,8624,12073600,0.000000
1771,17.710068,6270.049122268,6270.049122268,8628,12079200,0.000000
1772,17.720065,6270.059118700,6270.059118700,8633,12086200,0.000000
1773,17.730066,6270.069119802,6270.069119802,8638,12093200,0.000000
1774,17.740066,6270.079120038,6270.079120038,8643,12100200,0.000000
1775,17.750065,6270.089119362,6270.089119362,8648,12107200,0.000000
1776,17.760063,6270.099117424,6270.099117424,8653,12114200,0.000000
1777,17.770041,6270.109095267,6270.109095267,8658,12121200,0.000000
1778,17.780079,6270.119132582,6270.119132582,8663,12128200,0.000000
1779,17.790065,6270.129119436,6270.129119436,8667,12133800,0.000000
1780,17.800066,6270.139120354,6270.139120354,8672,12140800,0.000000
1781,17.810066,6270.149119615,6270.149119615,8677,12147800,0.000000
1782,17.820065,6270.159118745,6270.159118745,8682,12154800,0.000000
1783,17.830077,6270.169130744,6270.169130744,8687,12161800,0.000000
1784,17.840067,6270.179120814,6270.179120814,8692,12168800,0.000000
1785,17.850070,6270.189124258,6270.189124258,8697,12175800,0.000000
1786,17.860068,6270.199121937,6270.199121937,8701,12181400,0.000000
1787,17.870064,6270.209117467,6270.209117467,8706,12188400,0.000000
1788,17.880072,6270.219126284,6270.219126284,8711,12195400,0.000000
1789,17.890067,6270.229120682,6270.229120682,8716,12202400,0.000000
1790,17.900064,6270.239117588,6270.239117588,8721,12209400,0.000000
1791,17.910064,6270.249118306,6270.249118306,8726,12216400,0.000000
1792,17.920058,6270.259112348,6270.259112348,8731,12223400,0.000000
1793,17.930043,6270.269097064,6270.269097064,8736,12230400,0.000000
1794,17.940065,6270.279119324,6270.279119324,8740,12236000,0.000000
1795,17.950065,6270.289119371,6270.289119371,8745,12243000,0.000000
1796,17.960062,6270.299115898,6270.299115898,8750,12250000,0.000000
1797,17.970065,6270.309118685,6270.309118685,8755,12257000,0.000000
1798,17.980067,6270.319120717,6270.319120717,8760,12264000,0.000000
1799,17.990063,6270.329116912,6270.329116912,8765,12271000,0.000000
1800,18.000063,6270.339116744,6270.339116744,8770,12278000,0.000000
1801,18.010068,6270.349121902,6270.349121902,8775,12285000,0.000000
1802,18.020073,6270.359126648,6270.359126648,8779,12290600,0.000000
1803,18.030069,6270.369122864,6270.369122864,8784,12297600,0.000000
1804,18.040071,6270.379125330,6270.379125330,8789,12304600,0.000000
1805,18.050066,6270.389119585,6270.389119585,8794,12311600,0.000000
1806,18.060070,6270.399124022,6270.399124022,8799,12318600,0.000000
1807,18.070078,6270.409132221,6270.409132221,8804,12325600,0.000000
1808,18.080069,6270.419122777,6270.419122777,8809,12332600,0.000000
1809,18.090043,6270.429096498,6270.429096498,8814,12339600,0.000000
1810,18.100085,6270.439139312,6270.439139312,8818,12345200,0.000000
1811,18.110082,6270.449136201,6270.449136201,8823,12352200,0.000000
1812,18.120068,6270.459121523,6270.459121523,8828,12359200,0.000000
1813,18.130062,6270.469115784,6270.469115784,8833,12366200,0.000000
1814,18.140075,6270.479129312,6270.479129312,8838,12373200,0.000000
1815,18.150066,6270.489119636,6270.489119636,8843,12380200,0.000000
1816,18.160062,6270.499116258,6270.499116258,8848,12387200,0.000000
1817,18.170061,6270.509115222,6270.509115222,8853,12394200,0.000000
1818,18.180071,6270.519124983,6270.519124983,8857,12399800,0.000000
1819,18.190070,6270.529123727,6270.529123727,8862,12406800,0.000000
1820,18.200055,6270.539108614,6270.539108614,8867,12413800,0.000000
1821,18.210062,6270.549116100,6270.549116100,8872,12420800,0.000000
1822,18.220063,6270.559116673,6270.559116673,8877,12427800,0.000000
1823,18.230066,6270.569120396,6270.569120396,8882,12434800,0.000000
1824,18.240067,6270.579121356,6270.579121356,8887,12441800,0.000000
1825,18.250079,6270.589132898,6270.589132898,8892,12448800,0.000000
1826,18.260067,6270.599120777,6270.599120777,8896,12454400,0.000000
1827,18.270069,6270.609123449,6270.609123449,8901,12461400,0.000000
1828,18.280042,6270.619096293,6270.619096293,8906,12468400,0.000000
1829,18.290068,6270.629122115,6270.629122115,8911,12475400,0.000000
1830,18.300064,6270.639117516,6270.639117516,8916,12482400,0.000000
1831,18.310065,6270.649118638,6270.649118638,8921,12489400,0.000000
1832,18.320015,6270.659068728,6270.659068728,8926,12496400,0.000000
1833,18.330072,6270.669125602,6270.669125602,8930,12502000,0.002052
1834,18.340064,6270.679117894,6270.679117894,8935,12509000,0.000000
1835,18.350067,6270.689121275,6270.689121275,8940,12516000,0.000000
1836,18.360069,6270.699123142,6270.699123142,8945,12523000,0.000000
1837,18.370066,6270.709119586,6270.709119586,8950,12530000,0.000000
1838,18.380064,6270.719117764,6270.719117764,8955,12537000,0.000000
1839,18.390064,6270.729117500,6270.729117500,8960,12544000,0.000000
1840,18.400046,6270.739099833,6270.739099833,8965,12551000,0.000000
1841,18.410068,6270.749122030,6270.749122030,8969,12556600,0.000000
1842,18.420069,6270.759123069,6270.759123069,8974,12563600,0.000000
1843,18.430066,6270.769120219,6270.769120219,8979,12570600,0.000000
1844,18.440064,6270.779118067,6270.779118067,8984,12577600,0.000000
1845,18.450064,6270.789118137,6270.789118137,8989,12584600,0.000000
1846,18.460186,6270.799239660,6270.799239660,8994,12591600,0.000000
1847,18.470064,6270.809118226,6270.809118226,8999,12598600,0.000000
1848,18.480063,6270.819117051,6270.819117051,9004,12605600,0.000000
1849,18.490072,6270.829125738,6270.829125738,9008,12611200,0.000000
1850,18.500068,6270.839121502,6270.839121502,9013,12618200,0.000000
1851,18.510063,6270.849116666,6270.849116666,9018,12625200,0.000000
1852,18.520052,6270.859105657,6270.859105657,9023,12632200,0.000000
1853,18.530062,6270.869115938,6270.869115938,9028,12639200,0.000000
1854,18.540066,6270.879119679,6270.879119679,9033,12646200,0.000000
1855,18.550060,6270.889113731,6270.889113731,9038,12653200,0.000000
1856,18.560063,6270.899117152,6270.899117152,9043,12660200,0.000000
1857,18.570072,6270.909126073,6270.909126073,9047,12665800,0.000000
1858,18.580068,6270.919121516,6270.919121516,9052,12672800,0.000000
1859,18.590061,6270.929114885,6270.929114885,9057,12679800,0.000000
1860,18.600065,6270.939119134,6270.939119134,9062,12686800,0.000000
1861,18.610064,6270.949118271,6270.949118271,9067,12693800,0.000000
1862,18.620062,6270.959116461,6270.959116461,9072,12700800,0.000000
1863,18.630064,6270.969118225,6270.969118225,9077,12707800,0.000000
1864,18.640064,6270.979117688,6270.979117688,9082,12714800,0.000000
1865,18.650068,6270.989122099,6270.989122099,9086,12720400,0.000000
1866,18.660071,6270.999124977,6270.999124977,9091,12727400,0.000000
1867,18.670068,6271.009121936,6271.009121936,9096,12734400,0.000000
1868,18.680045,6271.019099059,6271.019099059,9101,12741400,0.000000
1869,18.690066,6271.029120166,6271.029120166,9106,12748400,0.000000
1870,18.700064,6271.039117618,6271.039117618,9111,12755400,0.000000
1871,18.710064,6271.049117586,6271.049117586,9116,12762400,0.000000
1872,18.720079,6271.059132929,6271.059132929,9121,12769400,0.000000
1873,18.730072,6271.069125650,6271.069125650,9125,12775000,0.000000
1874,18.740071,6271.079125246,6271.079125246,9130,12782000,0.000000
1875,18.750070,6271.089124407,6271.089124407,9135,12789000,0.000000
1876,18.760070,6271.099123487,6271.099123487,9140,12796000,0.000000
1877,18.770072,6271.109125870,6271.109125870,9145,12803000,0.000000
1878,18.780069,6271.119122681,6271.119122681,9150,12810000,0.000000
1879,18.790012,6271.129066288,6271.129066288,9155,12817000,0.000000
1880,18.800051,6271.139105125,6271.139105125,9159,12822600,0.000000
1881,18.810071,6271.149124538,6271.149124538,9164,12829600,0.000000
1882,18.820066,6271.159120116,6271.159120116,9169,12836600,0.000000
1883,18.830070,6271.169124338,6271.169124338,9174,12843600,0.000000
1884,18.840063,6271.179116891,6271.179116891,9179,12850600,0.000000
1885,18.850064,6271.189118422,6271.189118422,9184,12857600,0.000000
1886,18.860066,6271.199119729,6271.199119729,9189,12864600,0.000000
1887,18.870050,6271.209103862,6271.209103862,9194,12871600,0.000000
1888,18.880069,6271.219122798,6271.219122798,9198,12877200,0.000000
1889,18.890062,6271.229116109,6271.229116109,9203,12884200,0.000000
1890,18.900041,6271.239095411,6271.239095411,9208,12891200,0.000000
1891,18.910022,6271.249075489,6271.249075489,9213,12898200,0.000000
1892,18.920070,6271.259123930,6271.259123930,9218,12905200,0.000000
1893,18.930068,6271.269121643,6271.269121643,9223,12912200,0.000000
1894,18.940060,6271.279114164,6271.279114164,9228,12919200,0.000000
1895,18.950064,6271.289118136,6271.289118136,9233,12926200,0.000000
1896,18.960073,6271.299126666,6271.299126666,9237,12931800,0.000000
1897,18.970068,6271.309122007,6271.309122007,9242,12938800,0.000000
1898,18.980066,6271.319120261,6271.319120261,9247,12945800,0.000000
1899,18.990067,6271.329121000,6271.329121000,9252,12952800,0.000000
1900,19.000071,6271.339124530,6271.339124530,9257,12959800,0.000000
1901,19.010066,6271.349119701,6271.349119701,9262,12966800,0.000000
1902,19.020059,6271.359113403,6271.359113403,9267,12973800,0.000000
1903,19.030024,6271.369077526,6271.369077526,9272,12980800,0.000000
1904,19.040068,6271.379121967,6271.379121967,9276,12986400,0.000000
1905,19.050070,6271.389124375,6271.389124375,9281,12993400,0.000000
1906,19.060070,6271.399124140,6271.399124140,9286,13000400,0.000000
1907,19.070061,6271.409115348,6271.409115348,9291,13007400,0.000000
1908,19.080065,6271.419118860,6271.419118860,9296,13014400,0.000000
1909,19.090075,6271.429129269,6271.429129269,9301,13021400,0.000000
1910,19.100067,6271.439120753,6271.439120753,9306,13028400,0.000000
1911,19.110066,6271.449120105,6271.449120105,9311,13035400,0.000000
1912,19.120056,6271.459110003,6271.459110003,9315,13041000,0.000000
1913,19.130071,6271.469125383,6271.469125383,9320,13048000,0.000000
1914,19.140061,6271.479115250,6271.479115250,9325,13055000,0.000000
1915,19.150060,6271.489114215,6271.489114215,9330,13062000,0.000000
1916,19.160064,6271.499117876,6271.499117876,9335,13069000,0.000000
1917,19.170063,6271.509116774,6271.509116774,9340,13076000,0.000000
1918,19.180070,6271.519123514,6271.519123514,9345,13083000,0.000000
1919,19.190106,6271.529160132,6271.529160132,9350,13090000,0.000000
1920,19.200068,6271.539121801,6271.539121801,9354,13095600,0.000000
1921,19.210036,6271.549089545,6271.549089545,9359,13102600,0.000000
1922,19.220047,6271.559101381,6271.559101381,9364,13109600,0.000000
1923,19.230066,6271.569120097,6271.569120097,9369,13116600,0.000000
1924,19.240064,6271.579117861,6271.579117861,9374,13123600,0.000000
1925,19.250064,6271.589118025,6271.589118025,9379,13130600,0.000000
1926,19.260065,6271.599118670,6271.599118670,9384,13137600,0.000000
1927,19.270068,6271.609122261,6271.609122261,9388,13143200,0.000000
1928,19.280066,6271.619120463,6271.619120463,9393,13150200,0.000000
1929,19.290063,6271.629117037,6271.629117037,9398,13157200,0.000000
1930,19.300074,6271.639127718,6271.639127718,9403,13164200,0.000000
1931,19.310063,6271.649116520,6271.649116520,9408,13171200,0.000000
1932,19.320065,6271.659119210,6271.659119210,9413,13178200,0.000000
1933,19.330065,6271.669119318,6271.669119318,9418,13185200,0.000000
1934,19.340064,6271.679118190,6271.679118190,9423,13192200,0.000000
1935,19.350069,6271.689123038,6271.689123038,9427,13197800,0.000000
1936,19.360074,6271.699128382,6271.699128382,9432,13204800,0.000000
1937,19.370071,6271.709124714,6271.709124714,9437,13211800,0.000000
1938,19.380063,6271.719116519,6271.719116519,9442,13218800,0.000000
1939,19.390069,6271.729122974,6271.729122974,9447,13225800,0.000000
1940,19.400071,6271.739125062,6271.739125062,9452,13232800,0.000000
1941,19.410062,6271.749115497,6271.749115497,9457,13239800,0.000000
1942,19.420060,6271.759114454,6271.759114454,9462,13246800,0.000000
1943,19.430064,6271.769117599,6271.769117599,9466,13252400,0.000000
1944,19.440070,6271.779123725,6271.779123725,9471,13259400,0.000000
1945,19.450065,6271.789119154,6271.789119154,9476,13266400,0.000000
1946,19.460085,6271.799139215,6271.799139215,9481,13273400,0.000000
1947,19.470064,6271.809118115,6271.809118115,9486,13280400,0.000000
1948,19.480068,6271.819121980,6271.819121980,9491,13287400,0.000000
1949,19.490060,6271.829113724,6271.829113724,9496,13294400,0.000000
1950,19.500058,6271.839111539,6271.839111539,9501,13301400,0.000000
1951,19.510067,6271.849121253,6271.849121253,9505,13307000,0.000000
1952,19.520067,6271.859120664,6271.859120664,9510,13314000,0.000000
1953,19.530067,6271.869120918,6271.869120918,9515,13321000,0.000000
1954,19.540067,6271.879120971,6271.879120971,9520,13328000,0.000000
1955,19.550065,6271.889118713,6271.889118713,9525,13335000,0.000000
1956,19.560084,6271.899137579,6271.899137579,9530,13342000,0.000000
1957,19.570066,6271.909119812,6271.909119812,9535,13349000,0.000000
1958,19.580075,6271.919129030,6271.919129030,9540,13356000,0.000000
1959,19.590071,6271.929124886,6271.929124886,9544,13361600,0.000000
1960,19.600070,6271.939123708,6271.939123708,9549,13368600,0.000000
1961,19.610072,6271.949125657,6271.949125657,9554,13375600,0.000000
1962,19.620065,6271.959119041,6271.959119041,9559,13382600,0.000000
1963,19.630066,6271.969119549,6271.969119549,9564,13389600,0.000000
1964,19.640066,6271.979119492,6271.979119492,9569,13396600,0.000000
1965,19.650063,6271.989116589,6271.989116589,9574,13403600,0.000000
1966,19.660075,6271.999128936,6271.999128936,9579,13410600,0.000000
1967,19.670065,6272.009118584,6272.009118584,9583,13416200,0.000000
1968,19.680060,6272.019113842,6272.019113842,9588,13423200,0.000000
1969,19.690067,6272.029120579,6272.029120579,9593,13430200,0.000000
1970,19.700066,6272.039120332,6272.039120332,9598,13437200,0.000000
1971,19.710065,6272.049119234,6272.049119234,9603,13444200,0.000000
1972,19.720067,6272.059120693,6272.059120693,9608,13451200,0.000000
1973,19.730066,6272.069119484,6272.069119484,9613,13458200,0.000000
1974,19.740074,6272.079127713,6272.079127713,9617,13463800,0.000000
1975,19.750071,6272.089124681,6272.089124681,9622,13470800,0.000000
1976,19.760067,6272.099120612,6272.099120612,9627,13477800,0.000000
1977,19.770066,6272.109120334,6272.109120334,9632,13484800,0.000000
1978,19.780060,6272.119114440,6272.119114440,9637,13491800,0.000000
1979,19.790063,6272.129116629,6272.129116629,9642,13498800,0.000000
1980,19.800065,6272.139119410,6272.139119410,9647,13505800,0.000000
1981,19.810054,6272.149108360,6272.149108360,9652,13512800,0.000000
1982,19.820067,6272.159120954,6272.159120954,9656,13518400,0.000000
1983,19.830068,6272.169122256,6272.169122256,9661,13525400,0.000000
1984,19.840068,6272.179122206,6272.179122206,9666,13532400,0.000000
1985,19.850022,6272.189076055,6272.189076055,9671,13539400,0.000000
1986,19.860065,6272.199118702,6272.199118702,9676,13546400,0.000000
1987,19.870063,6272.209117448,6272.209117448,9681,13553400,0.000000
1988,19.880064,6272.219117555,6272.219117555,9686,13560400,0.000000
1989,19.890062,6272.229115948,6272.229115948,9691,13567400,0.000000
1990,19.900064,6272.239118217,6272.239118217,9695,13573000,0.000000
1991,19.910067,6272.249121460,6272.249121460,9700,13580000,0.000000
1992,19.920072,6272.259126144,6272.259126144,9705,13587000,0.000000
1993,19.930066,6272.269120202,6272.269120202,9710,13594000,0.000000
1994,19.940067,6272.279120598,6272.279120598,9715,13601000,0.000000
1995,19.950069,6272.289122777,6272.289122777,9720,13608000,0.000000
1996,19.960069,6272.299123425,6272.299123425,9725,13615000,0.000000
1997,19.970027,6272.309080639,6272.309080639,9730,13622000,0.000000
1998,19.980068,6272.319122427,6272.319122427,9734,13627600,0.000000
1999,19.990069,6272.329122595,6272.329122595,9739,13634600,0.000000
2000,20.000080,6272.339133915,6272.339133915,9744,13641600,0.000000
2001,20.010066,6272.349120258,6272.349120258,9749,13648600,0.000000
2002,20.020067,6272.359120997,6272.359120997,9754,13655600,0.000000
2003,20.030066,6272.369119591,6272.369119591,9759,13662600,0.000000
2004,20.040057,6272.379111342,6272.379111342,9764,13669600,0.000000
2005,20.050071,6272.389124523,6272.389124523,9769,13676600,0.000000
2006,20.060071,6272.399125182,6272.399125182,9773,13682200,0.000000
2007,20.070070,6272.409123590,6272.409123590,9778,13689200,0.000000
2008,20.080062,6272.419116334,6272.419116334,9783,13696200,0.000000
2009,20.090065,6272.429119068,6272.429119068,9788,13703200,0.000000
2010,20.100081,6272.439134880,6272.439134880,9793,13710200,0.000000
2011,20.110068,6272.449122337,6272.449122337,9798,13717200,0.000000
2012,20.120065,6272.459118561,6272.459118561,9803,13724200,0.000000
2013,20.130071,6272.469124783,6272.469124783,9808,13731200,0.000000
2014,20.140068,6272.479121947,6272.479121947,9812,13736800,0.000000
2015,20.150069,6272.489123176,6272.489123176,9817,13743800,0.000000
2016,20.160036,6272.499089965,6272.499089965,9822,13750800,0.000000
2017,20.170063,6272.509117382,6272.509117382,9827,13757800,0.000000
2018,20.180064,6272.519117646,6272.519117646,9832,13764800,0.000000
2019,20.190063,6272.529117324,6272.529117324,9837,13771800,0.000000
2020,20.200060,6272.539113776,6272.539113776,9842,13778800,0.000000
2021,20.210068,6272.549121623,6272.549121623,9846,13784400,0.000000
2022,20.220065,6272.559119417,6272.559119417,9851,13791400,0.000000
2023,20.230060,6272.569113859,6272.569113859,9856,13798400,0.000000
2024,20.240068,6272.579121744,6272.579121744,9861,13805400,0.000000
2025,20.250068,6272.589121818,6272.589121818,9866,13812400,0.000000
2026,20.260070,6272.599124083,6272.599124083,9871,13819400,0.000000
2027,20.270060,6272.609113925,6272.609113925,9876,13826400,0.000000
2028,20.280050,6272.619103718,6272.619103718,9881,13833400,0.000000
2029,20.290073,6272.629127119,6272.629127119,9885,13839000,0.000000
2030,20.300065,6272.639119184,6272.639119184,9890,13846000,0.000000
2031,20.310061,6272.649114527,6272.649114527,9895,13853000,0.000000
2032,20.320077,6272.659131405,6272.659131405,9900,13860000,0.000000
2033,20.330064,6272.669117810,6272.669117810,9905,13867000,0.000000
2034,20.340042,6272.679096143,6272.679096143,9910,13874000,0.000000
2035,20.350058,6272.689112392,6272.689112392,9915,13881000,0.000000
2036,20.360064,6272.699117767,6272.699117767,9920,13888000,0.000000
2037,20.370069,6272.709122793,6272.709122793,9924,13893600,0.000000
2038,20.380069,6272.719122996,6272.719122996,9929,13900600,0.000000
2039,20.390072,6272.729126355,6272.729126355,9934,13907600,0.000000
2040,20.400049,6272.739103220,6272.739103220,9939,13914600,0.000000
2041,20.410064,6272.749117944,6272.749117944,9944,13921600,0.000000
2042,20.420077,6272.759131388,6272.759131388,9949,13928600,0.000000
2043,20.430042,6272.769095739,6272.769095739,9954,13935600,0.000000
2044,20.440063,6272.779116702,6272.779116702,9959,13942600,0.000000
2045,20.450066,6272.789119972,6272.789119972,9963,13948200,0.000000
2046,20.460063,6272.799117008,6272.799117008,9968,13955200,0.000000
2047,20.470049,6272.809103258,6272.809103258,9973,13962200,0.000000
2048,20.480059,6272.819113246,6272.819113246,9978,13969200,0.000000
2049,20.490066,6272.829119699,6272.829119699,9983,13976200,0.000000
2050,20.500068,6272.839122201,6272.839122201,9988,13983200,0.000000
2051,20.510067,6272.849121236,6272.849121236,9993,13990200,0.000000
2052,20.520074,6272.859128315,6272.859128315,9998,13997200,0.000000
2053,20.530069,6272.869122951,6272.869122951,10002,14002800,0.000000
2054,20.540066,6272.879120154,6272.879120154,10007,14009800,0.000000
2055,20.550069,6272.889123114,6272.889123114,10012,14016800,0.000000
2056,20.560066,6272.899119968,6272.899119968,10017,14023800,0.000000
2057,20.570064,6272.909117568,6272.909117568,10022,14030800,0.000000
2058,20.580064,6272.919118080,6272.919118080,10027,14037800,0.000000
2059,20.590021,6272.929075148,6272.929075148,10032,14044800,0.000000
2060,20.600085,6272.939139451,6272.939139451,10037,14051800,0.000000
2061,20.610071,6272.949125307,6272.949125307,10041,14057400,0.000000
2062,20.620072,6272.959125809,6272.959125809,10046,14064400,0.000000
2063,20.630031,6272.969085118,6272.969085118,10051,14071400,0.000000
2064,20.640065,6272.979119081,6272.979119081,10056,14078400,0.000000
2065,20.650062,6272.989115862,6272.989115862,10061,14085400,0.000000
2066,20.660025,6272.999078962,6272.999078962,10066,14092400,0.000000
2067,20.670070,6273.009123790,6273.009123790,10071,14099400,0.000000
2068,20.680105,6273.019158972,6273.019158972,10076,14106400,0.000000
2069,20.690070,6273.029123870,6273.029123870,10080,14112000,0.000000
2070,20.700065,6273.039118790,6273.039118790,10085,14119000,0.000000
2071,20.710057,6273.049111354,6273.049111354,10090,14126000,0.000000
2072,20.720067,6273.059120793,6273.059120793,10095,14133000,0.000000
2073,20.730068,6273.069121532,6273.069121532,10100,14140000,0.000000
2074,20.740067,6273.079120582,6273.079120582,10105,14147000,0.000000
2075,20.750060,6273.089113651,6273.089113651,10110,14154000,0.000000
2076,20.760068,6273.099121483,6273.099121483,10114,14159600,0.000000
2077,20.770068,6273.109122459,6273.109122459,10119,14166600,0.000000
2078,20.780066,6273.119120105,6273.119120105,10124,14173600,0.000000
2079,20.790068,6273.129121485,6273.129121485,10129,14180600,0.000000
2080,20.800063,6273.139117134,6273.139117134,10134,14187600,0.000000
2081,20.810063,6273.149117416,6273.149117416,10139,14194600,0.000000
2082,20.820063,6273.159117361,6273.159117361,10144,14201600,0.000000
2083,20.830063,6273.169116616,6273.169116616,10149,14208600,0.000000
2084,20.840068,6273.179122052,6273.179122052,10153,14214200,0.000000
2085,20.850065,6273.189119332,6273.189119332,10158,14221200,0.000000
2086,20.860062,6273.199116293,6273.199116293,10163,14228200,0.000000
2087,20.870060,6273.209113577,6273.209113577,10168,14235200,0.000000
2088,20.880065,6273.219118684,6273.219118684,10173,14242200,0.000000
2089,20.890064,6273.229118376,6273.229118376,10178,14249200,0.000000
2090,20.900064,6273.239118315,6273.239118315,10183,14256200,0.000000
2091,20.910063,6273.249117152,6273.249117152,10188,14263200,0.000000
2092,20.920073,6273.259126498,6273.259126498,10192,14268800,0.000000
2093,20.930067,6273.269120946,6273.269120946,10197,14275800,0.000000
2094,20.940069,6273.279123283,6273.279123283,10202,14282800,0.000000
2095,20.950064,6273.289118244,6273.289118244,10207,14289800,0.000000
2096,20.960068,6273.299121953,6273.299121953,10212,14296800,0.000000
2097,20.970065,6273.309118998,6273.309118998,10217,14303800,0.000000
2098,20.980060,6273.319113959,6273.319113959,10222,14310800,0.000000
2099,20.990079,6273.329132881,6273.329132881,10227,14317800,0.000000
2100,21.000069,6273.339123060,6273.339123060,10231,14323400,0.000000
2101,21.010069,6273.349122647,6273.349122647,10236,14330400,0.000000
2102,21.020028,6273.359081536,6273.359081536,10241,14337400,0.000000
2103,21.030067,6273.369120819,6273.369120819,10246,14344400,0.000000
2104,21.040069,6273.379122826,6273.379122826,10251,14351400,0.000000
2105,21.050060,6273.389114133,6273.389114133,10256,14358400,0.000000
2106,21.060061,6273.399114728,6273.399114728,10261,14365400,0.000000
2107,21.070077,6273.409130724,6273.409130724,10266,14372400,0.000000
2108,21.080056,6273.419110346,6273.419110346,10270,14378000,0.000000
2109,21.090059,6273.429112829,6273.429112829,10275,14385000,0.000000
2110,21.100066,6273.439119598,6273.439119598,10280,14392000,0.000000
2111,21.110068,6273.449121871,6273.449121871,10285,14399000,0.000000
2112,21.120065,6273.459118889,6273.459118889,10290,14406000,0.000000
2113,21.130047,6273.469101379,6273.469101379,10295,14413000,0.000000
2114,21.140060,6273.479113567,6273.479113567,10300,14420000,0.000000
2115,21.150064,6273.489117769,6273.489117769,10304,14425600,0.000000
2116,21.160068,6273.499122053,6273.499122053,10309,14432600,0.000000
2117,21.170070,6273.509123776,6273.509123776,10314,14439600,0.000000
2118,21.180067,6273.519120636,6273.519120636,10319,14446600,0.000000
2119,21.190064,6273.529118337,6273.529118337,10324,14453600,0.000000
2120,21.200060,6273.539114043,6273.539114043,10329,14460600,0.000000
2121,21.210042,6273.549096457,6273.549096457,10334,14467600,0.000000
2122,21.220053,6273.559107118,6273.559107118,10339,14474600,0.000000
2123,21.230042,6273.569095871,6273.569095871,10343,14480200,0.000000
2124,21.240064,6273.579118195,6273.579118195,10348,14487200,0.000000
2125,21.250069,6273.589123162,6273.589123162,10353,14494200,0.000000
2126,21.260071,6273.599124558,6273.599124558,10358,14501200,0.000000
2127,21.270065,6273.609118583,6273.609118583,10363,14508200,0.000000
2128,21.280068,6273.619122337,6273.619122337,10368,14515200,0.000000
2129,21.290061,6273.629115321,6273.629115321,10373,14522200,0.000000
2130,21.300062,6273.639116209,6273.639116209,10378,14529200,0.000000
2131,21.310080,6273.649133938,6273.649133938,10382,14534800,0.000000
2132,21.320070,6273.659123783,6273.659123783,10387,14541800,0.000000
2133,21.330073,6273.669126761,6273.669126761,10392,14548800,0.000000
2134,21.340077,6273.679130814,6273.679130814,10397,14555800,0.000000
2135,21.350066,6273.689120032,6273.689120032,10402,14562800,0.000000
2136,21.360064,6273.699118327,6273.699118327,10407,14569800,0.000000
2137,21.370064,6273.709117787,6273.709117787,10412,14576800,0.000000
2138,21.380062,6273.719116388,6273.719116388,10417,14583800,0.000000
2139,21.390062,6273.729115685,6273.729115685,10421,14589400,0.000000
2140,21.400074,6273.739127558,6273.739127558,10426,14596400,0.000000
2141,21.410067,6273.749121193,6273.749121193,10431,14603400,0.000000
2142,21.420075,6273.759128723,6273.759128723,10436,14610400,0.000000
2143,21.430064,6273.769118244,6273.769118244,10441,14617400,0.000000
2144,21.440061,6273.779115223,6273.779115223,10446,14624400,0.000000
2145,21.450069,6273.789123405,6273.789123405,10451,14631400,0.000000
2146,21.460064,6273.799117676,6273.799117676,10456,14638400,0.000000
2147,21.470071,6273.809124914,6273.809124914,10460,14644000,0.000000
2148,21.480066,6273.819120173,6273.819120173,10465,14651000,0.000000
2149,21.490066,6273.829119750,6273.829119750,10470,14658000,0.000000
2150,21.500071,6273.839125337,6273.839125337,10475,14665000,0.000000
2151,21.510067,6273.849120481,6273.849120481,10480,14672000,0.000000
2152,21.520068,6273.859121530,6273.859121530,10485,14679000,0.000000
2153,21.530064,6273.869117627,6273.869117627,10490,14686000,0.000000
2154,21.540083,6273.879136567,6273.879136567,10495,14693000,0.000000
2155,21.550068,6273.889121545,6273.889121545,10499,14698600,0.000000
2156,21.560068,6273.899122291,6273.899122291,10504,14705600,0.000000
2157,21.570077,6273.909131143,6273.909131143,10509,14712600,0.000000
2158,21.580060,6273.919113503,6273.919113503,10514,14719600,0.000000
2159,21.590071,6273.929125037,6273.929125037,10519,14726600,0.000000
2160,21.600068,6273.939121610,6273.939121610,10524,14733600,0.000000
2161,21.610061,6273.949115462,6273.949115462,10529,14740600,0.000000
2162,21.620067,6273.959120856,6273.959120856,10533,14746200,0.000000
2163,21.630064,6273.969118176,6273.969118176,10538,14753200,0.000000
2164,21.640067,6273.979121186,6273.979121186,10543,14760200,0.000000
2165,21.650070,6273.989124458,6273.989124458,10548,14767200,0.000000
2166,21.660067,6273.999121137,6273.999121137,10553,14774200,0.000000
2167,21.670066,6274.009119902,6274.009119902,10558,14781200,0.000000
2168,21.680065,6274.019119215,6274.019119215,10563,14788200,0.000000
2169,21.690059,6274.029113162,6274.029113162,10568,14795200,0.000000
2170,21.700067,6274.039121426,6274.039121426,10572,14800800,0.000000
2171,21.710068,6274.049122178,6274.049122178,10577,14807800,0.000000
2172,21.720068,6274.059121764,6274.059121764,10582,14814800,0.000000
2173,21.730071,6274.069124682,6274.069124682,10587,14821800,0.000000
2174,21.740066,6274.079119966,6274.079119966,10592,14828800,0.000000
2175,21.750066,6274.089120170,6274.089120170,10597,14835800,0.000000
2176,21.760075,6274.099129028,6274.099129028,10602,14842800,0.000000
2177,21.770002,6274.109055817,6274.109055817,10607,14849800,0.000000
2178,21.780085,6274.119139332,6274.119139332,10611,14855400,0.000000
2179,21.790052,6274.129105610,6274.129105610,10616,14862400,0.000000
2180,21.800068,6274.139122456,6274.139122456,10621,14869400,0.000000
2181,21.810074,6274.149128452,6274.149128452,10626,14876400,0.000000
2182,21.820084,6274.159137653,6274.159137653,10631,14883400,0.000000
2183,21.830068,6274.169121926,6274.169121926,10636,14890400,0.000000
2184,21.840063,6274.179116922,6274.179116922,10641,14897400,0.000000
2185,21.850064,6274.189118325,6274.189118325,10646,14904400,0.000000
2186,21.860067,6274.199121210,6274.199121210,10650,14910000,0.000000
2187,21.870066,6274.209120010,6274.209120010,10655,14917000,0.000000
2188,21.880064,6274.219118111,6274.219118111,10660,14924000,0.000000
2189,21.890079,6274.229132834,6274.229132834,10665,14931000,0.000000
2190,21.900060,6274.239113577,6274.239113577,10670,14938000,0.000000
2191,21.910067,6274.249120979,6274.249120979,10675,14945000,0.000000
2192,21.920069,6274.259123362,6274.259123362,10680,14952000,0.000000
2193,21.930078,6274.269131579,6274.269131579,10685,14959000,0.000000
2194,21.940065,6274.279118740,6274.279118740,10689,14964600,0.000000
2195,21.950067,6274.289120507,6274.289120507,10694,14971600,0.000000
2196,21.960060,6274.299113965,6274.299113965,10699,14978600,0.000000
2197,21.970061,6274.309115355,6274.309115355,10704,14985600,0.000000
2198,21.980062,6274.319115860,6274.319115860,10709,14992600,0.000000
2199,21.990086,6274.329140243,6274.329140243,10714,14999600,0.000000
2200,22.000068,6274.339121611,6274.339121611,10719,15006600,0.000000
2201,22.010084,6274.349138068,6274.349138068,10724,15013600,0.000000
2202,22.020070,6274.359123612,6274.359123612,10728,15019200,0.000000
2203,22.030066,6274.369119903,6274.369119903,10733,15026200,0.000000
2204,22.040065,6274.379118691,6274.379118691,10738,15033200,0.000000
2205,22.050020,6274.389073987,6274.389073987,10743,15040200,0.000000
2206,22.060081,6274.399134881,6274.399134881,10748,15047200,0.000000
2207,22.070067,6274.409120514,6274.409120514,10753,15054200,0.000000
2208,22.080060,6274.419114314,6274.419114314,10758,15061200,0.000000
2209,22.090064,6274.429117529,6274.429117529,10762,15066800,0.000000
2210,22.100065,6274.439119239,6274.439119239,10767,15073800,0.000000
2211,22.110064,6274.449118392,6274.449118392,10772,15080800,0.000000
2212,22.120091,6274.459145254,6274.459145254,10777,15087800,0.000000
2213,22.130064,6274.469117955,6274.469117955,10782,15094800,0.000000
2214,22.140060,6274.479113763,6274.479113763,10787,15101800,0.000000
2215,22.150048,6274.489102195,6274.489102195,10792,15108800,0.000000
2216,22.160053,6274.499107000,6274.499107000,10797,15115800,0.000000
2217,22.170064,6274.509118422,6274.509118422,10801,15121400,0.000000
2218,22.180066,6274.519120176,6274.519120176,10806,15128400,0.000000
2219,22.190060,6274.529114413,6274.529114413,10811,15135400,0.000000
2220,22.200063,6274.539117149,6274.539117149,10816,15142400,0.000000
2221,22.210071,6274.549124974,6274.549124974,10821,15149400,0.000000
2222,22.220068,6274.559121615,6274.559121615,10826,15156400,0.000000
2223,22.230062,6274.569115691,6274.569115691,10831,15163400,0.000000
2224,22.240002,6274.579056440,6274.579056440,10836,15170400,0.000000
2225,22.250070,6274.589123886,6274.589123886,10840,15176000,0.000000
2226,22.260082,6274.599135600,6274.599135600,10845,15183000,0.000000
2227,22.270077,6274.609131340,6274.609131340,10850,15190000,0.000000
2228,22.280071,6274.619125063,6274.619125063,10855,15197000,0.000000
2229,22.290067,6274.629121309,6274.629121309,10860,15204000,0.000000
2230,22.300067,6274.639120969,6274.639120969,10865,15211000,0.000000
2231,22.310067,6274.649121160,6274.649121160,10870,15218000,0.000000
2232,22.320016,6274.659069505,6274.659069505,10875,15225000,0.000000
2233,22.330071,6274.669124740,6274.669124740,10879,15230600,0.000000
2234,22.340069,6274.679123291,6274.679123291,10884,15237600,0.000000
2235,22.350066,6274.689120098,6274.689120098,10889,15244600,0.000000
2236,22.360067,6274.699121428,6274.699121428,10894,15251600,0.000000
2237,22.370071,6274.709124844,6274.709124844,10899,15258600,0.000000
2238,22.380065,6274.719119337,6274.719119337,10904,15265600,0.000000
2239,22.390067,6274.729121122,6274.729121122,10909,15272600,0.000000
2240,22.400073,6274.739126554,6274.739126554,10914,15279600,0.000000
2241,22.410065,6274.749119412,6274.749119412,10918,15285200,0.000000
2242,22.420078,6274.759132263,6274.759132263,10923,15292200,0.000000
2243,22.430068,6274.769122313,6274.769122313,10928,15299200,0.000000
2244,22.440068,6274.779121703,6274.779121703,10933,15306200,0.000000
2245,22.450066,6274.789120255,6274.789120255,10938,15313200,0.000000
2246,22.460067,6274.799120783,6274.799120783,10943,15320200,0.000000
2247,22.470073,6274.809127060,6274.809127060,10948,15327200,0.000000
2248,22.480099,6274.819152529,6274.819152529,10953,15334200,0.000000
2249,22.490075,6274.829129367,6274.829129367,10957,15339800,0.000000
2250,22.500086,6274.839139875,6274.839139875,10962,15346800,0.000000
2251,22.510066,6274.849120248,6274.849120248,10967,15353800,0.000000
2252,22.520066,6274.859120373,6274.859120373,10972,15360800,0.000000
2253,22.530063,6274.869116922,6274.869116922,10977,15367800,0.000000
2254,22.540063,6274.879117294,6274.879117294,10982,15374800,0.000000
2255,22.550020,6274.889073849,6274.889073849,10987,15381800,0.000000
2256,22.560079,6274.899132568,6274.899132568,10991,15387400,0.000000
2257,22.570069,6274.909122838,6274.909122838,10996,15394400,0.000000
2258,22.580064,6274.919118295,6274.919118295,11001,15401400,0.000000
2259,22.590071,6274.929124586,6274.929124586,11006,15408400,0.000000
2260,22.600063,6274.939117174,6274.939117174,11011,15415400,0.000000
2261,22.610066,6274.949120359,6274.949120359,11016,15422400,0.000000
2262,22.620063,6274.959117116,6274.959117116,11021,15429400,0.000000
2263,22.630067,6274.969121249,6274.969121249,11026,15436400,0.000000
2264,22.640070,6274.979124000,6274.979124000,11030,15442000,0.000000
2265,22.650070,6274.989123796,6274.989123796,11035,15449000,0.000000
2266,22.660069,6274.999122726,6274.999122726,11040,15456000,0.000000
2267,22.670024,6275.009078262,6275.009078262,11045,15463000,0.000000
2268,22.680064,6275.019118376,6275.019118376,11050,15470000,0.000000
2269,22.690065,6275.029118983,6275.029118983,11055,15477000,0.000000
2270,22.700065,6275.039119415,6275.039119415,11060,15484000,0.000000
2271,22.710063,6275.049116734,6275.049116734,11065,15491000,0.000000
2272,22.720069,6275.059122733,6275.059122733,11069,15496600,0.000000
2273,22.730073,6275.069126847,6275.069126847,11074,15503600,0.000000
2274,22.740069,6275.079122795,6275.079122795,11079,15510600,0.000000
2275,22.750067,6275.089120586,6275.089120586,11084,15517600,0.000000
2276,22.760066,6275.099119468,6275.099119468,11089,15524600,0.000000
2277,22.770066,6275.109119634,6275.109119634,11094,15531600,0.000000
2278,22.780066,6275.119119515,6275.119119515,11099,15538600,0.000000
2279,22.790065,6275.129119305,6275.129119305,11104,15545600,0.000000
2280,22.800069,6275.139123222,6275.139123222,11108,15551200,0.000000
2281,22.810071,6275.149124568,6275.149124568,11113,15558200,0.000000
2282,22.820064,6275.159118318,6275.159118318,11118,15565200,0.000000
2283,22.830066,6275.169119948,6275.169119948,11123,15572200,0.000000
2284,22.840069,6275.179123424,6275.179123424,11128,15579200,0.000000
2285,22.850066,6275.189120283,6275.189120283,11133,15586200,0.000000
2286,22.860069,6275.199122526,6275.199122526,11138,15593200,0.000000
2287,22.870082,6275.209135664,6275.209135664,11143,15600200,0.000000
2288,22.880083,6275.219136857,6275.219136857,11147,15605800,0.000000
2289,22.890067,6275.229120890,6275.229120890,11152,15612800,0.000000
2290,22.900045,6275.239098978,6275.239098978,11157,15619800,0.000000
2291,22.910061,6275.249115105,6275.249115105,11162,15626800,0.000000
2292,22.920065,6275.259118808,6275.259118808,11167,15633800,0.000000
2293,22.930078,6275.269131628,6275.269131628,11172,15640800,0.000000
2294,22.940065,6275.279119292,6275.279119292,11177,15647800,0.000000
2295,22.950087,6275.289140516,6275.289140516,11182,15654800,0.000000
2296,22.960064,6275.299117999,6275.299117999,11186,15660400,0.000000
2297,22.970071,6275.309124936,6275.309124936,11191,15667400,0.000000
2298,22.980071,6275.319125038,6275.319125038,11196,15674400,0.000000
2299,22.990068,6275.329122369,6275.329122369,11201,15681400,0.000000
2300,23.000067,6275.339121138,6275.339121138,11206,15688400,0.000000
2301,23.010064,6275.349117687,6275.349117687,11211,15695400,0.000000
2302,23.020020,6275.359074374,6275.359074374,11216,15702400,0.000000
2303,23.030068,6275.369121583,6275.369121583,11220,15708000,0.000000
2304,23.040075,6275.379129229,6275.379129229,11225,15715000,0.000000
2305,23.050071,6275.389125408,6275.389125408,11230,15722000,0.000000
2306,23.060062,6275.399115992,6275.399115992,11235,15729000,0.000000
2307,23.070064,6275.409118329,6275.409118329,11240,15736000,0.000000
2308,23.080067,6275.419120692,6275.419120692,11245,15743000,0.000000
2309,23.090063,6275.429117395,6275.429117395,11250,15750000,0.000000
2310,23.100064,6275.439117756,6275.439117756,11255,15757000,0.000000
2311,23.110067,6275.449120749,6275.449120749,11259,15762600,0.000000
2312,23.120068,6275.459121799,6275.459121799,11264,15769600,0.000000
2313,23.130066,6275.469120385,6275.469120385,11269,15776600,0.000000
2314,23.140068,6275.479122351,6275.479122351,11274,15783600,0.000000
2315,23.150066,6275.489119553,6275.489119553,11279,15790600,0.000000
2316,23.160066,6275.499119822,6275.499119822,11284,15797600,0.000000
2317,23.170065,6275.509118482,6275.509118482,11289,15804600,0.000000
2318,23.180063,6275.519116497,6275.519116497,11294,15811600,0.000000
2319,23.190064,6275.529118082,6275.529118082,11298,15817200,0.000000
2320,23.200062,6275.539115983,6275.539115983,11303,15824200,0.000000
2321,23.210064,6275.549118075,6275.549118075,11308,15831200,0.000000
2322,23.220064,6275.559118108,6275.559118108,11313,15838200,0.000000
2323,23.230069,6275.569123082,6275.569123082,11318,15845200,0.000000
2324,23.240065,6275.579118513,6275.579118513,11323,15852200,0.000000
2325,23.250066,6275.589119695,6275.589119695,11328,15859200,0.000000
2326,23.260035,6275.599088974,6275.599088974,11333,15866200,0.000000
2327,23.270067,6275.609120717,6275.609120717,11337,15871800,0.000000
2328,23.280067,6275.619121378,6275.619121378,11342,15878800,0.000000
2329,23.290067,6275.629120945,6275.629120945,11347,15885800,0.000000
2330,23.300065,6275.639119205,6275.639119205,11352,15892800,0.000000
2331,23.310069,6275.649123253,6275.649123253,11357,15899800,0.000000
2332,23.320062,6275.659116363,6275.659116363,11362,15906800,0.000000
2333,23.330067,6275.669121151,6275.669121151,11367,15913800,0.000000
2334,23.340084,6275.679137697,6275.679137697,11372,15920800,0.000000
2335,23.350070,6275.689123522,6275.689123522,11376,15926400,0.000000
2336,23.360072,6275.699126312,6275.699126312,11381,15933400,0.000000
2337,23.370071,6275.709125155,6275.709125155,11386,15940400,0.000000
2338,23.380065,6275.719119018,6275.719119018,11391,15947400,0.000000
2339,23.390070,6275.729124144,6275.729124144,11396,15954400,0.000000
2340,23.400066,6275.739119500,6275.739119500,11401,15961400,0.000000
2341,23.410064,6275.749118356,6275.749118356,11406,15968400,0.000000
2342,23.420074,6275.759128362,6275.759128362,11411,15975400,0.000000
2343,23.430071,6275.769124588,6275.769124588,11415,15981000,0.000000
2344,23.440067,6275.779120513,6275.779120513,11420,15988000,0.000000
2345,23.450067,6275.789121093,6275.789121093,11425,15995000,0.000000
2346,23.460067,6275.799121360,6275.799121360,11430,16002000,0.000000
2347,23.470065,6275.809118479,6275.809118479,11435,16009000,0.000000
2348,23.480066,6275.819119887,6275.819119887,11440,16016000,0.000000
2349,23.490019,6275.829072648,6275.829072648,11445,16023000,0.000000
2350,23.500062,6275.839116041,6275.839116041,11449,16028600,0.000000
2351,23.510080,6275.849134448,6275.849134448,11454,16035600,0.000000
2352,23.520063,6275.859117014,6275.859117014,11459,16042600,0.000000
2353,23.530068,6275.869122214,6275.869122214,11464,16049600,0.000000
2354,23.540065,6275.879119035,6275.879119035,11469,16056600,0.000000
2355,23.550064,6275.889118259,6275.889118259,11474,16063600,0.000000
2356,23.560084,6275.899138315,6275.899138315,11479,16070600,0.000000
2357,23.570062,6275.909116063,6275.909116063,11484,16077600,0.000000
2358,23.580043,6275.919096885,6275.919096885,11488,16083200,0.000000
2359,23.590066,6275.929119549,6275.929119549,11493,16090200,0.000000
2360,23.600066,6275.939119962,6275.939119962,11498,16097200,0.000000
2361,23.610068,6275.949121622,6275.949121622,11503,16104200,0.000000
2362,23.620063,6275.959117053,6275.959117053,11508,16111200,0.000000
2363,23.630065,6275.969118659,6275.969118659,11513,16118200,0.000000
2364,23.640065,6275.979119062,6275.979119062,11518,16125200,0.000000
2365,23.650003,6275.989056949,6275.989056949,11523,16132200,0.000000
2366,23.660067,6275.999120950,6275.999120950,11527,16137800,0.000000
2367,23.670071,6276.009124977,6276.009124977,11532,16144800,0.000000
2368,23.680061,6276.019114546,6276.019114546,11537,16151800,0.000000
2369,23.690062,6276.029115863,6276.029115863,11542,16158800,0.000000
2370,23.700067,6276.039120817,6276.039120817,11547,16165800,0.000000
2371,23.710068,6276.049121465,6276.049121465,11552,16172800,0.000000
2372,23.720068,6276.059122181,6276.059122181,11557,16179800,0.000000
2373,23.730039,6276.069092992,6276.069092992,11562,16186800,0.000000
2374,23.740068,6276.079122082,6276.079122082,11566,16192400,0.000000
2375,23.750070,6276.089124362,6276.089124362,11571,16199400,0.000000
2376,23.760067,6276.099120607,6276.099120607,11576,16206400,0.000000
2377,23.770067,6276.109120622,6276.109120622,11581,16213400,0.000000
2378,23.780066,6276.119119604,6276.119119604,11586,16220400,0.000000
2379,23.790069,6276.129122815,6276.129122815,11591,16227400,0.000000
2380,23.800066,6276.139119506,6276.139119506,11596,16234400,0.000000
2381,23.810090,6276.149144231,6276.149144231,11601,16241400,0.000000
2382,23.820078,6276.159131963,6276.159131963,11605,16247000,0.000000
2383,23.830060,6276.169114299,6276.169114299,11610,16254000,0.000000
2384,23.840066,6276.179119738,6276.179119738,11615,16261000,0.000000
2385,23.850065,6276.189118476,6276.189118476,11620,16268000,0.000000
2386,23.860063,6276.199116843,6276.199116843,11625,16275000,0.000000
2387,23.870061,6276.209114513,6276.209114513,11630,16282000,0.000000
2388,23.880065,6276.219118682,6276.219118682,11635,16289000,0.000000
2389,23.890076,6276.229130195,6276.229130195,11640,16296000,0.000000
2390,23.900081,6276.239135041,6276.239135041,11644,16301600,0.000000
2391,23.910075,6276.249128484,6276.249128484,11649,16308600,0.000000
2392,23.920068,6276.259122327,6276.259122327,11654,16315600,0.000000
2393,23.930065,6276.269119417,6276.269119417,11659,16322600,0.000000
2394,23.940065,6276.279119127,6276.279119127,11664,16329600,0.000000
2395,23.950070,6276.289124067,6276.289124067,11669,16336600,0.000000
2396,23.960014,6276.299067698,6276.299067698,11674,16343600,0.000000
2397,23.970069,6276.309122586,6276.309122586,11678,16349200,0.000000
2398,23.980068,6276.319121708,6276.319121708,11683,16356200,0.000000
2399,23.990064,6276.329118301,6276.329118301,11688,16363200,0.000000
2400,24.000067,6276.339120866,6276.339120866,11693,16370200,0.000000
2401,24.010069,6276.349123383,6276.349123383,11698,16377200,0.000000
2402,24.020065,6276.359119018,6276.359119018,11703,16384200,0.000000
2403,24.030065,6276.369118823,6276.369118823,11708,16391200,0.000000
2404,24.040078,6276.379131788,6276.379131788,11713,16398200,0.000000
2405,24.050066,6276.389120034,6276.389120034,11717,16403800,0.000000
2406,24.060072,6276.399125998,6276.399125998,11722,16410800,0.000000
2407,24.070040,6276.409093467,6276.409093467,11727,16417800,0.000000
2408,24.080070,6276.419124148,6276.419124148,11732,16424800,0.000000
2409,24.090065,6276.429118472,6276.429118472,11737,16431800,0.000000
2410,24.100063,6276.439117325,6276.439117325,11742,16438800,0.000000
2411,24.110059,6276.449113374,6276.449113374,11747,16445800,0.000000
2412,24.120062,6276.459115501,6276.459115501,11752,16452800,0.000000
2413,24.130065,6276.469119319,6276.469119319,11756,16458400,0.000000
2414,24.140064,6276.479118257,6276.479118257,11761,16465400,0.000000
2415,24.150072,6276.489125994,6276.489125994,11766,16472400,0.000000
2416,24.160061,6276.499114655,6276.499114655,11771,16479400,0.000000
2417,24.170062,6276.509115962,6276.509115962,11776,16486400,0.000000
2418,24.180040,6276.519094141,6276.519094141,11781,16493400,0.000000
2419,24.190071,6276.529125167,6276.529125167,11786,16500400,0.000000
2420,24.200047,6276.539101122,6276.539101122,11791,16507400,0.000000
2421,24.210068,6276.549122322,6276.549122322,11795,16513000,0.000000
2422,24.220067,6276.559120719,6276.559120719,11800,16520000,0.000000
2423,24.230069,6276.569122899,6276.569122899,11805,16527000,0.000000
2424,24.240067,6276.579120586,6276.579120586,11810,16534000,0.000000
2425,24.250064,6276.589117976,6276.589117976,11815,16541000,0.000000
2426,24.260065,6276.599118692,6276.599118692,11820,16548000,0.000000
2427,24.270061,6276.609115416,6276.609115416,11825,16555000,0.000000
2428,24.280036,6276.619089819,6276.619089819,11830,16562000,0.000000
2429,24.290061,6276.629115245,6276.629115245,11834,16567600,0.000000
2430,24.300063,6276.639116642,6276.639116642,11839,16574600,0.000000
2431,24.310060,6276.649114382,6276.649114382,11844,16581600,0.000000
2432,24.320070,6276.659123583,6276.659123583,11849,16588600,0.000000
2433,24.330064,6276.669118404,6276.669118404,11854,16595600,0.000000
2434,24.340063,6276.679116921,6276.679116921,11859,16602600,0.000000
2435,24.350062,6276.689116083,6276.689116083,11864,16609600,0.000000
2436,24.360077,6276.699131147,6276.699131147,11869,16616600,0.000000
2437,24.370071,6276.709124635,6276.709124635,11873,16622200,0.000000
2438,24.380065,6276.719118519,6276.719118519,11878,16629200,0.000000
2439,24.390071,6276.729124857,6276.729124857,11883,16636200,0.000000
2440,24.400060,6276.739113848,6276.739113848,11888,16643200,0.000000
2441,24.410064,6276.749118392,6276.749118392,11893,16650200,0.000000
2442,24.420038,6276.759092059,6276.759092059,11898,16657200,0.000000
2443,24.430022,6276.769076150,6276.769076150,11903,16664200,0.000000
2444,24.440074,6276.779128067,6276.779128067,11907,16669800,0.000000
2445,24.450065,6276.789118876,6276.789118876,11912,16676800,0.000000
2446,24.460060,6276.799114008,6276.799114008,11917,16683800,0.000000
2447,24.470067,6276.809121133,6276.809121133,11922,16690800,0.000000
2448,24.480058,6276.819111853,6276.819111853,11927,16697800,0.000000
2449,24.490066,6276.829120388,6276.829120388,11932,16704800,0.000000
2450,24.500066,6276.839119706,6276.839119706,11937,16711800,0.000000
2451,24.510050,6276.849103485,6276.849103485,11942,16718800,0.000000
2452,24.520067,6276.859120504,6276.859120504,11946,16724400,0.000000
2453,24.530067,6276.869120530,6276.869120530,11951,16731400,0.000000
2454,24.540061,6276.879115396,6276.879115396,11956,16738400,0.000000
2455,24.550020,6276.889073583,6276.889073583,11961,16745400,0.000000
2456,24.560062,6276.899115863,6276.899115863,11966,16752400,0.000000
2457,24.570062,6276.909115965,6276.909115965,11971,16759400,0.000000
2458,24.580063,6276.919116916,6276.919116916,11976,16766400,0.000000
2459,24.590063,6276.929116954,6276.929116954,11981,16773400,0.000000
2460,24.600064,6276.939118210,6276.939118210,11985,16779000,0.000000
2461,24.610065,6276.949118578,6276.949118578,11990,16786000,0.000000
2462,24.620046,6276.959099488,6276.959099488,11995,16793000,0.000000
2463,24.630058,6276.969112301,6276.969112301,12000,16800000,0.000000
2464,24.640067,6276.979121252,6276.979121252,12005,16807000,0.000000
2465,24.650066,6276.989120270,6276.989120270,12010,16814000,0.000000
2466,24.660065,6276.999119350,6276.999119350,12015,16821000,0.000000
2467,24.670040,6277.009094273,6277.009094273,12020,16828000,0.000000
2468,24.680068,6277.019121821,6277.019121821,12024,16833600,0.000000
2469,24.690069,6277.029123122,6277.029123122,12029,16840600,0.000000
2470,24.700064,6277.039118014,6277.039118014,12034,16847600,0.000000
2471,24.710064,6277.049117716,6277.049117716,12039,16854600,0.000000
2472,24.720065,6277.059119177,6277.059119177,12044,16861600,0.000000
2473,24.730066,6277.069119690,6277.069119690,12049,16868600,0.000000
2474,24.740062,6277.079115491,6277.079115491,12054,16875600,0.000000
2475,24.750079,6277.089133212,6277.089133212,12059,16882600,0.000000
2476,24.760066,6277.099120385,6277.099120385,12063,16888200,0.000000
2477,24.770068,6277.109121600,6277.109121600,12068,16895200,0.000000
2478,24.780062,6277.119115537,6277.119115537,12073,16902200,0.000000
2479,24.790064,6277.129117603,6277.129117603,12078,16909200,0.000000
2480,24.800068,6277.139121883,6277.139121883,12083,16916200,0.000000
2481,24.810064,6277.149117644,6277.149117644,12088,16923200,0.000000
2482,24.820062,6277.159116410,6277.159116410,12093,16930200,0.000000
2483,24.830078,6277.169131921,6277.169131921,12098,16937200,0.000000
2484,24.840065,6277.179119090,6277.179119090,12102,16942800,0.000000
2485,24.850065,6277.189119324,6277.189119324,12107,16949800,0.000000
2486,24.860080,6277.199134274,6277.199134274,12112,16956800,0.000000
2487,24.870063,6277.209117242,6277.209117242,12117,16963800,0.000000
2488,24.880065,6277.219118537,6277.219118537,12122,16970800,0.000000
2489,24.890065,6277.229118681,6277.229118681,12127,16977800,0.000000
2490,24.900026,6277.239079828,6277.239079828,12132,16984800,0.000000
2491,24.910066,6277.249120319,6277.249120319,12136,16990400,0.000000
2492,24.920070,6277.259124450,6277.259124450,12141,16997400,0.000000
2493,24.930070,6277.269124069,6277.269124069,12146,17004400,0.000000
2494,24.940064,6277.279118229,6277.279118229,12151,17011400,0.000000
2495,24.950072,6277.289126126,6277.289126126,12156,17018400,0.000000
2496,24.960060,6277.299113567,6277.299113567,12161,17025400,0.000000
2497,24.970060,6277.309113581,6277.309113581,12166,17032400,0.000000
2498,24.980065,6277.319119053,6277.319119053,12171,17039400,0.000000
2499,24.990066,6277.329120254,6277.329120254,12175,17045000,0.000000
2500,25.000066,6277.339120233,6277.339120233,12180,17052000,0.000000
2501,25.010071,6277.349124770,6277.349124770,12185,17059000,0.000000
2502,25.020064,6277.359117626,6277.359117626,12190,17066000,0.000000
2503,25.030066,6277.369119998,6277.369119998,12195,17073000,0.000000
2504,25.040065,6277.379118652,6277.379118652,12200,17080000,0.000000
2505,25.050061,6277.389115144,6277.389115144,12205,17087000,0.000000
2506,25.060068,6277.399121913,6277.399121913,12210,17094000,0.000000
2507,25.070068,6277.409121818,6277.409121818,12214,17099600,0.000000
2508,25.080065,6277.419119358,6277.419119358,12219,17106600,0.000000
2509,25.090065,6277.429119088,6277.429119088,12224,17113600,0.000000
2510,25.100063,6277.439116786,6277.439116786,12229,17120600,0.000000
2511,25.110075,6277.449129119,6277.449129119,12234,17127600,0.000000
2512,25.120067,6277.459120768,6277.459120768,12239,17134600,0.000000
2513,25.130060,6277.469113652,6277.469113652,12244,17141600,0.000000
2514,25.140046,6277.479099524,6277.479099524,12249,17148600,0.000000
2515,25.150065,6277.489118951,6277.489118951,12253,17154200,0.000000
2516,25.160074,6277.499128106,6277.499128106,12258,17161200,0.000000
2517,25.170072,6277.509125982,6277.509125982,12263,17168200,0.000000
2518,25.180060,6277.519114410,6277.519114410,12268,17175200,0.000000
2519,25.190066,6277.529119878,6277.529119878,12273,17182200,0.000000
2520,25.200060,6277.539113640,6277.539113640,12278,17189200,0.000000
2521,25.210059,6277.549113073,6277.549113073,12283,17196200,0.000000
2522,25.220073,6277.559126500,6277.559126500,12288,17203200,0.000000
2523,25.230068,6277.569121769,6277.569121769,12292,17208800,0.000000
2524,25.240069,6277.579122596,6277.579122596,12297,17215800,0.000000
2525,25.250070,6277.589124090,6277.589124090,12302,17222800,0.000000
2526,25.260051,6277.599104719,6277.599104719,12307,17229800,0.000000
2527,25.270060,6277.609113728,6277.609113728,12312,17236800,0.000000
2528,25.280067,6277.619121269,6277.619121269,12317,17243800,0.000000
2529,25.290059,6277.629113458,6277.629113458,12322,17250800,0.000000
2530,25.300075,6277.639129287,6277.639129287,12327,17257800,0.000000
2531,25.310061,6277.649114762,6277.649114762,12331,17263400,0.000000
2532,25.320068,6277.659121491,6277.659121491,12336,17270400,0.000000
2533,25.330064,6277.669117692,6277.669117692,12341,17277400,0.000000
2534,25.340065,6277.679119222,6277.679119222,12346,17284400,0.000000
2535,25.350066,6277.689120455,6277.689120455,12351,17291400,0.000000
2536,25.360067,6277.699120500,6277.699120500,12356,17298400,0.000000
2537,25.370029,6277.709083437,6277.709083437,12361,17305400,0.000000
2538,25.380068,6277.719121731,6277.719121731,12365,17311000,0.000000
2539,25.390069,6277.729123237,6277.729123237,12370,17318000,0.000000
2540,25.400071,6277.739124743,6277.739124743,12375,17325000,0.000000
2541,25.410035,6277.749089229,6277.749089229,12380,17332000,0.000000
2542,25.420060,6277.759113988,6277.759113988,12385,17339000,0.000000
2543,25.430064,6277.769117493,6277.769117493,12390,17346000,0.000000
2544,25.440064,6277.779118184,6277.779118184,12395,17353000,0.000000
2545,25.450064,6277.789117898,6277.789117898,12400,17360000,0.000000
2546,25.460066,6277.799119817,6277.799119817,12404,17365600,0.000000
2547,25.470067,6277.809121202,6277.809121202,12409,17372600,0.000000
2548,25.480068,6277.819121589,6277.819121589,12414,17379600,0.000000
2549,25.490033,6277.829087443,6277.829087443,12419,17386600,0.000000
2550,25.500061,6277.839114903,6277.839114903,12424,17393600,0.000000
2551,25.510064,6277.849118063,6277.849118063,12429,17400600,0.000000
2552,25.520064,6277.859117824,6277.859117824,12434,17407600,0.000000
2553,25.530002,6277.869055770,6277.869055770,12439,17414600,0.000000
2554,25.540068,6277.879121953,6277.879121953,12443,17420200,0.000000
2555,25.550069,6277.889123115,6277.889123115,12448,17427200,0.000000
2556,25.560045,6277.899098592,6277.899098592,12453,17434200,0.000000
2557,25.570068,6277.909122243,6277.909122243,12458,17441200,0.000000
2558,25.580070,6277.919124312,6277.919124312,12463,17448200,0.000000
2559,25.590061,6277.929115410,6277.929115410,12468,17455200,0.000000
2560,25.600060,6277.939113902,6277.939113902,12473,17462200,0.000000
2561,25.610053,6277.949106618,6277.949106618,12478,17469200,0.000000
2562,25.620072,6277.959125494,6277.959125494,12482,17474800,0.000000
2563,25.630072,6277.969125526,6277.969125526,12487,17481800,0.000000
2564,25.640068,6277.979122020,6277.979122020,12492,17488800,0.000000
2565,25.650064,6277.989117921,6277.989117921,12497,17495800,0.000000
2566,25.660064,6277.999118245,6277.999118245,12502,17502800,0.000000
2567,25.670064,6278.009118026,6278.009118026,12507,17509800,0.000000
2568,25.680061,6278.019115372,6278.019115372,12512,17516800,0.000000
2569,25.690076,6278.029130120,6278.029130120,12517,17523800,0.000000
2570,25.700066,6278.039119833,6278.039119833,12521,17529400,0.000000
2571,25.710068,6278.049121944,6278.049121944,12526,17536400,0.000000
2572,25.720069,6278.059123139,6278.059123139,12531,17543400,0.000000
2573,25.730064,6278.069118313,6278.069118313,12536,17550400,0.000000
2574,25.740060,6278.079114290,6278.079114290,12541,17557400,0.000000
2575,25.750065,6278.089119226,6278.089119226,12546,17564400,0.000000
2576,25.760067,6278.099120490,6278.099120490,12551,17571400,0.000000
2577,25.770080,6278.109134341,6278.109134341,12556,17578400,0.000000
2578,25.780066,6278.119119622,6278.119119622,12560,17584000,0.000000
2579,25.790065,6278.129119023,6278.129119023,12565,17591000,0.000000
2580,25.800065,6278.139118991,6278.139118991,12570,17598000,0.000000
2581,25.810065,6278.149118981,6278.149118981,12575,17605000,0.000000
2582,25.820052,6278.159106399,6278.159106399,12580,17612000,0.000000
2583,25.830059,6278.169112819,6278.169112819,12585,17619000,0.000000
2584,25.840042,6278.179096012,6278.179096012,12590,17626000,0.000000
2585,25.850065,6278.189118783,6278.189118783,12594,17631600,0.000000
2586,25.860067,6278.199121158,6278.199121158,12599,17638600,0.000000
2587,25.870061,6278.209115244,6278.209115244,12604,17645600,0.000000
2588,25.880061,6278.219114941,6278.219114941,12609,17652600,0.000000
2589,25.890064,6278.229117955,6278.229117955,12614,17659600,0.000000
2590,25.900064,6278.239118301,6278.239118301,12619,17666600,0.000000
2591,25.910066,6278.249119670,6278.249119670,12624,17673600,0.000000
2592,25.920064,6278.259117734,6278.259117734,12629,17680600,0.000000
2593,25.930066,6278.269120312,6278.269120312,12633,17686200,0.000000
2594,25.940067,6278.279121408,6278.279121408,12638,17693200,0.000000
2595,25.950069,6278.289122795,6278.289122795,12643,17700200,0.000000
2596,25.960073,6278.299126593,6278.299126593,12648,17707200,0.000000
2597,25.970065,6278.309118716,6278.309118716,12653,17714200,0.000000
2598,25.980064,6278.319118055,6278.319118055,12658,17721200,0.000000
2599,25.990064,6278.329118254,6278.329118254,12663,17728200,0.000000
2600,26.000064,6278.339118043,6278.339118043,12668,17735200,0.000000
2601,26.010068,6278.349122122,6278.349122122,12672,17740800,0.000000
2602,26.020068,6278.359122425,6278.359122425,12677,17747800,0.000000
2603,26.030035,6278.369088777,6278.369088777,12682,17754800,0.000000
2604,26.040070,6278.379124169,6278.379124169,12687,17761800,0.000000
2605,26.050064,6278.389118435,6278.389118435,12692,17768800,0.000000
2606,26.060065,6278.399118563,6278.399118563,12697,17775800,0.000000
2607,26.070066,6278.409119883,6278.409119883,12702,17782800,0.000000
2608,26.080047,6278.419100831,6278.419100831,12707,17789800,0.000000
2609,26.090068,6278.429121567,6278.429121567,12711,17795400,0.000000
2610,26.100077,6278.439130912,6278.439130912,12716,17802400,0.000000
2611,26.110070,6278.449124230,6278.449124230,12721,17809400,0.000000
2612,26.120069,6278.459123243,6278.459123243,12726,17816400,0.000000
2613,26.130064,6278.469118302,6278.469118302,12731,17823400,0.000000
2614,26.140068,6278.479122415,6278.479122415,12736,17830400,0.000000
2615,26.150071,6278.489125002,6278.489125002,12741,17837400,0.000000
2616,26.160074,6278.499128306,6278.499128306,12746,17844400,0.000000
2617,26.170068,6278.509121672,6278.509121672,12750,17850000,0.000000
2618,26.180066,6278.519120206,6278.519120206,12755,17857000,0.000000
2619,26.190075,6278.529128933,6278.529128933,12760,17864000,0.000000
2620,26.200072,6278.539126351,6278.539126351,12765,17871000,0.000000
2621,26.210067,6278.549120876,6278.549120876,12770,17878000,0.000000
2622,26.220066,6278.559120263,6278.559120263,12775,17885000,0.000000
2623,26.230067,6278.569120815,6278.569120815,12780,17892000,0.000000
2624,26.240077,6278.579130813,6278.579130813,12785,17899000,0.000000
2625,26.250067,6278.589121258,6278.589121258,12789,17904600,0.000000
2626,26.260069,6278.599123086,6278.599123086,12794,17911600,0.000000
2627,26.270073,6278.609127421,6278.609127421,12799,17918600,0.000000
2628,26.280067,6278.619120792,6278.619120792,12804,17925600,0.000000
2629,26.290067,6278.629120912,6278.629120912,12809,17932600,0.000000
2630,26.300059,6278.639112830,6278.639112830,12814,17939600,0.000000
2631,26.310038,6278.649091885,6278.649091885,12819,17946600,0.000000
2632,26.320068,6278.659121719,6278.659121719,12823,17952200,0.000000
2633,26.330095,6278.669148681,6278.669148681,12828,17959200,0.000000
2634,26.340067,6278.679120999,6278.679120999,12833,17966200,0.000000
2635,26.350069,6278.689123363,6278.689123363,12838,17973200,0.000000
2636,26.360064,6278.699117535,6278.699117535,12843,17980200,0.000000
2637,26.370065,6278.709118813,6278.709118813,12848,17987200,0.000000
2638,26.380058,6278.719111917,6278.719111917,12853,17994200,0.000000
2639,26.390059,6278.729112707,6278.729112707,12858,18001200,0.000000
2640,26.400067,6278.739120491,6278.739120491,12862,18006800,0.000000
2641,26.410061,6278.749114481,6278.749114481,12867,18013800,0.000000
2642,26.420065,6278.759119033,6278.759119033,12872,18020800,0.000000
2643,26.430060,6278.769113874,6278.769113874,12877,18027800,0.000000
2644,26.440059,6278.779113402,6278.779113402,12882,18034800,0.000000
2645,26.450063,6278.789117095,6278.789117095,12887,18041800,0.000000
2646,26.460060,6278.799113910,6278.799113910,12892,18048800,0.000000
2647,26.470005,6278.809059362,6278.809059362,12897,18055800,0.000000
2648,26.480064,6278.819117795,6278.819117795,12901,18061400,0.000000
2649,26.490065,6278.829118516,6278.829118516,12906,18068400,0.000000
2650,26.500055,6278.839108544,6278.839108544,12911,18075400,0.000000
2651,26.510064,6278.849118286,6278.849118286,12916,18082400,0.000000
2652,26.520079,6278.859133173,6278.859133173,12921,18089400,0.000000
2653,26.530069,6278.869123348,6278.869123348,12926,18096400,0.000000
2654,26.540065,6278.879118733,6278.879118733,12931,18103400,0.000000
2655,26.550059,6278.889112467,6278.889112467,12936,18110400,0.000000
2656,26.560065,6278.899118809,6278.899118809,12940,18116000,0.000000
2657,26.570066,6278.909120365,6278.909120365,12945,18123000,0.000000
2658,26.580066,6278.919120249,6278.919120249,12950,18130000,0.000000
2659,26.590067,6278.929121424,6278.929121424,12955,18137000,0.000000
2660,26.600064,6278.939118208,6278.939118208,12960,18144000,0.000000
2661,26.610070,6278.949123935,6278.949123935,12965,18151000,0.000000
2662,26.620065,6278.959119411,6278.959119411,12970,18158000,0.000000
2663,26.630075,6278.969129321,6278.969129321,12975,18165000,0.000000
2664,26.640069,6278.979122659,6278.979122659,12979,18170600,0.000000
2665,26.650067,6278.989120750,6278.989120750,12984,18177600,0.000000
2666,26.660064,6278.999117521,6278.999117521,12989,18184600,0.000000
2667,26.670062,6279.009116215,6279.009116215,12994,18191600,0.000000
2668,26.680064,6279.019117494,6279.019117494,12999,18198600,0.000000
2669,26.690061,6279.029114904,6279.029114904,13004,18205600,0.000000
2670,26.700065,6279.039119380,6279.039119380,13009,18212600,0.000000
2671,26.710074,6279.049128073,6279.049128073,13014,18219600,0.000000
2672,26.720065,6279.059118780,6279.059118780,13018,18225200,0.000000
2673,26.730068,6279.069121891,6279.069121891,13023,18232200,0.000000
2674,26.740068,6279.079121829,6279.079121829,13028,18239200,0.000000
2675,26.750070,6279.089123474,6279.089123474,13033,18246200,0.000000
2676,26.760063,6279.099117435,6279.099117435,13038,18253200,0.000000
2677,26.770030,6279.109084368,6279.109084368,13043,18260200,0.000000
2678,26.780044,6279.119097889,6279.119097889,13048,18267200,0.000000
2679,26.790065,6279.129118852,6279.129118852,13052,18272800,0.000000
2680,26.800050,6279.139104009,6279.139104009,13057,18279800,0.000000
2681,26.810066,6279.149119971,6279.149119971,13062,18286800,0.000000
2682,26.820022,6279.159075741,6279.159075741,13067,18293800,0.000000
2683,26.830063,6279.169117416,6279.169117416,13072,18300800,0.000000
2684,26.840063,6279.179117095,6279.179117095,13077,18307800,0.000000
2685,26.850065,6279.189118850,6279.189118850,13082,18314800,0.000000
2686,26.860063,6279.199116864,6279.199116864,13087,18321800,0.000000
2687,26.870066,6279.209120207,6279.209120207,13091,18327400,0.000000
2688,26.880070,6279.219124079,6279.219124079,13096,18334400,0.000000
2689,26.890062,6279.229115640,6279.229115640,13101,18341400,0.000000
2690,26.900060,6279.239114143,6279.239114143,13106,18348400,0.000000
2691,26.910063,6279.249116676,6279.249116676,13111,18355400,0.000000
2692,26.920065,6279.259118781,6279.259118781,13116,18362400,0.000000
2693,26.930060,6279.269113545,6279.269113545,13121,18369400,0.000000
2694,26.940063,6279.279116679,6279.279116679,13126,18376400,0.000000
2695,26.950062,6279.289115998,6279.289115998,13130,18382000,0.000000
2696,26.960068,6279.299121992,6279.299121992,13135,18389000,0.000000
2697,26.970065,6279.309118991,6279.309118991,13140,18396000,0.000000
2698,26.980069,6279.319123274,6279.319123274,13145,18403000,0.000000
2699,26.990019,6279.329073174,6279.329073174,13150,18410000,0.000000
2700,27.000060,6279.339114039,6279.339114039,13155,18417000,0.000000
2701,27.010060,6279.349113863,6279.349113863,13160,18424000,0.000000
2702,27.020050,6279.359104205,6279.359104205,13165,18431000,0.000000
2703,27.030066,6279.369119995,6279.369119995,13169,18436600,0.000000
2704,27.040060,6279.379114170,6279.379114170,13174,18443600,0.000000
2705,27.050062,6279.389115878,6279.389115878,13179,18450600,0.000000
2706,27.060062,6279.399116221,6279.399116221,13184,18457600,0.000000
2707,27.070068,6279.409121890,6279.409121890,13189,18464600,0.000000
2708,27.080067,6279.419121152,6279.419121152,13194,18471600,0.000000
2709,27.090069,6279.429123040,6279.429123040,13199,18478600,0.000000
2710,27.100079,6279.439132541,6279.439132541,13204,18485600,0.000000
2711,27.110068,6279.449121787,6279.449121787,13208,18491200,0.000000
2712,27.120068,6279.459122051,6279.459122051,13213,18498200,0.000000
2713,27.130065,6279.469118803,6279.469118803,13218,18505200,0.000000
2714,27.140063,6279.479116667,6279.479116667,13223,18512200,0.000000
2715,27.150060,6279.489114358,6279.489114358,13228,18519200,0.000000
2716,27.160066,6279.499119811,6279.499119811,13233,18526200,0.000000
2717,27.170060,6279.509114145,6279.509114145,13238,18533200,0.000000
2718,27.180081,6279.519135429,6279.519135429,13243,18540200,0.000000
2719,27.190077,6279.529130598,6279.529130598,13247,18545800,0.000000
2720,27.200070,6279.539123576,6279.539123576,13252,18552800,0.000000
2721,27.210067,6279.549120629,6279.549120629,13257,18559800,0.000000
2722,27.220060,6279.559113812,6279.559113812,13262,18566800,0.000000
2723,27.230033,6279.569087355,6279.569087355,13267,18573800,0.000000
2724,27.240066,6279.579120027,6279.579120027,13272,18580800,0.000000
2725,27.250067,6279.589121316,6279.589121316,13277,18587800,0.000000
2726,27.260070,6279.599123756,6279.599123756,13281,18593400,0.000000
2727,27.270067,6279.609121184,6279.609121184,13286,18600400,0.000000
2728,27.280089,6279.619142674,6279.619142674,13291,18607400,0.000000
2729,27.290073,6279.629127078,6279.629127078,13296,18614400,0.000000
2730,27.300069,6279.639122742,6279.639122742,13301,18621400,0.000000
2731,27.310065,6279.649119226,6279.649119226,13306,18628400,0.000000
2732,27.320065,6279.659118914,6279.659118914,13311,18635400,0.000000
2733,27.330061,6279.669115067,6279.669115067,13316,18642400,0.000000
2734,27.340067,6279.679120785,6279.679120785,13320,18648000,0.000000
2735,27.350064,6279.689118406,6279.689118406,13325,18655000,0.000000
2736,27.360080,6279.699134024,6279.699134024,13330,18662000,0.000000
2737,27.370067,6279.709120951,6279.709120951,13335,18669000,0.000000
2738,27.380078,6279.719131719,6279.719131719,13340,18676000,0.000000
2739,27.390066,6279.729119810,6279.729119810,13345,18683000,0.000000
2740,27.400059,6279.739113111,6279.739113111,13350,18690000,0.000000
2741,27.410068,6279.749122388,6279.749122388,13355,18697000,0.000000
2742,27.420070,6279.759123891,6279.759123891,13359,18702600,0.000000
2743,27.430073,6279.769126736,6279.769126736,13364,18709600,0.000000
2744,27.440071,6279.779124869,6279.779124869,13369,18716600,0.000000
2745,27.450070,6279.789123881,6279.789123881,13374,18723600,0.000000
2746,27.460066,6279.799120052,6279.799120052,13379,18730600,0.000000
2747,27.470069,6279.809123439,6279.809123439,13384,18737600,0.000000
2748,27.480066,6279.819119789,6279.819119789,13389,18744600,0.000000
2749,27.490034,6279.829087926,6279.829087926,13394,18751600,0.000000
2750,27.500068,6279.839121551,6279.839121551,13398,18757200,0.000000
2751,27.510065,6279.849118687,6279.849118687,13403,18764200,0.000000
2752,27.520072,6279.859125485,6279.859125485,13408,18771200,0.000000
2753,27.530066,6279.869120050,6279.869120050,13413,18778200,0.000000
2754,27.540065,6279.879119404,6279.879119404,13418,18785200,0.000000
2755,27.550065,6279.889118610,6279.889118610,13423,18792200,0.000000
2756,27.560068,6279.899121835,6279.899121835,13428,18799200,0.000000
2757,27.570075,6279.909128572,6279.909128572,13433,18806200,0.000000
2758,27.580068,6279.919122021,6279.919122021,13437,18811800,0.000000
2759,27.590075,6279.929128966,6279.929128966,13442,18818800,0.000000
2760,27.600071,6279.939124966,6279.939124966,13447,18825800,0.000000
2761,27.610071,6279.949125352,6279.949125352,13452,18832800,0.000000
2762,27.620072,6279.959125726,6279.959125726,13457,18839800,0.000000
2763,27.630074,6279.969127623,6279.969127623,13462,18846800,0.000000
2764,27.642034,6279.981088365,6279.981088365,13468,18855200,0.000000
2765,27.650051,6279.989104914,6279.989104914,13471,18859400,0.000000
2766,27.660041,6279.999094716,6279.999094716,13476,18866400,0.000000
2767,27.670064,6280.009118310,6280.009118310,13481,18873400,0.000000
2768,27.680075,6280.019129463,6280.019129463,13486,18880400,0.000000
2769,27.690058,6280.029112031,6280.029112031,13491,18887400,0.000000
2770,27.700066,6280.039120180,6280.039120180,13496,18894400,0.000000
2771,27.710061,6280.049114631,6280.049114631,13501,18901400,0.000000
2772,27.720090,6280.059144280,6280.059144280,13506,18908400,0.000000
2773,27.730068,6280.069122276,6280.069122276,13510,18914000,0.000000
2774,27.740064,6280.079118115,6280.079118115,13515,18921000,0.000000
2775,27.750062,6280.089116150,6280.089116150,13520,18928000,0.000000
2776,27.760078,6280.099131883,6280.099131883,13525,18935000,0.000000
2777,27.770095,6280.109149166,6280.109149166,13530,18942000,0.000000
2778,27.780063,6280.119116978,6280.119116978,13535,18949000,0.000000
2779,27.790058,6280.129111946,6280.129111946,13540,18956000,0.000000
2780,27.800057,6280.139111304,6280.139111304,13545,18963000,0.000000
2781,27.810068,6280.149122138,6280.149122138,13549,18968600,0.000000
2782,27.820064,6280.159118150,6280.159118150,13554,18975600,0.000000
2783,27.830070,6280.169123511,6280.169123511,13559,18982600,0.000000
2784,27.840072,6280.179125874,6280.179125874,13564,18989600,0.000000
2785,27.850067,6280.189120792,6280.189120792,13569,18996600,0.000000
2786,27.860071,6280.199125111,6280.199125111,13574,19003600,0.000000
2787,27.870066,6280.209120150,6280.209120150,13579,19010600,0.000000
2788,27.880065,6280.219119232,6280.219119232,13584,19017600,0.000000
2789,27.890070,6280.229124273,6280.229124273,13588,19023200,0.000000
2790,27.900071,6280.239124973,6280.239124973,13593,19030200,0.000000
2791,27.910071,6280.249124620,6280.249124620,13598,19037200,0.000000
2792,27.920067,6280.259120613,6280.259120613,13603,19044200,0.000000
2793,27.930065,6280.269118597,6280.269118597,13608,19051200,0.000000
2794,27.940063,6280.279117180,6280.279117180,13613,19058200,0.000000
2795,27.950076,6280.289129915,6280.289129915,13618,19065200,0.000000
2796,27.960061,6280.299114979,6280.299114979,13623,19072200,0.000000
2797,27.970065,6280.309119283,6280.309119283,13627,19077800,0.000000
2798,27.980068,6280.319121773,6280.319121773,13632,19084800,0.000000
2799,27.990061,6280.329115091,6280.329115091,13637,19091800,0.000000
2800,28.000069,6280.339122888,6280.339122888,13642,19098800,0.000000
2801,28.010070,6280.349123608,6280.349123608,13647,19105800,0.000000
2802,28.020067,6280.359121389,6280.359121389,13652,19112800,0.000000
2803,28.030067,6280.369120650,6280.369120650,13657,19119800,0.000000
2804,28.040077,6280.379130766,6280.379130766,13662,19126800,0.000000
2805,28.050065,6280.389119163,6280.389119163,13666,19132400,0.000000
2806,28.060069,6280.399122527,6280.399122527,13671,19139400,0.000000
2807,28.070065,6280.409119456,6280.409119456,13676,19146400,0.000000
2808,28.080069,6280.419122516,6280.419122516,13681,19153400,0.000000
2809,28.090070,6280.429123928,6280.429123928,13686,19160400,0.000000
2810,28.100072,6280.439125922,6280.439125922,13691,19167400,0.000000
2811,28.110064,6280.449118082,6280.449118082,13696,19174400,0.000000
2812,28.120082,6280.459136439,6280.459136439,13701,19181400,0.000000
2813,28.130070,6280.469123726,6280.469123726,13705,19187000,0.000000
2814,28.140065,6280.479119097,6280.479119097,13710,19194000,0.000000
2815,28.150069,6280.489122580,6280.489122580,13715,19201000,0.000000
2816,28.160067,6280.499121440,6280.499121440,13720,19208000,0.000000
2817,28.170070,6280.509123769,6280.509123769,13725,19215000,0.000000
2818,28.180062,6280.519116122,6280.519116122,13730,19222000,0.000000
2819,28.190050,6280.529103971,6280.529103971,13735,19229000,0.000000
2820,28.200069,6280.539123433,6280.539123433,13739,19234600,0.000000
2821,28.210067,6280.549120994,6280.549120994,13744,19241600,0.000000
2822,28.220066,6280.559120189,6280.559120189,13749,19248600,0.000000
2823,28.230067,6280.569120777,6280.569120777,13754,19255600,0.000000
2824,28.240060,6280.579113958,6280.579113958,13759,19262600,0.000000
2825,28.250086,6280.589140038,6280.589140038,13764,19269600,0.000000
2826,28.260061,6280.599114539,6280.599114539,13769,19276600,0.000000
2827,28.270064,6280.609117626,6280.609117626,13774,19283600,0.000000
2828,28.280063,6280.619116976,6280.619116976,13778,19289200,0.000000
2829,28.290066,6280.629120030,6280.629120030,13783,19296200,0.000000
2830,28.300071,6280.639125248,6280.639125248,13788,19303200,0.000000
2831,28.310036,6280.649089625,6280.649089625,13793,19310200,0.000000
2832,28.320063,6280.659116624,6280.659116624,13798,19317200,0.000000
2833,28.330074,6280.669128114,6280.669128114,13803,19324200,0.000000
2834,28.340065,6280.679119362,6280.679119362,13808,19331200,0.000000
2835,28.350064,6280.689117848,6280.689117848,13813,19338200,0.000000
2836,28.360074,6280.699127546,6280.699127546,13817,19343800,0.000000
2837,28.370066,6280.709119912,6280.709119912,13822,19350800,0.000000
2838,28.380062,6280.719115927,6280.719115927,13827,19357800,0.000000
2839,28.390071,6280.729124793,6280.729124793,13832,19364800,0.000000
2840,28.400067,6280.739120531,6280.739120531,13837,19371800,0.000000
2841,28.410066,6280.749119685,6280.749119685,13842,19378800,0.000000
2842,28.420069,6280.759122628,6280.759122628,13847,19385800,0.000000
2843,28.430063,6280.769116718,6280.769116718,13852,19392800,0.000000
2844,28.440061,6280.779114585,6280.779114585,13856,19398400,0.000000
2845,28.450074,6280.789128115,6280.789128115,13861,19405400,0.000000
2846,28.460065,6280.799119114,6280.799119114,13866,19412400,0.000000
2847,28.470069,6280.809122753,6280.809122753,13871,19419400,0.000000
2848,28.480068,6280.819121576,6280.819121576,13876,19426400,0.000000
2849,28.490065,6280.829118571,6280.829118571,13881,19433400,0.000000
2850,28.500066,6280.839119510,6280.839119510,13886,19440400,0.000000
2851,28.510094,6280.849147507,6280.849147507,13891,19447400,0.000000
2852,28.520080,6280.859134016,6280.859134016,13895,19453000,0.000000
2853,28.530070,6280.869124433,6280.869124433,13900,19460000,0.000000
2854,28.540070,6280.879123902,6280.879123902,13905,19467000,0.000000
2855,28.550062,6280.889115887,6280.889115887,13910,19474000,0.000000
2856,28.560069,6280.899122962,6280.899122962,13915,19481000,0.000000
2857,28.570066,6280.909119506,6280.909119506,13920,19488000,0.000000
2858,28.580066,6280.919119846,6280.919119846,13925,19495000,0.000000
2859,28.590080,6280.929134284,6280.929134284,13930,19502000,0.000000
2860,28.600077,6280.939131452,6280.939131452,13934,19507600,0.000000
2861,28.610036,6280.949089936,6280.949089936,13939,19514600,0.000000
2862,28.620064,6280.959117473,6280.959117473,13944,19521600,0.000000
2863,28.630026,6280.969080307,6280.969080307,13949,19528600,0.000000
2864,28.640069,6280.979123293,6280.979123293,13954,19535600,0.000000
2865,28.650063,6280.989117370,6280.989117370,13959,19542600,0.000000
2866,28.660048,6280.999101758,6280.999101758,13964,19549600,0.000000
2867,28.670064,6281.009117564,6281.009117564,13968,19555200,0.000000
2868,28.680075,6281.019128732,6281.019128732,13973,19562200,0.000000
2869,28.690076,6281.029130323,6281.029130323,13978,19569200,0.000000
2870,28.700069,6281.039123416,6281.039123416,13983,19576200,0.000000
2871,28.710064,6281.049117518,6281.049117518,13988,19583200,0.000000
2872,28.720063,6281.059117263,6281.059117263,13993,19590200,0.000000
2873,28.730060,6281.069114446,6281.069114446,13998,19597200,0.000000
2874,28.740059,6281.079113147,6281.079113147,14003,19604200,0.000000
2875,28.750072,6281.089126056,6281.089126056,14007,19609800,0.000000
2876,28.760072,6281.099126073,6281.099126073,14012,19616800,0.000000
2877,28.770066,6281.109119905,6281.109119905,14017,19623800,0.000000
2878,28.780064,6281.119118415,6281.119118415,14022,19630800,0.000000
2879,28.790068,6281.129122411,6281.129122411,14027,19637800,0.000000
2880,28.800063,6281.139116603,6281.139116603,14032,19644800,0.000000
2881,28.810060,6281.149114316,6281.149114316,14037,19651800,0.000000
2882,28.820068,6281.159121531,6281.159121531,14042,19658800,0.000000
2883,28.830070,6281.169123734,6281.169123734,14046,19664400,0.000000
2884,28.840071,6281.179124623,6281.179124623,14051,19671400,0.000000
2885,28.850067,6281.189120776,6281.189120776,14056,19678400,0.000000
2886,28.860068,6281.199122389,6281.199122389,14061,19685400,0.000000
2887,28.870037,6281.209091064,6281.209091064,14066,19692400,0.000000
2888,28.880071,6281.219124521,6281.219124521,14071,19699400,0.000000
2889,28.890064,6281.229118131,6281.229118131,14076,19706400,0.000000
2890,28.900066,6281.239119499,6281.239119499,14081,19713400,0.000000
2891,28.910068,6281.249121807,6281.249121807,14085,19719000,0.000000
2892,28.920070,6281.259124464,6281.259124464,14090,19726000,0.000000
2893,28.930078,6281.269131565,6281.269131565,14095,19733000,0.000000
2894,28.940070,6281.279123683,6281.279123683,14100,19740000,0.000000
2895,28.950063,6281.289117055,6281.289117055,14105,19747000,0.000000
2896,28.960064,6281.299117640,6281.299117640,14110,19754000,0.000000
2897,28.970042,6281.309095866,6281.309095866,14115,19761000,0.000000
2898,28.980076,6281.319129586,6281.319129586,14120,19768000,0.000000
2899,28.990076,6281.329130128,6281.329130128,14124,19773600,0.000000
2900,29.000066,6281.339119493,6281.339119493,14129,19780600,0.000000
2901,29.010063,6281.349116487,6281.349116487,14134,19787600,0.000000
2902,29.020065,6281.359119135,6281.359119135,14139,19794600,0.000000
2903,29.030076,6281.369130135,6281.369130135,14144,19801600,0.000000
2904,29.040089,6281.379143054,6281.379143054,14149,19808600,0.000000
2905,29.050063,6281.389117387,6281.389117387,14154,19815600,0.000000
2906,29.060104,6281.399158209,6281.399158209,14159,19822600,0.000000
2907,29.070078,6281.409131970,6281.409131970,14163,19828200,0.000000
2908,29.080042,6281.419095798,6281.419095798,14168,19835200,0.000000
2909,29.090069,6281.429123182,6281.429123182,14173,19842200,0.000000
2910,29.100065,6281.439119346,6281.439119346,14178,19849200,0.000000
2911,29.110069,6281.449123186,6281.449123186,14183,19856200,0.000000
2912,29.120068,6281.459121970,6281.459121970,14188,19863200,0.000000
2913,29.130054,6281.469107941,6281.469107941,14193,19870200,0.000000
2914,29.140068,6281.479122328,6281.479122328,14197,19875800,0.000000
2915,29.150068,6281.489122440,6281.489122440,14202,19882800,0.000000
2916,29.160087,6281.499140480,6281.499140480,14207,19889800,0.000000
2917,29.170069,6281.509122659,6281.509122659,14212,19896800,0.000000
2918,29.180068,6281.519122076,6281.519122076,14217,19903800,0.000000
2919,29.190068,6281.529122286,6281.529122286,14222,19910800,0.000000
2920,29.200070,6281.539123967,6281.539123967,14227,19917800,0.000000
2921,29.210059,6281.549113088,6281.549113088,14232,19924800,0.000000
2922,29.220070,6281.559124176,6281.559124176,14236,19930400,0.000000
2923,29.230074,6281.569128070,6281.569128070,14241,19937400,0.000000
2924,29.240072,6281.579125482,6281.579125482,14246,19944400,0.000000
2925,29.250075,6281.589128757,6281.589128757,14251,19951400,0.000000
2926,29.260069,6281.599123058,6281.599123058,14256,19958400,0.000000
2927,29.270036,6281.609090144,6281.609090144,14261,19965400,0.000000
2928,29.280067,6281.619120586,6281.619120586,14266,19972400,0.000000
2929,29.290068,6281.629121756,6281.629121756,14271,19979400,0.000000
2930,29.300067,6281.639120863,6281.639120863,14275,19985000,0.000000
2931,29.310025,6281.649078970,6281.649078970,14280,19992000,0.000000
2932,29.320061,6281.659114672,6281.659114672,14285,19999000,0.000000
2933,29.330061,6281.669115265,6281.669115265,14290,20006000,0.000000
2934,29.340070,6281.679123593,6281.679123593,14295,20013000,0.000000
2935,29.350064,6281.689117498,6281.689117498,14300,20020000,0.000000
2936,29.360022,6281.699075466,6281.699075466,14305,20027000,0.000000
2937,29.370057,6281.709110909,6281.709110909,14310,20034000,0.000000
2938,29.380067,6281.719120691,6281.719120691,14314,20039600,0.000000
2939,29.390067,6281.729120484,6281.729120484,14319,20046600,0.000000
2940,29.400061,6281.739115113,6281.739115113,14324,20053600,0.000000
2941,29.410073,6281.749126770,6281.749126770,14329,20060600,0.000000
2942,29.420066,6281.759119523,6281.759119523,14334,20067600,0.000000
2943,29.430068,6281.769121941,6281.769121941,14339,20074600,0.000000
2944,29.440067,6281.779120737,6281.779120737,14344,20081600,0.000000
2945,29.450077,6281.789130584,6281.789130584,14349,20088600,0.000000
2946,29.460039,6281.799092800,6281.799092800,14353,20094200,0.000000
2947,29.470075,6281.809129448,6281.809129448,14358,20101200,0.000000
2948,29.480070,6281.819123962,6281.819123962,14363,20108200,0.000000
2949,29.490063,6281.829116936,6281.829116936,14368,20115200,0.000000
2950,29.500064,6281.839118243,6281.839118243,14373,20122200,0.000000
2951,29.510064,6281.849117902,6281.849117902,14378,20129200,0.000000
2952,29.520060,6281.859113556,6281.859113556,14383,20136200,0.000000
2953,29.530068,6281.869121557,6281.869121557,14387,20141800,0.000000
2954,29.540063,6281.879117272,6281.879117272,14392,20148800,0.000000
2955,29.550063,6281.889117335,6281.889117335,14397,20155800,0.000000
2956,29.560066,6281.899120307,6281.899120307,14402,20162800,0.000000
2957,29.570080,6281.909133804,6281.909133804,14407,20169800,0.000000
2958,29.580066,6281.919120094,6281.919120094,14412,20176800,0.000000
2959,29.590065,6281.929118623,6281.929118623,14417,20183800,0.000000
2960,29.600074,6281.939127813,6281.939127813,14422,20190800,0.000000
2961,29.610066,6281.949120098,6281.949120098,14426,20196400,0.000000
2962,29.620029,6281.959082494,6281.959082494,14431,20203400,0.000000
2963,29.630065,6281.969119035,6281.969119035,14436,20210400,0.000000
2964,29.640066,6281.979120381,6281.979120381,14441,20217400,0.000000
2965,29.650073,6281.989127209,6281.989127209,14446,20224400,0.000000
2966,29.660082,6281.999136020,6281.999136020,14451,20231400,0.000000
2967,29.670064,6282.009118028,6282.009118028,14456,20238400,0.000000
2968,29.680008,6282.019061853,6282.019061853,14461,20245400,0.000000
2969,29.690076,6282.029129713,6282.029129713,14465,20251000,0.000000
2970,29.700081,6282.039135331,6282.039135331,14470,20258000,0.000000
2971,29.710063,6282.049117350,6282.049117350,14475,20265000,0.000000
2972,29.720065,6282.059118901,6282.059118901,14480,20272000,0.000000
2973,29.730068,6282.069121495,6282.069121495,14485,20279000,0.000000
2974,29.740066,6282.079119480,6282.079119480,14490,20286000,0.000000
2975,29.750062,6282.089115653,6282.089115653,14495,20293000,0.000000
2976,29.760063,6282.099116970,6282.099116970,14500,20300000,0.000000
2977,29.770082,6282.109135807,6282.109135807,14504,20305600,0.000000
2978,29.780066,6282.119120431,6282.119120431,14509,20312600,0.000000
2979,29.790068,6282.129121542,6282.129121542,14514,20319600,0.000000
2980,29.800072,6282.139125709,6282.139125709,14519,20326600,0.000000
2981,29.810073,6282.149126502,6282.149126502,14524,20333600,0.000000
2982,29.820066,6282.159120223,6282.159120223,14529,20340600,0.000000
2983,29.830068,6282.169121613,6282.169121613,14534,20347600,0.000000
2984,29.840081,6282.179134994,6282.179134994,14539,20354600,0.000000
2985,29.850066,6282.189120425,6282.189120425,14543,20360200,0.000000
2986,29.860073,6282.199127005,6282.199127005,14548,20367200,0.000000
2987,29.870069,6282.209122899,6282.209122899,14553,20374200,0.000000
2988,29.880061,6282.219114754,6282.219114754,14558,20381200,0.000000
2989,29.890064,6282.229117695,6282.229117695,14563,20388200,0.000000
2990,29.900064,6282.239117465,6282.239117465,14568,20395200,0.000000
2991,29.910067,6282.249120569,6282.249120569,14573,20402200,0.000000
2992,29.920077,6282.259130487,6282.259130487,14578,20409200,0.000000
2993,29.930068,6282.269121520,6282.269121520,14582,20414800,0.000000
2994,29.940066,6282.279120090,6282.279120090,14587,20421800,0.000000
2995,29.950065,6282.289119402,6282.289119402,14592,20428800,0.000000
2996,29.960066,6282.299119719,6282.299119719,14597,20435800,0.000000
2997,29.970066,6282.309119613,6282.309119613,14602,20442800,0.000000
2998,29.980062,6282.319115891,6282.319115891,14607,20449800,0.000000
2999,29.990025,6282.329079155,6282.329079155,14612,20456800,0.000000
3000,30.000064,6282.339118215,6282.339118215,14616,20462400,0.000000
3001,30.010068,6282.349121713,6282.349121713,14621,20469400,0.000000
3002,30.020065,6282.359118684,6282.359118684,14626,20476400,0.000000
3003,30.030068,6282.369122427,6282.369122427,14631,20483400,0.000000
3004,30.040063,6282.379116857,6282.379116857,14636,20490400,0.000000
3005,30.050063,6282.389117337,6282.389117337,14641,20497400,0.000000
3006,30.060068,6282.399122459,6282.399122459,14646,20504400,0.000000
3007,30.070062,6282.409115988,6282.409115988,14651,20511400,0.000000
3008,30.080065,6282.419119011,6282.419119011,14655,20517000,0.000000
3009,30.090065,6282.429119120,6282.429119120,14660,20524000,0.000000
3010,30.100081,6282.439134972,6282.439134972,14665,20531000,0.000000
3011,30.110064,6282.449118204,6282.449118204,14670,20538000,0.000000
3012,30.120065,6282.459118546,6282.459118546,14675,20545000,0.000000
3013,30.130063,6282.469117061,6282.469117061,14680,20552000,0.000000
3014,30.140060,6282.479114356,6282.479114356,14685,20559000,0.000000
3015,30.150068,6282.489121813,6282.489121813,14690,20566000,0.000000
3016,30.160069,6282.499122585,6282.499122585,14694,20571600,0.000000
3017,30.170068,6282.509121559,6282.509121559,14699,20578600,0.000000
3018,30.180037,6282.519091193,6282.519091193,14704,20585600,0.000000
3019,30.190064,6282.529118358,6282.529118358,14709,20592600,0.000000
3020,30.200076,6282.539130127,6282.539130127,14714,20599600,0.000000
3021,30.210066,6282.549120062,6282.549120062,14719,20606600,0.000000
3022,30.220062,6282.559116083,6282.559116083,14724,20613600,0.000000
3023,30.230064,6282.569118233,6282.569118233,14729,20620600,0.000000
3024,30.240016,6282.579070396,6282.579070396,14733,20626200,0.000000
3025,30.250070,6282.589123933,6282.589123933,14738,20633200,0.000000
3026,30.260074,6282.599127948,6282.599127948,14743,20640200,0.000000
3027,30.270070,6282.609124122,6282.609124122,14748,20647200,0.000000
3028,30.280019,6282.619072892,6282.619072892,14753,20654200,0.000000
3029,30.290048,6282.629102038,6282.629102038,14758,20661200,0.000000
3030,30.300062,6282.639115725,6282.639115725,14763,20668200,0.000000
3031,30.310070,6282.649124274,6282.649124274,14768,20675200,0.000000
3032,30.320072,6282.659126149,6282.659126149,14772,20680800,0.000000
3033,30.330069,6282.669122498,6282.669122498,14777,20687800,0.000000
3034,30.340067,6282.679121122,6282.679121122,14782,20694800,0.000000
3035,30.350071,6282.689125045,6282.689125045,14787,20701800,0.000000
3036,30.360066,6282.699120406,6282.699120406,14792,20708800,0.000000
3037,30.370060,6282.709114245,6282.709114245,14797,20715800,0.000000
3038,30.380062,6282.719115662,6282.719115662,14802,20722800,0.000000
3039,30.390086,6282.729140356,6282.729140356,14807,20729800,0.000000
3040,30.400069,6282.739122787,6282.739122787,14811,20735400,0.000000
3041,30.410069,6282.749123076,6282.749123076,14816,20742400,0.000000
3042,30.420069,6282.759123444,6282.759123444,14821,20749400,0.000000
3043,30.430064,6282.769117629,6282.769117629,14826,20756400,0.000000
3044,30.440064,6282.779117702,6282.779117702,14831,20763400,0.000000
3045,30.450067,6282.789121298,6282.789121298,14836,20770400,0.000000
3046,30.460060,6282.799114122,6282.799114122,14841,20777400,0.000000
3047,30.470063,6282.809117262,6282.809117262,14845,20783000,0.000000
3048,30.480067,6282.819120494,6282.819120494,14850,20790000,0.000000
3049,30.490065,6282.829118825,6282.829118825,14855,20797000,0.000000
3050,30.500066,6282.839120202,6282.839120202,14860,20804000,0.000000
3051,30.510065,6282.849118871,6282.849118871,14865,20811000,0.000000
3052,30.520066,6282.859119668,6282.859119668,14870,20818000,0.000000
3053,30.530059,6282.869113391,6282.869113391,14875,20825000,0.000000
3054,30.540039,6282.879092574,6282.879092574,14880,20832000,0.000000
3055,30.550067,6282.889121420,6282.889121420,14884,20837600,0.000000
3056,30.560062,6282.899116192,6282.899116192,14889,20844600,0.000000
3057,30.570061,6282.909114685,6282.909114685,14894,20851600,0.000000
3058,30.580064,6282.919117689,6282.919117689,14899,20858600,0.000000
3059,30.590062,6282.929115965,6282.929115965,14904,20865600,0.000000
3060,30.600068,6282.939121744,6282.939121744,14909,20872600,0.000000
3061,30.610061,6282.949114935,6282.949114935,14914,20879600,0.000000
3062,30.620062,6282.959115684,6282.959115684,14919,20886600,0.000000
3063,30.630044,6282.969098199,6282.969098199,14923,20892200,0.000000
3064,30.640088,6282.979141930,6282.979141930,14928,20899200,0.000000
3065,30.650066,6282.989120218,6282.989120218,14933,20906200,0.000000
3066,30.660065,6282.999118604,6282.999118604,14938,20913200,0.000000
3067,30.670068,6283.009122372,6283.009122372,14943,20920200,0.000000
3068,30.680065,6283.019119250,6283.019119250,14948,20927200,0.000000
3069,30.690065,6283.029119287,6283.029119287,14953,20934200,0.000000
3070,30.700061,6283.039115001,6283.039115001,14958,20941200,0.000000
3071,30.710075,6283.049128776,6283.049128776,14962,20946800,0.000000
3072,30.720070,6283.059124283,6283.059124283,14967,20953800,0.000000
3073,30.730070,6283.069124094,6283.069124094,14972,20960800,0.000000
3074,30.740064,6283.079117922,6283.079117922,14977,20967800,0.000000
3075,30.750062,6283.089115655,6283.089115655,14982,20974800,0.000000
3076,30.760068,6283.099122077,6283.099122077,14987,20981800,0.000000
3077,30.770068,6283.109121744,6283.109121744,14992,20988800,0.000000
3078,30.780073,6283.119126996,6283.119126996,14997,20995800,0.000000
3079,30.790070,6283.129124034,6283.129124034,15001,21001400,0.000000
3080,30.800069,6283.139122916,6283.139122916,15006,21008400,0.000000
3081,30.810059,6283.149113218,6283.149113218,15011,21015400,0.000000
3082,30.820058,6283.159112024,6283.159112024,15016,21022400,0.000000
3083,30.830068,6283.169121675,6283.169121675,15021,21029400,0.000000
3084,30.840063,6283.179117412,6283.179117412,15026,21036400,0.000000
3085,30.850060,6283.189113707,6283.189113707,15031,21043400,0.000000
3086,30.860070,6283.199123653,6283.199123653,15036,21050400,0.000000
3087,30.870068,6283.209121584,6283.209121584,15040,21056000,0.000000
3088,30.880077,6283.219131392,6283.219131392,15045,21063000,0.000000
3089,30.890051,6283.229104563,6283.229104563,15050,21070000,0.000000
3090,30.900063,6283.239117320,6283.239117320,15055,21077000,0.000000
3091,30.910064,6283.249117924,6283.249117924,15060,21084000,0.000000
3092,30.920064,6283.259118279,6283.259118279,15065,21091000,0.000000
3093,30.930060,6283.269113928,6283.269113928,15070,21098000,0.000000
3094,30.940065,6283.279119190,6283.279119190,15074,21103600,0.000000
3095,30.950065,6283.289119367,6283.289119367,15079,21110600,0.000000
3096,30.960062,6283.299116056,6283.299116056,15084,21117600,0.000000
3097,30.970068,6283.309121490,6283.309121490,15089,21124600,0.000000
3098,30.980065,6283.319118591,6283.319118591,15094,21131600,0.000000
3099,30.990064,6283.329117811,6283.329117811,15099,21138600,0.000000
3100,31.000061,6283.339114635,6283.339114635,15104,21145600,0.000000
3101,31.010061,6283.349114871,6283.349114871,15109,21152600,0.000000
3102,31.020068,6283.359121925,6283.359121925,15113,21158200,0.000000
3103,31.030070,6283.369123595,6283.369123595,15118,21165200,0.000000
3104,31.040067,6283.379121082,6283.379121082,15123,21172200,0.000000
3105,31.050037,6283.389090659,6283.389090659,15128,21179200,0.000000
3106,31.060063,6283.399116583,6283.399116583,15133,21186200,0.000000
3107,31.070066,6283.409120102,6283.409120102,15138,21193200,0.000000
3108,31.080068,6283.419121757,6283.419121757,15143,21200200,0.000000
3109,31.090064,6283.429117595,6283.429117595,15148,21207200,0.000000
3110,31.100077,6283.439131248,6283.439131248,15152,21212800,0.000000
3111,31.110067,6283.449120594,6283.449120594,15157,21219800,0.000000
3112,31.120077,6283.459130982,6283.459130982,15162,21226800,0.000000
3113,31.130081,6283.469134843,6283.469134843,15167,21233800,0.000000
3114,31.140074,6283.479128422,6283.479128422,15172,21240800,0.000000
3115,31.150059,6283.489112712,6283.489112712,15177,21247800,0.000000
3116,31.160064,6283.499117923,6283.499117923,15182,21254800,0.000000
3117,31.170020,6283.509074232,6283.509074232,15187,21261800,0.000000
3118,31.180066,6283.519119724,6283.519119724,15191,21267400,0.000000
3119,31.190078,6283.529131826,6283.529131826,15196,21274400,0.000000
3120,31.200063,6283.539117394,6283.539117394,15201,21281400,0.000000
3121,31.210071,6283.549124542,6283.549124542,15206,21288400,0.000000
3122,31.220065,6283.559118912,6283.559118912,15211,21295400,0.000000
3123,31.230068,6283.569121823,6283.569121823,15216,21302400,0.000000
3124,31.240062,6283.579115974,6283.579115974,15221,21309400,0.000000
3125,31.250061,6283.589115124,6283.589115124,15226,21316400,0.000000
3126,31.260063,6283.599117442,6283.599117442,15230,21322000,0.000000
3127,31.270066,6283.609119837,6283.609119837,15235,21329000,0.000000
3128,31.280067,6283.619121141,6283.619121141,15240,21336000,0.000000
3129,31.290068,6283.629121466,6283.629121466,15245,21343000,0.000000
3130,31.300065,6283.639119141,6283.639119141,15250,21350000,0.000000
3131,31.310066,6283.649119831,6283.649119831,15255,21357000,0.000000
3132,31.320066,6283.659119695,6283.659119695,15260,21364000,0.000000
3133,31.330079,6283.669132674,6283.669132674,15265,21371000,0.000000
3134,31.340067,6283.679120818,6283.679120818,15269,21376600,0.000000
3135,31.350061,6283.689114896,6283.689114896,15274,21383600,0.000000
3136,31.360071,6283.699125087,6283.699125087,15279,21390600,0.000000
3137,31.370065,6283.709119224,6283.709119224,15284,21397600,0.000000
3138,31.380064,6283.719118408,6283.719118408,15289,21404600,0.000000
3139,31.390060,6283.729114069,6283.729114069,15294,21411600,0.000000
3140,31.400018,6283.739071616,6283.739071616,15299,21418600,0.000000
3141,31.410065,6283.749118729,6283.749118729,15303,21424200,0.000000
3142,31.420065,6283.759118822,6283.759118822,15308,21431200,0.000000
3143,31.430067,6283.769120618,6283.769120618,15313,21438200,0.000000
3144,31.440073,6283.779126877,6283.779126877,15318,21445200,0.000000
3145,31.450065,6283.789118760,6283.789118760,15323,21452200,0.000000
3146,31.460071,6283.799124860,6283.799124860,15328,21459200,0.000000
3147,31.470067,6283.809120895,6283.809120895,15333,21466200,0.000000
3148,31.480058,6283.819112422,6283.819112422,15338,21473200,0.000000
3149,31.490068,6283.829122107,6283.829122107,15342,21478800,0.000000
3150,31.500070,6283.839123777,6283.839123777,15347,21485800,0.000000
3151,31.510067,6283.849120815,6283.849120815,15352,21492800,0.000000
3152,31.520061,6283.859114483,6283.859114483,15357,21499800,0.000000
3153,31.530065,6283.869119190,6283.869119190,15362,21506800,0.000000
3154,31.540065,6283.879118526,6283.879118526,15367,21513800,0.000000
3155,31.550060,6283.889113517,6283.889113517,15372,21520800,0.000000
3156,31.560066,6283.899119510,6283.899119510,15377,21527800,0.000000
3157,31.570068,6283.909121653,6283.909121653,15381,21533400,0.000000
3158,31.580070,6283.919124329,6283.919124329,15386,21540400,0.000000
3159,31.590066,6283.929119903,6283.929119903,15391,21547400,0.000000
3160,31.600058,6283.939112209,6283.939112209,15396,21554400,0.000000
3161,31.610063,6283.949116947,6283.949116947,15401,21561400,0.000000
3162,31.620064,6283.959117999,6283.959117999,15406,21568400,0.000000
3163,31.630069,6283.969123261,6283.969123261,15411,21575400,0.000000
3164,31.640065,6283.979118683,6283.979118683,15416,21582400,0.000000
3165,31.650079,6283.989132939,6283.989132939,15420,21588000,0.000000
3166,31.660074,6283.999127698,6283.999127698,15425,21595000,0.000000
3167,31.670075,6284.009128894,6284.009128894,15430,21602000,0.000000
3168,31.680068,6284.019121943,6284.019121943,15435,21609000,0.000000
3169,31.690064,6284.029118340,6284.029118340,15440,21616000,0.000000
3170,31.700062,6284.039116428,6284.039116428,15445,21623000,0.000000
3171,31.710064,6284.049117759,6284.049117759,15450,21630000,0.000000
3172,31.720069,6284.059123174,6284.059123174,15455,21637000,0.000000
3173,31.730071,6284.069125272,6284.069125272,15459,21642600,0.000000
3174,31.740072,6284.079125695,6284.079125695,15464,21649600,0.000000
3175,31.750065,6284.089118886,6284.089118886,15469,21656600,0.000000
3176,31.760064,6284.099117912,6284.099117912,15474,21663600,0.000000
3177,31.770066,6284.109119972,6284.109119972,15479,21670600,0.000000
3178,31.780060,6284.119114434,6284.119114434,15484,21677600,0.000000
3179,31.790069,6284.129123323,6284.129123323,15489,21684600,0.000000
3180,31.800098,6284.139151678,6284.139151678,15494,21691600,0.000000
3181,31.810069,6284.149122692,6284.149122692,15498,21697200,0.000000
3182,31.820077,6284.159131090,6284.159131090,15503,21704200,0.000000
3183,31.830035,6284.169089401,6284.169089401,15508,21711200,0.000000
3184,31.840058,6284.179112005,6284.179112005,15513,21718200,0.000000
3185,31.850039,6284.189093416,6284.189093416,15518,21725200,0.000000
3186,31.860063,6284.199117249,6284.199117249,15523,21732200,0.000000
3187,31.870059,6284.209113453,6284.209113453,15528,21739200,0.000000
3188,31.880067,6284.219120993,6284.219120993,15532,21744800,0.000000
3189,31.890064,6284.229117910,6284.229117910,15537,21751800,0.000000
3190,31.900061,6284.239114684,6284.239114684,15542,21758800,0.000000
3191,31.910046,6284.249100000,6284.249100000,15547,21765800,0.000000
3192,31.920060,6284.259113727,6284.259113727,15552,21772800,0.000000
3193,31.930064,6284.269117511,6284.269117511,15557,21779800,0.000000
3194,31.940058,6284.279112339,6284.279112339,15562,21786800,0.000000
3195,31.950048,6284.289102169,6284.289102169,15567,21793800,0.000000
3196,31.960063,6284.299116955,6284.299116955,15571,21799400,0.000000
3197,31.970068,6284.309121645,6284.309121645,15576,21806400,0.000000
3198,31.980063,6284.319116629,6284.319116629,15581,21813400,0.000000
3199,31.990036,6284.329090178,6284.329090178,15586,21820400,0.000000
3200,32.000063,6284.339116471,6284.339116471,15591,21827400,0.000000
3201,32.010059,6284.349113034,6284.349113034,15596,21834400,0.000000
3202,32.020058,6284.359111957,6284.359111957,15601,21841400,0.000000
3203,32.030070,6284.369123627,6284.369123627,15606,21848400,0.000000
3204,32.040062,6284.379115986,6284.379115986,15610,21854000,0.000000
3205,32.050067,6284.389121374,6284.389121374,15615,21861000,0.000000
3206,32.060067,6284.399121225,6284.399121225,15620,21868000,0.000000
3207,32.070068,6284.409122261,6284.409122261,15625,21875000,0.000000
3208,32.080070,6284.419124329,6284.419124329,15630,21882000,0.000000
3209,32.090064,6284.429117565,6284.429117565,15635,21889000,0.000000
3210,32.100061,6284.439115393,6284.439115393,15640,21896000,0.000000
3211,32.110029,6284.449083036,6284.449083036,15645,21903000,0.000000
3212,32.120066,6284.459120369,6284.459120369,15649,21908600,0.000000
3213,32.130067,6284.469120924,6284.469120924,15654,21915600,0.000000
3214,32.140070,6284.479123959,6284.479123959,15659,21922600,0.000000
3215,32.150066,6284.489120327,6284.489120327,15664,21929600,0.000000
3216,32.160067,6284.499121295,6284.499121295,15669,21936600,0.000000
3217,32.170065,6284.509119085,6284.509119085,15674,21943600,0.000000
3218,32.180059,6284.519113383,6284.519113383,15679,21950600,0.000000
3219,32.190066,6284.529119660,6284.529119660,15684,21957600,0.000000
3220,32.200066,6284.539119748,6284.539119748,15688,21963200,0.000000
3221,32.210071,6284.549125418,6284.549125418,15693,21970200,0.000000
3222,32.220067,6284.559120466,6284.559120466,15698,21977200,0.000000
3223,32.230067,6284.569120565,6284.569120565,15703,21984200,0.000000
3224,32.240067,6284.579120794,6284.579120794,15708,21991200,0.000000
3225,32.250065,6284.589118759,6284.589118759,15713,21998200,0.000000
3226,32.260064,6284.599117538,6284.599117538,15718,22005200,0.000000
3227,32.270078,6284.609132300,6284.609132300,15723,22012200,0.000000
3228,32.280074,6284.619127742,6284.619127742,15727,22017800,0.000000
3229,32.290065,6284.629118810,6284.629118810,15732,22024800,0.000000
3230,32.300068,6284.639122088,6284.639122088,15737,22031800,0.000000
3231,32.310065,6284.649118676,6284.649118676,15742,22038800,0.000000
3232,32.320068,6284.659121748,6284.659121748,15747,22045800,0.000000
3233,32.330069,6284.669123453,6284.669123453,15752,22052800,0.000000
3234,32.340025,6284.679079252,6284.679079252,15757,22059800,0.000000
3235,32.350065,6284.689119334,6284.689119334,15761,22065400,0.000000
3236,32.360066,6284.699120406,6284.699120406,15766,22072400,0.000000
3237,32.370060,6284.709114364,6284.709114364,15771,22079400,0.000000
3238,32.380068,6284.719122150,6284.719122150,15776,22086400,0.000000
3239,32.390061,6284.729114692,6284.729114692,15781,22093400,0.000000
3240,32.400065,6284.739118529,6284.739118529,15786,22100400,0.000000
3241,32.410061,6284.749114973,6284.749114973,15791,22107400,0.000000
3242,32.420055,6284.759109188,6284.759109188,15796,22114400,0.000000
3243,32.430071,6284.769124858,6284.769124858,15800,22120000,0.000000
3244,32.440064,6284.779118023,6284.779118023,15805,22127000,0.000000
3245,32.450062,6284.789115759,6284.789115759,15810,22134000,0.000000
3246,32.460063,6284.799117328,6284.799117328,15815,22141000,0.000000
3247,32.470064,6284.809117905,6284.809117905,15820,22148000,0.000000
3248,32.480039,6284.819092995,6284.819092995,15825,22155000,0.000000
3249,32.490069,6284.829122500,6284.829122500,15830,22162000,0.000000
3250,32.500059,6284.839112480,6284.839112480,15835,22169000,0.000000
3251,32.510066,6284.849119828,6284.849119828,15839,22174600,0.000000
3252,32.520065,6284.859118846,6284.859118846,15844,22181600,0.000000
3253,32.530068,6284.869121922,6284.869121922,15849,22188600,0.000000
3254,32.540062,6284.879116214,6284.879116214,15854,22195600,0.000000
3255,32.550069,6284.889122568,6284.889122568,15859,22202600,0.000000
3256,32.560064,6284.899117722,6284.899117722,15864,22209600,0.000000
3257,32.570059,6284.909113464,6284.909113464,15869,22216600,0.000000
3258,32.580028,6284.919081825,6284.919081825,15874,22223600,0.000000
3259,32.590065,6284.929119457,6284.929119457,15878,22229200,0.000000
3260,32.600065,6284.939119440,6284.939119440,15883,22236200,0.000000
3261,32.610067,6284.949120919,6284.949120919,15888,22243200,0.000000
3262,32.620067,6284.959120861,6284.959120861,15893,22250200,0.000000
3263,32.630065,6284.969119036,6284.969119036,15898,22257200,0.000000
3264,32.640017,6284.979071078,6284.979071078,15903,22264200,0.000000
3265,32.650070,6284.989123670,6284.989123670,15908,22271200,0.000000
3266,32.660084,6284.999137545,6284.999137545,15913,22278200,0.000000
3267,32.670066,6285.009120379,6285.009120379,15917,22283800,0.000000
3268,32.680065,6285.019118894,6285.019118894,15922,22290800,0.000000
3269,32.690068,6285.029121790,6285.029121790,15927,22297800,0.000000
3270,32.700062,6285.039116357,6285.039116357,15932,22304800,0.000000
3271,32.710064,6285.049118178,6285.049118178,15937,22311800,0.000000
3272,32.720064,6285.059118162,6285.059118162,15942,22318800,0.000000
3273,32.730063,6285.069117230,6285.069117230,15947,22325800,0.000000
3274,32.740081,6285.079135243,6285.079135243,15952,22332800,0.000000
3275,32.750069,6285.089123351,6285.089123351,15956,22338400,0.000000
3276,32.760070,6285.099124263,6285.099124263,15961,22345400,0.000000
3277,32.770049,6285.109103329,6285.109103329,15966,22352400,0.000000
3278,32.780066,6285.119120253,6285.119120253,15971,22359400,0.000000
3279,32.790066,6285.129119643,6285.129119643,15976,22366400,0.000000
3280,32.800066,6285.139120088,6285.139120088,15981,22373400,0.000000
3281,32.810029,6285.149083231,6285.149083231,15986,22380400,0.000000
3282,32.820068,6285.159121564,6285.159121564,15990,22386000,0.000000
3283,32.830076,6285.169129542,6285.169129542,15995,22393000,0.000000
3284,32.840064,6285.179117749,6285.179117749,16000,22400000,0.000000
3285,32.850067,6285.189120642,6285.189120642,16005,22407000,0.000000
3286,32.860064,6285.199117543,6285.199117543,16010,22414000,0.000000
3287,32.870070,6285.209123964,6285.209123964,16015,22421000,0.000000
3288,32.880061,6285.219115444,6285.219115444,16020,22428000,0.000000
3289,32.890045,6285.229098478,6285.229098478,16025,22435000,0.000000
3290,32.900049,6285.239103051,6285.239103051,16029,22440600,0.000000
3291,32.910068,6285.249122427,6285.249122427,16034,22447600,0.000000
3292,32.920065,6285.259118690,6285.259118690,16039,22454600,0.000000
3293,32.930064,6285.269117873,6285.269117873,16044,22461600,0.000000
3294,32.940068,6285.279121968,6285.279121968,16049,22468600,0.000000
3295,32.950065,6285.289118962,6285.289118962,16054,22475600,0.000000
3296,32.960061,6285.299115121,6285.299115121,16059,22482600,0.000000
3297,32.970057,6285.309111355,6285.309111355,16064,22489600,0.000000
3298,32.980069,6285.319123433,6285.319123433,16068,22495200,0.000000
3299,32.990068,6285.329121485,6285.329121485,16073,22502200,0.000000
3300,33.000062,6285.339115595,6285.339115595,16078,22509200,0.000000
3301,33.010061,6285.349115059,6285.349115059,16083,22516200,0.000000
3302,33.020064,6285.359117800,6285.359117800,16088,22523200,0.000000
3303,33.030064,6285.369118319,6285.369118319,16093,22530200,0.000000
3304,33.040058,6285.379112222,6285.379112222,16098,22537200,0.000000
3305,33.050064,6285.389118065,6285.389118065,16103,22544200,0.000000
3306,33.060065,6285.399118909,6285.399118909,16107,22549800,0.000000
3307,33.070083,6285.409136799,6285.409136799,16112,22556800,0.000000
3308,33.080067,6285.419120618,6285.419120618,16117,22563800,0.000000
3309,33.090069,6285.429122956,6285.429122956,16122,22570800,0.000000
3310,33.100085,6285.439139207,6285.439139207,16127,22577800,0.000000
3311,33.110064,6285.449118392,6285.449118392,16132,22584800,0.000000
3312,33.120060,6285.459113589,6285.459113589,16137,22591800,0.000000
3313,33.130073,6285.469126730,6285.469126730,16142,22598800,0.000000
3314,33.140064,6285.479117525,6285.479117525,16146,22604400,0.000000
3315,33.150067,6285.489120816,6285.489120816,16151,22611400,0.000000
3316,33.160068,6285.499122124,6285.499122124,16156,22618400,0.000000
3317,33.170062,6285.509116271,6285.509116271,16161,22625400,0.000000
3318,33.180073,6285.519126845,6285.519126845,16166,22632400,0.000000
3319,33.190065,6285.529118880,6285.529118880,16171,22639400,0.000000
3320,33.200031,6285.539084708,6285.539084708,16176,22646400,0.000000
3321,33.210028,6285.549082097,6285.549082097,16180,22652000,0.000000
3322,33.220070,6285.559124262,6285.559124262,16185,22659000,0.000000
3323,33.230061,6285.569115154,6285.569115154,16190,22666000,0.000000
3324,33.240041,6285.579094773,6285.579094773,16195,22673000,0.000000
3325,33.250058,6285.589112446,6285.589112446,16200,22680000,0.000000
3326,33.260059,6285.599113332,6285.599113332,16205,22687000,0.000000
3327,33.270059,6285.609113137,6285.609113137,16210,22694000,0.000000
3328,33.280013,6285.619066740,6285.619066740,16215,22701000,0.000000
3329,33.290074,6285.629127564,6285.629127564,16219,22706600,0.000000
3330,33.300069,6285.639123029,6285.639123029,16224,22713600,0.000000
3331,33.310067,6285.649120789,6285.649120789,16229,22720600,0.000000
3332,33.320099,6285.659152901,6285.659152901,16234,22727600,0.000000
3333,33.330019,6285.669073401,6285.669073401,16239,22734600,0.000000
3334,33.340061,6285.679115099,6285.679115099,16244,22741600,0.000000
3335,33.350053,6285.689106559,6285.689106559,16249,22748600,0.000000
3336,33.360059,6285.699112989,6285.699112989,16254,22755600,0.000000
3337,33.370069,6285.709123398,6285.709123398,16258,22761200,0.000000
3338,33.380068,6285.719122216,6285.719122216,16263,22768200,0.000000
3339,33.390062,6285.729116090,6285.729116090,16268,22775200,0.000000
3340,33.400067,6285.739120990,6285.739120990,16273,22782200,0.000000
3341,33.410067,6285.749120684,6285.749120684,16278,22789200,0.000000
3342,33.420094,6285.759148293,6285.759148293,16283,22796200,0.000000
3343,33.430069,6285.769122566,6285.769122566,16288,22803200,0.000000
3344,33.440068,6285.779122188,6285.779122188,16293,22810200,0.000000
3345,33.450069,6285.789122787,6285.789122787,16297,22815800,0.000000
3346,33.460069,6285.799123204,6285.799123204,16302,22822800,0.000000
3347,33.470063,6285.809116806,6285.809116806,16307,22829800,0.000000
3348,33.480061,6285.819115352,6285.819115352,16312,22836800,0.000000
3349,33.490059,6285.829113402,6285.829113402,16317,22843800,0.000000
3350,33.500064,6285.839118014,6285.839118014,16322,22850800,0.000000
3351,33.510074,6285.849128171,6285.849128171,16327,22857800,0.000000
3352,33.520064,6285.859118090,6285.859118090,16332,22864800,0.000000
3353,33.530072,6285.869126154,6285.869126154,16336,22870400,0.000000
3354,33.540070,6285.879123522,6285.879123522,16341,22877400,0.000000
3355,33.550067,6285.889120872,6285.889120872,16346,22884400,0.000000
3356,33.560066,6285.899119838,6285.899119838,16351,22891400,0.000000
3357,33.570063,6285.909117246,6285.909117246,16356,22898400,0.000000
3358,33.580064,6285.919117622,6285.919117622,16361,22905400,0.000000
3359,33.590061,6285.929114945,6285.929114945,16366,22912400,0.000000
3360,33.600076,6285.939129708,6285.939129708,16371,22919400,0.000000
3361,33.610066,6285.949119808,6285.949119808,16375,22925000,0.000000
3362,33.620065,6285.959119218,6285.959119218,16380,22932000,0.000000
3363,33.630061,6285.969115373,6285.969115373,16385,22939000,0.000000
3364,33.640061,6285.979114634,6285.979114634,16390,22946000,0.000000
3365,33.650062,6285.989115769,6285.989115769,16395,22953000,0.000000
3366,33.660060,6285.999113712,6285.999113712,16400,22960000,0.000000
3367,33.670058,6286.009112228,6286.009112228,16405,22967000,0.000000
3368,33.680071,6286.019125360,6286.019125360,16410,22974000,0.000000
3369,33.690066,6286.029120096,6286.029120096,16414,22979600,0.000000
3370,33.700062,6286.039115695,6286.039115695,16419,22986600,0.000000
3371,33.710061,6286.049114656,6286.049114656,16424,22993600,0.000000
3372,33.720063,6286.059116501,6286.059116501,16429,23000600,0.000000
3373,33.730065,6286.069118750,6286.069118750,16434,23007600,0.000000
3374,33.740062,6286.079116439,6286.079116439,16439,23014600,0.000000
3375,33.750023,6286.089077000,6286.089077000,16444,23021600,0.000000
3376,33.760075,6286.099129099,6286.099129099,16448,23027200,0.000000
3377,33.770065,6286.109119445,6286.109119445,16453,23034200,0.000000
3378,33.780060,6286.119113523,6286.119113523,16458,23041200,0.000000
3379,33.790065,6286.129119293,6286.129119293,16463,23048200,0.000000
3380,33.800063,6286.139116916,6286.139116916,16468,23055200,0.000000
3381,33.810062,6286.149115841,6286.149115841,16473,23062200,0.000000
3382,33.820064,6286.159117697,6286.159117697,16478,23069200,0.000000
3383,33.830064,6286.169117567,6286.169117567,16483,23076200,0.000000
3384,33.840065,6286.179119295,6286.179119295,16487,23081800,0.000000
3385,33.850072,6286.189125749,6286.189125749,16492,23088800,0.000000
3386,33.860067,6286.199120612,6286.199120612,16497,23095800,0.000000
3387,33.870062,6286.209116167,6286.209116167,16502,23102800,0.000000
3388,33.880074,6286.219128213,6286.219128213,16507,23109800,0.000000
3389,33.890067,6286.229120578,6286.229120578,16512,23116800,0.000000
3390,33.900060,6286.239113583,6286.239113583,16517,23123800,0.000000
3391,33.910003,6286.249057382,6286.249057382,16522,23130800,0.000000
3392,33.920070,6286.259124283,6286.259124283,16526,23136400,0.000000
3393,33.930067,6286.269121399,6286.269121399,16531,23143400,0.000000
3394,33.940067,6286.279121060,6286.279121060,16536,23150400,0.000000
3395,33.950070,6286.289123577,6286.289123577,16541,23157400,0.000000
3396,33.960064,6286.299118171,6286.299118171,16546,23164400,0.000000
3397,33.970066,6286.309119930,6286.309119930,16551,23171400,0.000000
3398,33.980066,6286.319119617,6286.319119617,16556,23178400,0.000000
3399,33.990033,6286.329087249,6286.329087249,16561,23185400,0.000000
3400,34.000067,6286.339120835,6286.339120835,16565,23191000,0.000000
3401,34.010065,6286.349119052,6286.349119052,16570,23198000,0.000000
3402,34.020067,6286.359120522,6286.359120522,16575,23205000,0.000000
3403,34.030068,6286.369121683,6286.369121683,16580,23212000,0.000000
3404,34.040067,6286.379120470,6286.379120470,16585,23219000,0.000000
3405,34.050067,6286.389121380,6286.389121380,16590,23226000,0.000000
3406,34.060059,6286.399112505,6286.399112505,16595,23233000,0.000000
3407,34.070080,6286.409134230,6286.409134230,16600,23240000,0.000000
3408,34.080073,6286.419127008,6286.419127008,16604,23245600,0.000000
3409,34.090067,6286.429121363,6286.429121363,16609,23252600,0.000000
3410,34.100070,6286.439124076,6286.439124076,16614,23259600,0.000000
3411,34.110066,6286.449120115,6286.449120115,16619,23266600,0.000000
3412,34.120069,6286.459123321,6286.459123321,16624,23273600,0.000000
3413,34.130067,6286.469120972,6286.469120972,16629,23280600,0.000000
3414,34.140067,6286.479120796,6286.479120796,16634,23287600,0.000000
3415,34.150082,6286.489135534,6286.489135534,16639,23294600,0.000000
3416,34.160064,6286.499117879,6286.499117879,16643,23300200,0.000000
3417,34.170066,6286.509120456,6286.509120456,16648,23307200,0.000000
3418,34.180070,6286.519123851,6286.519123851,16653,23314200,0.000000
3419,34.190019,6286.529073450,6286.529073450,16658,23321200,0.000000
3420,34.200064,6286.539117614,6286.539117614,16663,23328200,0.000000
3421,34.210048,6286.549101945,6286.549101945,16668,23335200,0.000000
3422,34.220019,6286.559073379,6286.559073379,16673,23342200,0.000000
3423,34.230068,6286.569122178,6286.569122178,16677,23347800,0.000000
3424,34.240066,6286.579119523,6286.579119523,16682,23354800,0.000000
3425,34.250065,6286.589118962,6286.589118962,16687,23361800,0.000000
3426,34.260038,6286.599091827,6286.599091827,16692,23368800,0.000000
3427,34.270064,6286.609117981,6286.609117981,16697,23375800,0.000000
3428,34.280059,6286.619113181,6286.619113181,16702,23382800,0.000000
3429,34.290060,6286.629113588,6286.629113588,16707,23389800,0.000000
3430,34.300061,6286.639115427,6286.639115427,16712,23396800,0.000000
3431,34.310044,6286.649098425,6286.649098425,16716,23402400,0.000000
3432,34.320070,6286.659123883,6286.659123883,16721,23409400,0.000000
3433,34.330022,6286.669075827,6286.669075827,16726,23416400,0.000000
3434,34.340065,6286.679119091,6286.679119091,16731,23423400,0.000000
3435,34.350068,6286.689122034,6286.689122034,16736,23430400,0.000000
3436,34.360033,6286.699087014,6286.699087014,16741,23437400,0.000000
3437,34.370058,6286.709111642,6286.709111642,16746,23444400,0.000000
3438,34.380059,6286.719112560,6286.719112560,16751,23451400,0.000000
3439,34.390014,6286.729068081,6286.729068081,16755,23457000,0.000000
3440,34.400064,6286.739117582,6286.739117582,16760,23464000,0.000000
3441,34.410061,6286.749115107,6286.749115107,16765,23471000,0.000000
3442,34.420053,6286.759106911,6286.759106911,16770,23478000,0.000000
3443,34.430060,6286.769113825,6286.769113825,16775,23485000,0.000000
3444,34.440062,6286.779115497,6286.779115497,16780,23492000,0.000000
3445,34.450060,6286.789114181,6286.789114181,16785,23499000,0.000000
3446,34.460033,6286.799087439,6286.799087439,16790,23506000,0.000000
3447,34.470061,6286.809115124,6286.809115124,16794,23511600,0.000000
3448,34.480066,6286.819120413,6286.819120413,16799,23518600,0.000000
3449,34.490066,6286.829119830,6286.829119830,16804,23525600,0.000000
3450,34.500065,6286.839119231,6286.839119231,16809,23532600,0.000000
3451,34.510066,6286.849119859,6286.849119859,16814,23539600,0.000000
3452,34.520058,6286.859112237,6286.859112237,16819,23546600,0.000000
3453,34.530060,6286.869114367,6286.869114367,16824,23553600,0.000000
3454,34.540067,6286.879121040,6286.879121040,16829,23560600,0.000000
3455,34.550068,6286.889121580,6286.889121580,16833,23566200,0.000000
3456,34.560065,6286.899119231,6286.899119231,16838,23573200,0.000000
3457,34.570060,6286.909114383,6286.909114383,16843,23580200,0.000000
3458,34.580054,6286.919107872,6286.919107872,16848,23587200,0.000000
3459,34.590060,6286.929113886,6286.929113886,16853,23594200,0.000000
3460,34.600064,6286.939117969,6286.939117969,16858,23601200,0.000000
3461,34.610059,6286.949113325,6286.949113325,16863,23608200,0.000000
3462,34.620068,6286.959121634,6286.959121634,16868,23615200,0.000000
3463,34.630072,6286.969126378,6286.969126378,16872,23620800,0.000000
3464,34.640071,6286.979124538,6286.979124538,16877,23627800,0.000000
3465,34.650071,6286.989124575,6286.989124575,16882,23634800,0.000000
3466,34.660010,6286.999064346,6286.999064346,16887,23641800,0.000000
3467,34.670064,6287.009118250,6287.009118250,16892,23648800,0.000000
3468,34.680062,6287.019115729,6287.019115729,16897,23655800,0.000000
3469,34.690030,6287.029084064,6287.029084064,16902,23662800,0.000000
3470,34.700061,6287.039114818,6287.039114818,16906,23668400,0.000000
3471,34.710061,6287.049115205,6287.049115205,16911,23675400,0.000000
3472,34.720060,6287.059113870,6287.059113870,16916,23682400,0.000000
3473,34.730064,6287.069117765,6287.069117765,16921,23689400,0.000000
3474,34.740059,6287.079112974,6287.079112974,16926,23696400,0.000000
3475,34.750060,6287.089114245,6287.089114245,16931,23703400,0.000000
3476,34.760064,6287.099117947,6287.099117947,16936,23710400,0.000000
3477,34.770069,6287.109123340,6287.109123340,16941,23717400,0.000000
3478,34.780070,6287.119124205,6287.119124205,16945,23723000,0.000000
3479,34.790072,6287.129125504,6287.129125504,16950,23730000,0.000000
3480,34.800062,6287.139115878,6287.139115878,16955,23737000,0.000000
3481,34.810062,6287.149115492,6287.149115492,16960,23744000,0.000000
3482,34.820051,6287.159105357,6287.159105357,16965,23751000,0.000000
3483,34.830066,6287.169120105,6287.169120105,16970,23758000,0.000000
3484,34.840058,6287.179112403,6287.179112403,16975,23765000,0.000000
3485,34.850011,6287.189064593,6287.189064593,16980,23772000,0.000000
3486,34.860064,6287.199118219,6287.199118219,16984,23777600,0.000000
3487,34.870043,6287.209097109,6287.209097109,16989,23784600,0.000000
3488,34.880059,6287.219112692,6287.219112692,16994,23791600,0.000000
3489,34.890051,6287.229105302,6287.229105302,16999,23798600,0.000000
3490,34.900064,6287.239117940,6287.239117940,17004,23805600,0.000000
3491,34.910059,6287.249112811,6287.249112811,17009,23812600,0.000000
3492,34.920040,6287.259094133,6287.259094133,17014,23819600,0.000000
3493,34.930031,6287.269084701,6287.269084701,17019,23826600,0.000000
3494,34.940061,6287.279115429,6287.279115429,17023,23832200,0.000000
3495,34.950058,6287.289112426,6287.289112426,17028,23839200,0.000000
3496,34.960065,6287.299118808,6287.299118808,17033,23846200,0.000000
3497,34.970062,6287.309116072,6287.309116072,17038,23853200,0.000000
3498,34.980079,6287.319132799,6287.319132799,17043,23860200,0.000000
3499,34.990079,6287.329132500,6287.329132500,17048,23867200,0.000000
3500,35.000060,6287.339114428,6287.339114428,17053,23874200,0.000000
3501,35.010080,6287.349134197,6287.349134197,17058,23881200,0.000000
3502,35.020062,6287.359115790,6287.359115790,17062,23886800,0.000000
3503,35.030066,6287.369119766,6287.369119766,17067,23893800,0.000000
3504,35.040070,6287.379124098,6287.379124098,17072,23900800,0.000000
3505,35.050067,6287.389121282,6287.389121282,17077,23907800,0.000000
3506,35.060061,6287.399114704,6287.399114704,17082,23914800,0.000000
3507,35.070012,6287.409065931,6287.409065931,17087,23921800,0.000000
3508,35.080059,6287.419112907,6287.419112907,17092,23928800,0.000000
3509,35.090093,6287.429146944,6287.429146944,17097,23935800,0.000000
3510,35.100066,6287.439119922,6287.439119922,17101,23941400,0.000000
3511,35.110067,6287.449120535,6287.449120535,17106,23948400,0.000000
3512,35.120038,6287.459092401,6287.459092401,17111,23955400,0.000000
3513,35.130064,6287.469118030,6287.469118030,17116,23962400,0.000000
3514,35.140068,6287.479121943,6287.479121943,17121,23969400,0.000000
3515,35.150062,6287.489115536,6287.489115536,17126,23976400,0.000000
3516,35.160015,6287.499069338,6287.499069338,17131,23983400,0.000000
3517,35.170039,6287.509093161,6287.509093161,17135,23989000,0.000000
3518,35.180073,6287.519127192,6287.519127192,17140,23996000,0.000000
3519,35.190068,6287.529121511,6287.529121511,17145,24003000,0.000000
3520,35.200067,6287.539121305,6287.539121305,17150,24010000,0.000000
3521,35.210063,6287.549116621,6287.549116621,17155,24017000,0.000000
3522,35.220064,6287.559117539,6287.559117539,17160,24024000,0.000000
3523,35.230060,6287.569113625,6287.569113625,17165,24031000,0.000000
3524,35.240064,6287.579117570,6287.579117570,17170,24038000,0.000000
3525,35.250063,6287.589116911,6287.589116911,17174,24043600,0.000000
3526,35.260070,6287.599123791,6287.599123791,17179,24050600,0.000000
3527,35.270066,6287.609120089,6287.609120089,17184,24057600,0.000000
3528,35.280062,6287.619116439,6287.619116439,17189,24064600,0.000000
3529,35.290062,6287.629116420,6287.629116420,17194,24071600,0.000000
3530,35.300064,6287.639118232,6287.639118232,17199,24078600,0.000000
3531,35.310070,6287.649123835,6287.649123835,17204,24085600,0.000000
3532,35.320062,6287.659116362,6287.659116362,17209,24092600,0.000000
3533,35.330032,6287.669086400,6287.669086400,17213,24098200,0.000000
3534,35.340071,6287.679124646,6287.679124646,17218,24105200,0.000000
3535,35.350065,6287.689118932,6287.689118932,17223,24112200,0.000000
3536,35.360062,6287.699115786,6287.699115786,17228,24119200,0.000000
3537,35.370070,6287.709123640,6287.709123640,17233,24126200,0.000000
3538,35.380034,6287.719088244,6287.719088244,17238,24133200,0.000000
3539,35.390059,6287.729112742,6287.729112742,17243,24140200,0.000000
3540,35.400037,6287.739091074,6287.739091074,17248,24147200,0.000000
3541,35.410065,6287.749118669,6287.749118669,17252,24152800,0.000000
3542,35.420061,6287.759114479,6287.759114479,17257,24159800,0.000000
3543,35.430066,6287.769120274,6287.769120274,17262,24166800,0.000000
3544,35.440066,6287.779120102,6287.779120102,17267,24173800,0.000000
3545,35.450064,6287.789118071,6287.789118071,17272,24180800,0.000000
3546,35.460066,6287.799119624,6287.799119624,17277,24187800,0.000000
3547,35.470070,6287.809124425,6287.809124425,17282,24194800,0.000000
3548,35.480072,6287.819125860,6287.819125860,17287,24201800,0.000000
3549,35.490066,6287.829120171,6287.829120171,17291,24207400,0.000000
3550,35.500020,6287.839073699,6287.839073699,17296,24214400,0.000000
3551,35.510016,6287.849069630,6287.849069630,17301,24221400,0.000000
3552,35.520067,6287.859120682,6287.859120682,17306,24228400,0.000000
3553,35.530065,6287.869118935,6287.869118935,17311,24235400,0.000000
3554,35.540066,6287.879119688,6287.879119688,17316,24242400,0.000000
3555,35.550057,6287.889111315,6287.889111315,17321,24249400,0.000000
3556,35.560077,6287.899131244,6287.899131244,17326,24256400,0.000000
3557,35.570063,6287.909117332,6287.909117332,17330,24262000,0.000000
3558,35.580064,6287.919118393,6287.919118393,17335,24269000,0.000000
3559,35.590064,6287.929118291,6287.929118291,17340,24276000,0.000000
3560,35.600065,6287.939118766,6287.939118766,17345,24283000,0.000000
3561,35.610060,6287.949113959,6287.949113959,17350,24290000,0.000000
3562,35.620068,6287.959122308,6287.959122308,17355,24297000,0.000000
3563,35.630019,6287.969073013,6287.969073013,17360,24304000,0.000000
3564,35.640061,6287.979115382,6287.979115382,17364,24309600,0.000000
3565,35.650072,6287.989126067,6287.989126067,17369,24316600,0.000000
3566,35.660075,6287.999128695,6287.999128695,17374,24323600,0.000000
3567,35.670069,6288.009122760,6288.009122760,17379,24330600,0.000000
3568,35.680059,6288.019113289,6288.019113289,17384,24337600,0.000000
3569,35.690065,6288.029118709,6288.029118709,17389,24344600,0.000000
3570,35.700068,6288.039121889,6288.039121889,17394,24351600,0.000000
3571,35.710073,6288.049127004,6288.049127004,17399,24358600,0.000000
3572,35.720059,6288.059113433,6288.059113433,17403,24364200,0.000000
3573,35.730070,6288.069124455,6288.069124455,17408,24371200,0.000000
3574,35.740067,6288.079121270,6288.079121270,17413,24378200,0.000000
3575,35.750066,6288.089119611,6288.089119611,17418,24385200,0.000000
3576,35.760066,6288.099119572,6288.099119572,17423,24392200,0.000000
3577,35.770064,6288.109117968,6288.109117968,17428,24399200,0.000000
3578,35.780063,6288.119117037,6288.119117037,17433,24406200,0.000000
3579,35.790063,6288.129117377,6288.129117377,17438,24413200,0.000000
3580,35.800070,6288.139124310,6288.139124310,17442,24418800,0.000000
3581,35.810070,6288.149123807,6288.149123807,17447,24425800,0.000000
3582,35.820066,6288.159120277,6288.159120277,17452,24432800,0.000000
3583,35.830067,6288.169120680,6288.169120680,17457,24439800,0.000000
3584,35.840065,6288.179119306,6288.179119306,17462,24446800,0.000000
3585,35.850064,6288.189118407,6288.189118407,17467,24453800,0.000000
3586,35.860065,6288.199119407,6288.199119407,17472,24460800,0.000000
3587,35.870045,6288.209098974,6288.209098974,17477,24467800,0.000000
3588,35.880063,6288.219117018,6288.219117018,17481,24473400,0.000000
3589,35.890037,6288.229090585,6288.229090585,17486,24480400,0.000000
3590,35.900080,6288.239134408,6288.239134408,17491,24487400,0.000000
3591,35.910068,6288.249121854,6288.249121854,17496,24494400,0.000000
3592,35.920028,6288.259081476,6288.259081476,17501,24501400,0.000000
3593,35.930069,6288.269122599,6288.269122599,17506,24508400,0.000000
3594,35.940069,6288.279122585,6288.279122585,17511,24515400,0.000000
3595,35.950077,6288.289130674,6288.289130674,17516,24522400,0.000000
3596,35.960065,6288.299118558,6288.299118558,17520,24528000,0.000000
3597,35.970014,6288.309067643,6288.309067643,17525,24535000,0.000000
3598,35.980061,6288.319115180,6288.319115180,17530,24542000,0.000000
3599,35.990063,6288.329116912,6288.329116912,17535,24549000,0.000000
3600,36.000064,6288.339118279,6288.339118279,17540,24556000,0.000000
3601,36.010066,6288.349120042,6288.349120042,17545,24563000,0.000000
3602,36.020063,6288.359116911,6288.359116911,17550,24570000,0.000000
3603,36.030076,6288.369129780,6288.369129780,17555,24577000,0.000000
3604,36.040063,6288.379116636,6288.379116636,17559,24582600,0.000000
3605,36.050068,6288.389121914,6288.389121914,17564,24589600,0.000000
3606,36.060087,6288.399140737,6288.399140737,17569,24596600,0.000000
3607,36.070060,6288.409113638,6288.409113638,17574,24603600,0.000000
3608,36.080067,6288.419121409,6288.419121409,17579,24610600,0.000000
3609,36.090069,6288.429123239,6288.429123239,17584,24617600,0.000000
3610,36.100044,6288.439097502,6288.439097502,17589,24624600,0.000000
3611,36.110069,6288.449122780,6288.449122780,17593,24630200,0.000000
3612,36.120069,6288.459123043,6288.459123043,17598,24637200,0.000000
3613,36.130064,6288.469118233,6288.469118233,17603,24644200,0.000000
3614,36.140070,6288.479124261,6288.479124261,17608,24651200,0.000000
3615,36.150068,6288.489122039,6288.489122039,17613,24658200,0.000000
3616,36.160070,6288.499123553,6288.499123553,17618,24665200,0.000000
3617,36.170067,6288.509120705,6288.509120705,17623,24672200,0.000000
3618,36.180064,6288.519118051,6288.519118051,17628,24679200,0.000000
3619,36.190072,6288.529125483,6288.529125483,17632,24684800,0.000000
3620,36.200064,6288.539118054,6288.539118054,17637,24691800,0.000000
3621,36.210068,6288.549122134,6288.549122134,17642,24698800,0.000000
3622,36.220066,6288.559120005,6288.559120005,17647,24705800,0.000000
3623,36.230065,6288.569118940,6288.569118940,17652,24712800,0.000000
3624,36.240066,6288.579120157,6288.579120157,17657,24719800,0.000000
3625,36.250066,6288.589119567,6288.589119567,17662,24726800,0.000000
3626,36.260016,6288.599069670,6288.599069670,17667,24733800,0.000000
3627,36.270065,6288.609119409,6288.609119409,17671,24739400,0.000000
3628,36.280070,6288.619124347,6288.619124347,17676,24746400,0.000000
3629,36.290067,6288.629120570,6288.629120570,17681,24753400,0.000000
3630,36.300068,6288.639121914,6288.639121914,17686,24760400,0.000000
3631,36.310067,6288.649120567,6288.649120567,17691,24767400,0.000000
3632,36.320067,6288.659120703,6288.659120703,17696,24774400,0.000000
3633,36.330060,6288.669113629,6288.669113629,17701,24781400,0.000000
3634,36.340052,6288.679105822,6288.679105822,17706,24788400,0.000000
3635,36.350069,6288.689122562,6288.689122562,17710,24794000,0.000000
3636,36.360071,6288.699125260,6288.699125260,17715,24801000,0.000000
3637,36.370066,6288.709120082,6288.709120082,17720,24808000,0.000000
3638,36.380070,6288.719124289,6288.719124289,17725,24815000,0.000000
3639,36.390060,6288.729114049,6288.729114049,17730,24822000,0.000000
3640,36.400058,6288.739112452,6288.739112452,17735,24829000,0.000000
3641,36.410065,6288.749119286,6288.749119286,17740,24836000,0.000000
3642,36.420077,6288.759131348,6288.759131348,17745,24843000,0.000000
3643,36.430066,6288.769120043,6288.769120043,17749,24848600,0.000000
3644,36.440062,6288.779115728,6288.779115728,17754,24855600,0.000000
3645,36.450061,6288.789115073,6288.789115073,17759,24862600,0.000000
3646,36.460064,6288.799117935,6288.799117935,17764,24869600,0.000000
3647,36.470065,6288.809119015,6288.809119015,17769,24876600,0.000000
3648,36.480064,6288.819117468,6288.819117468,17774,24883600,0.000000
3649,36.490069,6288.829122624,6288.829122624,17779,24890600,0.000000
3650,36.500082,6288.839136194,6288.839136194,17784,24897600,0.000000
3651,36.510072,6288.849126160,6288.849126160,17788,24903200,0.000000
3652,36.520068,6288.859122155,6288.859122155,17793,24910200,0.000000
3653,36.530072,6288.869125648,6288.869125648,17798,24917200,0.000000
3654,36.540064,6288.879118397,6288.879118397,17803,24924200,0.000000
3655,36.550065,6288.889119131,6288.889119131,17808,24931200,0.000000
3656,36.560074,6288.899127859,6288.899127859,17813,24938200,0.000000
3657,36.570030,6288.909084071,6288.909084071,17818,24945200,0.000000
3658,36.580065,6288.919118663,6288.919118663,17822,24950800,0.000000
3659,36.590065,6288.929118568,6288.929118568,17827,24957800,0.000000
3660,36.600064,6288.939118152,6288.939118152,17832,24964800,0.000000
3661,36.610065,6288.949118986,6288.949118986,17837,24971800,0.000000
3662,36.620061,6288.959114554,6288.959114554,17842,24978800,0.000000
3663,36.630064,6288.969117978,6288.969117978,17847,24985800,0.000000
3664,36.640058,6288.979112330,6288.979112330,17852,24992800,0.000000
3665,36.650063,6288.989116746,6288.989116746,17857,24999800,0.000000
3666,36.660063,6288.999117027,6288.999117027,17861,25005400,0.000000
3667,36.670066,6289.009120089,6289.009120089,17866,25012400,0.000000
3668,36.680062,6289.019115831,6289.019115831,17871,25019400,0.000000
3669,36.690068,6289.029122164,6289.029122164,17876,25026400,0.000000
3670,36.700067,6289.039120634,6289.039120634,17881,25033400,0.000000
3671,36.710067,6289.049120822,6289.049120822,17886,25040400,0.000000
3672,36.720096,6289.059150263,6289.059150263,17891,25047400,0.000000
3673,36.730012,6289.069066464,6289.069066464,17896,25054400,0.000000
3674,36.740067,6289.079120495,6289.079120495,17900,25060000,0.000000
3675,36.750066,6289.089119772,6289.089119772,17905,25067000,0.000000
3676,36.760068,6289.099122005,6289.099122005,17910,25074000,0.000000
3677,36.770066,6289.109119726,6289.109119726,17915,25081000,0.000000
3678,36.780068,6289.119122230,6289.119122230,17920,25088000,0.000000
3679,36.790068,6289.129121949,6289.129121949,17925,25095000,0.000000
3680,36.800059,6289.139113127,6289.139113127,17930,25102000,0.000000
3681,36.810043,6289.149097355,6289.149097355,17935,25109000,0.000000
3682,36.820068,6289.159122347,6289.159122347,17939,25114600,0.000000
3683,36.830061,6289.169115421,6289.169115421,17944,25121600,0.000000
3684,36.840065,6289.179118858,6289.179118858,17949,25128600,0.000000
3685,36.850064,6289.189117713,6289.189117713,17954,25135600,0.000000
3686,36.860059,6289.199112611,6289.199112611,17959,25142600,0.000000
3687,36.870064,6289.209118265,6289.209118265,17964,25149600,0.000000
3688,36.880060,6289.219113654,6289.219113654,17969,25156600,0.000000
3689,36.890077,6289.229130657,6289.229130657,17974,25163600,0.000000
3690,36.900069,6289.239123225,6289.239123225,17978,25169200,0.000000
3691,36.910063,6289.249116779,6289.249116779,17983,25176200,0.000000
3692,36.920026,6289.259079681,6289.259079681,17988,25183200,0.000000
3693,36.930064,6289.269118387,6289.269118387,17993,25190200,0.000000
3694,36.940062,6289.279115603,6289.279115603,17998,25197200,0.000000
3695,36.950061,6289.289114708,6289.289114708,18003,25204200,0.000000
3696,36.960059,6289.299112701,6289.299112701,18008,25211200,0.000000
3697,36.970080,6289.309133858,6289.309133858,18013,25218200,0.000000
3698,36.980070,6289.319123824,6289.319123824,18017,25223800,0.000000
3699,36.990062,6289.329115529,6289.329115529,18022,25230800,0.000000
3700,37.000067,6289.339121221,6289.339121221,18027,25237800,0.000000
3701,37.010076,6289.349130003,6289.349130003,18032,25244800,0.000000
3702,37.020065,6289.359118485,6289.359118485,18037,25251800,0.000000
3703,37.030062,6289.369115505,6289.369115505,18042,25258800,0.000000
3704,37.040028,6289.379081812,6289.379081812,18047,25265800,0.000000
3705,37.050068,6289.389121571,6289.389121571,18051,25271400,0.000000
3706,37.060069,6289.399123368,6289.399123368,18056,25278400,0.000000
3707,37.070067,6289.409121003,6289.409121003,18061,25285400,0.000000
3708,37.080062,6289.419116147,6289.419116147,18066,25292400,0.000000
3709,37.090067,6289.429120905,6289.429120905,18071,25299400,0.000000
3710,37.100067,6289.439120947,6289.439120947,18076,25306400,0.000000
3711,37.110061,6289.449114921,6289.449114921,18081,25313400,0.000000
3712,37.120062,6289.459116324,6289.459116324,18086,25320400,0.000000
3713,37.130068,6289.469121798,6289.469121798,18090,25326000,0.000000
3714,37.140068,6289.479122346,6289.479122346,18095,25333000,0.000000
3715,37.150069,6289.489122487,6289.489122487,18100,25340000,0.000000
3716,37.160071,6289.499124606,6289.499124606,18105,25347000,0.000000
3717,37.170065,6289.509119130,6289.509119130,18110,25354000,0.000000
3718,37.180068,6289.519121923,6289.519121923,18115,25361000,0.000000
3719,37.190060,6289.529114107,6289.529114107,18120,25368000,0.000000
3720,37.200075,6289.539129334,6289.539129334,18125,25375000,0.000000
3721,37.210066,6289.549120220,6289.549120220,18129,25380600,0.000000
3722,37.220063,6289.559116918,6289.559116918,18134,25387600,0.000000
3723,37.230014,6289.569068246,6289.569068246,18139,25394600,0.000000
3724,37.240065,6289.579118509,6289.579118509,18144,25401600,0.000000
3725,37.250067,6289.589120669,6289.589120669,18149,25408600,0.000000
3726,37.260050,6289.599104312,6289.599104312,18154,25415600,0.000000
3727,37.270066,6289.609119480,6289.609119480,18159,25422600,0.000000
3728,37.280055,6289.619109145,6289.619109145,18164,25429600,0.000000
3729,37.290068,6289.629121850,6289.629121850,18168,25435200,0.000000
3730,37.300073,6289.639126670,6289.639126670,18173,25442200,0.000000
3731,37.310072,6289.649126436,6289.649126436,18178,25449200,0.000000
3732,37.320067,6289.659121049,6289.659121049,18183,25456200,0.000000
3733,37.330069,6289.669122867,6289.669122867,18188,25463200,0.000000
3734,37.340066,6289.679119733,6289.679119733,18193,25470200,0.000000
3735,37.350067,6289.689120706,6289.689120706,18198,25477200,0.000000
3736,37.360084,6289.699138217,6289.699138217,18203,25484200,0.000000
3737,37.370068,6289.709122055,6289.709122055,18207,25489800,0.000000
3738,37.380066,6289.719119724,6289.719119724,18212,25496800,0.000000
3739,37.390063,6289.729116849,6289.729116849,18217,25503800,0.000000
3740,37.400063,6289.739117428,6289.739117428,18222,25510800,0.000000
3741,37.410065,6289.749118995,6289.749118995,18227,25517800,0.000000
3742,37.420067,6289.759120596,6289.759120596,18232,25524800,0.000000
3743,37.430081,6289.769134489,6289.769134489,18237,25531800,0.000000
3744,37.440080,6289.779133694,6289.779133694,18242,25538800,0.000000
3745,37.450069,6289.789122881,6289.789122881,18246,25544400,0.000000
3746,37.460069,6289.799122482,6289.799122482,18251,25551400,0.000000
3747,37.470069,6289.809123415,6289.809123415,18256,25558400,0.000000
3748,37.480061,6289.819114648,6289.819114648,18261,25565400,0.000000
3749,37.490065,6289.829118604,6289.829118604,18266,25572400,0.000000
3750,37.500062,6289.839115594,6289.839115594,18271,25579400,0.000000
3751,37.510024,6289.849078297,6289.849078297,18276,25586400,0.000000
3752,37.520070,6289.859123623,6289.859123623,18280,25592000,0.000000
3753,37.530067,6289.869121354,6289.869121354,18285,25599000,0.000000
3754,37.540065,6289.879118778,6289.879118778,18290,25606000,0.000000
3755,37.550054,6289.889108046,6289.889108046,18295,25613000,0.000000
3756,37.560058,6289.899112213,6289.899112213,18300,25620000,0.000000
3757,37.570064,6289.909118061,6289.909118061,18305,25627000,0.000000
3758,37.580064,6289.919117745,6289.919117745,18310,25634000,0.000000
3759,37.590064,6289.929117736,6289.929117736,18315,25641000,0.000000
3760,37.600073,6289.939126574,6289.939126574,18319,25646600,0.000000
3761,37.610064,6289.949117646,6289.949117646,18324,25653600,0.000000
3762,37.620066,6289.959119588,6289.959119588,18329,25660600,0.000000
3763,37.630064,6289.969117889,6289.969117889,18334,25667600,0.000000
3764,37.640064,6289.979118104,6289.979118104,18339,25674600,0.000000
3765,37.650063,6289.989116936,6289.989116936,18344,25681600,0.000000
3766,37.660063,6289.999117280,6289.999117280,18349,25688600,0.000000
3767,37.670004,6290.009058192,6290.009058192,18354,25695600,0.000000
3768,37.680067,6290.019120915,6290.019120915,18358,25701200,0.000000
3769,37.690084,6290.029138075,6290.029138075,18363,25708200,0.000000
3770,37.700067,6290.039121073,6290.039121073,18368,25715200,0.000000
3771,37.710066,6290.049120270,6290.049120270,18373,25722200,0.000000
3772,37.720066,6290.059119634,6290.059119634,18378,25729200,0.000000
3773,37.730066,6290.069119681,6290.069119681,18383,25736200,0.000000
3774,37.740059,6290.079113448,6290.079113448,18388,25743200,0.000000
3775,37.750053,6290.089107171,6290.089107171,18393,25750200,0.000000
3776,37.760070,6290.099124113,6290.099124113,18397,25755800,0.000000
3777,37.770070,6290.109124057,6290.109124057,18402,25762800,0.000000
3778,37.780063,6290.119117371,6290.119117371,18407,25769800,0.000000
3779,37.790063,6290.129116752,6290.129116752,18412,25776800,0.000000
3780,37.800080,6290.139133481,6290.139133481,18417,25783800,0.000000
3781,37.810070,6290.149123489,6290.149123489,18422,25790800,0.000000
3782,37.820065,6290.159118691,6290.159118691,18427,25797800,0.000000
3783,37.830077,6290.169130638,6290.169130638,18432,25804800,0.000000
3784,37.840070,6290.179123688,6290.179123688,18436,25810400,0.000000
3785,37.850067,6290.189121169,6290.189121169,18441,25817400,0.000000
3786,37.860066,6290.199119716,6290.199119716,18446,25824400,0.000000
3787,37.870061,6290.209114828,6290.209114828,18451,25831400,0.000000
3788,37.880072,6290.219125674,6290.219125674,18456,25838400,0.000000
3789,37.890064,6290.229118380,6290.229118380,18461,25845400,0.000000
3790,37.900059,6290.239113219,6290.239113219,18466,25852400,0.000000
3791,37.910078,6290.249132206,6290.249132206,18471,25859400,0.000000
3792,37.920070,6290.259123675,6290.259123675,18475,25865000,0.000000
3793,37.930067,6290.269121023,6290.269121023,18480,25872000,0.000000
3794,37.940075,6290.279128595,6290.279128595,18485,25879000,0.000000
3795,37.950068,6290.289121738,6290.289121738,18490,25886000,0.000000
3796,37.960071,6290.299124776,6290.299124776,18495,25893000,0.000000
3797,37.970049,6290.309103438,6290.309103438,18500,25900000,0.000000
3798,37.980048,6290.319101869,6290.319101869,18505,25907000,0.000000
3799,37.990066,6290.329119803,6290.329119803,18509,25912600,0.000000
3800,38.000064,6290.339117938,6290.339117938,18514,25919600,0.000000
3801,38.010035,6290.349089412,6290.349089412,18519,25926600,0.000000
3802,38.020030,6290.359083819,6290.359083819,18524,25933600,0.000000
3803,38.030062,6290.369116427,6290.369116427,18529,25940600,0.000000
3804,38.040030,6290.379083979,6290.379083979,18534,25947600,0.000000
3805,38.050063,6290.389116822,6290.389116822,18539,25954600,0.000000
3806,38.060068,6290.399122116,6290.399122116,18544,25961600,0.000000
3807,38.070066,6290.409119830,6290.409119830,18548,25967200,0.000000
3808,38.080062,6290.419116349,6290.419116349,18553,25974200,0.000000
3809,38.090065,6290.429118849,6290.429118849,18558,25981200,0.000000
3810,38.100077,6290.439131372,6290.439131372,18563,25988200,0.000000
3811,38.110064,6290.449118115,6290.449118115,18568,25995200,0.000000
3812,38.120064,6290.459117916,6290.459117916,18573,26002200,0.000000
3813,38.130062,6290.469115782,6290.469115782,18578,26009200,0.000000
3814,38.140064,6290.479117946,6290.479117946,18583,26016200,0.000000
3815,38.150039,6290.489093251,6290.489093251,18587,26021800,0.000000
3816,38.160094,6290.499148371,6290.499148371,18592,26028800,0.000000
3817,38.170065,6290.509118818,6290.509118818,18597,26035800,0.000000
3818,38.180069,6290.519123278,6290.519123278,18602,26042800,0.000000
3819,38.190068,6290.529122201,6290.529122201,18607,26049800,0.000000
3820,38.200071,6290.539124539,6290.539124539,18612,26056800,0.000000
3821,38.210062,6290.549116272,6290.549116272,18617,26063800,0.000000
3822,38.220049,6290.559102486,6290.559102486,18622,26070800,0.000000
3823,38.230062,6290.569116066,6290.569116066,18626,26076400,0.000000
3824,38.240063,6290.579116509,6290.579116509,18631,26083400,0.000000
3825,38.250035,6290.589088717,6290.589088717,18636,26090400,0.000000
3826,38.260062,6290.599116349,6290.599116349,18641,26097400,0.000000
3827,38.270072,6290.609125605,6290.609125605,18646,26104400,0.000000
3828,38.280048,6290.619101522,6290.619101522,18651,26111400,0.000000
3829,38.290071,6290.629124868,6290.629124868,18656,26118400,0.000000
3830,38.300078,6290.639131474,6290.639131474,18661,26125400,0.000000
3831,38.310067,6290.649121117,6290.649121117,18665,26131000,0.000000
3832,38.320080,6290.659133748,6290.659133748,18670,26138000,0.000000
3833,38.330068,6290.669121761,6290.669121761,18675,26145000,0.000000
3834,38.340066,6290.679119475,6290.679119475,18680,26152000,0.000000
3835,38.350065,6290.689119049,6290.689119049,18685,26159000,0.000000
3836,38.360063,6290.699116862,6290.699116862,18690,26166000,0.000000
3837,38.370060,6290.709113605,6290.709113605,18695,26173000,0.000000
3838,38.380075,6290.719128928,6290.719128928,18700,26180000,0.000000
3839,38.390070,6290.729124298,6290.729124298,18704,26185600,0.000000
3840,38.400063,6290.739116801,6290.739116801,18709,26192600,0.000000
3841,38.410070,6290.749123757,6290.749123757,18714,26199600,0.000000
3842,38.420065,6290.759118761,6290.759118761,18719,26206600,0.000000
3843,38.430068,6290.769122172,6290.769122172,18724,26213600,0.000000
3844,38.440061,6290.779114760,6290.779114760,18729,26220600,0.000000
3845,38.450029,6290.789082501,6290.789082501,18734,26227600,0.000000
3846,38.460061,6290.799115090,6290.799115090,18738,26233200,0.000000
3847,38.470068,6290.809121707,6290.809121707,18743,26240200,0.000000
3848,38.480071,6290.819125067,6290.819125067,18748,26247200,0.000000
3849,38.490064,6290.829117507,6290.829117507,18753,26254200,0.000000
3850,38.500070,6290.839123639,6290.839123639,18758,26261200,0.000000
3851,38.510067,6290.849121003,6290.849121003,18763,26268200,0.000000
3852,38.520060,6290.859113711,6290.859113711,18768,26275200,0.000000
3853,38.530065,6290.869118598,6290.869118598,18773,26282200,0.000000
3854,38.540071,6290.879124966,6290.879124966,18777,26287800,0.000000
3855,38.550039,6290.889093251,6290.889093251,18782,26294800,0.000000
3856,38.560066,6290.899119955,6290.899119955,18787,26301800,0.000000
3857,38.570080,6290.909134042,6290.909134042,18792,26308800,0.000000
3858,38.580065,6290.919119305,6290.919119305,18797,26315800,0.000000
3859,38.590066,6290.929119828,6290.929119828,18802,26322800,0.000000
3860,38.600060,6290.939114406,6290.939114406,18807,26329800,0.000000
3861,38.610066,6290.949120343,6290.949120343,18812,26336800,0.000000
3862,38.620068,6290.959121566,6290.959121566,18816,26342400,0.000000
3863,38.630076,6290.969130265,6290.969130265,18821,26349400,0.000000
3864,38.640074,6290.979128276,6290.979128276,18826,26356400,0.000000
3865,38.650067,6290.989120758,6290.989120758,18831,26363400,0.000000
3866,38.660063,6290.999117091,6290.999117091,18836,26370400,0.000000
3867,38.670070,6291.009123507,6291.009123507,18841,26377400,0.000000
3868,38.680064,6291.019117488,6291.019117488,18846,26384400,0.000000
3869,38.690059,6291.029112535,6291.029112535,18851,26391400,0.000000
3870,38.700067,6291.039121405,6291.039121405,18855,26397000,0.000000
3871,38.710077,6291.049131126,6291.049131126,18860,26404000,0.000000
3872,38.720067,6291.059120878,6291.059120878,18865,26411000,0.000000
3873,38.730015,6291.069069437,6291.069069437,18870,26418000,0.000000
3874,38.740066,6291.079119720,6291.079119720,18875,26425000,0.000000
3875,38.750072,6291.089126085,6291.089126085,18880,26432000,0.000000
3876,38.760068,6291.099121795,6291.099121795,18885,26439000,0.000000
3877,38.770082,6291.109135938,6291.109135938,18890,26446000,0.000000
3878,38.780072,6291.119125961,6291.119125961,18894,26451600,0.000000
3879,38.790075,6291.129128746,6291.129128746,18899,26458600,0.000000
3880,38.800068,6291.139122145,6291.139122145,18904,26465600,0.000000
3881,38.810062,6291.149116260,6291.149116260,18909,26472600,0.000000
3882,38.820070,6291.159123601,6291.159123601,18914,26479600,0.000000
3883,38.830066,6291.169120218,6291.169120218,18919,26486600,0.000000
3884,38.840064,6291.179118010,6291.179118010,18924,26493600,0.000000
3885,38.850077,6291.189130634,6291.189130634,18929,26500600,0.000000
3886,38.860046,6291.199099484,6291.199099484,18933,26506200,0.000000
3887,38.870070,6291.209124315,6291.209124315,18938,26513200,0.000000
3888,38.880066,6291.219120338,6291.219120338,18943,26520200,0.000000
3889,38.890065,6291.229119462,6291.229119462,18948,26527200,0.000000
3890,38.900067,6291.239121166,6291.239121166,18953,26534200,0.000000
3891,38.910069,6291.249123093,6291.249123093,18958,26541200,0.000000
3892,38.920067,6291.259121231,6291.259121231,18963,26548200,0.000000
3893,38.930070,6291.269124058,6291.269124058,18967,26553800,0.000000
3894,38.940071,6291.279125156,6291.279125156,18972,26560800,0.000000
3895,38.950069,6291.289123259,6291.289123259,18977,26567800,0.000000
3896,38.960069,6291.299123426,6291.299123426,18982,26574800,0.000000
3897,38.970070,6291.309123864,6291.309123864,18987,26581800,0.000000
3898,38.980034,6291.319088321,6291.319088321,18992,26588800,0.000000
3899,38.990068,6291.329121838,6291.329121838,18997,26595800,0.000000
3900,39.000066,6291.339120378,6291.339120378,19002,26602800,0.000000
3901,39.010073,6291.349127044,6291.349127044,19006,26608400,0.000000
3902,39.020069,6291.359122728,6291.359122728,19011,26615400,0.000000
3903,39.030071,6291.369125311,6291.369125311,19016,26622400,0.000000
3904,39.040069,6291.379123426,6291.379123426,19021,26629400,0.000000
3905,39.050066,6291.389119817,6291.389119817,19026,26636400,0.000000
3906,39.060079,6291.399132603,6291.399132603,19031,26643400,0.000000
3907,39.070066,6291.409119894,6291.409119894,19036,26650400,0.000000
3908,39.080064,6291.419117698,6291.419117698,19041,26657400,0.000000
3909,39.090068,6291.429122171,6291.429122171,19045,26663000,0.000000
3910,39.100069,6291.439122671,6291.439122671,19050,26670000,0.000000
3911,39.110073,6291.449127460,6291.449127460,19055,26677000,0.000000
3912,39.120067,6291.459120695,6291.459120695,19060,26684000,0.000000
3913,39.130064,6291.469118434,6291.469118434,19065,26691000,0.000000
3914,39.140067,6291.479121184,6291.479121184,19070,26698000,0.000000
3915,39.150063,6291.489117360,6291.489117360,19075,26705000,0.000000
3916,39.160056,6291.499110262,6291.499110262,19080,26712000,0.000000
3917,39.170060,6291.509113522,6291.509113522,19084,26717600,0.000000
3918,39.180072,6291.519125844,6291.519125844,19089,26724600,0.000000
3919,39.190084,6291.529137548,6291.529137548,19094,26731600,0.000000
3920,39.200071,6291.539125214,6291.539125214,19099,26738600,0.000000
3921,39.210064,6291.549118041,6291.549118041,19104,26745600,0.000000
3922,39.220060,6291.559113548,6291.559113548,19109,26752600,0.000000
3923,39.230059,6291.569113395,6291.569113395,19114,26759600,0.000000
3924,39.240082,6291.579135776,6291.579135776,19119,26766600,0.000000
3925,39.250065,6291.589118471,6291.589118471,19123,26772200,0.000000
3926,39.260065,6291.599119107,6291.599119107,19128,26779200,0.000000
3927,39.270069,6291.609123073,6291.609123073,19133,26786200,0.000000
3928,39.280068,6291.619121634,6291.619121634,19138,26793200,0.000000
3929,39.290066,6291.629119863,6291.629119863,19143,26800200,0.000000
3930,39.300065,6291.639118781,6291.639118781,19148,26807200,0.000000
3931,39.310059,6291.649112502,6291.649112502,19153,26814200,0.000000
3932,39.320078,6291.659132426,6291.659132426,19158,26821200,0.000000
3933,39.330067,6291.669120987,6291.669120987,19162,26826800,0.000000
3934,39.340066,6291.679120057,6291.679120057,19167,26833800,0.000000
3935,39.350065,6291.689118797,6291.689118797,19172,26840800,0.000000
3936,39.360066,6291.699119950,6291.699119950,19177,26847800,0.000000
3937,39.370066,6291.709119719,6291.709119719,19182,26854800,0.000000
3938,39.380075,6291.719129051,6291.719129051,19187,26861800,0.000000
3939,39.390029,6291.729082947,6291.729082947,19192,26868800,0.000000
3940,39.400068,6291.739121667,6291.739121667,19196,26874400,0.000000
3941,39.410067,6291.749121144,6291.749121144,19201,26881400,0.000000
3942,39.420049,6291.759102628,6291.759102628,19206,26888400,0.000000
3943,39.430066,6291.769120395,6291.769120395,19211,26895400,0.000000
3944,39.440071,6291.779124619,6291.779124619,19216,26902400,0.000000
3945,39.450064,6291.789117865,6291.789117865,19221,26909400,0.000000
3946,39.460060,6291.799113813,6291.799113813,19226,26916400,0.000000
3947,39.470068,6291.809122094,6291.809122094,19231,26923400,0.000000
3948,39.480068,6291.819122118,6291.819122118,19235,26929000,0.000000
3949,39.490073,6291.829127243,6291.829127243,19240,26936000,0.000000
3950,39.500066,6291.839119824,6291.839119824,19245,26943000,0.000000
3951,39.510069,6291.849123365,6291.849123365,19250,26950000,0.000000
3952,39.520069,6291.859123265,6291.859123265,19255,26957000,0.000000
3953,39.530078,6291.869131868,6291.869131868,19260,26964000,0.000000
3954,39.540064,6291.879117905,6291.879117905,19265,26971000,0.000000
3955,39.550059,6291.889113172,6291.889113172,19270,26978000,0.000000
3956,39.560065,6291.899119353,6291.899119353,19274,26983600,0.000000
3957,39.570065,6291.909118706,6291.909118706,19279,26990600,0.000000
3958,39.580068,6291.919122197,6291.919122197,19284,26997600,0.000000
3959,39.590068,6291.929122454,6291.929122454,19289,27004600,0.000000
3960,39.600067,6291.939121185,6291.939121185,19294,27011600,0.000000
3961,39.610041,6291.949094592,6291.949094592,19299,27018600,0.000000
3962,39.620060,6291.959113759,6291.959113759,19304,27025600,0.000000
3963,39.630065,6291.969119295,6291.969119295,19309,27032600,0.000000
3964,39.640064,6291.979118375,6291.979118375,19313,27038200,0.000000
3965,39.650070,6291.989123853,6291.989123853,19318,27045200,0.000000
3966,39.660047,6291.999101230,6291.999101230,19323,27052200,0.000000
3967,39.670056,6292.009110111,6292.009110111,19328,27059200,0.000000
3968,39.680065,6292.019119109,6292.019119109,19333,27066200,0.000000
3969,39.690061,6292.029115423,6292.029115423,19338,27073200,0.000000
3970,39.700062,6292.039115751,6292.039115751,19343,27080200,0.000000
3971,39.710078,6292.049132151,6292.049132151,19348,27087200,0.000000
3972,39.720066,6292.059119912,6292.059119912,19352,27092800,0.000000
3973,39.730047,6292.069100844,6292.069100844,19357,27099800,0.000000
3974,39.740076,6292.079129729,6292.079129729,19362,27106800,0.000000
3975,39.750061,6292.089115083,6292.089115083,19367,27113800,0.000000
3976,39.760064,6292.099118312,6292.099118312,19372,27120800,0.000000
3977,39.770061,6292.109115384,6292.109115384,19377,27127800,0.000000
3978,39.780064,6292.119118026,6292.119118026,19382,27134800,0.000000
3979,39.790061,6292.129115074,6292.129115074,19386,27140400,0.000000
3980,39.800062,6292.139115676,6292.139115676,19391,27147400,0.000000
3981,39.810069,6292.149123250,6292.149123250,19396,27154400,0.000000
3982,39.820061,6292.159114876,6292.159114876,19401,27161400,0.000000
3983,39.830057,6292.169110719,6292.169110719,19406,27168400,0.000000
3984,39.840068,6292.179122035,6292.179122035,19411,27175400,0.000000
3985,39.850065,6292.189118529,6292.189118529,19416,27182400,0.000000
3986,39.860052,6292.199106313,6292.199106313,19421,27189400,0.000000
3987,39.870067,6292.209120760,6292.209120760,19425,27195000,0.000000
3988,39.880063,6292.219116880,6292.219116880,19430,27202000,0.000000
3989,39.890048,6292.229101989,6292.229101989,19435,27209000,0.000000
3990,39.900066,6292.239119498,6292.239119498,19440,27216000,0.000000
3991,39.910068,6292.249121934,6292.249121934,19445,27223000,0.000000
3992,39.920060,6292.259114097,6292.259114097,19450,27230000,0.000000
3993,39.930060,6292.269113583,6292.269113583,19455,27237000,0.000000
3994,39.940062,6292.279116363,6292.279116363,19460,27244000,0.000000
3995,39.950065,6292.289119408,6292.289119408,19464,27249600,0.000000
3996,39.960065,6292.299119137,6292.299119137,19469,27256600,0.000000
3997,39.970063,6292.309117170,6292.309117170,19474,27263600,0.000000
3998,39.980060,6292.319114000,6292.319114000,19479,27270600,0.000000
3999,39.990064,6292.329118313,6292.329118313,19484,27277600,0.000000
4000,40.000025,6292.339078470,6292.339078470,19489,27284600,0.000000
4001,40.010068,6292.349121929,6292.349121929,19494,27291600,0.000000
4002,40.020098,6292.359152354,6292.359152354,19499,27298600,0.000000
4003,40.030070,6292.369123542,6292.369123542,19503,27304200,0.000000
4004,40.040078,6292.379132000,6292.379132000,19508,27311200,0.000000
4005,40.050064,6292.389117576,6292.389117576,19513,27318200,0.000000
4006,40.060067,6292.399121270,6292.399121270,19518,27325200,0.000000
4007,40.070059,6292.409113227,6292.409113227,19523,27332200,0.000000
4008,40.080024,6292.419077934,6292.419077934,19528,27339200,0.000000
4009,40.090065,6292.429118617,6292.429118617,19533,27346200,0.000000
4010,40.100059,6292.439112624,6292.439112624,19538,27353200,0.000000
4011,40.110067,6292.449121039,6292.449121039,19542,27358800,0.000000
4012,40.120063,6292.459116500,6292.459116500,19547,27365800,0.000000
4013,40.130052,6292.469106321,6292.469106321,19552,27372800,0.000000
4014,40.140066,6292.479119635,6292.479119635,19557,27379800,0.000000
4015,40.150014,6292.489067479,6292.489067479,19562,27386800,0.000000
4016,40.160059,6292.499113000,6292.499113000,19567,27393800,0.000000
4017,40.170058,6292.509112255,6292.509112255,19572,27400800,0.000000
4018,40.180084,6292.519138052,6292.519138052,19577,27407800,0.000000
4019,40.190067,6292.529120544,6292.529120544,19581,27413400,0.000000
4020,40.200071,6292.539124706,6292.539124706,19586,27420400,0.000000
4021,40.210065,6292.549119266,6292.549119266,19591,27427400,0.000000
4022,40.220072,6292.559125766,6292.559125766,19596,27434400,0.000000
4023,40.230064,6292.569118432,6292.569118432,19601,27441400,0.000000
4024,40.240066,6292.579119878,6292.579119878,19606,27448400,0.000000
4025,40.250013,6292.589067235,6292.589067235,19611,27455400,0.000000
4026,40.260061,6292.599115202,6292.599115202,19615,27461000,0.000000
4027,40.270028,6292.609081749,6292.609081749,19620,27468000,0.000000
4028,40.280071,6292.619125150,6292.619125150,19625,27475000,0.000000
4029,40.290066,6292.629120222,6292.629120222,19630,27482000,0.000000
4030,40.300061,6292.639115050,6292.639115050,19635,27489000,0.000000
4031,40.310063,6292.649116549,6292.649116549,19640,27496000,0.000000
4032,40.320065,6292.659118512,6292.659118512,19645,27503000,0.000000
4033,40.330054,6292.669107958,6292.669107958,19650,27510000,0.000000
4034,40.340069,6292.679123455,6292.679123455,19654,27515600,0.000000
4035,40.350068,6292.689121881,6292.689121881,19659,27522600,0.000000
4036,40.360083,6292.699137142,6292.699137142,19664,27529600,0.000000
4037,40.370069,6292.709123209,6292.709123209,19669,27536600,0.000000
4038,40.380079,6292.719132482,6292.719132482,19674,27543600,0.000000
4039,40.390068,6292.729122377,6292.729122377,19679,27550600,0.000000
4040,40.400061,6292.739115019,6292.739115019,19684,27557600,0.000000
4041,40.410064,6292.749117625,6292.749117625,19689,27564600,0.000000
4042,40.420070,6292.759124391,6292.759124391,19693,27570200,0.000000
4043,40.430069,6292.769122831,6292.769122831,19698,27577200,0.000000
4044,40.440068,6292.779121783,6292.779121783,19703,27584200,0.000000
4045,40.450066,6292.789120150,6292.789120150,19708,27591200,0.000000
4046,40.460067,6292.799120617,6292.799120617,19713,27598200,0.000000
4047,40.470061,6292.809114866,6292.809114866,19718,27605200,0.000000
4048,40.480061,6292.819115143,6292.819115143,19723,27612200,0.000000
4049,40.490023,6292.829076902,6292.829076902,19728,27619200,0.000000
4050,40.500069,6292.839122617,6292.839122617,19732,27624800,0.000000
4051,40.510070,6292.849123671,6292.849123671,19737,27631800,0.000000
4052,40.520068,6292.859122102,6292.859122102,19742,27638800,0.000000
4053,40.530071,6292.869125314,6292.869125314,19747,27645800,0.000000
4054,40.540066,6292.879120206,6292.879120206,19752,27652800,0.000000
4055,40.550062,6292.889116094,6292.889116094,19757,27659800,0.000000
4056,40.560064,6292.899117603,6292.899117603,19762,27666800,0.000000
4057,40.570067,6292.909121252,6292.909121252,19767,27673800,0.000000
4058,40.580069,6292.919123096,6292.919123096,19771,27679400,0.000000
4059,40.590075,6292.929128598,6292.929128598,19776,27686400,0.000000
4060,40.600063,6292.939116595,6292.939116595,19781,27693400,0.000000
4061,40.610011,6292.949065197,6292.949065197,19786,27700400,0.000000
4062,40.620069,6292.959122963,6292.959122963,19791,27707400,0.000000
4063,40.630072,6292.969126128,6292.969126128,19796,27714400,0.000000
4064,40.640053,6292.979107361,6292.979107361,19801,27721400,0.000000
4065,40.650081,6292.989135050,6292.989135050,19806,27728400,0.000000
4066,40.660065,6292.999119207,6292.999119207,19810,27734000,0.000000
4067,40.670075,6293.009128860,6293.009128860,19815,27741000,0.000000
4068,40.680061,6293.019114771,6293.019114771,19820,27748000,0.000000
4069,40.690016,6293.029070402,6293.029070402,19825,27755000,0.000000
4070,40.700064,6293.039118443,6293.039118443,19830,27762000,0.000000
4071,40.710062,6293.049115791,6293.049115791,19835,27769000,0.000000
4072,40.720071,6293.059124487,6293.059124487,19840,27776000,0.000000
4073,40.730063,6293.069117188,6293.069117188,19844,27781600,0.000000
4074,40.740066,6293.079119720,6293.079119720,19849,27788600,0.000000
4075,40.750061,6293.089115301,6293.089115301,19854,27795600,0.000000
4076,40.760079,6293.099133076,6293.099133076,19859,27802600,0.000000
4077,40.770066,6293.109119552,6293.109119552,19864,27809600,0.000000
4078,40.780063,6293.119117049,6293.119117049,19869,27816600,0.000000
4079,40.790063,6293.129116552,6293.129116552,19874,27823600,0.000000
4080,40.800064,6293.139117906,6293.139117906,19879,27830600,0.000000
4081,40.810071,6293.149125038,6293.149125038,19883,27836200,0.000000
4082,40.820067,6293.159120566,6293.159120566,19888,27843200,0.000000
4083,40.830065,6293.169119066,6293.169119066,19893,27850200,0.000000
4084,40.840071,6293.179124723,6293.179124723,19898,27857200,0.000000
4085,40.850061,6293.189115209,6293.189115209,19903,27864200,0.000000
4086,40.860046,6293.199099829,6293.199099829,19908,27871200,0.000000
4087,40.870060,6293.209114168,6293.209114168,19913,27878200,0.000000
4088,40.880064,6293.219117801,6293.219117801,19918,27885200,0.000000
4089,40.890065,6293.229119411,6293.229119411,19922,27890800,0.000000
4090,40.900067,6293.239121020,6293.239121020,19927,27897800,0.000000
4091,40.910064,6293.249117772,6293.249117772,19932,27904800,0.000000
4092,40.920036,6293.259089821,6293.259089821,19937,27911800,0.000000
4093,40.930059,6293.269112853,6293.269112853,19942,27918800,0.000000
4094,40.940064,6293.279117545,6293.279117545,19947,27925800,0.000000
4095,40.950060,6293.289113627,6293.289113627,19952,27932800,0.000000
4096,40.960062,6293.299116439,6293.299116439,19957,27939800,0.000000
4097,40.970067,6293.309120980,6293.309120980,19961,27945400,0.000000
4098,40.980066,6293.319120008,6293.319120008,19966,27952400,0.000000
4099,40.990067,6293.329120633,6293.329120633,19971,27959400,0.000000
4100,41.000067,6293.339121057,6293.339121057,19976,27966400,0.000000
4101,41.010068,6293.349121742,6293.349121742,19981,27973400,0.000000
4102,41.020070,6293.359124295,6293.359124295,19986,27980400,0.000000
4103,41.030064,6293.369117838,6293.369117838,19991,27987400,0.000000
4104,41.040058,6293.379111943,6293.379111943,19996,27994400,0.000000
4105,41.050067,6293.389121301,6293.389121301,20000,28000000,0.000000
4106,41.060075,6293.399129253,6293.399129253,20005,28007000,0.000000
4107,41.070065,6293.409118945,6293.409118945,20010,28014000,0.000000
4108,41.080065,6293.419118614,6293.419118614,20015,28021000,0.000000
4109,41.090059,6293.429112586,6293.429112586,20020,28028000,0.000000
4110,41.100065,6293.439118866,6293.439118866,20025,28035000,0.000000
4111,41.110065,6293.449118935,6293.449118935,20030,28042000,0.000000
4112,41.120074,6293.459128398,6293.459128398,20035,28049000,0.000000
4113,41.130066,6293.469120030,6293.469120030,20039,28054600,0.000000
4114,41.140064,6293.479117727,6293.479117727,20044,28061600,0.000000
4115,41.150031,6293.489084914,6293.489084914,20049,28068600,0.000000
4116,41.160064,6293.499117702,6293.499117702,20054,28075600,0.000000
4117,41.170066,6293.509119659,6293.509119659,20059,28082600,0.000000
4118,41.180066,6293.519119737,6293.519119737,20064,28089600,0.000000
4119,41.190062,6293.529116342,6293.529116342,20069,28096600,0.000000
4120,41.200067,6293.539120720,6293.539120720,20073,28102200,0.000000
4121,41.210060,6293.549113802,6293.549113802,20078,28109200,0.000000
4122,41.220066,6293.559120429,6293.559120429,20083,28116200,0.000000
4123,41.230077,6293.569131154,6293.569131154,20088,28123200,0.000000
4124,41.240060,6293.579113624,6293.579113624,20093,28130200,0.000000
4125,41.250068,6293.589121577,6293.589121577,20098,28137200,0.000000
4126,41.260067,6293.599120596,6293.599120596,20103,28144200,0.000000
4127,41.270046,6293.609099729,6293.609099729,20108,28151200,0.000000
4128,41.280065,6293.619119445,6293.619119445,20112,28156800,0.000000
4129,41.290064,6293.629117825,6293.629117825,20117,28163800,0.000000
4130,41.300063,6293.639116654,6293.639116654,20122,28170800,0.000000
4131,41.310064,6293.649118336,6293.649118336,20127,28177800,0.000000
4132,41.320059,6293.659113118,6293.659113118,20132,28184800,0.000000
4133,41.330065,6293.669119163,6293.669119163,20137,28191800,0.000000
4134,41.340059,6293.679112858,6293.679112858,20142,28198800,0.000000
4135,41.350061,6293.689115234,6293.689115234,20147,28205800,0.000000
4136,41.360072,6293.699126176,6293.699126176,20151,28211400,0.000000
4137,41.370063,6293.709117388,6293.709117388,20156,28218400,0.000000
4138,41.380061,6293.719114540,6293.719114540,20161,28225400,0.000000
4139,41.390043,6293.729096856,6293.729096856,20166,28232400,0.000000
4140,41.400066,6293.739119646,6293.739119646,20171,28239400,0.000000
4141,41.410067,6293.749120999,6293.749120999,20176,28246400,0.000000
4142,41.420058,6293.759111689,6293.759111689,20181,28253400,0.000000
4143,41.430062,6293.769116271,6293.769116271,20186,28260400,0.000000
4144,41.440066,6293.779119585,6293.779119585,20190,28266000,0.000000
4145,41.450080,6293.789134110,6293.789134110,20195,28273000,0.000000
4146,41.460066,6293.799119666,6293.799119666,20200,28280000,0.000000
4147,41.470073,6293.809126491,6293.809126491,20205,28287000,0.000000
4148,41.480064,6293.819117926,6293.819117926,20210,28294000,0.000000
4149,41.490062,6293.829115969,6293.829115969,20215,28301000,0.000000
4150,41.500067,6293.839121417,6293.839121417,20220,28308000,0.000000
4151,41.510071,6293.849124613,6293.849124613,20225,28315000,0.000000
4152,41.520069,6293.859122935,6293.859122935,20229,28320600,0.000000
4153,41.530069,6293.869122849,6293.869122849,20234,28327600,0.000000
4154,41.540085,6293.879139338,6293.879139338,20239,28334600,0.000000
4155,41.550062,6293.889116362,6293.889116362,20244,28341600,0.000000
4156,41.560060,6293.899113677,6293.899113677,20249,28348600,0.000000
4157,41.570065,6293.909118562,6293.909118562,20254,28355600,0.000000
4158,41.580059,6293.919113422,6293.919113422,20259,28362600,0.000000
4159,41.590071,6293.929125237,6293.929125237,20264,28369600,0.000000
4160,41.600062,6293.939116437,6293.939116437,20268,28375200,0.000000
4161,41.610066,6293.949119653,6293.949119653,20273,28382200,0.000000
4162,41.620068,6293.959122025,6293.959122025,20278,28389200,0.000000
4163,41.630059,6293.969112769,6293.969112769,20283,28396200,0.000000
4164,41.640070,6293.979123651,6293.979123651,20288,28403200,0.000000
4165,41.650061,6293.989114799,6293.989114799,20293,28410200,0.000000
4166,41.660064,6293.999117466,6293.999117466,20298,28417200,0.000000
4167,41.670065,6294.009118842,6294.009118842,20302,28422800,0.000000
4168,41.680066,6294.019120293,6294.019120293,20307,28429800,0.000000
4169,41.690068,6294.029121687,6294.029121687,20312,28436800,0.000000
4170,41.700065,6294.039118851,6294.039118851,20317,28443800,0.000000
4171,41.710079,6294.049132889,6294.049132889,20322,28450800,0.000000
4172,41.720062,6294.059116122,6294.059116122,20327,28457800,0.000000
4173,41.730062,6294.069116457,6294.069116457,20332,28464800,0.000000
4174,41.740046,6294.079100182,6294.079100182,20337,28471800,0.000000
4175,41.750063,6294.089117089,6294.089117089,20341,28477400,0.000000
4176,41.760058,6294.099111991,6294.099111991,20346,28484400,0.000000
4177,41.770067,6294.109121257,6294.109121257,20351,28491400,0.000000
4178,41.780060,6294.119113776,6294.119113776,20356,28498400,0.000000
4179,41.790060,6294.129114393,6294.129114393,20361,28505400,0.000000
4180,41.800060,6294.139114245,6294.139114245,20366,28512400,0.000000
4181,41.810053,6294.149107039,6294.149107039,20371,28519400,0.000000
4182,41.820058,6294.159111767,6294.159111767,20376,28526400,0.000000
4183,41.830049,6294.169102636,6294.169102636,20380,28532000,0.000000
4184,41.840040,6294.179094384,6294.179094384,20385,28539000,0.000000
4185,41.850066,6294.189120323,6294.189120323,20390,28546000,0.000000
4186,41.860042,6294.199095805,6294.199095805,20395,28553000,0.000000
4187,41.870058,6294.209112391,6294.209112391,20400,28560000,0.000000
4188,41.880062,6294.219116005,6294.219116005,20405,28567000,0.000000
4189,41.890021,6294.229075106,6294.229075106,20410,28574000,0.000000
4190,41.900014,6294.239067991,6294.239067991,20415,28581000,0.000000
4191,41.910063,6294.249116846,6294.249116846,20419,28586600,0.000000
4192,41.920079,6294.259132866,6294.259132866,20424,28593600,0.000000
4193,41.930060,6294.269114400,6294.269114400,20429,28600600,0.000000
4194,41.940062,6294.279116143,6294.279116143,20434,28607600,0.000000
4195,41.950059,6294.289112729,6294.289112729,20439,28614600,0.000000
4196,41.960061,6294.299115331,6294.299115331,20444,28621600,0.000000
4197,41.970058,6294.309111842,6294.309111842,20449,28628600,0.000000
4198,41.980064,6294.319117546,6294.319117546,20454,28635600,0.000000
4199,41.990061,6294.329115077,6294.329115077,20458,28641200,0.000000
