sample_index,timestamp_s,monotonic_s,t_mono,cum_packets,cum_bytes,lag_s
0,0.000102,5868.885464172,5868.885464172,0,0,0.000000
1,0.010067,5868.895428528,5868.895428528,5,7000,0.000000
2,0.020041,5868.905402873,5868.905402873,11,15400,0.000000
3,0.030023,5868.915384880,5868.915384880,17,23800,0.000000
4,0.040060,5868.925421968,5868.925421968,22,30800,0.000000
5,0.050059,5868.935421279,5868.935421279,28,39200,0.000000
6,0.060059,5868.945421025,5868.945421025,34,47600,0.000000
7,0.070070,5868.955431764,5868.955431764,40,56000,0.000000
8,0.080069,5868.965431117,5868.965431117,45,63000,0.000000
9,0.090064,5868.975425912,5868.975425912,51,71400,0.000000
10,0.100057,5868.985419074,5868.985419074,57,79800,0.000000
11,0.110077,5868.995438583,5868.995438583,62,86800,0.000000
12,0.120072,5869.005434025,5869.005434025,68,95200,0.000000
13,0.130059,5869.015420546,5869.015420546,74,103600,0.000000
14,0.140072,5869.025434066,5869.025434066,80,112000,0.000000
15,0.150067,5869.035428804,5869.035428804,85,119000,0.000000
16,0.160066,5869.045428481,5869.045428481,91,127400,0.000000
17,0.170061,5869.055423424,5869.055423424,97,135800,0.000000
18,0.180066,5869.065427910,5869.065427910,102,142800,0.000000
19,0.190068,5869.075429722,5869.075429722,108,151200,0.000000
20,0.200063,5869.085425490,5869.085425490,114,159600,0.000000
21,0.210087,5869.095449357,5869.095449357,120,168000,0.000000
22,0.220069,5869.105431442,5869.105431442,125,175000,0.000000
23,0.230063,5869.115425080,5869.115425080,131,183400,0.000000
24,0.240042,5869.125404192,5869.125404192,137,191800,0.000000
25,0.250068,5869.135429745,5869.135429745,142,198800,0.000000
26,0.260067,5869.145428570,5869.145428570,148,207200,0.000000
27,0.270058,5869.155420395,5869.155420395,154,215600,0.000000
28,0.280072,5869.165434333,5869.165434333,160,224000,0.000000
29,0.290069,5869.175431127,5869.175431127,165,231000,0.000000
30,0.300071,5869.185433487,5869.185433487,171,239400,0.000000
31,0.310063,5869.195424659,5869.195424659,177,247800,0.000000
32,0.320072,5869.205434395,5869.205434395,182,254800,0.000000
33,0.330075,5869.215436794,5869.215436794,188,263200,0.000000
34,0.340069,5869.225430714,5869.225430714,194,271600,0.000000
35,0.350092,5869.235453990,5869.235453990,200,280000,0.000000
36,0.360068,5869.245429951,5869.245429951,205,287000,0.000000
37,0.370068,5869.255430317,5869.255430317,211,295400,0.000000
38,0.380062,5869.265423950,5869.265423950,217,303800,0.000000
39,0.390082,5869.275443623,5869.275443623,222,310800,0.000000
40,0.400063,5869.285425172,5869.285425172,228,319200,0.000000
41,0.410064,5869.295426291,5869.295426291,234,327600,0.000000
42,0.420074,5869.305435666,5869.305435666,240,336000,0.000000
43,0.430084,5869.315446078,5869.315446078,245,343000,0.000000
44,0.440065,5869.325426896,5869.325426896,251,351400,0.000000
45,0.450061,5869.335422595,5869.335422595,257,359800,0.000000
46,0.460063,5869.345424502,5869.345424502,262,366800,0.000000
47,0.470059,5869.355420974,5869.355420974,268,375200,0.000000
48,0.480059,5869.365420966,5869.365420966,274,383600,0.000000
49,0.490071,5869.375432948,5869.375432948,280,392000,0.000000
50,0.500064,5869.385425756,5869.385425756,285,399000,0.000000
51,0.510066,5869.395427747,5869.395427747,291,407400,0.000000
52,0.520069,5869.405430595,5869.405430595,297,415800,0.000000
53,0.530067,5869.415429381,5869.415429381,302,422800,0.000000
54,0.540076,5869.425438447,5869.425438447,308,431200,0.000000
55,0.550084,5869.435445651,5869.435445651,314,439600,0.000000
56,0.560088,5869.445450211,5869.445450211,320,448000,0.000000
57,0.570072,5869.455434377,5869.455434377,325,455000,0.000000
58,0.580062,5869.465424269,5869.465424269,331,463400,0.000000
59,0.590051,5869.475413496,5869.475413496,337,471800,0.000000
60,0.600034,5869.485395925,5869.485395925,342,478800,0.000000
61,0.610063,5869.495424646,5869.495424646,348,487200,0.000000
62,0.620072,5869.505433595,5869.505433595,354,495600,0.000000
63,0.630064,5869.515426379,5869.515426379,360,504000,0.000000
64,0.640081,5869.525443321,5869.525443321,365,511000,0.000000
65,0.650059,5869.535420945,5869.535420945,371,519400,0.000000
66,0.660067,5869.545429384,5869.545429384,377,527800,0.000000
67,0.670062,5869.555424323,5869.555424323,382,534800,0.000000
68,0.680061,5869.565423155,5869.565423155,388,543200,0.000000
69,0.690047,5869.575409339,5869.575409339,394,551600,0.000000
70,0.700082,5869.585443668,5869.585443668,400,560000,0.000000
71,0.710068,5869.595429875,5869.595429875,405,567000,0.000000
72,0.720073,5869.605435393,5869.605435393,411,575400,0.000000
73,0.730058,5869.615419685,5869.615419685,417,583800,0.000000
74,0.740063,5869.625424973,5869.625424973,422,590800,0.000000
75,0.750071,5869.635433468,5869.635433468,428,599200,0.000000
76,0.760065,5869.645427093,5869.645427093,434,607600,0.000000
77,0.770109,5869.655471483,5869.655471483,440,616000,0.000000
78,0.780071,5869.665433342,5869.665433342,445,623000,0.000000
79,0.790051,5869.675412787,5869.675412787,451,631400,0.000000
80,0.800060,5869.685421697,5869.685421697,457,639800,0.000000
81,0.810071,5869.695432957,5869.695432957,462,646800,0.000000
82,0.820080,5869.705441910,5869.705441910,468,655200,0.000000
83,0.830070,5869.715431609,5869.715431609,474,663600,0.000000
84,0.840080,5869.725442215,5869.725442215,480,672000,0.000000
85,0.850066,5869.735427808,5869.735427808,485,679000,0.000000
86,0.860075,5869.745437062,5869.745437062,491,687400,0.000000
87,0.870066,5869.755427772,5869.755427772,497,695800,0.000000
88,0.880064,5869.765425784,5869.765425784,502,702800,0.000000
89,0.890063,5869.775425320,5869.775425320,508,711200,0.000000
90,0.900058,5869.785420329,5869.785420329,514,719600,0.000000
91,0.910074,5869.795436468,5869.795436468,520,728000,0.000000
92,0.920066,5869.805428147,5869.805428147,525,735000,0.000000
93,0.930065,5869.815426806,5869.815426806,531,743400,0.000000
94,0.940057,5869.825419300,5869.825419300,537,751800,0.000000
95,0.950064,5869.835426218,5869.835426218,542,758800,0.000000
96,0.960037,5869.845398670,5869.845398670,548,767200,0.000000
97,0.970061,5869.855422522,5869.855422522,554,775600,0.000000
98,0.980072,5869.865434363,5869.865434363,560,784000,0.000000
99,0.990066,5869.875427715,5869.875427715,565,791000,0.000000
100,1.000059,5869.885421176,5869.885421176,571,799400,0.000000
101,1.010065,5869.895427155,5869.895427155,577,807800,0.000000
102,1.020065,5869.905427268,5869.905427268,582,814800,0.000000
103,1.030067,5869.915429231,5869.915429231,588,823200,0.000000
104,1.040054,5869.925415705,5869.925415705,594,831600,0.000000
105,1.050090,5869.935452344,5869.935452344,600,840000,0.000000
106,1.060057,5869.945418559,5869.945418559,605,847000,0.000000
107,1.070062,5869.955423848,5869.955423848,611,855400,0.000000
108,1.080063,5869.965425102,5869.965425102,617,863800,0.000000
109,1.090070,5869.975431732,5869.975431732,622,870800,0.000000
110,1.100063,5869.985425087,5869.985425087,628,879200,0.000000
111,1.110064,5869.995426258,5869.995426258,634,887600,0.000000
112,1.120085,5870.005446525,5870.005446525,640,896000,0.000000
113,1.130036,5870.015398001,5870.015398001,645,903000,0.000000
114,1.140071,5870.025432835,5870.025432835,651,911400,0.000000
115,1.150061,5870.035423011,5870.035423011,657,919800,0.000000
116,1.160067,5870.045429471,5870.045429471,662,926800,0.000000
117,1.170064,5870.055426459,5870.055426459,668,935200,0.000000
118,1.180063,5870.065425024,5870.065425024,674,943600,0.000000
119,1.190089,5870.075450792,5870.075450792,680,952000,0.000000
120,1.200066,5870.085427578,5870.085427578,685,959000,0.000000
121,1.210063,5870.095425126,5870.095425126,691,967400,0.000000
122,1.220062,5870.105424277,5870.105424277,697,975800,0.000000
123,1.230078,5870.115439592,5870.115439592,702,982800,0.000000
124,1.240069,5870.125430512,5870.125430512,708,991200,0.000000
125,1.250061,5870.135423286,5870.135423286,714,999600,0.000000
126,1.260043,5870.145404643,5870.145404643,720,1008000,0.000000
127,1.270054,5870.155416308,5870.155416308,725,1015000,0.000000
128,1.280063,5870.165424541,5870.165424541,731,1023400,0.000000
129,1.290058,5870.175420374,5870.175420374,737,1031800,0.000000
130,1.300065,5870.185427436,5870.185427436,742,1038800,0.000000
131,1.310063,5870.195425149,5870.195425149,748,1047200,0.000000
132,1.320078,5870.205439706,5870.205439706,754,1055600,0.000000
133,1.330088,5870.215450239,5870.215450239,760,1064000,0.000000
134,1.340077,5870.225438894,5870.225438894,765,1071000,0.000000
135,1.350064,5870.235425812,5870.235425812,771,1079400,0.000000
136,1.360024,5870.245386027,5870.245386027,777,1087800,0.000000
137,1.370088,5870.255450345,5870.255450345,782,1094800,0.000000
138,1.380073,5870.265434501,5870.265434501,788,1103200,0.000000
139,1.390075,5870.275437289,5870.275437289,794,1111600,0.000000
140,1.400072,5870.285434189,5870.285434189,800,1120000,0.000000
141,1.410065,5870.295426715,5870.295426715,805,1127000,0.000000
142,1.420063,5870.305425185,5870.305425185,811,1135400,0.000000
143,1.430062,5870.315423807,5870.315423807,817,1143800,0.000000
144,1.440066,5870.325427830,5870.325427830,822,1150800,0.000000
145,1.450074,5870.335435655,5870.335435655,828,1159200,0.000000
146,1.460063,5870.345425397,5870.345425397,834,1167600,0.000000
147,1.470081,5870.355442893,5870.355442893,840,1176000,0.000000
148,1.480068,5870.365429936,5870.365429936,845,1183000,0.000000
149,1.490065,5870.375427038,5870.375427038,851,1191400,0.000000
150,1.500062,5870.385424207,5870.385424207,857,1199800,0.000000
151,1.510067,5870.395429062,5870.395429062,862,1206800,0.000000
152,1.520091,5870.405452838,5870.405452838,868,1215200,0.000000
153,1.530066,5870.415428260,5870.415428260,874,1223600,0.000000
154,1.540072,5870.425434170,5870.425434170,880,1232000,0.000000
155,1.550064,5870.435426350,5870.435426350,885,1239000,0.000000
156,1.560065,5870.445426913,5870.445426913,891,1247400,0.000000
157,1.570060,5870.455422118,5870.455422118,897,1255800,0.000000
158,1.580081,5870.465442627,5870.465442627,902,1262800,0.000000
159,1.590063,5870.475424948,5870.475424948,908,1271200,0.000000
160,1.600068,5870.485429899,5870.485429899,914,1279600,0.000000
161,1.610074,5870.495436179,5870.495436179,920,1288000,0.000000
162,1.620071,5870.505432589,5870.505432589,925,1295000,0.000000
163,1.630071,5870.515433472,5870.515433472,931,1303400,0.000000
164,1.640088,5870.525450356,5870.525450356,937,1311800,0.000000
165,1.650065,5870.535426597,5870.535426597,942,1318800,0.000000
166,1.660067,5870.545428741,5870.545428741,948,1327200,0.000000
167,1.670067,5870.555429443,5870.555429443,954,1335600,0.000000
168,1.680087,5870.565448715,5870.565448715,960,1344000,0.000000
169,1.690083,5870.575445053,5870.575445053,965,1351000,0.000000
170,1.700070,5870.585431621,5870.585431621,971,1359400,0.000000
171,1.710065,5870.595426616,5870.595426616,977,1367800,0.000000
172,1.720083,5870.605444592,5870.605444592,982,1374800,0.000000
173,1.730066,5870.615428051,5870.615428051,988,1383200,0.000000
174,1.740071,5870.625432510,5870.625432510,994,1391600,0.000000
175,1.750098,5870.635459998,5870.635459998,1000,1400000,0.000000
176,1.760081,5870.645442897,5870.645442897,1005,1407000,0.000000
177,1.770076,5870.655438205,5870.655438205,1011,1415400,0.000000
178,1.780060,5870.665421501,5870.665421501,1017,1423800,0.000000
179,1.790067,5870.675428858,5870.675428858,1022,1430800,0.000000
180,1.800071,5870.685433035,5870.685433035,1028,1439200,0.000000
181,1.810053,5870.695414611,5870.695414611,1034,1447600,0.000000
182,1.820095,5870.705456536,5870.705456536,1040,1456000,0.000000
183,1.830086,5870.715448177,5870.715448177,1045,1463000,0.000000
184,1.840087,5870.725448974,5870.725448974,1051,1471400,0.000000
185,1.850059,5870.735421192,5870.735421192,1057,1479800,0.000000
186,1.860073,5870.745434741,5870.745434741,1062,1486800,0.000000
187,1.870069,5870.755430668,5870.755430668,1068,1495200,0.000000
188,1.880065,5870.765427078,5870.765427078,1074,1503600,0.000000
189,1.890097,5870.775458956,5870.775458956,1080,1512000,0.000000
190,1.900069,5870.785431111,5870.785431111,1085,1519000,0.000000
191,1.910066,5870.795428122,5870.795428122,1091,1527400,0.000000
192,1.920068,5870.805430420,5870.805430420,1097,1535800,0.000000
193,1.930069,5870.815430583,5870.815430583,1102,1542800,0.000000
194,1.940063,5870.825425114,5870.825425114,1108,1551200,0.000000
195,1.950066,5870.835428078,5870.835428078,1114,1559600,0.000000
196,1.960102,5870.845464219,5870.845464219,1120,1568000,0.000000
197,1.970068,5870.855429669,5870.855429669,1125,1575000,0.000000
198,1.980089,5870.865451306,5870.865451306,1131,1583400,0.000000
199,1.990064,5870.875426255,5870.875426255,1137,1591800,0.000000
200,2.000075,5870.885437166,5870.885437166,1142,1598800,0.000000
201,2.010064,5870.895425667,5870.895425667,1148,1607200,0.000000
202,2.020068,5870.905429879,5870.905429879,1154,1615600,0.000000
203,2.030119,5870.915480785,5870.915480785,1160,1624000,0.000000
204,2.040064,5870.925425620,5870.925425620,1165,1631000,0.000000
205,2.050063,5870.935424848,5870.935424848,1171,1639400,0.000000
206,2.060099,5870.945461100,5870.945461100,1177,1647800,0.000000
207,2.070066,5870.955428194,5870.955428194,1182,1654800,0.000000
208,2.080058,5870.965419957,5870.965419957,1188,1663200,0.000000
209,2.090066,5870.975428141,5870.975428141,1194,1671600,0.000000
210,2.100078,5870.985439642,5870.985439642,1200,1680000,0.000000
211,2.110066,5870.995428202,5870.995428202,1205,1687000,0.000000
212,2.120067,5871.005429464,5871.005429464,1211,1695400,0.000000
213,2.130062,5871.015424352,5871.015424352,1217,1703800,0.000000
214,2.140071,5871.025433002,5871.025433002,1222,1710800,0.000000
215,2.150070,5871.035431829,5871.035431829,1228,1719200,0.000000
216,2.160068,5871.045430124,5871.045430124,1234,1727600,0.000000
217,2.170090,5871.055452334,5871.055452334,1240,1736000,0.000000
218,2.180073,5871.065435103,5871.065435103,1245,1743000,0.000000
219,2.190066,5871.075427917,5871.075427917,1251,1751400,0.000000
220,2.200069,5871.085431196,5871.085431196,1257,1759800,0.000000
221,2.210071,5871.095433039,5871.095433039,1262,1766800,0.000000
222,2.220077,5871.105438612,5871.105438612,1268,1775200,0.000000
223,2.230068,5871.115429992,5871.115429992,1274,1783600,0.000000
224,2.240086,5871.125447941,5871.125447941,1280,1792000,0.000000
225,2.250076,5871.135437966,5871.135437966,1285,1799000,0.000000
226,2.260066,5871.145428361,5871.145428361,1291,1807400,0.000000
227,2.270062,5871.155424277,5871.155424277,1297,1815800,0.000000
228,2.280074,5871.165436279,5871.165436279,1302,1822800,0.000000
229,2.290067,5871.175429253,5871.175429253,1308,1831200,0.000000
230,2.300077,5871.185439063,5871.185439063,1314,1839600,0.000000
231,2.310083,5871.195444848,5871.195444848,1320,1848000,0.000000
232,2.320067,5871.205429267,5871.205429267,1325,1855000,0.000000
233,2.330080,5871.215442290,5871.215442290,1331,1863400,0.000000
234,2.340077,5871.225438581,5871.225438581,1337,1871800,0.000000
235,2.350064,5871.235426332,5871.235426332,1342,1878800,0.000000
236,2.360067,5871.245428780,5871.245428780,1348,1887200,0.000000
237,2.370066,5871.255427942,5871.255427942,1354,1895600,0.000000
238,2.380072,5871.265434074,5871.265434074,1360,1904000,0.000000
239,2.390065,5871.275426828,5871.275426828,1365,1911000,0.000000
240,2.400067,5871.285428741,5871.285428741,1371,1919400,0.000000
241,2.410058,5871.295420318,5871.295420318,1377,1927800,0.000000
242,2.420067,5871.305429011,5871.305429011,1382,1934800,0.000000
243,2.430089,5871.315450837,5871.315450837,1388,1943200,0.000000
244,2.440065,5871.325426790,5871.325426790,1394,1951600,0.000000
245,2.450074,5871.335436162,5871.335436162,1400,1960000,0.000000
246,2.460066,5871.345427591,5871.345427591,1405,1967000,0.000000
247,2.470068,5871.355429877,5871.355429877,1411,1975400,0.000000
248,2.480061,5871.365422763,5871.365422763,1417,1983800,0.000000
249,2.490067,5871.375428881,5871.375428881,1422,1990800,0.000000
250,2.500065,5871.385427265,5871.385427265,1428,1999200,0.000000
251,2.510067,5871.395429367,5871.395429367,1434,2007600,0.000000
252,2.520076,5871.405437649,5871.405437649,1440,2016000,0.000000
253,2.530027,5871.415389323,5871.415389323,1445,2023000,0.000000
254,2.540063,5871.425424703,5871.425424703,1451,2031400,0.000000
255,2.550058,5871.435420051,5871.435420051,1457,2039800,0.000000
256,2.560062,5871.445423691,5871.445423691,1462,2046800,0.000000
257,2.570067,5871.455428502,5871.455428502,1468,2055200,0.000000
258,2.580073,5871.465434980,5871.465434980,1474,2063600,0.000000
259,2.590086,5871.475447967,5871.475447967,1480,2072000,0.000000
260,2.600065,5871.485426701,5871.485426701,1485,2079000,0.000000
261,2.610072,5871.495433934,5871.495433934,1491,2087400,0.000000
262,2.620066,5871.505427563,5871.505427563,1497,2095800,0.000000
263,2.630074,5871.515436088,5871.515436088,1502,2102800,0.000000
264,2.640065,5871.525426681,5871.525426681,1508,2111200,0.000000
265,2.650061,5871.535422554,5871.535422554,1514,2119600,0.000000
266,2.660075,5871.545436717,5871.545436717,1520,2128000,0.000000
267,2.670066,5871.555427811,5871.555427811,1525,2135000,0.000000
268,2.680062,5871.565424481,5871.565424481,1531,2143400,0.000000
269,2.690060,5871.575422066,5871.575422066,1537,2151800,0.000000
270,2.700068,5871.585430392,5871.585430392,1542,2158800,0.000000
271,2.710067,5871.595429332,5871.595429332,1548,2167200,0.000000
272,2.720078,5871.605440465,5871.605440465,1554,2175600,0.000000
273,2.730072,5871.615434063,5871.615434063,1560,2184000,0.000000
274,2.740069,5871.625431161,5871.625431161,1565,2191000,0.000000
275,2.750075,5871.635436862,5871.635436862,1571,2199400,0.000000
276,2.760067,5871.645428649,5871.645428649,1577,2207800,0.000000
277,2.770070,5871.655431514,5871.655431514,1582,2214800,0.000000
278,2.780068,5871.665430135,5871.665430135,1588,2223200,0.000000
279,2.790068,5871.675430100,5871.675430100,1594,2231600,0.000000
280,2.800075,5871.685437284,5871.685437284,1600,2240000,0.000000
281,2.810067,5871.695428572,5871.695428572,1605,2247000,0.000000
282,2.820066,5871.705428150,5871.705428150,1611,2255400,0.000000
283,2.830070,5871.715431754,5871.715431754,1617,2263800,0.000000
284,2.840060,5871.725422415,5871.725422415,1622,2270800,0.000000
285,2.850066,5871.735428284,5871.735428284,1628,2279200,0.000000
286,2.860070,5871.745431503,5871.745431503,1634,2287600,0.000000
287,2.870072,5871.755433858,5871.755433858,1640,2296000,0.000000
288,2.880066,5871.765427784,5871.765427784,1645,2303000,0.000000
289,2.890066,5871.775427913,5871.775427913,1651,2311400,0.000000
290,2.900059,5871.785420600,5871.785420600,1657,2319800,0.000000
291,2.910074,5871.795435895,5871.795435895,1662,2326800,0.000000
292,2.920064,5871.805426077,5871.805426077,1668,2335200,0.000000
293,2.930065,5871.815427485,5871.815427485,1674,2343600,0.000000
294,2.940079,5871.825441214,5871.825441214,1680,2352000,0.000000
295,2.950069,5871.835431338,5871.835431338,1685,2359000,0.000000
296,2.960072,5871.845434479,5871.845434479,1691,2367400,0.000000
297,2.970065,5871.855426505,5871.855426505,1697,2375800,0.000000
298,2.980068,5871.865429958,5871.865429958,1702,2382800,0.000000
299,2.990074,5871.875436312,5871.875436312,1708,2391200,0.000000
300,3.000065,5871.885426755,5871.885426755,1714,2399600,0.000000
301,3.010093,5871.895454982,5871.895454982,1720,2408000,0.000000
302,3.020060,5871.905422090,5871.905422090,1725,2415000,0.000000
303,3.030064,5871.915425754,5871.915425754,1731,2423400,0.000000
304,3.040066,5871.925428140,5871.925428140,1737,2431800,0.000000
305,3.050068,5871.935429938,5871.935429938,1742,2438800,0.000000
306,3.060064,5871.945425800,5871.945425800,1748,2447200,0.000000
307,3.070086,5871.955448075,5871.955448075,1754,2455600,0.000000
308,3.080084,5871.965445713,5871.965445713,1760,2464000,0.000000
309,3.090069,5871.975431427,5871.975431427,1765,2471000,0.000000
310,3.100078,5871.985439553,5871.985439553,1771,2479400,0.000000
311,3.110063,5871.995424869,5871.995424869,1777,2487800,0.000000
312,3.120065,5872.005427437,5872.005427437,1782,2494800,0.000000
313,3.130064,5872.015426090,5872.015426090,1788,2503200,0.000000
314,3.140064,5872.025425842,5872.025425842,1794,2511600,0.000000
315,3.150078,5872.035440437,5872.035440437,1800,2520000,0.000000
316,3.160063,5872.045424951,5872.045424951,1805,2527000,0.000000
317,3.170066,5872.055428465,5872.055428465,1811,2535400,0.000000
318,3.180063,5872.065425111,5872.065425111,1817,2543800,0.000000
319,3.190070,5872.075432109,5872.075432109,1822,2550800,0.000000
320,3.200067,5872.085428648,5872.085428648,1828,2559200,0.000000
321,3.210065,5872.095426905,5872.095426905,1834,2567600,0.000000
322,3.220080,5872.105441636,5872.105441636,1840,2576000,0.000000
323,3.230071,5872.115432846,5872.115432846,1845,2583000,0.000000
324,3.240073,5872.125434514,5872.125434514,1851,2591400,0.000000
325,3.250059,5872.135421210,5872.135421210,1857,2599800,0.000000
326,3.260086,5872.145447673,5872.145447673,1862,2606800,0.000000
327,3.270076,5872.155438109,5872.155438109,1868,2615200,0.000000
328,3.280068,5872.165429908,5872.165429908,1874,2623600,0.000000
329,3.290089,5872.175451208,5872.175451208,1880,2632000,0.000000
330,3.300045,5872.185406984,5872.185406984,1885,2639000,0.000000
331,3.310082,5872.195443765,5872.195443765,1891,2647400,0.000000
332,3.320061,5872.205422509,5872.205422509,1897,2655800,0.000000
333,3.330069,5872.215431267,5872.215431267,1902,2662800,0.000000
334,3.340091,5872.225453481,5872.225453481,1908,2671200,0.000000
335,3.350064,5872.235425587,5872.235425587,1914,2679600,0.000000
336,3.360078,5872.245439969,5872.245439969,1920,2688000,0.000000
337,3.370070,5872.255431880,5872.255431880,1925,2695000,0.000000
338,3.380068,5872.265430174,5872.265430174,1931,2703400,0.000000
339,3.390063,5872.275425154,5872.275425154,1937,2711800,0.000000
340,3.400044,5872.285405605,5872.285405605,1942,2718800,0.000000
341,3.410064,5872.295425806,5872.295425806,1948,2727200,0.000000
342,3.420066,5872.305427694,5872.305427694,1954,2735600,0.000000
343,3.430079,5872.315441331,5872.315441331,1960,2744000,0.000000
344,3.440071,5872.325433174,5872.325433174,1965,2751000,0.000000
345,3.450066,5872.335427923,5872.335427923,1971,2759400,0.000000
346,3.460062,5872.345423521,5872.345423521,1977,2767800,0.000000
347,3.470065,5872.355426990,5872.355426990,1982,2774800,0.000000
348,3.480063,5872.365424781,5872.365424781,1988,2783200,0.000000
349,3.490044,5872.375406136,5872.375406136,1994,2791600,0.000000
350,3.500073,5872.385435331,5872.385435331,2000,2800000,0.000000
351,3.510068,5872.395430260,5872.395430260,2005,2807000,0.000000
352,3.520069,5872.405430510,5872.405430510,2011,2815400,0.000000
353,3.530091,5872.415453081,5872.415453081,2017,2823800,0.000000
354,3.540069,5872.425430685,5872.425430685,2022,2830800,0.000000
355,3.550067,5872.435428881,5872.435428881,2028,2839200,0.000000
356,3.560062,5872.445424389,5872.445424389,2034,2847600,0.000000
357,3.570090,5872.455452309,5872.455452309,2040,2856000,0.000000
358,3.580068,5872.465429997,5872.465429997,2045,2863000,0.000000
359,3.590068,5872.475429737,5872.475429737,2051,2871400,0.000000
360,3.600065,5872.485427304,5872.485427304,2057,2879800,0.000000
361,3.610077,5872.495438762,5872.495438762,2062,2886800,0.000000
362,3.620066,5872.505428147,5872.505428147,2068,2895200,0.000000
363,3.630064,5872.515426138,5872.515426138,2074,2903600,0.000000
364,3.640076,5872.525437548,5872.525437548,2080,2912000,0.000000
365,3.650067,5872.535428909,5872.535428909,2085,2919000,0.000000
366,3.660066,5872.545428042,5872.545428042,2091,2927400,0.000000
367,3.670062,5872.555423698,5872.555423698,2097,2935800,0.000000
368,3.680080,5872.565441596,5872.565441596,2102,2942800,0.000000
369,3.690064,5872.575425540,5872.575425540,2108,2951200,0.000000
370,3.700068,5872.585429904,5872.585429904,2114,2959600,0.000000
371,3.710085,5872.595447037,5872.595447037,2120,2968000,0.000000
372,3.720065,5872.605427318,5872.605427318,2125,2975000,0.000000
373,3.730063,5872.615424794,5872.615424794,2131,2983400,0.000000
374,3.740058,5872.625420010,5872.625420010,2137,2991800,0.000000
375,3.750069,5872.635430644,5872.635430644,2142,2998800,0.000000
376,3.760076,5872.645438269,5872.645438269,2148,3007200,0.000000
377,3.770087,5872.655448940,5872.655448940,2154,3015600,0.000000
378,3.780075,5872.665436571,5872.665436571,2160,3024000,0.000000
379,3.790031,5872.675392834,5872.675392834,2165,3031000,0.000000
380,3.800066,5872.685428127,5872.685428127,2171,3039400,0.000000
381,3.810064,5872.695425553,5872.695425553,2177,3047800,0.000000
382,3.820064,5872.705426202,5872.705426202,2182,3054800,0.000000
383,3.830066,5872.715428150,5872.715428150,2188,3063200,0.000000
384,3.840067,5872.725429240,5872.725429240,2194,3071600,0.000000
385,3.850097,5872.735459360,5872.735459360,2200,3080000,0.000000
386,3.860070,5872.745432202,5872.745432202,2205,3087000,0.000000
387,3.870068,5872.755430322,5872.755430322,2211,3095400,0.000000
388,3.880059,5872.765421347,5872.765421347,2217,3103800,0.000000
389,3.890080,5872.775441666,5872.775441666,2222,3110800,0.000000
390,3.900068,5872.785429629,5872.785429629,2228,3119200,0.000000
391,3.910067,5872.795428878,5872.795428878,2234,3127600,0.000000
392,3.920132,5872.805494294,5872.805494294,2240,3136000,0.000000
393,3.930045,5872.815406680,5872.815406680,2245,3143000,0.000000
394,3.940064,5872.825426466,5872.825426466,2251,3151400,0.000000
395,3.950058,5872.835419701,5872.835419701,2257,3159800,0.000000
396,3.960064,5872.845425536,5872.845425536,2262,3166800,0.000000
397,3.970065,5872.855427103,5872.855427103,2268,3175200,0.000000
398,3.980064,5872.865426261,5872.865426261,2274,3183600,0.000000
399,3.990111,5872.875472659,5872.875472659,2280,3192000,0.000000
400,4.000072,5872.885434112,5872.885434112,2285,3199000,0.000000
401,4.010065,5872.895426631,5872.895426631,2291,3207400,0.000000
402,4.020061,5872.905423425,5872.905423425,2297,3215800,0.000000
403,4.030066,5872.915428160,5872.915428160,2302,3222800,0.000000
404,4.040065,5872.925427229,5872.925427229,2308,3231200,0.000000
405,4.050059,5872.935420816,5872.935420816,2314,3239600,0.000000
406,4.060074,5872.945435800,5872.945435800,2320,3248000,0.000000
407,4.070033,5872.955395183,5872.955395183,2325,3255000,0.000000
408,4.080065,5872.965426680,5872.965426680,2331,3263400,0.000000
409,4.090062,5872.975424444,5872.975424444,2337,3271800,0.000000
410,4.100072,5872.985433779,5872.985433779,2342,3278800,0.000000
411,4.110067,5872.995429001,5872.995429001,2348,3287200,0.000000
412,4.120068,5873.005429639,5873.005429639,2354,3295600,0.000000
413,4.130073,5873.015435326,5873.015435326,2360,3304000,0.000000
414,4.140064,5873.025426208,5873.025426208,2365,3311000,0.000000
415,4.150065,5873.035427343,5873.035427343,2371,3319400,0.000000
416,4.160062,5873.045424444,5873.045424444,2377,3327800,0.000000
417,4.170063,5873.055425289,5873.055425289,2382,3334800,0.000000
418,4.180065,5873.065427319,5873.065427319,2388,3343200,0.000000
419,4.190090,5873.075452035,5873.075452035,2394,3351600,0.000000
420,4.200080,5873.085441651,5873.085441651,2400,3360000,0.000000
421,4.210045,5873.095406921,5873.095406921,2405,3367000,0.000000
422,4.220085,5873.105446880,5873.105446880,2411,3375400,0.000000
423,4.230070,5873.115431597,5873.115431597,2417,3383800,0.000000
424,4.240081,5873.125442649,5873.125442649,2422,3390800,0.000000
425,4.250067,5873.135428707,5873.135428707,2428,3399200,0.000000
426,4.260065,5873.145426953,5873.145426953,2434,3407600,0.000000
427,4.270120,5873.155481619,5873.155481619,2440,3416000,0.000000
428,4.280078,5873.165439702,5873.165439702,2445,3423000,0.000000
429,4.290106,5873.175468022,5873.175468022,2451,3431400,0.000000
430,4.300060,5873.185422074,5873.185422074,2457,3439800,0.000000
431,4.310069,5873.195430630,5873.195430630,2462,3446800,0.000000
432,4.320065,5873.205427455,5873.205427455,2468,3455200,0.000000
433,4.330066,5873.215427638,5873.215427638,2474,3463600,0.000000
434,4.340074,5873.225436436,5873.225436436,2480,3472000,0.000000
435,4.350073,5873.235435087,5873.235435087,2485,3479000,0.000000
436,4.360065,5873.245427245,5873.245427245,2491,3487400,0.000000
437,4.370066,5873.255428261,5873.255428261,2497,3495800,0.000000
438,4.380069,5873.265431261,5873.265431261,2502,3502800,0.000000
439,4.390065,5873.275427288,5873.275427288,2508,3511200,0.000000
440,4.400093,5873.285455062,5873.285455062,2514,3519600,0.000000
441,4.410093,5873.295454601,5873.295454601,2520,3528000,0.000000
442,4.420068,5873.305429626,5873.305429626,2525,3535000,0.000000
443,4.430066,5873.315427602,5873.315427602,2531,3543400,0.000000
444,4.440062,5873.325424076,5873.325424076,2537,3551800,0.000000
445,4.450066,5873.335428141,5873.335428141,2542,3558800,0.000000
446,4.460063,5873.345425430,5873.345425430,2548,3567200,0.000000
447,4.470060,5873.355421805,5873.355421805,2554,3575600,0.000000
448,4.480088,5873.365449722,5873.365449722,2560,3584000,0.000000
449,4.490063,5873.375424769,5873.375424769,2565,3591000,0.000000
450,4.500081,5873.385443440,5873.385443440,2571,3599400,0.000000
451,4.510697,5873.396058786,5873.396058786,2577,3607800,0.000000
452,4.520066,5873.405428335,5873.405428335,2582,3614800,0.000000
453,4.530066,5873.415428050,5873.415428050,2588,3623200,0.000000
454,4.540066,5873.425428425,5873.425428425,2594,3631600,0.000000
455,4.550079,5873.435440984,5873.435440984,2600,3640000,0.000000
456,4.560071,5873.445433360,5873.445433360,2605,3647000,0.000000
457,4.570081,5873.455442827,5873.455442827,2611,3655400,0.000000
458,4.580063,5873.465424667,5873.465424667,2617,3663800,0.000000
459,4.590086,5873.475447770,5873.475447770,2622,3670800,0.000000
460,4.600070,5873.485431809,5873.485431809,2628,3679200,0.000000
461,4.610060,5873.495422480,5873.495422480,2634,3687600,0.000000
462,4.620081,5873.505442546,5873.505442546,2640,3696000,0.000000
463,4.630034,5873.515396385,5873.515396385,2645,3703000,0.000000
464,4.640064,5873.525426165,5873.525426165,2651,3711400,0.000000
465,4.650058,5873.535420402,5873.535420402,2657,3719800,0.000000
466,4.660075,5873.545436787,5873.545436787,2662,3726800,0.000000
467,4.670064,5873.555426303,5873.555426303,2668,3735200,0.000000
468,4.680068,5873.565429856,5873.565429856,2674,3743600,0.000000
469,4.690081,5873.575443288,5873.575443288,2680,3752000,0.000000
470,4.700065,5873.585427030,5873.585427030,2685,3759000,0.000000
471,4.710068,5873.595429988,5873.595429988,2691,3767400,0.000000
472,4.720064,5873.605425942,5873.605425942,2697,3775800,0.000000
473,4.730064,5873.615425612,5873.615425612,2702,3782800,0.000000
474,4.740063,5873.625425363,5873.625425363,2708,3791200,0.000000
475,4.750064,5873.635425985,5873.635425985,2714,3799600,0.000000
476,4.760030,5873.645391972,5873.645391972,2720,3808000,0.000000
477,4.770088,5873.655449603,5873.655449603,2725,3815000,0.000000
478,4.780067,5873.665428567,5873.665428567,2731,3823400,0.000000
479,4.790069,5873.675430584,5873.675430584,2737,3831800,0.000000
480,4.800085,5873.685447144,5873.685447144,2742,3838800,0.000000
481,4.810073,5873.695434740,5873.695434740,2748,3847200,0.000000
482,4.820068,5873.705429809,5873.705429809,2754,3855600,0.000000
483,4.830079,5873.715441321,5873.715441321,2760,3864000,0.000000
484,4.840070,5873.725432381,5873.725432381,2765,3871000,0.000000
485,4.850068,5873.735429855,5873.735429855,2771,3879400,0.000000
486,4.860062,5873.745424462,5873.745424462,2777,3887800,0.000000
487,4.870070,5873.755432230,5873.755432230,2782,3894800,0.000000
488,4.880066,5873.765427654,5873.765427654,2788,3903200,0.000000
489,4.890065,5873.775427463,5873.775427463,2794,3911600,0.000000
490,4.900073,5873.785435324,5873.785435324,2800,3920000,0.000000
491,4.910065,5873.795426640,5873.795426640,2805,3927000,0.000000
492,4.920065,5873.805426653,5873.805426653,2811,3935400,0.000000
493,4.930091,5873.815452709,5873.815452709,2817,3943800,0.000000
494,4.940064,5873.825426035,5873.825426035,2822,3950800,0.000000
495,4.950088,5873.835449919,5873.835449919,2828,3959200,0.000000
496,4.960069,5873.845430916,5873.845430916,2834,3967600,0.000000
497,4.970074,5873.855436076,5873.855436076,2840,3976000,0.000000
498,4.980066,5873.865427715,5873.865427715,2845,3983000,0.000000
499,4.990068,5873.875429568,5873.875429568,2851,3991400,0.000000
500,5.000066,5873.885428425,5873.885428425,2857,3999800,0.000000
501,5.010073,5873.895434945,5873.895434945,2862,4006800,0.000000
502,5.020069,5873.905430691,5873.905430691,2868,4015200,0.000000
503,5.030065,5873.915427321,5873.915427321,2874,4023600,0.000000
504,5.040078,5873.925439837,5873.925439837,2880,4032000,0.000000
505,5.050062,5873.935423929,5873.935423929,2885,4039000,0.000000
506,5.060070,5873.945432255,5873.945432255,2891,4047400,0.000000
507,5.070063,5873.955425046,5873.955425046,2897,4055800,0.000000
508,5.080072,5873.965434219,5873.965434219,2902,4062800,0.000000
509,5.090072,5873.975433644,5873.975433644,2908,4071200,0.000000
510,5.100071,5873.985432979,5873.985432979,2914,4079600,0.000000
511,5.110104,5873.995466359,5873.995466359,2920,4088000,0.000000
512,5.120065,5874.005427359,5874.005427359,2925,4095000,0.000000
513,5.130065,5874.015427020,5874.015427020,2931,4103400,0.000000
514,5.140060,5874.025422190,5874.025422190,2937,4111800,0.000000
515,5.150079,5874.035440551,5874.035440551,2942,4118800,0.000000
516,5.160068,5874.045430192,5874.045430192,2948,4127200,0.000000
517,5.170070,5874.055432060,5874.055432060,2954,4135600,0.000000
518,5.180075,5874.065437165,5874.065437165,2960,4144000,0.000000
519,5.190037,5874.075399006,5874.075399006,2965,4151000,0.000000
520,5.200065,5874.085427011,5874.085427011,2971,4159400,0.000000
521,5.210065,5874.095427464,5874.095427464,2977,4167800,0.000000
522,5.220077,5874.105438507,5874.105438507,2982,4174800,0.000000
523,5.230067,5874.115429457,5874.115429457,2988,4183200,0.000000
524,5.240068,5874.125430407,5874.125430407,2994,4191600,0.000000
525,5.250074,5874.135436058,5874.135436058,3000,4200000,0.000000
526,5.260058,5874.145420021,5874.145420021,3005,4207000,0.000000
527,5.270065,5874.155427461,5874.155427461,3011,4215400,0.000000
528,5.280063,5874.165424511,5874.165424511,3017,4223800,0.000000
529,5.290068,5874.175430382,5874.175430382,3022,4230800,0.000000
530,5.300072,5874.185434262,5874.185434262,3028,4239200,0.000000
531,5.310069,5874.195431393,5874.195431393,3034,4247600,0.000000
532,5.320045,5874.205407427,5874.205407427,3040,4256000,0.000000
533,5.330027,5874.215388719,5874.215388719,3045,4263000,0.000000
534,5.340066,5874.225428167,5874.225428167,3051,4271400,0.000000
535,5.350059,5874.235420801,5874.235420801,3057,4279800,0.000000
536,5.360067,5874.245429285,5874.245429285,3062,4286800,0.000000
537,5.370064,5874.255425635,5874.255425635,3068,4295200,0.000000
538,5.380086,5874.265447858,5874.265447858,3074,4303600,0.000000
539,5.390097,5874.275459198,5874.275459198,3080,4312000,0.000000
540,5.400071,5874.285433116,5874.285433116,3085,4319000,0.000000
541,5.410066,5874.295427514,5874.295427514,3091,4327400,0.000000
542,5.420062,5874.305423616,5874.305423616,3097,4335800,0.000000
543,5.430066,5874.315427624,5874.315427624,3102,4342800,0.000000
544,5.440067,5874.325428853,5874.325428853,3108,4351200,0.000000
545,5.450067,5874.335428640,5874.335428640,3114,4359600,0.000000
546,5.460085,5874.345447119,5874.345447119,3120,4368000,0.000000
547,5.470064,5874.355425899,5874.355425899,3125,4375000,0.000000
548,5.480068,5874.365429987,5874.365429987,3131,4383400,0.000000
549,5.490061,5874.375423017,5874.375423017,3137,4391800,0.000000
550,5.500065,5874.385427225,5874.385427225,3142,4398800,0.000000
551,5.510065,5874.395426872,5874.395426872,3148,4407200,0.000000
552,5.520070,5874.405432156,5874.405432156,3154,4415600,0.000000
553,5.530079,5874.415441167,5874.415441167,3160,4424000,0.000000
554,5.540061,5874.425423261,5874.425423261,3165,4431000,0.000000
555,5.550073,5874.435435289,5874.435435289,3171,4439400,0.000000
556,5.560061,5874.445422650,5874.445422650,3177,4447800,0.000000
557,5.570077,5874.455439458,5874.455439458,3182,4454800,0.000000
558,5.580068,5874.465429939,5874.465429939,3188,4463200,0.000000
559,5.590076,5874.475437676,5874.475437676,3194,4471600,0.000000
560,5.600079,5874.485441456,5874.485441456,3200,4480000,0.000000
561,5.610068,5874.495429756,5874.495429756,3205,4487000,0.000000
562,5.620067,5874.505428572,5874.505428572,3211,4495400,0.000000
563,5.630064,5874.515426034,5874.515426034,3217,4503800,0.000000
564,5.640065,5874.525427062,5874.525427062,3222,4510800,0.000000
565,5.650071,5874.535432992,5874.535432992,3228,4519200,0.000000
566,5.660069,5874.545430647,5874.545430647,3234,4527600,0.000000
567,5.670073,5874.555435496,5874.555435496,3240,4536000,0.000000
568,5.680072,5874.565433565,5874.565433565,3245,4543000,0.000000
569,5.690066,5874.575428015,5874.575428015,3251,4551400,0.000000
570,5.700058,5874.585419999,5874.585419999,3257,4559800,0.000000
571,5.710068,5874.595429877,5874.595429877,3262,4566800,0.000000
572,5.720068,5874.605429909,5874.605429909,3268,4575200,0.000000
573,5.730081,5874.615443426,5874.615443426,3274,4583600,0.000000
574,5.740098,5874.625460074,5874.625460074,3280,4592000,0.000000
575,5.750068,5874.635430494,5874.635430494,3285,4599000,0.000000
576,5.760063,5874.645425201,5874.645425201,3291,4607400,0.000000
577,5.770062,5874.655424322,5874.655424322,3297,4615800,0.000000
578,5.780064,5874.665426433,5874.665426433,3302,4622800,0.000000
579,5.790067,5874.675428590,5874.675428590,3308,4631200,0.000000
580,5.800071,5874.685432939,5874.685432939,3314,4639600,0.000000
581,5.810080,5874.695442434,5874.695442434,3320,4648000,0.000000
582,5.820066,5874.705428075,5874.705428075,3325,4655000,0.000000
583,5.830049,5874.715410514,5874.715410514,3331,4663400,0.000000
584,5.840062,5874.725424259,5874.725424259,3337,4671800,0.000000
585,5.850077,5874.735438927,5874.735438927,3342,4678800,0.000000
586,5.860065,5874.745427344,5874.745427344,3348,4687200,0.000000
587,5.870081,5874.755442895,5874.755442895,3354,4695600,0.000000
588,5.880072,5874.765434191,5874.765434191,3360,4704000,0.000000
589,5.890064,5874.775426099,5874.775426099,3365,4711000,0.000000
590,5.900063,5874.785425332,5874.785425332,3371,4719400,0.000000
591,5.910058,5874.795419906,5874.795419906,3377,4727800,0.000000
592,5.920065,5874.805427244,5874.805427244,3382,4734800,0.000000
593,5.930071,5874.815433073,5874.815433073,3388,4743200,0.000000
594,5.940065,5874.825426685,5874.825426685,3394,4751600,0.000000
595,5.950074,5874.835435749,5874.835435749,3400,4760000,0.000000
596,5.960063,5874.845425311,5874.845425311,3405,4767000,0.000000
597,5.970091,5874.855453185,5874.855453185,3411,4775400,0.000000
598,5.980062,5874.865424452,5874.865424452,3417,4783800,0.000000
599,5.990065,5874.875426856,5874.875426856,3422,4790800,0.000000
600,6.000065,5874.885426717,5874.885426717,3428,4799200,0.000000
601,6.010066,5874.895428364,5874.895428364,3434,4807600,0.000000
602,6.020080,5874.905442413,5874.905442413,3440,4816000,0.000000
603,6.030066,5874.915427829,5874.915427829,3445,4823000,0.000000
604,6.040063,5874.925424608,5874.925424608,3451,4831400,0.000000
605,6.050070,5874.935432086,5874.935432086,3457,4839800,0.000000
606,6.060066,5874.945428237,5874.945428237,3462,4846800,0.000000
607,6.070064,5874.955425849,5874.955425849,3468,4855200,0.000000
608,6.080059,5874.965420853,5874.965420853,3474,4863600,0.000000
609,6.090074,5874.975435902,5874.975435902,3480,4872000,0.000000
610,6.100027,5874.985388699,5874.985388699,3485,4879000,0.000000
611,6.110064,5874.995425672,5874.995425672,3491,4887400,0.000000
612,6.120064,5875.005426177,5875.005426177,3497,4895800,0.000000
613,6.130068,5875.015429549,5875.015429549,3502,4902800,0.000000
614,6.140064,5875.025426181,5875.025426181,3508,4911200,0.000000
615,6.150070,5875.035431645,5875.035431645,3514,4919600,0.000000
616,6.160080,5875.045442135,5875.045442135,3520,4928000,0.000000
617,6.170068,5875.055429524,5875.055429524,3525,4935000,0.000000
618,6.180065,5875.065426501,5875.065426501,3531,4943400,0.000000
619,6.190058,5875.075420319,5875.075420319,3537,4951800,0.000000
620,6.200059,5875.085420976,5875.085420976,3542,4958800,0.000000
621,6.210066,5875.095427538,5875.095427538,3548,4967200,0.000000
622,6.220059,5875.105421129,5875.105421129,3554,4975600,0.000000
623,6.230059,5875.115420600,5875.115420600,3560,4984000,0.000000
624,6.240069,5875.125431111,5875.125431111,3565,4991000,0.000000
625,6.250065,5875.135426619,5875.135426619,3571,4999400,0.000000
626,6.260058,5875.145420239,5875.145420239,3577,5007800,0.000000
627,6.270077,5875.155438631,5875.155438631,3582,5014800,0.000000
628,6.280078,5875.165439846,5875.165439846,3588,5023200,0.000000
629,6.290089,5875.175450772,5875.175450772,3594,5031600,0.000000
630,6.300100,5875.185462055,5875.185462055,3600,5040000,0.000000
631,6.310065,5875.195426734,5875.195426734,3605,5047000,0.000000
632,6.320069,5875.205431441,5875.205431441,3611,5055400,0.000000
633,6.330063,5875.215425383,5875.215425383,3617,5063800,0.000000
634,6.340078,5875.225440425,5875.225440425,3622,5070800,0.000000
635,6.350073,5875.235434537,5875.235434537,3628,5079200,0.000000
636,6.360069,5875.245430795,5875.245430795,3634,5087600,0.000000
637,6.370072,5875.255434451,5875.255434451,3640,5096000,0.000000
638,6.380065,5875.265426969,5875.265426969,3645,5103000,0.000000
639,6.390070,5875.275431661,5875.275431661,3651,5111400,0.000000
640,6.400075,5875.285437013,5875.285437013,3657,5119800,0.000000
641,6.410064,5875.295426317,5875.295426317,3662,5126800,0.000000
642,6.420066,5875.305427940,5875.305427940,3668,5135200,0.000000
643,6.430059,5875.315421122,5875.315421122,3674,5143600,0.000000
644,6.440085,5875.325447129,5875.325447129,3680,5152000,0.000000
645,6.450071,5875.335433008,5875.335433008,3685,5159000,0.000000
646,6.460068,5875.345430254,5875.345430254,3691,5167400,0.000000
647,6.470069,5875.355431356,5875.355431356,3697,5175800,0.000000
648,6.480064,5875.365425982,5875.365425982,3702,5182800,0.000000
649,6.490086,5875.375448339,5875.375448339,3708,5191200,0.000000
650,6.500069,5875.385430663,5875.385430663,3714,5199600,0.000000
651,6.510097,5875.395458929,5875.395458929,3720,5208000,0.000000
652,6.520068,5875.405429836,5875.405429836,3725,5215000,0.000000
653,6.530067,5875.415429440,5875.415429440,3731,5223400,0.000000
654,6.540066,5875.425427584,5875.425427584,3737,5231800,0.000000
655,6.550066,5875.435428254,5875.435428254,3742,5238800,0.000000
656,6.560064,5875.445425563,5875.445425563,3748,5247200,0.000000
657,6.570058,5875.455420064,5875.455420064,3754,5255600,0.000000
658,6.580079,5875.465441193,5875.465441193,3760,5264000,0.000000
659,6.590065,5875.475426868,5875.475426868,3765,5271000,0.000000
660,6.600064,5875.485426421,5875.485426421,3771,5279400,0.000000
661,6.610064,5875.495425925,5875.495425925,3777,5287800,0.000000
662,6.620064,5875.505426167,5875.505426167,3782,5294800,0.000000
663,6.630077,5875.515439144,5875.515439144,3788,5303200,0.000000
664,6.640059,5875.525421332,5875.525421332,3794,5311600,0.000000
665,6.650086,5875.535447741,5875.535447741,3800,5320000,0.000000
666,6.660089,5875.545451172,5875.545451172,3805,5327000,0.000000
667,6.670066,5875.555427720,5875.555427720,3811,5335400,0.000000
668,6.680071,5875.565433301,5875.565433301,3817,5343800,0.000000
669,6.690070,5875.575431859,5875.575431859,3822,5350800,0.000000
670,6.700073,5875.585434529,5875.585434529,3828,5359200,0.000000
671,6.710065,5875.595426609,5875.595426609,3834,5367600,0.000000
672,6.720076,5875.605438264,5875.605438264,3840,5376000,0.000000
673,6.730064,5875.615425627,5875.615425627,3845,5383000,0.000000
674,6.740090,5875.625451859,5875.625451859,3851,5391400,0.000000
675,6.750066,5875.635427684,5875.635427684,3857,5399800,0.000000
676,6.760076,5875.645438312,5875.645438312,3862,5406800,0.000000
677,6.770065,5875.655426680,5875.655426680,3868,5415200,0.000000
678,6.780087,5875.665448631,5875.665448631,3874,5423600,0.000000
679,6.790089,5875.675450733,5875.675450733,3880,5432000,0.000000
680,6.800067,5875.685429355,5875.685429355,3885,5439000,0.000000
681,6.810068,5875.695430224,5875.695430224,3891,5447400,0.000000
682,6.820060,5875.705421599,5875.705421599,3897,5455800,0.000000
683,6.830069,5875.715431008,5875.715431008,3902,5462800,0.000000
684,6.840069,5875.725431080,5875.725431080,3908,5471200,0.000000
685,6.850071,5875.735432854,5875.735432854,3914,5479600,0.000000
686,6.860086,5875.745448272,5875.745448272,3920,5488000,0.000000
687,6.870088,5875.755450265,5875.755450265,3925,5495000,0.000000
688,6.880069,5875.765431290,5875.765431290,3931,5503400,0.000000
689,6.890074,5875.775436338,5875.775436338,3937,5511800,0.000000
690,6.900085,5875.785447425,5875.785447425,3942,5518800,0.000000
691,6.910077,5875.795439380,5875.795439380,3948,5527200,0.000000
692,6.920064,5875.805426316,5875.805426316,3954,5535600,0.000000
693,6.930074,5875.815436061,5875.815436061,3960,5544000,0.000000
694,6.940072,5875.825433691,5875.825433691,3965,5551000,0.000000
695,6.950064,5875.835426117,5875.835426117,3971,5559400,0.000000
696,6.960033,5875.845394901,5875.845394901,3977,5567800,0.000000
697,6.970066,5875.855428293,5875.855428293,3982,5574800,0.000000
698,6.980066,5875.865428175,5875.865428175,3988,5583200,0.000000
699,6.990022,5875.875383657,5875.875383657,3994,5591600,0.000000
700,7.000084,5875.885445790,5875.885445790,4000,5600000,0.000000
701,7.010067,5875.895428566,5875.895428566,4005,5607000,0.000000
702,7.020064,5875.905425637,5875.905425637,4011,5615400,0.000000
703,7.030062,5875.915424464,5875.915424464,4017,5623800,0.000000
704,7.040026,5875.925388186,5875.925388186,4022,5630800,0.000000
705,7.050065,5875.935426766,5875.935426766,4028,5639200,0.000000
706,7.060068,5875.945430084,5875.945430084,4034,5647600,0.000000
707,7.070073,5875.955434854,5875.955434854,4040,5656000,0.000000
708,7.080070,5875.965432488,5875.965432488,4045,5663000,0.000000
709,7.090080,5875.975442250,5875.975442250,4051,5671400,0.000000
710,7.100063,5875.985425130,5875.985425130,4057,5679800,0.000000
711,7.110071,5875.995432738,5875.995432738,4062,5686800,0.000000
712,7.120066,5876.005427965,5876.005427965,4068,5695200,0.000000
713,7.130069,5876.015430652,5876.015430652,4074,5703600,0.000000
714,7.140088,5876.025449755,5876.025449755,4080,5712000,0.000000
715,7.150093,5876.035454505,5876.035454505,4085,5719000,0.000000
716,7.160065,5876.045427355,5876.045427355,4091,5727400,0.000000
717,7.170068,5876.055429979,5876.055429979,4097,5735800,0.000000
718,7.180068,5876.065430281,5876.065430281,4102,5742800,0.000000
719,7.190068,5876.075430370,5876.075430370,4108,5751200,0.000000
720,7.200059,5876.085420803,5876.085420803,4114,5759600,0.000000
721,7.210078,5876.095440082,5876.095440082,4120,5768000,0.000000
722,7.220068,5876.105430105,5876.105430105,4125,5775000,0.000000
723,7.230065,5876.115427144,5876.115427144,4131,5783400,0.000000
724,7.240063,5876.125424630,5876.125424630,4137,5791800,0.000000
725,7.250069,5876.135430957,5876.135430957,4142,5798800,0.000000
726,7.260067,5876.145428945,5876.145428945,4148,5807200,0.000000
727,7.270088,5876.155449832,5876.155449832,4154,5815600,0.000000
728,7.280095,5876.165457420,5876.165457420,4160,5824000,0.000000
729,7.290074,5876.175436172,5876.175436172,4165,5831000,0.000000
730,7.300071,5876.185432546,5876.185432546,4171,5839400,0.000000
731,7.310064,5876.195425824,5876.195425824,4177,5847800,0.000000
732,7.320069,5876.205430780,5876.205430780,4182,5854800,0.000000
733,7.330066,5876.215428046,5876.215428046,4188,5863200,0.000000
734,7.340069,5876.225431259,5876.225431259,4194,5871600,0.000000
735,7.350078,5876.235440006,5876.235440006,4200,5880000,0.000000
736,7.360088,5876.245449570,5876.245449570,4205,5887000,0.000000
737,7.370096,5876.255458283,5876.255458283,4211,5895400,0.000000
738,7.380064,5876.265425587,5876.265425587,4217,5903800,0.000000
739,7.390078,5876.275440038,5876.275440038,4222,5910800,0.000000
740,7.400070,5876.285432323,5876.285432323,4228,5919200,0.000000
741,7.410069,5876.295430936,5876.295430936,4234,5927600,0.000000
742,7.420080,5876.305441497,5876.305441497,4240,5936000,0.000000
743,7.430070,5876.315431869,5876.315431869,4245,5943000,0.000000
744,7.440061,5876.325422525,5876.325422525,4251,5951400,0.000000
745,7.450062,5876.335423905,5876.335423905,4257,5959800,0.000000
746,7.460073,5876.345434690,5876.345434690,4262,5966800,0.000000
747,7.470066,5876.355428311,5876.355428311,4268,5975200,0.000000
748,7.480060,5876.365422276,5876.365422276,4274,5983600,0.000000
749,7.490079,5876.375441239,5876.375441239,4280,5992000,0.000000
750,7.500072,5876.385433699,5876.385433699,4285,5999000,0.000000
751,7.510074,5876.395435753,5876.395435753,4291,6007400,0.000000
752,7.520063,5876.405424613,5876.405424613,4297,6015800,0.000000
753,7.530069,5876.415430948,5876.415430948,4302,6022800,0.000000
754,7.540073,5876.425434855,5876.425434855,4308,6031200,0.000000
755,7.550065,5876.435427135,5876.435427135,4314,6039600,0.000000
756,7.560086,5876.445447987,5876.445447987,4320,6048000,0.000000
757,7.570050,5876.455412416,5876.455412416,4325,6055000,0.000000
758,7.580073,5876.465435425,5876.465435425,4331,6063400,0.000000
759,7.590078,5876.475440305,5876.475440305,4337,6071800,0.000000
760,7.600067,5876.485429136,5876.485429136,4342,6078800,0.000000
761,7.610066,5876.495428267,5876.495428267,4348,6087200,0.000000
762,7.620069,5876.505431179,5876.505431179,4354,6095600,0.000000
763,7.630089,5876.515450695,5876.515450695,4360,6104000,0.000000
764,7.640073,5876.525435007,5876.525435007,4365,6111000,0.000000
765,7.650065,5876.535427056,5876.535427056,4371,6119400,0.000000
766,7.660065,5876.545426756,5876.545426756,4377,6127800,0.000000
767,7.670073,5876.555434657,5876.555434657,4382,6134800,0.000000
768,7.680066,5876.565428138,5876.565428138,4388,6143200,0.000000
769,7.690065,5876.575427030,5876.575427030,4394,6151600,0.000000
770,7.700082,5876.585443763,5876.585443763,4400,6160000,0.000000
771,7.710070,5876.595432266,5876.595432266,4405,6167000,0.000000
772,7.720068,5876.605429760,5876.605429760,4411,6175400,0.000000
773,7.730062,5876.615424080,5876.615424080,4417,6183800,0.000000
774,7.740067,5876.625428930,5876.625428930,4422,6190800,0.000000
775,7.750066,5876.635428407,5876.635428407,4428,6199200,0.000000
776,7.760086,5876.645448234,5876.645448234,4434,6207600,0.000000
777,7.770070,5876.655432303,5876.655432303,4440,6216000,0.000000
778,7.780072,5876.665433603,5876.665433603,4445,6223000,0.000000
779,7.790068,5876.675430122,5876.675430122,4451,6231400,0.000000
780,7.800058,5876.685419708,5876.685419708,4457,6239800,0.000000
781,7.810065,5876.695426826,5876.695426826,4462,6246800,0.000000
782,7.820064,5876.705425534,5876.705425534,4468,6255200,0.000000
783,7.830086,5876.715447850,5876.715447850,4474,6263600,0.000000
784,7.840096,5876.725458263,5876.725458263,4480,6272000,0.000000
785,7.850068,5876.735430347,5876.735430347,4485,6279000,0.000000
786,7.860064,5876.745426174,5876.745426174,4491,6287400,0.000000
787,7.870065,5876.755427154,5876.755427154,4497,6295800,0.000000
788,7.880066,5876.765427995,5876.765427995,4502,6302800,0.000000
789,7.890068,5876.775430340,5876.775430340,4508,6311200,0.000000
790,7.900080,5876.785441504,5876.785441504,4514,6319600,0.000000
791,7.910097,5876.795459028,5876.795459028,4520,6328000,0.000000
792,7.920068,5876.805429683,5876.805429683,4525,6335000,0.000000
793,7.930065,5876.815426947,5876.815426947,4531,6343400,0.000000
794,7.940062,5876.825424450,5876.825424450,4537,6351800,0.000000
795,7.950066,5876.835428215,5876.835428215,4542,6358800,0.000000
796,7.960086,5876.845447996,5876.845447996,4548,6367200,0.000000
797,7.970066,5876.855427711,5876.855427711,4554,6375600,0.000000
798,7.980085,5876.865446809,5876.865446809,4560,6384000,0.000000
799,7.990036,5876.875398204,5876.875398204,4565,6391000,0.000000
800,8.000060,5876.885421516,5876.885421516,4571,6399400,0.000000
801,8.010068,5876.895430032,5876.895430032,4577,6407800,0.000000
802,8.020069,5876.905431371,5876.905431371,4582,6414800,0.000000
803,8.030066,5876.915428043,5876.915428043,4588,6423200,0.000000
804,8.040068,5876.925429766,5876.925429766,4594,6431600,0.000000
805,8.050090,5876.935451569,5876.935451569,4600,6440000,0.000000
806,8.060064,5876.945426340,5876.945426340,4605,6447000,0.000000
807,8.070068,5876.955429501,5876.955429501,4611,6455400,0.000000
808,8.080057,5876.965419205,5876.965419205,4617,6463800,0.000000
809,8.090067,5876.975429371,5876.975429371,4622,6470800,0.000000
810,8.100065,5876.985427056,5876.985427056,4628,6479200,0.000000
811,8.110059,5876.995420822,5876.995420822,4634,6487600,0.000000
812,8.120080,5877.005441558,5877.005441558,4640,6496000,0.000000
813,8.130032,5877.015394292,5877.015394292,4645,6503000,0.000000
814,8.140062,5877.025424000,5877.025424000,4651,6511400,0.000000
815,8.150057,5877.035419404,5877.035419404,4657,6519800,0.000000
816,8.160068,5877.045429864,5877.045429864,4662,6526800,0.000000
817,8.170064,5877.055425927,5877.055425927,4668,6535200,0.000000
818,8.180059,5877.065421472,5877.065421472,4674,6543600,0.000000
819,8.190076,5877.075438283,5877.075438283,4680,6552000,0.000000
820,8.200070,5877.085431900,5877.085431900,4685,6559000,0.000000
821,8.210070,5877.095431663,5877.095431663,4691,6567400,0.000000
822,8.220067,5877.105429062,5877.105429062,4697,6575800,0.000000
823,8.230073,5877.115435254,5877.115435254,4702,6582800,0.000000
824,8.240065,5877.125427387,5877.125427387,4708,6591200,0.000000
825,8.250062,5877.135424352,5877.135424352,4714,6599600,0.000000
826,8.260081,5877.145442585,5877.145442585,4720,6608000,0.000000
827,8.270064,5877.155426071,5877.155426071,4725,6615000,0.000000
828,8.280063,5877.165425373,5877.165425373,4731,6623400,0.000000
829,8.290063,5877.175424718,5877.175424718,4737,6631800,0.000000
830,8.300064,5877.185426065,5877.185426065,4742,6638800,0.000000
831,8.310078,5877.195440071,5877.195440071,4748,6647200,0.000000
832,8.320067,5877.205428576,5877.205428576,4754,6655600,0.000000
833,8.330079,5877.215440558,5877.215440558,4760,6664000,0.000000
834,8.340068,5877.225430388,5877.225430388,4765,6671000,0.000000
835,8.350061,5877.235423482,5877.235423482,4771,6679400,0.000000
836,8.360066,5877.245428430,5877.245428430,4777,6687800,0.000000
837,8.370067,5877.255429138,5877.255429138,4782,6694800,0.000000
838,8.380064,5877.265425909,5877.265425909,4788,6703200,0.000000
839,8.390068,5877.275430006,5877.275430006,4794,6711600,0.000000
840,8.400087,5877.285449017,5877.285449017,4800,6720000,0.000000
841,8.410068,5877.295429842,5877.295429842,4805,6727000,0.000000
842,8.420068,5877.305429662,5877.305429662,4811,6735400,0.000000
843,8.430068,5877.315429506,5877.315429506,4817,6743800,0.000000
844,8.440068,5877.325430370,5877.325430370,4822,6750800,0.000000
845,8.450076,5877.335438376,5877.335438376,4828,6759200,0.000000
846,8.460069,5877.345430914,5877.345430914,4834,6767600,0.000000
847,8.470088,5877.355449657,5877.355449657,4840,6776000,0.000000
848,8.480067,5877.365429117,5877.365429117,4845,6783000,0.000000
849,8.490065,5877.375426849,5877.375426849,4851,6791400,0.000000
850,8.500062,5877.385424083,5877.385424083,4857,6799800,0.000000
851,8.510069,5877.395430540,5877.395430540,4862,6806800,0.000000
852,8.520067,5877.405429343,5877.405429343,4868,6815200,0.000000
853,8.530066,5877.415428061,5877.415428061,4874,6823600,0.000000
854,8.540087,5877.425448582,5877.425448582,4880,6832000,0.000000
855,8.550076,5877.435438113,5877.435438113,4885,6839000,0.000000
856,8.560067,5877.445429102,5877.445429102,4891,6847400,0.000000
857,8.570058,5877.455419757,5877.455419757,4897,6855800,0.000000
858,8.580062,5877.465423578,5877.465423578,4902,6862800,0.000000
859,8.590068,5877.475429735,5877.475429735,4908,6871200,0.000000
860,8.600067,5877.485428714,5877.485428714,4914,6879600,0.000000
861,8.610088,5877.495449525,5877.495449525,4920,6888000,0.000000
862,8.620067,5877.505428515,5877.505428515,4925,6895000,0.000000
863,8.630075,5877.515436524,5877.515436524,4931,6903400,0.000000
864,8.640063,5877.525424782,5877.525424782,4937,6911800,0.000000
865,8.650067,5877.535429181,5877.535429181,4942,6918800,0.000000
866,8.660067,5877.545428930,5877.545428930,4948,6927200,0.000000
867,8.670067,5877.555429384,5877.555429384,4954,6935600,0.000000
868,8.680082,5877.565444285,5877.565444285,4960,6944000,0.000000
869,8.690067,5877.575428745,5877.575428745,4965,6951000,0.000000
870,8.700075,5877.585436659,5877.585436659,4971,6959400,0.000000
871,8.710066,5877.595428127,5877.595428127,4977,6967800,0.000000
872,8.720072,5877.605433955,5877.605433955,4982,6974800,0.000000
873,8.730067,5877.615429130,5877.615429130,4988,6983200,0.000000
874,8.740066,5877.625427994,5877.625427994,4994,6991600,0.000000
875,8.750076,5877.635437574,5877.635437574,5000,7000000,0.000000
876,8.760064,5877.645425691,5877.645425691,5005,7007000,0.000000
877,8.770059,5877.655420833,5877.655420833,5011,7015400,0.000000
878,8.780076,5877.665437719,5877.665437719,5017,7023800,0.000000
879,8.790065,5877.675426704,5877.675426704,5022,7030800,0.000000
880,8.800066,5877.685428430,5877.685428430,5028,7039200,0.000000
881,8.810075,5877.695436985,5877.695436985,5034,7047600,0.000000
882,8.820078,5877.705440447,5877.705440447,5040,7056000,0.000000
883,8.830070,5877.715432255,5877.715432255,5045,7063000,0.000000
884,8.840067,5877.725429204,5877.725429204,5051,7071400,0.000000
885,8.850062,5877.735424143,5877.735424143,5057,7079800,0.000000
886,8.860081,5877.745443280,5877.745443280,5062,7086800,0.000000
887,8.870067,5877.755428773,5877.755428773,5068,7095200,0.000000
888,8.880059,5877.765421051,5877.765421051,5074,7103600,0.000000
889,8.890079,5877.775441370,5877.775441370,5080,7112000,0.000000
890,8.900068,5877.785430120,5877.785430120,5085,7119000,0.000000
891,8.910060,5877.795421933,5877.795421933,5091,7127400,0.000000
892,8.920062,5877.805424239,5877.805424239,5097,7135800,0.000000
893,8.930065,5877.815426736,5877.815426736,5102,7142800,0.000000
894,8.940066,5877.825427801,5877.825427801,5108,7151200,0.000000
895,8.950064,5877.835425929,5877.835425929,5114,7159600,0.000000
896,8.960056,5877.845417987,5877.845417987,5120,7168000,0.000000
897,8.970064,5877.855425537,5877.855425537,5125,7175000,0.000000
898,8.980069,5877.865430724,5877.865430724,5131,7183400,0.000000
899,8.990050,5877.875411542,5877.875411542,5137,7191800,0.000000
900,9.000072,5877.885433606,5877.885433606,5142,7198800,0.000000
901,9.010068,5877.895430121,5877.895430121,5148,7207200,0.000000
902,9.020073,5877.905434659,5877.905434659,5154,7215600,0.000000
903,9.030094,5877.915456133,5877.915456133,5160,7224000,0.000000
904,9.040067,5877.925428844,5877.925428844,5165,7231000,0.000000
905,9.050064,5877.935426392,5877.935426392,5171,7239400,0.000000
906,9.060067,5877.945428765,5877.945428765,5177,7247800,0.000000
907,9.070069,5877.955431266,5877.955431266,5182,7254800,0.000000
908,9.080065,5877.965426791,5877.965426791,5188,7263200,0.000000
909,9.090066,5877.975428400,5877.975428400,5194,7271600,0.000000
910,9.100092,5877.985453881,5877.985453881,5200,7280000,0.000000
911,9.110071,5877.995433007,5877.995433007,5205,7287000,0.000000
912,9.120068,5878.005430424,5878.005430424,5211,7295400,0.000000
913,9.130065,5878.015426826,5878.015426826,5217,7303800,0.000000
914,9.140064,5878.025425756,5878.025425756,5222,7310800,0.000000
915,9.150069,5878.035431231,5878.035431231,5228,7319200,0.000000
916,9.160074,5878.045435512,5878.045435512,5234,7327600,0.000000
917,9.170085,5878.055446676,5878.055446676,5240,7336000,0.000000
918,9.180078,5878.065440056,5878.065440056,5245,7343000,0.000000
919,9.190070,5878.075432274,5878.075432274,5251,7351400,0.000000
920,9.200063,5878.085425119,5878.085425119,5257,7359800,0.000000
921,9.210078,5878.095439866,5878.095439866,5262,7366800,0.000000
922,9.220069,5878.105431244,5878.105431244,5268,7375200,0.000000
923,9.230075,5878.115437394,5878.115437394,5274,7383600,0.000000
924,9.240085,5878.125446538,5878.125446538,5280,7392000,0.000000
925,9.250066,5878.135428146,5878.135428146,5285,7399000,0.000000
926,9.260068,5878.145430491,5878.145430491,5291,7407400,0.000000
927,9.270067,5878.155428949,5878.155428949,5297,7415800,0.000000
928,9.280061,5878.165422619,5878.165422619,5302,7422800,0.000000
929,9.290072,5878.175434031,5878.175434031,5308,7431200,0.000000
930,9.300074,5878.185435843,5878.185435843,5314,7439600,0.000000
931,9.310079,5878.195441440,5878.195441440,5320,7448000,0.000000
932,9.320065,5878.205426889,5878.205426889,5325,7455000,0.000000
933,9.330069,5878.215431465,5878.215431465,5331,7463400,0.000000
934,9.340061,5878.225422845,5878.225422845,5337,7471800,0.000000
935,9.350090,5878.235451577,5878.235451577,5342,7478800,0.000000
936,9.360086,5878.245447929,5878.245447929,5348,7487200,0.000000
937,9.370073,5878.255434745,5878.255434745,5354,7495600,0.000000
938,9.380094,5878.265455617,5878.265455617,5360,7504000,0.000000
939,9.390069,5878.275430728,5878.275430728,5365,7511000,0.000000
940,9.400062,5878.285424254,5878.285424254,5371,7519400,0.000000
941,9.410060,5878.295421725,5878.295421725,5377,7527800,0.000000
942,9.420067,5878.305429433,5878.305429433,5382,7534800,0.000000
943,9.430065,5878.315427232,5878.315427232,5388,7543200,0.000000
944,9.440067,5878.325429253,5878.325429253,5394,7551600,0.000000
945,9.450079,5878.335440912,5878.335440912,5400,7560000,0.000000
946,9.460075,5878.345437150,5878.345437150,5405,7567000,0.000000
947,9.470065,5878.355427032,5878.355427032,5411,7575400,0.000000
948,9.480063,5878.365424612,5878.365424612,5417,7583800,0.000000
949,9.490067,5878.375429280,5878.375429280,5422,7590800,0.000000
950,9.500068,5878.385429566,5878.385429566,5428,7599200,0.000000
951,9.510071,5878.395432892,5878.395432892,5434,7607600,0.000000
952,9.520107,5878.405468935,5878.405468935,5440,7616000,0.000000
953,9.530070,5878.415431904,5878.415431904,5445,7623000,0.000000
954,9.540068,5878.425429575,5878.425429575,5451,7631400,0.000000
955,9.550095,5878.435456773,5878.435456773,5457,7639800,0.000000
956,9.560073,5878.445435486,5878.445435486,5462,7646800,0.000000
957,9.570068,5878.455430329,5878.455430329,5468,7655200,0.000000
958,9.580075,5878.465436966,5878.465436966,5474,7663600,0.000000
959,9.590098,5878.475460079,5878.475460079,5480,7672000,0.000000
960,9.600069,5878.485431143,5878.485431143,5485,7679000,0.000000
961,9.610068,5878.495430443,5878.495430443,5491,7687400,0.000000
962,9.620063,5878.505424568,5878.505424568,5497,7695800,0.000000
963,9.630080,5878.515442305,5878.515442305,5502,7702800,0.000000
964,9.640071,5878.525432814,5878.525432814,5508,7711200,0.000000
965,9.650062,5878.535423823,5878.535423823,5514,7719600,0.000000
966,9.660152,5878.545514491,5878.545514491,5520,7728000,0.000000
967,9.670087,5878.555448987,5878.555448987,5525,7735000,0.000000
968,9.680069,5878.565430921,5878.565430921,5531,7743400,0.000000
969,9.690069,5878.575431278,5878.575431278,5537,7751800,0.000000
970,9.700070,5878.585432201,5878.585432201,5542,7758800,0.000000
971,9.710063,5878.595425092,5878.595425092,5548,7767200,0.000000
972,9.720072,5878.605434135,5878.605434135,5554,7775600,0.000000
973,9.730087,5878.615448759,5878.615448759,5560,7784000,0.000000
974,9.740070,5878.625432424,5878.625432424,5565,7791000,0.000000
975,9.750073,5878.635435379,5878.635435379,5571,7799400,0.000000
976,9.760062,5878.645424139,5878.645424139,5577,7807800,0.000000
977,9.770064,5878.655426182,5878.655426182,5582,7814800,0.000000
978,9.780068,5878.665429973,5878.665429973,5588,7823200,0.000000
979,9.790069,5878.675430994,5878.675430994,5594,7831600,0.000000
980,9.800081,5878.685442698,5878.685442698,5600,7840000,0.000000
981,9.810073,5878.695434998,5878.695434998,5605,7847000,0.000000
982,9.820068,5878.705429933,5878.705429933,5611,7855400,0.000000
983,9.830064,5878.715425708,5878.715425708,5617,7863800,0.000000
984,9.840067,5878.725429319,5878.725429319,5622,7870800,0.000000
985,9.850069,5878.735431357,5878.735431357,5628,7879200,0.000000
986,9.860068,5878.745429987,5878.745429987,5634,7887600,0.000000
987,9.870083,5878.755444514,5878.755444514,5640,7896000,0.000000
988,9.880066,5878.765428163,5878.765428163,5645,7903000,0.000000
989,9.890067,5878.775428780,5878.775428780,5651,7911400,0.000000
990,9.900058,5878.785420252,5878.785420252,5657,7919800,0.000000
991,9.910070,5878.795432018,5878.795432018,5662,7926800,0.000000
992,9.920066,5878.805428168,5878.805428168,5668,7935200,0.000000
993,9.930068,5878.815430329,5878.815430329,5674,7943600,0.000000
994,9.940094,5878.825455886,5878.825455886,5680,7952000,0.000000
995,9.950063,5878.835425365,5878.835425365,5685,7959000,0.000000
996,9.960063,5878.845424695,5878.845424695,5691,7967400,0.000000
997,9.970064,5878.855426342,5878.855426342,5697,7975800,0.000000
998,9.980067,5878.865429153,5878.865429153,5702,7982800,0.000000
999,9.990065,5878.875426591,5878.875426591,5708,7991200,0.000000
1000,10.000068,5878.885429809,5878.885429809,5714,7999600,0.000000
1001,10.010082,5878.895443608,5878.895443608,5720,8008000,0.000000
1002,10.020064,5878.905425678,5878.905425678,5725,8015000,0.000000
1003,10.030067,5878.915428547,5878.915428547,5731,8023400,0.000000
1004,10.040062,5878.925424232,5878.925424232,5737,8031800,0.000000
1005,10.050071,5878.935433286,5878.935433286,5742,8038800,0.000000
1006,10.060040,5878.945402321,5878.945402321,5748,8047200,0.000000
1007,10.070067,5878.955429129,5878.955429129,5754,8055600,0.000000
1008,10.080076,5878.965437543,5878.965437543,5760,8064000,0.000000
1009,10.090068,5878.975430092,5878.975430092,5765,8071000,0.000000
1010,10.100068,5878.985429840,5878.985429840,5771,8079400,0.000000
1011,10.110074,5878.995436013,5878.995436013,5777,8087800,0.000000
1012,10.120068,5879.005430308,5879.005430308,5782,8094800,0.000000
1013,10.130075,5879.015436936,5879.015436936,5788,8103200,0.000000
1014,10.140077,5879.025438816,5879.025438816,5794,8111600,0.000000
1015,10.150073,5879.035434940,5879.035434940,5800,8120000,0.000000
1016,10.160066,5879.045427804,5879.045427804,5805,8127000,0.000000
1017,10.170071,5879.055432859,5879.055432859,5811,8135400,0.000000
1018,10.180062,5879.065424102,5879.065424102,5817,8143800,0.000000
1019,10.190073,5879.075435260,5879.075435260,5822,8150800,0.000000
1020,10.200067,5879.085429147,5879.085429147,5828,8159200,0.000000
1021,10.210067,5879.095429273,5879.095429273,5834,8167600,0.000000
1022,10.220081,5879.105442715,5879.105442715,5840,8176000,0.000000
1023,10.230091,5879.115453327,5879.115453327,5845,8183000,0.000000
1024,10.240070,5879.125431871,5879.125431871,5851,8191400,0.000000
1025,10.250059,5879.135421330,5879.135421330,5857,8199800,0.000000
1026,10.260077,5879.145439098,5879.145439098,5862,8206800,0.000000
1027,10.270063,5879.155425130,5879.155425130,5868,8215200,0.000000
1028,10.280065,5879.165427287,5879.165427287,5874,8223600,0.000000
1029,10.290088,5879.175450428,5879.175450428,5880,8232000,0.000000
1030,10.300077,5879.185438817,5879.185438817,5885,8239000,0.000000
1031,10.310066,5879.195427830,5879.195427830,5891,8247400,0.000000
1032,10.320066,5879.205428324,5879.205428324,5897,8255800,0.000000
1033,10.330087,5879.215448713,5879.215448713,5902,8262800,0.000000
1034,10.340074,5879.225435571,5879.225435571,5908,8271200,0.000000
1035,10.350074,5879.235435853,5879.235435853,5914,8279600,0.000000
1036,10.360080,5879.245441577,5879.245441577,5920,8288000,0.000000
1037,10.370085,5879.255447349,5879.255447349,5925,8295000,0.000000
1038,10.380081,5879.265443411,5879.265443411,5931,8303400,0.000000
1039,10.390071,5879.275432833,5879.275432833,5937,8311800,0.000000
1040,10.400077,5879.285439387,5879.285439387,5942,8318800,0.000000
1041,10.410071,5879.295432578,5879.295432578,5948,8327200,0.000000
1042,10.420075,5879.305437123,5879.305437123,5954,8335600,0.000000
1043,10.430085,5879.315446566,5879.315446566,5960,8344000,0.000000
1044,10.440072,5879.325433862,5879.325433862,5965,8351000,0.000000
1045,10.450070,5879.335432467,5879.335432467,5971,8359400,0.000000
1046,10.460059,5879.345421111,5879.345421111,5977,8367800,0.000000
1047,10.470065,5879.355427085,5879.355427085,5982,8374800,0.000000
1048,10.480069,5879.365430601,5879.365430601,5988,8383200,0.000000
1049,10.490067,5879.375429428,5879.375429428,5994,8391600,0.000000
1050,10.500094,5879.385456362,5879.385456362,6000,8400000,0.000000
1051,10.510064,5879.395426186,5879.395426186,6005,8407000,0.000000
1052,10.520065,5879.405427121,5879.405427121,6011,8415400,0.000000
1053,10.530051,5879.415412664,5879.415412664,6017,8423800,0.000000
1054,10.540066,5879.425428166,5879.425428166,6022,8430800,0.000000
1055,10.550065,5879.435426592,5879.435426592,6028,8439200,0.000000
1056,10.560067,5879.445428954,5879.445428954,6034,8447600,0.000000
1057,10.570080,5879.455441616,5879.455441616,6040,8456000,0.000000
1058,10.580065,5879.465426908,5879.465426908,6045,8463000,0.000000
1059,10.590064,5879.475426483,5879.475426483,6051,8471400,0.000000
1060,10.600043,5879.485405241,5879.485405241,6057,8479800,0.000000
1061,10.610065,5879.495427360,5879.495427360,6062,8486800,0.000000
1062,10.620019,5879.505381002,5879.505381002,6068,8495200,0.000000
1063,10.630069,5879.515431205,5879.515431205,6074,8503600,0.000000
1064,10.640080,5879.525441535,5879.525441535,6080,8512000,0.000000
1065,10.650071,5879.535432497,5879.535432497,6085,8519000,0.000000
1066,10.660066,5879.545428001,5879.545428001,6091,8527400,0.000000
1067,10.670063,5879.555425001,5879.555425001,6097,8535800,0.000000
1068,10.680066,5879.565427817,5879.565427817,6102,8542800,0.000000
1069,10.690022,5879.575383686,5879.575383686,6108,8551200,0.000000
1070,10.700067,5879.585429478,5879.585429478,6114,8559600,0.000000
1071,10.710074,5879.595435832,5879.595435832,6120,8568000,0.000000
1072,10.720066,5879.605428076,5879.605428076,6125,8575000,0.000000
1073,10.730066,5879.615427660,5879.615427660,6131,8583400,0.000000
1074,10.740064,5879.625425574,5879.625425574,6137,8591800,0.000000
1075,10.750071,5879.635433163,5879.635433163,6142,8598800,0.000000
1076,10.760068,5879.645430342,5879.645430342,6148,8607200,0.000000
1077,10.770074,5879.655435930,5879.655435930,6154,8615600,0.000000
1078,10.780084,5879.665445538,5879.665445538,6160,8624000,0.000000
1079,10.790069,5879.675430765,5879.675430765,6165,8631000,0.000000
1080,10.800066,5879.685428277,5879.685428277,6171,8639400,0.000000
1081,10.810063,5879.695424528,5879.695424528,6177,8647800,0.000000
1082,10.820081,5879.705443139,5879.705443139,6182,8654800,0.000000
1083,10.830015,5879.715377357,5879.715377357,6188,8663200,0.000000
1084,10.840074,5879.725436058,5879.725436058,6194,8671600,0.000000
1085,10.850093,5879.735454923,5879.735454923,6200,8680000,0.000000
1086,10.860070,5879.745432121,5879.745432121,6205,8687000,0.000000
1087,10.870068,5879.755430117,5879.755430117,6211,8695400,0.000000
1088,10.880063,5879.765425493,5879.765425493,6217,8703800,0.000000
1089,10.890062,5879.775424287,5879.775424287,6222,8710800,0.000000
1090,10.900054,5879.785415523,5879.785415523,6228,8719200,0.000000
1091,10.910074,5879.795436264,5879.795436264,6234,8727600,0.000000
1092,10.920082,5879.805444232,5879.805444232,6240,8736000,0.000000
1093,10.930038,5879.815400196,5879.815400196,6245,8743000,0.000000
1094,10.940064,5879.825425730,5879.825425730,6251,8751400,0.000000
1095,10.950061,5879.835422866,5879.835422866,6257,8759800,0.000000
1096,10.960064,5879.845426044,5879.845426044,6262,8766800,0.000000
1097,10.970068,5879.855429650,5879.855429650,6268,8775200,0.000000
1098,10.980062,5879.865424325,5879.865424325,6274,8783600,0.000000
1099,10.990105,5879.875466929,5879.875466929,6280,8792000,0.000000
1100,11.000061,5879.885422961,5879.885422961,6285,8799000,0.000000
1101,11.010068,5879.895430237,5879.895430237,6291,8807400,0.000000
1102,11.020063,5879.905424982,5879.905424982,6297,8815800,0.000000
1103,11.030068,5879.915430342,5879.915430342,6302,8822800,0.000000
1104,11.040064,5879.925425649,5879.925425649,6308,8831200,0.000000
1105,11.050064,5879.935426382,5879.935426382,6314,8839600,0.000000
1106,11.060079,5879.945440767,5879.945440767,6320,8848000,0.000000
1107,11.070073,5879.955434877,5879.955434877,6325,8855000,0.000000
1108,11.080066,5879.965427770,5879.965427770,6331,8863400,0.000000
1109,11.090045,5879.975406953,5879.975406953,6337,8871800,0.000000
1110,11.100064,5879.985426423,5879.985426423,6342,8878800,0.000000
1111,11.110064,5879.995426244,5879.995426244,6348,8887200,0.000000
1112,11.120064,5880.005425657,5880.005425657,6354,8895600,0.000000
1113,11.130067,5880.015429168,5880.015429168,6360,8904000,0.000000
1114,11.140064,5880.025425933,5880.025425933,6365,8911000,0.000000
1115,11.150064,5880.035425643,5880.035425643,6371,8919400,0.000000
1116,11.160018,5880.045380489,5880.045380489,6377,8927800,0.000000
1117,11.170065,5880.055427442,5880.055427442,6382,8934800,0.000000
1118,11.180063,5880.065425212,5880.065425212,6388,8943200,0.000000
1119,11.190068,5880.075430045,5880.075430045,6394,8951600,0.000000
1120,11.200088,5880.085450368,5880.085450368,6400,8960000,0.000000
1121,11.210063,5880.095425481,5880.095425481,6405,8967000,0.000000
1122,11.220066,5880.105427511,5880.105427511,6411,8975400,0.000000
1123,11.230064,5880.115425756,5880.115425756,6417,8983800,0.000000
1124,11.240068,5880.125429502,5880.125429502,6422,8990800,0.000000
1125,11.250036,5880.135397666,5880.135397666,6428,8999200,0.000000
1126,11.260073,5880.145434698,5880.145434698,6434,9007600,0.000000
1127,11.270076,5880.155437593,5880.155437593,6440,9016000,0.000000
1128,11.280066,5880.165427680,5880.165427680,6445,9023000,0.000000
1129,11.290064,5880.175425670,5880.175425670,6451,9031400,0.000000
1130,11.300062,5880.185423707,5880.185423707,6457,9039800,0.000000
1131,11.310068,5880.195430085,5880.195430085,6462,9046800,0.000000
1132,11.320064,5880.205426313,5880.205426313,6468,9055200,0.000000
1133,11.330066,5880.215428177,5880.215428177,6474,9063600,0.000000
1134,11.340095,5880.225457362,5880.225457362,6480,9072000,0.000000
1135,11.350069,5880.235431290,5880.235431290,6485,9079000,0.000000
1136,11.360064,5880.245426315,5880.245426315,6491,9087400,0.000000
1137,11.370061,5880.255423455,5880.255423455,6497,9095800,0.000000
1138,11.380067,5880.265428809,5880.265428809,6502,9102800,0.000000
1139,11.390065,5880.275427240,5880.275427240,6508,9111200,0.000000
1140,11.400068,5880.285429853,5880.285429853,6514,9119600,0.000000
1141,11.410080,5880.295441536,5880.295441536,6520,9128000,0.000000
1142,11.420054,5880.305415984,5880.305415984,6525,9135000,0.000000
1143,11.430046,5880.315407567,5880.315407567,6531,9143400,0.000000
1144,11.440065,5880.325427227,5880.325427227,6537,9151800,0.000000
1145,11.450077,5880.335439140,5880.335439140,6542,9158800,0.000000
1146,11.460073,5880.345434806,5880.345434806,6548,9167200,0.000000
1147,11.470073,5880.355434716,5880.355434716,6554,9175600,0.000000
1148,11.480080,5880.365442044,5880.365442044,6560,9184000,0.000000
1149,11.490080,5880.375442369,5880.375442369,6565,9191000,0.000000
1150,11.500070,5880.385432382,5880.385432382,6571,9199400,0.000000
1151,11.510062,5880.395423844,5880.395423844,6577,9207800,0.000000
1152,11.520070,5880.405431538,5880.405431538,6582,9214800,0.000000
1153,11.530063,5880.415425165,5880.415425165,6588,9223200,0.000000
1154,11.540069,5880.425430948,5880.425430948,6594,9231600,0.000000
1155,11.550087,5880.435448920,5880.435448920,6600,9240000,0.000000
1156,11.560087,5880.445449469,5880.445449469,6605,9247000,0.000000
1157,11.570074,5880.455436109,5880.455436109,6611,9255400,0.000000
1158,11.580067,5880.465428850,5880.465428850,6617,9263800,0.000000
1159,11.590065,5880.475427056,5880.475427056,6622,9270800,0.000000
1160,11.600068,5880.485429788,5880.485429788,6628,9279200,0.000000
1161,11.610060,5880.495421860,5880.495421860,6634,9287600,0.000000
1162,11.620093,5880.505455380,5880.505455380,6640,9296000,0.000000
1163,11.630069,5880.515430771,5880.515430771,6645,9303000,0.000000
1164,11.640073,5880.525435045,5880.525435045,6651,9311400,0.000000
1165,11.650064,5880.535426449,5880.535426449,6657,9319800,0.000000
1166,11.660067,5880.545429355,5880.545429355,6662,9326800,0.000000
1167,11.670076,5880.555438141,5880.555438141,6668,9335200,0.000000
1168,11.680066,5880.565428053,5880.565428053,6674,9343600,0.000000
1169,11.690077,5880.575439291,5880.575439291,6680,9352000,0.000000
1170,11.700056,5880.585418335,5880.585418335,6685,9359000,0.000000
1171,11.710068,5880.595430441,5880.595430441,6691,9367400,0.000000
1172,11.720066,5880.605428110,5880.605428110,6697,9375800,0.000000
1173,11.730065,5880.615427115,5880.615427115,6702,9382800,0.000000
1174,11.740068,5880.625430346,5880.625430346,6708,9391200,0.000000
1175,11.750064,5880.635426380,5880.635426380,6714,9399600,0.000000
1176,11.760103,5880.645465253,5880.645465253,6720,9408000,0.000000
1177,11.770069,5880.655430701,5880.655430701,6725,9415000,0.000000
1178,11.780070,5880.665432403,5880.665432403,6731,9423400,0.000000
1179,11.790068,5880.675430449,5880.675430449,6737,9431800,0.000000
1180,11.800074,5880.685436073,5880.685436073,6742,9438800,0.000000
1181,11.810064,5880.695425902,5880.695425902,6748,9447200,0.000000
1182,11.820082,5880.705443579,5880.705443579,6754,9455600,0.000000
1183,11.830084,5880.715446194,5880.715446194,6760,9464000,0.000000
1184,11.840070,5880.725432199,5880.725432199,6765,9471000,0.000000
1185,11.850074,5880.735436392,5880.735436392,6771,9479400,0.000000
1186,11.860063,5880.745425080,5880.745425080,6777,9487800,0.000000
1187,11.870072,5880.755434372,5880.755434372,6782,9494800,0.000000
1188,11.880069,5880.765430841,5880.765430841,6788,9503200,0.000000
1189,11.890072,5880.775434018,5880.775434018,6794,9511600,0.000000
1190,11.900079,5880.785441429,5880.785441429,6800,9520000,0.000000
1191,11.910065,5880.795426747,5880.795426747,6805,9527000,0.000000
1192,11.920064,5880.805426455,5880.805426455,6811,9535400,0.000000
1193,11.930063,5880.815425449,5880.815425449,6817,9543800,0.000000
1194,11.940064,5880.825425864,5880.825425864,6822,9550800,0.000000
1195,11.950064,5880.835425498,5880.835425498,6828,9559200,0.000000
1196,11.960047,5880.845409071,5880.845409071,6834,9567600,0.000000
1197,11.970075,5880.855437360,5880.855437360,6840,9576000,0.000000
1198,11.980066,5880.865427732,5880.865427732,6845,9583000,0.000000
1199,11.990068,5880.875430288,5880.875430288,6851,9591400,0.000000
1200,12.000065,5880.885427303,5880.885427303,6857,9599800,0.000000
1201,12.010065,5880.895426771,5880.895426771,6862,9606800,0.000000
1202,12.020064,5880.905426384,5880.905426384,6868,9615200,0.000000
1203,12.030070,5880.915431643,5880.915431643,6874,9623600,0.000000
1204,12.040077,5880.925438902,5880.925438902,6880,9632000,0.000000
1205,12.050064,5880.935425677,5880.935425677,6885,9639000,0.000000
1206,12.060067,5880.945428538,5880.945428538,6891,9647400,0.000000
1207,12.070063,5880.955424565,5880.955424565,6897,9655800,0.000000
1208,12.080071,5880.965432630,5880.965432630,6902,9662800,0.000000
1209,12.090063,5880.975425279,5880.975425279,6908,9671200,0.000000
1210,12.100054,5880.985416267,5880.985416267,6914,9679600,0.000000
1211,12.110076,5880.995438350,5880.995438350,6920,9688000,0.000000
1212,12.120065,5881.005427215,5881.005427215,6925,9695000,0.000000
1213,12.130064,5881.015425727,5881.015425727,6931,9703400,0.000000
1214,12.140057,5881.025419389,5881.025419389,6937,9711800,0.000000
1215,12.150064,5881.035425972,5881.035425972,6942,9718800,0.000000
1216,12.160065,5881.045426582,5881.045426582,6948,9727200,0.000000
1217,12.170066,5881.055427945,5881.055427945,6954,9735600,0.000000
1218,12.180075,5881.065437153,5881.065437153,6960,9744000,0.000000
1219,12.190067,5881.075428545,5881.075428545,6965,9751000,0.000000
1220,12.200067,5881.085429155,5881.085429155,6971,9759400,0.000000
1221,12.210062,5881.095424078,5881.095424078,6977,9767800,0.000000
1222,12.220068,5881.105429939,5881.105429939,6982,9774800,0.000000
1223,12.230064,5881.115426301,5881.115426301,6988,9783200,0.000000
1224,12.240070,5881.125431503,5881.125431503,6994,9791600,0.000000
1225,12.250083,5881.135444810,5881.135444810,7000,9800000,0.000000
1226,12.260068,5881.145430201,5881.145430201,7005,9807000,0.000000
1227,12.270065,5881.155426983,5881.155426983,7011,9815400,0.000000
1228,12.280088,5881.165449879,5881.165449879,7017,9823800,0.000000
1229,12.290066,5881.175427874,5881.175427874,7022,9830800,0.000000
1230,12.300069,5881.185430526,5881.185430526,7028,9839200,0.000000
1231,12.310072,5881.195434336,5881.195434336,7034,9847600,0.000000
1232,12.320073,5881.205434795,5881.205434795,7040,9856000,0.000000
1233,12.330065,5881.215427286,5881.215427286,7045,9863000,0.000000
1234,12.340065,5881.225427190,5881.225427190,7051,9871400,0.000000
1235,12.350062,5881.235424036,5881.235424036,7057,9879800,0.000000
1236,12.360066,5881.245427671,5881.245427671,7062,9886800,0.000000
1237,12.370065,5881.255426731,5881.255426731,7068,9895200,0.000000
1238,12.380043,5881.265404591,5881.265404591,7074,9903600,0.000000
1239,12.390079,5881.275440632,5881.275440632,7080,9912000,0.000000
1240,12.400069,5881.285430636,5881.285430636,7085,9919000,0.000000
1241,12.410066,5881.295428070,5881.295428070,7091,9927400,0.000000
1242,12.420058,5881.305420096,5881.305420096,7097,9935800,0.000000
1243,12.430077,5881.315438935,5881.315438935,7102,9942800,0.000000
1244,12.440074,5881.325436386,5881.325436386,7108,9951200,0.000000
1245,12.450077,5881.335439247,5881.335439247,7114,9959600,0.000000
1246,12.460072,5881.345433665,5881.345433665,7120,9968000,0.000000
1247,12.470078,5881.355440014,5881.355440014,7125,9975000,0.000000
1248,12.480064,5881.365426276,5881.365426276,7131,9983400,0.000000
1249,12.490063,5881.375424668,5881.375424668,7137,9991800,0.000000
1250,12.500070,5881.385431932,5881.385431932,7142,9998800,0.000000
1251,12.510070,5881.395431830,5881.395431830,7148,10007200,0.000000
1252,12.520067,5881.405429444,5881.405429444,7154,10015600,0.000000
1253,12.530072,5881.415433669,5881.415433669,7160,10024000,0.000000
1254,12.540069,5881.425431363,5881.425431363,7165,10031000,0.000000
1255,12.550065,5881.435426544,5881.435426544,7171,10039400,0.000000
1256,12.560067,5881.445429106,5881.445429106,7177,10047800,0.000000
1257,12.570069,5881.455430771,5881.455430771,7182,10054800,0.000000
1258,12.580063,5881.465425397,5881.465425397,7188,10063200,0.000000
1259,12.590066,5881.475427898,5881.475427898,7194,10071600,0.000000
1260,12.600078,5881.485440112,5881.485440112,7200,10080000,0.000000
1261,12.610060,5881.495422293,5881.495422293,7205,10087000,0.000000
1262,12.620066,5881.505427927,5881.505427927,7211,10095400,0.000000
1263,12.630058,5881.515419601,5881.515419601,7217,10103800,0.000000
1264,12.640065,5881.525427319,5881.525427319,7222,10110800,0.000000
1265,12.650059,5881.535421304,5881.535421304,7228,10119200,0.000000
1266,12.660060,5881.545421578,5881.545421578,7234,10127600,0.000000
1267,12.670077,5881.555439271,5881.555439271,7240,10136000,0.000000
1268,12.680065,5881.565427343,5881.565427343,7245,10143000,0.000000
1269,12.690064,5881.575425617,5881.575425617,7251,10151400,0.000000
1270,12.700061,5881.585423008,5881.585423008,7257,10159800,0.000000
1271,12.710070,5881.595431946,5881.595431946,7262,10166800,0.000000
1272,12.720065,5881.605427156,5881.605427156,7268,10175200,0.000000
1273,12.730066,5881.615428411,5881.615428411,7274,10183600,0.000000
1274,12.740070,5881.625431633,5881.625431633,7280,10192000,0.000000
1275,12.750067,5881.635429212,5881.635429212,7285,10199000,0.000000
1276,12.760058,5881.645419535,5881.645419535,7291,10207400,0.000000
1277,12.770060,5881.655421822,5881.655421822,7297,10215800,0.000000
1278,12.780072,5881.665434069,5881.665434069,7302,10222800,0.000000
1279,12.790073,5881.675434899,5881.675434899,7308,10231200,0.000000
1280,12.800065,5881.685427094,5881.685427094,7314,10239600,0.000000
1281,12.810086,5881.695447620,5881.695447620,7320,10248000,0.000000
1282,12.820068,5881.705429689,5881.705429689,7325,10255000,0.000000
1283,12.830068,5881.715430276,5881.715430276,7331,10263400,0.000000
1284,12.840062,5881.725424427,5881.725424427,7337,10271800,0.000000
1285,12.850070,5881.735431868,5881.735431868,7342,10278800,0.000000
1286,12.860063,5881.745424943,5881.745424943,7348,10287200,0.000000
1287,12.870058,5881.755420336,5881.755420336,7354,10295600,0.000000
1288,12.880086,5881.765447709,5881.765447709,7360,10304000,0.000000
1289,12.890076,5881.775438034,5881.775438034,7365,10311000,0.000000
1290,12.900068,5881.785430093,5881.785430093,7371,10319400,0.000000
1291,12.910062,5881.795424380,5881.795424380,7377,10327800,0.000000
1292,12.920073,5881.805435139,5881.805435139,7382,10334800,0.000000
1293,12.930066,5881.815428030,5881.815428030,7388,10343200,0.000000
1294,12.940065,5881.825426739,5881.825426739,7394,10351600,0.000000
1295,12.950084,5881.835446158,5881.835446158,7400,10360000,0.000000
1296,12.960066,5881.845427912,5881.845427912,7405,10367000,0.000000
1297,12.970063,5881.855424880,5881.855424880,7411,10375400,0.000000
1298,12.980058,5881.865419897,5881.865419897,7417,10383800,0.000000
1299,12.990074,5881.875435887,5881.875435887,7422,10390800,0.000000
1300,13.000069,5881.885430566,5881.885430566,7428,10399200,0.000000
1301,13.010073,5881.895434791,5881.895434791,7434,10407600,0.000000
1302,13.020079,5881.905441067,5881.905441067,7440,10416000,0.000000
1303,13.030070,5881.915431660,5881.915431660,7445,10423000,0.000000
1304,13.040067,5881.925429286,5881.925429286,7451,10431400,0.000000
1305,13.050064,5881.935426110,5881.935426110,7457,10439800,0.000000
1306,13.060070,5881.945432326,5881.945432326,7462,10446800,0.000000
1307,13.070069,5881.955431085,5881.955431085,7468,10455200,0.000000
1308,13.080069,5881.965430862,5881.965430862,7474,10463600,0.000000
1309,13.090082,5881.975444486,5881.975444486,7480,10472000,0.000000
1310,13.100069,5881.985430992,5881.985430992,7485,10479000,0.000000
1311,13.110038,5881.995400340,5881.995400340,7491,10487400,0.000000
1312,13.120064,5882.005425747,5882.005425747,7497,10495800,0.000000
1313,13.130066,5882.015428331,5882.015428331,7502,10502800,0.000000
1314,13.140090,5882.025451754,5882.025451754,7508,10511200,0.000000
1315,13.150068,5882.035430415,5882.035430415,7514,10519600,0.000000
1316,13.160082,5882.045443796,5882.045443796,7520,10528000,0.000000
1317,13.170064,5882.055426388,5882.055426388,7525,10535000,0.000000
1318,13.180063,5882.065425164,5882.065425164,7531,10543400,0.000000
1319,13.190058,5882.075420192,5882.075420192,7537,10551800,0.000000
1320,13.200063,5882.085425083,5882.085425083,7542,10558800,0.000000
1321,13.210070,5882.095431885,5882.095431885,7548,10567200,0.000000
1322,13.220066,5882.105428226,5882.105428226,7554,10575600,0.000000
1323,13.230077,5882.115438651,5882.115438651,7560,10584000,0.000000
1324,13.240068,5882.125430233,5882.125430233,7565,10591000,0.000000
1325,13.250074,5882.135436322,5882.135436322,7571,10599400,0.000000
1326,13.260058,5882.145419929,5882.145419929,7577,10607800,0.000000
1327,13.270066,5882.155427762,5882.155427762,7582,10614800,0.000000
1328,13.280066,5882.165427507,5882.165427507,7588,10623200,0.000000
1329,13.290066,5882.175427653,5882.175427653,7594,10631600,0.000000
1330,13.300080,5882.185442290,5882.185442290,7600,10640000,0.000000
1331,13.310068,5882.195429880,5882.195429880,7605,10647000,0.000000
1332,13.320067,5882.205428598,5882.205428598,7611,10655400,0.000000
1333,13.330054,5882.215415677,5882.215415677,7617,10663800,0.000000
1334,13.340064,5882.225426424,5882.225426424,7622,10670800,0.000000
1335,13.350063,5882.235425133,5882.235425133,7628,10679200,0.000000
1336,13.360065,5882.245427267,5882.245427267,7634,10687600,0.000000
1337,13.370082,5882.255444031,5882.255444031,7640,10696000,0.000000
1338,13.380070,5882.265431776,5882.265431776,7645,10703000,0.000000
1339,13.390067,5882.275429495,5882.275429495,7651,10711400,0.000000
1340,13.400049,5882.285411348,5882.285411348,7657,10719800,0.000000
1341,13.410066,5882.295428474,5882.295428474,7662,10726800,0.000000
1342,13.420064,5882.305426429,5882.305426429,7668,10735200,0.000000
1343,13.430072,5882.315433915,5882.315433915,7674,10743600,0.000000
1344,13.440074,5882.325436210,5882.325436210,7680,10752000,0.000000
1345,13.450071,5882.335433030,5882.335433030,7685,10759000,0.000000
1346,13.460051,5882.345412696,5882.345412696,7691,10767400,0.000000
1347,13.470032,5882.355393765,5882.355393765,7697,10775800,0.000000
1348,13.480071,5882.365432628,5882.365432628,7702,10782800,0.000000
1349,13.490064,5882.375425838,5882.375425838,7708,10791200,0.000000
1350,13.500069,5882.385430594,5882.385430594,7714,10799600,0.000000
1351,13.510079,5882.395441486,5882.395441486,7720,10808000,0.000000
1352,13.520071,5882.405432925,5882.405432925,7725,10815000,0.000000
1353,13.530064,5882.415426274,5882.415426274,7731,10823400,0.000000
1354,13.540058,5882.425420137,5882.425420137,7737,10831800,0.000000
1355,13.550065,5882.435426766,5882.435426766,7742,10838800,0.000000
1356,13.560059,5882.445420616,5882.445420616,7748,10847200,0.000000
1357,13.570065,5882.455426835,5882.455426835,7754,10855600,0.000000
1358,13.580102,5882.465464193,5882.465464193,7760,10864000,0.000000
1359,13.590051,5882.475412705,5882.475412705,7765,10871000,0.000000
1360,13.600064,5882.485426437,5882.485426437,7771,10879400,0.000000
1361,13.610061,5882.495423157,5882.495423157,7777,10887800,0.000000
1362,13.620063,5882.505425333,5882.505425333,7782,10894800,0.000000
1363,13.630065,5882.515427046,5882.515427046,7788,10903200,0.000000
1364,13.640067,5882.525429366,5882.525429366,7794,10911600,0.000000
1365,13.650076,5882.535438435,5882.535438435,7800,10920000,0.000000
1366,13.660079,5882.545441190,5882.545441190,7805,10927000,0.000000
1367,13.670031,5882.555393461,5882.555393461,7811,10935400,0.000000
1368,13.680067,5882.565429069,5882.565429069,7817,10943800,0.000000
1369,13.690069,5882.575430632,5882.575430632,7822,10950800,0.000000
1370,13.700067,5882.585429452,5882.585429452,7828,10959200,0.000000
1371,13.710068,5882.595430031,5882.595430031,7834,10967600,0.000000
1372,13.720074,5882.605435540,5882.605435540,7840,10976000,0.000000
1373,13.730061,5882.615423087,5882.615423087,7845,10983000,0.000000
1374,13.740065,5882.625427296,5882.625427296,7851,10991400,0.000000
1375,13.750062,5882.635423646,5882.635423646,7857,10999800,0.000000
1376,13.760065,5882.645426850,5882.645426850,7862,11006800,0.000000
1377,13.770065,5882.655427480,5882.655427480,7868,11015200,0.000000
1378,13.780064,5882.665425713,5882.665425713,7874,11023600,0.000000
1379,13.790088,5882.675449801,5882.675449801,7880,11032000,0.000000
1380,13.800070,5882.685432487,5882.685432487,7885,11039000,0.000000
1381,13.810065,5882.695427159,5882.695427159,7891,11047400,0.000000
1382,13.820064,5882.705425881,5882.705425881,7897,11055800,0.000000
1383,13.830102,5882.715463762,5882.715463762,7902,11062800,0.000000
1384,13.840079,5882.725440554,5882.725440554,7908,11071200,0.000000
1385,13.850077,5882.735438722,5882.735438722,7914,11079600,0.000000
1386,13.860074,5882.745435807,5882.745435807,7920,11088000,0.000000
1387,13.870028,5882.755390492,5882.755390492,7925,11095000,0.000000
1388,13.880059,5882.765421390,5882.765421390,7931,11103400,0.000000
1389,13.890072,5882.775434315,5882.775434315,7937,11111800,0.000000
1390,13.900071,5882.785432640,5882.785432640,7942,11118800,0.000000
1391,13.910065,5882.795427166,5882.795427166,7948,11127200,0.000000
1392,13.920065,5882.805426899,5882.805426899,7954,11135600,0.000000
1393,13.930081,5882.815443432,5882.815443432,7960,11144000,0.000000
1394,13.940066,5882.825428194,5882.825428194,7965,11151000,0.000000
1395,13.950069,5882.835431030,5882.835431030,7971,11159400,0.000000
1396,13.960062,5882.845423555,5882.845423555,7977,11167800,0.000000
1397,13.970078,5882.855439732,5882.855439732,7982,11174800,0.000000
1398,13.980072,5882.865434109,5882.865434109,7988,11183200,0.000000
1399,13.990033,5882.875394921,5882.875394921,7994,11191600,0.000000
1400,14.000075,5882.885436583,5882.885436583,8000,11200000,0.000000
1401,14.010032,5882.895393613,5882.895393613,8005,11207000,0.000000
1402,14.020067,5882.905429488,5882.905429488,8011,11215400,0.000000
1403,14.030068,5882.915429607,5882.915429607,8017,11223800,0.000000
1404,14.040067,5882.925429229,5882.925429229,8022,11230800,0.000000
1405,14.050075,5882.935437363,5882.935437363,8028,11239200,0.000000
1406,14.060069,5882.945431154,5882.945431154,8034,11247600,0.000000
1407,14.070069,5882.955430955,5882.955430955,8040,11256000,0.000000
1408,14.080065,5882.965426787,5882.965426787,8045,11263000,0.000000
1409,14.090064,5882.975426293,5882.975426293,8051,11271400,0.000000
1410,14.100064,5882.985425850,5882.985425850,8057,11279800,0.000000
1411,14.110065,5882.995427096,5882.995427096,8062,11286800,0.000000
1412,14.120063,5883.005424764,5883.005424764,8068,11295200,0.000000
1413,14.130041,5883.015402577,5883.015402577,8074,11303600,0.000000
1414,14.140067,5883.025428562,5883.025428562,8080,11312000,0.000000
1415,14.150066,5883.035428071,5883.035428071,8085,11319000,0.000000
1416,14.160065,5883.045427428,5883.045427428,8091,11327400,0.000000
1417,14.170058,5883.055419557,5883.055419557,8097,11335800,0.000000
1418,14.180066,5883.065428059,5883.065428059,8102,11342800,0.000000
1419,14.190066,5883.075427732,5883.075427732,8108,11351200,0.000000
1420,14.200066,5883.085427906,5883.085427906,8114,11359600,0.000000
1421,14.210090,5883.095452337,5883.095452337,8120,11368000,0.000000
1422,14.220066,5883.105427550,5883.105427550,8125,11375000,0.000000
1423,14.230066,5883.115427761,5883.115427761,8131,11383400,0.000000
1424,14.240064,5883.125425818,5883.125425818,8137,11391800,0.000000
1425,14.250026,5883.135388227,5883.135388227,8142,11398800,0.000000
1426,14.260060,5883.145421758,5883.145421758,8148,11407200,0.000000
1427,14.270065,5883.155427297,5883.155427297,8154,11415600,0.000000
1428,14.280076,5883.165437964,5883.165437964,8160,11424000,0.000000
1429,14.290070,5883.175432066,5883.175432066,8165,11431000,0.000000
1430,14.300064,5883.185425994,5883.185425994,8171,11439400,0.000000
1431,14.310060,5883.195422084,5883.195422084,8177,11447800,0.000000
1432,14.320066,5883.205427727,5883.205427727,8182,11454800,0.000000
1433,14.330065,5883.215426546,5883.215426546,8188,11463200,0.000000
1434,14.340069,5883.225430591,5883.225430591,8194,11471600,0.000000
1435,14.350082,5883.235444452,5883.235444452,8200,11480000,0.000000
1436,14.360070,5883.245432435,5883.245432435,8205,11487000,0.000000
1437,14.370060,5883.255422438,5883.255422438,8211,11495400,0.000000
1438,14.380058,5883.265420347,5883.265420347,8217,11503800,0.000000
1439,14.390041,5883.275403022,5883.275403022,8222,11510800,0.000000
1440,14.400074,5883.285435761,5883.285435761,8228,11519200,0.000000
1441,14.410053,5883.295414897,5883.295414897,8234,11527600,0.000000
1442,14.420078,5883.305440167,5883.305440167,8240,11536000,0.000000
1443,14.430065,5883.315427325,5883.315427325,8245,11543000,0.000000
1444,14.440064,5883.325425827,5883.325425827,8251,11551400,0.000000
1445,14.450069,5883.335430723,5883.335430723,8257,11559800,0.000000
1446,14.460076,5883.345438097,5883.345438097,8262,11566800,0.000000
1447,14.470068,5883.355429895,5883.355429895,8268,11575200,0.000000
1448,14.480065,5883.365427162,5883.365427162,8274,11583600,0.000000
1449,14.490080,5883.375442403,5883.375442403,8280,11592000,0.000000
1450,14.500070,5883.385431772,5883.385431772,8285,11599000,0.000000
1451,14.510052,5883.395414187,5883.395414187,8291,11607400,0.000000
1452,14.520059,5883.405420961,5883.405420961,8297,11615800,0.000000
1453,14.530065,5883.415427121,5883.415427121,8302,11622800,0.000000
1454,14.540065,5883.425426795,5883.425426795,8308,11631200,0.000000
1455,14.550062,5883.435424272,5883.435424272,8314,11639600,0.000000
1456,14.560076,5883.445438122,5883.445438122,8320,11648000,0.000000
1457,14.570067,5883.455429277,5883.455429277,8325,11655000,0.000000
1458,14.580067,5883.465428596,5883.465428596,8331,11663400,0.000000
1459,14.590065,5883.475427163,5883.475427163,8337,11671800,0.000000
1460,14.600063,5883.485425344,5883.485425344,8342,11678800,0.000000
1461,14.610066,5883.495428219,5883.495428219,8348,11687200,0.000000
1462,14.620066,5883.505428442,5883.505428442,8354,11695600,0.000000
1463,14.630076,5883.515437690,5883.515437690,8360,11704000,0.000000
1464,14.640071,5883.525433392,5883.525433392,8365,11711000,0.000000
1465,14.650067,5883.535429093,5883.535429093,8371,11719400,0.000000
1466,14.660062,5883.545424031,5883.545424031,8377,11727800,0.000000
1467,14.670070,5883.555431914,5883.555431914,8382,11734800,0.000000
1468,14.680065,5883.565426514,5883.565426514,8388,11743200,0.000000
1469,14.690065,5883.575427025,5883.575427025,8394,11751600,0.000000
1470,14.700081,5883.585443337,5883.585443337,8400,11760000,0.000000
1471,14.710067,5883.595429367,5883.595429367,8405,11767000,0.000000
1472,14.720066,5883.605427799,5883.605427799,8411,11775400,0.000000
1473,14.730062,5883.615423809,5883.615423809,8417,11783800,0.000000
1474,14.740067,5883.625428647,5883.625428647,8422,11790800,0.000000
1475,14.750067,5883.635428646,5883.635428646,8428,11799200,0.000000
1476,14.760066,5883.645427807,5883.645427807,8434,11807600,0.000000
1477,14.770077,5883.655439492,5883.655439492,8440,11816000,0.000000
1478,14.780066,5883.665428460,5883.665428460,8445,11823000,0.000000
1479,14.790066,5883.675427698,5883.675427698,8451,11831400,0.000000
1480,14.800023,5883.685385496,5883.685385496,8457,11839800,0.000000
1481,14.810060,5883.695421677,5883.695421677,8462,11846800,0.000000
1482,14.820059,5883.705420922,5883.705420922,8468,11855200,0.000000
1483,14.830071,5883.715432688,5883.715432688,8474,11863600,0.000000
1484,14.840075,5883.725436996,5883.725436996,8480,11872000,0.000000
1485,14.850068,5883.735429764,5883.735429764,8485,11879000,0.000000
1486,14.860066,5883.745427926,5883.745427926,8491,11887400,0.000000
1487,14.870062,5883.755423546,5883.755423546,8497,11895800,0.000000
1488,14.880071,5883.765433055,5883.765433055,8502,11902800,0.000000
1489,14.890066,5883.775427774,5883.775427774,8508,11911200,0.000000
1490,14.900067,5883.785428996,5883.785428996,8514,11919600,0.000000
1491,14.910071,5883.795432913,5883.795432913,8520,11928000,0.000000
1492,14.920066,5883.805428147,5883.805428147,8525,11935000,0.000000
1493,14.930070,5883.815432451,5883.815432451,8531,11943400,0.000000
1494,14.940059,5883.825421119,5883.825421119,8537,11951800,0.000000
1495,14.950064,5883.835426072,5883.835426072,8542,11958800,0.000000
1496,14.960066,5883.845428292,5883.845428292,8548,11967200,0.000000
1497,14.970068,5883.855429996,5883.855429996,8554,11975600,0.000000
1498,14.980074,5883.865436161,5883.865436161,8560,11984000,0.000000
1499,14.990066,5883.875428134,5883.875428134,8565,11991000,0.000000
1500,15.000067,5883.885428616,5883.885428616,8571,11999400,0.000000
1501,15.010062,5883.895423538,5883.895423538,8577,12007800,0.000000
1502,15.020065,5883.905427136,5883.905427136,8582,12014800,0.000000
1503,15.030070,5883.915432157,5883.915432157,8588,12023200,0.000000
1504,15.040069,5883.925430770,5883.925430770,8594,12031600,0.000000
1505,15.050076,5883.935437556,5883.935437556,8600,12040000,0.000000
1506,15.060066,5883.945427797,5883.945427797,8605,12047000,0.000000
1507,15.070069,5883.955430810,5883.955430810,8611,12055400,0.000000
1508,15.080040,5883.965402232,5883.965402232,8617,12063800,0.000000
1509,15.090065,5883.975427106,5883.975427106,8622,12070800,0.000000
1510,15.100063,5883.985424905,5883.985424905,8628,12079200,0.000000
1511,15.110032,5883.995393948,5883.995393948,8634,12087600,0.000000
1512,15.120031,5884.005393142,5884.005393142,8640,12096000,0.000000
1513,15.130042,5884.015403687,5884.015403687,8645,12103000,0.000000
1514,15.140065,5884.025427174,5884.025427174,8651,12111400,0.000000
1515,15.150080,5884.035441869,5884.035441869,8657,12119800,0.000000
1516,15.160069,5884.045431033,5884.045431033,8662,12126800,0.000000
1517,15.170069,5884.055431170,5884.055431170,8668,12135200,0.000000
1518,15.180065,5884.065427014,5884.065427014,8674,12143600,0.000000
1519,15.190076,5884.075437585,5884.075437585,8680,12152000,0.000000
1520,15.200072,5884.085433958,5884.085433958,8685,12159000,0.000000
1521,15.210077,5884.095439178,5884.095439178,8691,12167400,0.000000
1522,15.220063,5884.105424636,5884.105424636,8697,12175800,0.000000
1523,15.230065,5884.115426794,5884.115426794,8702,12182800,0.000000
1524,15.240066,5884.125427964,5884.125427964,8708,12191200,0.000000
1525,15.250092,5884.135453824,5884.135453824,8714,12199600,0.000000
1526,15.260078,5884.145440140,5884.145440140,8720,12208000,0.000000
1527,15.270073,5884.155434507,5884.155434507,8725,12215000,0.000000
1528,15.280066,5884.165428490,5884.165428490,8731,12223400,0.000000
1529,15.290063,5884.175425333,5884.175425333,8737,12231800,0.000000
1530,15.300065,5884.185427113,5884.185427113,8742,12238800,0.000000
1531,15.310071,5884.195433034,5884.195433034,8748,12247200,0.000000
1532,15.320066,5884.205427574,5884.205427574,8754,12255600,0.000000
1533,15.330070,5884.215432220,5884.215432220,8760,12264000,0.000000
1534,15.340068,5884.225430191,5884.225430191,8765,12271000,0.000000
1535,15.350068,5884.235430177,5884.235430177,8771,12279400,0.000000
1536,15.360063,5884.245425165,5884.245425165,8777,12287800,0.000000
1537,15.370066,5884.255428489,5884.255428489,8782,12294800,0.000000
1538,15.380066,5884.265428309,5884.265428309,8788,12303200,0.000000
1539,15.390062,5884.275423759,5884.275423759,8794,12311600,0.000000
1540,15.400101,5884.285462529,5884.285462529,8800,12320000,0.000000
1541,15.410069,5884.295431216,5884.295431216,8805,12327000,0.000000
1542,15.420077,5884.305439385,5884.305439385,8811,12335400,0.000000
1543,15.430062,5884.315423919,5884.315423919,8817,12343800,0.000000
1544,15.440067,5884.325428732,5884.325428732,8822,12350800,0.000000
1545,15.450075,5884.335437179,5884.335437179,8828,12359200,0.000000
1546,15.460071,5884.345433305,5884.345433305,8834,12367600,0.000000
1547,15.470079,5884.355440681,5884.355440681,8840,12376000,0.000000
1548,15.480068,5884.365429613,5884.365429613,8845,12383000,0.000000
1549,15.490064,5884.375425670,5884.375425670,8851,12391400,0.000000
1550,15.500064,5884.385425691,5884.385425691,8857,12399800,0.000000
1551,15.510067,5884.395429453,5884.395429453,8862,12406800,0.000000
1552,15.520067,5884.405428991,5884.405428991,8868,12415200,0.000000
1553,15.530064,5884.415426292,5884.415426292,8874,12423600,0.000000
1554,15.540080,5884.425442312,5884.425442312,8880,12432000,0.000000
1555,15.550067,5884.435429415,5884.435429415,8885,12439000,0.000000
1556,15.560063,5884.445425181,5884.445425181,8891,12447400,0.000000
1557,15.570062,5884.455423656,5884.455423656,8897,12455800,0.000000
1558,15.580064,5884.465426216,5884.465426216,8902,12462800,0.000000
1559,15.590069,5884.475431413,5884.475431413,8908,12471200,0.000000
1560,15.600060,5884.485421708,5884.485421708,8914,12479600,0.000000
1561,15.610075,5884.495437295,5884.495437295,8920,12488000,0.000000
1562,15.620068,5884.505429517,5884.505429517,8925,12495000,0.000000
1563,15.630063,5884.515425291,5884.515425291,8931,12503400,0.000000
1564,15.640058,5884.525419770,5884.525419770,8937,12511800,0.000000
1565,15.650075,5884.535437166,5884.535437166,8942,12518800,0.000000
1566,15.660066,5884.545427683,5884.545427683,8948,12527200,0.000000
1567,15.670067,5884.555428560,5884.555428560,8954,12535600,0.000000
1568,15.680083,5884.565444608,5884.565444608,8960,12544000,0.000000
1569,15.690065,5884.575427034,5884.575427034,8965,12551000,0.000000
1570,15.700064,5884.585425847,5884.585425847,8971,12559400,0.000000
1571,15.710069,5884.595430932,5884.595430932,8977,12567800,0.000000
1572,15.720067,5884.605429299,5884.605429299,8982,12574800,0.000000
1573,15.730072,5884.615434129,5884.615434129,8988,12583200,0.000000
1574,15.740078,5884.625440247,5884.625440247,8994,12591600,0.000000
1575,15.750077,5884.635439257,5884.635439257,9000,12600000,0.000000
1576,15.760064,5884.645426420,5884.645426420,9005,12607000,0.000000
1577,15.770063,5884.655425280,5884.655425280,9011,12615400,0.000000
1578,15.780063,5884.665424774,5884.665424774,9017,12623800,0.000000
1579,15.790065,5884.675426664,5884.675426664,9022,12630800,0.000000
1580,15.800070,5884.685431716,5884.685431716,9028,12639200,0.000000
1581,15.810065,5884.695427155,5884.695427155,9034,12647600,0.000000
1582,15.820070,5884.705431898,5884.705431898,9040,12656000,0.000000
1583,15.830068,5884.715430397,5884.715430397,9045,12663000,0.000000
1584,15.840063,5884.725425094,5884.725425094,9051,12671400,0.000000
1585,15.850065,5884.735426600,5884.735426600,9057,12679800,0.000000
1586,15.860081,5884.745442588,5884.745442588,9062,12686800,0.000000
1587,15.870067,5884.755429350,5884.755429350,9068,12695200,0.000000
1588,15.880082,5884.765443716,5884.765443716,9074,12703600,0.000000
1589,15.890092,5884.775453670,5884.775453670,9080,12712000,0.000000
1590,15.900065,5884.785427208,5884.785427208,9085,12719000,0.000000
1591,15.910065,5884.795427301,5884.795427301,9091,12727400,0.000000
1592,15.920069,5884.805430754,5884.805430754,9097,12735800,0.000000
1593,15.930065,5884.815426870,5884.815426870,9102,12742800,0.000000
1594,15.940073,5884.825435268,5884.825435268,9108,12751200,0.000000
1595,15.950067,5884.835429133,5884.835429133,9114,12759600,0.000000
1596,15.960076,5884.845437621,5884.845437621,9120,12768000,0.000000
1597,15.970069,5884.855431254,5884.855431254,9125,12775000,0.000000
1598,15.980066,5884.865427760,5884.865427760,9131,12783400,0.000000
1599,15.990058,5884.875419775,5884.875419775,9137,12791800,0.000000
1600,16.000070,5884.885431949,5884.885431949,9142,12798800,0.000000
1601,16.010079,5884.895440551,5884.895440551,9148,12807200,0.000000
1602,16.020072,5884.905434263,5884.905434263,9154,12815600,0.000000
1603,16.030085,5884.915446828,5884.915446828,9160,12824000,0.000000
1604,16.040079,5884.925440899,5884.925440899,9165,12831000,0.000000
1605,16.050089,5884.935451207,5884.935451207,9171,12839400,0.000000
1606,16.060066,5884.945427857,5884.945427857,9177,12847800,0.000000
1607,16.070072,5884.955433700,5884.955433700,9182,12854800,0.000000
1608,16.080065,5884.965426685,5884.965426685,9188,12863200,0.000000
1609,16.090067,5884.975429040,5884.975429040,9194,12871600,0.000000
1610,16.100078,5884.985440057,5884.985440057,9200,12880000,0.000000
1611,16.110071,5884.995433229,5884.995433229,9205,12887000,0.000000
1612,16.120067,5885.005429192,5885.005429192,9211,12895400,0.000000
1613,16.130066,5885.015427880,5885.015427880,9217,12903800,0.000000
1614,16.140064,5885.025425884,5885.025425884,9222,12910800,0.000000
1615,16.150067,5885.035429219,5885.035429219,9228,12919200,0.000000
1616,16.160065,5885.045427411,5885.045427411,9234,12927600,0.000000
1617,16.170200,5885.055561619,5885.055561619,9240,12936000,0.000000
1618,16.180066,5885.065427983,5885.065427983,9245,12943000,0.000000
1619,16.190069,5885.075430983,5885.075430983,9251,12951400,0.000000
1620,16.200063,5885.085425029,5885.085425029,9257,12959800,0.000000
1621,16.210065,5885.095427078,5885.095427078,9262,12966800,0.000000
1622,16.220068,5885.105430295,5885.105430295,9268,12975200,0.000000
1623,16.230076,5885.115438178,5885.115438178,9274,12983600,0.000000
1624,16.240087,5885.125449476,5885.125449476,9280,12992000,0.000000
1625,16.250075,5885.135437159,5885.135437159,9285,12999000,0.000000
1626,16.260069,5885.145430769,5885.145430769,9291,13007400,0.000000
1627,16.270063,5885.155425426,5885.155425426,9297,13015800,0.000000
1628,16.280077,5885.165438789,5885.165438789,9302,13022800,0.000000
1629,16.290079,5885.175441261,5885.175441261,9308,13031200,0.000000
1630,16.300069,5885.185431115,5885.185431115,9314,13039600,0.000000
1631,16.310076,5885.195437996,5885.195437996,9320,13048000,0.000000
1632,16.320073,5885.205434752,5885.205434752,9325,13055000,0.000000
1633,16.330079,5885.215440551,5885.215440551,9331,13063400,0.000000
1634,16.340062,5885.225424476,5885.225424476,9337,13071800,0.000000
1635,16.350065,5885.235427194,5885.235427194,9342,13078800,0.000000
1636,16.360067,5885.245429153,5885.245429153,9348,13087200,0.000000
1637,16.370071,5885.255432757,5885.255432757,9354,13095600,0.000000
1638,16.380102,5885.265463648,5885.265463648,9360,13104000,0.000000
1639,16.390066,5885.275428176,5885.275428176,9365,13111000,0.000000
1640,16.400066,5885.285428399,5885.285428399,9371,13119400,0.000000
1641,16.410062,5885.295423522,5885.295423522,9377,13127800,0.000000
1642,16.420066,5885.305428283,5885.305428283,9382,13134800,0.000000
1643,16.430069,5885.315431061,5885.315431061,9388,13143200,0.000000
1644,16.440071,5885.325433070,5885.325433070,9394,13151600,0.000000
1645,16.450076,5885.335438107,5885.335438107,9400,13160000,0.000000
1646,16.460065,5885.345427441,5885.345427441,9405,13167000,0.000000
1647,16.470077,5885.355439019,5885.355439019,9411,13175400,0.000000
1648,16.480064,5885.365425645,5885.365425645,9417,13183800,0.000000
1649,16.490082,5885.375444186,5885.375444186,9422,13190800,0.000000
1650,16.500069,5885.385431014,5885.385431014,9428,13199200,0.000000
1651,16.510061,5885.395422514,5885.395422514,9434,13207600,0.000000
1652,16.520074,5885.405436228,5885.405436228,9440,13216000,0.000000
1653,16.530073,5885.415435074,5885.415435074,9445,13223000,0.000000
1654,16.540067,5885.425429298,5885.425429298,9451,13231400,0.000000
1655,16.550058,5885.435420374,5885.435420374,9457,13239800,0.000000
1656,16.560062,5885.445423526,5885.445423526,9462,13246800,0.000000
1657,16.570076,5885.455437911,5885.455437911,9468,13255200,0.000000
1658,16.580035,5885.465396502,5885.465396502,9474,13263600,0.000000
1659,16.590092,5885.475453685,5885.475453685,9480,13272000,0.000000
1660,16.600072,5885.485433632,5885.485433632,9485,13279000,0.000000
1661,16.610073,5885.495434635,5885.495434635,9491,13287400,0.000000
1662,16.620064,5885.505426108,5885.505426108,9497,13295800,0.000000
1663,16.630039,5885.515400887,5885.515400887,9502,13302800,0.000000
1664,16.640066,5885.525427701,5885.525427701,9508,13311200,0.000000
1665,16.650073,5885.535435268,5885.535435268,9514,13319600,0.000000
1666,16.660073,5885.545434645,5885.545434645,9520,13328000,0.000000
1667,16.670066,5885.555427824,5885.555427824,9525,13335000,0.000000
1668,16.680066,5885.565427617,5885.565427617,9531,13343400,0.000000
1669,16.690061,5885.575422908,5885.575422908,9537,13351800,0.000000
1670,16.700066,5885.585427804,5885.585427804,9542,13358800,0.000000
1671,16.710066,5885.595427839,5885.595427839,9548,13367200,0.000000
1672,16.720064,5885.605425788,5885.605425788,9554,13375600,0.000000
1673,16.730076,5885.615437564,5885.615437564,9560,13384000,0.000000
1674,16.740068,5885.625429598,5885.625429598,9565,13391000,0.000000
1675,16.750066,5885.635427935,5885.635427935,9571,13399400,0.000000
1676,16.760060,5885.645421961,5885.645421961,9577,13407800,0.000000
1677,16.770064,5885.655425569,5885.655425569,9582,13414800,0.000000
1678,16.780067,5885.665428840,5885.665428840,9588,13423200,0.000000
1679,16.790064,5885.675425650,5885.675425650,9594,13431600,0.000000
1680,16.800077,5885.685439264,5885.685439264,9600,13440000,0.000000
1681,16.810067,5885.695429464,5885.695429464,9605,13447000,0.000000
1682,16.820064,5885.705425904,5885.705425904,9611,13455400,0.000000
1683,16.830062,5885.715424229,5885.715424229,9617,13463800,0.000000
1684,16.840066,5885.725427948,5885.725427948,9622,13470800,0.000000
1685,16.850065,5885.735426850,5885.735426850,9628,13479200,0.000000
1686,16.860066,5885.745427767,5885.745427767,9634,13487600,0.000000
1687,16.870081,5885.755443112,5885.755443112,9640,13496000,0.000000
1688,16.880065,5885.765427133,5885.765427133,9645,13503000,0.000000
1689,16.890065,5885.775427367,5885.775427367,9651,13511400,0.000000
1690,16.900092,5885.785453805,5885.785453805,9657,13519800,0.000000
1691,16.910065,5885.795426650,5885.795426650,9662,13526800,0.000000
1692,16.920071,5885.805432899,5885.805432899,9668,13535200,0.000000
1693,16.930064,5885.815425670,5885.815425670,9674,13543600,0.000000
1694,16.940082,5885.825444364,5885.825444364,9680,13552000,0.000000
1695,16.950065,5885.835427119,5885.835427119,9685,13559000,0.000000
1696,16.960063,5885.845424915,5885.845424915,9691,13567400,0.000000
1697,16.970062,5885.855423535,5885.855423535,9697,13575800,0.000000
1698,16.980068,5885.865429518,5885.865429518,9702,13582800,0.000000
1699,16.990067,5885.875428610,5885.875428610,9708,13591200,0.000000
1700,17.000068,5885.885430086,5885.885430086,9714,13599600,0.000000
1701,17.010081,5885.895443007,5885.895443007,9720,13608000,0.000000
1702,17.020066,5885.905428128,5885.905428128,9725,13615000,0.000000
1703,17.030063,5885.915425237,5885.915425237,9731,13623400,0.000000
1704,17.040029,5885.925391325,5885.925391325,9737,13631800,0.000000
1705,17.050067,5885.935428722,5885.935428722,9742,13638800,0.000000
1706,17.060063,5885.945425171,5885.945425171,9748,13647200,0.000000
1707,17.070064,5885.955426370,5885.955426370,9754,13655600,0.000000
1708,17.080083,5885.965444863,5885.965444863,9760,13664000,0.000000
1709,17.090074,5885.975435887,5885.975435887,9765,13671000,0.000000
1710,17.100065,5885.985426938,5885.985426938,9771,13679400,0.000000
1711,17.110268,5885.995629880,5885.995629880,9777,13687800,0.000000
1712,17.120066,5886.005428119,5886.005428119,9782,13694800,0.000000
1713,17.130068,5886.015430143,5886.015430143,9788,13703200,0.000000
1714,17.140068,5886.025429660,5886.025429660,9794,13711600,0.000000
1715,17.150075,5886.035436632,5886.035436632,9800,13720000,0.000000
1716,17.160060,5886.045422348,5886.045422348,9805,13727000,0.000000
1717,17.170059,5886.055420686,5886.055420686,9811,13735400,0.000000
1718,17.180061,5886.065423201,5886.065423201,9817,13743800,0.000000
1719,17.190074,5886.075436132,5886.075436132,9822,13750800,0.000000
1720,17.200062,5886.085423666,5886.085423666,9828,13759200,0.000000
1721,17.210064,5886.095425967,5886.095425967,9834,13767600,0.000000
1722,17.220073,5886.105434655,5886.105434655,9840,13776000,0.000000
1723,17.230066,5886.115428158,5886.115428158,9845,13783000,0.000000
1724,17.240066,5886.125428136,5886.125428136,9851,13791400,0.000000
1725,17.250066,5886.135427627,5886.135427627,9857,13799800,0.000000
1726,17.260066,5886.145427559,5886.145427559,9862,13806800,0.000000
1727,17.270066,5886.155427821,5886.155427821,9868,13815200,0.000000
1728,17.280068,5886.165430450,5886.165430450,9874,13823600,0.000000
1729,17.290077,5886.175438993,5886.175438993,9880,13832000,0.000000
1730,17.300067,5886.185428857,5886.185428857,9885,13839000,0.000000
1731,17.310065,5886.195427117,5886.195427117,9891,13847400,0.000000
1732,17.320022,5886.205384367,5886.205384367,9897,13855800,0.000000
1733,17.330069,5886.215430605,5886.215430605,9902,13862800,0.000000
1734,17.340064,5886.225426365,5886.225426365,9908,13871200,0.000000
1735,17.350069,5886.235430848,5886.235430848,9914,13879600,0.000000
1736,17.360074,5886.245435578,5886.245435578,9920,13888000,0.000000
1737,17.370065,5886.255426862,5886.255426862,9925,13895000,0.000000
1738,17.380067,5886.265429255,5886.265429255,9931,13903400,0.000000
1739,17.390044,5886.275406147,5886.275406147,9937,13911800,0.000000
1740,17.400019,5886.285381057,5886.285381057,9942,13918800,0.000000
1741,17.410069,5886.295431005,5886.295431005,9948,13927200,0.000000
1742,17.420067,5886.305429222,5886.305429222,9954,13935600,0.000000
1743,17.430077,5886.315439096,5886.315439096,9960,13944000,0.000000
1744,17.440065,5886.325427015,5886.325427015,9965,13951000,0.000000
1745,17.450070,5886.335432092,5886.335432092,9971,13959400,0.000000
1746,17.460058,5886.345420282,5886.345420282,9977,13967800,0.000000
1747,17.470067,5886.355428944,5886.355428944,9982,13974800,0.000000
1748,17.480067,5886.365429271,5886.365429271,9988,13983200,0.000000
1749,17.490070,5886.375432360,5886.375432360,9994,13991600,0.000000
1750,17.500092,5886.385453504,5886.385453504,10000,14000000,0.000000
1751,17.510065,5886.395426883,5886.395426883,10005,14007000,0.000000
1752,17.520067,5886.405428926,5886.405428926,10011,14015400,0.000000
1753,17.530062,5886.415424337,5886.415424337,10017,14023800,0.000000
1754,17.540065,5886.425427243,5886.425427243,10022,14030800,0.000000
1755,17.550068,5886.435430076,5886.435430076,10028,14039200,0.000000
1756,17.560069,5886.445430705,5886.445430705,10034,14047600,0.000000
1757,17.570079,5886.455440561,5886.455440561,10040,14056000,0.000000
1758,17.580066,5886.465428372,5886.465428372,10045,14063000,0.000000
1759,17.590067,5886.475428880,5886.475428880,10051,14071400,0.000000
1760,17.600062,5886.485424438,5886.485424438,10057,14079800,0.000000
1761,17.610068,5886.495430041,5886.495430041,10062,14086800,0.000000
1762,17.620088,5886.505450343,5886.505450343,10068,14095200,0.000000
1763,17.630060,5886.515421506,5886.515421506,10074,14103600,0.000000
1764,17.640088,5886.525449724,5886.525449724,10080,14112000,0.000000
1765,17.650069,5886.535430751,5886.535430751,10085,14119000,0.000000
1766,17.660065,5886.545426605,5886.545426605,10091,14127400,0.000000
1767,17.670063,5886.555425304,5886.555425304,10097,14135800,0.000000
1768,17.680066,5886.565428006,5886.565428006,10102,14142800,0.000000
1769,17.690081,5886.575442951,5886.575442951,10108,14151200,0.000000
1770,17.700099,5886.585460930,5886.585460930,10114,14159600,0.000000
1771,17.710088,5886.595450363,5886.595450363,10120,14168000,0.000000
1772,17.720069,5886.605431325,5886.605431325,10125,14175000,0.000000
1773,17.730103,5886.615465196,5886.615465196,10131,14183400,0.000000
1774,17.740065,5886.625427117,5886.625427117,10137,14191800,0.000000
1775,17.750071,5886.635432965,5886.635432965,10142,14198800,0.000000
1776,17.760069,5886.645431094,5886.645431094,10148,14207200,0.000000
1777,17.770068,5886.655430179,5886.655430179,10154,14215600,0.000000
1778,17.780081,5886.665442993,5886.665442993,10160,14224000,0.000000
1779,17.790066,5886.675427871,5886.675427871,10165,14231000,0.000000
1780,17.800063,5886.685424749,5886.685424749,10171,14239400,0.000000
1781,17.810072,5886.695434176,5886.695434176,10177,14247800,0.000000
1782,17.820060,5886.705421991,5886.705421991,10182,14254800,0.000000
1783,17.830063,5886.715424793,5886.715424793,10188,14263200,0.000000
1784,17.840029,5886.725391325,5886.725391325,10194,14271600,0.000000
1785,17.850051,5886.735412648,5886.735412648,10200,14280000,0.000000
1786,17.860066,5886.745427755,5886.745427755,10205,14287000,0.000000
1787,17.870064,5886.755426259,5886.755426259,10211,14295400,0.000000
1788,17.880063,5886.765424741,5886.765424741,10217,14303800,0.000000
1789,17.890065,5886.775427221,5886.775427221,10222,14310800,0.000000
1790,17.900064,5886.785425591,5886.785425591,10228,14319200,0.000000
1791,17.910065,5886.795426803,5886.795426803,10234,14327600,0.000000
1792,17.920099,5886.805460640,5886.805460640,10240,14336000,0.000000
1793,17.930067,5886.815429075,5886.815429075,10245,14343000,0.000000
1794,17.940080,5886.825442331,5886.825442331,10251,14351400,0.000000
1795,17.950064,5886.835426175,5886.835426175,10257,14359800,0.000000
1796,17.960084,5886.845445960,5886.845445960,10262,14366800,0.000000
1797,17.970067,5886.855428551,5886.855428551,10268,14375200,0.000000
1798,17.980064,5886.865426073,5886.865426073,10274,14383600,0.000000
1799,17.990080,5886.875441956,5886.875441956,10280,14392000,0.000000
1800,18.000066,5886.885428218,5886.885428218,10285,14399000,0.000000
1801,18.010071,5886.895432502,5886.895432502,10291,14407400,0.000000
1802,18.020058,5886.905420072,5886.905420072,10297,14415800,0.000000
1803,18.030069,5886.915430796,5886.915430796,10302,14422800,0.000000
1804,18.040066,5886.925428485,5886.925428485,10308,14431200,0.000000
1805,18.050064,5886.935425544,5886.935425544,10314,14439600,0.000000
1806,18.060082,5886.945443835,5886.945443835,10320,14448000,0.000000
1807,18.070072,5886.955434401,5886.955434401,10325,14455000,0.000000
1808,18.080062,5886.965424448,5886.965424448,10331,14463400,0.000000
1809,18.090062,5886.975423914,5886.975423914,10337,14471800,0.000000
1810,18.100073,5886.985435395,5886.985435395,10342,14478800,0.000000
1811,18.110058,5886.995420469,5886.995420469,10348,14487200,0.000000
1812,18.120070,5887.005432344,5887.005432344,10354,14495600,0.000000
1813,18.130069,5887.015430877,5887.015430877,10360,14504000,0.000000
1814,18.140066,5887.025428490,5887.025428490,10365,14511000,0.000000
1815,18.150068,5887.035430174,5887.035430174,10371,14519400,0.000000
1816,18.160033,5887.045395227,5887.045395227,10377,14527800,0.000000
1817,18.170067,5887.055429350,5887.055429350,10382,14534800,0.000000
1818,18.180065,5887.065426858,5887.065426858,10388,14543200,0.000000
1819,18.190067,5887.075428781,5887.075428781,10394,14551600,0.000000
1820,18.200077,5887.085438711,5887.085438711,10400,14560000,0.000000
1821,18.210074,5887.095436487,5887.095436487,10405,14567000,0.000000
1822,18.220079,5887.105440830,5887.105440830,10411,14575400,0.000000
1823,18.230065,5887.115426504,5887.115426504,10417,14583800,0.000000
1824,18.240069,5887.125430562,5887.125430562,10422,14590800,0.000000
1825,18.250070,5887.135432394,5887.135432394,10428,14599200,0.000000
1826,18.260067,5887.145429176,5887.145429176,10434,14607600,0.000000
1827,18.270071,5887.155432841,5887.155432841,10440,14616000,0.000000
1828,18.280056,5887.165418134,5887.165418134,10445,14623000,0.000000
1829,18.290059,5887.175420883,5887.175420883,10451,14631400,0.000000
1830,18.300057,5887.185419337,5887.185419337,10457,14639800,0.000000
1831,18.310066,5887.195428089,5887.195428089,10462,14646800,0.000000
1832,18.320065,5887.205427131,5887.205427131,10468,14655200,0.000000
1833,18.330070,5887.215431660,5887.215431660,10474,14663600,0.000000
1834,18.340071,5887.225432633,5887.225432633,10480,14672000,0.000000
1835,18.350065,5887.235427453,5887.235427453,10485,14679000,0.000000
1836,18.360064,5887.245425801,5887.245425801,10491,14687400,0.000000
1837,18.370063,5887.255424698,5887.255424698,10497,14695800,0.000000
1838,18.380060,5887.265422062,5887.265422062,10502,14702800,0.000000
1839,18.390068,5887.275429890,5887.275429890,10508,14711200,0.000000
1840,18.400060,5887.285422448,5887.285422448,10514,14719600,0.000000
1841,18.410080,5887.295441642,5887.295441642,10520,14728000,0.000000
1842,18.420067,5887.305429219,5887.305429219,10525,14735000,0.000000
1843,18.430066,5887.315428057,5887.315428057,10531,14743400,0.000000
1844,18.440059,5887.325420783,5887.325420783,10537,14751800,0.000000
1845,18.450070,5887.335431674,5887.335431674,10542,14758800,0.000000
1846,18.460081,5887.345442549,5887.345442549,10548,14767200,0.000000
1847,18.470064,5887.355426461,5887.355426461,10554,14775600,0.000000
1848,18.480092,5887.365453535,5887.365453535,10560,14784000,0.000000
1849,18.490079,5887.375441258,5887.375441258,10565,14791000,0.000000
1850,18.500065,5887.385427238,5887.385427238,10571,14799400,0.000000
1851,18.510076,5887.395437954,5887.395437954,10577,14807800,0.000000
1852,18.520067,5887.405428566,5887.405428566,10582,14814800,0.000000
1853,18.530068,5887.415429535,5887.415429535,10588,14823200,0.000000
1854,18.540064,5887.425426366,5887.425426366,10594,14831600,0.000000
1855,18.550098,5887.435459499,5887.435459499,10600,14840000,0.000000
1856,18.560063,5887.445424833,5887.445424833,10605,14847000,0.000000
1857,18.570067,5887.455429444,5887.455429444,10611,14855400,0.000000
1858,18.580057,5887.465419204,5887.465419204,10617,14863800,0.000000
1859,18.590061,5887.475422803,5887.475422803,10622,14870800,0.000000
1860,18.600062,5887.485424176,5887.485424176,10628,14879200,0.000000
1861,18.610082,5887.495444227,5887.495444227,10634,14887600,0.000000
1862,18.620081,5887.505442722,5887.505442722,10640,14896000,0.000000
1863,18.630053,5887.515415108,5887.515415108,10645,14903000,0.000000
1864,18.640063,5887.525425467,5887.525425467,10651,14911400,0.000000
1865,18.650065,5887.535427486,5887.535427486,10657,14919800,0.000000
1866,18.660077,5887.545438592,5887.545438592,10662,14926800,0.000000
1867,18.670078,5887.555439740,5887.555439740,10668,14935200,0.000000
1868,18.680063,5887.565425142,5887.565425142,10674,14943600,0.000000
1869,18.690082,5887.575444185,5887.575444185,10680,14952000,0.000000
1870,18.700069,5887.585430510,5887.585430510,10685,14959000,0.000000
1871,18.710067,5887.595428686,5887.595428686,10691,14967400,0.000000
1872,18.720068,5887.605429884,5887.605429884,10697,14975800,0.000000
1873,18.730018,5887.615380069,5887.615380069,10702,14982800,0.000000
1874,18.740060,5887.625421745,5887.625421745,10708,14991200,0.000000
1875,18.750065,5887.635427214,5887.635427214,10714,14999600,0.000000
1876,18.760082,5887.645444071,5887.645444071,10720,15008000,0.000000
1877,18.770069,5887.655430921,5887.655430921,10725,15015000,0.000000
1878,18.780070,5887.665432053,5887.665432053,10731,15023400,0.000000
1879,18.790066,5887.675428464,5887.675428464,10737,15031800,0.000000
1880,18.800032,5887.685393563,5887.685393563,10742,15038800,0.000000
1881,18.810068,5887.695429992,5887.695429992,10748,15047200,0.000000
1882,18.820057,5887.705419147,5887.705419147,10754,15055600,0.000000
1883,18.830070,5887.715432297,5887.715432297,10760,15064000,0.000000
1884,18.840063,5887.725425328,5887.725425328,10765,15071000,0.000000
1885,18.850078,5887.735439710,5887.735439710,10771,15079400,0.000000
1886,18.860062,5887.745423529,5887.745423529,10777,15087800,0.000000
1887,18.870065,5887.755426810,5887.755426810,10782,15094800,0.000000
1888,18.880072,5887.765433715,5887.765433715,10788,15103200,0.000000
1889,18.890061,5887.775422798,5887.775422798,10794,15111600,0.000000
1890,18.900077,5887.785439299,5887.785439299,10800,15120000,0.000000
1891,18.910063,5887.795425185,5887.795425185,10805,15127000,0.000000
1892,18.920071,5887.805432644,5887.805432644,10811,15135400,0.000000
1893,18.930056,5887.815417516,5887.815417516,10817,15143800,0.000000
1894,18.940068,5887.825430390,5887.825430390,10822,15150800,0.000000
1895,18.950064,5887.835425906,5887.835425906,10828,15159200,0.000000
1896,18.960061,5887.845423378,5887.845423378,10834,15167600,0.000000
1897,18.970055,5887.855417310,5887.855417310,10840,15176000,0.000000
1898,18.980073,5887.865434849,5887.865434849,10845,15183000,0.000000
1899,18.990063,5887.875425334,5887.875425334,10851,15191400,0.000000
1900,19.000050,5887.885411685,5887.885411685,10857,15199800,0.000000
1901,19.010070,5887.895432130,5887.895432130,10862,15206800,0.000000
1902,19.020071,5887.905432623,5887.905432623,10868,15215200,0.000000
1903,19.030064,5887.915425760,5887.915425760,10874,15223600,0.000000
1904,19.040081,5887.925443323,5887.925443323,10880,15232000,0.000000
1905,19.050069,5887.935430898,5887.935430898,10885,15239000,0.000000
1906,19.060068,5887.945430460,5887.945430460,10891,15247400,0.000000
1907,19.070068,5887.955430402,5887.955430402,10897,15255800,0.000000
1908,19.080064,5887.965426421,5887.965426421,10902,15262800,0.000000
1909,19.090063,5887.975425122,5887.975425122,10908,15271200,0.000000
1910,19.100074,5887.985436475,5887.985436475,10914,15279600,0.000000
1911,19.110079,5887.995441271,5887.995441271,10920,15288000,0.000000
1912,19.120072,5888.005433709,5888.005433709,10925,15295000,0.000000
1913,19.130066,5888.015427823,5888.015427823,10931,15303400,0.000000
1914,19.140090,5888.025452163,5888.025452163,10937,15311800,0.000000
1915,19.150065,5888.035427111,5888.035427111,10942,15318800,0.000000
1916,19.160068,5888.045430036,5888.045430036,10948,15327200,0.000000
1917,19.170063,5888.055425382,5888.055425382,10954,15335600,0.000000
1918,19.180073,5888.065434644,5888.065434644,10960,15344000,0.000000
1919,19.190069,5888.075430718,5888.075430718,10965,15351000,0.000000
1920,19.200065,5888.085427335,5888.085427335,10971,15359400,0.000000
1921,19.210059,5888.095421304,5888.095421304,10977,15367800,0.000000
1922,19.220067,5888.105429066,5888.105429066,10982,15374800,0.000000
1923,19.230085,5888.115446667,5888.115446667,10988,15383200,0.000000
1924,19.240064,5888.125425555,5888.125425555,10994,15391600,0.000000
1925,19.250078,5888.135439528,5888.135439528,11000,15400000,0.000000
1926,19.260065,5888.145427492,5888.145427492,11005,15407000,0.000000
1927,19.270068,5888.155430458,5888.155430458,11011,15415400,0.000000
1928,19.280062,5888.165423951,5888.165423951,11017,15423800,0.000000
1929,19.290075,5888.175437392,5888.175437392,11022,15430800,0.000000
1930,19.300069,5888.185431212,5888.185431212,11028,15439200,0.000000
1931,19.310067,5888.195428923,5888.195428923,11034,15447600,0.000000
1932,19.320081,5888.205442621,5888.205442621,11040,15456000,0.000000
1933,19.330067,5888.215428627,5888.215428627,11045,15463000,0.000000
1934,19.340066,5888.225427901,5888.225427901,11051,15471400,0.000000
1935,19.350057,5888.235419340,5888.235419340,11057,15479800,0.000000
1936,19.360067,5888.245429420,5888.245429420,11062,15486800,0.000000
1937,19.370068,5888.255429578,5888.255429578,11068,15495200,0.000000
1938,19.380068,5888.265430173,5888.265430173,11074,15503600,0.000000
1939,19.390066,5888.275428436,5888.275428436,11080,15512000,0.000000
1940,19.400066,5888.285428052,5888.285428052,11085,15519000,0.000000
1941,19.410065,5888.295427164,5888.295427164,11091,15527400,0.000000
1942,19.420062,5888.305424375,5888.305424375,11097,15535800,0.000000
1943,19.430065,5888.315427483,5888.315427483,11102,15542800,0.000000
1944,19.440069,5888.325430903,5888.325430903,11108,15551200,0.000000
1945,19.450063,5888.335425451,5888.335425451,11114,15559600,0.000000
1946,19.460094,5888.345456428,5888.345456428,11120,15568000,0.000000
1947,19.470063,5888.355424935,5888.355424935,11125,15575000,0.000000
1948,19.480081,5888.365442722,5888.365442722,11131,15583400,0.000000
1949,19.490079,5888.375440691,5888.375440691,11137,15591800,0.000000
1950,19.500074,5888.385436350,5888.385436350,11142,15598800,0.000000
1951,19.510089,5888.395451003,5888.395451003,11148,15607200,0.000000
1952,19.520089,5888.405451462,5888.405451462,11154,15615600,0.000000
1953,19.530079,5888.415441295,5888.415441295,11160,15624000,0.000000
1954,19.540071,5888.425432840,5888.425432840,11165,15631000,0.000000
1955,19.550064,5888.435426285,5888.435426285,11171,15639400,0.000000
1956,19.560063,5888.445425074,5888.445425074,11177,15647800,0.000000
1957,19.570067,5888.455428506,5888.455428506,11182,15654800,0.000000
1958,19.580063,5888.465425403,5888.465425403,11188,15663200,0.000000
1959,19.590066,5888.475427639,5888.475427639,11194,15671600,0.000000
1960,19.600073,5888.485434860,5888.485434860,11200,15680000,0.000000
1961,19.610079,5888.495441329,5888.495441329,11205,15687000,0.000000
1962,19.620064,5888.505425665,5888.505425665,11211,15695400,0.000000
1963,19.630063,5888.515424560,5888.515424560,11217,15703800,0.000000
1964,19.640065,5888.525427252,5888.525427252,11222,15710800,0.000000
1965,19.650076,5888.535437781,5888.535437781,11228,15719200,0.000000
1966,19.660064,5888.545425573,5888.545425573,11234,15727600,0.000000
1967,19.670092,5888.555454115,5888.555454115,11240,15736000,0.000000
1968,19.680080,5888.565441939,5888.565441939,11245,15743000,0.000000
1969,19.690070,5888.575431543,5888.575431543,11251,15751400,0.000000
1970,19.700062,5888.585424370,5888.585424370,11257,15759800,0.000000
1971,19.710070,5888.595432411,5888.595432411,11262,15766800,0.000000
1972,19.720077,5888.605438691,5888.605438691,11268,15775200,0.000000
1973,19.730064,5888.615426038,5888.615426038,11274,15783600,0.000000
1974,19.740091,5888.625452964,5888.625452964,11280,15792000,0.000000
1975,19.750071,5888.635432674,5888.635432674,11285,15799000,0.000000
1976,19.760086,5888.645448051,5888.645448051,11291,15807400,0.000000
1977,19.770060,5888.655421542,5888.655421542,11297,15815800,0.000000
1978,19.780068,5888.665429773,5888.665429773,11302,15822800,0.000000
1979,19.790066,5888.675427972,5888.675427972,11308,15831200,0.000000
1980,19.800067,5888.685429341,5888.685429341,11314,15839600,0.000000
1981,19.810088,5888.695449699,5888.695449699,11320,15848000,0.000000
1982,19.820069,5888.705430884,5888.705430884,11325,15855000,0.000000
1983,19.830068,5888.715429864,5888.715429864,11331,15863400,0.000000
1984,19.840062,5888.725424480,5888.725424480,11337,15871800,0.000000
1985,19.850061,5888.735423466,5888.735423466,11342,15878800,0.000000
1986,19.860069,5888.745431305,5888.745431305,11348,15887200,0.000000
1987,19.870033,5888.755394676,5888.755394676,11354,15895600,0.000000
1988,19.880072,5888.765433809,5888.765433809,11360,15904000,0.000000
1989,19.890064,5888.775425724,5888.775425724,11365,15911000,0.000000
1990,19.900068,5888.785430147,5888.785430147,11371,15919400,0.000000
1991,19.910058,5888.795420250,5888.795420250,11377,15927800,0.000000
1992,19.920070,5888.805432435,5888.805432435,11382,15934800,0.000000
1993,19.930066,5888.815428036,5888.815428036,11388,15943200,0.000000
1994,19.940068,5888.825430125,5888.825430125,11394,15951600,0.000000
1995,19.950096,5888.835458372,5888.835458372,11400,15960000,0.000000
1996,19.960088,5888.845450443,5888.845450443,11405,15967000,0.000000
1997,19.970067,5888.855428960,5888.855428960,11411,15975400,0.000000
1998,19.980063,5888.865424876,5888.865424876,11417,15983800,0.000000
1999,19.990063,5888.875424868,5888.875424868,11422,15990800,0.000000
2000,20.000032,5888.885393523,5888.885393523,11428,15999200,0.000000
2001,20.010066,5888.895427673,5888.895427673,11434,16007600,0.000000
2002,20.020078,5888.905440185,5888.905440185,11440,16016000,0.000000
2003,20.030070,5888.915432165,5888.915432165,11445,16023000,0.000000
2004,20.040067,5888.925429297,5888.925429297,11451,16031400,0.000000
2005,20.050064,5888.935425651,5888.935425651,11457,16039800,0.000000
2006,20.060068,5888.945429581,5888.945429581,11462,16046800,0.000000
2007,20.070064,5888.955426002,5888.955426002,11468,16055200,0.000000
2008,20.080063,5888.965425324,5888.965425324,11474,16063600,0.000000
2009,20.090090,5888.975451826,5888.975451826,11480,16072000,0.000000
2010,20.100065,5888.985427192,5888.985427192,11485,16079000,0.000000
2011,20.110064,5888.995426182,5888.995426182,11491,16087400,0.000000
2012,20.120064,5889.005425973,5889.005425973,11497,16095800,0.000000
2013,20.130067,5889.015428976,5889.015428976,11502,16102800,0.000000
2014,20.140065,5889.025426558,5889.025426558,11508,16111200,0.000000
2015,20.150067,5889.035428997,5889.035428997,11514,16119600,0.000000
2016,20.160074,5889.045435563,5889.045435563,11520,16128000,0.000000
2017,20.170069,5889.055431140,5889.055431140,11525,16135000,0.000000
2018,20.180066,5889.065428462,5889.065428462,11531,16143400,0.000000
2019,20.190039,5889.075400811,5889.075400811,11537,16151800,0.000000
2020,20.200094,5889.085455724,5889.085455724,11542,16158800,0.000000
2021,20.210068,5889.095430238,5889.095430238,11548,16167200,0.000000
2022,20.220068,5889.105430052,5889.105430052,11554,16175600,0.000000
2023,20.230079,5889.115441417,5889.115441417,11560,16184000,0.000000
2024,20.240064,5889.125426223,5889.125426223,11565,16191000,0.000000
2025,20.250075,5889.135436758,5889.135436758,11571,16199400,0.000000
2026,20.260062,5889.145424266,5889.145424266,11577,16207800,0.000000
2027,20.270065,5889.155426833,5889.155426833,11582,16214800,0.000000
2028,20.280064,5889.165426308,5889.165426308,11588,16223200,0.000000
2029,20.290067,5889.175428825,5889.175428825,11594,16231600,0.000000
2030,20.300071,5889.185432653,5889.185432653,11600,16240000,0.000000
2031,20.310064,5889.195425955,5889.195425955,11605,16247000,0.000000
2032,20.320068,5889.205429647,5889.205429647,11611,16255400,0.000000
2033,20.330063,5889.215424781,5889.215424781,11617,16263800,0.000000
2034,20.340069,5889.225430625,5889.225430625,11622,16270800,0.000000
2035,20.350068,5889.235430393,5889.235430393,11628,16279200,0.000000
2036,20.360067,5889.245428597,5889.245428597,11634,16287600,0.000000
2037,20.370068,5889.255430221,5889.255430221,11640,16296000,0.000000
2038,20.380063,5889.265425427,5889.265425427,11645,16303000,0.000000
2039,20.390066,5889.275428017,5889.275428017,11651,16311400,0.000000
2040,20.400058,5889.285419784,5889.285419784,11657,16319800,0.000000
2041,20.410067,5889.295429128,5889.295429128,11662,16326800,0.000000
2042,20.420066,5889.305428012,5889.305428012,11668,16335200,0.000000
2043,20.430073,5889.315434758,5889.315434758,11674,16343600,0.000000
2044,20.440085,5889.325446759,5889.325446759,11680,16352000,0.000000
2045,20.450066,5889.335428451,5889.335428451,11685,16359000,0.000000
2046,20.460063,5889.345425172,5889.345425172,11691,16367400,0.000000
2047,20.470062,5889.355424041,5889.355424041,11697,16375800,0.000000
2048,20.480066,5889.365427631,5889.365427631,11702,16382800,0.000000
2049,20.490065,5889.375427362,5889.375427362,11708,16391200,0.000000
2050,20.500062,5889.385423633,5889.385423633,11714,16399600,0.000000
2051,20.510043,5889.395405241,5889.395405241,11720,16408000,0.000000
2052,20.520078,5889.405439671,5889.405439671,11725,16415000,0.000000
2053,20.530062,5889.415424281,5889.415424281,11731,16423400,0.000000
2054,20.540062,5889.425424353,5889.425424353,11737,16431800,0.000000
2055,20.550065,5889.435427274,5889.435427274,11742,16438800,0.000000
2056,20.560066,5889.445428245,5889.445428245,11748,16447200,0.000000
2057,20.570063,5889.455425373,5889.455425373,11754,16455600,0.000000
2058,20.580077,5889.465438755,5889.465438755,11760,16464000,0.000000
2059,20.590023,5889.475384802,5889.475384802,11765,16471000,0.000000
2060,20.600068,5889.485429764,5889.485429764,11771,16479400,0.000000
2061,20.610064,5889.495426233,5889.495426233,11777,16487800,0.000000
2062,20.620065,5889.505426944,5889.505426944,11782,16494800,0.000000
2063,20.630069,5889.515430862,5889.515430862,11788,16503200,0.000000
2064,20.640057,5889.525419023,5889.525419023,11794,16511600,0.000000
2065,20.650074,5889.535436052,5889.535436052,11800,16520000,0.000000
2066,20.660062,5889.545423887,5889.545423887,11805,16527000,0.000000
2067,20.670063,5889.555425318,5889.555425318,11811,16535400,0.000000
2068,20.680054,5889.565416457,5889.565416457,11817,16543800,0.000000
2069,20.690066,5889.575427651,5889.575427651,11822,16550800,0.000000
2070,20.700070,5889.585432259,5889.585432259,11828,16559200,0.000000
2071,20.710066,5889.595427752,5889.595427752,11834,16567600,0.000000
2072,20.720077,5889.605439160,5889.605439160,11840,16576000,0.000000
2073,20.730065,5889.615426831,5889.615426831,11845,16583000,0.000000
2074,20.740064,5889.625426247,5889.625426247,11851,16591400,0.000000
2075,20.750046,5889.635408159,5889.635408159,11857,16599800,0.000000
2076,20.760072,5889.645434009,5889.645434009,11862,16606800,0.000000
2077,20.770066,5889.655427941,5889.655427941,11868,16615200,0.000000
2078,20.780059,5889.665421480,5889.665421480,11874,16623600,0.000000
2079,20.790083,5889.675445339,5889.675445339,11880,16632000,0.000000
2080,20.800069,5889.685430525,5889.685430525,11885,16639000,0.000000
2081,20.810064,5889.695426355,5889.695426355,11891,16647400,0.000000
2082,20.820062,5889.705424357,5889.705424357,11897,16655800,0.000000
2083,20.830067,5889.715429314,5889.715429314,11902,16662800,0.000000
2084,20.840070,5889.725432346,5889.725432346,11908,16671200,0.000000
2085,20.850069,5889.735431278,5889.735431278,11914,16679600,0.000000
2086,20.860079,5889.745440678,5889.745440678,11920,16688000,0.000000
2087,20.870065,5889.755426772,5889.755426772,11925,16695000,0.000000
2088,20.880065,5889.765426952,5889.765426952,11931,16703400,0.000000
2089,20.890058,5889.775420221,5889.775420221,11937,16711800,0.000000
2090,20.900060,5889.785421527,5889.785421527,11942,16718800,0.000000
2091,20.910073,5889.795435163,5889.795435163,11948,16727200,0.000000
2092,20.920064,5889.805425723,5889.805425723,11954,16735600,0.000000
2093,20.930077,5889.815439310,5889.815439310,11960,16744000,0.000000
2094,20.940069,5889.825430687,5889.825430687,11965,16751000,0.000000
2095,20.950069,5889.835430994,5889.835430994,11971,16759400,0.000000
2096,20.960063,5889.845424677,5889.845424677,11977,16767800,0.000000
2097,20.970067,5889.855429334,5889.855429334,11982,16774800,0.000000
2098,20.980072,5889.865433531,5889.865433531,11988,16783200,0.000000
2099,20.990067,5889.875428978,5889.875428978,11994,16791600,0.000000
2100,21.000093,5889.885455276,5889.885455276,12000,16800000,0.000000
2101,21.010070,5889.895431932,5889.895431932,12005,16807000,0.000000
2102,21.020081,5889.905443398,5889.905443398,12011,16815400,0.000000
2103,21.030063,5889.915425455,5889.915425455,12017,16823800,0.000000
2104,21.040070,5889.925432190,5889.925432190,12022,16830800,0.000000
2105,21.050065,5889.935427308,5889.935427308,12028,16839200,0.000000
2106,21.060067,5889.945428778,5889.945428778,12034,16847600,0.000000
2107,21.070078,5889.955440213,5889.955440213,12040,16856000,0.000000
2108,21.080065,5889.965426894,5889.965426894,12045,16863000,0.000000
2109,21.090066,5889.975427519,5889.975427519,12051,16871400,0.000000
2110,21.100058,5889.985419523,5889.985419523,12057,16879800,0.000000
2111,21.110070,5889.995431743,5889.995431743,12062,16886800,0.000000
2112,21.120066,5890.005428026,5890.005428026,12068,16895200,0.000000
2113,21.130063,5890.015425128,5890.015425128,12074,16903600,0.000000
2114,21.140086,5890.025448407,5890.025448407,12080,16912000,0.000000
2115,21.150068,5890.035430244,5890.035430244,12085,16919000,0.000000
2116,21.160067,5890.045428891,5890.045428891,12091,16927400,0.000000
2117,21.170066,5890.055428081,5890.055428081,12097,16935800,0.000000
2118,21.180070,5890.065432301,5890.065432301,12102,16942800,0.000000
2119,21.190068,5890.075429694,5890.075429694,12108,16951200,0.000000
2120,21.200067,5890.085429111,5890.085429111,12114,16959600,0.000000
2121,21.210082,5890.095443497,5890.095443497,12120,16968000,0.000000
2122,21.220075,5890.105437283,5890.105437283,12125,16975000,0.000000
2123,21.230071,5890.115432662,5890.115432662,12131,16983400,0.000000
2124,21.240060,5890.125421986,5890.125421986,12137,16991800,0.000000
2125,21.250066,5890.135428088,5890.135428088,12142,16998800,0.000000
2126,21.260068,5890.145429601,5890.145429601,12148,17007200,0.000000
2127,21.270063,5890.155425425,5890.155425425,12154,17015600,0.000000
2128,21.280063,5890.165424663,5890.165424663,12160,17024000,0.000000
2129,21.290038,5890.175399666,5890.175399666,12165,17031000,0.000000
2130,21.300059,5890.185421166,5890.185421166,12171,17039400,0.000000
2131,21.310063,5890.195425446,5890.195425446,12177,17047800,0.000000
2132,21.320059,5890.205420601,5890.205420601,12182,17054800,0.000000
2133,21.330067,5890.215428825,5890.215428825,12188,17063200,0.000000
2134,21.340070,5890.225431637,5890.225431637,12194,17071600,0.000000
2135,21.350069,5890.235430825,5890.235430825,12200,17080000,0.000000
2136,21.360066,5890.245428029,5890.245428029,12205,17087000,0.000000
2137,21.370066,5890.255427605,5890.255427605,12211,17095400,0.000000
2138,21.380058,5890.265419673,5890.265419673,12217,17103800,0.000000
2139,21.390068,5890.275429819,5890.275429819,12222,17110800,0.000000
2140,21.400067,5890.285429108,5890.285429108,12228,17119200,0.000000
2141,21.410069,5890.295430884,5890.295430884,12234,17127600,0.000000
2142,21.420084,5890.305446313,5890.305446313,12240,17136000,0.000000
2143,21.430068,5890.315430315,5890.315430315,12245,17143000,0.000000
2144,21.440063,5890.325425333,5890.325425333,12251,17151400,0.000000
2145,21.450062,5890.335424313,5890.335424313,12257,17159800,0.000000
2146,21.460059,5890.345421160,5890.345421160,12262,17166800,0.000000
2147,21.470064,5890.355426000,5890.355426000,12268,17175200,0.000000
2148,21.480074,5890.365436403,5890.365436403,12274,17183600,0.000000
2149,21.490079,5890.375440890,5890.375440890,12280,17192000,0.000000
2150,21.500064,5890.385425677,5890.385425677,12285,17199000,0.000000
2151,21.510064,5890.395425774,5890.395425774,12291,17207400,0.000000
2152,21.520034,5890.405395872,5890.405395872,12297,17215800,0.000000
2153,21.530064,5890.415425893,5890.415425893,12302,17222800,0.000000
2154,21.540068,5890.425430336,5890.425430336,12308,17231200,0.000000
2155,21.550063,5890.435424592,5890.435424592,12314,17239600,0.000000
2156,21.560074,5890.445435655,5890.445435655,12320,17248000,0.000000
2157,21.570069,5890.455430542,5890.455430542,12325,17255000,0.000000
2158,21.580065,5890.465426853,5890.465426853,12331,17263400,0.000000
2159,21.590059,5890.475421148,5890.475421148,12337,17271800,0.000000
2160,21.600068,5890.485430326,5890.485430326,12342,17278800,0.000000
2161,21.610066,5890.495428486,5890.495428486,12348,17287200,0.000000
2162,21.620056,5890.505418361,5890.505418361,12354,17295600,0.000000
2163,21.630072,5890.515433934,5890.515433934,12360,17304000,0.000000
2164,21.640063,5890.525424629,5890.525424629,12365,17311000,0.000000
2165,21.650062,5890.535423986,5890.535423986,12371,17319400,0.000000
2166,21.660061,5890.545423238,5890.545423238,12377,17327800,0.000000
2167,21.670063,5890.555425334,5890.555425334,12382,17334800,0.000000
2168,21.680065,5890.565427289,5890.565427289,12388,17343200,0.000000
2169,21.690069,5890.575431375,5890.575431375,12394,17351600,0.000000
2170,21.700076,5890.585437902,5890.585437902,12400,17360000,0.000000
2171,21.710065,5890.595426813,5890.595426813,12405,17367000,0.000000
2172,21.720066,5890.605427641,5890.605427641,12411,17375400,0.000000
2173,21.730065,5890.615426515,5890.615426515,12417,17383800,0.000000
2174,21.740063,5890.625424897,5890.625424897,12422,17390800,0.000000
2175,21.750063,5890.635424725,5890.635424725,12428,17399200,0.000000
2176,21.760067,5890.645428960,5890.645428960,12434,17407600,0.000000
2177,21.770076,5890.655438081,5890.655438081,12440,17416000,0.000000
2178,21.780070,5890.665432079,5890.665432079,12445,17423000,0.000000
2179,21.790066,5890.675427755,5890.675427755,12451,17431400,0.000000
2180,21.800061,5890.685423380,5890.685423380,12457,17439800,0.000000
2181,21.810067,5890.695428886,5890.695428886,12462,17446800,0.000000
2182,21.820065,5890.705427425,5890.705427425,12468,17455200,0.000000
2183,21.830068,5890.715430371,5890.715430371,12474,17463600,0.000000
2184,21.840072,5890.725433948,5890.725433948,12480,17472000,0.000000
2185,21.850073,5890.735434959,5890.735434959,12485,17479000,0.000000
2186,21.860063,5890.745425376,5890.745425376,12491,17487400,0.000000
2187,21.870057,5890.755419331,5890.755419331,12497,17495800,0.000000
2188,21.880064,5890.765425906,5890.765425906,12502,17502800,0.000000
2189,21.890064,5890.775426128,5890.775426128,12508,17511200,0.000000
2190,21.900068,5890.785429905,5890.785429905,12514,17519600,0.000000
2191,21.910065,5890.795426861,5890.795426861,12520,17528000,0.000000
2192,21.920066,5890.805427848,5890.805427848,12525,17535000,0.000000
2193,21.930068,5890.815430027,5890.815430027,12531,17543400,0.000000
2194,21.940063,5890.825425303,5890.825425303,12537,17551800,0.000000
2195,21.950069,5890.835430642,5890.835430642,12542,17558800,0.000000
2196,21.960066,5890.845428496,5890.845428496,12548,17567200,0.000000
2197,21.970068,5890.855429573,5890.855429573,12554,17575600,0.000000
2198,21.980076,5890.865438097,5890.865438097,12560,17584000,0.000000
2199,21.990071,5890.875433367,5890.875433367,12565,17591000,0.000000
2200,22.000060,5890.885422311,5890.885422311,12571,17599400,0.000000
2201,22.010064,5890.895426406,5890.895426406,12577,17607800,0.000000
2202,22.020065,5890.905426871,5890.905426871,12582,17614800,0.000000
2203,22.030059,5890.915420594,5890.915420594,12588,17623200,0.000000
2204,22.040073,5890.925435181,5890.925435181,12594,17631600,0.000000
2205,22.050104,5890.935466395,5890.935466395,12600,17640000,0.000000
2206,22.060069,5890.945430928,5890.945430928,12605,17647000,0.000000
2207,22.070076,5890.955437836,5890.955437836,12611,17655400,0.000000
2208,22.080016,5890.965377653,5890.965377653,12617,17663800,0.000000
2209,22.090067,5890.975428598,5890.975428598,12622,17670800,0.000000
2210,22.100067,5890.985428552,5890.985428552,12628,17679200,0.000000
2211,22.110068,5890.995429735,5890.995429735,12634,17687600,0.000000
2212,22.120080,5891.005441873,5891.005441873,12640,17696000,0.000000
2213,22.130061,5891.015422674,5891.015422674,12645,17703000,0.000000
2214,22.140068,5891.025430217,5891.025430217,12651,17711400,0.000000
2215,22.150078,5891.035439916,5891.035439916,12657,17719800,0.000000
2216,22.160067,5891.045429251,5891.045429251,12662,17726800,0.000000
2217,22.170084,5891.055446066,5891.055446066,12668,17735200,0.000000
2218,22.180074,5891.065436011,5891.065436011,12674,17743600,0.000000
2219,22.190082,5891.075443967,5891.075443967,12680,17752000,0.000000
2220,22.200068,5891.085430272,5891.085430272,12685,17759000,0.000000
2221,22.210068,5891.095429914,5891.095429914,12691,17767400,0.000000
2222,22.220062,5891.105424329,5891.105424329,12697,17775800,0.000000
2223,22.230071,5891.115432957,5891.115432957,12702,17782800,0.000000
2224,22.240071,5891.125433274,5891.125433274,12708,17791200,0.000000
2225,22.250067,5891.135429415,5891.135429415,12714,17799600,0.000000
2226,22.260078,5891.145439624,5891.145439624,12720,17808000,0.000000
2227,22.270063,5891.155424534,5891.155424534,12725,17815000,0.000000
2228,22.280066,5891.165428454,5891.165428454,12731,17823400,0.000000
2229,22.290067,5891.175429456,5891.175429456,12737,17831800,0.000000
2230,22.300075,5891.185436588,5891.185436588,12742,17838800,0.000000
2231,22.310074,5891.195436118,5891.195436118,12748,17847200,0.000000
2232,22.320082,5891.205443835,5891.205443835,12754,17855600,0.000000
2233,22.330077,5891.215438680,5891.215438680,12760,17864000,0.000000
2234,22.340072,5891.225433767,5891.225433767,12765,17871000,0.000000
2235,22.350065,5891.235427470,5891.235427470,12771,17879400,0.000000
2236,22.360063,5891.245424923,5891.245424923,12777,17887800,0.000000
2237,22.370066,5891.255428052,5891.255428052,12782,17894800,0.000000
2238,22.380035,5891.265397417,5891.265397417,12788,17903200,0.000000
2239,22.390070,5891.275431821,5891.275431821,12794,17911600,0.000000
2240,22.400083,5891.285445280,5891.285445280,12800,17920000,0.000000
2241,22.410064,5891.295425684,5891.295425684,12805,17927000,0.000000
2242,22.420065,5891.305427132,5891.305427132,12811,17935400,0.000000
2243,22.430064,5891.315426020,5891.315426020,12817,17943800,0.000000
2244,22.440065,5891.325426574,5891.325426574,12822,17950800,0.000000
2245,22.450072,5891.335434356,5891.335434356,12828,17959200,0.000000
2246,22.460076,5891.345438493,5891.345438493,12834,17967600,0.000000
2247,22.470079,5891.355441337,5891.355441337,12840,17976000,0.000000
2248,22.480070,5891.365431513,5891.365431513,12845,17983000,0.000000
2249,22.490066,5891.375428059,5891.375428059,12851,17991400,0.000000
2250,22.500062,5891.385424000,5891.385424000,12857,17999800,0.000000
2251,22.510064,5891.395425745,5891.395425745,12862,18006800,0.000000
2252,22.520065,5891.405427172,5891.405427172,12868,18015200,0.000000
2253,22.530068,5891.415429818,5891.415429818,12874,18023600,0.000000
2254,22.540060,5891.425422450,5891.425422450,12880,18032000,0.000000
2255,22.550069,5891.435431224,5891.435431224,12885,18039000,0.000000
2256,22.560050,5891.445411978,5891.445411978,12891,18047400,0.000000
2257,22.570069,5891.455431000,5891.455431000,12897,18055800,0.000000
2258,22.580068,5891.465430468,5891.465430468,12902,18062800,0.000000
2259,22.590014,5891.475375738,5891.475375738,12908,18071200,0.000000
2260,22.600069,5891.485431029,5891.485431029,12914,18079600,0.000000
2261,22.610088,5891.495449738,5891.495449738,12920,18088000,0.000000
2262,22.620077,5891.505438624,5891.505438624,12925,18095000,0.000000
2263,22.630067,5891.515428813,5891.515428813,12931,18103400,0.000000
2264,22.640059,5891.525420893,5891.525420893,12937,18111800,0.000000
2265,22.650070,5891.535432110,5891.535432110,12942,18118800,0.000000
2266,22.660062,5891.545424269,5891.545424269,12948,18127200,0.000000
2267,22.670067,5891.555428538,5891.555428538,12954,18135600,0.000000
2268,22.680082,5891.565444363,5891.565444363,12960,18144000,0.000000
2269,22.690062,5891.575424424,5891.575424424,12965,18151000,0.000000
2270,22.700074,5891.585436173,5891.585436173,12971,18159400,0.000000
2271,22.710059,5891.595420716,5891.595420716,12977,18167800,0.000000
2272,22.720066,5891.605428234,5891.605428234,12982,18174800,0.000000
2273,22.730079,5891.615441300,5891.615441300,12988,18183200,0.000000
2274,22.740060,5891.625421790,5891.625421790,12994,18191600,0.000000
2275,22.750085,5891.635447062,5891.635447062,13000,18200000,0.000000
2276,22.760070,5891.645431830,5891.645431830,13005,18207000,0.000000
2277,22.770067,5891.655429280,5891.655429280,13011,18215400,0.000000
2278,22.780062,5891.665423884,5891.665423884,13017,18223800,0.000000
2279,22.790076,5891.675438280,5891.675438280,13022,18230800,0.000000
2280,22.800066,5891.685428466,5891.685428466,13028,18239200,0.000000
2281,22.810068,5891.695430339,5891.695430339,13034,18247600,0.000000
2282,22.820082,5891.705444445,5891.705444445,13040,18256000,0.000000
2283,22.830067,5891.715428756,5891.715428756,13045,18263000,0.000000
2284,22.840070,5891.725432211,5891.725432211,13051,18271400,0.000000
2285,22.850064,5891.735426329,5891.735426329,13057,18279800,0.000000
2286,22.860067,5891.745428720,5891.745428720,13062,18286800,0.000000
2287,22.870067,5891.755428681,5891.755428681,13068,18295200,0.000000
2288,22.880067,5891.765429029,5891.765429029,13074,18303600,0.000000
2289,22.890074,5891.775435556,5891.775435556,13080,18312000,0.000000
2290,22.900066,5891.785427976,5891.785427976,13085,18319000,0.000000
2291,22.910067,5891.795428904,5891.795428904,13091,18327400,0.000000
2292,22.920058,5891.805419667,5891.805419667,13097,18335800,0.000000
2293,22.930067,5891.815429199,5891.815429199,13102,18342800,0.000000
2294,22.940066,5891.825428245,5891.825428245,13108,18351200,0.000000
2295,22.950089,5891.835450851,5891.835450851,13114,18359600,0.000000
2296,22.960071,5891.845433269,5891.845433269,13120,18368000,0.000000
2297,22.970065,5891.855426849,5891.855426849,13125,18375000,0.000000
2298,22.980064,5891.865426474,5891.865426474,13131,18383400,0.000000
2299,22.990063,5891.875424639,5891.875424639,13137,18391800,0.000000
2300,23.000069,5891.885430636,5891.885430636,13142,18398800,0.000000
2301,23.010066,5891.895428436,5891.895428436,13148,18407200,0.000000
2302,23.020042,5891.905403726,5891.905403726,13154,18415600,0.000000
2303,23.030070,5891.915432344,5891.915432344,13160,18424000,0.000000
2304,23.040068,5891.925430062,5891.925430062,13165,18431000,0.000000
2305,23.050080,5891.935442420,5891.935442420,13171,18439400,0.000000
2306,23.060064,5891.945425765,5891.945425765,13177,18447800,0.000000
2307,23.070068,5891.955429734,5891.955429734,13182,18454800,0.000000
2308,23.080066,5891.965428256,5891.965428256,13188,18463200,0.000000
2309,23.090068,5891.975430181,5891.975430181,13194,18471600,0.000000
2310,23.100081,5891.985443189,5891.985443189,13200,18480000,0.000000
2311,23.110066,5891.995428125,5891.995428125,13205,18487000,0.000000
2312,23.120065,5892.005426998,5892.005426998,13211,18495400,0.000000
2313,23.130064,5892.015425870,5892.015425870,13217,18503800,0.000000
2314,23.140063,5892.025425027,5892.025425027,13222,18510800,0.000000
2315,23.150061,5892.035422711,5892.035422711,13228,18519200,0.000000
2316,23.160063,5892.045425046,5892.045425046,13234,18527600,0.000000
2317,23.170087,5892.055449022,5892.055449022,13240,18536000,0.000000
2318,23.180065,5892.065427305,5892.065427305,13245,18543000,0.000000
2319,23.190070,5892.075431867,5892.075431867,13251,18551400,0.000000
2320,23.200067,5892.085429053,5892.085429053,13257,18559800,0.000000
2321,23.210067,5892.095428542,5892.095428542,13262,18566800,0.000000
2322,23.220067,5892.105429270,5892.105429270,13268,18575200,0.000000
2323,23.230070,5892.115432391,5892.115432391,13274,18583600,0.000000
2324,23.240080,5892.125442007,5892.125442007,13280,18592000,0.000000
2325,23.250083,5892.135445448,5892.135445448,13285,18599000,0.000000
2326,23.260086,5892.145447690,5892.145447690,13291,18607400,0.000000
2327,23.270063,5892.155424561,5892.155424561,13297,18615800,0.000000
2328,23.280071,5892.165432624,5892.165432624,13302,18622800,0.000000
2329,23.290065,5892.175427232,5892.175427232,13308,18631200,0.000000
2330,23.300064,5892.185425757,5892.185425757,13314,18639600,0.000000
2331,23.310114,5892.195476055,5892.195476055,13320,18648000,0.000000
2332,23.320069,5892.205431441,5892.205431441,13325,18655000,0.000000
2333,23.330066,5892.215428424,5892.215428424,13331,18663400,0.000000
2334,23.340062,5892.225423522,5892.225423522,13337,18671800,0.000000
2335,23.350065,5892.235427112,5892.235427112,13342,18678800,0.000000
2336,23.360063,5892.245425085,5892.245425085,13348,18687200,0.000000
2337,23.370065,5892.255426786,5892.255426786,13354,18695600,0.000000
2338,23.380083,5892.265444680,5892.265444680,13360,18704000,0.000000
2339,23.390064,5892.275425681,5892.275425681,13365,18711000,0.000000
2340,23.400064,5892.285425777,5892.285425777,13371,18719400,0.000000
2341,23.410067,5892.295429401,5892.295429401,13377,18727800,0.000000
2342,23.420068,5892.305429507,5892.305429507,13382,18734800,0.000000
2343,23.430066,5892.315428178,5892.315428178,13388,18743200,0.000000
2344,23.440067,5892.325429021,5892.325429021,13394,18751600,0.000000
2345,23.450083,5892.335445245,5892.335445245,13400,18760000,0.000000
2346,23.460067,5892.345428963,5892.345428963,13405,18767000,0.000000
2347,23.470071,5892.355432669,5892.355432669,13411,18775400,0.000000
2348,23.480066,5892.365428295,5892.365428295,13417,18783800,0.000000
2349,23.490065,5892.375427423,5892.375427423,13422,18790800,0.000000
2350,23.500064,5892.385426231,5892.385426231,13428,18799200,0.000000
2351,23.510066,5892.395427627,5892.395427627,13434,18807600,0.000000
2352,23.520073,5892.405435019,5892.405435019,13440,18816000,0.000000
2353,23.530067,5892.415429185,5892.415429185,13445,18823000,0.000000
2354,23.540063,5892.425424849,5892.425424849,13451,18831400,0.000000
2355,23.550063,5892.435425410,5892.435425410,13457,18839800,0.000000
2356,23.560067,5892.445429331,5892.445429331,13462,18846800,0.000000
2357,23.570064,5892.455426288,5892.455426288,13468,18855200,0.000000
2358,23.580070,5892.465432075,5892.465432075,13474,18863600,0.000000
2359,23.590081,5892.475443207,5892.475443207,13480,18872000,0.000000
2360,23.600067,5892.485429067,5892.485429067,13485,18879000,0.000000
2361,23.610067,5892.495428970,5892.495428970,13491,18887400,0.000000
2362,23.620065,5892.505427203,5892.505427203,13497,18895800,0.000000
2363,23.630066,5892.515428330,5892.515428330,13502,18902800,0.000000
2364,23.640064,5892.525426459,5892.525426459,13508,18911200,0.000000
2365,23.650069,5892.535430611,5892.535430611,13514,18919600,0.000000
2366,23.660046,5892.545408177,5892.545408177,13520,18928000,0.000000
2367,23.670061,5892.555422675,5892.555422675,13525,18935000,0.000000
2368,23.680063,5892.565425316,5892.565425316,13531,18943400,0.000000
2369,23.690062,5892.575423794,5892.575423794,13537,18951800,0.000000
2370,23.700064,5892.585425741,5892.585425741,13542,18958800,0.000000
2371,23.710064,5892.595425942,5892.595425942,13548,18967200,0.000000
2372,23.720063,5892.605424709,5892.605424709,13554,18975600,0.000000
2373,23.730073,5892.615435259,5892.615435259,13560,18984000,0.000000
2374,23.740070,5892.625431855,5892.625431855,13565,18991000,0.000000
2375,23.750065,5892.635427351,5892.635427351,13571,18999400,0.000000
2376,23.760068,5892.645429686,5892.645429686,13577,19007800,0.000000
2377,23.770069,5892.655430871,5892.655430871,13582,19014800,0.000000
2378,23.780065,5892.665427491,5892.665427491,13588,19023200,0.000000
2379,23.790064,5892.675426298,5892.675426298,13594,19031600,0.000000
2380,23.800084,5892.685445839,5892.685445839,13600,19040000,0.000000
2381,23.810070,5892.695431634,5892.695431634,13605,19047000,0.000000
2382,23.820064,5892.705425909,5892.705425909,13611,19055400,0.000000
2383,23.830058,5892.715420202,5892.715420202,13617,19063800,0.000000
2384,23.840068,5892.725430457,5892.725430457,13622,19070800,0.000000
2385,23.850067,5892.735428692,5892.735428692,13628,19079200,0.000000
2386,23.860065,5892.745426630,5892.745426630,13634,19087600,0.000000
2387,23.870077,5892.755439366,5892.755439366,13640,19096000,0.000000
2388,23.880069,5892.765431041,5892.765431041,13645,19103000,0.000000
2389,23.890074,5892.775436076,5892.775436076,13651,19111400,0.000000
2390,23.900058,5892.785420108,5892.785420108,13657,19119800,0.000000
2391,23.910064,5892.795426433,5892.795426433,13662,19126800,0.000000
2392,23.920066,5892.805428474,5892.805428474,13668,19135200,0.000000
2393,23.930065,5892.815426906,5892.815426906,13674,19143600,0.000000
2394,23.940091,5892.825452566,5892.825452566,13680,19152000,0.000000
2395,23.950064,5892.835426467,5892.835426467,13685,19159000,0.000000
2396,23.960064,5892.845425871,5892.845425871,13691,19167400,0.000000
2397,23.970060,5892.855421643,5892.855421643,13697,19175800,0.000000
2398,23.980080,5892.865442173,5892.865442173,13702,19182800,0.000000
2399,23.990093,5892.875454815,5892.875454815,13708,19191200,0.000000
2400,24.000067,5892.885428678,5892.885428678,13714,19199600,0.000000
2401,24.010076,5892.895437813,5892.895437813,13720,19208000,0.000000
2402,24.020071,5892.905432747,5892.905432747,13725,19215000,0.000000
2403,24.030066,5892.915427852,5892.915427852,13731,19223400,0.000000
2404,24.040048,5892.925410083,5892.925410083,13737,19231800,0.000000
2405,24.050067,5892.935429108,5892.935429108,13742,19238800,0.000000
2406,24.060064,5892.945426068,5892.945426068,13748,19247200,0.000000
2407,24.070064,5892.955425572,5892.955425572,13754,19255600,0.000000
2408,24.080073,5892.965435479,5892.965435479,13760,19264000,0.000000
2409,24.090050,5892.975412199,5892.975412199,13765,19271000,0.000000
2410,24.100066,5892.985428035,5892.985428035,13771,19279400,0.000000
2411,24.110012,5892.995373625,5892.995373625,13777,19287800,0.000000
2412,24.120030,5893.005392161,5893.005392161,13782,19294800,0.000000
2413,24.130066,5893.015428186,5893.015428186,13788,19303200,0.000000
2414,24.140067,5893.025429425,5893.025429425,13794,19311600,0.000000
2415,24.150074,5893.035436245,5893.035436245,13800,19320000,0.000000
2416,24.160063,5893.045425247,5893.045425247,13805,19327000,0.000000
2417,24.170063,5893.055425153,5893.055425153,13811,19335400,0.000000
2418,24.180057,5893.065419481,5893.065419481,13817,19343800,0.000000
2419,24.190065,5893.075426825,5893.075426825,13822,19350800,0.000000
2420,24.200070,5893.085432030,5893.085432030,13828,19359200,0.000000
2421,24.210068,5893.095429674,5893.095429674,13834,19367600,0.000000
2422,24.220072,5893.105434286,5893.105434286,13840,19376000,0.000000
2423,24.230062,5893.115424210,5893.115424210,13845,19383000,0.000000
2424,24.240064,5893.125426122,5893.125426122,13851,19391400,0.000000
2425,24.250068,5893.135429948,5893.135429948,13857,19399800,0.000000
2426,24.260064,5893.145426263,5893.145426263,13862,19406800,0.000000
2427,24.270068,5893.155430104,5893.155430104,13868,19415200,0.000000
2428,24.280065,5893.165427215,5893.165427215,13874,19423600,0.000000
2429,24.290074,5893.175436256,5893.175436256,13880,19432000,0.000000
2430,24.300063,5893.185425481,5893.185425481,13885,19439000,0.000000
2431,24.310030,5893.195392161,5893.195392161,13891,19447400,0.000000
2432,24.320061,5893.205423413,5893.205423413,13897,19455800,0.000000
2433,24.330069,5893.215431033,5893.215431033,13902,19462800,0.000000
2434,24.340066,5893.225428375,5893.225428375,13908,19471200,0.000000
2435,24.350066,5893.235428285,5893.235428285,13914,19479600,0.000000
2436,24.360076,5893.245438096,5893.245438096,13920,19488000,0.000000
2437,24.370061,5893.255422780,5893.255422780,13925,19495000,0.000000
2438,24.380066,5893.265427809,5893.265427809,13931,19503400,0.000000
2439,24.390057,5893.275419374,5893.275419374,13937,19511800,0.000000
2440,24.400068,5893.285429759,5893.285429759,13942,19518800,0.000000
2441,24.410066,5893.295427521,5893.295427521,13948,19527200,0.000000
2442,24.420070,5893.305432295,5893.305432295,13954,19535600,0.000000
2443,24.430092,5893.315454059,5893.315454059,13960,19544000,0.000000
2444,24.440078,5893.325440449,5893.325440449,13965,19551000,0.000000
2445,24.450073,5893.335434728,5893.335434728,13971,19559400,0.000000
2446,24.460058,5893.345419562,5893.345419562,13977,19567800,0.000000
2447,24.470064,5893.355425543,5893.355425543,13982,19574800,0.000000
2448,24.480064,5893.365425818,5893.365425818,13988,19583200,0.000000
2449,24.490059,5893.375420555,5893.375420555,13994,19591600,0.000000
2450,24.500069,5893.385431372,5893.385431372,14000,19600000,0.000000
2451,24.510083,5893.395444779,5893.395444779,14005,19607000,0.000000
2452,24.520071,5893.405433004,5893.405433004,14011,19615400,0.000000
2453,24.530062,5893.415424105,5893.415424105,14017,19623800,0.000000
2454,24.540065,5893.425427203,5893.425427203,14022,19630800,0.000000
2455,24.550066,5893.435427533,5893.435427533,14028,19639200,0.000000
2456,24.560070,5893.445431590,5893.445431590,14034,19647600,0.000000
2457,24.570075,5893.455437030,5893.455437030,14040,19656000,0.000000
2458,24.580069,5893.465430975,5893.465430975,14045,19663000,0.000000
2459,24.590065,5893.475426533,5893.475426533,14051,19671400,0.000000
2460,24.600064,5893.485426234,5893.485426234,14057,19679800,0.000000
2461,24.610067,5893.495429208,5893.495429208,14062,19686800,0.000000
2462,24.620067,5893.505428756,5893.505428756,14068,19695200,0.000000
2463,24.630067,5893.515428921,5893.515428921,14074,19703600,0.000000
2464,24.640087,5893.525448973,5893.525448973,14080,19712000,0.000000
2465,24.650072,5893.535433536,5893.535433536,14085,19719000,0.000000
2466,24.660066,5893.545428123,5893.545428123,14091,19727400,0.000000
2467,24.670062,5893.555424257,5893.555424257,14097,19735800,0.000000
2468,24.680069,5893.565431438,5893.565431438,14102,19742800,0.000000
2469,24.690066,5893.575427912,5893.575427912,14108,19751200,0.000000
2470,24.700069,5893.585431358,5893.585431358,14114,19759600,0.000000
2471,24.710073,5893.595435241,5893.595435241,14120,19768000,0.000000
2472,24.720068,5893.605430060,5893.605430060,14125,19775000,0.000000
2473,24.730070,5893.615431567,5893.615431567,14131,19783400,0.000000
2474,24.740064,5893.625425574,5893.625425574,14137,19791800,0.000000
2475,24.750066,5893.635428157,5893.635428157,14142,19798800,0.000000
2476,24.760067,5893.645428791,5893.645428791,14148,19807200,0.000000
2477,24.770069,5893.655431113,5893.655431113,14154,19815600,0.000000
2478,24.780079,5893.665440605,5893.665440605,14160,19824000,0.000000
2479,24.790069,5893.675431116,5893.675431116,14165,19831000,0.000000
2480,24.800075,5893.685436616,5893.685436616,14171,19839400,0.000000
2481,24.810062,5893.695424039,5893.695424039,14177,19847800,0.000000
2482,24.820074,5893.705435795,5893.705435795,14182,19854800,0.000000
2483,24.830069,5893.715431193,5893.715431193,14188,19863200,0.000000
2484,24.840077,5893.725439033,5893.725439033,14194,19871600,0.000000
2485,24.850053,5893.735415227,5893.735415227,14200,19880000,0.000000
2486,24.860064,5893.745426078,5893.745426078,14205,19887000,0.000000
2487,24.870068,5893.755429750,5893.755429750,14211,19895400,0.000000
2488,24.880058,5893.765419646,5893.765419646,14217,19903800,0.000000
2489,24.890068,5893.775429837,5893.775429837,14222,19910800,0.000000
2490,24.900069,5893.785430614,5893.785430614,14228,19919200,0.000000
2491,24.910067,5893.795429203,5893.795429203,14234,19927600,0.000000
2492,24.920104,5893.805466005,5893.805466005,14240,19936000,0.000000
2493,24.930067,5893.815429469,5893.815429469,14245,19943000,0.000000
2494,24.940065,5893.825426586,5893.825426586,14251,19951400,0.000000
2495,24.950057,5893.835419426,5893.835419426,14257,19959800,0.000000
2496,24.960069,5893.845430942,5893.845430942,14262,19966800,0.000000
2497,24.970067,5893.855428678,5893.855428678,14268,19975200,0.000000
2498,24.980049,5893.865411287,5893.865411287,14274,19983600,0.000000
2499,24.990072,5893.875433570,5893.875433570,14280,19992000,0.000000
2500,25.000068,5893.885429915,5893.885429915,14285,19999000,0.000000
2501,25.010067,5893.895428542,5893.895428542,14291,20007400,0.000000
2502,25.020062,5893.905423517,5893.905423517,14297,20015800,0.000000
2503,25.030066,5893.915427911,5893.915427911,14302,20022800,0.000000
2504,25.040073,5893.925435489,5893.925435489,14308,20031200,0.000000
2505,25.050068,5893.935430086,5893.935430086,14314,20039600,0.000000
2506,25.060090,5893.945452414,5893.945452414,14320,20048000,0.000000
2507,25.070068,5893.955430062,5893.955430062,14325,20055000,0.000000
2508,25.080068,5893.965429549,5893.965429549,14331,20063400,0.000000
2509,25.090063,5893.975424883,5893.975424883,14337,20071800,0.000000
2510,25.100069,5893.985430701,5893.985430701,14342,20078800,0.000000
2511,25.110069,5893.995431482,5893.995431482,14348,20087200,0.000000
2512,25.120041,5894.005403439,5894.005403439,14354,20095600,0.000000
2513,25.130086,5894.015447668,5894.015447668,14360,20104000,0.000000
2514,25.140071,5894.025432954,5894.025432954,14365,20111000,0.000000
2515,25.150066,5894.035427748,5894.035427748,14371,20119400,0.000000
2516,25.160022,5894.045383716,5894.045383716,14377,20127800,0.000000
2517,25.170066,5894.055428394,5894.055428394,14382,20134800,0.000000
2518,25.180069,5894.065430901,5894.065430901,14388,20143200,0.000000
2519,25.190061,5894.075423210,5894.075423210,14394,20151600,0.000000
2520,25.200089,5894.085450618,5894.085450618,14400,20160000,0.000000
2521,25.210067,5894.095429001,5894.095429001,14405,20167000,0.000000
2522,25.220063,5894.105425428,5894.105425428,14411,20175400,0.000000
2523,25.230063,5894.115424625,5894.115424625,14417,20183800,0.000000
2524,25.240072,5894.125433746,5894.125433746,14422,20190800,0.000000
2525,25.250076,5894.135438489,5894.135438489,14428,20199200,0.000000
2526,25.260079,5894.145441316,5894.145441316,14434,20207600,0.000000
2527,25.270086,5894.155447498,5894.155447498,14440,20216000,0.000000
2528,25.280065,5894.165426971,5894.165426971,14445,20223000,0.000000
2529,25.290074,5894.175436107,5894.175436107,14451,20231400,0.000000
2530,25.300062,5894.185424483,5894.185424483,14457,20239800,0.000000
2531,25.310074,5894.195436364,5894.195436364,14462,20246800,0.000000
2532,25.320070,5894.205432120,5894.205432120,14468,20255200,0.000000
2533,25.330064,5894.215425519,5894.215425519,14474,20263600,0.000000
2534,25.340074,5894.225436204,5894.225436204,14480,20272000,0.000000
2535,25.350075,5894.235436958,5894.235436958,14485,20279000,0.000000
2536,25.360072,5894.245434186,5894.245434186,14491,20287400,0.000000
2537,25.370063,5894.255425106,5894.255425106,14497,20295800,0.000000
2538,25.380066,5894.265427958,5894.265427958,14502,20302800,0.000000
2539,25.390070,5894.275432368,5894.275432368,14508,20311200,0.000000
2540,25.400068,5894.285430305,5894.285430305,14514,20319600,0.000000
2541,25.410075,5894.295437319,5894.295437319,14520,20328000,0.000000
2542,25.420065,5894.305426534,5894.305426534,14525,20335000,0.000000
2543,25.430067,5894.315429024,5894.315429024,14531,20343400,0.000000
2544,25.440062,5894.325423791,5894.325423791,14537,20351800,0.000000
2545,25.450067,5894.335428713,5894.335428713,14542,20358800,0.000000
2546,25.460075,5894.345437247,5894.345437247,14548,20367200,0.000000
2547,25.470068,5894.355429836,5894.355429836,14554,20375600,0.000000
2548,25.480084,5894.365445643,5894.365445643,14560,20384000,0.000000
2549,25.490071,5894.375433223,5894.375433223,14565,20391000,0.000000
2550,25.500067,5894.385428677,5894.385428677,14571,20399400,0.000000
2551,25.510062,5894.395424192,5894.395424192,14577,20407800,0.000000
2552,25.520070,5894.405432263,5894.405432263,14582,20414800,0.000000
2553,25.530067,5894.415428830,5894.415428830,14588,20423200,0.000000
2554,25.540044,5894.425406108,5894.425406108,14594,20431600,0.000000
2555,25.550073,5894.435435445,5894.435435445,14600,20440000,0.000000
2556,25.560064,5894.445426362,5894.445426362,14605,20447000,0.000000
2557,25.570066,5894.455428342,5894.455428342,14611,20455400,0.000000
2558,25.580058,5894.465419707,5894.465419707,14617,20463800,0.000000
2559,25.590067,5894.475428729,5894.475428729,14622,20470800,0.000000
2560,25.600065,5894.485427353,5894.485427353,14628,20479200,0.000000
2561,25.610069,5894.495430808,5894.495430808,14634,20487600,0.000000
2562,25.620084,5894.505445876,5894.505445876,14640,20496000,0.000000
2563,25.630070,5894.515431593,5894.515431593,14645,20503000,0.000000
2564,25.640066,5894.525428229,5894.525428229,14651,20511400,0.000000
2565,25.650062,5894.535423635,5894.535423635,14657,20519800,0.000000
2566,25.660066,5894.545427601,5894.545427601,14662,20526800,0.000000
2567,25.670067,5894.555429255,5894.555429255,14668,20535200,0.000000
2568,25.680066,5894.565428247,5894.565428247,14674,20543600,0.000000
2569,25.690043,5894.575404547,5894.575404547,14680,20552000,0.000000
2570,25.700071,5894.585432629,5894.585432629,14685,20559000,0.000000
2571,25.710064,5894.595425818,5894.595425818,14691,20567400,0.000000
2572,25.720069,5894.605430840,5894.605430840,14697,20575800,0.000000
2573,25.730066,5894.615427523,5894.615427523,14702,20582800,0.000000
2574,25.740076,5894.625437700,5894.625437700,14708,20591200,0.000000
2575,25.750079,5894.635441234,5894.635441234,14714,20599600,0.000000
2576,25.760078,5894.645440372,5894.645440372,14720,20608000,0.000000
2577,25.770072,5894.655433621,5894.655433621,14725,20615000,0.000000
2578,25.780064,5894.665425851,5894.665425851,14731,20623400,0.000000
2579,25.790059,5894.675420592,5894.675420592,14737,20631800,0.000000
2580,25.800072,5894.685433934,5894.685433934,14742,20638800,0.000000
2581,25.810066,5894.695428292,5894.695428292,14748,20647200,0.000000
2582,25.820075,5894.705437188,5894.705437188,14754,20655600,0.000000
2583,25.830074,5894.715436043,5894.715436043,14760,20664000,0.000000
2584,25.840070,5894.725431619,5894.725431619,14765,20671000,0.000000
2585,25.850068,5894.735430159,5894.735430159,14771,20679400,0.000000
2586,25.860058,5894.745420294,5894.745420294,14777,20687800,0.000000
2587,25.870064,5894.755426467,5894.755426467,14782,20694800,0.000000
2588,25.880065,5894.765426925,5894.765426925,14788,20703200,0.000000
2589,25.890070,5894.775432298,5894.775432298,14794,20711600,0.000000
2590,25.900090,5894.785452122,5894.785452122,14800,20720000,0.000000
2591,25.910065,5894.795426804,5894.795426804,14805,20727000,0.000000
2592,25.920066,5894.805428413,5894.805428413,14811,20735400,0.000000
2593,25.930062,5894.815423827,5894.815423827,14817,20743800,0.000000
2594,25.940065,5894.825426660,5894.825426660,14822,20750800,0.000000
2595,25.950065,5894.835426984,5894.835426984,14828,20759200,0.000000
2596,25.960066,5894.845427584,5894.845427584,14834,20767600,0.000000
2597,25.970077,5894.855439108,5894.855439108,14840,20776000,0.000000
2598,25.980068,5894.865429974,5894.865429974,14845,20783000,0.000000
2599,25.990065,5894.875426727,5894.875426727,14851,20791400,0.000000
2600,26.000066,5894.885427596,5894.885427596,14857,20799800,0.000000
2601,26.010065,5894.895427319,5894.895427319,14862,20806800,0.000000
2602,26.020071,5894.905433496,5894.905433496,14868,20815200,0.000000
2603,26.030065,5894.915426714,5894.915426714,14874,20823600,0.000000
2604,26.040085,5894.925447049,5894.925447049,14880,20832000,0.000000
2605,26.050068,5894.935429866,5894.935429866,14885,20839000,0.000000
2606,26.060064,5894.945425762,5894.945425762,14891,20847400,0.000000
2607,26.070063,5894.955424549,5894.955424549,14897,20855800,0.000000
2608,26.080068,5894.965429504,5894.965429504,14902,20862800,0.000000
2609,26.090064,5894.975425974,5894.975425974,14908,20871200,0.000000
2610,26.100071,5894.985433276,5894.985433276,14914,20879600,0.000000
2611,26.110074,5894.995435509,5894.995435509,14920,20888000,0.000000
2612,26.120040,5895.005401967,5895.005401967,14925,20895000,0.000000
2613,26.130070,5895.015431551,5895.015431551,14931,20903400,0.000000
2614,26.140066,5895.025427806,5895.025427806,14937,20911800,0.000000
2615,26.150074,5895.035436333,5895.035436333,14942,20918800,0.000000
2616,26.160069,5895.045431216,5895.045431216,14948,20927200,0.000000
2617,26.170070,5895.055431529,5895.055431529,14954,20935600,0.000000
2618,26.180079,5895.065441305,5895.065441305,14960,20944000,0.000000
2619,26.190071,5895.075433365,5895.075433365,14965,20951000,0.000000
2620,26.200065,5895.085426640,5895.085426640,14971,20959400,0.000000
2621,26.210067,5895.095429026,5895.095429026,14977,20967800,0.000000
2622,26.220072,5895.105433605,5895.105433605,14982,20974800,0.000000
2623,26.230071,5895.115432870,5895.115432870,14988,20983200,0.000000
2624,26.240071,5895.125433149,5895.125433149,14994,20991600,0.000000
2625,26.250075,5895.135436904,5895.135436904,15000,21000000,0.000000
2626,26.260068,5895.145430043,5895.145430043,15005,21007000,0.000000
2627,26.270067,5895.155429299,5895.155429299,15011,21015400,0.000000
2628,26.280067,5895.165428639,5895.165428639,15017,21023800,0.000000
2629,26.290120,5895.175481981,5895.175481981,15022,21030800,0.000000
2630,26.300063,5895.185425020,5895.185425020,15028,21039200,0.000000
2631,26.310063,5895.195424928,5895.195424928,15034,21047600,0.000000
2632,26.320080,5895.205441588,5895.205441588,15040,21056000,0.000000
2633,26.330061,5895.215423302,5895.215423302,15045,21063000,0.000000
2634,26.340067,5895.225428968,5895.225428968,15051,21071400,0.000000
2635,26.350062,5895.235424035,5895.235424035,15057,21079800,0.000000
2636,26.360068,5895.245429822,5895.245429822,15062,21086800,0.000000
2637,26.370072,5895.255433894,5895.255433894,15068,21095200,0.000000
2638,26.380059,5895.265421105,5895.265421105,15074,21103600,0.000000
2639,26.390081,5895.275442522,5895.275442522,15080,21112000,0.000000
2640,26.400066,5895.285427959,5895.285427959,15085,21119000,0.000000
2641,26.410065,5895.295426550,5895.295426550,15091,21127400,0.000000
2642,26.420062,5895.305423784,5895.305423784,15097,21135800,0.000000
2643,26.430066,5895.315427818,5895.315427818,15102,21142800,0.000000
2644,26.440067,5895.325428735,5895.325428735,15108,21151200,0.000000
2645,26.450062,5895.335424283,5895.335424283,15114,21159600,0.000000
2646,26.460077,5895.345439326,5895.345439326,15120,21168000,0.000000
2647,26.470064,5895.355425994,5895.355425994,15125,21175000,0.000000
2648,26.480065,5895.365427379,5895.365427379,15131,21183400,0.000000
2649,26.490063,5895.375424861,5895.375424861,15137,21191800,0.000000
2650,26.500068,5895.385429498,5895.385429498,15142,21198800,0.000000
2651,26.510067,5895.395429493,5895.395429493,15148,21207200,0.000000
2652,26.520065,5895.405426959,5895.405426959,15154,21215600,0.000000
2653,26.530068,5895.415429517,5895.415429517,15160,21224000,0.000000
2654,26.540064,5895.425425761,5895.425425761,15165,21231000,0.000000
2655,26.550066,5895.435427689,5895.435427689,15171,21239400,0.000000
2656,26.560063,5895.445424541,5895.445424541,15177,21247800,0.000000
2657,26.570068,5895.455429632,5895.455429632,15182,21254800,0.000000
2658,26.580065,5895.465426836,5895.465426836,15188,21263200,0.000000
2659,26.590070,5895.475431933,5895.475431933,15194,21271600,0.000000
2660,26.600071,5895.485432950,5895.485432950,15200,21280000,0.000000
2661,26.610067,5895.495429472,5895.495429472,15205,21287000,0.000000
2662,26.620067,5895.505429270,5895.505429270,15211,21295400,0.000000
2663,26.630062,5895.515424285,5895.515424285,15217,21303800,0.000000
2664,26.640069,5895.525431366,5895.525431366,15222,21310800,0.000000
2665,26.650065,5895.535426794,5895.535426794,15228,21319200,0.000000
2666,26.660033,5895.545394759,5895.545394759,15234,21327600,0.000000
2667,26.670074,5895.555435962,5895.555435962,15240,21336000,0.000000
2668,26.680067,5895.565428888,5895.565428888,15245,21343000,0.000000
2669,26.690064,5895.575426319,5895.575426319,15251,21351400,0.000000
2670,26.700063,5895.585424550,5895.585424550,15257,21359800,0.000000
2671,26.710063,5895.595425472,5895.595425472,15262,21366800,0.000000
2672,26.720063,5895.605425221,5895.605425221,15268,21375200,0.000000
2673,26.730065,5895.615427151,5895.615427151,15274,21383600,0.000000
2674,26.740076,5895.625438137,5895.625438137,15280,21392000,0.000000
2675,26.750064,5895.635425520,5895.635425520,15285,21399000,0.000000
2676,26.760063,5895.645425005,5895.645425005,15291,21407400,0.000000
2677,26.770058,5895.655420177,5895.655420177,15297,21415800,0.000000
2678,26.780063,5895.665425154,5895.665425154,15302,21422800,0.000000
2679,26.790062,5895.675424095,5895.675424095,15308,21431200,0.000000
2680,26.800063,5895.685425438,5895.685425438,15314,21439600,0.000000
2681,26.810069,5895.695430503,5895.695430503,15320,21448000,0.000000
2682,26.820064,5895.705426333,5895.705426333,15325,21455000,0.000000
2683,26.830065,5895.715426746,5895.715426746,15331,21463400,0.000000
2684,26.840058,5895.725419986,5895.725419986,15337,21471800,0.000000
2685,26.850083,5895.735444677,5895.735444677,15342,21478800,0.000000
2686,26.860067,5895.745429310,5895.745429310,15348,21487200,0.000000
2687,26.870069,5895.755430675,5895.755430675,15354,21495600,0.000000
2688,26.880101,5895.765462593,5895.765462593,15360,21504000,0.000000
2689,26.890075,5895.775436958,5895.775436958,15365,21511000,0.000000
2690,26.900085,5895.785446651,5895.785446651,15371,21519400,0.000000
2691,26.910058,5895.795420017,5895.795420017,15377,21527800,0.000000
2692,26.920044,5895.805406494,5895.805406494,15382,21534800,0.000000
2693,26.930064,5895.815425861,5895.815425861,15388,21543200,0.000000
2694,26.940060,5895.825422369,5895.825422369,15394,21551600,0.000000
2695,26.950082,5895.835444328,5895.835444328,15400,21560000,0.000000
2696,26.960065,5895.845426678,5895.845426678,15405,21567000,0.000000
2697,26.970070,5895.855431787,5895.855431787,15411,21575400,0.000000
2698,26.980064,5895.865426099,5895.865426099,15417,21583800,0.000000
2699,26.990065,5895.875426809,5895.875426809,15422,21590800,0.000000
2700,27.000067,5895.885428527,5895.885428527,15428,21599200,0.000000
2701,27.010069,5895.895430794,5895.895430794,15434,21607600,0.000000
2702,27.020075,5895.905437131,5895.905437131,15440,21616000,0.000000
2703,27.030073,5895.915435370,5895.915435370,15445,21623000,0.000000
2704,27.040066,5895.925427728,5895.925427728,15451,21631400,0.000000
2705,27.050075,5895.935436608,5895.935436608,15457,21639800,0.000000
2706,27.060076,5895.945437579,5895.945437579,15462,21646800,0.000000
2707,27.070067,5895.955429367,5895.955429367,15468,21655200,0.000000
2708,27.080065,5895.965426628,5895.965426628,15474,21663600,0.000000
2709,27.090076,5895.975437709,5895.975437709,15480,21672000,0.000000
2710,27.100067,5895.985429333,5895.985429333,15485,21679000,0.000000
2711,27.110065,5895.995427071,5895.995427071,15491,21687400,0.000000
2712,27.120058,5896.005419660,5896.005419660,15497,21695800,0.000000
2713,27.130066,5896.015428278,5896.015428278,15502,21702800,0.000000
2714,27.140068,5896.025430371,5896.025430371,15508,21711200,0.000000
2715,27.150063,5896.035425299,5896.035425299,15514,21719600,0.000000
2716,27.160083,5896.045445364,5896.045445364,15520,21728000,0.000000
2717,27.170067,5896.055428834,5896.055428834,15525,21735000,0.000000
2718,27.180064,5896.065426181,5896.065426181,15531,21743400,0.000000
2719,27.190062,5896.075423859,5896.075423859,15537,21751800,0.000000
2720,27.200077,5896.085439208,5896.085439208,15542,21758800,0.000000
2721,27.210082,5896.095444004,5896.095444004,15548,21767200,0.000000
2722,27.220015,5896.105377030,5896.105377030,15554,21775600,0.000000
2723,27.230068,5896.115430086,5896.115430086,15560,21784000,0.000000
2724,27.240064,5896.125426215,5896.125426215,15565,21791000,0.000000
2725,27.250077,5896.135438824,5896.135438824,15571,21799400,0.000000
2726,27.260065,5896.145426896,5896.145426896,15577,21807800,0.000000
2727,27.270065,5896.155426669,5896.155426669,15582,21814800,0.000000
2728,27.280065,5896.165427377,5896.165427377,15588,21823200,0.000000
2729,27.290067,5896.175429422,5896.175429422,15594,21831600,0.000000
2730,27.300091,5896.185453319,5896.185453319,15600,21840000,0.000000
2731,27.310066,5896.195428156,5896.195428156,15605,21847000,0.000000
2732,27.320061,5896.205422942,5896.205422942,15611,21855400,0.000000
2733,27.330063,5896.215424943,5896.215424943,15617,21863800,0.000000
2734,27.340059,5896.225421227,5896.225421227,15622,21870800,0.000000
2735,27.350074,5896.235435692,5896.235435692,15628,21879200,0.000000
2736,27.360071,5896.245432622,5896.245432622,15634,21887600,0.000000
2737,27.370072,5896.255434080,5896.255434080,15640,21896000,0.000000
2738,27.380065,5896.265426938,5896.265426938,15645,21903000,0.000000
2739,27.390069,5896.275431341,5896.275431341,15651,21911400,0.000000
2740,27.400058,5896.285420308,5896.285420308,15657,21919800,0.000000
2741,27.410076,5896.295438019,5896.295438019,15662,21926800,0.000000
2742,27.420063,5896.305425375,5896.305425375,15668,21935200,0.000000
2743,27.430064,5896.315426081,5896.315426081,15674,21943600,0.000000
2744,27.440083,5896.325444581,5896.325444581,15680,21952000,0.000000
2745,27.450070,5896.335432121,5896.335432121,15685,21959000,0.000000
2746,27.460068,5896.345429497,5896.345429497,15691,21967400,0.000000
2747,27.470067,5896.355428528,5896.355428528,15697,21975800,0.000000
2748,27.480073,5896.365435265,5896.365435265,15702,21982800,0.000000
2749,27.490068,5896.375429604,5896.375429604,15708,21991200,0.000000
2750,27.500056,5896.385417833,5896.385417833,15714,21999600,0.000000
2751,27.510087,5896.395448536,5896.395448536,15720,22008000,0.000000
2752,27.520071,5896.405433446,5896.405433446,15725,22015000,0.000000
2753,27.530065,5896.415426734,5896.415426734,15731,22023400,0.000000
2754,27.540063,5896.425425465,5896.425425465,15737,22031800,0.000000
2755,27.550064,5896.435426052,5896.435426052,15742,22038800,0.000000
2756,27.560070,5896.445431621,5896.445431621,15748,22047200,0.000000
2757,27.570071,5896.455432586,5896.455432586,15754,22055600,0.000000
2758,27.580078,5896.465439859,5896.465439859,15760,22064000,0.000000
2759,27.590062,5896.475423647,5896.475423647,15765,22071000,0.000000
2760,27.600067,5896.485429443,5896.485429443,15771,22079400,0.000000
2761,27.610062,5896.495424361,5896.495424361,15777,22087800,0.000000
2762,27.620071,5896.505433176,5896.505433176,15782,22094800,0.000000
2763,27.630064,5896.515425551,5896.515425551,15788,22103200,0.000000
2764,27.640083,5896.525445431,5896.525445431,15794,22111600,0.000000
2765,27.650079,5896.535440697,5896.535440697,15800,22120000,0.000000
2766,27.660072,5896.545433888,5896.545433888,15805,22127000,0.000000
2767,27.670071,5896.555432631,5896.555432631,15811,22135400,0.000000
2768,27.680067,5896.565429463,5896.565429463,15817,22143800,0.000000
2769,27.690066,5896.575427714,5896.575427714,15822,22150800,0.000000
2770,27.700065,5896.585427309,5896.585427309,15828,22159200,0.000000
2771,27.710058,5896.595420130,5896.595420130,15834,22167600,0.000000
2772,27.720069,5896.605431093,5896.605431093,15840,22176000,0.000000
2773,27.730039,5896.615401193,5896.615401193,15845,22183000,0.000000
2774,27.740065,5896.625427182,5896.625427182,15851,22191400,0.000000
2775,27.750064,5896.635426232,5896.635426232,15857,22199800,0.000000
2776,27.760070,5896.645432484,5896.645432484,15862,22206800,0.000000
2777,27.770068,5896.655429778,5896.655429778,15868,22215200,0.000000
2778,27.780039,5896.665401305,5896.665401305,15874,22223600,0.000000
2779,27.790077,5896.675439064,5896.675439064,15880,22232000,0.000000
2780,27.800067,5896.685428746,5896.685428746,15885,22239000,0.000000
2781,27.810067,5896.695429159,5896.695429159,15891,22247400,0.000000
2782,27.820070,5896.705431994,5896.705431994,15897,22255800,0.000000
2783,27.830063,5896.715424831,5896.715424831,15902,22262800,0.000000
2784,27.840066,5896.725428075,5896.725428075,15908,22271200,0.000000
2785,27.850067,5896.735428967,5896.735428967,15914,22279600,0.000000
2786,27.860078,5896.745440457,5896.745440457,15920,22288000,0.000000
2787,27.870065,5896.755427302,5896.755427302,15925,22295000,0.000000
2788,27.880072,5896.765434083,5896.765434083,15931,22303400,0.000000
2789,27.890069,5896.775430513,5896.775430513,15937,22311800,0.000000
2790,27.900064,5896.785426415,5896.785426415,15942,22318800,0.000000
2791,27.910063,5896.795424615,5896.795424615,15948,22327200,0.000000
2792,27.920061,5896.805422618,5896.805422618,15954,22335600,0.000000
2793,27.930075,5896.815436588,5896.815436588,15960,22344000,0.000000
2794,27.940068,5896.825429890,5896.825429890,15965,22351000,0.000000
2795,27.950065,5896.835427189,5896.835427189,15971,22359400,0.000000
2796,27.960058,5896.845419662,5896.845419662,15977,22367800,0.000000
2797,27.970066,5896.855427996,5896.855427996,15982,22374800,0.000000
2798,27.980068,5896.865429709,5896.865429709,15988,22383200,0.000000
2799,27.990058,5896.875419941,5896.875419941,15994,22391600,0.000000
2800,28.000079,5896.885440827,5896.885440827,16000,22400000,0.000000
2801,28.010069,5896.895431492,5896.895431492,16005,22407000,0.000000
2802,28.020066,5896.905428162,5896.905428162,16011,22415400,0.000000
2803,28.030088,5896.915449581,5896.915449581,16017,22423800,0.000000
2804,28.040071,5896.925433021,5896.925433021,16022,22430800,0.000000
2805,28.050070,5896.935432241,5896.935432241,16028,22439200,0.000000
2806,28.060088,5896.945449791,5896.945449791,16034,22447600,0.000000
2807,28.070071,5896.955433023,5896.955433023,16040,22456000,0.000000
2808,28.080068,5896.965429831,5896.965429831,16045,22463000,0.000000
2809,28.090066,5896.975428331,5896.975428331,16051,22471400,0.000000
2810,28.100057,5896.985419246,5896.985419246,16057,22479800,0.000000
2811,28.110065,5896.995427306,5896.995427306,16062,22486800,0.000000
2812,28.120059,5897.005421406,5897.005421406,16068,22495200,0.000000
2813,28.130077,5897.015439185,5897.015439185,16074,22503600,0.000000
2814,28.140018,5897.025380046,5897.025380046,16080,22512000,0.000000
2815,28.150029,5897.035391235,5897.035391235,16085,22519000,0.000000
2816,28.160067,5897.045428750,5897.045428750,16091,22527400,0.000000
2817,28.170061,5897.055423323,5897.055423323,16097,22535800,0.000000
2818,28.180065,5897.065427193,5897.065427193,16102,22542800,0.000000
2819,28.190063,5897.075424787,5897.075424787,16108,22551200,0.000000
2820,28.200063,5897.085425492,5897.085425492,16114,22559600,0.000000
2821,28.210074,5897.095436036,5897.095436036,16120,22568000,0.000000
2822,28.220067,5897.105429483,5897.105429483,16125,22575000,0.000000
2823,28.230067,5897.115428805,5897.115428805,16131,22583400,0.000000
2824,28.240066,5897.125428279,5897.125428279,16137,22591800,0.000000
2825,28.250075,5897.135437014,5897.135437014,16142,22598800,0.000000
2826,28.260075,5897.145436812,5897.145436812,16148,22607200,0.000000
2827,28.270065,5897.155427245,5897.155427245,16154,22615600,0.000000
2828,28.280082,5897.165443672,5897.165443672,16160,22624000,0.000000
2829,28.290071,5897.175433295,5897.175433295,16165,22631000,0.000000
2830,28.300068,5897.185430194,5897.185430194,16171,22639400,0.000000
2831,28.310058,5897.195420001,5897.195420001,16177,22647800,0.000000
2832,28.320064,5897.205426324,5897.205426324,16182,22654800,0.000000
2833,28.330077,5897.215439125,5897.215439125,16188,22663200,0.000000
2834,28.340064,5897.225426491,5897.225426491,16194,22671600,0.000000
2835,28.350073,5897.235435388,5897.235435388,16200,22680000,0.000000
2836,28.360068,5897.245430210,5897.245430210,16205,22687000,0.000000
2837,28.370066,5897.255427696,5897.255427696,16211,22695400,0.000000
2838,28.380063,5897.265424679,5897.265424679,16217,22703800,0.000000
2839,28.390068,5897.275430184,5897.275430184,16222,22710800,0.000000
2840,28.400072,5897.285433558,5897.285433558,16228,22719200,0.000000
2841,28.410076,5897.295438009,5897.295438009,16234,22727600,0.000000
2842,28.420081,5897.305443240,5897.305443240,16240,22736000,0.000000
2843,28.430067,5897.315429331,5897.315429331,16245,22743000,0.000000
2844,28.440064,5897.325425575,5897.325425575,16251,22751400,0.000000
2845,28.450063,5897.335425095,5897.335425095,16257,22759800,0.000000
2846,28.460079,5897.345441060,5897.345441060,16262,22766800,0.000000
2847,28.470068,5897.355430125,5897.355430125,16268,22775200,0.000000
2848,28.480064,5897.365426474,5897.365426474,16274,22783600,0.000000
2849,28.490076,5897.375438049,5897.375438049,16280,22792000,0.000000
2850,28.500065,5897.385426629,5897.385426629,16285,22799000,0.000000
2851,28.510082,5897.395444078,5897.395444078,16291,22807400,0.000000
2852,28.520062,5897.405424138,5897.405424138,16297,22815800,0.000000
2853,28.530068,5897.415429699,5897.415429699,16302,22822800,0.000000
2854,28.540062,5897.425424257,5897.425424257,16308,22831200,0.000000
2855,28.550076,5897.435437631,5897.435437631,16314,22839600,0.000000
2856,28.560076,5897.445438376,5897.445438376,16320,22848000,0.000000
2857,28.570069,5897.455431443,5897.455431443,16325,22855000,0.000000
2858,28.580064,5897.465425629,5897.465425629,16331,22863400,0.000000
2859,28.590063,5897.475424995,5897.475424995,16337,22871800,0.000000
2860,28.600066,5897.485428159,5897.485428159,16342,22878800,0.000000
2861,28.610066,5897.495427656,5897.495427656,16348,22887200,0.000000
2862,28.620076,5897.505438464,5897.505438464,16354,22895600,0.000000
2863,28.630085,5897.515446717,5897.515446717,16360,22904000,0.000000
2864,28.640063,5897.525424597,5897.525424597,16365,22911000,0.000000
2865,28.650064,5897.535426092,5897.535426092,16371,22919400,0.000000
2866,28.660059,5897.545420531,5897.545420531,16377,22927800,0.000000
2867,28.670065,5897.555427450,5897.555427450,16382,22934800,0.000000
2868,28.680063,5897.565425151,5897.565425151,16388,22943200,0.000000
2869,28.690050,5897.575412160,5897.575412160,16394,22951600,0.000000
2870,28.700082,5897.585444120,5897.585444120,16400,22960000,0.000000
2871,28.710069,5897.595430939,5897.595430939,16405,22967000,0.000000
2872,28.720066,5897.605428182,5897.605428182,16411,22975400,0.000000
2873,28.730058,5897.615420014,5897.615420014,16417,22983800,0.000000
2874,28.740073,5897.625434961,5897.625434961,16422,22990800,0.000000
2875,28.750067,5897.635429235,5897.635429235,16428,22999200,0.000000
2876,28.760073,5897.645434603,5897.645434603,16434,23007600,0.000000
2877,28.770093,5897.655455242,5897.655455242,16440,23016000,0.000000
2878,28.780067,5897.665429327,5897.665429327,16445,23023000,0.000000
2879,28.790066,5897.675427751,5897.675427751,16451,23031400,0.000000
2880,28.800023,5897.685384796,5897.685384796,16457,23039800,0.000000
2881,28.810069,5897.695431214,5897.695431214,16462,23046800,0.000000
2882,28.820075,5897.705436898,5897.705436898,16468,23055200,0.000000
2883,28.830076,5897.715437516,5897.715437516,16474,23063600,0.000000
2884,28.840089,5897.725451336,5897.725451336,16480,23072000,0.000000
2885,28.850063,5897.735425002,5897.735425002,16485,23079000,0.000000
2886,28.860079,5897.745440700,5897.745440700,16491,23087400,0.000000
2887,28.870062,5897.755423611,5897.755423611,16497,23095800,0.000000
2888,28.880066,5897.765428407,5897.765428407,16502,23102800,0.000000
2889,28.890073,5897.775434819,5897.775434819,16508,23111200,0.000000
2890,28.900072,5897.785433814,5897.785433814,16514,23119600,0.000000
2891,28.910070,5897.795431862,5897.795431862,16520,23128000,0.000000
2892,28.920072,5897.805433912,5897.805433912,16525,23135000,0.000000
2893,28.930065,5897.815426787,5897.815426787,16531,23143400,0.000000
2894,28.940061,5897.825423351,5897.825423351,16537,23151800,0.000000
2895,28.950069,5897.835430915,5897.835430915,16542,23158800,0.000000
2896,28.960077,5897.845439129,5897.845439129,16548,23167200,0.000000
2897,28.970065,5897.855427074,5897.855427074,16554,23175600,0.000000
2898,28.980078,5897.865439951,5897.865439951,16560,23184000,0.000000
2899,28.990068,5897.875429751,5897.875429751,16565,23191000,0.000000
2900,29.000069,5897.885431103,5897.885431103,16571,23199400,0.000000
2901,29.010057,5897.895419455,5897.895419455,16577,23207800,0.000000
2902,29.020067,5897.905428661,5897.905428661,16582,23214800,0.000000
2903,29.030071,5897.915433437,5897.915433437,16588,23223200,0.000000
2904,29.040068,5897.925430140,5897.925430140,16594,23231600,0.000000
2905,29.050082,5897.935443589,5897.935443589,16600,23240000,0.000000
2906,29.060068,5897.945429519,5897.945429519,16605,23247000,0.000000
2907,29.070065,5897.955427443,5897.955427443,16611,23255400,0.000000
2908,29.080064,5897.965425924,5897.965425924,16617,23263800,0.000000
2909,29.090065,5897.975426593,5897.975426593,16622,23270800,0.000000
2910,29.100065,5897.985427361,5897.985427361,16628,23279200,0.000000
2911,29.110065,5897.995427421,5897.995427421,16634,23287600,0.000000
2912,29.120075,5898.005437111,5898.005437111,16640,23296000,0.000000
2913,29.130046,5898.015407855,5898.015407855,16645,23303000,0.000000
2914,29.140074,5898.025435594,5898.025435594,16651,23311400,0.000000
2915,29.150064,5898.035426080,5898.035426080,16657,23319800,0.000000
2916,29.160080,5898.045442114,5898.045442114,16662,23326800,0.000000
2917,29.170064,5898.055426272,5898.055426272,16668,23335200,0.000000
2918,29.180066,5898.065428110,5898.065428110,16674,23343600,0.000000
2919,29.190079,5898.075440790,5898.075440790,16680,23352000,0.000000
2920,29.200068,5898.085430084,5898.085430084,16685,23359000,0.000000
2921,29.210076,5898.095437798,5898.095437798,16691,23367400,0.000000
2922,29.220061,5898.105423170,5898.105423170,16697,23375800,0.000000
2923,29.230069,5898.115430991,5898.115430991,16702,23382800,0.000000
2924,29.240067,5898.125428926,5898.125428926,16708,23391200,0.000000
2925,29.250083,5898.135445170,5898.135445170,16714,23399600,0.000000
2926,29.260092,5898.145453524,5898.145453524,16720,23408000,0.000000
2927,29.270064,5898.155426239,5898.155426239,16725,23415000,0.000000
2928,29.280065,5898.165426822,5898.165426822,16731,23423400,0.000000
2929,29.290062,5898.175423845,5898.175423845,16737,23431800,0.000000
2930,29.300068,5898.185430285,5898.185430285,16742,23438800,0.000000
2931,29.310060,5898.195422154,5898.195422154,16748,23447200,0.000000
2932,29.320067,5898.205429100,5898.205429100,16754,23455600,0.000000
2933,29.330084,5898.215445901,5898.215445901,16760,23464000,0.000000
2934,29.340067,5898.225428941,5898.225428941,16765,23471000,0.000000
2935,29.350063,5898.235425427,5898.235425427,16771,23479400,0.000000
2936,29.360027,5898.245388586,5898.245388586,16777,23487800,0.000000
2937,29.370067,5898.255429108,5898.255429108,16782,23494800,0.000000
2938,29.380063,5898.265425059,5898.265425059,16788,23503200,0.000000
2939,29.390060,5898.275421905,5898.275421905,16794,23511600,0.000000
2940,29.400079,5898.285440926,5898.285440926,16800,23520000,0.000000
2941,29.410067,5898.295428950,5898.295428950,16805,23527000,0.000000
2942,29.420063,5898.305424676,5898.305424676,16811,23535400,0.000000
2943,29.430069,5898.315430625,5898.315430625,16817,23543800,0.000000
2944,29.440071,5898.325432714,5898.325432714,16822,23550800,0.000000
2945,29.450076,5898.335437592,5898.335437592,16828,23559200,0.000000
2946,29.460074,5898.345435838,5898.345435838,16834,23567600,0.000000
2947,29.470081,5898.355443092,5898.355443092,16840,23576000,0.000000
2948,29.480068,5898.365430205,5898.365430205,16845,23583000,0.000000
2949,29.490065,5898.375426701,5898.375426701,16851,23591400,0.000000
2950,29.500057,5898.385419285,5898.385419285,16857,23599800,0.000000
2951,29.510063,5898.395425154,5898.395425154,16862,23606800,0.000000
2952,29.520066,5898.405428312,5898.405428312,16868,23615200,0.000000
2953,29.530066,5898.415427597,5898.415427597,16874,23623600,0.000000
2954,29.540091,5898.425452639,5898.425452639,16880,23632000,0.000000
2955,29.550076,5898.435438236,5898.435438236,16885,23639000,0.000000
2956,29.560064,5898.445425866,5898.445425866,16891,23647400,0.000000
2957,29.570062,5898.455424165,5898.455424165,16897,23655800,0.000000
2958,29.580064,5898.465425966,5898.465425966,16902,23662800,0.000000
2959,29.590064,5898.475426023,5898.475426023,16908,23671200,0.000000
2960,29.600065,5898.485426565,5898.485426565,16914,23679600,0.000000
2961,29.610067,5898.495429434,5898.495429434,16920,23688000,0.000000
2962,29.620068,5898.505429794,5898.505429794,16925,23695000,0.000000
2963,29.630065,5898.515426691,5898.515426691,16931,23703400,0.000000
2964,29.640059,5898.525420633,5898.525420633,16937,23711800,0.000000
2965,29.650068,5898.535430249,5898.535430249,16942,23718800,0.000000
2966,29.660067,5898.545428768,5898.545428768,16948,23727200,0.000000
2967,29.670059,5898.555421258,5898.555421258,16954,23735600,0.000000
2968,29.680068,5898.565430039,5898.565430039,16960,23744000,0.000000
2969,29.690068,5898.575430417,5898.575430417,16965,23751000,0.000000
2970,29.700064,5898.585425643,5898.585425643,16971,23759400,0.000000
2971,29.710058,5898.595420496,5898.595420496,16977,23767800,0.000000
2972,29.720065,5898.605427184,5898.605427184,16982,23774800,0.000000
2973,29.730078,5898.615440015,5898.615440015,16988,23783200,0.000000
2974,29.740058,5898.625420429,5898.625420429,16994,23791600,0.000000
2975,29.750078,5898.635440397,5898.635440397,17000,23800000,0.000000
2976,29.760067,5898.645429477,5898.645429477,17005,23807000,0.000000
2977,29.770063,5898.655424843,5898.655424843,17011,23815400,0.000000
2978,29.780058,5898.665419866,5898.665419866,17017,23823800,0.000000
2979,29.790067,5898.675428541,5898.675428541,17022,23830800,0.000000
2980,29.800068,5898.685430403,5898.685430403,17028,23839200,0.000000
2981,29.810067,5898.695429436,5898.695429436,17034,23847600,0.000000
2982,29.820070,5898.705431979,5898.705431979,17040,23856000,0.000000
2983,29.830067,5898.715428739,5898.715428739,17045,23863000,0.000000
2984,29.840066,5898.725427843,5898.725427843,17051,23871400,0.000000
2985,29.850057,5898.735419400,5898.735419400,17057,23879800,0.000000
2986,29.860071,5898.745432535,5898.745432535,17062,23886800,0.000000
2987,29.870063,5898.755425097,5898.755425097,17068,23895200,0.000000
2988,29.880059,5898.765421087,5898.765421087,17074,23903600,0.000000
2989,29.890071,5898.775432906,5898.775432906,17080,23912000,0.000000
2990,29.900062,5898.785424418,5898.785424418,17085,23919000,0.000000
2991,29.910065,5898.795427455,5898.795427455,17091,23927400,0.000000
2992,29.920014,5898.805375499,5898.805375499,17097,23935800,0.000000
2993,29.930065,5898.815427067,5898.815427067,17102,23942800,0.000000
2994,29.940065,5898.825427151,5898.825427151,17108,23951200,0.000000
2995,29.950068,5898.835429502,5898.835429502,17114,23959600,0.000000
2996,29.960075,5898.845436968,5898.845436968,17120,23968000,0.000000
2997,29.970068,5898.855429798,5898.855429798,17125,23975000,0.000000
2998,29.980070,5898.865431594,5898.865431594,17131,23983400,0.000000
2999,29.990062,5898.875423681,5898.875423681,17137,23991800,0.000000
3000,30.000061,5898.885423452,5898.885423452,17142,23998800,0.000000
3001,30.010066,5898.895427639,5898.895427639,17148,24007200,0.000000
3002,30.020063,5898.905424571,5898.905424571,17154,24015600,0.000000
3003,30.030078,5898.915439592,5898.915439592,17160,24024000,0.000000
3004,30.040064,5898.925425711,5898.925425711,17165,24031000,0.000000
3005,30.050067,5898.935428973,5898.935428973,17171,24039400,0.000000
3006,30.060064,5898.945425624,5898.945425624,17177,24047800,0.000000
3007,30.070069,5898.955430930,5898.955430930,17182,24054800,0.000000
3008,30.080068,5898.965429964,5898.965429964,17188,24063200,0.000000
3009,30.090067,5898.975429026,5898.975429026,17194,24071600,0.000000
3010,30.100077,5898.985439402,5898.985439402,17200,24080000,0.000000
3011,30.110068,5898.995429498,5898.995429498,17205,24087000,0.000000
3012,30.120065,5899.005427271,5899.005427271,17211,24095400,0.000000
3013,30.130066,5899.015428312,5899.015428312,17217,24103800,0.000000
3014,30.140065,5899.025426921,5899.025426921,17222,24110800,0.000000
3015,30.150067,5899.035428537,5899.035428537,17228,24119200,0.000000
3016,30.160070,5899.045432477,5899.045432477,17234,24127600,0.000000
3017,30.170070,5899.055432237,5899.055432237,17240,24136000,0.000000
3018,30.180067,5899.065429475,5899.065429475,17245,24143000,0.000000
3019,30.190063,5899.075425058,5899.075425058,17251,24151400,0.000000
3020,30.200023,5899.085384625,5899.085384625,17257,24159800,0.000000
3021,30.210067,5899.095428502,5899.095428502,17262,24166800,0.000000
3022,30.220066,5899.105428038,5899.105428038,17268,24175200,0.000000
3023,30.230065,5899.115427348,5899.115427348,17274,24183600,0.000000
3024,30.240073,5899.125434991,5899.125434991,17280,24192000,0.000000
3025,30.250065,5899.135427337,5899.135427337,17285,24199000,0.000000
3026,30.260082,5899.145443647,5899.145443647,17291,24207400,0.000000
3027,30.270062,5899.155423853,5899.155423853,17297,24215800,0.000000
3028,30.280065,5899.165427308,5899.165427308,17302,24222800,0.000000
3029,30.290012,5899.175374360,5899.175374360,17308,24231200,0.000000
3030,30.300062,5899.185424276,5899.185424276,17314,24239600,0.000000
3031,30.310037,5899.195399436,5899.195399436,17320,24248000,0.000000
3032,30.320066,5899.205428137,5899.205428137,17325,24255000,0.000000
3033,30.330068,5899.215430411,5899.215430411,17331,24263400,0.000000
3034,30.340062,5899.225423627,5899.225423627,17337,24271800,0.000000
3035,30.350069,5899.235431428,5899.235431428,17342,24278800,0.000000
3036,30.360064,5899.245425673,5899.245425673,17348,24287200,0.000000
3037,30.370063,5899.255424592,5899.255424592,17354,24295600,0.000000
3038,30.380078,5899.265440484,5899.265440484,17360,24304000,0.000000
3039,30.390067,5899.275428513,5899.275428513,17365,24311000,0.000000
3040,30.400069,5899.285431150,5899.285431150,17371,24319400,0.000000
3041,30.410061,5899.295423375,5899.295423375,17377,24327800,0.000000
3042,30.420065,5899.305427148,5899.305427148,17382,24334800,0.000000
3043,30.430066,5899.315427969,5899.315427969,17388,24343200,0.000000
3044,30.440068,5899.325430495,5899.325430495,17394,24351600,0.000000
3045,30.450090,5899.335452175,5899.335452175,17400,24360000,0.000000
3046,30.460067,5899.345428998,5899.345428998,17405,24367000,0.000000
3047,30.470049,5899.355411463,5899.355411463,17411,24375400,0.000000
3048,30.480018,5899.365379501,5899.365379501,17417,24383800,0.000000
3049,30.490063,5899.375425300,5899.375425300,17422,24390800,0.000000
3050,30.500064,5899.385426196,5899.385426196,17428,24399200,0.000000
3051,30.510064,5899.395425522,5899.395425522,17434,24407600,0.000000
3052,30.520084,5899.405445628,5899.405445628,17440,24416000,0.000000
3053,30.530060,5899.415422313,5899.415422313,17445,24423000,0.000000
3054,30.540068,5899.425429638,5899.425429638,17451,24431400,0.000000
3055,30.550062,5899.435424118,5899.435424118,17457,24439800,0.000000
3056,30.560066,5899.445428440,5899.445428440,17462,24446800,0.000000
3057,30.570072,5899.455433870,5899.455433870,17468,24455200,0.000000
3058,30.580057,5899.465418867,5899.465418867,17474,24463600,0.000000
3059,30.590074,5899.475436123,5899.475436123,17480,24472000,0.000000
3060,30.600061,5899.485422926,5899.485422926,17485,24479000,0.000000
3061,30.610071,5899.495432613,5899.495432613,17491,24487400,0.000000
3062,30.620067,5899.505428616,5899.505428616,17497,24495800,0.000000
3063,30.630065,5899.515426521,5899.515426521,17502,24502800,0.000000
3064,30.640071,5899.525432974,5899.525432974,17508,24511200,0.000000
3065,30.650090,5899.535452096,5899.535452096,17514,24519600,0.000000
3066,30.660076,5899.545437959,5899.545437959,17520,24528000,0.000000
3067,30.670065,5899.555426711,5899.555426711,17525,24535000,0.000000
3068,30.680065,5899.565426912,5899.565426912,17531,24543400,0.000000
3069,30.690063,5899.575425211,5899.575425211,17537,24551800,0.000000
3070,30.700065,5899.585427416,5899.585427416,17542,24558800,0.000000
3071,30.710064,5899.595425841,5899.595425841,17548,24567200,0.000000
3072,30.720065,5899.605427243,5899.605427243,17554,24575600,0.000000
3073,30.730069,5899.615431019,5899.615431019,17560,24584000,0.000000
3074,30.740071,5899.625433426,5899.625433426,17565,24591000,0.000000
3075,30.750069,5899.635430595,5899.635430595,17571,24599400,0.000000
3076,30.760067,5899.645428946,5899.645428946,17577,24607800,0.000000
3077,30.770067,5899.655428677,5899.655428677,17582,24614800,0.000000
3078,30.780066,5899.665427680,5899.665427680,17588,24623200,0.000000
3079,30.790066,5899.675428292,5899.675428292,17594,24631600,0.000000
3080,30.800078,5899.685440482,5899.685440482,17600,24640000,0.000000
3081,30.810066,5899.695428385,5899.695428385,17605,24647000,0.000000
3082,30.820068,5899.705430110,5899.705430110,17611,24655400,0.000000
3083,30.830060,5899.715422194,5899.715422194,17617,24663800,0.000000
3084,30.840078,5899.725440319,5899.725440319,17622,24670800,0.000000
3085,30.850065,5899.735427118,5899.735427118,17628,24679200,0.000000
3086,30.860066,5899.745427879,5899.745427879,17634,24687600,0.000000
3087,30.870081,5899.755442844,5899.755442844,17640,24696000,0.000000
3088,30.880066,5899.765427588,5899.765427588,17645,24703000,0.000000
3089,30.890069,5899.775430864,5899.775430864,17651,24711400,0.000000
3090,30.900058,5899.785420389,5899.785420389,17657,24719800,0.000000
3091,30.910068,5899.795430058,5899.795430058,17662,24726800,0.000000
3092,30.920063,5899.805425246,5899.805425246,17668,24735200,0.000000
3093,30.930065,5899.815426937,5899.815426937,17674,24743600,0.000000
3094,30.940093,5899.825454733,5899.825454733,17680,24752000,0.000000
3095,30.950064,5899.835425542,5899.835425542,17685,24759000,0.000000
3096,30.960076,5899.845437680,5899.845437680,17691,24767400,0.000000
3097,30.970059,5899.855420772,5899.855420772,17697,24775800,0.000000
3098,30.980075,5899.865437227,5899.865437227,17702,24782800,0.000000
3099,30.990027,5899.875389130,5899.875389130,17708,24791200,0.000000
3100,31.000071,5899.885433476,5899.885433476,17714,24799600,0.000000
3101,31.010086,5899.895448172,5899.895448172,17720,24808000,0.000000
3102,31.020063,5899.905424810,5899.905424810,17725,24815000,0.000000
3103,31.030067,5899.915428885,5899.915428885,17731,24823400,0.000000
3104,31.040065,5899.925426525,5899.925426525,17737,24831800,0.000000
3105,31.050066,5899.935427780,5899.935427780,17742,24838800,0.000000
3106,31.060067,5899.945428830,5899.945428830,17748,24847200,0.000000
3107,31.070065,5899.955427168,5899.955427168,17754,24855600,0.000000
3108,31.080077,5899.965438510,5899.965438510,17760,24864000,0.000000
3109,31.090061,5899.975422508,5899.975422508,17765,24871000,0.000000
3110,31.100069,5899.985430535,5899.985430535,17771,24879400,0.000000
3111,31.110058,5899.995419650,5899.995419650,17777,24887800,0.000000
3112,31.120065,5900.005426563,5900.005426563,17782,24894800,0.000000
3113,31.130064,5900.015426194,5900.015426194,17788,24903200,0.000000
3114,31.140070,5900.025431609,5900.025431609,17794,24911600,0.000000
3115,31.150044,5900.035405593,5900.035405593,17800,24920000,0.000000
3116,31.160067,5900.045429188,5900.045429188,17805,24927000,0.000000
3117,31.170068,5900.055429839,5900.055429839,17811,24935400,0.000000
3118,31.180065,5900.065427358,5900.065427358,17817,24943800,0.000000
3119,31.190066,5900.075428114,5900.075428114,17822,24950800,0.000000
3120,31.200074,5900.085436429,5900.085436429,17828,24959200,0.000000
3121,31.210065,5900.095427201,5900.095427201,17834,24967600,0.000000
3122,31.220079,5900.105441256,5900.105441256,17840,24976000,0.000000
3123,31.230069,5900.115430893,5900.115430893,17845,24983000,0.000000
3124,31.240066,5900.125428033,5900.125428033,17851,24991400,0.000000
3125,31.250060,5900.135421709,5900.135421709,17857,24999800,0.000000
3126,31.260071,5900.145433348,5900.145433348,17862,25006800,0.000000
3127,31.270070,5900.155431815,5900.155431815,17868,25015200,0.000000
3128,31.280064,5900.165425965,5900.165425965,17874,25023600,0.000000
3129,31.290073,5900.175434582,5900.175434582,17880,25032000,0.000000
3130,31.300066,5900.185427616,5900.185427616,17885,25039000,0.000000
3131,31.310067,5900.195428563,5900.195428563,17891,25047400,0.000000
3132,31.320059,5900.205420762,5900.205420762,17897,25055800,0.000000
3133,31.330065,5900.215427035,5900.215427035,17902,25062800,0.000000
3134,31.340066,5900.225428191,5900.225428191,17908,25071200,0.000000
3135,31.350100,5900.235462061,5900.235462061,17914,25079600,0.000000
3136,31.360025,5900.245387327,5900.245387327,17920,25088000,0.000000
3137,31.370034,5900.255395637,5900.255395637,17925,25095000,0.000000
3138,31.380064,5900.265426389,5900.265426389,17931,25103400,0.000000
3139,31.390063,5900.275425344,5900.275425344,17937,25111800,0.000000
3140,31.400065,5900.285427414,5900.285427414,17942,25118800,0.000000
3141,31.410067,5900.295429113,5900.295429113,17948,25127200,0.000000
3142,31.420068,5900.305429944,5900.305429944,17954,25135600,0.000000
3143,31.430072,5900.315433772,5900.315433772,17960,25144000,0.000000
3144,31.440067,5900.325429211,5900.325429211,17965,25151000,0.000000
3145,31.450070,5900.335431563,5900.335431563,17971,25159400,0.000000
3146,31.460067,5900.345428907,5900.345428907,17977,25167800,0.000000
3147,31.470077,5900.355438846,5900.355438846,17982,25174800,0.000000
3148,31.480068,5900.365429674,5900.365429674,17988,25183200,0.000000
3149,31.490065,5900.375426829,5900.375426829,17994,25191600,0.000000
3150,31.500092,5900.385454456,5900.385454456,18000,25200000,0.000000
3151,31.510040,5900.395402427,5900.395402427,18005,25207000,0.000000
3152,31.520072,5900.405433926,5900.405433926,18011,25215400,0.000000
3153,31.530062,5900.415423979,5900.415423979,18017,25223800,0.000000
3154,31.540079,5900.425441362,5900.425441362,18022,25230800,0.000000
3155,31.550066,5900.435428094,5900.435428094,18028,25239200,0.000000
3156,31.560064,5900.445426471,5900.445426471,18034,25247600,0.000000
3157,31.570073,5900.455435494,5900.455435494,18040,25256000,0.000000
3158,31.580070,5900.465431533,5900.465431533,18045,25263000,0.000000
3159,31.590068,5900.475430426,5900.475430426,18051,25271400,0.000000
3160,31.600066,5900.485428350,5900.485428350,18057,25279800,0.000000
3161,31.610068,5900.495430234,5900.495430234,18062,25286800,0.000000
3162,31.620065,5900.505426708,5900.505426708,18068,25295200,0.000000
3163,31.630071,5900.515433105,5900.515433105,18074,25303600,0.000000
3164,31.640083,5900.525445456,5900.525445456,18080,25312000,0.000000
3165,31.650064,5900.535425937,5900.535425937,18085,25319000,0.000000
3166,31.660064,5900.545426472,5900.545426472,18091,25327400,0.000000
3167,31.670066,5900.555427742,5900.555427742,18097,25335800,0.000000
3168,31.680070,5900.565432065,5900.565432065,18102,25342800,0.000000
3169,31.690064,5900.575425671,5900.575425671,18108,25351200,0.000000
3170,31.700069,5900.585431193,5900.585431193,18114,25359600,0.000000
3171,31.710085,5900.595446637,5900.595446637,18120,25368000,0.000000
3172,31.720067,5900.605428863,5900.605428863,18125,25375000,0.000000
3173,31.730066,5900.615428050,5900.615428050,18131,25383400,0.000000
3174,31.740058,5900.625420435,5900.625420435,18137,25391800,0.000000
3175,31.750068,5900.635430057,5900.635430057,18142,25398800,0.000000
3176,31.760068,5900.645430185,5900.645430185,18148,25407200,0.000000
3177,31.770069,5900.655430729,5900.655430729,18154,25415600,0.000000
3178,31.780085,5900.665446739,5900.665446739,18160,25424000,0.000000
3179,31.790068,5900.675429751,5900.675429751,18165,25431000,0.000000
3180,31.800067,5900.685428882,5900.685428882,18171,25439400,0.000000
3181,31.810064,5900.695425634,5900.695425634,18177,25447800,0.000000
3182,31.820065,5900.705427163,5900.705427163,18182,25454800,0.000000
3183,31.830071,5900.715432586,5900.715432586,18188,25463200,0.000000
3184,31.840068,5900.725430003,5900.725430003,18194,25471600,0.000000
3185,31.850074,5900.735435860,5900.735435860,18200,25480000,0.000000
3186,31.860066,5900.745427805,5900.745427805,18205,25487000,0.000000
3187,31.870067,5900.755428779,5900.755428779,18211,25495400,0.000000
3188,31.880068,5900.765430017,5900.765430017,18217,25503800,0.000000
3189,31.890063,5900.775425075,5900.775425075,18222,25510800,0.000000
3190,31.900063,5900.785425024,5900.785425024,18228,25519200,0.000000
3191,31.910068,5900.795430366,5900.795430366,18234,25527600,0.000000
3192,31.920101,5900.805462893,5900.805462893,18240,25536000,0.000000
3193,31.930070,5900.815431994,5900.815431994,18245,25543000,0.000000
3194,31.940068,5900.825430043,5900.825430043,18251,25551400,0.000000
3195,31.950057,5900.835419233,5900.835419233,18257,25559800,0.000000
3196,31.960074,5900.845435523,5900.845435523,18262,25566800,0.000000
3197,31.970072,5900.855433578,5900.855433578,18268,25575200,0.000000
3198,31.980072,5900.865433916,5900.865433916,18274,25583600,0.000000
3199,31.990081,5900.875442625,5900.875442625,18280,25592000,0.000000
3200,32.000075,5900.885437074,5900.885437074,18285,25599000,0.000000
3201,32.010082,5900.895443569,5900.895443569,18291,25607400,0.000000
3202,32.020066,5900.905428384,5900.905428384,18297,25615800,0.000000
3203,32.030012,5900.915373838,5900.915373838,18302,25622800,0.000000
3204,32.040072,5900.925434255,5900.925434255,18308,25631200,0.000000
3205,32.050097,5900.935458799,5900.935458799,18314,25639600,0.000000
3206,32.060070,5900.945431584,5900.945431584,18320,25648000,0.000000
3207,32.070071,5900.955432592,5900.955432592,18325,25655000,0.000000
3208,32.080044,5900.965406195,5900.965406195,18331,25663400,0.000000
3209,32.090057,5900.975419478,5900.975419478,18337,25671800,0.000000
3210,32.100066,5900.985427576,5900.985427576,18342,25678800,0.000000
3211,32.110091,5900.995452833,5900.995452833,18348,25687200,0.000000
3212,32.120124,5901.005486345,5901.005486345,18354,25695600,0.000000
3213,32.130074,5901.015436082,5901.015436082,18360,25704000,0.000000
3214,32.140091,5901.025452874,5901.025452874,18365,25711000,0.000000
3215,32.150066,5901.035428014,5901.035428014,18371,25719400,0.000000
3216,32.160078,5901.045439955,5901.045439955,18377,25727800,0.000000
3217,32.170059,5901.055421341,5901.055421341,18382,25734800,0.000000
3218,32.180065,5901.065426921,5901.065426921,18388,25743200,0.000000
3219,32.190029,5901.075391264,5901.075391264,18394,25751600,0.000000
3220,32.200099,5901.085461012,5901.085461012,18400,25760000,0.000000
3221,32.210066,5901.095428440,5901.095428440,18405,25767000,0.000000
3222,32.220076,5901.105437777,5901.105437777,18411,25775400,0.000000
3223,32.230068,5901.115430242,5901.115430242,18417,25783800,0.000000
3224,32.240090,5901.125451954,5901.125451954,18422,25790800,0.000000
3225,32.250064,5901.135425817,5901.135425817,18428,25799200,0.000000
3226,32.260062,5901.145424032,5901.145424032,18434,25807600,0.000000
3227,32.270080,5901.155441870,5901.155441870,18440,25816000,0.000000
3228,32.280066,5901.165428257,5901.165428257,18445,25823000,0.000000
3229,32.290067,5901.175429209,5901.175429209,18451,25831400,0.000000
3230,32.300070,5901.185431731,5901.185431731,18457,25839800,0.000000
3231,32.310066,5901.195428042,5901.195428042,18462,25846800,0.000000
3232,32.320065,5901.205427105,5901.205427105,18468,25855200,0.000000
3233,32.330064,5901.215426230,5901.215426230,18474,25863600,0.000000
3234,32.340076,5901.225437957,5901.225437957,18480,25872000,0.000000
3235,32.350038,5901.235399866,5901.235399866,18485,25879000,0.000000
3236,32.360063,5901.245425496,5901.245425496,18491,25887400,0.000000
3237,32.370065,5901.255427251,5901.255427251,18497,25895800,0.000000
3238,32.380072,5901.265433583,5901.265433583,18502,25902800,0.000000
3239,32.390059,5901.275421038,5901.275421038,18508,25911200,0.000000
3240,32.400065,5901.285426626,5901.285426626,18514,25919600,0.000000
3241,32.410075,5901.295437298,5901.295437298,18520,25928000,0.000000
3242,32.420073,5901.305435044,5901.305435044,18525,25935000,0.000000
3243,32.430063,5901.315425248,5901.315425248,18531,25943400,0.000000
3244,32.440059,5901.325420501,5901.325420501,18537,25951800,0.000000
3245,32.450067,5901.335429086,5901.335429086,18542,25958800,0.000000
3246,32.460042,5901.345404084,5901.345404084,18548,25967200,0.000000
3247,32.470034,5901.355396364,5901.355396364,18554,25975600,0.000000
3248,32.480069,5901.365431260,5901.365431260,18560,25984000,0.000000
3249,32.490078,5901.375439543,5901.375439543,18565,25991000,0.000000
3250,32.500048,5901.385410167,5901.385410167,18571,25999400,0.000000
3251,32.510032,5901.395393587,5901.395393587,18577,26007800,0.000000
3252,32.520067,5901.405429151,5901.405429151,18582,26014800,0.000000
3253,32.530079,5901.415441106,5901.415441106,18588,26023200,0.000000
3254,32.540065,5901.425427109,5901.425427109,18594,26031600,0.000000
3255,32.550077,5901.435438842,5901.435438842,18600,26040000,0.000000
3256,32.560073,5901.445434500,5901.445434500,18605,26047000,0.000000
3257,32.570066,5901.455427515,5901.455427515,18611,26055400,0.000000
3258,32.580062,5901.465423895,5901.465423895,18617,26063800,0.000000
3259,32.590068,5901.475429674,5901.475429674,18622,26070800,0.000000
3260,32.600065,5901.485426867,5901.485426867,18628,26079200,0.000000
3261,32.610064,5901.495425568,5901.495425568,18634,26087600,0.000000
3262,32.620076,5901.505438386,5901.505438386,18640,26096000,0.000000
3263,32.630063,5901.515425243,5901.515425243,18645,26103000,0.000000
3264,32.640066,5901.525427552,5901.525427552,18651,26111400,0.000000
3265,32.650059,5901.535420653,5901.535420653,18657,26119800,0.000000
3266,32.660069,5901.545430985,5901.545430985,18662,26126800,0.000000
3267,32.670063,5901.555424612,5901.555424612,18668,26135200,0.000000
3268,32.680070,5901.565432386,5901.565432386,18674,26143600,0.000000
3269,32.690081,5901.575442800,5901.575442800,18680,26152000,0.000000
3270,32.700065,5901.585427107,5901.585427107,18685,26159000,0.000000
3271,32.710060,5901.595421715,5901.595421715,18691,26167400,0.000000
3272,32.720031,5901.605392512,5901.605392512,18697,26175800,0.000000
3273,32.730071,5901.615432992,5901.615432992,18702,26182800,0.000000
3274,32.740064,5901.625426307,5901.625426307,18708,26191200,0.000000
3275,32.750061,5901.635423142,5901.635423142,18714,26199600,0.000000
3276,32.760079,5901.645440530,5901.645440530,18720,26208000,0.000000
3277,32.770071,5901.655433005,5901.655433005,18725,26215000,0.000000
3278,32.780088,5901.665449657,5901.665449657,18731,26223400,0.000000
3279,32.790064,5901.675425899,5901.675425899,18737,26231800,0.000000
3280,32.800072,5901.685434342,5901.685434342,18742,26238800,0.000000
3281,32.810072,5901.695434433,5901.695434433,18748,26247200,0.000000
3282,32.820073,5901.705434773,5901.705434773,18754,26255600,0.000000
3283,32.830077,5901.715438745,5901.715438745,18760,26264000,0.000000
3284,32.840070,5901.725431690,5901.725431690,18765,26271000,0.000000
3285,32.850073,5901.735434635,5901.735434635,18771,26279400,0.000000
3286,32.860058,5901.745420387,5901.745420387,18777,26287800,0.000000
3287,32.870068,5901.755429533,5901.755429533,18782,26294800,0.000000
3288,32.880089,5901.765451496,5901.765451496,18788,26303200,0.000000
3289,32.890065,5901.775426975,5901.775426975,18794,26311600,0.000000
3290,32.900076,5901.785438108,5901.785438108,18800,26320000,0.000000
3291,32.910067,5901.795428995,5901.795428995,18805,26327000,0.000000
3292,32.920077,5901.805439166,5901.805439166,18811,26335400,0.000000
3293,32.930069,5901.815431215,5901.815431215,18817,26343800,0.000000
3294,32.940067,5901.825428989,5901.825428989,18822,26350800,0.000000
3295,32.950064,5901.835426212,5901.835426212,18828,26359200,0.000000
3296,32.960064,5901.845425851,5901.845425851,18834,26367600,0.000000
3297,32.970077,5901.855438526,5901.855438526,18840,26376000,0.000000
3298,32.980091,5901.865453005,5901.865453005,18845,26383000,0.000000
3299,32.990063,5901.875424584,5901.875424584,18851,26391400,0.000000
3300,33.000067,5901.885429385,5901.885429385,18857,26399800,0.000000
3301,33.010075,5901.895436795,5901.895436795,18862,26406800,0.000000
3302,33.020066,5901.905427535,5901.905427535,18868,26415200,0.000000
3303,33.030058,5901.915420201,5901.915420201,18874,26423600,0.000000
3304,33.040093,5901.925454907,5901.925454907,18880,26432000,0.000000
3305,33.050071,5901.935432959,5901.935432959,18885,26439000,0.000000
3306,33.060076,5901.945437683,5901.945437683,18891,26447400,0.000000
3307,33.070064,5901.955426236,5901.955426236,18897,26455800,0.000000
3308,33.080044,5901.965406117,5901.965406117,18902,26462800,0.000000
3309,33.090068,5901.975430188,5901.975430188,18908,26471200,0.000000
3310,33.100026,5901.985388479,5901.985388479,18914,26479600,0.000000
3311,33.110085,5901.995446526,5901.995446526,18920,26488000,0.000000
3312,33.120072,5902.005434488,5902.005434488,18925,26495000,0.000000
3313,33.130066,5902.015427801,5902.015427801,18931,26503400,0.000000
3314,33.140063,5902.025425273,5902.025425273,18937,26511800,0.000000
3315,33.150068,5902.035429976,5902.035429976,18942,26518800,0.000000
3316,33.160067,5902.045429453,5902.045429453,18948,26527200,0.000000
3317,33.170075,5902.055436521,5902.055436521,18954,26535600,0.000000
3318,33.180071,5902.065432590,5902.065432590,18960,26544000,0.000000
3319,33.190066,5902.075427526,5902.075427526,18965,26551000,0.000000
3320,33.200064,5902.085425824,5902.085425824,18971,26559400,0.000000
3321,33.210063,5902.095425393,5902.095425393,18977,26567800,0.000000
3322,33.220077,5902.105439391,5902.105439391,18982,26574800,0.000000
3323,33.230075,5902.115437246,5902.115437246,18988,26583200,0.000000
3324,33.240067,5902.125429311,5902.125429311,18994,26591600,0.000000
3325,33.250078,5902.135440231,5902.135440231,19000,26600000,0.000000
3326,33.260066,5902.145428001,5902.145428001,19005,26607000,0.000000
3327,33.270068,5902.155430202,5902.155430202,19011,26615400,0.000000
3328,33.280062,5902.165423868,5902.165423868,19017,26623800,0.000000
3329,33.290070,5902.175431824,5902.175431824,19022,26630800,0.000000
3330,33.300063,5902.185425291,5902.185425291,19028,26639200,0.000000
3331,33.310046,5902.195408399,5902.195408399,19034,26647600,0.000000
3332,33.320106,5902.205468426,5902.205468426,19040,26656000,0.000000
3333,33.330038,5902.215399627,5902.215399627,19045,26663000,0.000000
3334,33.340063,5902.225425056,5902.225425056,19051,26671400,0.000000
3335,33.350064,5902.235425835,5902.235425835,19057,26679800,0.000000
3336,33.360066,5902.245427595,5902.245427595,19062,26686800,0.000000
3337,33.370065,5902.255427455,5902.255427455,19068,26695200,0.000000
3338,33.380064,5902.265426135,5902.265426135,19074,26703600,0.000000
3339,33.390070,5902.275431915,5902.275431915,19080,26712000,0.000000
3340,33.400068,5902.285429693,5902.285429693,19085,26719000,0.000000
3341,33.410064,5902.295425777,5902.295425777,19091,26727400,0.000000
3342,33.420058,5902.305419734,5902.305419734,19097,26735800,0.000000
3343,33.430107,5902.315468912,5902.315468912,19102,26742800,0.000000
3344,33.440065,5902.325426723,5902.325426723,19108,26751200,0.000000
3345,33.450065,5902.335426723,5902.335426723,19114,26759600,0.000000
3346,33.460075,5902.345436860,5902.345436860,19120,26768000,0.000000
3347,33.470063,5902.355425044,5902.355425044,19125,26775000,0.000000
3348,33.480065,5902.365427333,5902.365427333,19131,26783400,0.000000
3349,33.490060,5902.375422410,5902.375422410,19137,26791800,0.000000
3350,33.500074,5902.385435644,5902.385435644,19142,26798800,0.000000
3351,33.510068,5902.395429918,5902.395429918,19148,26807200,0.000000
3352,33.520077,5902.405439311,5902.405439311,19154,26815600,0.000000
3353,33.530076,5902.415437599,5902.415437599,19160,26824000,0.000000
3354,33.540069,5902.425431385,5902.425431385,19165,26831000,0.000000
3355,33.550063,5902.435425062,5902.435425062,19171,26839400,0.000000
3356,33.560068,5902.445430085,5902.445430085,19177,26847800,0.000000
3357,33.570067,5902.455429196,5902.455429196,19182,26854800,0.000000
3358,33.580079,5902.465440695,5902.465440695,19188,26863200,0.000000
3359,33.590063,5902.475425170,5902.475425170,19194,26871600,0.000000
3360,33.600081,5902.485442607,5902.485442607,19200,26880000,0.000000
3361,33.610067,5902.495429467,5902.495429467,19205,26887000,0.000000
3362,33.620062,5902.505424387,5902.505424387,19211,26895400,0.000000
3363,33.630064,5902.515426255,5902.515426255,19217,26903800,0.000000
3364,33.640047,5902.525409345,5902.525409345,19222,26910800,0.000000
3365,33.650067,5902.535428764,5902.535428764,19228,26919200,0.000000
3366,33.660066,5902.545428452,5902.545428452,19234,26927600,0.000000
3367,33.670098,5902.555460302,5902.555460302,19240,26936000,0.000000
3368,33.680077,5902.565439413,5902.565439413,19245,26943000,0.000000
3369,33.690066,5902.575427623,5902.575427623,19251,26951400,0.000000
3370,33.700061,5902.585423186,5902.585423186,19257,26959800,0.000000
3371,33.710076,5902.595438201,5902.595438201,19262,26966800,0.000000
3372,33.720066,5902.605428258,5902.605428258,19268,26975200,0.000000
3373,33.730063,5902.615425153,5902.615425153,19274,26983600,0.000000
3374,33.740079,5902.625440527,5902.625440527,19280,26992000,0.000000
3375,33.750066,5902.635427902,5902.635427902,19285,26999000,0.000000
3376,33.760053,5902.645415067,5902.645415067,19291,27007400,0.000000
3377,33.770058,5902.655419677,5902.655419677,19297,27015800,0.000000
3378,33.780060,5902.665422085,5902.665422085,19302,27022800,0.000000
3379,33.790068,5902.675429517,5902.675429517,19308,27031200,0.000000
3380,33.800069,5902.685430738,5902.685430738,19314,27039600,0.000000
3381,33.810072,5902.695434040,5902.695434040,19320,27048000,0.000000
3382,33.820064,5902.705425891,5902.705425891,19325,27055000,0.000000
3383,33.830067,5902.715429272,5902.715429272,19331,27063400,0.000000
3384,33.840082,5902.725444237,5902.725444237,19337,27071800,0.000000
3385,33.850065,5902.735426562,5902.735426562,19342,27078800,0.000000
3386,33.860066,5902.745427837,5902.745427837,19348,27087200,0.000000
3387,33.870089,5902.755451108,5902.755451108,19354,27095600,0.000000
3388,33.880080,5902.765441668,5902.765441668,19360,27104000,0.000000
3389,33.890067,5902.775429217,5902.775429217,19365,27111000,0.000000
3390,33.900065,5902.785426652,5902.785426652,19371,27119400,0.000000
3391,33.910062,5902.795423882,5902.795423882,19377,27127800,0.000000
3392,33.920069,5902.805430640,5902.805430640,19382,27134800,0.000000
3393,33.930064,5902.815426211,5902.815426211,19388,27143200,0.000000
3394,33.940062,5902.825424291,5902.825424291,19394,27151600,0.000000
3395,33.950068,5902.835429539,5902.835429539,19400,27160000,0.000000
3396,33.960066,5902.845427919,5902.845427919,19405,27167000,0.000000
3397,33.970065,5902.855426723,5902.855426723,19411,27175400,0.000000
3398,33.980062,5902.865424048,5902.865424048,19417,27183800,0.000000
3399,33.990068,5902.875429690,5902.875429690,19422,27190800,0.000000
3400,34.000067,5902.885428996,5902.885428996,19428,27199200,0.000000
3401,34.010067,5902.895429257,5902.895429257,19434,27207600,0.000000
3402,34.020077,5902.905439175,5902.905439175,19440,27216000,0.000000
3403,34.030068,5902.915430209,5902.915430209,19445,27223000,0.000000
3404,34.040063,5902.925425337,5902.925425337,19451,27231400,0.000000
3405,34.050062,5902.935423812,5902.935423812,19457,27239800,0.000000
3406,34.060067,5902.945429489,5902.945429489,19462,27246800,0.000000
3407,34.070066,5902.955428282,5902.955428282,19468,27255200,0.000000
3408,34.080064,5902.965425544,5902.965425544,19474,27263600,0.000000
3409,34.090073,5902.975435402,5902.975435402,19480,27272000,0.000000
3410,34.100059,5902.985420704,5902.985420704,19485,27279000,0.000000
3411,34.110078,5902.995440172,5902.995440172,19491,27287400,0.000000
3412,34.120059,5903.005421449,5903.005421449,19497,27295800,0.000000
3413,34.130063,5903.015425310,5903.015425310,19502,27302800,0.000000
3414,34.140069,5903.025430734,5903.025430734,19508,27311200,0.000000
3415,34.150068,5903.035430136,5903.035430136,19514,27319600,0.000000
3416,34.160081,5903.045443372,5903.045443372,19520,27328000,0.000000
3417,34.170068,5903.055429697,5903.055429697,19525,27335000,0.000000
3418,34.180067,5903.065429136,5903.065429136,19531,27343400,0.000000
3419,34.190062,5903.075423664,5903.075423664,19537,27351800,0.000000
3420,34.200069,5903.085430703,5903.085430703,19542,27358800,0.000000
3421,34.210070,5903.095431547,5903.095431547,19548,27367200,0.000000
3422,34.220063,5903.105424933,5903.105424933,19554,27375600,0.000000
3423,34.230074,5903.115435964,5903.115435964,19560,27384000,0.000000
3424,34.240067,5903.125429218,5903.125429218,19565,27391000,0.000000
3425,34.250067,5903.135429126,5903.135429126,19571,27399400,0.000000
3426,34.260061,5903.145423414,5903.145423414,19577,27407800,0.000000
3427,34.270066,5903.155428472,5903.155428472,19582,27414800,0.000000
3428,34.280069,5903.165431254,5903.165431254,19588,27423200,0.000000
3429,34.290066,5903.175427877,5903.175427877,19594,27431600,0.000000
3430,34.300083,5903.185445388,5903.185445388,19600,27440000,0.000000
3431,34.310072,5903.195434200,5903.195434200,19605,27447000,0.000000
3432,34.320067,5903.205429236,5903.205429236,19611,27455400,0.000000
3433,34.330059,5903.215420520,5903.215420520,19617,27463800,0.000000
3434,34.340063,5903.225425218,5903.225425218,19622,27470800,0.000000
3435,34.350069,5903.235431028,5903.235431028,19628,27479200,0.000000
3436,34.360064,5903.245426333,5903.245426333,19634,27487600,0.000000
3437,34.370083,5903.255444564,5903.255444564,19640,27496000,0.000000
3438,34.380065,5903.265427128,5903.265427128,19645,27503000,0.000000
3439,34.390063,5903.275425184,5903.275425184,19651,27511400,0.000000
3440,34.400063,5903.285424824,5903.285424824,19657,27519800,0.000000
3441,34.410066,5903.295428459,5903.295428459,19662,27526800,0.000000
3442,34.420065,5903.305426544,5903.305426544,19668,27535200,0.000000
3443,34.430063,5903.315425254,5903.315425254,19674,27543600,0.000000
3444,34.440073,5903.325435381,5903.325435381,19680,27552000,0.000000
3445,34.450075,5903.335437381,5903.335437381,19685,27559000,0.000000
3446,34.460065,5903.345426694,5903.345426694,19691,27567400,0.000000
3447,34.470062,5903.355423925,5903.355423925,19697,27575800,0.000000
3448,34.480066,5903.365427873,5903.365427873,19702,27582800,0.000000
3449,34.490069,5903.375430833,5903.375430833,19708,27591200,0.000000
3450,34.500063,5903.385425105,5903.385425105,19714,27599600,0.000000
3451,34.510080,5903.395441961,5903.395441961,19720,27608000,0.000000
3452,34.520065,5903.405427191,5903.405427191,19725,27615000,0.000000
3453,34.530077,5903.415438922,5903.415438922,19731,27623400,0.000000
3454,34.540057,5903.425419373,5903.425419373,19737,27631800,0.000000
3455,34.550065,5903.435427069,5903.435427069,19742,27638800,0.000000
3456,34.560063,5903.445425451,5903.445425451,19748,27647200,0.000000
3457,34.570056,5903.455418110,5903.455418110,19754,27655600,0.000000
3458,34.580072,5903.465433656,5903.465433656,19760,27664000,0.000000
3459,34.590068,5903.475430426,5903.475430426,19765,27671000,0.000000
3460,34.600061,5903.485422917,5903.485422917,19771,27679400,0.000000
3461,34.610063,5903.495425088,5903.495425088,19777,27687800,0.000000
3462,34.620067,5903.505429153,5903.505429153,19782,27694800,0.000000
3463,34.630070,5903.515431992,5903.515431992,19788,27703200,0.000000
3464,34.640069,5903.525431142,5903.525431142,19794,27711600,0.000000
3465,34.650070,5903.535432053,5903.535432053,19800,27720000,0.000000
3466,34.660065,5903.545426822,5903.545426822,19805,27727000,0.000000
3467,34.670066,5903.555427858,5903.555427858,19811,27735400,0.000000
3468,34.680035,5903.565396853,5903.565396853,19817,27743800,0.000000
3469,34.690074,5903.575435543,5903.575435543,19822,27750800,0.000000
3470,34.700065,5903.585427281,5903.585427281,19828,27759200,0.000000
3471,34.710059,5903.595420972,5903.595420972,19834,27767600,0.000000
3472,34.720071,5903.605433107,5903.605433107,19840,27776000,0.000000
3473,34.730038,5903.615399660,5903.615399660,19845,27783000,0.000000
3474,34.740071,5903.625432521,5903.625432521,19851,27791400,0.000000
3475,34.750071,5903.635432723,5903.635432723,19857,27799800,0.000000
3476,34.760066,5903.645427848,5903.645427848,19862,27806800,0.000000
3477,34.770066,5903.655427825,5903.655427825,19868,27815200,0.000000
3478,34.780074,5903.665436339,5903.665436339,19874,27823600,0.000000
3479,34.790079,5903.675441120,5903.675441120,19880,27832000,0.000000
3480,34.800078,5903.685439833,5903.685439833,19885,27839000,0.000000
3481,34.810064,5903.695425554,5903.695425554,19891,27847400,0.000000
3482,34.820058,5903.705419838,5903.705419838,19897,27855800,0.000000
3483,34.830070,5903.715432061,5903.715432061,19902,27862800,0.000000
3484,34.840068,5903.725429998,5903.725429998,19908,27871200,0.000000
3485,34.850066,5903.735427839,5903.735427839,19914,27879600,0.000000
3486,34.860088,5903.745450106,5903.745450106,19920,27888000,0.000000
3487,34.870069,5903.755430592,5903.755430592,19925,27895000,0.000000
3488,34.880065,5903.765426688,5903.765426688,19931,27903400,0.000000
3489,34.890063,5903.775425129,5903.775425129,19937,27911800,0.000000
3490,34.900065,5903.785427082,5903.785427082,19942,27918800,0.000000
3491,34.910066,5903.795427784,5903.795427784,19948,27927200,0.000000
3492,34.920069,5903.805430539,5903.805430539,19954,27935600,0.000000
3493,34.930083,5903.815445251,5903.815445251,19960,27944000,0.000000
3494,34.940066,5903.825428309,5903.825428309,19965,27951000,0.000000
3495,34.950068,5903.835429740,5903.835429740,19971,27959400,0.000000
3496,34.960059,5903.845421013,5903.845421013,19977,27967800,0.000000
3497,34.970066,5903.855427861,5903.855427861,19982,27974800,0.000000
3498,34.980065,5903.865426831,5903.865426831,19988,27983200,0.000000
3499,34.990064,5903.875425937,5903.875425937,19994,27991600,0.000000
3500,35.000069,5903.885431099,5903.885431099,20000,28000000,0.000000
3501,35.010068,5903.895429967,5903.895429967,20005,28007000,0.000000
3502,35.020067,5903.905428691,5903.905428691,20011,28015400,0.000000
3503,35.030058,5903.915420342,5903.915420342,20017,28023800,0.000000
3504,35.040062,5903.925424365,5903.925424365,20022,28030800,0.000000
3505,35.050065,5903.935426603,5903.935426603,20028,28039200,0.000000
3506,35.060010,5903.945372368,5903.945372368,20034,28047600,0.000000
3507,35.070089,5903.955451099,5903.955451099,20040,28056000,0.000000
3508,35.080074,5903.965436476,5903.965436476,20045,28063000,0.000000
3509,35.090063,5903.975424659,5903.975424659,20051,28071400,0.000000
3510,35.100059,5903.985421118,5903.985421118,20057,28079800,0.000000
3511,35.110060,5903.995422113,5903.995422113,20062,28086800,0.000000
3512,35.120077,5904.005438830,5904.005438830,20068,28095200,0.000000
3513,35.130073,5904.015434625,5904.015434625,20074,28103600,0.000000
3514,35.140038,5904.025399850,5904.025399850,20080,28112000,0.000000
3515,35.150030,5904.035392074,5904.035392074,20085,28119000,0.000000
3516,35.160066,5904.045427704,5904.045427704,20091,28127400,0.000000
3517,35.170058,5904.055420213,5904.055420213,20097,28135800,0.000000
3518,35.180067,5904.065428742,5904.065428742,20102,28142800,0.000000
3519,35.190072,5904.075433617,5904.075433617,20108,28151200,0.000000
3520,35.200068,5904.085430108,5904.085430108,20114,28159600,0.000000
3521,35.210076,5904.095437722,5904.095437722,20120,28168000,0.000000
3522,35.220072,5904.105434322,5904.105434322,20125,28175000,0.000000
3523,35.230069,5904.115431017,5904.115431017,20131,28183400,0.000000
3524,35.240066,5904.125428486,5904.125428486,20137,28191800,0.000000
3525,35.250068,5904.135430032,5904.135430032,20142,28198800,0.000000
3526,35.260069,5904.145430925,5904.145430925,20148,28207200,0.000000
3527,35.270095,5904.155457452,5904.155457452,20154,28215600,0.000000
3528,35.280076,5904.165437860,5904.165437860,20160,28224000,0.000000
3529,35.290069,5904.175431053,5904.175431053,20165,28231000,0.000000
3530,35.300065,5904.185427346,5904.185427346,20171,28239400,0.000000
3531,35.310065,5904.195426577,5904.195426577,20177,28247800,0.000000
3532,35.320066,5904.205428429,5904.205428429,20182,28254800,0.000000
3533,35.330069,5904.215431356,5904.215431356,20188,28263200,0.000000
3534,35.340081,5904.225442982,5904.225442982,20194,28271600,0.000000
3535,35.350077,5904.235438585,5904.235438585,20200,28280000,0.000000
3536,35.360064,5904.245426102,5904.245426102,20205,28287000,0.000000
3537,35.370074,5904.255435707,5904.255435707,20211,28295400,0.000000
3538,35.380059,5904.265421131,5904.265421131,20217,28303800,0.000000
3539,35.390078,5904.275439972,5904.275439972,20222,28310800,0.000000
3540,35.400067,5904.285429413,5904.285429413,20228,28319200,0.000000
3541,35.410064,5904.295426452,5904.295426452,20234,28327600,0.000000
3542,35.420074,5904.305435515,5904.305435515,20240,28336000,0.000000
3543,35.430072,5904.315434068,5904.315434068,20245,28343000,0.000000
3544,35.440067,5904.325428834,5904.325428834,20251,28351400,0.000000
3545,35.450059,5904.335420721,5904.335420721,20257,28359800,0.000000
3546,35.460063,5904.345425089,5904.345425089,20262,28366800,0.000000
3547,35.470076,5904.355437701,5904.355437701,20268,28375200,0.000000
3548,35.480073,5904.365435179,5904.365435179,20274,28383600,0.000000
3549,35.490063,5904.375424907,5904.375424907,20280,28392000,0.000000
3550,35.500056,5904.385417667,5904.385417667,20285,28399000,0.000000
3551,35.510063,5904.395425241,5904.395425241,20291,28407400,0.000000
3552,35.520040,5904.405402314,5904.405402314,20297,28415800,0.000000
3553,35.530066,5904.415428426,5904.415428426,20302,28422800,0.000000
3554,35.540060,5904.425421890,5904.425421890,20308,28431200,0.000000
3555,35.550080,5904.435441826,5904.435441826,20314,28439600,0.000000
3556,35.560101,5904.445463464,5904.445463464,20320,28448000,0.000000
3557,35.570069,5904.455431371,5904.455431371,20325,28455000,0.000000
3558,35.580076,5904.465437707,5904.465437707,20331,28463400,0.000000
3559,35.590062,5904.475424025,5904.475424025,20337,28471800,0.000000
3560,35.600068,5904.485430179,5904.485430179,20342,28478800,0.000000
3561,35.610066,5904.495428004,5904.495428004,20348,28487200,0.000000
3562,35.620059,5904.505421234,5904.505421234,20354,28495600,0.000000
3563,35.630086,5904.515447672,5904.515447672,20360,28504000,0.000000
3564,35.640066,5904.525428459,5904.525428459,20365,28511000,0.000000
3565,35.650065,5904.535426792,5904.535426792,20371,28519400,0.000000
3566,35.660063,5904.545424540,5904.545424540,20377,28527800,0.000000
3567,35.670067,5904.555429155,5904.555429155,20382,28534800,0.000000
3568,35.680066,5904.565427918,5904.565427918,20388,28543200,0.000000
3569,35.690066,5904.575427536,5904.575427536,20394,28551600,0.000000
3570,35.700084,5904.585446069,5904.585446069,20400,28560000,0.000000
3571,35.710070,5904.595432079,5904.595432079,20405,28567000,0.000000
3572,35.720064,5904.605426412,5904.605426412,20411,28575400,0.000000
3573,35.730063,5904.615425120,5904.615425120,20417,28583800,0.000000
3574,35.740065,5904.625427454,5904.625427454,20422,28590800,0.000000
3575,35.750066,5904.635428347,5904.635428347,20428,28599200,0.000000
3576,35.760072,5904.645433892,5904.645433892,20434,28607600,0.000000
3577,35.770076,5904.655437714,5904.655437714,20440,28616000,0.000000
3578,35.780069,5904.665431109,5904.665431109,20445,28623000,0.000000
3579,35.790065,5904.675427480,5904.675427480,20451,28631400,0.000000
3580,35.800067,5904.685428739,5904.685428739,20457,28639800,0.000000
3581,35.810066,5904.695428054,5904.695428054,20462,28646800,0.000000
3582,35.820071,5904.705432701,5904.705432701,20468,28655200,0.000000
3583,35.830065,5904.715426647,5904.715426647,20474,28663600,0.000000
3584,35.840077,5904.725438689,5904.725438689,20480,28672000,0.000000
3585,35.850061,5904.735423168,5904.735423168,20485,28679000,0.000000
3586,35.860079,5904.745440676,5904.745440676,20491,28687400,0.000000
3587,35.870062,5904.755424217,5904.755424217,20497,28695800,0.000000
3588,35.880064,5904.765425887,5904.765425887,20502,28702800,0.000000
3589,35.890065,5904.775426758,5904.775426758,20508,28711200,0.000000
3590,35.900064,5904.785426141,5904.785426141,20514,28719600,0.000000
3591,35.910083,5904.795445373,5904.795445373,20520,28728000,0.000000
3592,35.920066,5904.805427706,5904.805427706,20525,28735000,0.000000
3593,35.930065,5904.815427340,5904.815427340,20531,28743400,0.000000
3594,35.940064,5904.825425576,5904.825425576,20537,28751800,0.000000
3595,35.950066,5904.835427920,5904.835427920,20542,28758800,0.000000
3596,35.960067,5904.845428502,5904.845428502,20548,28767200,0.000000
3597,35.970066,5904.855428005,5904.855428005,20554,28775600,0.000000
3598,35.980074,5904.865436384,5904.865436384,20560,28784000,0.000000
3599,35.990064,5904.875426200,5904.875426200,20565,28791000,0.000000
3600,36.000064,5904.885425770,5904.885425770,20571,28799400,0.000000
3601,36.010062,5904.895423901,5904.895423901,20577,28807800,0.000000
3602,36.020066,5904.905427886,5904.905427886,20582,28814800,0.000000
3603,36.030075,5904.915437426,5904.915437426,20588,28823200,0.000000
3604,36.040065,5904.925426816,5904.925426816,20594,28831600,0.000000
3605,36.050079,5904.935441214,5904.935441214,20600,28840000,0.000000
3606,36.060076,5904.945438451,5904.945438451,20605,28847000,0.000000
3607,36.070065,5904.955426909,5904.955426909,20611,28855400,0.000000
3608,36.080063,5904.965425035,5904.965425035,20617,28863800,0.000000
3609,36.090066,5904.975427779,5904.975427779,20622,28870800,0.000000
3610,36.100068,5904.985429999,5904.985429999,20628,28879200,0.000000
3611,36.110067,5904.995429451,5904.995429451,20634,28887600,0.000000
3612,36.120066,5905.005428123,5905.005428123,20640,28896000,0.000000
3613,36.130024,5905.015386431,5905.015386431,20645,28903000,0.000000
3614,36.140074,5905.025436162,5905.025436162,20651,28911400,0.000000
3615,36.150062,5905.035423726,5905.035423726,20657,28919800,0.000000
3616,36.160075,5905.045436772,5905.045436772,20662,28926800,0.000000
3617,36.170066,5905.055427521,5905.055427521,20668,28935200,0.000000
3618,36.180075,5905.065437314,5905.065437314,20674,28943600,0.000000
3619,36.190078,5905.075439969,5905.075439969,20680,28952000,0.000000
3620,36.200090,5905.085451664,5905.085451664,20685,28959000,0.000000
3621,36.210062,5905.095424292,5905.095424292,20691,28967400,0.000000
3622,36.220063,5905.105424940,5905.105424940,20697,28975800,0.000000
3623,36.230076,5905.115437664,5905.115437664,20702,28982800,0.000000
3624,36.240070,5905.125431601,5905.125431601,20708,28991200,0.000000
3625,36.250062,5905.135423630,5905.135423630,20714,28999600,0.000000
3626,36.260067,5905.145428683,5905.145428683,20720,29008000,0.000000
3627,36.270062,5905.155423822,5905.155423822,20725,29015000,0.000000
3628,36.280064,5905.165425643,5905.165425643,20731,29023400,0.000000
3629,36.290067,5905.175428524,5905.175428524,20737,29031800,0.000000
3630,36.300066,5905.185428406,5905.185428406,20742,29038800,0.000000
3631,36.310064,5905.195426444,5905.195426444,20748,29047200,0.000000
3632,36.320066,5905.205427746,5905.205427746,20754,29055600,0.000000
3633,36.330084,5905.215446315,5905.215446315,20760,29064000,0.000000
3634,36.340078,5905.225440028,5905.225440028,20765,29071000,0.000000
3635,36.350070,5905.235431656,5905.235431656,20771,29079400,0.000000
3636,36.360068,5905.245430434,5905.245430434,20777,29087800,0.000000
3637,36.370065,5905.255426915,5905.255426915,20782,29094800,0.000000
3638,36.380069,5905.265431077,5905.265431077,20788,29103200,0.000000
3639,36.390065,5905.275427003,5905.275427003,20794,29111600,0.000000
3640,36.400073,5905.285434562,5905.285434562,20800,29120000,0.000000
3641,36.410055,5905.295416558,5905.295416558,20805,29127000,0.000000
3642,36.420063,5905.305425285,5905.305425285,20811,29135400,0.000000
3643,36.430071,5905.315432525,5905.315432525,20817,29143800,0.000000
3644,36.440068,5905.325429669,5905.325429669,20822,29150800,0.000000
3645,36.450065,5905.335427425,5905.335427425,20828,29159200,0.000000
3646,36.460074,5905.345435669,5905.345435669,20834,29167600,0.000000
3647,36.470084,5905.355446239,5905.355446239,20840,29176000,0.000000
3648,36.480067,5905.365428524,5905.365428524,20845,29183000,0.000000
3649,36.490109,5905.375470750,5905.375470750,20851,29191400,0.000000
3650,36.500058,5905.385420241,5905.385420241,20857,29199800,0.000000
3651,36.510030,5905.395391660,5905.395391660,20862,29206800,0.000000
3652,36.520065,5905.405426640,5905.405426640,20868,29215200,0.000000
3653,36.530068,5905.415429571,5905.415429571,20874,29223600,0.000000
3654,36.540073,5905.425435205,5905.425435205,20880,29232000,0.000000
3655,36.550069,5905.435430946,5905.435430946,20885,29239000,0.000000
3656,36.560066,5905.445427936,5905.445427936,20891,29247400,0.000000
3657,36.570089,5905.455451452,5905.455451452,20897,29255800,0.000000
3658,36.580070,5905.465432078,5905.465432078,20902,29262800,0.000000
3659,36.590066,5905.475428108,5905.475428108,20908,29271200,0.000000
3660,36.600066,5905.485427565,5905.485427565,20914,29279600,0.000000
3661,36.610081,5905.495442558,5905.495442558,20920,29288000,0.000000
3662,36.620069,5905.505431131,5905.505431131,20925,29295000,0.000000
3663,36.630069,5905.515430642,5905.515430642,20931,29303400,0.000000
3664,36.640071,5905.525433022,5905.525433022,20937,29311800,0.000000
3665,36.650074,5905.535436052,5905.535436052,20942,29318800,0.000000
3666,36.660071,5905.545433306,5905.545433306,20948,29327200,0.000000
3667,36.670074,5905.555436158,5905.555436158,20954,29335600,0.000000
3668,36.680069,5905.565430931,5905.565430931,20960,29344000,0.000000
3669,36.690038,5905.575399687,5905.575399687,20965,29351000,0.000000
3670,36.700064,5905.585425683,5905.585425683,20971,29359400,0.000000
3671,36.710064,5905.595425558,5905.595425558,20977,29367800,0.000000
3672,36.720069,5905.605430601,5905.605430601,20982,29374800,0.000000
3673,36.730065,5905.615427065,5905.615427065,20988,29383200,0.000000
3674,36.740063,5905.625425408,5905.625425408,20994,29391600,0.000000
3675,36.750091,5905.635452553,5905.635452553,21000,29400000,0.000000
3676,36.760066,5905.645428148,5905.645428148,21005,29407000,0.000000
3677,36.770064,5905.655426115,5905.655426115,21011,29415400,0.000000
3678,36.780062,5905.665424206,5905.665424206,21017,29423800,0.000000
3679,36.790059,5905.675421098,5905.675421098,21022,29430800,0.000000
3680,36.800079,5905.685440565,5905.685440565,21028,29439200,0.000000
3681,36.810067,5905.695429280,5905.695429280,21034,29447600,0.000000
3682,36.820073,5905.705435104,5905.705435104,21040,29456000,0.000000
3683,36.830068,5905.715429610,5905.715429610,21045,29463000,0.000000
3684,36.840068,5905.725429672,5905.725429672,21051,29471400,0.000000
3685,36.850061,5905.735423173,5905.735423173,21057,29479800,0.000000
3686,36.860067,5905.745428635,5905.745428635,21062,29486800,0.000000
3687,36.870070,5905.755432073,5905.755432073,21068,29495200,0.000000
3688,36.880067,5905.765428725,5905.765428725,21074,29503600,0.000000
3689,36.890066,5905.775427626,5905.775427626,21080,29512000,0.000000
3690,36.900063,5905.785425376,5905.785425376,21085,29519000,0.000000
3691,36.910066,5905.795427793,5905.795427793,21091,29527400,0.000000
3692,36.920065,5905.805427287,5905.805427287,21097,29535800,0.000000
3693,36.930066,5905.815427634,5905.815427634,21102,29542800,0.000000
3694,36.940066,5905.825428219,5905.825428219,21108,29551200,0.000000
3695,36.950066,5905.835428378,5905.835428378,21114,29559600,0.000000
3696,36.960073,5905.845434921,5905.845434921,21120,29568000,0.000000
3697,36.970040,5905.855401574,5905.855401574,21125,29575000,0.000000
3698,36.980078,5905.865439772,5905.865439772,21131,29583400,0.000000
3699,36.990082,5905.875444292,5905.875444292,21137,29591800,0.000000
3700,37.000072,5905.885433897,5905.885433897,21142,29598800,0.000000
3701,37.010065,5905.895426931,5905.895426931,21148,29607200,0.000000
3702,37.020062,5905.905423914,5905.905423914,21154,29615600,0.000000
3703,37.030084,5905.915445871,5905.915445871,21160,29624000,0.000000
3704,37.040068,5905.925429749,5905.925429749,21165,29631000,0.000000
3705,37.050064,5905.935425842,5905.935425842,21171,29639400,0.000000
3706,37.060074,5905.945436113,5905.945436113,21177,29647800,0.000000
3707,37.070066,5905.955427744,5905.955427744,21182,29654800,0.000000
3708,37.080068,5905.965429716,5905.965429716,21188,29663200,0.000000
3709,37.090065,5905.975427371,5905.975427371,21194,29671600,0.000000
3710,37.100086,5905.985447644,5905.985447644,21200,29680000,0.000000
3711,37.110040,5905.995401524,5905.995401524,21205,29687000,0.000000
3712,37.120063,5906.005425120,5906.005425120,21211,29695400,0.000000
3713,37.130064,5906.015426066,5906.015426066,21217,29703800,0.000000
3714,37.140065,5906.025426916,5906.025426916,21222,29710800,0.000000
3715,37.150064,5906.035426420,5906.035426420,21228,29719200,0.000000
3716,37.160047,5906.045409464,5906.045409464,21234,29727600,0.000000
3717,37.170082,5906.055444058,5906.055444058,21240,29736000,0.000000
3718,37.180071,5906.065433164,5906.065433164,21245,29743000,0.000000
3719,37.190066,5906.075427516,5906.075427516,21251,29751400,0.000000
3720,37.200065,5906.085426958,5906.085426958,21257,29759800,0.000000
3721,37.210066,5906.095427647,5906.095427647,21262,29766800,0.000000
3722,37.220061,5906.105422577,5906.105422577,21268,29775200,0.000000
3723,37.230054,5906.115415527,5906.115415527,21274,29783600,0.000000
3724,37.240073,5906.125435013,5906.125435013,21280,29792000,0.000000
3725,37.250067,5906.135429224,5906.135429224,21285,29799000,0.000000
3726,37.260069,5906.145430839,5906.145430839,21291,29807400,0.000000
3727,37.270067,5906.155429404,5906.155429404,21297,29815800,0.000000
3728,37.280064,5906.165426419,5906.165426419,21302,29822800,0.000000
3729,37.290067,5906.175429455,5906.175429455,21308,29831200,0.000000
3730,37.300068,5906.185430331,5906.185430331,21314,29839600,0.000000
3731,37.310083,5906.195444701,5906.195444701,21320,29848000,0.000000
3732,37.320069,5906.205430621,5906.205430621,21325,29855000,0.000000
3733,37.330059,5906.215420566,5906.215420566,21331,29863400,0.000000
3734,37.340058,5906.225420018,5906.225420018,21337,29871800,0.000000
3735,37.350065,5906.235427330,5906.235427330,21342,29878800,0.000000
3736,37.360062,5906.245424200,5906.245424200,21348,29887200,0.000000
3737,37.370049,5906.255410735,5906.255410735,21354,29895600,0.000000
3738,37.380077,5906.265438958,5906.265438958,21360,29904000,0.000000
3739,37.390065,5906.275426890,5906.275426890,21365,29911000,0.000000
3740,37.400065,5906.285426950,5906.285426950,21371,29919400,0.000000
3741,37.410060,5906.295421562,5906.295421562,21377,29927800,0.000000
3742,37.420064,5906.305426385,5906.305426385,21382,29934800,0.000000
3743,37.430064,5906.315426325,5906.315426325,21388,29943200,0.000000
3744,37.440063,5906.325425034,5906.325425034,21394,29951600,0.000000
3745,37.450081,5906.335442539,5906.335442539,21400,29960000,0.000000
3746,37.460065,5906.345427326,5906.345427326,21405,29967000,0.000000
3747,37.470063,5906.355424594,5906.355424594,21411,29975400,0.000000
3748,37.480063,5906.365424711,5906.365424711,21417,29983800,0.000000
3749,37.490058,5906.375420405,5906.375420405,21422,29990800,0.000000
3750,37.500075,5906.385436904,5906.385436904,21428,29999200,0.000000
3751,37.510065,5906.395427265,5906.395427265,21434,30007600,0.000000
3752,37.520069,5906.405431040,5906.405431040,21440,30016000,0.000000
3753,37.530058,5906.415420263,5906.415420263,21445,30023000,0.000000
3754,37.540064,5906.425425847,5906.425425847,21451,30031400,0.000000
3755,37.550063,5906.435424839,5906.435424839,21457,30039800,0.000000
3756,37.560065,5906.445427427,5906.445427427,21462,30046800,0.000000
3757,37.570066,5906.455427579,5906.455427579,21468,30055200,0.000000
3758,37.580044,5906.465406169,5906.465406169,21474,30063600,0.000000
3759,37.590093,5906.475455220,5906.475455220,21480,30072000,0.000000
3760,37.600074,5906.485436066,5906.485436066,21485,30079000,0.000000
3761,37.610068,5906.495430176,5906.495430176,21491,30087400,0.000000
3762,37.620061,5906.505423269,5906.505423269,21497,30095800,0.000000
3763,37.630063,5906.515424951,5906.515424951,21502,30102800,0.000000
3764,37.640063,5906.525424901,5906.525424901,21508,30111200,0.000000
3765,37.650091,5906.535453138,5906.535453138,21514,30119600,0.000000
3766,37.660073,5906.545434833,5906.545434833,21520,30128000,0.000000
3767,37.670066,5906.555427974,5906.555427974,21525,30135000,0.000000
3768,37.680063,5906.565425268,5906.565425268,21531,30143400,0.000000
3769,37.690062,5906.575424143,5906.575424143,21537,30151800,0.000000
3770,37.700065,5906.585427147,5906.585427147,21542,30158800,0.000000
3771,37.710064,5906.595425515,5906.595425515,21548,30167200,0.000000
3772,37.720059,5906.605421341,5906.605421341,21554,30175600,0.000000
3773,37.730079,5906.615440791,5906.615440791,21560,30184000,0.000000
3774,37.740059,5906.625421131,5906.625421131,21565,30191000,0.000000
3775,37.750064,5906.635425877,5906.635425877,21571,30199400,0.000000
3776,37.760062,5906.645423640,5906.645423640,21577,30207800,0.000000
3777,37.770013,5906.655375452,5906.655375452,21582,30214800,0.000000
3778,37.780060,5906.665422006,5906.665422006,21588,30223200,0.000000
3779,37.790075,5906.675436569,5906.675436569,21594,30231600,0.000000
3780,37.800074,5906.685436047,5906.685436047,21600,30240000,0.000000
3781,37.810058,5906.695420230,5906.695420230,21605,30247000,0.000000
3782,37.820080,5906.705442482,5906.705442482,21611,30255400,0.000000
3783,37.830062,5906.715424434,5906.715424434,21617,30263800,0.000000
3784,37.840071,5906.725432853,5906.725432853,21622,30270800,0.000000
3785,37.850067,5906.735428602,5906.735428602,21628,30279200,0.000000
3786,37.860040,5906.745402033,5906.745402033,21634,30287600,0.000000
3787,37.870082,5906.755444205,5906.755444205,21640,30296000,0.000000
3788,37.880068,5906.765429564,5906.765429564,21645,30303000,0.000000
3789,37.890065,5906.775426927,5906.775426927,21651,30311400,0.000000
3790,37.900058,5906.785419621,5906.785419621,21657,30319800,0.000000
3791,37.910072,5906.795433676,5906.795433676,21662,30326800,0.000000
3792,37.920066,5906.805427774,5906.805427774,21668,30335200,0.000000
3793,37.930068,5906.815430138,5906.815430138,21674,30343600,0.000000
3794,37.940080,5906.825441772,5906.825441772,21680,30352000,0.000000
3795,37.950068,5906.835430207,5906.835430207,21685,30359000,0.000000
3796,37.960063,5906.845425298,5906.845425298,21691,30367400,0.000000
3797,37.970068,5906.855429609,5906.855429609,21697,30375800,0.000000
3798,37.980064,5906.865426078,5906.865426078,21702,30382800,0.000000
3799,37.990063,5906.875425052,5906.875425052,21708,30391200,0.000000
3800,38.000070,5906.885432324,5906.885432324,21714,30399600,0.000000
3801,38.010068,5906.895429948,5906.895429948,21720,30408000,0.000000
3802,38.020066,5906.905428490,5906.905428490,21725,30415000,0.000000
3803,38.030063,5906.915425477,5906.915425477,21731,30423400,0.000000
3804,38.040020,5906.925381797,5906.925381797,21737,30431800,0.000000
3805,38.050066,5906.935427529,5906.935427529,21742,30438800,0.000000
3806,38.060064,5906.945426387,5906.945426387,21748,30447200,0.000000
3807,38.070065,5906.955427402,5906.955427402,21754,30455600,0.000000
3808,38.080072,5906.965434299,5906.965434299,21760,30464000,0.000000
3809,38.090075,5906.975437170,5906.975437170,21765,30471000,0.000000
3810,38.100066,5906.985427533,5906.985427533,21771,30479400,0.000000
3811,38.110064,5906.995426095,5906.995426095,21777,30487800,0.000000
3812,38.120067,5907.005428679,5907.005428679,21782,30494800,0.000000
3813,38.130064,5907.015426436,5907.015426436,21788,30503200,0.000000
3814,38.140067,5907.025429147,5907.025429147,21794,30511600,0.000000
3815,38.150070,5907.035431664,5907.035431664,21800,30520000,0.000000
3816,38.160066,5907.045428042,5907.045428042,21805,30527000,0.000000
3817,38.170067,5907.055429156,5907.055429156,21811,30535400,0.000000
3818,38.180063,5907.065424725,5907.065424725,21817,30543800,0.000000
3819,38.190075,5907.075436622,5907.075436622,21822,30550800,0.000000
3820,38.200067,5907.085428839,5907.085428839,21828,30559200,0.000000
3821,38.210066,5907.095427987,5907.095427987,21834,30567600,0.000000
3822,38.220081,5907.105442974,5907.105442974,21840,30576000,0.000000
3823,38.230075,5907.115436816,5907.115436816,21845,30583000,0.000000
3824,38.240074,5907.125435746,5907.125435746,21851,30591400,0.000000
3825,38.250082,5907.135444427,5907.135444427,21857,30599800,0.000000
3826,38.260068,5907.145430387,5907.145430387,21862,30606800,0.000000
3827,38.270068,5907.155429872,5907.155429872,21868,30615200,0.000000
3828,38.280085,5907.165446767,5907.165446767,21874,30623600,0.000000
3829,38.290072,5907.175434323,5907.175434323,21880,30632000,0.000000
3830,38.300064,5907.185425504,5907.185425504,21885,30639000,0.000000
3831,38.310082,5907.195443610,5907.195443610,21891,30647400,0.000000
3832,38.320069,5907.205431299,5907.205431299,21897,30655800,0.000000
3833,38.330091,5907.215453099,5907.215453099,21902,30662800,0.000000
3834,38.340068,5907.225430423,5907.225430423,21908,30671200,0.000000
3835,38.350065,5907.235427477,5907.235427477,21914,30679600,0.000000
3836,38.360030,5907.245392072,5907.245392072,21920,30688000,0.000000
3837,38.370052,5907.255414495,5907.255414495,21925,30695000,0.000000
3838,38.380065,5907.265427153,5907.265427153,21931,30703400,0.000000
3839,38.390064,5907.275425631,5907.275425631,21937,30711800,0.000000
3840,38.400069,5907.285430817,5907.285430817,21942,30718800,0.000000
3841,38.410066,5907.295427670,5907.295427670,21948,30727200,0.000000
3842,38.420083,5907.305445054,5907.305445054,21954,30735600,0.000000
3843,38.430075,5907.315436749,5907.315436749,21960,30744000,0.000000
3844,38.440073,5907.325435056,5907.325435056,21965,30751000,0.000000
3845,38.450071,5907.335432827,5907.335432827,21971,30759400,0.000000
3846,38.460062,5907.345424114,5907.345424114,21977,30767800,0.000000
3847,38.470070,5907.355431736,5907.355431736,21982,30774800,0.000000
3848,38.480064,5907.365426364,5907.365426364,21988,30783200,0.000000
3849,38.490058,5907.375420233,5907.375420233,21994,30791600,0.000000
3850,38.500091,5907.385452968,5907.385452968,22000,30800000,0.000000
3851,38.510048,5907.395409873,5907.395409873,22005,30807000,0.000000
3852,38.520064,5907.405426342,5907.405426342,22011,30815400,0.000000
3853,38.530063,5907.415424698,5907.415424698,22017,30823800,0.000000
3854,38.540095,5907.425457390,5907.425457390,22022,30830800,0.000000
3855,38.550070,5907.435432081,5907.435432081,22028,30839200,0.000000
3856,38.560064,5907.445426205,5907.445426205,22034,30847600,0.000000
3857,38.570101,5907.455462604,5907.455462604,22040,30856000,0.000000
3858,38.580059,5907.465421298,5907.465421298,22045,30863000,0.000000
3859,38.590072,5907.475433888,5907.475433888,22051,30871400,0.000000
3860,38.600058,5907.485420399,5907.485420399,22057,30879800,0.000000
3861,38.610097,5907.495458521,5907.495458521,22062,30886800,0.000000
3862,38.620064,5907.505425544,5907.505425544,22068,30895200,0.000000
3863,38.630065,5907.515427179,5907.515427179,22074,30903600,0.000000
3864,38.640069,5907.525430860,5907.525430860,22080,30912000,0.000000
3865,38.650070,5907.535432269,5907.535432269,22085,30919000,0.000000
3866,38.660063,5907.545424668,5907.545424668,22091,30927400,0.000000
3867,38.670063,5907.555424516,5907.555424516,22097,30935800,0.000000
3868,38.680062,5907.565423860,5907.565423860,22102,30942800,0.000000
3869,38.690074,5907.575435779,5907.575435779,22108,30951200,0.000000
3870,38.700085,5907.585446577,5907.585446577,22114,30959600,0.000000
3871,38.710095,5907.595456860,5907.595456860,22120,30968000,0.000000
3872,38.720070,5907.605431858,5907.605431858,22125,30975000,0.000000
3873,38.730070,5907.615431969,5907.615431969,22131,30983400,0.000000
3874,38.740064,5907.625425609,5907.625425609,22137,30991800,0.000000
3875,38.750074,5907.635435673,5907.635435673,22142,30998800,0.000000
3876,38.760069,5907.645431318,5907.645431318,22148,31007200,0.000000
3877,38.770076,5907.655438213,5907.655438213,22154,31015600,0.000000
3878,38.780075,5907.665436616,5907.665436616,22160,31024000,0.000000
3879,38.790070,5907.675432126,5907.675432126,22165,31031000,0.000000
3880,38.800068,5907.685429874,5907.685429874,22171,31039400,0.000000
3881,38.810062,5907.695424275,5907.695424275,22177,31047800,0.000000
3882,38.820066,5907.705428116,5907.705428116,22182,31054800,0.000000
3883,38.830065,5907.715427032,5907.715427032,22188,31063200,0.000000
3884,38.840128,5907.725489630,5907.725489630,22194,31071600,0.000000
3885,38.850090,5907.735452336,5907.735452336,22200,31080000,0.000000
3886,38.860066,5907.745428346,5907.745428346,22205,31087000,0.000000
3887,38.870069,5907.755430537,5907.755430537,22211,31095400,0.000000
3888,38.880065,5907.765426551,5907.765426551,22217,31103800,0.000000
3889,38.890066,5907.775427981,5907.775427981,22222,31110800,0.000000
3890,38.900091,5907.785453273,5907.785453273,22228,31119200,0.000000
3891,38.910069,5907.795431025,5907.795431025,22234,31127600,0.000000
3892,38.920087,5907.805449335,5907.805449335,22240,31136000,0.000000
3893,38.930068,5907.815429683,5907.815429683,22245,31143000,0.000000
3894,38.940066,5907.825428175,5907.825428175,22251,31151400,0.000000
3895,38.950058,5907.835419548,5907.835419548,22257,31159800,0.000000
3896,38.960063,5907.845425369,5907.845425369,22262,31166800,0.000000
3897,38.970063,5907.855425069,5907.855425069,22268,31175200,0.000000
3898,38.980060,5907.865422171,5907.865422171,22274,31183600,0.000000
3899,38.990071,5907.875432813,5907.875432813,22280,31192000,0.000000
3900,39.000065,5907.885426603,5907.885426603,22285,31199000,0.000000
3901,39.010067,5907.895428598,5907.895428598,22291,31207400,0.000000
3902,39.020057,5907.905419414,5907.905419414,22297,31215800,0.000000
3903,39.030070,5907.915431761,5907.915431761,22302,31222800,0.000000
3904,39.040069,5907.925430921,5907.925430921,22308,31231200,0.000000
3905,39.050064,5907.935425911,5907.935425911,22314,31239600,0.000000
3906,39.060077,5907.945439448,5907.945439448,22320,31248000,0.000000
3907,39.070063,5907.955424649,5907.955424649,22325,31255000,0.000000
3908,39.080063,5907.965425439,5907.965425439,22331,31263400,0.000000
3909,39.090062,5907.975424434,5907.975424434,22337,31271800,0.000000
3910,39.100087,5907.985448532,5907.985448532,22342,31278800,0.000000
3911,39.110066,5907.995428338,5907.995428338,22348,31287200,0.000000
3912,39.120070,5908.005431688,5908.005431688,22354,31295600,0.000000
3913,39.130080,5908.015441616,5908.015441616,22360,31304000,0.000000
3914,39.140082,5908.025443995,5908.025443995,22365,31311000,0.000000
3915,39.150064,5908.035426080,5908.035426080,22371,31319400,0.000000
3916,39.160067,5908.045428972,5908.045428972,22377,31327800,0.000000
3917,39.170068,5908.055430144,5908.055430144,22382,31334800,0.000000
3918,39.180065,5908.065426916,5908.065426916,22388,31343200,0.000000
3919,39.190064,5908.075425755,5908.075425755,22394,31351600,0.000000
3920,39.200105,5908.085466861,5908.085466861,22400,31360000,0.000000
3921,39.210068,5908.095430115,5908.095430115,22405,31367000,0.000000
3922,39.220067,5908.105429325,5908.105429325,22411,31375400,0.000000
3923,39.230068,5908.115430430,5908.115430430,22417,31383800,0.000000
3924,39.240073,5908.125435355,5908.125435355,22422,31390800,0.000000
3925,39.250066,5908.135427613,5908.135427613,22428,31399200,0.000000
3926,39.260073,5908.145434571,5908.145434571,22434,31407600,0.000000
3927,39.270073,5908.155434632,5908.155434632,22440,31416000,0.000000
3928,39.280064,5908.165426433,5908.165426433,22445,31423000,0.000000
3929,39.290066,5908.175428156,5908.175428156,22451,31431400,0.000000
3930,39.300062,5908.185423886,5908.185423886,22457,31439800,0.000000
3931,39.310070,5908.195431769,5908.195431769,22462,31446800,0.000000
3932,39.320069,5908.205430726,5908.205430726,22468,31455200,0.000000
3933,39.330065,5908.215426970,5908.215426970,22474,31463600,0.000000
3934,39.340086,5908.225447899,5908.225447899,22480,31472000,0.000000
3935,39.350052,5908.235413561,5908.235413561,22485,31479000,0.000000
3936,39.360064,5908.245426324,5908.245426324,22491,31487400,0.000000
3937,39.370071,5908.255433478,5908.255433478,22497,31495800,0.000000
3938,39.380063,5908.265425302,5908.265425302,22502,31502800,0.000000
3939,39.390066,5908.275427884,5908.275427884,22508,31511200,0.000000
3940,39.400058,5908.285420385,5908.285420385,22514,31519600,0.000000
3941,39.410074,5908.295435528,5908.295435528,22520,31528000,0.000000
3942,39.420063,5908.305424799,5908.305424799,22525,31535000,0.000000
3943,39.430059,5908.315421129,5908.315421129,22531,31543400,0.000000
3944,39.440059,5908.325420519,5908.325420519,22537,31551800,0.000000
3945,39.450066,5908.335427636,5908.335427636,22542,31558800,0.000000
3946,39.460067,5908.345428921,5908.345428921,22548,31567200,0.000000
3947,39.470055,5908.355416768,5908.355416768,22554,31575600,0.000000
3948,39.480072,5908.365434182,5908.365434182,22560,31584000,0.000000
3949,39.490053,5908.375415383,5908.375415383,22565,31591000,0.000000
3950,39.500065,5908.385427114,5908.385427114,22571,31599400,0.000000
3951,39.510063,5908.395424580,5908.395424580,22577,31607800,0.000000
3952,39.520070,5908.405432397,5908.405432397,22582,31614800,0.000000
3953,39.530065,5908.415427273,5908.415427273,22588,31623200,0.000000
3954,39.540024,5908.425385830,5908.425385830,22594,31631600,0.000000
3955,39.550147,5908.435508794,5908.435508794,22600,31640000,0.000000
3956,39.560070,5908.445431514,5908.445431514,22605,31647000,0.000000
3957,39.570087,5908.455448627,5908.455448627,22611,31655400,0.000000
3958,39.580062,5908.465424434,5908.465424434,22617,31663800,0.000000
3959,39.590068,5908.475430284,5908.475430284,22622,31670800,0.000000
3960,39.600065,5908.485427302,5908.485427302,22628,31679200,0.000000
3961,39.610068,5908.495430282,5908.495430282,22634,31687600,0.000000
3962,39.620071,5908.505432717,5908.505432717,22640,31696000,0.000000
3963,39.630071,5908.515433415,5908.515433415,22645,31703000,0.000000
3964,39.640064,5908.525425815,5908.525425815,22651,31711400,0.000000
3965,39.650062,5908.535424441,5908.535424441,22657,31719800,0.000000
3966,39.660066,5908.545428134,5908.545428134,22662,31726800,0.000000
3967,39.670066,5908.555428238,5908.555428238,22668,31735200,0.000000
3968,39.680068,5908.565429788,5908.565429788,22674,31743600,0.000000
3969,39.690081,5908.575443394,5908.575443394,22680,31752000,0.000000
3970,39.700069,5908.585430815,5908.585430815,22685,31759000,0.000000
3971,39.710066,5908.595427658,5908.595427658,22691,31767400,0.000000
3972,39.720019,5908.605381400,5908.605381400,22697,31775800,0.000000
3973,39.730071,5908.615433307,5908.615433307,22702,31782800,0.000000
3974,39.740065,5908.625427244,5908.625427244,22708,31791200,0.000000
3975,39.750075,5908.635437117,5908.635437117,22714,31799600,0.000000
3976,39.760074,5908.645435701,5908.645435701,22720,31808000,0.000000
3977,39.770060,5908.655421925,5908.655421925,22725,31815000,0.000000
3978,39.780067,5908.665429364,5908.665429364,22731,31823400,0.000000
3979,39.790068,5908.675429591,5908.675429591,22737,31831800,0.000000
3980,39.800062,5908.685424158,5908.685424158,22742,31838800,0.000000
3981,39.810065,5908.695427310,5908.695427310,22748,31847200,0.000000
3982,39.820070,5908.705431734,5908.705431734,22754,31855600,0.000000
3983,39.830081,5908.715443301,5908.715443301,22760,31864000,0.000000
3984,39.840071,5908.725432862,5908.725432862,22765,31871000,0.000000
3985,39.850068,5908.735430232,5908.735430232,22771,31879400,0.000000
3986,39.860060,5908.745422464,5908.745422464,22777,31887800,0.000000
3987,39.870022,5908.755384079,5908.755384079,22782,31894800,0.000000
3988,39.880066,5908.765427672,5908.765427672,22788,31903200,0.000000
3989,39.890071,5908.775432821,5908.775432821,22794,31911600,0.000000
3990,39.900083,5908.785444977,5908.785444977,22800,31920000,0.000000
3991,39.910093,5908.795455412,5908.795455412,22805,31927000,0.000000
3992,39.920067,5908.805428948,5908.805428948,22811,31935400,0.000000
3993,39.930057,5908.815419445,5908.815419445,22817,31943800,0.000000
3994,39.940067,5908.825429360,5908.825429360,22822,31950800,0.000000
3995,39.950075,5908.835436719,5908.835436719,22828,31959200,0.000000
3996,39.960070,5908.845432049,5908.845432049,22834,31967600,0.000000
3997,39.970073,5908.855434770,5908.855434770,22840,31976000,0.000000
3998,39.980067,5908.865429008,5908.865429008,22845,31983000,0.000000
3999,39.990066,5908.875427891,5908.875427891,22851,31991400,0.000000
4000,40.000011,5908.885372886,5908.885372886,22857,31999800,0.000000
4001,40.010068,5908.895429796,5908.895429796,22862,32006800,0.000000
4002,40.020065,5908.905427093,5908.905427093,22868,32015200,0.000000
4003,40.030072,5908.915434019,5908.915434019,22874,32023600,0.000000
4004,40.040092,5908.925453579,5908.925453579,22880,32032000,0.000000
4005,40.050059,5908.935421006,5908.935421006,22885,32039000,0.000000
4006,40.060066,5908.945427680,5908.945427680,22891,32047400,0.000000
4007,40.070061,5908.955423178,5908.955423178,22897,32055800,0.000000
4008,40.080069,5908.965430519,5908.965430519,22902,32062800,0.000000
4009,40.090070,5908.975431569,5908.975431569,22908,32071200,0.000000
4010,40.100068,5908.985429527,5908.985429527,22914,32079600,0.000000
4011,40.110078,5908.995440191,5908.995440191,22920,32088000,0.000000
4012,40.120071,5909.005432736,5909.005432736,22925,32095000,0.000000
4013,40.130066,5909.015427891,5909.015427891,22931,32103400,0.000000
4014,40.140058,5909.025419960,5909.025419960,22937,32111800,0.000000
4015,40.150062,5909.035424010,5909.035424010,22942,32118800,0.000000
4016,40.160067,5909.045428780,5909.045428780,22948,32127200,0.000000
4017,40.170075,5909.055436846,5909.055436846,22954,32135600,0.000000
4018,40.180085,5909.065446733,5909.065446733,22960,32144000,0.000000
4019,40.190077,5909.075438687,5909.075438687,22965,32151000,0.000000
4020,40.200089,5909.085451172,5909.085451172,22971,32159400,0.000000
4021,40.210059,5909.095420563,5909.095420563,22977,32167800,0.000000
4022,40.220084,5909.105445625,5909.105445625,22982,32174800,0.000000
4023,40.230067,5909.115428784,5909.115428784,22988,32183200,0.000000
4024,40.240069,5909.125431086,5909.125431086,22994,32191600,0.000000
4025,40.250078,5909.135440447,5909.135440447,23000,32200000,0.000000
4026,40.260072,5909.145433542,5909.145433542,23005,32207000,0.000000
4027,40.270066,5909.155427956,5909.155427956,23011,32215400,0.000000
4028,40.280058,5909.165419946,5909.165419946,23017,32223800,0.000000
4029,40.290068,5909.175429527,5909.175429527,23022,32230800,0.000000
4030,40.300068,5909.185429597,5909.185429597,23028,32239200,0.000000
4031,40.310080,5909.195442381,5909.195442381,23034,32247600,0.000000
4032,40.320083,5909.205445465,5909.205445465,23040,32256000,0.000000
4033,40.330067,5909.215428605,5909.215428605,23045,32263000,0.000000
4034,40.340068,5909.225430450,5909.225430450,23051,32271400,0.000000
4035,40.350066,5909.235428337,5909.235428337,23057,32279800,0.000000
4036,40.360062,5909.245424489,5909.245424489,23062,32286800,0.000000
4037,40.370075,5909.255437492,5909.255437492,23068,32295200,0.000000
4038,40.380064,5909.265426008,5909.265426008,23074,32303600,0.000000
4039,40.390072,5909.275434081,5909.275434081,23080,32312000,0.000000
4040,40.400077,5909.285438535,5909.285438535,23085,32319000,0.000000
4041,40.410066,5909.295428335,5909.295428335,23091,32327400,0.000000
4042,40.420058,5909.305420055,5909.305420055,23097,32335800,0.000000
4043,40.430069,5909.315430626,5909.315430626,23102,32342800,0.000000
4044,40.440067,5909.325428552,5909.325428552,23108,32351200,0.000000
4045,40.450065,5909.335427341,5909.335427341,23114,32359600,0.000000
4046,40.460082,5909.345443663,5909.345443663,23120,32368000,0.000000
4047,40.470082,5909.355444266,5909.355444266,23125,32375000,0.000000
4048,40.480066,5909.365427971,5909.365427971,23131,32383400,0.000000
4049,40.490057,5909.375419324,5909.375419324,23137,32391800,0.000000
4050,40.500066,5909.385428395,5909.385428395,23142,32398800,0.000000
4051,40.510067,5909.395428515,5909.395428515,23148,32407200,0.000000
4052,40.520059,5909.405421151,5909.405421151,23154,32415600,0.000000
4053,40.530069,5909.415431080,5909.415431080,23160,32424000,0.000000
4054,40.540078,5909.425440103,5909.425440103,23165,32431000,0.000000
4055,40.550067,5909.435428775,5909.435428775,23171,32439400,0.000000
4056,40.560069,5909.445430819,5909.445430819,23177,32447800,0.000000
4057,40.570069,5909.455430885,5909.455430885,23182,32454800,0.000000
4058,40.580066,5909.465427994,5909.465427994,23188,32463200,0.000000
4059,40.590075,5909.475437205,5909.475437205,23194,32471600,0.000000
4060,40.600076,5909.485437561,5909.485437561,23200,32480000,0.000000
4061,40.610076,5909.495437794,5909.495437794,23205,32487000,0.000000
4062,40.620088,5909.505449505,5909.505449505,23211,32495400,0.000000
4063,40.630067,5909.515429257,5909.515429257,23217,32503800,0.000000
4064,40.640064,5909.525426168,5909.525426168,23222,32510800,0.000000
4065,40.650081,5909.535442578,5909.535442578,23228,32519200,0.000000
4066,40.660061,5909.545423006,5909.545423006,23234,32527600,0.000000
4067,40.670060,5909.555422235,5909.555422235,23240,32536000,0.000000
4068,40.680068,5909.565429844,5909.565429844,23245,32543000,0.000000
4069,40.690065,5909.575426689,5909.575426689,23251,32551400,0.000000
4070,40.700066,5909.585427931,5909.585427931,23257,32559800,0.000000
4071,40.710068,5909.595429638,5909.595429638,23262,32566800,0.000000
4072,40.720064,5909.605426299,5909.605426299,23268,32575200,0.000000
4073,40.730063,5909.615425182,5909.615425182,23274,32583600,0.000000
4074,40.740050,5909.625412392,5909.625412392,23280,32592000,0.000000
4075,40.750067,5909.635428636,5909.635428636,23285,32599000,0.000000
4076,40.760064,5909.645426066,5909.645426066,23291,32607400,0.000000
4077,40.770063,5909.655425221,5909.655425221,23297,32615800,0.000000
4078,40.780066,5909.665428043,5909.665428043,23302,32622800,0.000000
4079,40.790064,5909.675426031,5909.675426031,23308,32631200,0.000000
4080,40.800061,5909.685422807,5909.685422807,23314,32639600,0.000000
4081,40.810079,5909.695440752,5909.695440752,23320,32648000,0.000000
4082,40.820072,5909.705434217,5909.705434217,23325,32655000,0.000000
4083,40.830075,5909.715437154,5909.715437154,23331,32663400,0.000000
4084,40.840069,5909.725430724,5909.725430724,23337,32671800,0.000000
4085,40.850076,5909.735437905,5909.735437905,23342,32678800,0.000000
4086,40.860061,5909.745422785,5909.745422785,23348,32687200,0.000000
4087,40.870063,5909.755425466,5909.755425466,23354,32695600,0.000000
4088,40.880077,5909.765439418,5909.765439418,23360,32704000,0.000000
4089,40.890059,5909.775420538,5909.775420538,23365,32711000,0.000000
4090,40.900063,5909.785425194,5909.785425194,23371,32719400,0.000000
4091,40.910058,5909.795419747,5909.795419747,23377,32727800,0.000000
4092,40.920067,5909.805429125,5909.805429125,23382,32734800,0.000000
4093,40.930065,5909.815427455,5909.815427455,23388,32743200,0.000000
4094,40.940067,5909.825429234,5909.825429234,23394,32751600,0.000000
4095,40.950095,5909.835457308,5909.835457308,23400,32760000,0.000000
4096,40.960068,5909.845429954,5909.845429954,23405,32767000,0.000000
4097,40.970068,5909.855430433,5909.855430433,23411,32775400,0.000000
4098,40.980060,5909.865421518,5909.865421518,23417,32783800,0.000000
4099,40.990081,5909.875443179,5909.875443179,23422,32790800,0.000000
4100,41.000059,5909.885421432,5909.885421432,23428,32799200,0.000000
4101,41.010098,5909.895460311,5909.895460311,23434,32807600,0.000000
4102,41.020092,5909.905453541,5909.905453541,23440,32816000,0.000000
4103,41.030040,5909.915402461,5909.915402461,23445,32823000,0.000000
4104,41.040069,5909.925430695,5909.925430695,23451,32831400,0.000000
4105,41.050062,5909.935424007,5909.935424007,23457,32839800,0.000000
4106,41.060066,5909.945427781,5909.945427781,23462,32846800,0.000000
4107,41.070011,5909.955373364,5909.955373364,23468,32855200,0.000000
4108,41.080076,5909.965437579,5909.965437579,23474,32863600,0.000000
4109,41.090079,5909.975440780,5909.975440780,23480,32872000,0.000000
4110,41.100054,5909.985416314,5909.985416314,23485,32879000,0.000000
4111,41.110066,5909.995427839,5909.995427839,23491,32887400,0.000000
4112,41.120067,5910.005428989,5910.005428989,23497,32895800,0.000000
4113,41.130082,5910.015443675,5910.015443675,23502,32902800,0.000000
4114,41.140070,5910.025431899,5910.025431899,23508,32911200,0.000000
4115,41.150063,5910.035425399,5910.035425399,23514,32919600,0.000000
4116,41.160082,5910.045444178,5910.045444178,23520,32928000,0.000000
4117,41.170068,5910.055429595,5910.055429595,23525,32935000,0.000000
4118,41.180066,5910.065427576,5910.065427576,23531,32943400,0.000000
4119,41.190058,5910.075420314,5910.075420314,23537,32951800,0.000000
4120,41.200071,5910.085432974,5910.085432974,23542,32958800,0.000000
4121,41.210064,5910.095426452,5910.095426452,23548,32967200,0.000000
4122,41.220066,5910.105428040,5910.105428040,23554,32975600,0.000000
4123,41.230070,5910.115432118,5910.115432118,23560,32984000,0.000000
4124,41.240063,5910.125424571,5910.125424571,23565,32991000,0.000000
4125,41.250097,5910.135459159,5910.135459159,23571,32999400,0.000000
4126,41.260065,5910.145426629,5910.145426629,23577,33007800,0.000000
4127,41.270073,5910.155434937,5910.155434937,23582,33014800,0.000000
4128,41.280067,5910.165429278,5910.165429278,23588,33023200,0.000000
4129,41.290068,5910.175430202,5910.175430202,23594,33031600,0.000000
4130,41.300086,5910.185448246,5910.185448246,23600,33040000,0.000000
4131,41.310067,5910.195428821,5910.195428821,23605,33047000,0.000000
4132,41.320067,5910.205429002,5910.205429002,23611,33055400,0.000000
4133,41.330063,5910.215425217,5910.215425217,23617,33063800,0.000000
4134,41.340064,5910.225425558,5910.225425558,23622,33070800,0.000000
4135,41.350062,5910.235423739,5910.235423739,23628,33079200,0.000000
4136,41.360068,5910.245429863,5910.245429863,23634,33087600,0.000000
4137,41.370051,5910.255413322,5910.255413322,23640,33096000,0.000000
4138,41.380062,5910.265424364,5910.265424364,23645,33103000,0.000000
4139,41.390061,5910.275423041,5910.275423041,23651,33111400,0.000000
4140,41.400028,5910.285389667,5910.285389667,23657,33119800,0.000000
4141,41.410063,5910.295425185,5910.295425185,23662,33126800,0.000000
4142,41.420068,5910.305430043,5910.305430043,23668,33135200,0.000000
4143,41.430063,5910.315424677,5910.315424677,23674,33143600,0.000000
4144,41.440076,5910.325437910,5910.325437910,23680,33152000,0.000000
4145,41.450062,5910.335423679,5910.335423679,23685,33159000,0.000000
4146,41.460067,5910.345428620,5910.345428620,23691,33167400,0.000000
4147,41.470062,5910.355424418,5910.355424418,23697,33175800,0.000000
4148,41.480072,5910.365433905,5910.365433905,23702,33182800,0.000000
4149,41.490063,5910.375425029,5910.375425029,23708,33191200,0.000000
4150,41.500091,5910.385453213,5910.385453213,23714,33199600,0.000000
4151,41.510093,5910.395455324,5910.395455324,23720,33208000,0.000000
4152,41.520065,5910.405427180,5910.405427180,23725,33215000,0.000000
4153,41.530086,5910.415448105,5910.415448105,23731,33223400,0.000000
4154,41.540063,5910.425424946,5910.425424946,23737,33231800,0.000000
4155,41.550066,5910.435427924,5910.435427924,23742,33238800,0.000000
4156,41.560083,5910.445445274,5910.445445274,23748,33247200,0.000000
4157,41.570067,5910.455428611,5910.455428611,23754,33255600,0.000000
4158,41.580089,5910.465451119,5910.465451119,23760,33264000,0.000000
4159,41.590070,5910.475431661,5910.475431661,23765,33271000,0.000000
4160,41.600072,5910.485433720,5910.485433720,23771,33279400,0.000000
4161,41.610062,5910.495423840,5910.495423840,23777,33287800,0.000000
4162,41.620070,5910.505432367,5910.505432367,23782,33294800,0.000000
4163,41.630066,5910.515427588,5910.515427588,23788,33303200,0.000000
4164,41.640065,5910.525427463,5910.525427463,23794,33311600,0.000000
4165,41.650070,5910.535432207,5910.535432207,23800,33320000,0.000000
4166,41.660064,5910.545426411,5910.545426411,23805,33327000,0.000000
4167,41.670070,5910.555431648,5910.555431648,23811,33335400,0.000000
4168,41.680065,5910.565426815,5910.565426815,23817,33343800,0.000000
4169,41.690069,5910.575430821,5910.575430821,23822,33350800,0.000000
4170,41.700069,5910.585430503,5910.585430503,23828,33359200,0.000000
4171,41.710064,5910.595426059,5910.595426059,23834,33367600,0.000000
4172,41.720094,5910.605456011,5910.605456011,23840,33376000,0.000000
4173,41.730068,5910.615429868,5910.615429868,23845,33383000,0.000000
4174,41.740067,5910.625428590,5910.625428590,23851,33391400,0.000000
4175,41.750062,5910.635423539,5910.635423539,23857,33399800,0.000000
4176,41.760066,5910.645427656,5910.645427656,23862,33406800,0.000000
4177,41.770064,5910.655426371,5910.655426371,23868,33415200,0.000000
4178,41.780066,5910.665428441,5910.665428441,23874,33423600,0.000000
4179,41.790080,5910.675442218,5910.675442218,23880,33432000,0.000000
4180,41.800067,5910.685429483,5910.685429483,23885,33439000,0.000000
4181,41.810073,5910.695435202,5910.695435202,23891,33447400,0.000000
4182,41.820062,5910.705424203,5910.705424203,23897,33455800,0.000000
4183,41.830068,5910.715429837,5910.715429837,23902,33462800,0.000000
4184,41.840075,5910.725437072,5910.725437072,23908,33471200,0.000000
4185,41.850066,5910.735427514,5910.735427514,23914,33479600,0.000000
4186,41.860078,5910.745440418,5910.745440418,23920,33488000,0.000000
4187,41.870066,5910.755428226,5910.755428226,23925,33495000,0.000000
4188,41.880064,5910.765425879,5910.765425879,23931,33503400,0.000000
4189,41.890067,5910.775429266,5910.775429266,23937,33511800,0.000000
4190,41.900067,5910.785429315,5910.785429315,23942,33518800,0.000000
4191,41.910065,5910.795426888,5910.795426888,23948,33527200,0.000000
4192,41.920063,5910.805425345,5910.805425345,23954,33535600,0.000000
4193,41.930080,5910.815441935,5910.815441935,23960,33544000,0.000000
4194,41.940072,5910.825434006,5910.825434006,23965,33551000,0.000000
4195,41.950066,5910.835427590,5910.835427590,23971,33559400,0.000000
4196,41.960058,5910.845420325,5910.845420325,23977,33567800,0.000000
4197,41.970090,5910.855452358,5910.855452358,23982,33574800,0.000000
4198,41.980076,5910.865438063,5910.865438063,23988,33583200,0.000000
4199,41.990065,5910.875426612,5910.875426612,23994,33591600,0.000000
