sample_index,timestamp_s,monotonic_s,t_mono,cum_packets,cum_bytes,lag_s
0,0.000112,5868.957515401,5868.957515401,0,0,0.000000
1,0.010090,5868.967492721,5868.967492721,4,5600,0.000000
2,0.020069,5868.977472047,5868.977472047,8,11200,0.000000
3,0.030062,5868.987464784,5868.987464784,13,18200,0.000000
4,0.040015,5868.997418113,5868.997418113,17,23800,0.000000
5,0.050052,5869.007455241,5869.007455241,22,30800,0.000000
6,0.060065,5869.017468074,5869.017468074,26,36400,0.000000
7,0.070063,5869.027465927,5869.027465927,31,43400,0.000000
8,0.080066,5869.037468862,5869.037468862,35,49000,0.000000
9,0.090057,5869.047460429,5869.047460429,40,56000,0.000000
10,0.100064,5869.057467245,5869.057467245,44,61600,0.000000
11,0.110024,5869.067426859,5869.067426859,48,67200,0.000000
12,0.120071,5869.077474303,5869.077474303,53,74200,0.000000
13,0.130068,5869.087470916,5869.087470916,57,79800,0.000000
14,0.140030,5869.097432978,5869.097432978,62,86800,0.000000
15,0.150064,5869.107467409,5869.107467409,66,92400,0.000000
16,0.160064,5869.117466593,5869.117466593,71,99400,0.000000
17,0.170067,5869.127469461,5869.127469461,75,105000,0.000000
18,0.180062,5869.137464654,5869.137464654,80,112000,0.000000
19,0.190063,5869.147465661,5869.147465661,84,117600,0.000000
20,0.200077,5869.157480044,5869.157480044,88,123200,0.000000
21,0.210030,5869.167432880,5869.167432880,93,130200,0.000000
22,0.220064,5869.177467337,5869.177467337,97,135800,0.000000
23,0.230069,5869.187471516,5869.187471516,102,142800,0.000000
24,0.240060,5869.197462787,5869.197462787,106,148400,0.000000
25,0.250062,5869.207465202,5869.207465202,111,155400,0.000000
26,0.260066,5869.217469417,5869.217469417,115,161000,0.000000
27,0.270065,5869.227467477,5869.227467477,120,168000,0.000000
28,0.280066,5869.237469163,5869.237469163,124,173600,0.000000
29,0.290069,5869.247472067,5869.247472067,128,179200,0.000000
30,0.300067,5869.257470366,5869.257470366,133,186200,0.000000
31,0.310068,5869.267470793,5869.267470793,137,191800,0.000000
32,0.320031,5869.277433518,5869.277433518,142,198800,0.000000
33,0.330078,5869.287480575,5869.287480575,146,204400,0.000000
34,0.340065,5869.297467635,5869.297467635,151,211400,0.000000
35,0.350061,5869.307464035,5869.307464035,155,217000,0.000000
36,0.360063,5869.317465902,5869.317465902,160,224000,0.000000
37,0.370068,5869.327470537,5869.327470537,164,229600,0.000000
38,0.380067,5869.337469959,5869.337469959,168,235200,0.000000
39,0.390070,5869.347473399,5869.347473399,173,242200,0.000000
40,0.400083,5869.357486019,5869.357486019,177,247800,0.000000
41,0.410061,5869.367464411,5869.367464411,182,254800,0.000000
42,0.420068,5869.377471377,5869.377471377,186,260400,0.000000
43,0.430063,5869.387465489,5869.387465489,191,267400,0.000000
44,0.440067,5869.397469448,5869.397469448,195,273000,0.000000
45,0.450058,5869.407460715,5869.407460715,200,280000,0.000000
46,0.460063,5869.417466101,5869.417466101,204,285600,0.000000
47,0.470080,5869.427483244,5869.427483244,209,292600,0.000000
48,0.480068,5869.437471183,5869.437471183,213,298200,0.000000
49,0.490066,5869.447469234,5869.447469234,217,303800,0.000000
50,0.500065,5869.457467602,5869.457467602,222,310800,0.000000
51,0.510064,5869.467466607,5869.467466607,226,316400,0.000000
52,0.520063,5869.477465561,5869.477465561,231,323400,0.000000
53,0.530038,5869.487440856,5869.487440856,235,329000,0.000000
54,0.540063,5869.497465628,5869.497465628,240,336000,0.000000
55,0.550064,5869.507467360,5869.507467360,244,341600,0.000000
56,0.560075,5869.517477564,5869.517477564,249,348600,0.000000
57,0.570069,5869.527472168,5869.527472168,253,354200,0.000000
58,0.580060,5869.537463268,5869.537463268,257,359800,0.000000
59,0.590059,5869.547462162,5869.547462162,262,366800,0.000000
60,0.600066,5869.557468700,5869.557468700,266,372400,0.000000
61,0.610059,5869.567462261,5869.567462261,271,379400,0.000000
62,0.620067,5869.577469686,5869.577469686,275,385000,0.000000
63,0.630058,5869.587460927,5869.587460927,280,392000,0.000000
64,0.640066,5869.597468799,5869.597468799,284,397600,0.000000
65,0.650052,5869.607454581,5869.607454581,289,404600,0.000000
66,0.660068,5869.617470745,5869.617470745,293,410200,0.000000
67,0.670068,5869.627470453,5869.627470453,297,415800,0.000000
68,0.680073,5869.637476145,5869.637476145,302,422800,0.000000
69,0.690069,5869.647471620,5869.647471620,306,428400,0.000000
70,0.700077,5869.657480034,5869.657480034,311,435400,0.000000
71,0.710063,5869.667465862,5869.667465862,315,441000,0.000000
72,0.720059,5869.677461450,5869.677461450,320,448000,0.000000
73,0.730061,5869.687463733,5869.687463733,324,453600,0.000000
74,0.740002,5869.697405337,5869.697405337,329,460600,0.000000
75,0.750064,5869.707466665,5869.707466665,333,466200,0.000000
76,0.760060,5869.717463349,5869.717463349,337,471800,0.000000
77,0.770069,5869.727471750,5869.727471750,342,478800,0.000000
78,0.780071,5869.737474024,5869.737474024,346,484400,0.000000
79,0.790067,5869.747470034,5869.747470034,351,491400,0.000000
80,0.800069,5869.757472432,5869.757472432,355,497000,0.000000
81,0.810064,5869.767467336,5869.767467336,360,504000,0.000000
82,0.820068,5869.777471377,5869.777471377,364,509600,0.000000
83,0.830065,5869.787468303,5869.787468303,369,516600,0.000000
84,0.840070,5869.797472497,5869.797472497,373,522200,0.000000
85,0.850073,5869.807476339,5869.807476339,377,527800,0.000000
86,0.860069,5869.817471797,5869.817471797,382,534800,0.000000
87,0.870073,5869.827475722,5869.827475722,386,540400,0.000000
88,0.880067,5869.837470102,5869.837470102,391,547400,0.000000
89,0.890070,5869.847472533,5869.847472533,395,553000,0.000000
90,0.900064,5869.857466858,5869.857466858,400,560000,0.000000
91,0.910068,5869.867471253,5869.867471253,404,565600,0.000000
92,0.920028,5869.877431062,5869.877431062,409,572600,0.000000
93,0.930065,5869.887467837,5869.887467837,413,578200,0.000000
94,0.940071,5869.897473598,5869.897473598,417,583800,0.000000
95,0.950077,5869.907479951,5869.907479951,422,590800,0.000000
96,0.960025,5869.917427705,5869.917427705,426,596400,0.000000
97,0.970073,5869.927475838,5869.927475838,431,603400,0.000000
98,0.980072,5869.937475209,5869.937475209,435,609000,0.000000
99,0.990062,5869.947464855,5869.947464855,440,616000,0.000000
100,1.000070,5869.957473080,5869.957473080,444,621600,0.000000
101,1.010062,5869.967465197,5869.967465197,449,628600,0.000000
102,1.020074,5869.977477156,5869.977477156,453,634200,0.000000
103,1.030076,5869.987478609,5869.987478609,458,641200,0.000000
104,1.040065,5869.997467837,5869.997467837,462,646800,0.000000
105,1.050071,5870.007473451,5870.007473451,466,652400,0.000000
106,1.060064,5870.017467001,5870.017467001,471,659400,0.000000
107,1.070074,5870.027476664,5870.027476664,475,665000,0.000000
108,1.080064,5870.037466767,5870.037466767,480,672000,0.000000
109,1.090070,5870.047472885,5870.047472885,484,677600,0.000000
110,1.100067,5870.057469447,5870.057469447,489,684600,0.000000
111,1.110074,5870.067476658,5870.067476658,493,690200,0.000000
112,1.120095,5870.077497929,5870.077497929,498,697200,0.000000
113,1.130064,5870.087467182,5870.087467182,502,702800,0.000000
114,1.140077,5870.097480352,5870.097480352,506,708400,0.000000
115,1.150071,5870.107473620,5870.107473620,511,715400,0.000000
116,1.160070,5870.117472666,5870.117472666,515,721000,0.000000
117,1.170066,5870.127468603,5870.127468603,520,728000,0.000000
118,1.180065,5870.137467582,5870.137467582,524,733600,0.000000
119,1.190081,5870.147484230,5870.147484230,529,740600,0.000000
120,1.200073,5870.157476018,5870.157476018,533,746200,0.000000
121,1.210035,5870.167437769,5870.167437769,538,753200,0.000000
122,1.220016,5870.177418966,5870.177418966,542,758800,0.000000
123,1.230066,5870.187469102,5870.187469102,546,764400,0.000000
124,1.240071,5870.197473612,5870.197473612,551,771400,0.000000
125,1.250067,5870.207469440,5870.207469440,555,777000,0.000000
126,1.260074,5870.217476886,5870.217476886,560,784000,0.000000
127,1.270066,5870.227468549,5870.227468549,564,789600,0.000000
128,1.280064,5870.237466606,5870.237466606,569,796600,0.000000
129,1.290031,5870.247434373,5870.247434373,573,802200,0.000000
130,1.300075,5870.257478087,5870.257478087,578,809200,0.000000
131,1.310067,5870.267469660,5870.267469660,582,814800,0.000000
132,1.320065,5870.277468408,5870.277468408,586,820400,0.000000
133,1.330035,5870.287437682,5870.287437682,591,827400,0.000000
134,1.340066,5870.297469426,5870.297469426,595,833000,0.000000
135,1.350084,5870.307486502,5870.307486502,600,840000,0.000000
136,1.360059,5870.317461478,5870.317461478,604,845600,0.000000
137,1.370067,5870.327469998,5870.327469998,609,852600,0.000000
138,1.380065,5870.337467876,5870.337467876,613,858200,0.000000
139,1.390018,5870.347420618,5870.347420618,618,865200,0.000000
140,1.400059,5870.357462071,5870.357462071,622,870800,0.000000
141,1.410066,5870.367469370,5870.367469370,626,876400,0.000000
142,1.420068,5870.377471236,5870.377471236,631,883400,0.000000
143,1.430031,5870.387434112,5870.387434112,635,889000,0.000000
144,1.440065,5870.397467500,5870.397467500,640,896000,0.000000
145,1.450066,5870.407468759,5870.407468759,644,901600,0.000000
146,1.460063,5870.417465990,5870.417465990,649,908600,0.000000
147,1.470090,5870.427493254,5870.427493254,653,914200,0.000000
148,1.480023,5870.437425609,5870.437425609,658,921200,0.000000
149,1.490059,5870.447461840,5870.447461840,662,926800,0.000000
150,1.500057,5870.457459560,5870.457459560,666,932400,0.000000
151,1.510070,5870.467472914,5870.467472914,671,939400,0.000000
152,1.520075,5870.477478405,5870.477478405,675,945000,0.000000
153,1.530088,5870.487490695,5870.487490695,680,952000,0.000000
154,1.540061,5870.497464269,5870.497464269,684,957600,0.000000
155,1.550072,5870.507475275,5870.507475275,689,964600,0.000000
156,1.560067,5870.517469660,5870.517469660,693,970200,0.000000
157,1.570059,5870.527461749,5870.527461749,698,977200,0.000000
158,1.580070,5870.537473110,5870.537473110,702,982800,0.000000
159,1.590076,5870.547479184,5870.547479184,707,989800,0.000000
160,1.600070,5870.557472777,5870.557472777,711,995400,0.000000
161,1.610070,5870.567473350,5870.567473350,715,1001000,0.000000
162,1.620064,5870.577466868,5870.577466868,720,1008000,0.000000
163,1.630070,5870.587472834,5870.587472834,724,1013600,0.000000
164,1.640064,5870.597466693,5870.597466693,729,1020600,0.000000
165,1.650089,5870.607492135,5870.607492135,733,1026200,0.000000
166,1.660063,5870.617465483,5870.617465483,738,1033200,0.000000
167,1.670065,5870.627467477,5870.627467477,742,1038800,0.000000
168,1.680078,5870.637480842,5870.637480842,747,1045800,0.000000
169,1.690066,5870.647469226,5870.647469226,751,1051400,0.000000
170,1.700069,5870.657471767,5870.657471767,755,1057000,0.000000
171,1.710070,5870.667473393,5870.667473393,760,1064000,0.000000
172,1.720071,5870.677473921,5870.677473921,764,1069600,0.000000
173,1.730069,5870.687471490,5870.687471490,769,1076600,0.000000
174,1.740067,5870.697470147,5870.697470147,773,1082200,0.000000
175,1.750058,5870.707460883,5870.707460883,778,1089200,0.000000
176,1.760017,5870.717420111,5870.717420111,782,1094800,0.000000
177,1.770037,5870.727439656,5870.727439656,787,1101800,0.000000
178,1.780067,5870.737469974,5870.737469974,791,1107400,0.000000
179,1.790069,5870.747472277,5870.747472277,795,1113000,0.000000
180,1.800067,5870.757469526,5870.757469526,800,1120000,0.000000
181,1.810065,5870.767467610,5870.767467610,804,1125600,0.000000
182,1.820064,5870.777466872,5870.777466872,809,1132600,0.000000
183,1.830066,5870.787469015,5870.787469015,813,1138200,0.000000
184,1.840066,5870.797469123,5870.797469123,818,1145200,0.000000
185,1.850068,5870.807471233,5870.807471233,822,1150800,0.000000
186,1.860062,5870.817465270,5870.817465270,827,1157800,0.000000
187,1.870067,5870.827469499,5870.827469499,831,1163400,0.000000
188,1.880068,5870.837471196,5870.837471196,835,1169000,0.000000
189,1.890067,5870.847469704,5870.847469704,840,1176000,0.000000
190,1.900073,5870.857476094,5870.857476094,844,1181600,0.000000
191,1.910060,5870.867463139,5870.867463139,849,1188600,0.000000
192,1.920064,5870.877467188,5870.877467188,853,1194200,0.000000
193,1.930017,5870.887420103,5870.887420103,858,1201200,0.000000
194,1.940065,5870.897467886,5870.897467886,862,1206800,0.000000
195,1.950068,5870.907470863,5870.907470863,867,1213800,0.000000
196,1.960069,5870.917472377,5870.917472377,871,1219400,0.000000
197,1.970069,5870.927472142,5870.927472142,875,1225000,0.000000
198,1.980068,5870.937470801,5870.937470801,880,1232000,0.000000
199,1.990069,5870.947471984,5870.947471984,884,1237600,0.000000
200,2.000090,5870.957492617,5870.957492617,889,1244600,0.000000
201,2.010068,5870.967470463,5870.967470463,893,1250200,0.000000
202,2.020062,5870.977464951,5870.977464951,898,1257200,0.000000
203,2.030065,5870.987468004,5870.987468004,902,1262800,0.000000
204,2.040045,5870.997447507,5870.997447507,907,1269800,0.000000
205,2.050069,5871.007472339,5871.007472339,911,1275400,0.000000
206,2.060068,5871.017471131,5871.017471131,915,1281000,0.000000
207,2.070072,5871.027475088,5871.027475088,920,1288000,0.000000
208,2.080074,5871.037476879,5871.037476879,924,1293600,0.000000
209,2.090059,5871.047462425,5871.047462425,929,1300600,0.000000
210,2.100076,5871.057478736,5871.057478736,933,1306200,0.000000
211,2.110021,5871.067424407,5871.067424407,938,1313200,0.000000
212,2.120065,5871.077467516,5871.077467516,942,1318800,0.000000
213,2.130057,5871.087460048,5871.087460048,947,1325800,0.000000
214,2.140066,5871.097469020,5871.097469020,951,1331400,0.000000
215,2.150075,5871.107477798,5871.107477798,956,1338400,0.000000
216,2.160064,5871.117466712,5871.117466712,960,1344000,0.000000
217,2.170062,5871.127465046,5871.127465046,964,1349600,0.000000
218,2.180042,5871.137444472,5871.137444472,969,1356600,0.000000
219,2.190061,5871.147463959,5871.147463959,973,1362200,0.000000
220,2.200072,5871.157474679,5871.157474679,978,1369200,0.000000
221,2.210037,5871.167439751,5871.167439751,982,1374800,0.000000
222,2.220058,5871.177460650,5871.177460650,987,1381800,0.000000
223,2.230068,5871.187470452,5871.187470452,991,1387400,0.000000
224,2.240078,5871.197481076,5871.197481076,996,1394400,0.000000
225,2.250064,5871.207467434,5871.207467434,1000,1400000,0.000000
226,2.260013,5871.217415723,5871.217415723,1004,1405600,0.000000
227,2.270058,5871.227461144,5871.227461144,1009,1412600,0.000000
228,2.280062,5871.237465022,5871.237465022,1013,1418200,0.000000
229,2.290047,5871.247449532,5871.247449532,1018,1425200,0.000000
230,2.300062,5871.257465106,5871.257465106,1022,1430800,0.000000
231,2.310059,5871.267461986,5871.267461986,1027,1437800,0.000000
232,2.320015,5871.277418050,5871.277418050,1031,1443400,0.000000
233,2.330038,5871.287441392,5871.287441392,1036,1450400,0.000000
234,2.340067,5871.297470112,5871.297470112,1040,1456000,0.000000
235,2.350045,5871.307448364,5871.307448364,1044,1461600,0.000000
236,2.360085,5871.317487935,5871.317487935,1049,1468600,0.000000
237,2.370078,5871.327480871,5871.327480871,1053,1474200,0.000000
238,2.380065,5871.337467631,5871.337467631,1058,1481200,0.000000
239,2.390064,5871.347467428,5871.347467428,1062,1486800,0.000000
240,2.400077,5871.357479464,5871.357479464,1067,1493800,0.000000
241,2.410075,5871.367478129,5871.367478129,1071,1499400,0.000000
242,2.420023,5871.377425879,5871.377425879,1076,1506400,0.000000
243,2.430064,5871.387467247,5871.387467247,1080,1512000,0.000000
244,2.440060,5871.397462874,5871.397462874,1084,1517600,0.000000
245,2.450060,5871.407463174,5871.407463174,1089,1524600,0.000000
246,2.460015,5871.417417736,5871.417417736,1093,1530200,0.000000
247,2.470067,5871.427469607,5871.427469607,1098,1537200,0.000000
248,2.480071,5871.437474236,5871.437474236,1102,1542800,0.000000
249,2.490051,5871.447454436,5871.447454436,1107,1549800,0.000000
250,2.500067,5871.457470330,5871.457470330,1111,1555400,0.000000
251,2.510065,5871.467467744,5871.467467744,1116,1562400,0.000000
252,2.520067,5871.477470051,5871.477470051,1120,1568000,0.000000
253,2.530069,5871.487472274,5871.487472274,1124,1573600,0.000000
254,2.540066,5871.497468791,5871.497468791,1129,1580600,0.000000
255,2.550072,5871.507475094,5871.507475094,1133,1586200,0.000000
256,2.560038,5871.517440739,5871.517440739,1138,1593200,0.000000
257,2.570067,5871.527470110,5871.527470110,1142,1598800,0.000000
258,2.580065,5871.537467957,5871.537467957,1147,1605800,0.000000
259,2.590063,5871.547465615,5871.547465615,1151,1611400,0.000000
260,2.600029,5871.557432254,5871.557432254,1156,1618400,0.000000
261,2.610070,5871.567472444,5871.567472444,1160,1624000,0.000000
262,2.620064,5871.577466695,5871.577466695,1164,1629600,0.000000
263,2.630042,5871.587444731,5871.587444731,1169,1636600,0.000000
264,2.640038,5871.597441215,5871.597441215,1173,1642200,0.000000
265,2.650067,5871.607469877,5871.607469877,1178,1649200,0.000000
266,2.660065,5871.617467686,5871.617467686,1182,1654800,0.000000
267,2.670012,5871.627414560,5871.627414560,1187,1661800,0.000000
268,2.680066,5871.637469184,5871.637469184,1191,1667400,0.000000
269,2.690067,5871.647469635,5871.647469635,1196,1674400,0.000000
270,2.700066,5871.657469367,5871.657469367,1200,1680000,0.000000
271,2.710078,5871.667480449,5871.667480449,1205,1687000,0.000000
272,2.720064,5871.677466788,5871.677466788,1209,1692600,0.000000
273,2.730061,5871.687463752,5871.687463752,1213,1698200,0.000000
274,2.740029,5871.697431633,5871.697431633,1218,1705200,0.000000
275,2.750069,5871.707472184,5871.707472184,1222,1710800,0.000000
276,2.760092,5871.717494682,5871.717494682,1227,1717800,0.000000
277,2.770064,5871.727467405,5871.727467405,1231,1723400,0.000000
278,2.780062,5871.737464663,5871.737464663,1236,1730400,0.000000
279,2.790068,5871.747470876,5871.747470876,1240,1736000,0.000000
280,2.800074,5871.757476939,5871.757476939,1245,1743000,0.000000
281,2.810066,5871.767469102,5871.767469102,1249,1748600,0.000000
282,2.820083,5871.777485574,5871.777485574,1253,1754200,0.000000
283,2.830065,5871.787467898,5871.787467898,1258,1761200,0.000000
284,2.840066,5871.797468708,5871.797468708,1262,1766800,0.000000
285,2.850041,5871.807443739,5871.807443739,1267,1773800,0.000000
286,2.860067,5871.817469770,5871.817469770,1271,1779400,0.000000
287,2.870058,5871.827461324,5871.827461324,1276,1786400,0.000000
288,2.880068,5871.837470749,5871.837470749,1280,1792000,0.000000
289,2.890037,5871.847440324,5871.847440324,1285,1799000,0.000000
290,2.900064,5871.857466861,5871.857466861,1289,1804600,0.000000
291,2.910069,5871.867472166,5871.867472166,1293,1810200,0.000000
292,2.920070,5871.877473302,5871.877473302,1298,1817200,0.000000
293,2.930066,5871.887468445,5871.887468445,1302,1822800,0.000000
294,2.940065,5871.897468368,5871.897468368,1307,1829800,0.000000
295,2.950074,5871.907476614,5871.907476614,1311,1835400,0.000000
296,2.960065,5871.917467770,5871.917467770,1316,1842400,0.000000
297,2.970068,5871.927470927,5871.927470927,1320,1848000,0.000000
298,2.980062,5871.937465018,5871.937465018,1325,1855000,0.000000
299,2.990067,5871.947470416,5871.947470416,1329,1860600,0.000000
300,3.000079,5871.957481992,5871.957481992,1333,1866200,0.000000
301,3.010068,5871.967470808,5871.967470808,1338,1873200,0.000000
302,3.020071,5871.977473474,5871.977473474,1342,1878800,0.000000
303,3.030067,5871.987469826,5871.987469826,1347,1885800,0.000000
304,3.040066,5871.997469137,5871.997469137,1351,1891400,0.000000
305,3.050065,5872.007467446,5872.007467446,1356,1898400,0.000000
306,3.060065,5872.017467602,5872.017467602,1360,1904000,0.000000
307,3.070061,5872.027464091,5872.027464091,1365,1911000,0.000000
308,3.080084,5872.037486862,5872.037486862,1369,1916600,0.000000
309,3.090066,5872.047469406,5872.047469406,1373,1922200,0.000000
310,3.100071,5872.057473577,5872.057473577,1378,1929200,0.000000
311,3.110085,5872.067487474,5872.067487474,1382,1934800,0.000000
312,3.120068,5872.077470641,5872.077470641,1387,1941800,0.000000
313,3.130066,5872.087469365,5872.087469365,1391,1947400,0.000000
314,3.140063,5872.097466294,5872.097466294,1396,1954400,0.000000
315,3.150060,5872.107462811,5872.107462811,1400,1960000,0.000000
316,3.160048,5872.117451130,5872.117451130,1405,1967000,0.000000
317,3.170066,5872.127468931,5872.127468931,1409,1972600,0.000000
318,3.180067,5872.137470068,5872.137470068,1413,1978200,0.000000
319,3.190064,5872.147466691,5872.147466691,1418,1985200,0.000000
320,3.200072,5872.157474928,5872.157474928,1422,1990800,0.000000
321,3.210064,5872.167467117,5872.167467117,1427,1997800,0.000000
322,3.220071,5872.177474101,5872.177474101,1431,2003400,0.000000
323,3.230064,5872.187466785,5872.187466785,1436,2010400,0.000000
324,3.240065,5872.197467701,5872.197467701,1440,2016000,0.000000
325,3.250059,5872.207461721,5872.207461721,1445,2023000,0.000000
326,3.260067,5872.217470066,5872.217470066,1449,2028600,0.000000
327,3.270075,5872.227478333,5872.227478333,1454,2035600,0.000000
328,3.280065,5872.237467502,5872.237467502,1458,2041200,0.000000
329,3.290069,5872.247471687,5872.247471687,1462,2046800,0.000000
330,3.300063,5872.257465837,5872.257465837,1467,2053800,0.000000
331,3.310066,5872.267468482,5872.267468482,1471,2059400,0.000000
332,3.320024,5872.277427058,5872.277427058,1476,2066400,0.000000
333,3.330014,5872.287416900,5872.287416900,1480,2072000,0.000000
334,3.340063,5872.297465485,5872.297465485,1485,2079000,0.000000
335,3.350065,5872.307467686,5872.307467686,1489,2084600,0.000000
336,3.360079,5872.317482085,5872.317482085,1494,2091600,0.000000
337,3.370064,5872.327467140,5872.327467140,1498,2097200,0.000000
338,3.380067,5872.337470161,5872.337470161,1502,2102800,0.000000
339,3.390065,5872.347467542,5872.347467542,1507,2109800,0.000000
340,3.400071,5872.357473837,5872.357473837,1511,2115400,0.000000
341,3.410048,5872.367450758,5872.367450758,1516,2122400,0.000000
342,3.420066,5872.377468539,5872.377468539,1520,2128000,0.000000
343,3.430019,5872.387421980,5872.387421980,1525,2135000,0.000000
344,3.440067,5872.397470046,5872.397470046,1529,2140600,0.000000
345,3.450041,5872.407443918,5872.407443918,1534,2147600,0.000000
346,3.460068,5872.417470608,5872.417470608,1538,2153200,0.000000
347,3.470071,5872.427474300,5872.427474300,1542,2158800,0.000000
348,3.480043,5872.437445548,5872.437445548,1547,2165800,0.000000
349,3.490063,5872.447466392,5872.447466392,1551,2171400,0.000000
350,3.500073,5872.457475666,5872.457475666,1556,2178400,0.000000
351,3.510074,5872.467477241,5872.467477241,1560,2184000,0.000000
352,3.520063,5872.477466372,5872.477466372,1565,2191000,0.000000
353,3.530064,5872.487466883,5872.487466883,1569,2196600,0.000000
354,3.540062,5872.497464919,5872.497464919,1574,2203600,0.000000
355,3.550077,5872.507479808,5872.507479808,1578,2209200,0.000000
356,3.560067,5872.517469486,5872.517469486,1582,2214800,0.000000
357,3.570067,5872.527470039,5872.527470039,1587,2221800,0.000000
358,3.580070,5872.537472861,5872.537472861,1591,2227400,0.000000
359,3.590063,5872.547466034,5872.547466034,1596,2234400,0.000000
360,3.600068,5872.557470554,5872.557470554,1600,2240000,0.000000
361,3.610015,5872.567418214,5872.567418214,1605,2247000,0.000000
362,3.620076,5872.577478914,5872.577478914,1609,2252600,0.000000
363,3.630067,5872.587469765,5872.587469765,1614,2259600,0.000000
364,3.640072,5872.597475093,5872.597475093,1618,2265200,0.000000
365,3.650073,5872.607475978,5872.607475978,1622,2270800,0.000000
366,3.660059,5872.617461923,5872.617461923,1627,2277800,0.000000
367,3.670069,5872.627472045,5872.627472045,1631,2283400,0.000000
368,3.680064,5872.637467409,5872.637467409,1636,2290400,0.000000
369,3.690068,5872.647470939,5872.647470939,1640,2296000,0.000000
370,3.700066,5872.657469287,5872.657469287,1645,2303000,0.000000
371,3.710057,5872.667460007,5872.667460007,1649,2308600,0.000000
372,3.720014,5872.677417063,5872.677417063,1654,2315600,0.000000
373,3.730066,5872.687469056,5872.687469056,1658,2321200,0.000000
374,3.740068,5872.697470452,5872.697470452,1662,2326800,0.000000
375,3.750060,5872.707462584,5872.707462584,1667,2333800,0.000000
376,3.760054,5872.717457390,5872.717457390,1671,2339400,0.000000
377,3.770025,5872.727427539,5872.727427539,1676,2346400,0.000000
378,3.780039,5872.737442062,5872.737442062,1680,2352000,0.000000
379,3.790047,5872.747449649,5872.747449649,1685,2359000,0.000000
380,3.800071,5872.757474148,5872.757474148,1689,2364600,0.000000
381,3.810058,5872.767461349,5872.767461349,1694,2371600,0.000000
382,3.820040,5872.777442731,5872.777442731,1698,2377200,0.000000
383,3.830077,5872.787480145,5872.787480145,1703,2384200,0.000000
384,3.840066,5872.797468807,5872.797468807,1707,2389800,0.000000
385,3.850066,5872.807468726,5872.807468726,1711,2395400,0.000000
386,3.860064,5872.817466604,5872.817466604,1716,2402400,0.000000
387,3.870065,5872.827468383,5872.827468383,1720,2408000,0.000000
388,3.880063,5872.837465796,5872.837465796,1725,2415000,0.000000
389,3.890070,5872.847472664,5872.847472664,1729,2420600,0.000000
390,3.900062,5872.857464696,5872.857464696,1734,2427600,0.000000
391,3.910063,5872.867466124,5872.867466124,1738,2433200,0.000000
392,3.920078,5872.877480676,5872.877480676,1743,2440200,0.000000
393,3.930048,5872.887451111,5872.887451111,1747,2445800,0.000000
394,3.940068,5872.897471062,5872.897471062,1751,2451400,0.000000
395,3.950066,5872.907469329,5872.907469329,1756,2458400,0.000000
396,3.960067,5872.917469875,5872.917469875,1760,2464000,0.000000
397,3.970070,5872.927473150,5872.927473150,1765,2471000,0.000000
398,3.980074,5872.937476839,5872.937476839,1769,2476600,0.000000
399,3.990036,5872.947438853,5872.947438853,1774,2483600,0.000000
400,4.000066,5872.957468789,5872.957468789,1778,2489200,0.000000
401,4.010039,5872.967441459,5872.967441459,1783,2496200,0.000000
402,4.020064,5872.977467206,5872.977467206,1787,2501800,0.000000
403,4.030076,5872.987478548,5872.987478548,1791,2507400,0.000000
404,4.040072,5872.997475124,5872.997475124,1796,2514400,0.000000
405,4.050065,5873.007468205,5873.007468205,1800,2520000,0.000000
406,4.060026,5873.017428823,5873.017428823,1805,2527000,0.000000
407,4.070068,5873.027470700,5873.027470700,1809,2532600,0.000000
408,4.080061,5873.037464040,5873.037464040,1814,2539600,0.000000
409,4.090062,5873.047464521,5873.047464521,1818,2545200,0.000000
410,4.100061,5873.057464379,5873.057464379,1823,2552200,0.000000
411,4.110068,5873.067470776,5873.067470776,1827,2557800,0.000000
412,4.120074,5873.077476511,5873.077476511,1831,2563400,0.000000
413,4.130068,5873.087471375,5873.087471375,1836,2570400,0.000000
414,4.140075,5873.097477784,5873.097477784,1840,2576000,0.000000
415,4.150066,5873.107468661,5873.107468661,1845,2583000,0.000000
416,4.160074,5873.117477094,5873.117477094,1849,2588600,0.000000
417,4.170063,5873.127465849,5873.127465849,1854,2595600,0.000000
418,4.180073,5873.137475794,5873.137475794,1858,2601200,0.000000
419,4.190058,5873.147461188,5873.147461188,1863,2608200,0.000000
420,4.200069,5873.157471875,5873.157471875,1867,2613800,0.000000
421,4.210068,5873.167471105,5873.167471105,1871,2619400,0.000000
422,4.220067,5873.177470134,5873.177470134,1876,2626400,0.000000
423,4.230070,5873.187473409,5873.187473409,1880,2632000,0.000000
424,4.240072,5873.197474999,5873.197474999,1885,2639000,0.000000
425,4.250079,5873.207481775,5873.207481775,1889,2644600,0.000000
426,4.260065,5873.217467657,5873.217467657,1894,2651600,0.000000
427,4.270066,5873.227469075,5873.227469075,1898,2657200,0.000000
428,4.280040,5873.237443169,5873.237443169,1903,2664200,0.000000
429,4.290069,5873.247472350,5873.247472350,1907,2669800,0.000000
430,4.300069,5873.257471947,5873.257471947,1911,2675400,0.000000
431,4.310078,5873.267480577,5873.267480577,1916,2682400,0.000000
432,4.320068,5873.277471229,5873.277471229,1920,2688000,0.000000
433,4.330068,5873.287471331,5873.287471331,1925,2695000,0.000000
434,4.340090,5873.297492701,5873.297492701,1929,2700600,0.000000
435,4.350064,5873.307467116,5873.307467116,1934,2707600,0.000000
436,4.360077,5873.317479487,5873.317479487,1938,2713200,0.000000
437,4.370023,5873.327425525,5873.327425525,1943,2720200,0.000000
438,4.380081,5873.337483742,5873.337483742,1947,2725800,0.000000
439,4.390081,5873.347483589,5873.347483589,1952,2732800,0.000000
440,4.400066,5873.357468523,5873.357468523,1956,2738400,0.000000
441,4.410071,5873.367474396,5873.367474396,1960,2744000,0.000000
442,4.420066,5873.377469404,5873.377469404,1965,2751000,0.000000
443,4.430047,5873.387450223,5873.387450223,1969,2756600,0.000000
444,4.440052,5873.397454845,5873.397454845,1974,2763600,0.000000
445,4.450079,5873.407482287,5873.407482287,1978,2769200,0.000000
446,4.460058,5873.417461080,5873.417461080,1983,2776200,0.000000
447,4.470070,5873.427472559,5873.427472559,1987,2781800,0.000000
448,4.480082,5873.437485386,5873.437485386,1992,2788800,0.000000
449,4.490077,5873.447479646,5873.447479646,1996,2794400,0.000000
450,4.500065,5873.457468150,5873.457468150,2000,2800000,0.000000
451,4.510096,5873.467498775,5873.467498775,2005,2807000,0.000000
452,4.520070,5873.477472916,5873.477472916,2009,2812600,0.000000
453,4.530075,5873.487478129,5873.487478129,2014,2819600,0.000000
454,4.540066,5873.497468769,5873.497468769,2018,2825200,0.000000
455,4.550059,5873.507462280,5873.507462280,2023,2832200,0.000000
456,4.560065,5873.517468227,5873.517468227,2027,2837800,0.000000
457,4.570042,5873.527445171,5873.527445171,2032,2844800,0.000000
458,4.580086,5873.537488460,5873.537488460,2036,2850400,0.000000
459,4.590069,5873.547471503,5873.547471503,2040,2856000,0.000000
460,4.600067,5873.557470093,5873.557470093,2045,2863000,0.000000
461,4.610077,5873.567480045,5873.567480045,2049,2868600,0.000000
462,4.620068,5873.577471055,5873.577471055,2054,2875600,0.000000
463,4.630071,5873.587474046,5873.587474046,2058,2881200,0.000000
464,4.640065,5873.597467628,5873.597467628,2063,2888200,0.000000
465,4.650069,5873.607472148,5873.607472148,2067,2893800,0.000000
466,4.660000,5873.617403137,5873.617403137,2072,2900800,0.000000
467,4.670089,5873.627491513,5873.627491513,2076,2906400,0.000000
468,4.680066,5873.637469101,5873.637469101,2080,2912000,0.000000
469,4.690065,5873.647468438,5873.647468438,2085,2919000,0.000000
470,4.700067,5873.657470015,5873.657470015,2089,2924600,0.000000
471,4.710071,5873.667473609,5873.667473609,2094,2931600,0.000000
472,4.720070,5873.677472702,5873.677472702,2098,2937200,0.000000
473,4.730070,5873.687472628,5873.687472628,2103,2944200,0.000000
474,4.740067,5873.697470205,5873.697470205,2107,2949800,0.000000
475,4.750072,5873.707474733,5873.707474733,2112,2956800,0.000000
476,4.760068,5873.717470941,5873.717470941,2116,2962400,0.000000
477,4.770065,5873.727468073,5873.727468073,2120,2968000,0.000000
478,4.780070,5873.737472444,5873.737472444,2125,2975000,0.000000
479,4.790072,5873.747474797,5873.747474797,2129,2980600,0.000000
480,4.800065,5873.757467562,5873.757467562,2134,2987600,0.000000
481,4.810066,5873.767469171,5873.767469171,2138,2993200,0.000000
482,4.820064,5873.777466530,5873.777466530,2143,3000200,0.000000
483,4.830073,5873.787475846,5873.787475846,2147,3005800,0.000000
484,4.840035,5873.797437618,5873.797437618,2152,3012800,0.000000
485,4.850066,5873.807469129,5873.807469129,2156,3018400,0.000000
486,4.860072,5873.817475276,5873.817475276,2160,3024000,0.000000
487,4.870023,5873.827426352,5873.827426352,2165,3031000,0.000000
488,4.880066,5873.837469333,5873.837469333,2169,3036600,0.000000
489,4.890064,5873.847466487,5873.847466487,2174,3043600,0.000000
490,4.900065,5873.857468083,5873.857468083,2178,3049200,0.000000
491,4.910064,5873.867467240,5873.867467240,2183,3056200,0.000000
492,4.920068,5873.877470667,5873.877470667,2187,3061800,0.000000
493,4.930066,5873.887468777,5873.887468777,2192,3068800,0.000000
494,4.940065,5873.897468207,5873.897468207,2196,3074400,0.000000
495,4.950073,5873.907476382,5873.907476382,2201,3081400,0.000000
496,4.960064,5873.917467140,5873.917467140,2205,3087000,0.000000
497,4.970067,5873.927470259,5873.927470259,2209,3092600,0.000000
498,4.980063,5873.937465544,5873.937465544,2214,3099600,0.000000
499,4.990067,5873.947469612,5873.947469612,2218,3105200,0.000000
500,5.000076,5873.957478496,5873.957478496,2223,3112200,0.000000
501,5.010072,5873.967474606,5873.967474606,2227,3117800,0.000000
502,5.020059,5873.977461636,5873.977461636,2232,3124800,0.000000
503,5.030068,5873.987470584,5873.987470584,2236,3130400,0.000000
504,5.040076,5873.997479411,5873.997479411,2241,3137400,0.000000
505,5.050050,5874.007452517,5874.007452517,2245,3143000,0.000000
506,5.060064,5874.017466896,5874.017466896,2249,3148600,0.000000
507,5.070063,5874.027465970,5874.027465970,2254,3155600,0.000000
508,5.080071,5874.037474110,5874.037474110,2258,3161200,0.000000
509,5.090080,5874.047482539,5874.047482539,2263,3168200,0.000000
510,5.100063,5874.057466399,5874.057466399,2267,3173800,0.000000
511,5.110067,5874.067470269,5874.067470269,2272,3180800,0.000000
512,5.120070,5874.077473366,5874.077473366,2276,3186400,0.000000
513,5.130046,5874.087448906,5874.087448906,2281,3193400,0.000000
514,5.140069,5874.097471829,5874.097471829,2285,3199000,0.000000
515,5.150062,5874.107464741,5874.107464741,2289,3204600,0.000000
516,5.160070,5874.117472499,5874.117472499,2294,3211600,0.000000
517,5.170065,5874.127467495,5874.127467495,2298,3217200,0.000000
518,5.180064,5874.137466760,5874.137466760,2303,3224200,0.000000
519,5.190066,5874.147469179,5874.147469179,2307,3229800,0.000000
520,5.200073,5874.157475634,5874.157475634,2312,3236800,0.000000
521,5.210071,5874.167474075,5874.167474075,2316,3242400,0.000000
522,5.220011,5874.177414432,5874.177414432,2321,3249400,0.000000
523,5.230087,5874.187489492,5874.187489492,2325,3255000,0.000000
524,5.240069,5874.197471865,5874.197471865,2329,3260600,0.000000
525,5.250033,5874.207435753,5874.207435753,2334,3267600,0.000000
526,5.260073,5874.217475691,5874.217475691,2338,3273200,0.000000
527,5.270058,5874.227461367,5874.227461367,2343,3280200,0.000000
528,5.280063,5874.237465714,5874.237465714,2347,3285800,0.000000
529,5.290063,5874.247466207,5874.247466207,2352,3292800,0.000000
530,5.300069,5874.257472431,5874.257472431,2356,3298400,0.000000
531,5.310064,5874.267467071,5874.267467071,2361,3305400,0.000000
532,5.320083,5874.277485513,5874.277485513,2365,3311000,0.000000
533,5.330061,5874.287464300,5874.287464300,2369,3316600,0.000000
534,5.340077,5874.297480399,5874.297480399,2374,3323600,0.000000
535,5.350084,5874.307487425,5874.307487425,2378,3329200,0.000000
536,5.360060,5874.317463369,5874.317463369,2383,3336200,0.000000
537,5.370074,5874.327477145,5874.327477145,2387,3341800,0.000000
538,5.380068,5874.337471029,5874.337471029,2392,3348800,0.000000
539,5.390063,5874.347466240,5874.347466240,2396,3354400,0.000000
540,5.400030,5874.357432553,5874.357432553,2401,3361400,0.000000
541,5.410066,5874.367469159,5874.367469159,2405,3367000,0.000000
542,5.420073,5874.377476125,5874.377476125,2409,3372600,0.000000
543,5.430043,5874.387446168,5874.387446168,2414,3379600,0.000000
544,5.440069,5874.397471879,5874.397471879,2418,3385200,0.000000
545,5.450071,5874.407474228,5874.407474228,2423,3392200,0.000000
546,5.460063,5874.417466039,5874.417466039,2427,3397800,0.000000
547,5.470059,5874.427461483,5874.427461483,2432,3404800,0.000000
548,5.480074,5874.437477436,5874.437477436,2436,3410400,0.000000
549,5.490049,5874.447451550,5874.447451550,2441,3417400,0.000000
550,5.500071,5874.457474121,5874.457474121,2445,3423000,0.000000
551,5.510081,5874.467484334,5874.467484334,2450,3430000,0.000000
552,5.520068,5874.477470792,5874.477470792,2454,3435600,0.000000
553,5.530064,5874.487466556,5874.487466556,2458,3441200,0.000000
554,5.540064,5874.497466629,5874.497466629,2463,3448200,0.000000
555,5.550065,5874.507467794,5874.507467794,2467,3453800,0.000000
556,5.560068,5874.517471138,5874.517471138,2472,3460800,0.000000
557,5.570070,5874.527472881,5874.527472881,2476,3466400,0.000000
558,5.580064,5874.537466694,5874.537466694,2481,3473400,0.000000
559,5.590063,5874.547465909,5874.547465909,2485,3479000,0.000000
560,5.600103,5874.557505521,5874.557505521,2490,3486000,0.000000
561,5.610063,5874.567465925,5874.567465925,2494,3491600,0.000000
562,5.620089,5874.577491597,5874.577491597,2498,3497200,0.000000
563,5.630066,5874.587469092,5874.587469092,2503,3504200,0.000000
564,5.640070,5874.597472500,5874.597472500,2507,3509800,0.000000
565,5.650078,5874.607481032,5874.607481032,2512,3516800,0.000000
566,5.660069,5874.617471579,5874.617471579,2516,3522400,0.000000
567,5.670067,5874.627470252,5874.627470252,2521,3529400,0.000000
568,5.680072,5874.637474476,5874.637474476,2525,3535000,0.000000
569,5.690050,5874.647452623,5874.647452623,2530,3542000,0.000000
570,5.700069,5874.657471757,5874.657471757,2534,3547600,0.000000
571,5.710067,5874.667470393,5874.667470393,2538,3553200,0.000000
572,5.720045,5874.677447592,5874.677447592,2543,3560200,0.000000
573,5.730074,5874.687477272,5874.687477272,2547,3565800,0.000000
574,5.740071,5874.697473523,5874.697473523,2552,3572800,0.000000
575,5.750076,5874.707478822,5874.707478822,2556,3578400,0.000000
576,5.760065,5874.717467770,5874.717467770,2561,3585400,0.000000
577,5.770072,5874.727475382,5874.727475382,2565,3591000,0.000000
578,5.780010,5874.737413425,5874.737413425,2570,3598000,0.000000
579,5.790067,5874.747470088,5874.747470088,2574,3603600,0.000000
580,5.800082,5874.757485036,5874.757485036,2578,3609200,0.000000
581,5.810069,5874.767471743,5874.767471743,2583,3616200,0.000000
582,5.820074,5874.777476856,5874.777476856,2587,3621800,0.000000
583,5.830065,5874.787467652,5874.787467652,2592,3628800,0.000000
584,5.840069,5874.797471800,5874.797471800,2596,3634400,0.000000
585,5.850069,5874.807471453,5874.807471453,2601,3641400,0.000000
586,5.860069,5874.817471620,5874.817471620,2605,3647000,0.000000
587,5.870070,5874.827472978,5874.827472978,2610,3654000,0.000000
588,5.880070,5874.837472613,5874.837472613,2614,3659600,0.000000
589,5.890071,5874.847474349,5874.847474349,2618,3665200,0.000000
590,5.900067,5874.857469996,5874.857469996,2623,3672200,0.000000
591,5.910079,5874.867481627,5874.867481627,2627,3677800,0.000000
592,5.920067,5874.877469713,5874.877469713,2632,3684800,0.000000
593,5.930072,5874.887475248,5874.887475248,2636,3690400,0.000000
594,5.940067,5874.897470244,5874.897470244,2641,3697400,0.000000
595,5.950076,5874.907478504,5874.907478504,2645,3703000,0.000000
596,5.960041,5874.917443489,5874.917443489,2650,3710000,0.000000
597,5.970067,5874.927469934,5874.927469934,2654,3715600,0.000000
598,5.980074,5874.937476655,5874.937476655,2658,3721200,0.000000
599,5.990068,5874.947470961,5874.947470961,2663,3728200,0.000000
600,6.000086,5874.957488496,5874.957488496,2667,3733800,0.000000
601,6.010067,5874.967469981,5874.967469981,2672,3740800,0.000000
602,6.020067,5874.977470162,5874.977470162,2676,3746400,0.000000
603,6.030069,5874.987471471,5874.987471471,2681,3753400,0.000000
604,6.040074,5874.997477246,5874.997477246,2685,3759000,0.000000
605,6.050027,5875.007430215,5875.007430215,2690,3766000,0.000000
606,6.060069,5875.017472206,5875.017472206,2694,3771600,0.000000
607,6.070089,5875.027492336,5875.027492336,2699,3778600,0.000000
608,6.080088,5875.037490777,5875.037490777,2703,3784200,0.000000
609,6.090071,5875.047474273,5875.047474273,2707,3789800,0.000000
610,6.100067,5875.057469750,5875.057469750,2712,3796800,0.000000
611,6.110070,5875.067472920,5875.067472920,2716,3802400,0.000000
612,6.120069,5875.077471817,5875.077471817,2721,3809400,0.000000
613,6.130070,5875.087473117,5875.087473117,2725,3815000,0.000000
614,6.140062,5875.097464669,5875.097464669,2730,3822000,0.000000
615,6.150070,5875.107473177,5875.107473177,2734,3827600,0.000000
616,6.160095,5875.117497797,5875.117497797,2739,3834600,0.000000
617,6.170074,5875.127477153,5875.127477153,2743,3840200,0.000000
618,6.180068,5875.137470976,5875.137470976,2747,3845800,0.000000
619,6.190066,5875.147468990,5875.147468990,2752,3852800,0.000000
620,6.200068,5875.157470863,5875.157470863,2756,3858400,0.000000
621,6.210049,5875.167451479,5875.167451479,2761,3865400,0.000000
622,6.220080,5875.177483090,5875.177483090,2765,3871000,0.000000
623,6.230065,5875.187467611,5875.187467611,2770,3878000,0.000000
624,6.240065,5875.197467796,5875.197467796,2774,3883600,0.000000
625,6.250039,5875.207441581,5875.207441581,2779,3890600,0.000000
626,6.260069,5875.217472387,5875.217472387,2783,3896200,0.000000
627,6.270074,5875.227477070,5875.227477070,2787,3901800,0.000000
628,6.280065,5875.237467687,5875.237467687,2792,3908800,0.000000
629,6.290067,5875.247469683,5875.247469683,2796,3914400,0.000000
630,6.300063,5875.257465918,5875.257465918,2801,3921400,0.000000
631,6.310068,5875.267471277,5875.267471277,2805,3927000,0.000000
632,6.320062,5875.277465368,5875.277465368,2810,3934000,0.000000
633,6.330068,5875.287471166,5875.287471166,2814,3939600,0.000000
634,6.340006,5875.297409035,5875.297409035,2819,3946600,0.000000
635,6.350069,5875.307471715,5875.307471715,2823,3952200,0.000000
636,6.360060,5875.317463223,5875.317463223,2827,3957800,0.000000
637,6.370062,5875.327465301,5875.327465301,2832,3964800,0.000000
638,6.380035,5875.337437725,5875.337437725,2836,3970400,0.000000
639,6.390072,5875.347474962,5875.347474962,2841,3977400,0.000000
640,6.400087,5875.357490412,5875.357490412,2845,3983000,0.000000
641,6.410062,5875.367465106,5875.367465106,2850,3990000,0.000000
642,6.420066,5875.377468971,5875.377468971,2854,3995600,0.000000
643,6.430065,5875.387468376,5875.387468376,2859,4002600,0.000000
644,6.440066,5875.397468650,5875.397468650,2863,4008200,0.000000
645,6.450064,5875.407467164,5875.407467164,2867,4013800,0.000000
646,6.460068,5875.417471168,5875.417471168,2872,4020800,0.000000
647,6.470068,5875.427471176,5875.427471176,2876,4026400,0.000000
648,6.480062,5875.437464873,5875.437464873,2881,4033400,0.000000
649,6.490072,5875.447474967,5875.447474967,2885,4039000,0.000000
650,6.500057,5875.457459740,5875.457459740,2890,4046000,0.000000
651,6.510059,5875.467461987,5875.467461987,2894,4051600,0.000000
652,6.520035,5875.477438380,5875.477438380,2899,4058600,0.000000
653,6.530067,5875.487469663,5875.487469663,2903,4064200,0.000000
654,6.540066,5875.497468759,5875.497468759,2907,4069800,0.000000
655,6.550065,5875.507467990,5875.507467990,2912,4076800,0.000000
656,6.560074,5875.517476981,5875.517476981,2916,4082400,0.000000
657,6.570071,5875.527474325,5875.527474325,2921,4089400,0.000000
658,6.580072,5875.537474569,5875.537474569,2925,4095000,0.000000
659,6.590026,5875.547429022,5875.547429022,2930,4102000,0.000000
660,6.600068,5875.557470573,5875.557470573,2934,4107600,0.000000
661,6.610022,5875.567425171,5875.567425171,2939,4114600,0.000000
662,6.620064,5875.577466737,5875.577466737,2943,4120200,0.000000
663,6.630082,5875.587484610,5875.587484610,2948,4127200,0.000000
664,6.640066,5875.597468527,5875.597468527,2952,4132800,0.000000
665,6.650064,5875.607466660,5875.607466660,2956,4138400,0.000000
666,6.660066,5875.617468454,5875.617468454,2961,4145400,0.000000
667,6.670042,5875.627445128,5875.627445128,2965,4151000,0.000000
668,6.680064,5875.637466516,5875.637466516,2970,4158000,0.000000
669,6.690040,5875.647442718,5875.647442718,2974,4163600,0.000000
670,6.700062,5875.657464881,5875.657464881,2979,4170600,0.000000
671,6.710063,5875.667466061,5875.667466061,2983,4176200,0.000000
672,6.720074,5875.677477130,5875.677477130,2988,4183200,0.000000
673,6.730047,5875.687450276,5875.687450276,2992,4188800,0.000000
674,6.740068,5875.697471343,5875.697471343,2996,4194400,0.000000
675,6.750060,5875.707462832,5875.707462832,3001,4201400,0.000000
676,6.760025,5875.717428376,5875.717428376,3005,4207000,0.000000
677,6.770064,5875.727466502,5875.727466502,3010,4214000,0.000000
678,6.780059,5875.737462027,5875.737462027,3014,4219600,0.000000
679,6.790062,5875.747464602,5875.747464602,3019,4226600,0.000000
680,6.800086,5875.757488931,5875.757488931,3023,4232200,0.000000
681,6.810037,5875.767439651,5875.767439651,3028,4239200,0.000000
682,6.820066,5875.777468947,5875.777468947,3032,4244800,0.000000
683,6.830066,5875.787469297,5875.787469297,3036,4250400,0.000000
684,6.840072,5875.797474670,5875.797474670,3041,4257400,0.000000
685,6.850068,5875.807471132,5875.807471132,3045,4263000,0.000000
686,6.860075,5875.817477816,5875.817477816,3050,4270000,0.000000
687,6.870084,5875.827487344,5875.827487344,3054,4275600,0.000000
688,6.880063,5875.837466202,5875.837466202,3059,4282600,0.000000
689,6.890073,5875.847476177,5875.847476177,3063,4288200,0.000000
690,6.900013,5875.857415917,5875.857415917,3068,4295200,0.000000
691,6.910070,5875.867473010,5875.867473010,3072,4300800,0.000000
692,6.920069,5875.877472145,5875.877472145,3076,4306400,0.000000
693,6.930063,5875.887466155,5875.887466155,3081,4313400,0.000000
694,6.940070,5875.897472481,5875.897472481,3085,4319000,0.000000
695,6.950066,5875.907468785,5875.907468785,3090,4326000,0.000000
696,6.960067,5875.917470369,5875.917470369,3094,4331600,0.000000
697,6.970062,5875.927465403,5875.927465403,3099,4338600,0.000000
698,6.980072,5875.937474474,5875.937474474,3103,4344200,0.000000
699,6.990067,5875.947469832,5875.947469832,3108,4351200,0.000000
700,7.000059,5875.957462152,5875.957462152,3112,4356800,0.000000
701,7.010065,5875.967468394,5875.967468394,3116,4362400,0.000000
702,7.020065,5875.977468163,5875.977468163,3121,4369400,0.000000
703,7.030074,5875.987477052,5875.987477052,3125,4375000,0.000000
704,7.040063,5875.997466251,5875.997466251,3130,4382000,0.000000
705,7.050068,5876.007470473,5876.007470473,3134,4387600,0.000000
706,7.060063,5876.017465594,5876.017465594,3139,4394600,0.000000
707,7.070059,5876.027462325,5876.027462325,3143,4400200,0.000000
708,7.080029,5876.037431523,5876.037431523,3148,4407200,0.000000
709,7.090059,5876.047461491,5876.047461491,3152,4412800,0.000000
710,7.100037,5876.057440059,5876.057440059,3156,4418400,0.000000
711,7.110069,5876.067472282,5876.067472282,3161,4425400,0.000000
712,7.120041,5876.077443869,5876.077443869,3165,4431000,0.000000
713,7.130063,5876.087465599,5876.087465599,3170,4438000,0.000000
714,7.140068,5876.097470869,5876.097470869,3174,4443600,0.000000
715,7.150020,5876.107423206,5876.107423206,3179,4450600,0.000000
716,7.160066,5876.117468925,5876.117468925,3183,4456200,0.000000
717,7.170025,5876.127428259,5876.127428259,3188,4463200,0.000000
718,7.180072,5876.137474644,5876.137474644,3192,4468800,0.000000
719,7.190071,5876.147474332,5876.147474332,3197,4475800,0.000000
720,7.200015,5876.157418287,5876.157418287,3201,4481400,0.000000
721,7.210070,5876.167472546,5876.167472546,3205,4487000,0.000000
722,7.220068,5876.177471217,5876.177471217,3210,4494000,0.000000
723,7.230068,5876.187470718,5876.187470718,3214,4499600,0.000000
724,7.240063,5876.197465508,5876.197465508,3219,4506600,0.000000
725,7.250071,5876.207473501,5876.207473501,3223,4512200,0.000000
726,7.260062,5876.217464512,5876.217464512,3228,4519200,0.000000
727,7.270067,5876.227470180,5876.227470180,3232,4524800,0.000000
728,7.280072,5876.237474998,5876.237474998,3237,4531800,0.000000
729,7.290064,5876.247466855,5876.247466855,3241,4537400,0.000000
730,7.300067,5876.257470215,5876.257470215,3245,4543000,0.000000
731,7.310021,5876.267423769,5876.267423769,3250,4550000,0.000000
732,7.320065,5876.277468118,5876.277468118,3254,4555600,0.000000
733,7.330064,5876.287467292,5876.287467292,3259,4562600,0.000000
734,7.340071,5876.297473707,5876.297473707,3263,4568200,0.000000
735,7.350056,5876.307459371,5876.307459371,3268,4575200,0.000000
736,7.360065,5876.317468367,5876.317468367,3272,4580800,0.000000
737,7.370031,5876.327433487,5876.327433487,3277,4587800,0.000000
738,7.380022,5876.337425188,5876.337425188,3281,4593400,0.000000
739,7.390063,5876.347466024,5876.347466024,3285,4599000,0.000000
740,7.400034,5876.357436830,5876.357436830,3290,4606000,0.000000
741,7.410064,5876.367467415,5876.367467415,3294,4611600,0.000000
742,7.420059,5876.377462198,5876.377462198,3299,4618600,0.000000
743,7.430066,5876.387469381,5876.387469381,3303,4624200,0.000000
744,7.440058,5876.397461155,5876.397461155,3308,4631200,0.000000
745,7.450025,5876.407427780,5876.407427780,3312,4636800,0.000000
746,7.460036,5876.417439339,5876.417439339,3317,4643800,0.000000
747,7.470069,5876.427472307,5876.427472307,3321,4649400,0.000000
748,7.480067,5876.437470057,5876.437470057,3325,4655000,0.000000
749,7.490063,5876.447465954,5876.447465954,3330,4662000,0.000000
750,7.500030,5876.457433238,5876.457433238,3334,4667600,0.000000
751,7.510068,5876.467471130,5876.467471130,3339,4674600,0.000000
752,7.520069,5876.477471920,5876.477471920,3343,4680200,0.000000
753,7.530043,5876.487445784,5876.487445784,3348,4687200,0.000000
754,7.540072,5876.497475011,5876.497475011,3352,4692800,0.000000
755,7.550068,5876.507470726,5876.507470726,3357,4699800,0.000000
756,7.560067,5876.517469977,5876.517469977,3361,4705400,0.000000
757,7.570067,5876.527470005,5876.527470005,3365,4711000,0.000000
758,7.580070,5876.537473268,5876.537473268,3370,4718000,0.000000
759,7.590062,5876.547465393,5876.547465393,3374,4723600,0.000000
760,7.600069,5876.557472401,5876.557472401,3379,4730600,0.000000
761,7.610073,5876.567475846,5876.567475846,3383,4736200,0.000000
762,7.620065,5876.577467624,5876.577467624,3388,4743200,0.000000
763,7.630065,5876.587468041,5876.587468041,3392,4748800,0.000000
764,7.640034,5876.597437088,5876.597437088,3397,4755800,0.000000
765,7.650068,5876.607470855,5876.607470855,3401,4761400,0.000000
766,7.660062,5876.617464623,5876.617464623,3405,4767000,0.000000
767,7.670046,5876.627448684,5876.627448684,3410,4774000,0.000000
768,7.680071,5876.637473819,5876.637473819,3414,4779600,0.000000
769,7.690071,5876.647473847,5876.647473847,3419,4786600,0.000000
770,7.700069,5876.657472131,5876.657472131,3423,4792200,0.000000
771,7.710020,5876.667422739,5876.667422739,3428,4799200,0.000000
772,7.720067,5876.677469623,5876.677469623,3432,4804800,0.000000
773,7.730066,5876.687469287,5876.687469287,3437,4811800,0.000000
774,7.740088,5876.697491173,5876.697491173,3441,4817400,0.000000
775,7.750077,5876.707479764,5876.707479764,3446,4824400,0.000000
776,7.760067,5876.717470158,5876.717470158,3450,4830000,0.000000
777,7.770071,5876.727474156,5876.727474156,3454,4835600,0.000000
778,7.780069,5876.737471783,5876.737471783,3459,4842600,0.000000
779,7.790068,5876.747470556,5876.747470556,3463,4848200,0.000000
780,7.800067,5876.757469666,5876.757469666,3468,4855200,0.000000
781,7.810073,5876.767475768,5876.767475768,3472,4860800,0.000000
782,7.820062,5876.777465378,5876.777465378,3477,4867800,0.000000
783,7.830065,5876.787467596,5876.787467596,3481,4873400,0.000000
784,7.840076,5876.797479001,5876.797479001,3486,4880400,0.000000
785,7.850066,5876.807468956,5876.807468956,3490,4886000,0.000000
786,7.860071,5876.817473974,5876.817473974,3494,4891600,0.000000
787,7.870059,5876.827461859,5876.827461859,3499,4898600,0.000000
788,7.880072,5876.837474598,5876.837474598,3503,4904200,0.000000
789,7.890047,5876.847450435,5876.847450435,3508,4911200,0.000000
790,7.900066,5876.857469140,5876.857469140,3512,4916800,0.000000
791,7.910065,5876.867467882,5876.867467882,3517,4923800,0.000000
792,7.920076,5876.877478919,5876.877478919,3521,4929400,0.000000
793,7.930046,5876.887448759,5876.887448759,3526,4936400,0.000000
794,7.940065,5876.897467479,5876.897467479,3530,4942000,0.000000
795,7.950088,5876.907490488,5876.907490488,3534,4947600,0.000000
796,7.960069,5876.917472247,5876.917472247,3539,4954600,0.000000
797,7.970067,5876.927470173,5876.927470173,3543,4960200,0.000000
798,7.980021,5876.937423909,5876.937423909,3548,4967200,0.000000
799,7.990068,5876.947470804,5876.947470804,3552,4972800,0.000000
800,8.000069,5876.957471595,5876.957471595,3557,4979800,0.000000
801,8.010069,5876.967472020,5876.967472020,3561,4985400,0.000000
802,8.020004,5876.977406581,5876.977406581,3566,4992400,0.000000
803,8.030064,5876.987467238,5876.987467238,3570,4998000,0.000000
804,8.040068,5876.997471346,5876.997471346,3574,5003600,0.000000
805,8.050067,5877.007469603,5877.007469603,3579,5010600,0.000000
806,8.060088,5877.017491055,5877.017491055,3583,5016200,0.000000
807,8.070067,5877.027469516,5877.027469516,3588,5023200,0.000000
808,8.080060,5877.037463084,5877.037463084,3592,5028800,0.000000
809,8.090062,5877.047465112,5877.047465112,3597,5035800,0.000000
810,8.100068,5877.057470498,5877.057470498,3601,5041400,0.000000
811,8.110071,5877.067474344,5877.067474344,3606,5048400,0.000000
812,8.120066,5877.077469327,5877.077469327,3610,5054000,0.000000
813,8.130075,5877.087477673,5877.087477673,3614,5059600,0.000000
814,8.140080,5877.097482990,5877.097482990,3619,5066600,0.000000
815,8.150062,5877.107464456,5877.107464456,3623,5072200,0.000000
816,8.160047,5877.117449458,5877.117449458,3628,5079200,0.000000
817,8.170064,5877.127467425,5877.127467425,3632,5084800,0.000000
818,8.180065,5877.137468013,5877.137468013,3637,5091800,0.000000
819,8.190066,5877.147468905,5877.147468905,3641,5097400,0.000000
820,8.200043,5877.157445454,5877.157445454,3646,5104400,0.000000
821,8.210061,5877.167463520,5877.167463520,3650,5110000,0.000000
822,8.220067,5877.177469625,5877.177469625,3654,5115600,0.000000
823,8.230060,5877.187462740,5877.187462740,3659,5122600,0.000000
824,8.240053,5877.197455722,5877.197455722,3663,5128200,0.000000
825,8.250059,5877.207461524,5877.207461524,3668,5135200,0.000000
826,8.260071,5877.217473880,5877.217473880,3672,5140800,0.000000
827,8.270076,5877.227479046,5877.227479046,3677,5147800,0.000000
828,8.280083,5877.237485693,5877.237485693,3681,5153400,0.000000
829,8.290062,5877.247464826,5877.247464826,3686,5160400,0.000000
830,8.300080,5877.257483426,5877.257483426,3690,5166000,0.000000
831,8.310094,5877.267497046,5877.267497046,3695,5173000,0.000000
832,8.320065,5877.277468165,5877.277468165,3699,5178600,0.000000
833,8.330072,5877.287475283,5877.287475283,3703,5184200,0.000000
834,8.340035,5877.297437887,5877.297437887,3708,5191200,0.000000
835,8.350068,5877.307470913,5877.307470913,3712,5196800,0.000000
836,8.360068,5877.317471224,5877.317471224,3717,5203800,0.000000
837,8.370063,5877.327465973,5877.327465973,3721,5209400,0.000000
838,8.380062,5877.337465155,5877.337465155,3726,5216400,0.000000
839,8.390069,5877.347471801,5877.347471801,3730,5222000,0.000000
840,8.400045,5877.357447466,5877.357447466,3735,5229000,0.000000
841,8.410047,5877.367450090,5877.367450090,3739,5234600,0.000000
842,8.420044,5877.377447248,5877.377447248,3743,5240200,0.000000
843,8.430063,5877.387466354,5877.387466354,3748,5247200,0.000000
844,8.440065,5877.397467725,5877.397467725,3752,5252800,0.000000
845,8.450063,5877.407465871,5877.407465871,3757,5259800,0.000000
846,8.460067,5877.417470064,5877.417470064,3761,5265400,0.000000
847,8.470067,5877.427469660,5877.427469660,3766,5272400,0.000000
848,8.480069,5877.437472064,5877.437472064,3770,5278000,0.000000
849,8.490036,5877.447438538,5877.447438538,3775,5285000,0.000000
850,8.500067,5877.457469509,5877.457469509,3779,5290600,0.000000
851,8.510064,5877.467466846,5877.467466846,3783,5296200,0.000000
852,8.520031,5877.477434182,5877.477434182,3788,5303200,0.000000
853,8.530064,5877.487467280,5877.487467280,3792,5308800,0.000000
854,8.540062,5877.497464894,5877.497464894,3797,5315800,0.000000
855,8.550062,5877.507465033,5877.507465033,3801,5321400,0.000000
856,8.560062,5877.517465103,5877.517465103,3806,5328400,0.000000
857,8.570059,5877.527461886,5877.527461886,3810,5334000,0.000000
858,8.580062,5877.537464455,5877.537464455,3815,5341000,0.000000
859,8.590067,5877.547469716,5877.547469716,3819,5346600,0.000000
860,8.600062,5877.557465182,5877.557465182,3823,5352200,0.000000
861,8.610066,5877.567468504,5877.567468504,3828,5359200,0.000000
862,8.620074,5877.577476851,5877.577476851,3832,5364800,0.000000
863,8.630072,5877.587475200,5877.587475200,3837,5371800,0.000000
864,8.640066,5877.597468736,5877.597468736,3841,5377400,0.000000
865,8.650063,5877.607465569,5877.607465569,3846,5384400,0.000000
866,8.660066,5877.617468679,5877.617468679,3850,5390000,0.000000
867,8.670070,5877.627473017,5877.627473017,3855,5397000,0.000000
868,8.680066,5877.637469218,5877.637469218,3859,5402600,0.000000
869,8.690065,5877.647468196,5877.647468196,3863,5408200,0.000000
870,8.700065,5877.657467736,5877.657467736,3868,5415200,0.000000
871,8.710019,5877.667421804,5877.667421804,3872,5420800,0.000000
872,8.720062,5877.677465424,5877.677465424,3877,5427800,0.000000
873,8.730066,5877.687468725,5877.687468725,3881,5433400,0.000000
874,8.740064,5877.697467115,5877.697467115,3886,5440400,0.000000
875,8.750071,5877.707473838,5877.707473838,3890,5446000,0.000000
876,8.760027,5877.717429948,5877.717429948,3895,5453000,0.000000
877,8.770066,5877.727468905,5877.727468905,3899,5458600,0.000000
878,8.780068,5877.737470676,5877.737470676,3903,5464200,0.000000
879,8.790069,5877.747472045,5877.747472045,3908,5471200,0.000000
880,8.800069,5877.757471667,5877.757471667,3912,5476800,0.000000
881,8.810063,5877.767465763,5877.767465763,3917,5483800,0.000000
882,8.820021,5877.777424411,5877.777424411,3921,5489400,0.000000
883,8.830058,5877.787461216,5877.787461216,3926,5496400,0.000000
884,8.840067,5877.797470201,5877.797470201,3930,5502000,0.000000
885,8.850038,5877.807441354,5877.807441354,3935,5509000,0.000000
886,8.860086,5877.817488712,5877.817488712,3939,5514600,0.000000
887,8.870077,5877.827479976,5877.827479976,3944,5521600,0.000000
888,8.880065,5877.837467467,5877.837467467,3948,5527200,0.000000
889,8.890064,5877.847466506,5877.847466506,3952,5532800,0.000000
890,8.900061,5877.857463559,5877.857463559,3957,5539800,0.000000
891,8.910066,5877.867469240,5877.867469240,3961,5545400,0.000000
892,8.920022,5877.877424848,5877.877424848,3966,5552400,0.000000
893,8.930066,5877.887469207,5877.887469207,3970,5558000,0.000000
894,8.940062,5877.897464927,5877.897464927,3975,5565000,0.000000
895,8.950065,5877.907467603,5877.907467603,3979,5570600,0.000000
896,8.960076,5877.917478836,5877.917478836,3984,5577600,0.000000
897,8.970066,5877.927468549,5877.927468549,3988,5583200,0.000000
898,8.980072,5877.937474617,5877.937474617,3992,5588800,0.000000
899,8.990080,5877.947483198,5877.947483198,3997,5595800,0.000000
900,9.000068,5877.957471034,5877.957471034,4001,5601400,0.000000
901,9.010066,5877.967468533,5877.967468533,4006,5608400,0.000000
902,9.020067,5877.977469921,5877.977469921,4010,5614000,0.000000
903,9.030031,5877.987434170,5877.987434170,4015,5621000,0.000000
904,9.040040,5877.997443051,5877.997443051,4019,5626600,0.000000
905,9.050034,5878.007436441,5878.007436441,4024,5633600,0.000000
906,9.060067,5878.017469717,5878.017469717,4028,5639200,0.000000
907,9.070070,5878.027473197,5878.027473197,4032,5644800,0.000000
908,9.080071,5878.037473851,5878.037473851,4037,5651800,0.000000
909,9.090088,5878.047490997,5878.047490997,4041,5657400,0.000000
910,9.100039,5878.057441564,5878.057441564,4046,5664400,0.000000
911,9.110073,5878.067475620,5878.067475620,4050,5670000,0.000000
912,9.120066,5878.077469288,5878.077469288,4055,5677000,0.000000
913,9.130065,5878.087467553,5878.087467553,4059,5682600,0.000000
914,9.140061,5878.097464198,5878.097464198,4064,5689600,0.000000
915,9.150065,5878.107468436,5878.107468436,4068,5695200,0.000000
916,9.160069,5878.117472400,5878.117472400,4072,5700800,0.000000
917,9.170069,5878.127471527,5878.127471527,4077,5707800,0.000000
918,9.180068,5878.137470869,5878.137470869,4081,5713400,0.000000
919,9.190066,5878.147468485,5878.147468485,4086,5720400,0.000000
920,9.200068,5878.157470593,5878.157470593,4090,5726000,0.000000
921,9.210063,5878.167465735,5878.167465735,4095,5733000,0.000000
922,9.220068,5878.177470989,5878.177470989,4099,5738600,0.000000
923,9.230069,5878.187471478,5878.187471478,4104,5745600,0.000000
924,9.240063,5878.197466067,5878.197466067,4108,5751200,0.000000
925,9.250066,5878.207469355,5878.207469355,4112,5756800,0.000000
926,9.260092,5878.217494953,5878.217494953,4117,5763800,0.000000
927,9.270082,5878.227484817,5878.227484817,4121,5769400,0.000000
928,9.280038,5878.237441412,5878.237441412,4126,5776400,0.000000
929,9.290067,5878.247470102,5878.247470102,4130,5782000,0.000000
930,9.300063,5878.257466223,5878.257466223,4135,5789000,0.000000
931,9.310040,5878.267443230,5878.267443230,4139,5794600,0.000000
932,9.320035,5878.277437508,5878.277437508,4144,5801600,0.000000
933,9.330064,5878.287467385,5878.287467385,4148,5807200,0.000000
934,9.340073,5878.297476310,5878.297476310,4152,5812800,0.000000
935,9.350067,5878.307469888,5878.307469888,4157,5819800,0.000000
936,9.360068,5878.317470620,5878.317470620,4161,5825400,0.000000
937,9.370066,5878.327468950,5878.327468950,4166,5832400,0.000000
938,9.380072,5878.337474799,5878.337474799,4170,5838000,0.000000
939,9.390063,5878.347466346,5878.347466346,4175,5845000,0.000000
940,9.400084,5878.357486682,5878.357486682,4179,5850600,0.000000
941,9.410068,5878.367470996,5878.367470996,4184,5857600,0.000000
942,9.420070,5878.377472496,5878.377472496,4188,5863200,0.000000
943,9.430082,5878.387484953,5878.387484953,4193,5870200,0.000000
944,9.440065,5878.397468249,5878.397468249,4197,5875800,0.000000
945,9.450072,5878.407474514,5878.407474514,4201,5881400,0.000000
946,9.460066,5878.417469109,5878.417469109,4206,5888400,0.000000
947,9.470060,5878.427463135,5878.427463135,4210,5894000,0.000000
948,9.480068,5878.437470532,5878.437470532,4215,5901000,0.000000
949,9.490069,5878.447472364,5878.447472364,4219,5906600,0.000000
950,9.500063,5878.457465635,5878.457465635,4224,5913600,0.000000
951,9.510066,5878.467468451,5878.467468451,4228,5919200,0.000000
952,9.520082,5878.477484891,5878.477484891,4233,5926200,0.000000
953,9.530069,5878.487471555,5878.487471555,4237,5931800,0.000000
954,9.540071,5878.497474043,5878.497474043,4241,5937400,0.000000
955,9.550068,5878.507470781,5878.507470781,4246,5944400,0.000000
956,9.560069,5878.517471905,5878.517471905,4250,5950000,0.000000
957,9.570094,5878.527497279,5878.527497279,4255,5957000,0.000000
958,9.580070,5878.537473362,5878.537473362,4259,5962600,0.000000
959,9.590064,5878.547467325,5878.547467325,4264,5969600,0.000000
960,9.600067,5878.557470198,5878.557470198,4268,5975200,0.000000
961,9.610036,5878.567439221,5878.567439221,4273,5982200,0.000000
962,9.620068,5878.577471107,5878.577471107,4277,5987800,0.000000
963,9.630069,5878.587471451,5878.587471451,4281,5993400,0.000000
964,9.640071,5878.597473768,5878.597473768,4286,6000400,0.000000
965,9.650068,5878.607471285,5878.607471285,4290,6006000,0.000000
966,9.660063,5878.617466128,5878.617466128,4295,6013000,0.000000
967,9.670069,5878.627471643,5878.627471643,4299,6018600,0.000000
968,9.680062,5878.637465143,5878.637465143,4304,6025600,0.000000
969,9.690070,5878.647472502,5878.647472502,4308,6031200,0.000000
970,9.700007,5878.657409549,5878.657409549,4313,6038200,0.000000
971,9.710065,5878.667467969,5878.667467969,4317,6043800,0.000000
972,9.720086,5878.677489385,5878.677489385,4321,6049400,0.000000
973,9.730067,5878.687470255,5878.687470255,4326,6056400,0.000000
974,9.740068,5878.697470631,5878.697470631,4330,6062000,0.000000
975,9.750067,5878.707469970,5878.707469970,4335,6069000,0.000000
976,9.760069,5878.717472123,5878.717472123,4339,6074600,0.000000
977,9.770069,5878.727471529,5878.727471529,4344,6081600,0.000000
978,9.780065,5878.737467884,5878.737467884,4348,6087200,0.000000
979,9.790062,5878.747465153,5878.747465153,4353,6094200,0.000000
980,9.800069,5878.757471612,5878.757471612,4357,6099800,0.000000
981,9.810065,5878.767467963,5878.767467963,4361,6105400,0.000000
982,9.820067,5878.777470239,5878.777470239,4366,6112400,0.000000
983,9.830068,5878.787471260,5878.787471260,4370,6118000,0.000000
984,9.840068,5878.797471072,5878.797471072,4375,6125000,0.000000
985,9.850067,5878.807470021,5878.807470021,4379,6130600,0.000000
986,9.860063,5878.817466001,5878.817466001,4384,6137600,0.000000
987,9.870065,5878.827468301,5878.827468301,4388,6143200,0.000000
988,9.880032,5878.837435199,5878.837435199,4393,6150200,0.000000
989,9.890065,5878.847467953,5878.847467953,4397,6155800,0.000000
990,9.900068,5878.857471328,5878.857471328,4401,6161400,0.000000
991,9.910091,5878.867493890,5878.867493890,4406,6168400,0.000000
992,9.920067,5878.877470240,5878.877470240,4410,6174000,0.000000
993,9.930068,5878.887470958,5878.887470958,4415,6181000,0.000000
994,9.940074,5878.897476648,5878.897476648,4419,6186600,0.000000
995,9.950039,5878.907441786,5878.907441786,4424,6193600,0.000000
996,9.960069,5878.917471770,5878.917471770,4428,6199200,0.000000
997,9.970057,5878.927460250,5878.927460250,4433,6206200,0.000000
998,9.980038,5878.937441391,5878.937441391,4437,6211800,0.000000
999,9.990088,5878.947491073,5878.947491073,4442,6218800,0.000000
1000,10.000063,5878.957466406,5878.957466406,4446,6224400,0.000000
1001,10.010069,5878.967471800,5878.967471800,4450,6230000,0.000000
1002,10.020066,5878.977468525,5878.977468525,4455,6237000,0.000000
1003,10.030048,5878.987450507,5878.987450507,4459,6242600,0.000000
1004,10.040072,5878.997474975,5878.997474975,4464,6249600,0.000000
1005,10.050021,5879.007423481,5879.007423481,4468,6255200,0.000000
1006,10.060058,5879.017461336,5879.017461336,4473,6262200,0.000000
1007,10.070066,5879.027469104,5879.027469104,4477,6267800,0.000000
1008,10.080078,5879.037480699,5879.037480699,4482,6274800,0.000000
1009,10.090065,5879.047467563,5879.047467563,4486,6280400,0.000000
1010,10.100060,5879.057462482,5879.057462482,4490,6286000,0.000000
1011,10.110067,5879.067470408,5879.067470408,4495,6293000,0.000000
1012,10.120072,5879.077474545,5879.077474545,4499,6298600,0.000000
1013,10.130049,5879.087452267,5879.087452267,4504,6305600,0.000000
1014,10.140070,5879.097472920,5879.097472920,4508,6311200,0.000000
1015,10.150068,5879.107471210,5879.107471210,4513,6318200,0.000000
1016,10.160070,5879.117472830,5879.117472830,4517,6323800,0.000000
1017,10.170037,5879.127439488,5879.127439488,4522,6330800,0.000000
1018,10.180075,5879.137477771,5879.137477771,4526,6336400,0.000000
1019,10.190078,5879.147480750,5879.147480750,4530,6342000,0.000000
1020,10.200075,5879.157478058,5879.157478058,4535,6349000,0.000000
1021,10.210072,5879.167475115,5879.167475115,4539,6354600,0.000000
1022,10.220031,5879.177433932,5879.177433932,4544,6361600,0.000000
1023,10.230068,5879.187471173,5879.187471173,4548,6367200,0.000000
1024,10.240065,5879.197468245,5879.197468245,4553,6374200,0.000000
1025,10.250073,5879.207475668,5879.207475668,4557,6379800,0.000000
1026,10.260004,5879.217407043,5879.217407043,4562,6386800,0.000000
1027,10.270064,5879.227466750,5879.227466750,4566,6392400,0.000000
1028,10.280078,5879.237480669,5879.237480669,4570,6398000,0.000000
1029,10.290070,5879.247472614,5879.247472614,4575,6405000,0.000000
1030,10.300066,5879.257468671,5879.257468671,4579,6410600,0.000000
1031,10.310068,5879.267471319,5879.267471319,4584,6417600,0.000000
1032,10.320074,5879.277476676,5879.277476676,4588,6423200,0.000000
1033,10.330026,5879.287429161,5879.287429161,4593,6430200,0.000000
1034,10.340071,5879.297473811,5879.297473811,4597,6435800,0.000000
1035,10.350076,5879.307478830,5879.307478830,4602,6442800,0.000000
1036,10.360070,5879.317472632,5879.317472632,4606,6448400,0.000000
1037,10.370070,5879.327472740,5879.327472740,4610,6454000,0.000000
1038,10.380068,5879.337470654,5879.337470654,4615,6461000,0.000000
1039,10.390074,5879.347476674,5879.347476674,4619,6466600,0.000000
1040,10.400088,5879.357491368,5879.357491368,4624,6473600,0.000000
1041,10.410069,5879.367472275,5879.367472275,4628,6479200,0.000000
1042,10.420078,5879.377480873,5879.377480873,4633,6486200,0.000000
1043,10.430070,5879.387472597,5879.387472597,4637,6491800,0.000000
1044,10.440031,5879.397433687,5879.397433687,4642,6498800,0.000000
1045,10.450067,5879.407469470,5879.407469470,4646,6504400,0.000000
1046,10.460065,5879.417468130,5879.417468130,4650,6510000,0.000000
1047,10.470066,5879.427468506,5879.427468506,4655,6517000,0.000000
1048,10.480066,5879.437468629,5879.437468629,4659,6522600,0.000000
1049,10.490067,5879.447470384,5879.447470384,4664,6529600,0.000000
1050,10.500069,5879.457471677,5879.457471677,4668,6535200,0.000000
1051,10.510068,5879.467470726,5879.467470726,4673,6542200,0.000000
1052,10.520070,5879.477473376,5879.477473376,4677,6547800,0.000000
1053,10.530063,5879.487465709,5879.487465709,4682,6554800,0.000000
1054,10.540067,5879.497470315,5879.497470315,4686,6560400,0.000000
1055,10.550076,5879.507478489,5879.507478489,4691,6567400,0.000000
1056,10.560061,5879.517463621,5879.517463621,4695,6573000,0.000000
1057,10.570068,5879.527471132,5879.527471132,4699,6578600,0.000000
1058,10.580065,5879.537468368,5879.537468368,4704,6585600,0.000000
1059,10.590067,5879.547469972,5879.547469972,4708,6591200,0.000000
1060,10.600069,5879.557471689,5879.557471689,4713,6598200,0.000000
1061,10.610055,5879.567458143,5879.567458143,4717,6603800,0.000000
1062,10.620062,5879.577464952,5879.577464952,4722,6610800,0.000000
1063,10.630070,5879.587473157,5879.587473157,4726,6616400,0.000000
1064,10.640090,5879.597493093,5879.597493093,4731,6623400,0.000000
1065,10.650075,5879.607477467,5879.607477467,4735,6629000,0.000000
1066,10.660075,5879.617477998,5879.617477998,4739,6634600,0.000000
1067,10.670068,5879.627470789,5879.627470789,4744,6641600,0.000000
1068,10.680069,5879.637471495,5879.637471495,4748,6647200,0.000000
1069,10.690070,5879.647472466,5879.647472466,4753,6654200,0.000000
1070,10.700068,5879.657471195,5879.657471195,4757,6659800,0.000000
1071,10.710069,5879.667472183,5879.667472183,4762,6666800,0.000000
1072,10.720080,5879.677483017,5879.677483017,4766,6672400,0.000000
1073,10.730042,5879.687444573,5879.687444573,4771,6679400,0.000000
1074,10.740072,5879.697475157,5879.697475157,4775,6685000,0.000000
1075,10.750074,5879.707477237,5879.707477237,4779,6690600,0.000000
1076,10.760017,5879.717419901,5879.717419901,4784,6697600,0.000000
1077,10.770070,5879.727472634,5879.727472634,4788,6703200,0.000000
1078,10.780061,5879.737463886,5879.737463886,4793,6710200,0.000000
1079,10.790064,5879.747467186,5879.747467186,4797,6715800,0.000000
1080,10.800075,5879.757478092,5879.757478092,4802,6722800,0.000000
1081,10.810067,5879.767469960,5879.767469960,4806,6728400,0.000000
1082,10.820000,5879.777403130,5879.777403130,4811,6735400,0.000000
1083,10.830073,5879.787475864,5879.787475864,4815,6741000,0.000000
1084,10.840067,5879.797470306,5879.797470306,4819,6746600,0.000000
1085,10.850070,5879.807472701,5879.807472701,4824,6753600,0.000000
1086,10.860070,5879.817472676,5879.817472676,4828,6759200,0.000000
1087,10.870063,5879.827465511,5879.827465511,4833,6766200,0.000000
1088,10.880068,5879.837471195,5879.837471195,4837,6771800,0.000000
1089,10.890066,5879.847468822,5879.847468822,4842,6778800,0.000000
1090,10.900070,5879.857472605,5879.857472605,4846,6784400,0.000000
1091,10.910069,5879.867471921,5879.867471921,4851,6791400,0.000000
1092,10.920069,5879.877471457,5879.877471457,4855,6797000,0.000000
1093,10.930071,5879.887473913,5879.887473913,4859,6802600,0.000000
1094,10.940073,5879.897476437,5879.897476437,4864,6809600,0.000000
1095,10.950071,5879.907474403,5879.907474403,4868,6815200,0.000000
1096,10.960066,5879.917469378,5879.917469378,4873,6822200,0.000000
1097,10.970069,5879.927471605,5879.927471605,4877,6827800,0.000000
1098,10.980063,5879.937466319,5879.937466319,4882,6834800,0.000000
1099,10.990068,5879.947471221,5879.947471221,4886,6840400,0.000000
1100,11.000045,5879.957448287,5879.957448287,4891,6847400,0.000000
1101,11.010066,5879.967468705,5879.967468705,4895,6853000,0.000000
1102,11.020067,5879.977470375,5879.977470375,4899,6858600,0.000000
1103,11.030038,5879.987441158,5879.987441158,4904,6865600,0.000000
1104,11.040068,5879.997471326,5879.997471326,4908,6871200,0.000000
1105,11.050064,5880.007467027,5880.007467027,4913,6878200,0.000000
1106,11.060068,5880.017470664,5880.017470664,4917,6883800,0.000000
1107,11.070067,5880.027469596,5880.027469596,4922,6890800,0.000000
1108,11.080072,5880.037474647,5880.037474647,4926,6896400,0.000000
1109,11.090058,5880.047460878,5880.047460878,4931,6903400,0.000000
1110,11.100065,5880.057467883,5880.057467883,4935,6909000,0.000000
1111,11.110077,5880.067479651,5880.067479651,4940,6916000,0.000000
1112,11.120066,5880.077469135,5880.077469135,4944,6921600,0.000000
1113,11.130065,5880.087468230,5880.087468230,4948,6927200,0.000000
1114,11.140059,5880.097461681,5880.097461681,4953,6934200,0.000000
1115,11.150069,5880.107471743,5880.107471743,4957,6939800,0.000000
1116,11.160027,5880.117430086,5880.117430086,4962,6946800,0.000000
1117,11.170069,5880.127472180,5880.127472180,4966,6952400,0.000000
1118,11.180061,5880.137463873,5880.137463873,4971,6959400,0.000000
1119,11.190083,5880.147485460,5880.147485460,4975,6965000,0.000000
1120,11.200075,5880.157477559,5880.157477559,4980,6972000,0.000000
1121,11.210067,5880.167469663,5880.167469663,4984,6977600,0.000000
1122,11.220060,5880.177462866,5880.177462866,4988,6983200,0.000000
1123,11.230065,5880.187468284,5880.187468284,4993,6990200,0.000000
1124,11.240072,5880.197475236,5880.197475236,4997,6995800,0.000000
1125,11.250076,5880.207478648,5880.207478648,5002,7002800,0.000000
1126,11.260071,5880.217474135,5880.217474135,5006,7008400,0.000000
1127,11.270034,5880.227436472,5880.227436472,5011,7015400,0.000000
1128,11.280064,5880.237466747,5880.237466747,5015,7021000,0.000000
1129,11.290042,5880.247444891,5880.247444891,5020,7028000,0.000000
1130,11.300015,5880.257418040,5880.257418040,5024,7033600,0.000000
1131,11.310066,5880.267469121,5880.267469121,5028,7039200,0.000000
1132,11.320059,5880.277462354,5880.277462354,5033,7046200,0.000000
1133,11.330067,5880.287470003,5880.287470003,5037,7051800,0.000000
1134,11.340069,5880.297471551,5880.297471551,5042,7058800,0.000000
1135,11.350068,5880.307471263,5880.307471263,5046,7064400,0.000000
1136,11.360062,5880.317465338,5880.317465338,5051,7071400,0.000000
1137,11.370071,5880.327473798,5880.327473798,5055,7077000,0.000000
1138,11.380018,5880.337421049,5880.337421049,5060,7084000,0.000000
1139,11.390062,5880.347465158,5880.347465158,5064,7089600,0.000000
1140,11.400066,5880.357468768,5880.357468768,5068,7095200,0.000000
1141,11.410062,5880.367465238,5880.367465238,5073,7102200,0.000000
1142,11.420068,5880.377471067,5880.377471067,5077,7107800,0.000000
1143,11.430065,5880.387468295,5880.387468295,5082,7114800,0.000000
1144,11.440060,5880.397463110,5880.397463110,5086,7120400,0.000000
1145,11.450063,5880.407465890,5880.407465890,5091,7127400,0.000000
1146,11.460070,5880.417472634,5880.417472634,5095,7133000,0.000000
1147,11.470066,5880.427468881,5880.427468881,5100,7140000,0.000000
1148,11.480064,5880.437466920,5880.437466920,5104,7145600,0.000000
1149,11.490076,5880.447478620,5880.447478620,5108,7151200,0.000000
1150,11.500067,5880.457469575,5880.457469575,5113,7158200,0.000000
1151,11.510058,5880.467461250,5880.467461250,5117,7163800,0.000000
1152,11.520067,5880.477470112,5880.477470112,5122,7170800,0.000000
1153,11.530067,5880.487469591,5880.487469591,5126,7176400,0.000000
1154,11.540063,5880.497466430,5880.497466430,5131,7183400,0.000000
1155,11.550070,5880.507473206,5880.507473206,5135,7189000,0.000000
1156,11.560031,5880.517433939,5880.517433939,5140,7196000,0.000000
1157,11.570071,5880.527474304,5880.527474304,5144,7201600,0.000000
1158,11.580063,5880.537465647,5880.537465647,5148,7207200,0.000000
1159,11.590066,5880.547469249,5880.547469249,5153,7214200,0.000000
1160,11.600073,5880.557476203,5880.557476203,5157,7219800,0.000000
1161,11.610064,5880.567466972,5880.567466972,5162,7226800,0.000000
1162,11.620065,5880.577468058,5880.577468058,5166,7232400,0.000000
1163,11.630063,5880.587465972,5880.587465972,5171,7239400,0.000000
1164,11.640067,5880.597470183,5880.597470183,5175,7245000,0.000000
1165,11.650058,5880.607461122,5880.607461122,5180,7252000,0.000000
1166,11.660024,5880.617426866,5880.617426866,5184,7257600,0.000000
1167,11.670076,5880.627479173,5880.627479173,5189,7264600,0.000000
1168,11.680091,5880.637493558,5880.637493558,5193,7270200,0.000000
1169,11.690068,5880.647470907,5880.647470907,5197,7275800,0.000000
1170,11.700064,5880.657466685,5880.657466685,5202,7282800,0.000000
1171,11.710068,5880.667471318,5880.667471318,5206,7288400,0.000000
1172,11.720057,5880.677459464,5880.677459464,5211,7295400,0.000000
1173,11.730071,5880.687473726,5880.687473726,5215,7301000,0.000000
1174,11.740065,5880.697467836,5880.697467836,5220,7308000,0.000000
1175,11.750065,5880.707468268,5880.707468268,5224,7313600,0.000000
1176,11.760074,5880.717477241,5880.717477241,5229,7320600,0.000000
1177,11.770070,5880.727472944,5880.727472944,5233,7326200,0.000000
1178,11.780061,5880.737464106,5880.737464106,5237,7331800,0.000000
1179,11.790025,5880.747428369,5880.747428369,5242,7338800,0.000000
1180,11.800067,5880.757469641,5880.757469641,5246,7344400,0.000000
1181,11.810065,5880.767468303,5880.767468303,5251,7351400,0.000000
1182,11.820064,5880.777467291,5880.777467291,5255,7357000,0.000000
1183,11.830058,5880.787461061,5880.787461061,5260,7364000,0.000000
1184,11.840067,5880.797469983,5880.797469983,5264,7369600,0.000000
1185,11.850036,5880.807439017,5880.807439017,5269,7376600,0.000000
1186,11.860041,5880.817443602,5880.817443602,5273,7382200,0.000000
1187,11.870067,5880.827469722,5880.827469722,5277,7387800,0.000000
1188,11.880051,5880.837453657,5880.837453657,5282,7394800,0.000000
1189,11.890064,5880.847467347,5880.847467347,5286,7400400,0.000000
1190,11.900059,5880.857462374,5880.857462374,5291,7407400,0.000000
1191,11.910063,5880.867466178,5880.867466178,5295,7413000,0.000000
1192,11.920062,5880.877464748,5880.877464748,5300,7420000,0.000000
1193,11.930070,5880.887472907,5880.887472907,5304,7425600,0.000000
1194,11.940024,5880.897427001,5880.897427001,5309,7432600,0.000000
1195,11.950064,5880.907466923,5880.907466923,5313,7438200,0.000000
1196,11.960069,5880.917472338,5880.917472338,5317,7443800,0.000000
1197,11.970063,5880.927465844,5880.927465844,5322,7450800,0.000000
1198,11.980066,5880.937468837,5880.937468837,5326,7456400,0.000000
1199,11.990076,5880.947478907,5880.947478907,5331,7463400,0.000000
1200,12.000072,5880.957474559,5880.957474559,5335,7469000,0.000000
1201,12.010069,5880.967471499,5880.967471499,5340,7476000,0.000000
1202,12.020064,5880.977467227,5880.977467227,5344,7481600,0.000000
1203,12.030063,5880.987465619,5880.987465619,5349,7488600,0.000000
1204,12.040064,5880.997466920,5880.997466920,5353,7494200,0.000000
1205,12.050066,5881.007468492,5881.007468492,5357,7499800,0.000000
1206,12.060067,5881.017470185,5881.017470185,5362,7506800,0.000000
1207,12.070069,5881.027471778,5881.027471778,5366,7512400,0.000000
1208,12.080066,5881.037468989,5881.037468989,5371,7519400,0.000000
1209,12.090067,5881.047469516,5881.047469516,5375,7525000,0.000000
1210,12.100061,5881.057464306,5881.057464306,5380,7532000,0.000000
1211,12.110065,5881.067468209,5881.067468209,5384,7537600,0.000000
1212,12.120030,5881.077433398,5881.077433398,5389,7544600,0.000000
1213,12.130066,5881.087468955,5881.087468955,5393,7550200,0.000000
1214,12.140024,5881.097426498,5881.097426498,5397,7555800,0.000000
1215,12.150064,5881.107467271,5881.107467271,5402,7562800,0.000000
1216,12.160066,5881.117469014,5881.117469014,5406,7568400,0.000000
1217,12.170062,5881.127465359,5881.127465359,5411,7575400,0.000000
1218,12.180025,5881.137427991,5881.137427991,5415,7581000,0.000000
1219,12.190062,5881.147464490,5881.147464490,5420,7588000,0.000000
1220,12.200065,5881.157467871,5881.157467871,5424,7593600,0.000000
1221,12.210009,5881.167411801,5881.167411801,5429,7600600,0.000000
1222,12.220065,5881.177467816,5881.177467816,5433,7606200,0.000000
1223,12.230078,5881.187481332,5881.187481332,5438,7613200,0.000000
1224,12.240065,5881.197468145,5881.197468145,5442,7618800,0.000000
1225,12.250067,5881.207470415,5881.207470415,5446,7624400,0.000000
1226,12.260053,5881.217456358,5881.217456358,5451,7631400,0.000000
1227,12.270052,5881.227455409,5881.227455409,5455,7637000,0.000000
1228,12.280025,5881.237428127,5881.237428127,5460,7644000,0.000000
1229,12.290068,5881.247471055,5881.247471055,5464,7649600,0.000000
1230,12.300062,5881.257464454,5881.257464454,5469,7656600,0.000000
1231,12.310062,5881.267464968,5881.267464968,5473,7662200,0.000000
1232,12.320070,5881.277473074,5881.277473074,5478,7669200,0.000000
1233,12.330064,5881.287466889,5881.287466889,5482,7674800,0.000000
1234,12.340060,5881.297462558,5881.297462558,5486,7680400,0.000000
1235,12.350069,5881.307472103,5881.307472103,5491,7687400,0.000000
1236,12.360025,5881.317427580,5881.317427580,5495,7693000,0.000000
1237,12.370072,5881.327475205,5881.327475205,5500,7700000,0.000000
1238,12.380067,5881.337470431,5881.337470431,5504,7705600,0.000000
1239,12.390061,5881.347464375,5881.347464375,5509,7712600,0.000000
1240,12.400073,5881.357475602,5881.357475602,5513,7718200,0.000000
1241,12.410054,5881.367457198,5881.367457198,5518,7725200,0.000000
1242,12.420033,5881.377436433,5881.377436433,5522,7730800,0.000000
1243,12.430068,5881.387471426,5881.387471426,5526,7736400,0.000000
1244,12.440071,5881.397473623,5881.397473623,5531,7743400,0.000000
1245,12.450064,5881.407466611,5881.407466611,5535,7749000,0.000000
1246,12.460065,5881.417468317,5881.417468317,5540,7756000,0.000000
1247,12.470068,5881.427470545,5881.427470545,5544,7761600,0.000000
1248,12.480068,5881.437471427,5881.437471427,5549,7768600,0.000000
1249,12.490067,5881.447469985,5881.447469985,5553,7774200,0.000000
1250,12.500017,5881.457419667,5881.457419667,5558,7781200,0.000000
1251,12.510064,5881.467467050,5881.467467050,5562,7786800,0.000000
1252,12.520061,5881.477463862,5881.477463862,5566,7792400,0.000000
1253,12.530069,5881.487472014,5881.487472014,5571,7799400,0.000000
1254,12.540085,5881.497487714,5881.497487714,5575,7805000,0.000000
1255,12.550071,5881.507473526,5881.507473526,5580,7812000,0.000000
1256,12.560027,5881.517429628,5881.517429628,5584,7817600,0.000000
1257,12.570065,5881.527467913,5881.527467913,5589,7824600,0.000000
1258,12.580067,5881.537470191,5881.537470191,5593,7830200,0.000000
1259,12.590067,5881.547469848,5881.547469848,5598,7837200,0.000000
1260,12.600068,5881.557470522,5881.557470522,5602,7842800,0.000000
1261,12.610068,5881.567470480,5881.567470480,5606,7848400,0.000000
1262,12.620070,5881.577472453,5881.577472453,5611,7855400,0.000000
1263,12.630026,5881.587429006,5881.587429006,5615,7861000,0.000000
1264,12.640070,5881.597472804,5881.597472804,5620,7868000,0.000000
1265,12.650067,5881.607469910,5881.607469910,5624,7873600,0.000000
1266,12.660063,5881.617465464,5881.617465464,5629,7880600,0.000000
1267,12.670070,5881.627472539,5881.627472539,5633,7886200,0.000000
1268,12.680028,5881.637430793,5881.637430793,5638,7893200,0.000000
1269,12.690073,5881.647476067,5881.647476067,5642,7898800,0.000000
1270,12.700036,5881.657438781,5881.657438781,5646,7904400,0.000000
1271,12.710066,5881.667469258,5881.667469258,5651,7911400,0.000000
1272,12.720073,5881.677475909,5881.677475909,5655,7917000,0.000000
1273,12.730065,5881.687467734,5881.687467734,5660,7924000,0.000000
1274,12.740065,5881.697467578,5881.697467578,5664,7929600,0.000000
1275,12.750065,5881.707468174,5881.707468174,5669,7936600,0.000000
1276,12.760065,5881.717467773,5881.717467773,5673,7942200,0.000000
1277,12.770022,5881.727424572,5881.727424572,5678,7949200,0.000000
1278,12.780064,5881.737467071,5881.737467071,5682,7954800,0.000000
1279,12.790081,5881.747484163,5881.747484163,5687,7961800,0.000000
1280,12.800066,5881.757468618,5881.757468618,5691,7967400,0.000000
1281,12.810039,5881.767442199,5881.767442199,5695,7973000,0.000000
1282,12.820051,5881.777454325,5881.777454325,5700,7980000,0.000000
1283,12.830061,5881.787463869,5881.787463869,5704,7985600,0.000000
1284,12.840042,5881.797444812,5881.797444812,5709,7992600,0.000000
1285,12.850070,5881.807473362,5881.807473362,5713,7998200,0.000000
1286,12.860061,5881.817464299,5881.817464299,5718,8005200,0.000000
1287,12.870065,5881.827468148,5881.827468148,5722,8010800,0.000000
1288,12.880076,5881.837478630,5881.837478630,5727,8017800,0.000000
1289,12.890065,5881.847467780,5881.847467780,5731,8023400,0.000000
1290,12.900066,5881.857469161,5881.857469161,5735,8029000,0.000000
1291,12.910067,5881.867469459,5881.867469459,5740,8036000,0.000000
1292,12.920010,5881.877413402,5881.877413402,5744,8041600,0.000000
1293,12.930069,5881.887472249,5881.887472249,5749,8048600,0.000000
1294,12.940082,5881.897485328,5881.897485328,5753,8054200,0.000000
1295,12.950066,5881.907468574,5881.907468574,5758,8061200,0.000000
1296,12.960067,5881.917469450,5881.917469450,5762,8066800,0.000000
1297,12.970036,5881.927438899,5881.927438899,5767,8073800,0.000000
1298,12.980064,5881.937467240,5881.937467240,5771,8079400,0.000000
1299,12.990064,5881.947466986,5881.947466986,5775,8085000,0.000000
1300,13.000077,5881.957479466,5881.957479466,5780,8092000,0.000000
1301,13.010067,5881.967470404,5881.967470404,5784,8097600,0.000000
1302,13.020065,5881.977467936,5881.977467936,5789,8104600,0.000000
1303,13.030064,5881.987467339,5881.987467339,5793,8110200,0.000000
1304,13.040063,5881.997465721,5881.997465721,5798,8117200,0.000000
1305,13.050060,5882.007462887,5882.007462887,5802,8122800,0.000000
1306,13.060018,5882.017421410,5882.017421410,5807,8129800,0.000000
1307,13.070063,5882.027466116,5882.027466116,5811,8135400,0.000000
1308,13.080065,5882.037468207,5882.037468207,5815,8141000,0.000000
1309,13.090060,5882.047462456,5882.047462456,5820,8148000,0.000000
1310,13.100016,5882.057418760,5882.057418760,5824,8153600,0.000000
1311,13.110065,5882.067467796,5882.067467796,5829,8160600,0.000000
1312,13.120060,5882.077462693,5882.077462693,5833,8166200,0.000000
1313,13.130064,5882.087466686,5882.087466686,5838,8173200,0.000000
1314,13.140066,5882.097468839,5882.097468839,5842,8178800,0.000000
1315,13.150066,5882.107469215,5882.107469215,5847,8185800,0.000000
1316,13.160067,5882.117469479,5882.117469479,5851,8191400,0.000000
1317,13.170073,5882.127476330,5882.127476330,5855,8197000,0.000000
1318,13.180066,5882.137469337,5882.137469337,5860,8204000,0.000000
1319,13.190071,5882.147474108,5882.147474108,5864,8209600,0.000000
1320,13.200066,5882.157468937,5882.157468937,5869,8216600,0.000000
1321,13.210065,5882.167468197,5882.167468197,5873,8222200,0.000000
1322,13.220064,5882.177466944,5882.177466944,5878,8229200,0.000000
1323,13.230060,5882.187462928,5882.187462928,5882,8234800,0.000000
1324,13.240045,5882.197448138,5882.197448138,5887,8241800,0.000000
1325,13.250065,5882.207467883,5882.207467883,5891,8247400,0.000000
1326,13.260066,5882.217469355,5882.217469355,5895,8253000,0.000000
1327,13.270030,5882.227433005,5882.227433005,5900,8260000,0.000000
1328,13.280066,5882.237469115,5882.237469115,5904,8265600,0.000000
1329,13.290066,5882.247469192,5882.247469192,5909,8272600,0.000000
1330,13.300070,5882.257472644,5882.257472644,5913,8278200,0.000000
1331,13.310016,5882.267419289,5882.267419289,5918,8285200,0.000000
1332,13.320071,5882.277473502,5882.277473502,5922,8290800,0.000000
1333,13.330058,5882.287461390,5882.287461390,5927,8297800,0.000000
1334,13.340037,5882.297439911,5882.297439911,5931,8303400,0.000000
1335,13.350073,5882.307476068,5882.307476068,5936,8310400,0.000000
1336,13.360065,5882.317468130,5882.317468130,5940,8316000,0.000000
1337,13.370065,5882.327467565,5882.327467565,5944,8321600,0.000000
1338,13.380068,5882.337471043,5882.337471043,5949,8328600,0.000000
1339,13.390066,5882.347468819,5882.347468819,5953,8334200,0.000000
1340,13.400073,5882.357476438,5882.357476438,5958,8341200,0.000000
1341,13.410030,5882.367432651,5882.367432651,5962,8346800,0.000000
1342,13.420064,5882.377466852,5882.377466852,5967,8353800,0.000000
1343,13.430071,5882.387474162,5882.387474162,5971,8359400,0.000000
1344,13.440077,5882.397479784,5882.397479784,5976,8366400,0.000000
1345,13.450069,5882.407472180,5882.407472180,5980,8372000,0.000000
1346,13.460096,5882.417499390,5882.417499390,5984,8377600,0.000000
1347,13.470072,5882.427475055,5882.427475055,5989,8384600,0.000000
1348,13.480022,5882.437424617,5882.437424617,5993,8390200,0.000000
1349,13.490069,5882.447471695,5882.447471695,5998,8397200,0.000000
1350,13.500068,5882.457471134,5882.457471134,6002,8402800,0.000000
1351,13.510068,5882.467470922,5882.467470922,6007,8409800,0.000000
1352,13.520066,5882.477469382,5882.477469382,6011,8415400,0.000000
1353,13.530039,5882.487441755,5882.487441755,6016,8422400,0.000000
1354,13.540069,5882.497471935,5882.497471935,6020,8428000,0.000000
1355,13.550069,5882.507472332,5882.507472332,6024,8433600,0.000000
1356,13.560065,5882.517467778,5882.517467778,6029,8440600,0.000000
1357,13.570066,5882.527468464,5882.527468464,6033,8446200,0.000000
1358,13.580067,5882.537469562,5882.537469562,6038,8453200,0.000000
1359,13.590069,5882.547472117,5882.547472117,6042,8458800,0.000000
1360,13.600066,5882.557468715,5882.557468715,6047,8465800,0.000000
1361,13.610064,5882.567467203,5882.567467203,6051,8471400,0.000000
1362,13.622077,5882.579480150,5882.579480150,6056,8478400,0.000000
1363,13.630071,5882.587473936,5882.587473936,6060,8484000,0.000000
1364,13.640064,5882.597466462,5882.597466462,6064,8489600,0.000000
1365,13.650065,5882.607467928,5882.607467928,6069,8496600,0.000000
1366,13.660065,5882.617468260,5882.617468260,6073,8502200,0.000000
1367,13.670062,5882.627465293,5882.627465293,6078,8509200,0.000000
1368,13.680072,5882.637475096,5882.637475096,6082,8514800,0.000000
1369,13.690062,5882.647465311,5882.647465311,6087,8521800,0.000000
1370,13.700069,5882.657472129,5882.657472129,6091,8527400,0.000000
1371,13.710071,5882.667474323,5882.667474323,6096,8534400,0.000000
1372,13.720065,5882.677468047,5882.677468047,6100,8540000,0.000000
1373,13.730063,5882.687466201,5882.687466201,6104,8545600,0.000000
1374,13.740009,5882.697411589,5882.697411589,6109,8552600,0.000000
1375,13.750064,5882.707467199,5882.707467199,6113,8558200,0.000000
1376,13.760068,5882.717470787,5882.717470787,6118,8565200,0.000000
1377,13.770068,5882.727470477,5882.727470477,6122,8570800,0.000000
1378,13.780077,5882.737479787,5882.737479787,6127,8577800,0.000000
1379,13.790100,5882.747502655,5882.747502655,6131,8583400,0.000000
1380,13.800028,5882.757431389,5882.757431389,6136,8590400,0.000000
1381,13.810067,5882.767470204,5882.767470204,6140,8596000,0.000000
1382,13.820066,5882.777468785,5882.777468785,6144,8601600,0.000000
1383,13.830066,5882.787468985,5882.787468985,6149,8608600,0.000000
1384,13.840069,5882.797472404,5882.797472404,6153,8614200,0.000000
1385,13.850063,5882.807465470,5882.807465470,6158,8621200,0.000000
1386,13.860070,5882.817473163,5882.817473163,6162,8626800,0.000000
1387,13.870063,5882.827465649,5882.827465649,6167,8633800,0.000000
1388,13.880067,5882.837470264,5882.837470264,6171,8639400,0.000000
1389,13.890059,5882.847462234,5882.847462234,6176,8646400,0.000000
1390,13.900075,5882.857478436,5882.857478436,6180,8652000,0.000000
1391,13.910090,5882.867492818,5882.867492818,6185,8659000,0.000000
1392,13.920070,5882.877472762,5882.877472762,6189,8664600,0.000000
1393,13.930072,5882.887475293,5882.887475293,6193,8670200,0.000000
1394,13.940070,5882.897473338,5882.897473338,6198,8677200,0.000000
1395,13.950069,5882.907472085,5882.907472085,6202,8682800,0.000000
1396,13.960064,5882.917466503,5882.917466503,6207,8689800,0.000000
1397,13.970065,5882.927467787,5882.927467787,6211,8695400,0.000000
1398,13.980075,5882.937477789,5882.937477789,6216,8702400,0.000000
1399,13.990068,5882.947470818,5882.947470818,6220,8708000,0.000000
1400,14.000076,5882.957479363,5882.957479363,6225,8715000,0.000000
1401,14.010067,5882.967469974,5882.967469974,6229,8720600,0.000000
1402,14.020071,5882.977474286,5882.977474286,6233,8726200,0.000000
1403,14.030068,5882.987470533,5882.987470533,6238,8733200,0.000000
1404,14.040071,5882.997474034,5882.997474034,6242,8738800,0.000000
1405,14.050065,5883.007468327,5883.007468327,6247,8745800,0.000000
1406,14.060070,5883.017472763,5883.017472763,6251,8751400,0.000000
1407,14.070066,5883.027469421,5883.027469421,6256,8758400,0.000000
1408,14.080069,5883.037471744,5883.037471744,6260,8764000,0.000000
1409,14.090036,5883.047438910,5883.047438910,6265,8771000,0.000000
1410,14.100080,5883.057482545,5883.057482545,6269,8776600,0.000000
1411,14.110069,5883.067471454,5883.067471454,6273,8782200,0.000000
1412,14.120067,5883.077469844,5883.077469844,6278,8789200,0.000000
1413,14.130068,5883.087471002,5883.087471002,6282,8794800,0.000000
1414,14.140072,5883.097474605,5883.097474605,6287,8801800,0.000000
1415,14.150069,5883.107471748,5883.107471748,6291,8807400,0.000000
1416,14.160062,5883.117465339,5883.117465339,6296,8814400,0.000000
1417,14.170072,5883.127474733,5883.127474733,6300,8820000,0.000000
1418,14.180063,5883.137465647,5883.137465647,6305,8827000,0.000000
1419,14.190066,5883.147469352,5883.147469352,6309,8832600,0.000000
1420,14.200096,5883.157499371,5883.157499371,6313,8838200,0.000000
1421,14.210067,5883.167470328,5883.167470328,6318,8845200,0.000000
1422,14.220066,5883.177469387,5883.177469387,6322,8850800,0.000000
1423,14.230068,5883.187471006,5883.187471006,6327,8857800,0.000000
1424,14.240069,5883.197472039,5883.197472039,6331,8863400,0.000000
1425,14.250064,5883.207467087,5883.207467087,6336,8870400,0.000000
1426,14.260070,5883.217473377,5883.217473377,6340,8876000,0.000000
1427,14.270066,5883.227469135,5883.227469135,6345,8883000,0.000000
1428,14.280069,5883.237471663,5883.237471663,6349,8888600,0.000000
1429,14.290070,5883.247472730,5883.247472730,6353,8894200,0.000000
1430,14.300069,5883.257471484,5883.257471484,6358,8901200,0.000000
1431,14.310070,5883.267472956,5883.267472956,6362,8906800,0.000000
1432,14.320073,5883.277475548,5883.277475548,6367,8913800,0.000000
1433,14.330068,5883.287470994,5883.287470994,6371,8919400,0.000000
1434,14.340063,5883.297466328,5883.297466328,6376,8926400,0.000000
1435,14.350059,5883.307461482,5883.307461482,6380,8932000,0.000000
1436,14.360028,5883.317430974,5883.317430974,6385,8939000,0.000000
1437,14.370063,5883.327466205,5883.327466205,6389,8944600,0.000000
1438,14.380071,5883.337474364,5883.337474364,6393,8950200,0.000000
1439,14.390064,5883.347467135,5883.347467135,6398,8957200,0.000000
1440,14.400091,5883.357493473,5883.357493473,6402,8962800,0.000000
1441,14.410064,5883.367467131,5883.367467131,6407,8969800,0.000000
1442,14.420069,5883.377471691,5883.377471691,6411,8975400,0.000000
1443,14.430075,5883.387477549,5883.387477549,6416,8982400,0.000000
1444,14.440081,5883.397484084,5883.397484084,6420,8988000,0.000000
1445,14.450062,5883.407465232,5883.407465232,6425,8995000,0.000000
1446,14.460043,5883.417445595,5883.417445595,6429,9000600,0.000000
1447,14.470099,5883.427501539,5883.427501539,6434,9007600,0.000000
1448,14.480066,5883.437468863,5883.437468863,6438,9013200,0.000000
1449,14.490026,5883.447429404,5883.447429404,6442,9018800,0.000000
1450,14.500066,5883.457468935,5883.457468935,6447,9025800,0.000000
1451,14.510031,5883.467434340,5883.467434340,6451,9031400,0.000000
1452,14.520067,5883.477470231,5883.477470231,6456,9038400,0.000000
1453,14.530064,5883.487466711,5883.487466711,6460,9044000,0.000000
1454,14.540058,5883.497460848,5883.497460848,6465,9051000,0.000000
1455,14.550065,5883.507468034,5883.507468034,6469,9056600,0.000000
1456,14.560074,5883.517477264,5883.517477264,6474,9063600,0.000000
1457,14.570065,5883.527468148,5883.527468148,6478,9069200,0.000000
1458,14.580065,5883.537468137,5883.537468137,6482,9074800,0.000000
1459,14.590066,5883.547469359,5883.547469359,6487,9081800,0.000000
1460,14.600065,5883.557468081,5883.557468081,6491,9087400,0.000000
1461,14.610069,5883.567471591,5883.567471591,6496,9094400,0.000000
1462,14.620071,5883.577474037,5883.577474037,6500,9100000,0.000000
1463,14.630032,5883.587435126,5883.587435126,6505,9107000,0.000000
1464,14.640065,5883.597468173,5883.597468173,6509,9112600,0.000000
1465,14.650036,5883.607439244,5883.607439244,6514,9119600,0.000000
1466,14.660068,5883.617470474,5883.617470474,6518,9125200,0.000000
1467,14.670024,5883.627427330,5883.627427330,6522,9130800,0.000000
1468,14.680064,5883.637466760,5883.637466760,6527,9137800,0.000000
1469,14.690069,5883.647471780,5883.647471780,6531,9143400,0.000000
1470,14.700064,5883.657466591,5883.657466591,6536,9150400,0.000000
1471,14.710072,5883.667474793,5883.667474793,6540,9156000,0.000000
1472,14.720062,5883.677465170,5883.677465170,6545,9163000,0.000000
1473,14.730041,5883.687444258,5883.687444258,6549,9168600,0.000000
1474,14.740064,5883.697466701,5883.697466701,6554,9175600,0.000000
1475,14.750064,5883.707466842,5883.707466842,6558,9181200,0.000000
1476,14.760065,5883.717468200,5883.717468200,6562,9186800,0.000000
1477,14.770065,5883.727467546,5883.727467546,6567,9193800,0.000000
1478,14.780022,5883.737424758,5883.737424758,6571,9199400,0.000000
1479,14.790070,5883.747472444,5883.747472444,6576,9206400,0.000000
1480,14.800072,5883.757474625,5883.757474625,6580,9212000,0.000000
1481,14.810064,5883.767467069,5883.767467069,6585,9219000,0.000000
1482,14.820063,5883.777466119,5883.777466119,6589,9224600,0.000000
1483,14.830036,5883.787438777,5883.787438777,6594,9231600,0.000000
1484,14.840092,5883.797495338,5883.797495338,6598,9237200,0.000000
1485,14.850067,5883.807469925,5883.807469925,6602,9242800,0.000000
1486,14.860073,5883.817475552,5883.817475552,6607,9249800,0.000000
1487,14.870042,5883.827445418,5883.827445418,6611,9255400,0.000000
1488,14.880027,5883.837429652,5883.837429652,6616,9262400,0.000000
1489,14.890070,5883.847472887,5883.847472887,6620,9268000,0.000000
1490,14.900064,5883.857467086,5883.857467086,6625,9275000,0.000000
1491,14.910069,5883.867472101,5883.867472101,6629,9280600,0.000000
1492,14.920020,5883.877422819,5883.877422819,6634,9287600,0.000000
1493,14.930063,5883.887466382,5883.887466382,6638,9293200,0.000000
1494,14.940067,5883.897469655,5883.897469655,6642,9298800,0.000000
1495,14.950063,5883.907466015,5883.907466015,6647,9305800,0.000000
1496,14.960043,5883.917446219,5883.917446219,6651,9311400,0.000000
1497,14.970010,5883.927413300,5883.927413300,6656,9318400,0.000000
1498,14.980072,5883.937475414,5883.937475414,6660,9324000,0.000000
1499,14.990015,5883.947417539,5883.947417539,6665,9331000,0.000000
1500,15.000069,5883.957471945,5883.957471945,6669,9336600,0.000000
1501,15.010058,5883.967461273,5883.967461273,6674,9343600,0.000000
1502,15.020031,5883.977433627,5883.977433627,6678,9349200,0.000000
1503,15.030075,5883.987477629,5883.987477629,6683,9356200,0.000000
1504,15.040064,5883.997466635,5883.997466635,6687,9361800,0.000000
1505,15.050067,5884.007470219,5884.007470219,6691,9367400,0.000000
1506,15.060052,5884.017455158,5884.017455158,6696,9374400,0.000000
1507,15.070065,5884.027468033,5884.027468033,6700,9380000,0.000000
1508,15.080064,5884.037466906,5884.037466906,6705,9387000,0.000000
1509,15.090060,5884.047462901,5884.047462901,6709,9392600,0.000000
1510,15.100065,5884.057468094,5884.057468094,6714,9399600,0.000000
1511,15.110067,5884.067469440,5884.067469440,6718,9405200,0.000000
1512,15.120084,5884.077486850,5884.077486850,6723,9412200,0.000000
1513,15.130070,5884.087473279,5884.087473279,6727,9417800,0.000000
1514,15.140021,5884.097423932,5884.097423932,6731,9423400,0.000000
1515,15.150068,5884.107470753,5884.107470753,6736,9430400,0.000000
1516,15.160069,5884.117471508,5884.117471508,6740,9436000,0.000000
1517,15.170062,5884.127465189,5884.127465189,6745,9443000,0.000000
1518,15.180019,5884.137422227,5884.137422227,6749,9448600,0.000000
1519,15.190059,5884.147461569,5884.147461569,6754,9455600,0.000000
1520,15.200066,5884.157468522,5884.157468522,6758,9461200,0.000000
1521,15.210036,5884.167438735,5884.167438735,6763,9468200,0.000000
1522,15.220072,5884.177474730,5884.177474730,6767,9473800,0.000000
1523,15.230068,5884.187470462,5884.187470462,6771,9479400,0.000000
1524,15.240064,5884.197467036,5884.197467036,6776,9486400,0.000000
1525,15.250065,5884.207468071,5884.207468071,6780,9492000,0.000000
1526,15.260059,5884.217461663,5884.217461663,6785,9499000,0.000000
1527,15.270063,5884.227465797,5884.227465797,6789,9504600,0.000000
1528,15.280067,5884.237469624,5884.237469624,6794,9511600,0.000000
1529,15.290068,5884.247471324,5884.247471324,6798,9517200,0.000000
1530,15.300057,5884.257460277,5884.257460277,6803,9524200,0.000000
1531,15.310068,5884.267471108,5884.267471108,6807,9529800,0.000000
1532,15.320064,5884.277467115,5884.277467115,6811,9535400,0.000000
1533,15.330065,5884.287467553,5884.287467553,6816,9542400,0.000000
1534,15.340059,5884.297461901,5884.297461901,6820,9548000,0.000000
1535,15.350072,5884.307474841,5884.307474841,6825,9555000,0.000000
1536,15.360061,5884.317463555,5884.317463555,6829,9560600,0.000000
1537,15.370064,5884.327467334,5884.327467334,6834,9567600,0.000000
1538,15.380068,5884.337471102,5884.337471102,6838,9573200,0.000000
1539,15.390060,5884.347463340,5884.347463340,6843,9580200,0.000000
1540,15.400066,5884.357468658,5884.357468658,6847,9585800,0.000000
1541,15.410077,5884.367480275,5884.367480275,6851,9591400,0.000000
1542,15.420046,5884.377449322,5884.377449322,6856,9598400,0.000000
1543,15.430065,5884.387467507,5884.387467507,6860,9604000,0.000000
1544,15.440058,5884.397461135,5884.397461135,6865,9611000,0.000000
1545,15.450067,5884.407470124,5884.407470124,6869,9616600,0.000000
1546,15.460062,5884.417465437,5884.417465437,6874,9623600,0.000000
1547,15.470069,5884.427471611,5884.427471611,6878,9629200,0.000000
1548,15.480043,5884.437446210,5884.437446210,6883,9636200,0.000000
1549,15.490089,5884.447491605,5884.447491605,6887,9641800,0.000000
1550,15.500021,5884.457423776,5884.457423776,6891,9647400,0.000000
1551,15.510062,5884.467465274,5884.467465274,6896,9654400,0.000000
1552,15.520067,5884.477470388,5884.477470388,6900,9660000,0.000000
1553,15.530065,5884.487467883,5884.487467883,6905,9667000,0.000000
1554,15.540068,5884.497471061,5884.497471061,6909,9672600,0.000000
1555,15.550063,5884.507465540,5884.507465540,6914,9679600,0.000000
1556,15.560064,5884.517467285,5884.517467285,6918,9685200,0.000000
1557,15.570059,5884.527461484,5884.527461484,6923,9692200,0.000000
1558,15.580066,5884.537468546,5884.537468546,6927,9697800,0.000000
1559,15.590075,5884.547478273,5884.547478273,6932,9704800,0.000000
1560,15.600065,5884.557467596,5884.557467596,6936,9710400,0.000000
1561,15.610069,5884.567471487,5884.567471487,6940,9716000,0.000000
1562,15.620069,5884.577471698,5884.577471698,6945,9723000,0.000000
1563,15.630071,5884.587474228,5884.587474228,6949,9728600,0.000000
1564,15.640033,5884.597435913,5884.597435913,6954,9735600,0.000000
1565,15.650064,5884.607466551,5884.607466551,6958,9741200,0.000000
1566,15.660062,5884.617464878,5884.617464878,6963,9748200,0.000000
1567,15.670067,5884.627469616,5884.627469616,6967,9753800,0.000000
1568,15.680074,5884.637477342,5884.637477342,6972,9760800,0.000000
1569,15.690064,5884.647467073,5884.647467073,6976,9766400,0.000000
1570,15.700065,5884.657467534,5884.657467534,6980,9772000,0.000000
1571,15.710021,5884.667423551,5884.667423551,6985,9779000,0.000000
1572,15.720064,5884.677467250,5884.677467250,6989,9784600,0.000000
1573,15.730066,5884.687469338,5884.687469338,6994,9791600,0.000000
1574,15.740067,5884.697469445,5884.697469445,6998,9797200,0.000000
1575,15.750064,5884.707467290,5884.707467290,7003,9804200,0.000000
1576,15.760067,5884.717469659,5884.717469659,7007,9809800,0.000000
1577,15.770042,5884.727445182,5884.727445182,7012,9816800,0.000000
1578,15.780053,5884.737455546,5884.737455546,7016,9822400,0.000000
1579,15.790067,5884.747469995,5884.747469995,7020,9828000,0.000000
1580,15.800066,5884.757468883,5884.757468883,7025,9835000,0.000000
1581,15.810067,5884.767469741,5884.767469741,7029,9840600,0.000000
1582,15.820074,5884.777476977,5884.777476977,7034,9847600,0.000000
1583,15.830067,5884.787469596,5884.787469596,7038,9853200,0.000000
1584,15.840064,5884.797466920,5884.797466920,7043,9860200,0.000000
1585,15.850014,5884.807416852,5884.807416852,7047,9865800,0.000000
1586,15.860062,5884.817465116,5884.817465116,7052,9872800,0.000000
1587,15.870067,5884.827470258,5884.827470258,7056,9878400,0.000000
1588,15.880066,5884.837468625,5884.837468625,7060,9884000,0.000000
1589,15.890068,5884.847471410,5884.847471410,7065,9891000,0.000000
1590,15.900066,5884.857468622,5884.857468622,7069,9896600,0.000000
1591,15.910070,5884.867472446,5884.867472446,7074,9903600,0.000000
1592,15.920021,5884.877424127,5884.877424127,7078,9909200,0.000000
1593,15.930062,5884.887465412,5884.887465412,7083,9916200,0.000000
1594,15.940070,5884.897473001,5884.897473001,7087,9921800,0.000000
1595,15.950059,5884.907461796,5884.907461796,7092,9928800,0.000000
1596,15.960070,5884.917472516,5884.917472516,7096,9934400,0.000000
1597,15.970067,5884.927470165,5884.927470165,7100,9940000,0.000000
1598,15.980064,5884.937467432,5884.937467432,7105,9947000,0.000000
1599,15.990067,5884.947469798,5884.947469798,7109,9952600,0.000000
1600,16.000063,5884.957466064,5884.957466064,7114,9959600,0.000000
1601,16.010065,5884.967467596,5884.967467596,7118,9965200,0.000000
1602,16.020063,5884.977466291,5884.977466291,7123,9972200,0.000000
1603,16.030065,5884.987467557,5884.987467557,7127,9977800,0.000000
1604,16.040036,5884.997438769,5884.997438769,7132,9984800,0.000000
1605,16.050069,5885.007471480,5885.007471480,7136,9990400,0.000000
1606,16.060069,5885.017471933,5885.017471933,7140,9996000,0.000000
1607,16.070064,5885.027467405,5885.027467405,7145,10003000,0.000000
1608,16.080066,5885.037469436,5885.037469436,7149,10008600,0.000000
1609,16.090064,5885.047467123,5885.047467123,7154,10015600,0.000000
1610,16.100031,5885.057433906,5885.057433906,7158,10021200,0.000000
1611,16.110020,5885.067422449,5885.067422449,7163,10028200,0.000000
1612,16.120068,5885.077470440,5885.077470440,7167,10033800,0.000000
1613,16.130058,5885.087461133,5885.087461133,7172,10040800,0.000000
1614,16.140069,5885.097471606,5885.097471606,7176,10046400,0.000000
1615,16.150070,5885.107472622,5885.107472622,7181,10053400,0.000000
1616,16.160034,5885.117436667,5885.117436667,7185,10059000,0.000000
1617,16.170061,5885.127463647,5885.127463647,7189,10064600,0.000000
1618,16.180071,5885.137473986,5885.137473986,7194,10071600,0.000000
1619,16.190067,5885.147469571,5885.147469571,7198,10077200,0.000000
1620,16.200064,5885.157466778,5885.157466778,7203,10084200,0.000000
1621,16.210065,5885.167468147,5885.167468147,7207,10089800,0.000000
1622,16.220062,5885.177465366,5885.177465366,7212,10096800,0.000000
1623,16.230067,5885.187470228,5885.187470228,7216,10102400,0.000000
1624,16.240078,5885.197480604,5885.197480604,7221,10109400,0.000000
1625,16.250066,5885.207469266,5885.207469266,7225,10115000,0.000000
1626,16.260058,5885.217461423,5885.217461423,7229,10120600,0.000000
1627,16.270063,5885.227466398,5885.227466398,7234,10127600,0.000000
1628,16.280065,5885.237467614,5885.237467614,7238,10133200,0.000000
1629,16.290063,5885.247465899,5885.247465899,7243,10140200,0.000000
1630,16.300067,5885.257469703,5885.257469703,7247,10145800,0.000000
1631,16.310063,5885.267465481,5885.267465481,7252,10152800,0.000000
1632,16.320018,5885.277421383,5885.277421383,7256,10158400,0.000000
1633,16.330040,5885.287443134,5885.287443134,7261,10165400,0.000000
1634,16.340070,5885.297472999,5885.297472999,7265,10171000,0.000000
1635,16.350066,5885.307468865,5885.307468865,7269,10176600,0.000000
1636,16.360069,5885.317472265,5885.317472265,7274,10183600,0.000000
1637,16.370069,5885.327472144,5885.327472144,7278,10189200,0.000000
1638,16.380065,5885.337468234,5885.337468234,7283,10196200,0.000000
1639,16.390065,5885.347467500,5885.347467500,7287,10201800,0.000000
1640,16.400064,5885.357466496,5885.357466496,7292,10208800,0.000000
1641,16.410064,5885.367466475,5885.367466475,7296,10214400,0.000000
1642,16.420058,5885.377460471,5885.377460471,7301,10221400,0.000000
1643,16.430074,5885.387477372,5885.387477372,7305,10227000,0.000000
1644,16.440070,5885.397472480,5885.397472480,7309,10232600,0.000000
1645,16.450064,5885.407466534,5885.407466534,7314,10239600,0.000000
1646,16.460021,5885.417424274,5885.417424274,7318,10245200,0.000000
1647,16.470065,5885.427467662,5885.427467662,7323,10252200,0.000000
1648,16.480067,5885.437469598,5885.437469598,7327,10257800,0.000000
1649,16.490062,5885.447464918,5885.447464918,7332,10264800,0.000000
1650,16.500070,5885.457473345,5885.457473345,7336,10270400,0.000000
1651,16.510070,5885.467472931,5885.467472931,7341,10277400,0.000000
1652,16.520061,5885.477463563,5885.477463563,7345,10283000,0.000000
1653,16.530075,5885.487477789,5885.487477789,7349,10288600,0.000000
1654,16.540060,5885.497462717,5885.497462717,7354,10295600,0.000000
1655,16.550067,5885.507470207,5885.507470207,7358,10301200,0.000000
1656,16.560069,5885.517472356,5885.517472356,7363,10308200,0.000000
1657,16.570067,5885.527469691,5885.527469691,7367,10313800,0.000000
1658,16.580063,5885.537465556,5885.537465556,7372,10320800,0.000000
1659,16.590064,5885.547466537,5885.547466537,7376,10326400,0.000000
1660,16.600026,5885.557428805,5885.557428805,7381,10333400,0.000000
1661,16.610064,5885.567467250,5885.567467250,7385,10339000,0.000000
1662,16.620064,5885.577466618,5885.577466618,7389,10344600,0.000000
1663,16.630065,5885.587467486,5885.587467486,7394,10351600,0.000000
1664,16.640064,5885.597466625,5885.597466625,7398,10357200,0.000000
1665,16.650064,5885.607467419,5885.607467419,7403,10364200,0.000000
1666,16.660076,5885.617478668,5885.617478668,7407,10369800,0.000000
1667,16.670062,5885.627464498,5885.627464498,7412,10376800,0.000000
1668,16.680068,5885.637471345,5885.637471345,7416,10382400,0.000000
1669,16.690058,5885.647461047,5885.647461047,7421,10389400,0.000000
1670,16.700067,5885.657470269,5885.657470269,7425,10395000,0.000000
1671,16.710078,5885.667481151,5885.667481151,7430,10402000,0.000000
1672,16.720071,5885.677474367,5885.677474367,7434,10407600,0.000000
1673,16.730070,5885.687473222,5885.687473222,7438,10413200,0.000000
1674,16.740064,5885.697466806,5885.697466806,7443,10420200,0.000000
1675,16.750069,5885.707471809,5885.707471809,7447,10425800,0.000000
1676,16.760073,5885.717475790,5885.717475790,7452,10432800,0.000000
1677,16.770065,5885.727468091,5885.727468091,7456,10438400,0.000000
1678,16.780062,5885.737465031,5885.737465031,7461,10445400,0.000000
1679,16.790065,5885.747468396,5885.747468396,7465,10451000,0.000000
1680,16.800075,5885.757477620,5885.757477620,7470,10458000,0.000000
1681,16.810063,5885.767465456,5885.767465456,7474,10463600,0.000000
1682,16.820066,5885.777469244,5885.777469244,7478,10469200,0.000000
1683,16.830065,5885.787467489,5885.787467489,7483,10476200,0.000000
1684,16.840017,5885.797420058,5885.797420058,7487,10481800,0.000000
1685,16.850063,5885.807466117,5885.807466117,7492,10488800,0.000000
1686,16.860068,5885.817470479,5885.817470479,7496,10494400,0.000000
1687,16.870063,5885.827465476,5885.827465476,7501,10501400,0.000000
1688,16.880067,5885.837469440,5885.837469440,7505,10507000,0.000000
1689,16.890048,5885.847450539,5885.847450539,7510,10514000,0.000000
1690,16.900046,5885.857448887,5885.857448887,7514,10519600,0.000000
1691,16.910018,5885.867421371,5885.867421371,7518,10525200,0.000000
1692,16.920063,5885.877465940,5885.877465940,7523,10532200,0.000000
1693,16.930064,5885.887466760,5885.887466760,7527,10537800,0.000000
1694,16.940058,5885.897461164,5885.897461164,7532,10544800,0.000000
1695,16.950046,5885.907448523,5885.907448523,7536,10550400,0.000000
1696,16.960066,5885.917469349,5885.917469349,7541,10557400,0.000000
1697,16.970044,5885.927446768,5885.927446768,7545,10563000,0.000000
1698,16.980062,5885.937465297,5885.937465297,7550,10570000,0.000000
1699,16.990067,5885.947469885,5885.947469885,7554,10575600,0.000000
1700,17.000064,5885.957467189,5885.957467189,7558,10581200,0.000000
1701,17.010064,5885.967466727,5885.967466727,7563,10588200,0.000000
1702,17.020067,5885.977469814,5885.977469814,7567,10593800,0.000000
1703,17.030064,5885.987466513,5885.987466513,7572,10600800,0.000000
1704,17.040067,5885.997470056,5885.997470056,7576,10606400,0.000000
1705,17.050065,5886.007467774,5886.007467774,7581,10613400,0.000000
1706,17.060059,5886.017462322,5886.017462322,7585,10619000,0.000000
1707,17.070059,5886.027461831,5886.027461831,7590,10626000,0.000000
1708,17.080064,5886.037467264,5886.037467264,7594,10631600,0.000000
1709,17.090075,5886.047477740,5886.047477740,7598,10637200,0.000000
1710,17.100061,5886.057464294,5886.057464294,7603,10644200,0.000000
1711,17.110047,5886.067449668,5886.067449668,7607,10649800,0.000000
1712,17.120072,5886.077475399,5886.077475399,7612,10656800,0.000000
1713,17.130067,5886.087469721,5886.087469721,7616,10662400,0.000000
1714,17.140063,5886.097465695,5886.097465695,7621,10669400,0.000000
1715,17.150064,5886.107466462,5886.107466462,7625,10675000,0.000000
1716,17.160023,5886.117426273,5886.117426273,7630,10682000,0.000000
1717,17.170067,5886.127469895,5886.127469895,7634,10687600,0.000000
1718,17.180064,5886.137467155,5886.137467155,7638,10693200,0.000000
1719,17.190069,5886.147472290,5886.147472290,7643,10700200,0.000000
1720,17.200073,5886.157476300,5886.157476300,7647,10705800,0.000000
1721,17.210063,5886.167466412,5886.167466412,7652,10712800,0.000000
1722,17.220068,5886.177470763,5886.177470763,7656,10718400,0.000000
1723,17.230063,5886.187466021,5886.187466021,7661,10725400,0.000000
1724,17.240071,5886.197473920,5886.197473920,7665,10731000,0.000000
1725,17.250021,5886.207423727,5886.207423727,7670,10738000,0.000000
1726,17.260079,5886.217482322,5886.217482322,7674,10743600,0.000000
1727,17.270077,5886.227480130,5886.227480130,7679,10750600,0.000000
1728,17.280066,5886.237469034,5886.237469034,7683,10756200,0.000000
1729,17.290071,5886.247474069,5886.247474069,7687,10761800,0.000000
1730,17.300064,5886.257466486,5886.257466486,7692,10768800,0.000000
1731,17.310062,5886.267465231,5886.267465231,7696,10774400,0.000000
1732,17.320017,5886.277419635,5886.277419635,7701,10781400,0.000000
1733,17.330064,5886.287466745,5886.287466745,7705,10787000,0.000000
1734,17.340063,5886.297466085,5886.297466085,7710,10794000,0.000000
1735,17.350068,5886.307470723,5886.307470723,7714,10799600,0.000000
1736,17.360078,5886.317481379,5886.317481379,7719,10806600,0.000000
1737,17.370065,5886.327467633,5886.327467633,7723,10812200,0.000000
1738,17.380077,5886.337480242,5886.337480242,7727,10817800,0.000000
1739,17.390067,5886.347469592,5886.347469592,7732,10824800,0.000000
1740,17.400066,5886.357468631,5886.357468631,7736,10830400,0.000000
1741,17.410053,5886.367455575,5886.367455575,7741,10837400,0.000000
1742,17.420070,5886.377472807,5886.377472807,7745,10843000,0.000000
1743,17.430064,5886.387467271,5886.387467271,7750,10850000,0.000000
1744,17.440065,5886.397468266,5886.397468266,7754,10855600,0.000000
1745,17.450033,5886.407435855,5886.407435855,7759,10862600,0.000000
1746,17.460030,5886.417433341,5886.417433341,7763,10868200,0.000000
1747,17.470069,5886.427471568,5886.427471568,7767,10873800,0.000000
1748,17.480069,5886.437471916,5886.437471916,7772,10880800,0.000000
1749,17.490073,5886.447476009,5886.447476009,7776,10886400,0.000000
1750,17.500063,5886.457466142,5886.457466142,7781,10893400,0.000000
1751,17.510068,5886.467471266,5886.467471266,7785,10899000,0.000000
1752,17.520063,5886.477465931,5886.477465931,7790,10906000,0.000000
1753,17.530065,5886.487468211,5886.487468211,7794,10911600,0.000000
1754,17.540057,5886.497460429,5886.497460429,7799,10918600,0.000000
1755,17.550071,5886.507473628,5886.507473628,7803,10924200,0.000000
1756,17.560069,5886.517471980,5886.517471980,7807,10929800,0.000000
1757,17.570067,5886.527469540,5886.527469540,7812,10936800,0.000000
1758,17.580067,5886.537470292,5886.537470292,7816,10942400,0.000000
1759,17.590081,5886.547483841,5886.547483841,7821,10949400,0.000000
1760,17.600059,5886.557462403,5886.557462403,7825,10955000,0.000000
1761,17.610040,5886.567442675,5886.567442675,7830,10962000,0.000000
1762,17.620067,5886.577469687,5886.577469687,7834,10967600,0.000000
1763,17.630063,5886.587465635,5886.587465635,7839,10974600,0.000000
1764,17.640070,5886.597473123,5886.597473123,7843,10980200,0.000000
1765,17.650069,5886.607472422,5886.607472422,7847,10985800,0.000000
1766,17.660067,5886.617469905,5886.617469905,7852,10992800,0.000000
1767,17.670038,5886.627440848,5886.627440848,7856,10998400,0.000000
1768,17.680058,5886.637461373,5886.637461373,7861,11005400,0.000000
1769,17.690066,5886.647469256,5886.647469256,7865,11011000,0.000000
1770,17.700048,5886.657450669,5886.657450669,7870,11018000,0.000000
1771,17.710069,5886.667472119,5886.667472119,7874,11023600,0.000000
1772,17.720027,5886.677430206,5886.677430206,7879,11030600,0.000000
1773,17.730078,5886.687481090,5886.687481090,7883,11036200,0.000000
1774,17.740034,5886.697436838,5886.697436838,7887,11041800,0.000000
1775,17.750064,5886.707466682,5886.707466682,7892,11048800,0.000000
1776,17.760074,5886.717477157,5886.717477157,7896,11054400,0.000000
1777,17.770064,5886.727467042,5886.727467042,7901,11061400,0.000000
1778,17.780064,5886.737466763,5886.737466763,7905,11067000,0.000000
1779,17.790066,5886.747468495,5886.747468495,7910,11074000,0.000000
1780,17.800066,5886.757468634,5886.757468634,7914,11079600,0.000000
1781,17.810059,5886.767461929,5886.767461929,7919,11086600,0.000000
1782,17.820019,5886.777421462,5886.777421462,7923,11092200,0.000000
1783,17.830083,5886.787486221,5886.787486221,7928,11099200,0.000000
1784,17.840069,5886.797472088,5886.797472088,7932,11104800,0.000000
1785,17.850069,5886.807472147,5886.807472147,7936,11110400,0.000000
1786,17.860064,5886.817467232,5886.817467232,7941,11117400,0.000000
1787,17.870067,5886.827470056,5886.827470056,7945,11123000,0.000000
1788,17.880059,5886.837462150,5886.837462150,7950,11130000,0.000000
1789,17.890022,5886.847425179,5886.847425179,7954,11135600,0.000000
1790,17.900062,5886.857464464,5886.857464464,7959,11142600,0.000000
1791,17.910063,5886.867465996,5886.867465996,7963,11148200,0.000000
1792,17.920078,5886.877480531,5886.877480531,7968,11155200,0.000000
1793,17.930071,5886.887474119,5886.887474119,7972,11160800,0.000000
1794,17.940070,5886.897473100,5886.897473100,7976,11166400,0.000000
1795,17.950062,5886.907464568,5886.907464568,7981,11173400,0.000000
1796,17.960066,5886.917468958,5886.917468958,7985,11179000,0.000000
1797,17.970066,5886.927468628,5886.927468628,7990,11186000,0.000000
1798,17.980069,5886.937472051,5886.937472051,7994,11191600,0.000000
1799,17.990027,5886.947430367,5886.947430367,7999,11198600,0.000000
1800,18.000066,5886.957468718,5886.957468718,8003,11204200,0.000000
1801,18.010039,5886.967441759,5886.967441759,8008,11211200,0.000000
1802,18.020067,5886.977469543,5886.977469543,8012,11216800,0.000000
1803,18.030066,5886.987468568,5886.987468568,8016,11222400,0.000000
1804,18.040065,5886.997467966,5886.997467966,8021,11229400,0.000000
1805,18.050066,5887.007469076,5887.007469076,8025,11235000,0.000000
1806,18.060062,5887.017465312,5887.017465312,8030,11242000,0.000000
1807,18.070069,5887.027472402,5887.027472402,8034,11247600,0.000000
1808,18.080064,5887.037466545,5887.037466545,8039,11254600,0.000000
1809,18.090067,5887.047470258,5887.047470258,8043,11260200,0.000000
1810,18.100000,5887.057403361,5887.057403361,8048,11267200,0.000000
1811,18.110067,5887.067469674,5887.067469674,8052,11272800,0.000000
1812,18.120065,5887.077468412,5887.077468412,8056,11278400,0.000000
1813,18.130066,5887.087468796,5887.087468796,8061,11285400,0.000000
1814,18.140069,5887.097471778,5887.097471778,8065,11291000,0.000000
1815,18.150059,5887.107461827,5887.107461827,8070,11298000,0.000000
1816,18.160065,5887.117467768,5887.117467768,8074,11303600,0.000000
1817,18.170062,5887.127465002,5887.127465002,8079,11310600,0.000000
1818,18.180068,5887.137471109,5887.137471109,8083,11316200,0.000000
1819,18.190063,5887.147465634,5887.147465634,8088,11323200,0.000000
1820,18.200070,5887.157473235,5887.157473235,8092,11328800,0.000000
1821,18.210067,5887.167469645,5887.167469645,8096,11334400,0.000000
1822,18.220040,5887.177443233,5887.177443233,8101,11341400,0.000000
1823,18.230064,5887.187467041,5887.187467041,8105,11347000,0.000000
1824,18.240065,5887.197468021,5887.197468021,8110,11354000,0.000000
1825,18.250066,5887.207468646,5887.207468646,8114,11359600,0.000000
1826,18.260063,5887.217466360,5887.217466360,8119,11366600,0.000000
1827,18.270065,5887.227467993,5887.227467993,8123,11372200,0.000000
1828,18.280031,5887.237433448,5887.237433448,8128,11379200,0.000000
1829,18.290065,5887.247468253,5887.247468253,8132,11384800,0.000000
1830,18.300059,5887.257462342,5887.257462342,8136,11390400,0.000000
1831,18.310066,5887.267468759,5887.267468759,8141,11397400,0.000000
1832,18.320068,5887.277470693,5887.277470693,8145,11403000,0.000000
1833,18.330065,5887.287468210,5887.287468210,8150,11410000,0.000000
1834,18.340069,5887.297472221,5887.297472221,8154,11415600,0.000000
1835,18.350066,5887.307469268,5887.307469268,8159,11422600,0.000000
1836,18.360071,5887.317473597,5887.317473597,8163,11428200,0.000000
1837,18.370058,5887.327461304,5887.327461304,8168,11435200,0.000000
1838,18.380035,5887.337437653,5887.337437653,8172,11440800,0.000000
1839,18.390089,5887.347491671,5887.347491671,8177,11447800,0.000000
1840,18.400081,5887.357483494,5887.357483494,8181,11453400,0.000000
1841,18.410069,5887.367471677,5887.367471677,8185,11459000,0.000000
1842,18.420064,5887.377466996,5887.377466996,8190,11466000,0.000000
1843,18.430066,5887.387469132,5887.387469132,8194,11471600,0.000000
1844,18.440063,5887.397466385,5887.397466385,8199,11478600,0.000000
1845,18.450068,5887.407470967,5887.407470967,8203,11484200,0.000000
1846,18.460062,5887.417465095,5887.417465095,8208,11491200,0.000000
1847,18.470065,5887.427468056,5887.427468056,8212,11496800,0.000000
1848,18.480076,5887.437479386,5887.437479386,8217,11503800,0.000000
1849,18.490073,5887.447475441,5887.447475441,8221,11509400,0.000000
1850,18.500070,5887.457473430,5887.457473430,8225,11515000,0.000000
1851,18.510068,5887.467471155,5887.467471155,8230,11522000,0.000000
1852,18.520068,5887.477470934,5887.477470934,8234,11527600,0.000000
1853,18.530067,5887.487469496,5887.487469496,8239,11534600,0.000000
1854,18.540082,5887.497484665,5887.497484665,8243,11540200,0.000000
1855,18.550059,5887.507462084,5887.507462084,8248,11547200,0.000000
1856,18.560069,5887.517471712,5887.517471712,8252,11552800,0.000000
1857,18.570041,5887.527444078,5887.527444078,8257,11559800,0.000000
1858,18.580073,5887.537475582,5887.537475582,8261,11565400,0.000000
1859,18.590068,5887.547470669,5887.547470669,8265,11571000,0.000000
1860,18.600077,5887.557480188,5887.557480188,8270,11578000,0.000000
1861,18.610065,5887.567468426,5887.567468426,8274,11583600,0.000000
1862,18.620064,5887.577466844,5887.577466844,8279,11590600,0.000000
1863,18.630048,5887.587451169,5887.587451169,8283,11596200,0.000000
1864,18.640065,5887.597468438,5887.597468438,8288,11603200,0.000000
1865,18.650067,5887.607469768,5887.607469768,8292,11608800,0.000000
1866,18.660062,5887.617465151,5887.617465151,8297,11615800,0.000000
1867,18.670067,5887.627469850,5887.627469850,8301,11621400,0.000000
1868,18.680068,5887.637471155,5887.637471155,8305,11627000,0.000000
1869,18.690065,5887.647468050,5887.647468050,8310,11634000,0.000000
1870,18.700066,5887.657468483,5887.657468483,8314,11639600,0.000000
1871,18.710059,5887.667462128,5887.667462128,8319,11646600,0.000000
1872,18.720068,5887.677470525,5887.677470525,8323,11652200,0.000000
1873,18.730065,5887.687467818,5887.687467818,8328,11659200,0.000000
1874,18.740064,5887.697466780,5887.697466780,8332,11664800,0.000000
1875,18.750064,5887.707467012,5887.707467012,8337,11671800,0.000000
1876,18.760063,5887.717465898,5887.717465898,8341,11677400,0.000000
1877,18.770069,5887.727471717,5887.727471717,8345,11683000,0.000000
1878,18.780072,5887.737474535,5887.737474535,8350,11690000,0.000000
1879,18.790067,5887.747470129,5887.747470129,8354,11695600,0.000000
1880,18.800033,5887.757436425,5887.757436425,8359,11702600,0.000000
1881,18.810063,5887.767466115,5887.767466115,8363,11708200,0.000000
1882,18.820063,5887.777465538,5887.777465538,8368,11715200,0.000000
1883,18.830066,5887.787468961,5887.787468961,8372,11720800,0.000000
1884,18.840027,5887.797430094,5887.797430094,8377,11727800,0.000000
1885,18.850063,5887.807466059,5887.807466059,8381,11733400,0.000000
1886,18.860065,5887.817468373,5887.817468373,8385,11739000,0.000000
1887,18.870035,5887.827438136,5887.827438136,8390,11746000,0.000000
1888,18.880068,5887.837470805,5887.837470805,8394,11751600,0.000000
1889,18.890058,5887.847461105,5887.847461105,8399,11758600,0.000000
1890,18.900060,5887.857462705,5887.857462705,8403,11764200,0.000000
1891,18.910014,5887.867416619,5887.867416619,8408,11771200,0.000000
1892,18.920067,5887.877469464,5887.877469464,8412,11776800,0.000000
1893,18.930059,5887.887461565,5887.887461565,8417,11783800,0.000000
1894,18.940069,5887.897471865,5887.897471865,8421,11789400,0.000000
1895,18.950075,5887.907477665,5887.907477665,8426,11796400,0.000000
1896,18.960064,5887.917466933,5887.917466933,8430,11802000,0.000000
1897,18.970064,5887.927467051,5887.927467051,8434,11807600,0.000000
1898,18.980063,5887.937466430,5887.937466430,8439,11814600,0.000000
1899,18.990064,5887.947467360,5887.947467360,8443,11820200,0.000000
1900,19.000019,5887.957422187,5887.957422187,8448,11827200,0.000000
1901,19.010070,5887.967472785,5887.967472785,8452,11832800,0.000000
1902,19.020062,5887.977465359,5887.977465359,8457,11839800,0.000000
1903,19.030064,5887.987467351,5887.987467351,8461,11845400,0.000000
1904,19.040076,5887.997479402,5887.997479402,8466,11852400,0.000000
1905,19.050073,5888.007476172,5888.007476172,8470,11858000,0.000000
1906,19.060067,5888.017470388,5888.017470388,8474,11863600,0.000000
1907,19.070066,5888.027469004,5888.027469004,8479,11870600,0.000000
1908,19.080078,5888.037480806,5888.037480806,8483,11876200,0.000000
1909,19.090063,5888.047465807,5888.047465807,8488,11883200,0.000000
1910,19.100067,5888.057470316,5888.057470316,8492,11888800,0.000000
1911,19.110065,5888.067467439,5888.067467439,8497,11895800,0.000000
1912,19.120067,5888.077469455,5888.077469455,8501,11901400,0.000000
1913,19.130037,5888.087439784,5888.087439784,8506,11908400,0.000000
1914,19.140068,5888.097470664,5888.097470664,8510,11914000,0.000000
1915,19.150022,5888.107424494,5888.107424494,8514,11919600,0.000000
1916,19.160068,5888.117471163,5888.117471163,8519,11926600,0.000000
1917,19.170066,5888.127468697,5888.127468697,8523,11932200,0.000000
1918,19.180059,5888.137461875,5888.137461875,8528,11939200,0.000000
1919,19.190067,5888.147470082,5888.147470082,8532,11944800,0.000000
1920,19.200050,5888.157452751,5888.157452751,8537,11951800,0.000000
1921,19.210065,5888.167468007,5888.167468007,8541,11957400,0.000000
1922,19.220001,5888.177403925,5888.177403925,8546,11964400,0.000000
1923,19.230081,5888.187484254,5888.187484254,8550,11970000,0.000000
1924,19.240066,5888.197468456,5888.197468456,8554,11975600,0.000000
1925,19.250063,5888.207465905,5888.207465905,8559,11982600,0.000000
1926,19.260066,5888.217468656,5888.217468656,8563,11988200,0.000000
1927,19.270062,5888.227464856,5888.227464856,8568,11995200,0.000000
1928,19.280066,5888.237469221,5888.237469221,8572,12000800,0.000000
1929,19.290038,5888.247440742,5888.247440742,8577,12007800,0.000000
1930,19.300065,5888.257467912,5888.257467912,8581,12013400,0.000000
1931,19.310066,5888.267469021,5888.267469021,8586,12020400,0.000000
1932,19.320070,5888.277473258,5888.277473258,8590,12026000,0.000000
1933,19.330067,5888.287469593,5888.287469593,8594,12031600,0.000000
1934,19.340068,5888.297470817,5888.297470817,8599,12038600,0.000000
1935,19.350071,5888.307474097,5888.307474097,8603,12044200,0.000000
1936,19.360064,5888.317466989,5888.317466989,8608,12051200,0.000000
1937,19.370068,5888.327471084,5888.327471084,8612,12056800,0.000000
1938,19.380064,5888.337466530,5888.337466530,8617,12063800,0.000000
1939,19.390059,5888.347461695,5888.347461695,8621,12069400,0.000000
1940,19.400028,5888.357430444,5888.357430444,8626,12076400,0.000000
1941,19.410059,5888.367461450,5888.367461450,8630,12082000,0.000000
1942,19.420069,5888.377472271,5888.377472271,8634,12087600,0.000000
1943,19.430060,5888.387462656,5888.387462656,8639,12094600,0.000000
1944,19.440058,5888.397460706,5888.397460706,8643,12100200,0.000000
1945,19.450067,5888.407470316,5888.407470316,8648,12107200,0.000000
1946,19.460073,5888.417475668,5888.417475668,8652,12112800,0.000000
1947,19.470068,5888.427470469,5888.427470469,8657,12119800,0.000000
1948,19.480072,5888.437474496,5888.437474496,8661,12125400,0.000000
1949,19.490064,5888.447466685,5888.447466685,8666,12132400,0.000000
1950,19.500066,5888.457468504,5888.457468504,8670,12138000,0.000000
1951,19.510076,5888.467478751,5888.467478751,8675,12145000,0.000000
1952,19.520065,5888.477467889,5888.477467889,8679,12150600,0.000000
1953,19.530064,5888.487467085,5888.487467085,8683,12156200,0.000000
1954,19.540068,5888.497470877,5888.497470877,8688,12163200,0.000000
1955,19.550067,5888.507469463,5888.507469463,8692,12168800,0.000000
1956,19.560064,5888.517466981,5888.517466981,8697,12175800,0.000000
1957,19.570039,5888.527441493,5888.527441493,8701,12181400,0.000000
1958,19.580058,5888.537460713,5888.537460713,8706,12188400,0.000000
1959,19.590064,5888.547466731,5888.547466731,8710,12194000,0.000000
1960,19.600073,5888.557476251,5888.557476251,8715,12201000,0.000000
1961,19.610063,5888.567465750,5888.567465750,8719,12206600,0.000000
1962,19.620060,5888.577462868,5888.577462868,8723,12212200,0.000000
1963,19.630066,5888.587469095,5888.587469095,8728,12219200,0.000000
1964,19.640076,5888.597478561,5888.597478561,8732,12224800,0.000000
1965,19.650047,5888.607450284,5888.607450284,8737,12231800,0.000000
1966,19.660072,5888.617475113,5888.617475113,8741,12237400,0.000000
1967,19.670062,5888.627465265,5888.627465265,8746,12244400,0.000000
1968,19.680071,5888.637473628,5888.637473628,8750,12250000,0.000000
1969,19.690067,5888.647469948,5888.647469948,8755,12257000,0.000000
1970,19.700083,5888.657486050,5888.657486050,8759,12262600,0.000000
1971,19.710079,5888.667481486,5888.667481486,8763,12268200,0.000000
1972,19.720069,5888.677472302,5888.677472302,8768,12275200,0.000000
1973,19.730136,5888.687538972,5888.687538972,8772,12280800,0.000000
1974,19.740094,5888.697496535,5888.697496535,8777,12287800,0.000000
1975,19.750076,5888.707478815,5888.707478815,8781,12293400,0.000000
1976,19.760065,5888.717467920,5888.717467920,8786,12300400,0.000000
1977,19.770074,5888.727477237,5888.727477237,8790,12306000,0.000000
1978,19.780024,5888.737427223,5888.737427223,8795,12313000,0.000000
1979,19.790059,5888.747462122,5888.747462122,8799,12318600,0.000000
1980,19.800078,5888.757480947,5888.757480947,8803,12324200,0.000000
1981,19.810062,5888.767465263,5888.767465263,8808,12331200,0.000000
1982,19.820065,5888.777468300,5888.777468300,8812,12336800,0.000000
1983,19.830066,5888.787469319,5888.787469319,8817,12343800,0.000000
1984,19.840072,5888.797475351,5888.797475351,8821,12349400,0.000000
1985,19.850038,5888.807440612,5888.807440612,8826,12356400,0.000000
1986,19.860067,5888.817470255,5888.817470255,8830,12362000,0.000000
1987,19.870064,5888.827466800,5888.827466800,8835,12369000,0.000000
1988,19.880068,5888.837470657,5888.837470657,8839,12374600,0.000000
1989,19.890074,5888.847477275,5888.847477275,8843,12380200,0.000000
1990,19.900075,5888.857478291,5888.857478291,8848,12387200,0.000000
1991,19.910071,5888.867473741,5888.867473741,8852,12392800,0.000000
1992,19.920038,5888.877440805,5888.877440805,8857,12399800,0.000000
1993,19.930079,5888.887482314,5888.887482314,8861,12405400,0.000000
1994,19.940064,5888.897466964,5888.897466964,8866,12412400,0.000000
1995,19.950065,5888.907468360,5888.907468360,8870,12418000,0.000000
1996,19.960034,5888.917436561,5888.917436561,8875,12425000,0.000000
1997,19.970089,5888.927492256,5888.927492256,8879,12430600,0.000000
1998,19.980069,5888.937472161,5888.937472161,8883,12436200,0.000000
1999,19.990064,5888.947466879,5888.947466879,8888,12443200,0.000000
2000,20.000076,5888.957479092,5888.957479092,8892,12448800,0.000000
2001,20.010067,5888.967469596,5888.967469596,8897,12455800,0.000000
2002,20.020059,5888.977461843,5888.977461843,8901,12461400,0.000000
2003,20.030039,5888.987441999,5888.987441999,8906,12468400,0.000000
2004,20.040092,5888.997495198,5888.997495198,8910,12474000,0.000000
2005,20.050058,5889.007461218,5889.007461218,8915,12481000,0.000000
2006,20.060067,5889.017469556,5889.017469556,8919,12486600,0.000000
2007,20.070109,5889.027511965,5889.027511965,8924,12493600,0.000000
2008,20.080065,5889.037467508,5889.037467508,8928,12499200,0.000000
2009,20.090067,5889.047470180,5889.047470180,8932,12504800,0.000000
2010,20.100065,5889.057467504,5889.057467504,8937,12511800,0.000000
2011,20.110061,5889.067463538,5889.067463538,8941,12517400,0.000000
2012,20.120063,5889.077466052,5889.077466052,8946,12524400,0.000000
2013,20.130011,5889.087413784,5889.087413784,8950,12530000,0.000000
2014,20.140061,5889.097464228,5889.097464228,8955,12537000,0.000000
2015,20.150064,5889.107466545,5889.107466545,8959,12542600,0.000000
2016,20.160071,5889.117473840,5889.117473840,8964,12549600,0.000000
2017,20.170066,5889.127469338,5889.127469338,8968,12555200,0.000000
2018,20.180068,5889.137470983,5889.137470983,8972,12560800,0.000000
2019,20.190059,5889.147461719,5889.147461719,8977,12567800,0.000000
2020,20.200084,5889.157486459,5889.157486459,8981,12573400,0.000000
2021,20.210054,5889.167457104,5889.167457104,8986,12580400,0.000000
2022,20.220068,5889.177471407,5889.177471407,8990,12586000,0.000000
2023,20.230065,5889.187467598,5889.187467598,8995,12593000,0.000000
2024,20.240067,5889.197470083,5889.197470083,8999,12598600,0.000000
2025,20.250038,5889.207440457,5889.207440457,9004,12605600,0.000000
2026,20.260071,5889.217473666,5889.217473666,9008,12611200,0.000000
2027,20.270072,5889.227474810,5889.227474810,9012,12616800,0.000000
2028,20.280065,5889.237467861,5889.237467861,9017,12623800,0.000000
2029,20.290063,5889.247466375,5889.247466375,9021,12629400,0.000000
2030,20.300066,5889.257469333,5889.257469333,9026,12636400,0.000000
2031,20.310065,5889.267467459,5889.267467459,9030,12642000,0.000000
2032,20.320062,5889.277464598,5889.277464598,9035,12649000,0.000000
2033,20.330060,5889.287462954,5889.287462954,9039,12654600,0.000000
2034,20.340066,5889.297469187,5889.297469187,9044,12661600,0.000000
2035,20.350092,5889.307495408,5889.307495408,9048,12667200,0.000000
2036,20.360066,5889.317469217,5889.317469217,9052,12672800,0.000000
2037,20.370068,5889.327470730,5889.327470730,9057,12679800,0.000000
2038,20.380066,5889.337468937,5889.337468937,9061,12685400,0.000000
2039,20.390068,5889.347471367,5889.347471367,9066,12692400,0.000000
2040,20.400065,5889.357468069,5889.357468069,9070,12698000,0.000000
2041,20.410062,5889.367464999,5889.367464999,9075,12705000,0.000000
2042,20.420068,5889.377470600,5889.377470600,9079,12710600,0.000000
2043,20.430070,5889.387473181,5889.387473181,9084,12717600,0.000000
2044,20.440067,5889.397470053,5889.397470053,9088,12723200,0.000000
2045,20.450066,5889.407469331,5889.407469331,9092,12728800,0.000000
2046,20.460068,5889.417470877,5889.417470877,9097,12735800,0.000000
2047,20.470064,5889.427466662,5889.427466662,9101,12741400,0.000000
2048,20.480073,5889.437475465,5889.437475465,9106,12748400,0.000000
2049,20.490068,5889.447470517,5889.447470517,9110,12754000,0.000000
2050,20.500063,5889.457465631,5889.457465631,9115,12761000,0.000000
2051,20.510064,5889.467466749,5889.467466749,9119,12766600,0.000000
2052,20.520026,5889.477428895,5889.477428895,9124,12773600,0.000000
2053,20.530069,5889.487472039,5889.487472039,9128,12779200,0.000000
2054,20.540064,5889.497466802,5889.497466802,9132,12784800,0.000000
2055,20.550069,5889.507471903,5889.507471903,9137,12791800,0.000000
2056,20.560069,5889.517472203,5889.517472203,9141,12797400,0.000000
2057,20.570064,5889.527466513,5889.527466513,9146,12804400,0.000000
2058,20.580065,5889.537468359,5889.537468359,9150,12810000,0.000000
2059,20.590067,5889.547470009,5889.547470009,9155,12817000,0.000000
2060,20.600077,5889.557479804,5889.557479804,9159,12822600,0.000000
2061,20.610058,5889.567461182,5889.567461182,9164,12829600,0.000000
2062,20.620071,5889.577474405,5889.577474405,9168,12835200,0.000000
2063,20.630078,5889.587480834,5889.587480834,9173,12842200,0.000000
2064,20.640070,5889.597472930,5889.597472930,9177,12847800,0.000000
2065,20.650074,5889.607476916,5889.607476916,9181,12853400,0.000000
2066,20.660065,5889.617468168,5889.617468168,9186,12860400,0.000000
2067,20.670070,5889.627472740,5889.627472740,9190,12866000,0.000000
2068,20.680068,5889.637470949,5889.637470949,9195,12873000,0.000000
2069,20.690073,5889.647475492,5889.647475492,9199,12878600,0.000000
2070,20.700062,5889.657464622,5889.657464622,9204,12885600,0.000000
2071,20.710069,5889.667471913,5889.667471913,9208,12891200,0.000000
2072,20.720080,5889.677482479,5889.677482479,9213,12898200,0.000000
2073,20.730068,5889.687471376,5889.687471376,9217,12903800,0.000000
2074,20.740071,5889.697474220,5889.697474220,9221,12909400,0.000000
2075,20.750066,5889.707469207,5889.707469207,9226,12916400,0.000000
2076,20.760067,5889.717469910,5889.717469910,9230,12922000,0.000000
2077,20.770075,5889.727477839,5889.727477839,9235,12929000,0.000000
2078,20.780068,5889.737471299,5889.737471299,9239,12934600,0.000000
2079,20.790068,5889.747470791,5889.747470791,9244,12941600,0.000000
2080,20.800066,5889.757468633,5889.757468633,9248,12947200,0.000000
2081,20.810034,5889.767437177,5889.767437177,9253,12954200,0.000000
2082,20.820065,5889.777468155,5889.777468155,9257,12959800,0.000000
2083,20.830063,5889.787466047,5889.787466047,9261,12965400,0.000000
2084,20.840034,5889.797436637,5889.797436637,9266,12972400,0.000000
2085,20.850065,5889.807467818,5889.807467818,9270,12978000,0.000000
2086,20.860067,5889.817469771,5889.817469771,9275,12985000,0.000000
2087,20.870074,5889.827477203,5889.827477203,9279,12990600,0.000000
2088,20.880068,5889.837470506,5889.837470506,9284,12997600,0.000000
2089,20.890070,5889.847472744,5889.847472744,9288,13003200,0.000000
2090,20.900006,5889.857408909,5889.857408909,9293,13010200,0.000000
2091,20.910069,5889.867472059,5889.867472059,9297,13015800,0.000000
2092,20.920065,5889.877468121,5889.877468121,9301,13021400,0.000000
2093,20.930071,5889.887473499,5889.887473499,9306,13028400,0.000000
2094,20.940013,5889.897415808,5889.897415808,9310,13034000,0.000000
2095,20.950076,5889.907478690,5889.907478690,9315,13041000,0.000000
2096,20.960061,5889.917463583,5889.917463583,9319,13046600,0.000000
2097,20.970062,5889.927465285,5889.927465285,9324,13053600,0.000000
2098,20.980071,5889.937474414,5889.937474414,9328,13059200,0.000000
2099,20.990069,5889.947471564,5889.947471564,9333,13066200,0.000000
2100,21.000076,5889.957478969,5889.957478969,9337,13071800,0.000000
2101,21.010078,5889.967480773,5889.967480773,9341,13077400,0.000000
2102,21.020065,5889.977467707,5889.977467707,9346,13084400,0.000000
2103,21.030064,5889.987467195,5889.987467195,9350,13090000,0.000000
2104,21.040069,5889.997472048,5889.997472048,9355,13097000,0.000000
2105,21.050069,5890.007471619,5890.007471619,9359,13102600,0.000000
2106,21.060069,5890.017471849,5890.017471849,9364,13109600,0.000000
2107,21.070080,5890.027482863,5890.027482863,9368,13115200,0.000000
2108,21.080028,5890.037430609,5890.037430609,9373,13122200,0.000000
2109,21.090067,5890.047469897,5890.047469897,9377,13127800,0.000000
2110,21.100062,5890.057465171,5890.057465171,9381,13133400,0.000000
2111,21.110067,5890.067469607,5890.067469607,9386,13140400,0.000000
2112,21.120069,5890.077471560,5890.077471560,9390,13146000,0.000000
2113,21.130072,5890.087474606,5890.087474606,9395,13153000,0.000000
2114,21.140085,5890.097487720,5890.097487720,9399,13158600,0.000000
2115,21.150056,5890.107458447,5890.107458447,9404,13165600,0.000000
2116,21.160072,5890.117474636,5890.117474636,9408,13171200,0.000000
2117,21.170063,5890.127465836,5890.127465836,9413,13178200,0.000000
2118,21.180075,5890.137477754,5890.137477754,9417,13183800,0.000000
2119,21.190091,5890.147494136,5890.147494136,9422,13190800,0.000000
2120,21.200072,5890.157474997,5890.157474997,9426,13196400,0.000000
2121,21.210076,5890.167478692,5890.167478692,9430,13202000,0.000000
2122,21.220065,5890.177468088,5890.177468088,9435,13209000,0.000000
2123,21.230075,5890.187477901,5890.187477901,9439,13214600,0.000000
2124,21.240063,5890.197466263,5890.197466263,9444,13221600,0.000000
2125,21.250071,5890.207474319,5890.207474319,9448,13227200,0.000000
2126,21.260066,5890.217468946,5890.217468946,9453,13234200,0.000000
2127,21.270065,5890.227467479,5890.227467479,9457,13239800,0.000000
2128,21.280080,5890.237482508,5890.237482508,9462,13246800,0.000000
2129,21.290066,5890.247468609,5890.247468609,9466,13252400,0.000000
2130,21.300068,5890.257470529,5890.257470529,9470,13258000,0.000000
2131,21.310068,5890.267470558,5890.267470558,9475,13265000,0.000000
2132,21.320067,5890.277469923,5890.277469923,9479,13270600,0.000000
2133,21.330044,5890.287446476,5890.287446476,9484,13277600,0.000000
2134,21.340070,5890.297473043,5890.297473043,9488,13283200,0.000000
2135,21.350065,5890.307467723,5890.307467723,9493,13290200,0.000000
2136,21.360068,5890.317470614,5890.317470614,9497,13295800,0.000000
2137,21.370038,5890.327440752,5890.327440752,9502,13302800,0.000000
2138,21.380067,5890.337470374,5890.337470374,9506,13308400,0.000000
2139,21.390041,5890.347443938,5890.347443938,9510,13314000,0.000000
2140,21.400063,5890.357465992,5890.357465992,9515,13321000,0.000000
2141,21.410065,5890.367468402,5890.367468402,9519,13326600,0.000000
2142,21.420064,5890.377467389,5890.377467389,9524,13333600,0.000000
2143,21.430064,5890.387467323,5890.387467323,9528,13339200,0.000000
2144,21.440064,5890.397467372,5890.397467372,9533,13346200,0.000000
2145,21.450024,5890.407427025,5890.407427025,9537,13351800,0.000000
2146,21.462070,5890.419472483,5890.419472483,9542,13358800,0.000000
2147,21.470066,5890.427469082,5890.427469082,9546,13364400,0.000000
2148,21.480067,5890.437469978,5890.437469978,9550,13370000,0.000000
2149,21.490076,5890.447478713,5890.447478713,9555,13377000,0.000000
2150,21.500066,5890.457468951,5890.457468951,9559,13382600,0.000000
2151,21.510064,5890.467467279,5890.467467279,9564,13389600,0.000000
2152,21.520060,5890.477462776,5890.477462776,9568,13395200,0.000000
2153,21.530061,5890.487464181,5890.487464181,9573,13402200,0.000000
2154,21.540065,5890.497468151,5890.497468151,9577,13407800,0.000000
2155,21.550068,5890.507470456,5890.507470456,9582,13414800,0.000000
2156,21.560069,5890.517472382,5890.517472382,9586,13420400,0.000000
2157,21.570073,5890.527476134,5890.527476134,9590,13426000,0.000000
2158,21.580067,5890.537469734,5890.537469734,9595,13433000,0.000000
2159,21.590065,5890.547468393,5890.547468393,9599,13438600,0.000000
2160,21.600064,5890.557466881,5890.557466881,9604,13445600,0.000000
2161,21.610068,5890.567470521,5890.567470521,9608,13451200,0.000000
2162,21.620064,5890.577467398,5890.577467398,9613,13458200,0.000000
2163,21.630067,5890.587470179,5890.587470179,9617,13463800,0.000000
2164,21.640027,5890.597429922,5890.597429922,9622,13470800,0.000000
2165,21.650066,5890.607469233,5890.607469233,9626,13476400,0.000000
2166,21.660021,5890.617424285,5890.617424285,9630,13482000,0.000000
2167,21.670063,5890.627466169,5890.627466169,9635,13489000,0.000000
2168,21.680063,5890.637465688,5890.637465688,9639,13494600,0.000000
2169,21.690065,5890.647467829,5890.647467829,9644,13501600,0.000000
2170,21.700067,5890.657470057,5890.657470057,9648,13507200,0.000000
2171,21.710063,5890.667465790,5890.667465790,9653,13514200,0.000000
2172,21.720066,5890.677469287,5890.677469287,9657,13519800,0.000000
2173,21.730058,5890.687461093,5890.687461093,9662,13526800,0.000000
2174,21.740066,5890.697468863,5890.697468863,9666,13532400,0.000000
2175,21.750076,5890.707479285,5890.707479285,9671,13539400,0.000000
2176,21.760069,5890.717471906,5890.717471906,9675,13545000,0.000000
2177,21.770065,5890.727468350,5890.727468350,9679,13550600,0.000000
2178,21.780068,5890.737471380,5890.737471380,9684,13557600,0.000000
2179,21.790067,5890.747470188,5890.747470188,9688,13563200,0.000000
2180,21.800059,5890.757461642,5890.757461642,9693,13570200,0.000000
2181,21.810035,5890.767437733,5890.767437733,9697,13575800,0.000000
2182,21.820068,5890.777470787,5890.777470787,9702,13582800,0.000000
2183,21.830065,5890.787468434,5890.787468434,9706,13588400,0.000000
2184,21.840078,5890.797481293,5890.797481293,9711,13595400,0.000000
2185,21.850069,5890.807471617,5890.807471617,9715,13601000,0.000000
2186,21.860071,5890.817473604,5890.817473604,9719,13606600,0.000000
2187,21.870059,5890.827461887,5890.827461887,9724,13613600,0.000000
2188,21.880035,5890.837437790,5890.837437790,9728,13619200,0.000000
2189,21.890065,5890.847468113,5890.847468113,9733,13626200,0.000000
2190,21.900060,5890.857462792,5890.857462792,9737,13631800,0.000000
2191,21.910064,5890.867466451,5890.867466451,9742,13638800,0.000000
2192,21.920064,5890.877466925,5890.877466925,9746,13644400,0.000000
2193,21.930041,5890.887443691,5890.887443691,9751,13651400,0.000000
2194,21.940065,5890.897467547,5890.897467547,9755,13657000,0.000000
2195,21.950059,5890.907462259,5890.907462259,9759,13662600,0.000000
2196,21.960071,5890.917473506,5890.917473506,9764,13669600,0.000000
2197,21.970068,5890.927471161,5890.927471161,9768,13675200,0.000000
2198,21.980074,5890.937477237,5890.937477237,9773,13682200,0.000000
2199,21.990027,5890.947429561,5890.947429561,9777,13687800,0.000000
2200,22.000062,5890.957465074,5890.957465074,9782,13694800,0.000000
2201,22.010033,5890.967435601,5890.967435601,9786,13700400,0.000000
2202,22.020012,5890.977415243,5890.977415243,9791,13707400,0.000000
2203,22.030064,5890.987466974,5890.987466974,9795,13713000,0.000000
2204,22.040067,5890.997469889,5890.997469889,9799,13718600,0.000000
2205,22.050067,5891.007469909,5891.007469909,9804,13725600,0.000000
2206,22.060072,5891.017474552,5891.017474552,9808,13731200,0.000000
2207,22.070081,5891.027483560,5891.027483560,9813,13738200,0.000000
2208,22.080029,5891.037431582,5891.037431582,9817,13743800,0.000000
2209,22.090063,5891.047465531,5891.047465531,9822,13750800,0.000000
2210,22.100074,5891.057476710,5891.057476710,9826,13756400,0.000000
2211,22.110142,5891.067544474,5891.067544474,9831,13763400,0.000000
2212,22.120064,5891.077466563,5891.077466563,9835,13769000,0.000000
2213,22.130066,5891.087469331,5891.087469331,9839,13774600,0.000000
2214,22.140064,5891.097466737,5891.097466737,9844,13781600,0.000000
2215,22.150073,5891.107476242,5891.107476242,9848,13787200,0.000000
2216,22.160071,5891.117473753,5891.117473753,9853,13794200,0.000000
2217,22.170069,5891.127471937,5891.127471937,9857,13799800,0.000000
2218,22.180063,5891.137465460,5891.137465460,9862,13806800,0.000000
2219,22.190065,5891.147467658,5891.147467658,9866,13812400,0.000000
2220,22.200034,5891.157436952,5891.157436952,9871,13819400,0.000000
2221,22.210067,5891.167469567,5891.167469567,9875,13825000,0.000000
2222,22.220072,5891.177475391,5891.177475391,9879,13830600,0.000000
2223,22.230094,5891.187496749,5891.187496749,9884,13837600,0.000000
2224,22.240070,5891.197473150,5891.197473150,9888,13843200,0.000000
2225,22.250068,5891.207470502,5891.207470502,9893,13850200,0.000000
2226,22.260070,5891.217472728,5891.217472728,9897,13855800,0.000000
2227,22.270018,5891.227420850,5891.227420850,9902,13862800,0.000000
2228,22.280067,5891.237469886,5891.237469886,9906,13868400,0.000000
2229,22.290061,5891.247463441,5891.247463441,9911,13875400,0.000000
2230,22.300039,5891.257442235,5891.257442235,9915,13881000,0.000000
2231,22.310090,5891.267493032,5891.267493032,9920,13888000,0.000000
2232,22.320065,5891.277468356,5891.277468356,9924,13893600,0.000000
2233,22.330062,5891.287464529,5891.287464529,9928,13899200,0.000000
2234,22.340064,5891.297466745,5891.297466745,9933,13906200,0.000000
2235,22.350069,5891.307471646,5891.307471646,9937,13911800,0.000000
2236,22.360070,5891.317472962,5891.317472962,9942,13918800,0.000000
2237,22.370034,5891.327437001,5891.327437001,9946,13924400,0.000000
2238,22.380067,5891.337470186,5891.337470186,9951,13931400,0.000000
2239,22.390065,5891.347468380,5891.347468380,9955,13937000,0.000000
2240,22.400077,5891.357479566,5891.357479566,9960,13944000,0.000000
2241,22.410066,5891.367469086,5891.367469086,9964,13949600,0.000000
2242,22.420061,5891.377463657,5891.377463657,9968,13955200,0.000000
2243,22.430065,5891.387467791,5891.387467791,9973,13962200,0.000000
2244,22.440072,5891.397474935,5891.397474935,9977,13967800,0.000000
2245,22.450065,5891.407468423,5891.407468423,9982,13974800,0.000000
2246,22.460067,5891.417469961,5891.417469961,9986,13980400,0.000000
2247,22.470071,5891.427473486,5891.427473486,9991,13987400,0.000000
2248,22.480065,5891.437467829,5891.437467829,9995,13993000,0.000000
2249,22.490044,5891.447446712,5891.447446712,10000,14000000,0.000000
2250,22.500075,5891.457478292,5891.457478292,10004,14005600,0.000000
2251,22.510077,5891.467480168,5891.467480168,10008,14011200,0.000000
2252,22.520063,5891.477466229,5891.477466229,10013,14018200,0.000000
2253,22.530068,5891.487470629,5891.487470629,10017,14023800,0.000000
2254,22.540065,5891.497468234,5891.497468234,10022,14030800,0.000000
2255,22.550065,5891.507468018,5891.507468018,10026,14036400,0.000000
2256,22.560063,5891.517465674,5891.517465674,10031,14043400,0.000000
2257,22.570066,5891.527468538,5891.527468538,10035,14049000,0.000000
2258,22.580001,5891.537403598,5891.537403598,10040,14056000,0.000000
2259,22.590068,5891.547471034,5891.547471034,10044,14061600,0.000000
2260,22.600069,5891.557472309,5891.557472309,10048,14067200,0.000000
2261,22.610062,5891.567464491,5891.567464491,10053,14074200,0.000000
2262,22.620068,5891.577470875,5891.577470875,10057,14079800,0.000000
2263,22.630066,5891.587469317,5891.587469317,10062,14086800,0.000000
2264,22.640065,5891.597467890,5891.597467890,10066,14092400,0.000000
2265,22.650067,5891.607470316,5891.607470316,10071,14099400,0.000000
2266,22.660068,5891.617471232,5891.617471232,10075,14105000,0.000000
2267,22.670070,5891.627472477,5891.627472477,10080,14112000,0.000000
2268,22.680075,5891.637477577,5891.637477577,10084,14117600,0.000000
2269,22.690080,5891.647483341,5891.647483341,10088,14123200,0.000000
2270,22.700070,5891.657472546,5891.657472546,10093,14130200,0.000000
2271,22.710080,5891.667483038,5891.667483038,10097,14135800,0.000000
2272,22.720067,5891.677470016,5891.677470016,10102,14142800,0.000000
2273,22.730069,5891.687472174,5891.687472174,10106,14148400,0.000000
2274,22.740065,5891.697467785,5891.697467785,10111,14155400,0.000000
2275,22.750042,5891.707444780,5891.707444780,10115,14161000,0.000000
2276,22.760030,5891.717432912,5891.717432912,10120,14168000,0.000000
2277,22.770071,5891.727473824,5891.727473824,10124,14173600,0.000000
2278,22.780072,5891.737474505,5891.737474505,10128,14179200,0.000000
2279,22.790062,5891.747464587,5891.747464587,10133,14186200,0.000000
2280,22.800079,5891.757481586,5891.757481586,10137,14191800,0.000000
2281,22.810070,5891.767472690,5891.767472690,10142,14198800,0.000000
2282,22.820068,5891.777470643,5891.777470643,10146,14204400,0.000000
2283,22.830068,5891.787470485,5891.787470485,10151,14211400,0.000000
2284,22.840072,5891.797475209,5891.797475209,10155,14217000,0.000000
2285,22.850061,5891.807464073,5891.807464073,10160,14224000,0.000000
2286,22.860067,5891.817470173,5891.817470173,10164,14229600,0.000000
2287,22.870078,5891.827480808,5891.827480808,10169,14236600,0.000000
2288,22.880070,5891.837472990,5891.837472990,10173,14242200,0.000000
2289,22.890064,5891.847467106,5891.847467106,10177,14247800,0.000000
2290,22.900064,5891.857467029,5891.857467029,10182,14254800,0.000000
2291,22.910060,5891.867462738,5891.867462738,10186,14260400,0.000000
2292,22.920014,5891.877417374,5891.877417374,10191,14267400,0.000000
2293,22.930063,5891.887465858,5891.887465858,10195,14273000,0.000000
2294,22.940065,5891.897468126,5891.897468126,10200,14280000,0.000000
2295,22.950066,5891.907469307,5891.907469307,10204,14285600,0.000000
2296,22.960077,5891.917479546,5891.917479546,10209,14292600,0.000000
2297,22.970068,5891.927470687,5891.927470687,10213,14298200,0.000000
2298,22.980068,5891.937471163,5891.937471163,10217,14303800,0.000000
2299,22.990066,5891.947469075,5891.947469075,10222,14310800,0.000000
2300,23.000066,5891.957468765,5891.957468765,10226,14316400,0.000000
2301,23.010068,5891.967471115,5891.967471115,10231,14323400,0.000000
2302,23.020061,5891.977464070,5891.977464070,10235,14329000,0.000000
2303,23.030063,5891.987466225,5891.987466225,10240,14336000,0.000000
2304,23.040067,5891.997469704,5891.997469704,10244,14341600,0.000000
2305,23.050037,5892.007440296,5892.007440296,10249,14348600,0.000000
2306,23.060067,5892.017469871,5892.017469871,10253,14354200,0.000000
2307,23.070069,5892.027471506,5892.027471506,10257,14359800,0.000000
2308,23.080068,5892.037470925,5892.037470925,10262,14366800,0.000000
2309,23.090064,5892.047466784,5892.047466784,10266,14372400,0.000000
2310,23.100067,5892.057469553,5892.057469553,10271,14379400,0.000000
2311,23.110065,5892.067468304,5892.067468304,10275,14385000,0.000000
2312,23.120062,5892.077464458,5892.077464458,10280,14392000,0.000000
2313,23.130066,5892.087469022,5892.087469022,10284,14397600,0.000000
2314,23.140063,5892.097466030,5892.097466030,10289,14404600,0.000000
2315,23.150068,5892.107470472,5892.107470472,10293,14410200,0.000000
2316,23.160081,5892.117483985,5892.117483985,10297,14415800,0.000000
2317,23.170065,5892.127467956,5892.127467956,10302,14422800,0.000000
2318,23.180073,5892.137476257,5892.137476257,10306,14428400,0.000000
2319,23.190063,5892.147465900,5892.147465900,10311,14435400,0.000000
2320,23.200075,5892.157477600,5892.157477600,10315,14441000,0.000000
2321,23.210067,5892.167470103,5892.167470103,10320,14448000,0.000000
2322,23.220067,5892.177469888,5892.177469888,10324,14453600,0.000000
2323,23.230071,5892.187473599,5892.187473599,10329,14460600,0.000000
2324,23.240069,5892.197471856,5892.197471856,10333,14466200,0.000000
2325,23.250068,5892.207470543,5892.207470543,10337,14471800,0.000000
2326,23.260072,5892.217475388,5892.217475388,10342,14478800,0.000000
2327,23.270067,5892.227470159,5892.227470159,10346,14484400,0.000000
2328,23.280049,5892.237452261,5892.237452261,10351,14491400,0.000000
2329,23.290064,5892.247467245,5892.247467245,10355,14497000,0.000000
2330,23.300062,5892.257465132,5892.257465132,10360,14504000,0.000000
2331,23.310060,5892.267462465,5892.267462465,10364,14509600,0.000000
2332,23.320024,5892.277426969,5892.277426969,10369,14516600,0.000000
2333,23.330068,5892.287470564,5892.287470564,10373,14522200,0.000000
2334,23.340066,5892.297468853,5892.297468853,10377,14527800,0.000000
2335,23.350066,5892.307469061,5892.307469061,10382,14534800,0.000000
2336,23.360069,5892.317472303,5892.317472303,10386,14540400,0.000000
2337,23.370067,5892.327469864,5892.327469864,10391,14547400,0.000000
2338,23.380069,5892.337472313,5892.337472313,10395,14553000,0.000000
2339,23.390068,5892.347470880,5892.347470880,10400,14560000,0.000000
2340,23.400071,5892.357474083,5892.357474083,10404,14565600,0.000000
2341,23.410058,5892.367461155,5892.367461155,10409,14572600,0.000000
2342,23.420028,5892.377431333,5892.377431333,10413,14578200,0.000000
2343,23.430080,5892.387483200,5892.387483200,10418,14585200,0.000000
2344,23.440066,5892.397469218,5892.397469218,10422,14590800,0.000000
2345,23.450044,5892.407446443,5892.407446443,10426,14596400,0.000000
2346,23.460063,5892.417466306,5892.417466306,10431,14603400,0.000000
2347,23.470070,5892.427472931,5892.427472931,10435,14609000,0.000000
2348,23.480058,5892.437461431,5892.437461431,10440,14616000,0.000000
2349,23.490069,5892.447471835,5892.447471835,10444,14621600,0.000000
2350,23.500064,5892.457466530,5892.457466530,10449,14628600,0.000000
2351,23.510065,5892.467468176,5892.467468176,10453,14634200,0.000000
2352,23.520060,5892.477462782,5892.477462782,10458,14641200,0.000000
2353,23.530063,5892.487466132,5892.487466132,10462,14646800,0.000000
2354,23.540067,5892.497470050,5892.497470050,10466,14652400,0.000000
2355,23.550069,5892.507471463,5892.507471463,10471,14659400,0.000000
2356,23.560066,5892.517468776,5892.517468776,10475,14665000,0.000000
2357,23.570080,5892.527482523,5892.527482523,10480,14672000,0.000000
2358,23.580069,5892.537471539,5892.537471539,10484,14677600,0.000000
2359,23.590038,5892.547440862,5892.547440862,10489,14684600,0.000000
2360,23.600013,5892.557415842,5892.557415842,10493,14690200,0.000000
2361,23.610035,5892.567437826,5892.567437826,10498,14697200,0.000000
2362,23.620063,5892.577466273,5892.577466273,10502,14702800,0.000000
2363,23.630070,5892.587473303,5892.587473303,10506,14708400,0.000000
2364,23.640068,5892.597471185,5892.597471185,10511,14715400,0.000000
2365,23.650065,5892.607467651,5892.607467651,10515,14721000,0.000000
2366,23.660042,5892.617444766,5892.617444766,10520,14728000,0.000000
2367,23.670065,5892.627467850,5892.627467850,10524,14733600,0.000000
2368,23.680059,5892.637462330,5892.637462330,10529,14740600,0.000000
2369,23.690062,5892.647465407,5892.647465407,10533,14746200,0.000000
2370,23.700021,5892.657424228,5892.657424228,10538,14753200,0.000000
2371,23.710066,5892.667468712,5892.667468712,10542,14758800,0.000000
2372,23.720069,5892.677472099,5892.677472099,10546,14764400,0.000000
2373,23.730045,5892.687448208,5892.687448208,10551,14771400,0.000000
2374,23.740064,5892.697466478,5892.697466478,10555,14777000,0.000000
2375,23.750063,5892.707466396,5892.707466396,10560,14784000,0.000000
2376,23.760060,5892.717462674,5892.717462674,10564,14789600,0.000000
2377,23.770065,5892.727467778,5892.727467778,10569,14796600,0.000000
2378,23.780064,5892.737466996,5892.737466996,10573,14802200,0.000000
2379,23.790069,5892.747472177,5892.747472177,10578,14809200,0.000000
2380,23.800068,5892.757471261,5892.757471261,10582,14814800,0.000000
2381,23.810068,5892.767471379,5892.767471379,10586,14820400,0.000000
2382,23.820067,5892.777470033,5892.777470033,10591,14827400,0.000000
2383,23.830071,5892.787473455,5892.787473455,10595,14833000,0.000000
2384,23.840066,5892.797468468,5892.797468468,10600,14840000,0.000000
2385,23.850067,5892.807469450,5892.807469450,10604,14845600,0.000000
2386,23.860064,5892.817467013,5892.817467013,10609,14852600,0.000000
2387,23.870065,5892.827467706,5892.827467706,10613,14858200,0.000000
2388,23.880026,5892.837428984,5892.837428984,10618,14865200,0.000000
2389,23.890064,5892.847466512,5892.847466512,10622,14870800,0.000000
2390,23.900065,5892.857467569,5892.857467569,10626,14876400,0.000000
2391,23.910063,5892.867465867,5892.867465867,10631,14883400,0.000000
2392,23.920077,5892.877480102,5892.877480102,10635,14889000,0.000000
2393,23.930065,5892.887468087,5892.887468087,10640,14896000,0.000000
2394,23.940068,5892.897471362,5892.897471362,10644,14901600,0.000000
2395,23.950064,5892.907466982,5892.907466982,10649,14908600,0.000000
2396,23.960067,5892.917470302,5892.917470302,10653,14914200,0.000000
2397,23.970059,5892.927461677,5892.927461677,10658,14921200,0.000000
2398,23.980067,5892.937469796,5892.937469796,10662,14926800,0.000000
2399,23.990077,5892.947480370,5892.947480370,10667,14933800,0.000000
2400,24.000065,5892.957468243,5892.957468243,10671,14939400,0.000000
2401,24.010069,5892.967472209,5892.967472209,10675,14945000,0.000000
2402,24.020072,5892.977474703,5892.977474703,10680,14952000,0.000000
2403,24.030061,5892.987463442,5892.987463442,10684,14957600,0.000000
2404,24.040070,5892.997473190,5892.997473190,10689,14964600,0.000000
2405,24.050028,5893.007430439,5893.007430439,10693,14970200,0.000000
2406,24.060061,5893.017464389,5893.017464389,10698,14977200,0.000000
2407,24.070064,5893.027467057,5893.027467057,10702,14982800,0.000000
2408,24.080084,5893.037487344,5893.037487344,10707,14989800,0.000000
2409,24.090071,5893.047474011,5893.047474011,10711,14995400,0.000000
2410,24.100072,5893.057475364,5893.057475364,10715,15001000,0.000000
2411,24.110059,5893.067462043,5893.067462043,10720,15008000,0.000000
2412,24.120070,5893.077472624,5893.077472624,10724,15013600,0.000000
2413,24.130069,5893.087472223,5893.087472223,10729,15020600,0.000000
2414,24.140069,5893.097471876,5893.097471876,10733,15026200,0.000000
2415,24.150067,5893.107470232,5893.107470232,10738,15033200,0.000000
2416,24.160065,5893.117467521,5893.117467521,10742,15038800,0.000000
2417,24.170042,5893.127444569,5893.127444569,10747,15045800,0.000000
2418,24.180070,5893.137473228,5893.137473228,10751,15051400,0.000000
2419,24.190069,5893.147472388,5893.147472388,10755,15057000,0.000000
2420,24.200073,5893.157475502,5893.157475502,10760,15064000,0.000000
2421,24.210068,5893.167471242,5893.167471242,10764,15069600,0.000000
2422,24.220072,5893.177474972,5893.177474972,10769,15076600,0.000000
2423,24.230067,5893.187470204,5893.187470204,10773,15082200,0.000000
2424,24.240063,5893.197465892,5893.197465892,10778,15089200,0.000000
2425,24.250069,5893.207472006,5893.207472006,10782,15094800,0.000000
2426,24.260004,5893.217406460,5893.217406460,10787,15101800,0.000000
2427,24.270065,5893.227467650,5893.227467650,10791,15107400,0.000000
2428,24.280072,5893.237474539,5893.237474539,10795,15113000,0.000000
2429,24.290064,5893.247467040,5893.247467040,10800,15120000,0.000000
2430,24.300069,5893.257472131,5893.257472131,10804,15125600,0.000000
2431,24.310074,5893.267476604,5893.267476604,10809,15132600,0.000000
2432,24.320060,5893.277462980,5893.277462980,10813,15138200,0.000000
2433,24.330068,5893.287471151,5893.287471151,10818,15145200,0.000000
2434,24.340068,5893.297471200,5893.297471200,10822,15150800,0.000000
2435,24.350070,5893.307472760,5893.307472760,10827,15157800,0.000000
2436,24.360070,5893.317473071,5893.317473071,10831,15163400,0.000000
2437,24.370072,5893.327474668,5893.327474668,10835,15169000,0.000000
2438,24.380069,5893.337472006,5893.337472006,10840,15176000,0.000000
2439,24.390065,5893.347468231,5893.347468231,10844,15181600,0.000000
2440,24.400071,5893.357473955,5893.357473955,10849,15188600,0.000000
2441,24.410066,5893.367469151,5893.367469151,10853,15194200,0.000000
2442,24.420066,5893.377469374,5893.377469374,10858,15201200,0.000000
2443,24.430064,5893.387467041,5893.387467041,10862,15206800,0.000000
2444,24.440039,5893.397442102,5893.397442102,10867,15213800,0.000000
2445,24.450064,5893.407467069,5893.407467069,10871,15219400,0.000000
2446,24.460071,5893.417474273,5893.417474273,10875,15225000,0.000000
2447,24.470065,5893.427468238,5893.427468238,10880,15232000,0.000000
2448,24.480067,5893.437469763,5893.437469763,10884,15237600,0.000000
2449,24.490063,5893.447465736,5893.447465736,10889,15244600,0.000000
2450,24.500064,5893.457467046,5893.457467046,10893,15250200,0.000000
2451,24.510018,5893.467421408,5893.467421408,10898,15257200,0.000000
2452,24.520066,5893.477469225,5893.477469225,10902,15262800,0.000000
2453,24.530059,5893.487461746,5893.487461746,10907,15269800,0.000000
2454,24.540066,5893.497469293,5893.497469293,10911,15275400,0.000000
2455,24.550075,5893.507478164,5893.507478164,10916,15282400,0.000000
2456,24.560065,5893.517467762,5893.517467762,10920,15288000,0.000000
2457,24.570066,5893.527469079,5893.527469079,10924,15293600,0.000000
2458,24.580065,5893.537467677,5893.537467677,10929,15300600,0.000000
2459,24.590038,5893.547441352,5893.547441352,10933,15306200,0.000000
2460,24.600075,5893.557477996,5893.557477996,10938,15313200,0.000000
2461,24.610072,5893.567474814,5893.567474814,10942,15318800,0.000000
2462,24.620058,5893.577460686,5893.577460686,10947,15325800,0.000000
2463,24.630064,5893.587467172,5893.587467172,10951,15331400,0.000000
2464,24.640072,5893.597474892,5893.597474892,10956,15338400,0.000000
2465,24.650062,5893.607465107,5893.607465107,10960,15344000,0.000000
2466,24.660059,5893.617461818,5893.617461818,10964,15349600,0.000000
2467,24.670066,5893.627468937,5893.627468937,10969,15356600,0.000000
2468,24.680068,5893.637470853,5893.637470853,10973,15362200,0.000000
2469,24.690070,5893.647472511,5893.647472511,10978,15369200,0.000000
2470,24.700070,5893.657472450,5893.657472450,10982,15374800,0.000000
2471,24.710060,5893.667462828,5893.667462828,10987,15381800,0.000000
2472,24.720078,5893.677480798,5893.677480798,10991,15387400,0.000000
2473,24.730039,5893.687442111,5893.687442111,10996,15394400,0.000000
2474,24.740070,5893.697472566,5893.697472566,11000,15400000,0.000000
2475,24.750066,5893.707469007,5893.707469007,11004,15405600,0.000000
2476,24.760029,5893.717432252,5893.717432252,11009,15412600,0.000000
2477,24.770070,5893.727473325,5893.727473325,11013,15418200,0.000000
2478,24.780015,5893.737418430,5893.737418430,11018,15425200,0.000000
2479,24.790070,5893.747472870,5893.747472870,11022,15430800,0.000000
2480,24.800074,5893.757476886,5893.757476886,11027,15437800,0.000000
2481,24.810072,5893.767475263,5893.767475263,11031,15443400,0.000000
2482,24.820010,5893.777413173,5893.777413173,11036,15450400,0.000000
2483,24.830068,5893.787471029,5893.787471029,11040,15456000,0.000000
2484,24.840064,5893.797466794,5893.797466794,11044,15461600,0.000000
2485,24.850065,5893.807468126,5893.807468126,11049,15468600,0.000000
2486,24.860057,5893.817460014,5893.817460014,11053,15474200,0.000000
2487,24.870064,5893.827467146,5893.827467146,11058,15481200,0.000000
2488,24.880066,5893.837468530,5893.837468530,11062,15486800,0.000000
2489,24.890064,5893.847466525,5893.847466525,11067,15493800,0.000000
2490,24.900067,5893.857470260,5893.857470260,11071,15499400,0.000000
2491,24.910068,5893.867470578,5893.867470578,11076,15506400,0.000000
2492,24.920070,5893.877472888,5893.877472888,11080,15512000,0.000000
2493,24.930064,5893.887466738,5893.887466738,11084,15517600,0.000000
2494,24.940067,5893.897470080,5893.897470080,11089,15524600,0.000000
2495,24.950068,5893.907470442,5893.907470442,11093,15530200,0.000000
2496,24.960062,5893.917465040,5893.917465040,11098,15537200,0.000000
2497,24.970067,5893.927470308,5893.927470308,11102,15542800,0.000000
2498,24.980063,5893.937465886,5893.937465886,11107,15549800,0.000000
2499,24.990067,5893.947469984,5893.947469984,11111,15555400,0.000000
2500,25.000032,5893.957435251,5893.957435251,11116,15562400,0.000000
2501,25.010069,5893.967471584,5893.967471584,11120,15568000,0.000000
2502,25.020071,5893.977473604,5893.977473604,11124,15573600,0.000000
2503,25.030068,5893.987470780,5893.987470780,11129,15580600,0.000000
2504,25.040075,5893.997477720,5893.997477720,11133,15586200,0.000000
2505,25.050066,5894.007468616,5894.007468616,11138,15593200,0.000000
2506,25.060065,5894.017468429,5894.017468429,11142,15598800,0.000000
2507,25.070061,5894.027464257,5894.027464257,11147,15605800,0.000000
2508,25.080067,5894.037469712,5894.037469712,11151,15611400,0.000000
2509,25.090059,5894.047461944,5894.047461944,11156,15618400,0.000000
2510,25.100067,5894.057470033,5894.057470033,11160,15624000,0.000000
2511,25.110074,5894.067477435,5894.067477435,11165,15631000,0.000000
2512,25.120066,5894.077468571,5894.077468571,11169,15636600,0.000000
2513,25.130067,5894.087469937,5894.087469937,11173,15642200,0.000000
2514,25.140065,5894.097467474,5894.097467474,11178,15649200,0.000000
2515,25.150060,5894.107462575,5894.107462575,11182,15654800,0.000000
2516,25.160030,5894.117432782,5894.117432782,11187,15661800,0.000000
2517,25.170064,5894.127466773,5894.127466773,11191,15667400,0.000000
2518,25.180061,5894.137464294,5894.137464294,11196,15674400,0.000000
2519,25.190065,5894.147467790,5894.147467790,11200,15680000,0.000000
2520,25.200083,5894.157486057,5894.157486057,11205,15687000,0.000000
2521,25.210066,5894.167469315,5894.167469315,11209,15692600,0.000000
2522,25.220065,5894.177468146,5894.177468146,11213,15698200,0.000000
2523,25.230065,5894.187468188,5894.187468188,11218,15705200,0.000000
2524,25.240068,5894.197470562,5894.197470562,11222,15710800,0.000000
2525,25.250060,5894.207463041,5894.207463041,11227,15717800,0.000000
2526,25.260061,5894.217464363,5894.217464363,11231,15723400,0.000000
2527,25.270061,5894.227464000,5894.227464000,11236,15730400,0.000000
2528,25.280065,5894.237467490,5894.237467490,11240,15736000,0.000000
2529,25.290039,5894.247442109,5894.247442109,11245,15743000,0.000000
2530,25.300065,5894.257468285,5894.257468285,11249,15748600,0.000000
2531,25.310066,5894.267468601,5894.267468601,11253,15754200,0.000000
2532,25.320019,5894.277422161,5894.277422161,11258,15761200,0.000000
2533,25.330071,5894.287473551,5894.287473551,11262,15766800,0.000000
2534,25.340070,5894.297472597,5894.297472597,11267,15773800,0.000000
2535,25.350071,5894.307473997,5894.307473997,11271,15779400,0.000000
2536,25.360066,5894.317468944,5894.317468944,11276,15786400,0.000000
2537,25.370066,5894.327468667,5894.327468667,11280,15792000,0.000000
2538,25.380063,5894.337465641,5894.337465641,11285,15799000,0.000000
2539,25.390067,5894.347470207,5894.347470207,11289,15804600,0.000000
2540,25.400068,5894.357471350,5894.357471350,11293,15810200,0.000000
2541,25.410067,5894.367470188,5894.367470188,11298,15817200,0.000000
2542,25.420066,5894.377469282,5894.377469282,11302,15822800,0.000000
2543,25.430067,5894.387469639,5894.387469639,11307,15829800,0.000000
2544,25.440068,5894.397470902,5894.397470902,11311,15835400,0.000000
2545,25.450064,5894.407466526,5894.407466526,11316,15842400,0.000000
2546,25.460067,5894.417470429,5894.417470429,11320,15848000,0.000000
2547,25.470070,5894.427472880,5894.427472880,11325,15855000,0.000000
2548,25.480071,5894.437474335,5894.437474335,11329,15860600,0.000000
2549,25.490070,5894.447473000,5894.447473000,11333,15866200,0.000000
2550,25.500054,5894.457456890,5894.457456890,11338,15873200,0.000000
2551,25.510066,5894.467469087,5894.467469087,11342,15878800,0.000000
2552,25.520066,5894.477468470,5894.477468470,11347,15885800,0.000000
2553,25.530068,5894.487470678,5894.487470678,11351,15891400,0.000000
2554,25.540064,5894.497467051,5894.497467051,11356,15898400,0.000000
2555,25.550065,5894.507468060,5894.507468060,11360,15904000,0.000000
2556,25.560030,5894.517433079,5894.517433079,11365,15911000,0.000000
2557,25.570067,5894.527469518,5894.527469518,11369,15916600,0.000000
2558,25.580061,5894.537464173,5894.537464173,11373,15922200,0.000000
2559,25.590068,5894.547470668,5894.547470668,11378,15929200,0.000000
2560,25.600060,5894.557463382,5894.557463382,11382,15934800,0.000000
2561,25.610074,5894.567477103,5894.567477103,11387,15941800,0.000000
2562,25.620071,5894.577474357,5894.577474357,11391,15947400,0.000000
2563,25.630062,5894.587465319,5894.587465319,11396,15954400,0.000000
2564,25.640081,5894.597484251,5894.597484251,11400,15960000,0.000000
2565,25.650058,5894.607460819,5894.607460819,11405,15967000,0.000000
2566,25.660066,5894.617469019,5894.617469019,11409,15972600,0.000000
2567,25.670031,5894.627433770,5894.627433770,11413,15978200,0.000000
2568,25.680064,5894.637467383,5894.637467383,11418,15985200,0.000000
2569,25.690067,5894.647470279,5894.647470279,11422,15990800,0.000000
2570,25.700065,5894.657468218,5894.657468218,11427,15997800,0.000000
2571,25.710073,5894.667475510,5894.667475510,11431,16003400,0.000000
2572,25.720066,5894.677468596,5894.677468596,11436,16010400,0.000000
2573,25.730031,5894.687433661,5894.687433661,11440,16016000,0.000000
2574,25.740061,5894.697464254,5894.697464254,11445,16023000,0.000000
2575,25.750067,5894.707469751,5894.707469751,11449,16028600,0.000000
2576,25.760076,5894.717478597,5894.717478597,11454,16035600,0.000000
2577,25.770063,5894.727466055,5894.727466055,11458,16041200,0.000000
2578,25.780064,5894.737467153,5894.737467153,11462,16046800,0.000000
2579,25.790059,5894.747461787,5894.747461787,11467,16053800,0.000000
2580,25.800068,5894.757471350,5894.757471350,11471,16059400,0.000000
2581,25.810066,5894.767468835,5894.767468835,11476,16066400,0.000000
2582,25.820063,5894.777466096,5894.777466096,11480,16072000,0.000000
2583,25.830062,5894.787464564,5894.787464564,11485,16079000,0.000000
2584,25.840067,5894.797470040,5894.797470040,11489,16084600,0.000000
2585,25.850036,5894.807438524,5894.807438524,11494,16091600,0.000000
2586,25.860059,5894.817462150,5894.817462150,11498,16097200,0.000000
2587,25.870066,5894.827468687,5894.827468687,11502,16102800,0.000000
2588,25.880063,5894.837465715,5894.837465715,11507,16109800,0.000000
2589,25.890063,5894.847465450,5894.847465450,11511,16115400,0.000000
2590,25.900059,5894.857462383,5894.857462383,11516,16122400,0.000000
2591,25.910070,5894.867472836,5894.867472836,11520,16128000,0.000000
2592,25.920074,5894.877477148,5894.877477148,11525,16135000,0.000000
2593,25.930069,5894.887471764,5894.887471764,11529,16140600,0.000000
2594,25.940061,5894.897464248,5894.897464248,11534,16147600,0.000000
2595,25.950064,5894.907467311,5894.907467311,11538,16153200,0.000000
2596,25.960065,5894.917467981,5894.917467981,11542,16158800,0.000000
2597,25.970064,5894.927467190,5894.927467190,11547,16165800,0.000000
2598,25.980068,5894.937471168,5894.937471168,11551,16171400,0.000000
2599,25.990064,5894.947467243,5894.947467243,11556,16178400,0.000000
2600,26.000070,5894.957472665,5894.957472665,11560,16184000,0.000000
2601,26.010063,5894.967465495,5894.967465495,11565,16191000,0.000000
2602,26.020070,5894.977472893,5894.977472893,11569,16196600,0.000000
2603,26.030074,5894.987476628,5894.987476628,11574,16203600,0.000000
2604,26.040071,5894.997474317,5894.997474317,11578,16209200,0.000000
2605,26.050072,5895.007475347,5895.007475347,11582,16214800,0.000000
2606,26.060067,5895.017470017,5895.017470017,11587,16221800,0.000000
2607,26.070075,5895.027478163,5895.027478163,11591,16227400,0.000000
2608,26.080067,5895.037469439,5895.037469439,11596,16234400,0.000000
2609,26.090066,5895.047469396,5895.047469396,11600,16240000,0.000000
2610,26.100066,5895.057468885,5895.057468885,11605,16247000,0.000000
2611,26.110065,5895.067467806,5895.067467806,11609,16252600,0.000000
2612,26.120033,5895.077435781,5895.077435781,11614,16259600,0.000000
2613,26.130070,5895.087472972,5895.087472972,11618,16265200,0.000000
2614,26.140074,5895.097476624,5895.097476624,11622,16270800,0.000000
2615,26.150065,5895.107467974,5895.107467974,11627,16277800,0.000000
2616,26.160069,5895.117472431,5895.117472431,11631,16283400,0.000000
2617,26.170065,5895.127468258,5895.127468258,11636,16290400,0.000000
2618,26.180060,5895.137462732,5895.137462732,11640,16296000,0.000000
2619,26.190037,5895.147439955,5895.147439955,11645,16303000,0.000000
2620,26.200070,5895.157472876,5895.157472876,11649,16308600,0.000000
2621,26.210058,5895.167461188,5895.167461188,11654,16315600,0.000000
2622,26.220067,5895.177470085,5895.177470085,11658,16321200,0.000000
2623,26.230078,5895.187480554,5895.187480554,11663,16328200,0.000000
2624,26.240020,5895.197423307,5895.197423307,11667,16333800,0.000000
2625,26.250071,5895.207474247,5895.207474247,11671,16339400,0.000000
2626,26.260064,5895.217467113,5895.217467113,11676,16346400,0.000000
2627,26.270065,5895.227467998,5895.227467998,11680,16352000,0.000000
2628,26.280122,5895.237524731,5895.237524731,11685,16359000,0.000000
2629,26.290068,5895.247470899,5895.247470899,11689,16364600,0.000000
2630,26.300063,5895.257465758,5895.257465758,11694,16371600,0.000000
2631,26.310066,5895.267468973,5895.267468973,11698,16377200,0.000000
2632,26.320063,5895.277466429,5895.277466429,11703,16384200,0.000000
2633,26.330064,5895.287467378,5895.287467378,11707,16389800,0.000000
2634,26.340059,5895.297462334,5895.297462334,11711,16395400,0.000000
2635,26.350067,5895.307469790,5895.307469790,11716,16402400,0.000000
2636,26.360068,5895.317471300,5895.317471300,11720,16408000,0.000000
2637,26.370041,5895.327443928,5895.327443928,11725,16415000,0.000000
2638,26.380066,5895.337469349,5895.337469349,11729,16420600,0.000000
2639,26.390058,5895.347461189,5895.347461189,11734,16427600,0.000000
2640,26.400074,5895.357477297,5895.357477297,11738,16433200,0.000000
2641,26.410035,5895.367438011,5895.367438011,11743,16440200,0.000000
2642,26.420068,5895.377470915,5895.377470915,11747,16445800,0.000000
2643,26.430070,5895.387472709,5895.387472709,11751,16451400,0.000000
2644,26.440063,5895.397466235,5895.397466235,11756,16458400,0.000000
2645,26.450067,5895.407469701,5895.407469701,11760,16464000,0.000000
2646,26.460039,5895.417441924,5895.417441924,11765,16471000,0.000000
2647,26.470064,5895.427466567,5895.427466567,11769,16476600,0.000000
2648,26.480061,5895.437464277,5895.437464277,11774,16483600,0.000000
2649,26.490061,5895.447463958,5895.447463958,11778,16489200,0.000000
2650,26.500061,5895.457464039,5895.457464039,11783,16496200,0.000000
2651,26.510066,5895.467468593,5895.467468593,11787,16501800,0.000000
2652,26.520067,5895.477469784,5895.477469784,11791,16507400,0.000000
2653,26.530052,5895.487455092,5895.487455092,11796,16514400,0.000000
2654,26.540025,5895.497428206,5895.497428206,11800,16520000,0.000000
2655,26.550065,5895.507467597,5895.507467597,11805,16527000,0.000000
2656,26.560064,5895.517466642,5895.517466642,11809,16532600,0.000000
2657,26.570068,5895.527470465,5895.527470465,11814,16539600,0.000000
2658,26.580079,5895.537481579,5895.537481579,11818,16545200,0.000000
2659,26.590065,5895.547467685,5895.547467685,11823,16552200,0.000000
2660,26.600060,5895.557463146,5895.557463146,11827,16557800,0.000000
2661,26.610067,5895.567469522,5895.567469522,11831,16563400,0.000000
2662,26.620066,5895.577468874,5895.577468874,11836,16570400,0.000000
2663,26.630067,5895.587469958,5895.587469958,11840,16576000,0.000000
2664,26.640062,5895.597464488,5895.597464488,11845,16583000,0.000000
2665,26.650072,5895.607474857,5895.607474857,11849,16588600,0.000000
2666,26.660021,5895.617423601,5895.617423601,11854,16595600,0.000000
2667,26.670066,5895.627469087,5895.627469087,11858,16601200,0.000000
2668,26.680025,5895.637427533,5895.637427533,11863,16608200,0.000000
2669,26.690066,5895.647468473,5895.647468473,11867,16613800,0.000000
2670,26.700068,5895.657470593,5895.657470593,11871,16619400,0.000000
2671,26.710065,5895.667468304,5895.667468304,11876,16626400,0.000000
2672,26.720073,5895.677475854,5895.677475854,11880,16632000,0.000000
2673,26.730067,5895.687470283,5895.687470283,11885,16639000,0.000000
2674,26.740036,5895.697439292,5895.697439292,11889,16644600,0.000000
2675,26.750078,5895.707481168,5895.707481168,11894,16651600,0.000000
2676,26.760067,5895.717469984,5895.717469984,11898,16657200,0.000000
2677,26.770058,5895.727461019,5895.727461019,11903,16664200,0.000000
2678,26.780070,5895.737472546,5895.737472546,11907,16669800,0.000000
2679,26.790081,5895.747483975,5895.747483975,11912,16676800,0.000000
2680,26.800082,5895.757484608,5895.757484608,11916,16682400,0.000000
2681,26.810076,5895.767479213,5895.767479213,11920,16688000,0.000000
2682,26.820059,5895.777461960,5895.777461960,11925,16695000,0.000000
2683,26.830069,5895.787471869,5895.787471869,11929,16700600,0.000000
2684,26.840059,5895.797461881,5895.797461881,11934,16707600,0.000000
2685,26.850066,5895.807468556,5895.807468556,11938,16713200,0.000000
2686,26.860058,5895.817460832,5895.817460832,11943,16720200,0.000000
2687,26.870064,5895.827467227,5895.827467227,11947,16725800,0.000000
2688,26.880094,5895.837497376,5895.837497376,11952,16732800,0.000000
2689,26.890064,5895.847466584,5895.847466584,11956,16738400,0.000000
2690,26.900073,5895.857475537,5895.857475537,11960,16744000,0.000000
2691,26.910015,5895.867418397,5895.867418397,11965,16751000,0.000000
2692,26.920092,5895.877494928,5895.877494928,11969,16756600,0.000000
2693,26.930065,5895.887468430,5895.887468430,11974,16763600,0.000000
2694,26.940068,5895.897470698,5895.897470698,11978,16769200,0.000000
2695,26.950065,5895.907467784,5895.907467784,11983,16776200,0.000000
2696,26.960067,5895.917470394,5895.917470394,11987,16781800,0.000000
2697,26.970051,5895.927453762,5895.927453762,11992,16788800,0.000000
2698,26.980068,5895.937471026,5895.937471026,11996,16794400,0.000000
2699,26.990068,5895.947471385,5895.947471385,12000,16800000,0.000000
2700,27.000059,5895.957461663,5895.957461663,12005,16807000,0.000000
2701,27.010066,5895.967468659,5895.967468659,12009,16812600,0.000000
2702,27.020064,5895.977466946,5895.977466946,12014,16819600,0.000000
2703,27.030066,5895.987469221,5895.987469221,12018,16825200,0.000000
2704,27.040067,5895.997469936,5895.997469936,12023,16832200,0.000000
2705,27.050064,5896.007466825,5896.007466825,12027,16837800,0.000000
2706,27.060007,5896.017409656,5896.017409656,12032,16844800,0.000000
2707,27.070066,5896.027468538,5896.027468538,12036,16850400,0.000000
2708,27.080077,5896.037480012,5896.037480012,12040,16856000,0.000000
2709,27.090066,5896.047469243,5896.047469243,12045,16863000,0.000000
2710,27.100066,5896.057468915,5896.057468915,12049,16868600,0.000000
2711,27.110064,5896.067467164,5896.067467164,12054,16875600,0.000000
2712,27.120024,5896.077427003,5896.077427003,12058,16881200,0.000000
2713,27.130068,5896.087471083,5896.087471083,12063,16888200,0.000000
2714,27.140070,5896.097472574,5896.097472574,12067,16893800,0.000000
2715,27.150055,5896.107458119,5896.107458119,12072,16900800,0.000000
2716,27.160062,5896.117465437,5896.117465437,12076,16906400,0.000000
2717,27.170072,5896.127474792,5896.127474792,12080,16912000,0.000000
2718,27.180030,5896.137433022,5896.137433022,12085,16919000,0.000000
2719,27.190040,5896.147442801,5896.147442801,12089,16924600,0.000000
2720,27.200064,5896.157467278,5896.157467278,12094,16931600,0.000000
2721,27.210064,5896.167466693,5896.167466693,12098,16937200,0.000000
2722,27.220064,5896.177466516,5896.177466516,12103,16944200,0.000000
2723,27.230092,5896.187494540,5896.187494540,12107,16949800,0.000000
2724,27.240028,5896.197431411,5896.197431411,12112,16956800,0.000000
2725,27.250064,5896.207467067,5896.207467067,12116,16962400,0.000000
2726,27.260066,5896.217468787,5896.217468787,12120,16968000,0.000000
2727,27.270060,5896.227463123,5896.227463123,12125,16975000,0.000000
2728,27.280079,5896.237481468,5896.237481468,12129,16980600,0.000000
2729,27.290040,5896.247442697,5896.247442697,12134,16987600,0.000000
2730,27.300066,5896.257468893,5896.257468893,12138,16993200,0.000000
2731,27.310062,5896.267465021,5896.267465021,12143,17000200,0.000000
2732,27.320065,5896.277467753,5896.277467753,12147,17005800,0.000000
2733,27.330058,5896.287460561,5896.287460561,12152,17012800,0.000000
2734,27.340064,5896.297466852,5896.297466852,12156,17018400,0.000000
2735,27.350081,5896.307484236,5896.307484236,12161,17025400,0.000000
2736,27.360064,5896.317467300,5896.317467300,12165,17031000,0.000000
2737,27.370066,5896.327468762,5896.327468762,12169,17036600,0.000000
2738,27.380069,5896.337472213,5896.337472213,12174,17043600,0.000000
2739,27.390062,5896.347465247,5896.347465247,12178,17049200,0.000000
2740,27.400025,5896.357427880,5896.357427880,12183,17056200,0.000000
2741,27.410064,5896.367467222,5896.367467222,12187,17061800,0.000000
2742,27.420062,5896.377464924,5896.377464924,12192,17068800,0.000000
2743,27.430064,5896.387466650,5896.387466650,12196,17074400,0.000000
2744,27.440079,5896.397481693,5896.397481693,12201,17081400,0.000000
2745,27.450067,5896.407470232,5896.407470232,12205,17087000,0.000000
2746,27.460066,5896.417469201,5896.417469201,12209,17092600,0.000000
2747,27.470020,5896.427422654,5896.427422654,12214,17099600,0.000000
2748,27.480091,5896.437493947,5896.437493947,12218,17105200,0.000000
2749,27.490069,5896.447472237,5896.447472237,12223,17112200,0.000000
2750,27.500068,5896.457470517,5896.457470517,12227,17117800,0.000000
2751,27.510063,5896.467465663,5896.467465663,12232,17124800,0.000000
2752,27.520066,5896.477468604,5896.477468604,12236,17130400,0.000000
2753,27.530037,5896.487439649,5896.487439649,12241,17137400,0.000000
2754,27.540067,5896.497470353,5896.497470353,12245,17143000,0.000000
2755,27.550071,5896.507473745,5896.507473745,12249,17148600,0.000000
2756,27.560064,5896.517466841,5896.517466841,12254,17155600,0.000000
2757,27.570066,5896.527468929,5896.527468929,12258,17161200,0.000000
2758,27.580061,5896.537463612,5896.537463612,12263,17168200,0.000000
2759,27.590068,5896.547470664,5896.547470664,12267,17173800,0.000000
2760,27.600078,5896.557481138,5896.557481138,12272,17180800,0.000000
2761,27.610034,5896.567436626,5896.567436626,12276,17186400,0.000000
2762,27.620014,5896.577417436,5896.577417436,12281,17193400,0.000000
2763,27.630064,5896.587467332,5896.587467332,12285,17199000,0.000000
2764,27.640065,5896.597468085,5896.597468085,12289,17204600,0.000000
2765,27.650065,5896.607468203,5896.607468203,12294,17211600,0.000000
2766,27.660067,5896.617469613,5896.617469613,12298,17217200,0.000000
2767,27.670067,5896.627469965,5896.627469965,12303,17224200,0.000000
2768,27.680030,5896.637432529,5896.637432529,12307,17229800,0.000000
2769,27.690069,5896.647472006,5896.647472006,12312,17236800,0.000000
2770,27.700067,5896.657469549,5896.657469549,12316,17242400,0.000000
2771,27.710058,5896.667460971,5896.667460971,12321,17249400,0.000000
2772,27.720064,5896.677467174,5896.677467174,12325,17255000,0.000000
2773,27.730080,5896.687482551,5896.687482551,12329,17260600,0.000000
2774,27.740072,5896.697474940,5896.697474940,12334,17267600,0.000000
2775,27.750035,5896.707437471,5896.707437471,12338,17273200,0.000000
2776,27.760093,5896.717495556,5896.717495556,12343,17280200,0.000000
2777,27.770075,5896.727478307,5896.727478307,12347,17285800,0.000000
2778,27.780065,5896.737468282,5896.737468282,12352,17292800,0.000000
2779,27.790067,5896.747469576,5896.747469576,12356,17298400,0.000000
2780,27.800038,5896.757441381,5896.757441381,12361,17305400,0.000000
2781,27.810067,5896.767469934,5896.767469934,12365,17311000,0.000000
2782,27.820061,5896.777464032,5896.777464032,12369,17316600,0.000000
2783,27.830067,5896.787469767,5896.787469767,12374,17323600,0.000000
2784,27.840075,5896.797477621,5896.797477621,12378,17329200,0.000000
2785,27.850063,5896.807466164,5896.807466164,12383,17336200,0.000000
2786,27.860061,5896.817464158,5896.817464158,12387,17341800,0.000000
2787,27.870063,5896.827466056,5896.827466056,12392,17348800,0.000000
2788,27.880066,5896.837469070,5896.837469070,12396,17354400,0.000000
2789,27.890073,5896.847476414,5896.847476414,12401,17361400,0.000000
2790,27.900072,5896.857474937,5896.857474937,12405,17367000,0.000000
2791,27.910090,5896.867492450,5896.867492450,12410,17374000,0.000000
2792,27.920064,5896.877467136,5896.877467136,12414,17379600,0.000000
2793,27.930071,5896.887473627,5896.887473627,12418,17385200,0.000000
2794,27.940063,5896.897465603,5896.897465603,12423,17392200,0.000000
2795,27.950067,5896.907470394,5896.907470394,12427,17397800,0.000000
2796,27.960063,5896.917465854,5896.917465854,12432,17404800,0.000000
2797,27.970013,5896.927415815,5896.927415815,12436,17410400,0.000000
2798,27.980059,5896.937462220,5896.937462220,12441,17417400,0.000000
2799,27.990067,5896.947470158,5896.947470158,12445,17423000,0.000000
2800,28.000079,5896.957481526,5896.957481526,12450,17430000,0.000000
2801,28.010068,5896.967470453,5896.967470453,12454,17435600,0.000000
2802,28.020068,5896.977471227,5896.977471227,12458,17441200,0.000000
2803,28.030066,5896.987468671,5896.987468671,12463,17448200,0.000000
2804,28.040062,5896.997464660,5896.997464660,12467,17453800,0.000000
2805,28.050050,5897.007453366,5897.007453366,12472,17460800,0.000000
2806,28.060065,5897.017467870,5897.017467870,12476,17466400,0.000000
2807,28.070078,5897.027480648,5897.027480648,12481,17473400,0.000000
2808,28.080079,5897.037482217,5897.037482217,12485,17479000,0.000000
2809,28.090043,5897.047446357,5897.047446357,12490,17486000,0.000000
2810,28.100067,5897.057469712,5897.057469712,12494,17491600,0.000000
2811,28.110072,5897.067474959,5897.067474959,12498,17497200,0.000000
2812,28.120066,5897.077468686,5897.077468686,12503,17504200,0.000000
2813,28.130067,5897.087470163,5897.087470163,12507,17509800,0.000000
2814,28.140062,5897.097464744,5897.097464744,12512,17516800,0.000000
2815,28.150072,5897.107474826,5897.107474826,12516,17522400,0.000000
2816,28.160063,5897.117466117,5897.117466117,12521,17529400,0.000000
2817,28.170066,5897.127468918,5897.127468918,12525,17535000,0.000000
2818,28.180020,5897.137422629,5897.137422629,12530,17542000,0.000000
2819,28.190066,5897.147469188,5897.147469188,12534,17547600,0.000000
2820,28.200069,5897.157471554,5897.157471554,12538,17553200,0.000000
2821,28.210066,5897.167468807,5897.167468807,12543,17560200,0.000000
2822,28.220070,5897.177472688,5897.177472688,12547,17565800,0.000000
2823,28.230066,5897.187468823,5897.187468823,12552,17572800,0.000000
2824,28.240068,5897.197470797,5897.197470797,12556,17578400,0.000000
2825,28.250064,5897.207467015,5897.207467015,12561,17585400,0.000000
2826,28.260070,5897.217473108,5897.217473108,12565,17591000,0.000000
2827,28.270076,5897.227478983,5897.227478983,12570,17598000,0.000000
2828,28.280075,5897.237477717,5897.237477717,12574,17603600,0.000000
2829,28.290071,5897.247473708,5897.247473708,12578,17609200,0.000000
2830,28.300064,5897.257467013,5897.257467013,12583,17616200,0.000000
2831,28.310049,5897.267452001,5897.267452001,12587,17621800,0.000000
2832,28.320070,5897.277472509,5897.277472509,12592,17628800,0.000000
2833,28.330068,5897.287470480,5897.287470480,12596,17634400,0.000000
2834,28.340059,5897.297462291,5897.297462291,12601,17641400,0.000000
2835,28.350069,5897.307471554,5897.307471554,12605,17647000,0.000000
2836,28.360024,5897.317427025,5897.317427025,12610,17654000,0.000000
2837,28.370063,5897.327465922,5897.327465922,12614,17659600,0.000000
2838,28.380067,5897.337470387,5897.337470387,12618,17665200,0.000000
2839,28.390063,5897.347466130,5897.347466130,12623,17672200,0.000000
2840,28.400068,5897.357471286,5897.357471286,12627,17677800,0.000000
2841,28.410065,5897.367467980,5897.367467980,12632,17684800,0.000000
2842,28.420068,5897.377471179,5897.377471179,12636,17690400,0.000000
2843,28.430077,5897.387479759,5897.387479759,12641,17697400,0.000000
2844,28.440068,5897.397471323,5897.397471323,12645,17703000,0.000000
2845,28.450059,5897.407461628,5897.407461628,12650,17710000,0.000000
2846,28.460070,5897.417473367,5897.417473367,12654,17715600,0.000000
2847,28.470073,5897.427476373,5897.427476373,12659,17722600,0.000000
2848,28.480064,5897.437466661,5897.437466661,12663,17728200,0.000000
2849,28.490064,5897.447466903,5897.447466903,12667,17733800,0.000000
2850,28.500065,5897.457468246,5897.457468246,12672,17740800,0.000000
2851,28.510065,5897.467468352,5897.467468352,12676,17746400,0.000000
2852,28.520065,5897.477467770,5897.477467770,12681,17753400,0.000000
2853,28.530069,5897.487471531,5897.487471531,12685,17759000,0.000000
2854,28.540062,5897.497465107,5897.497465107,12690,17766000,0.000000
2855,28.550070,5897.507473286,5897.507473286,12694,17771600,0.000000
2856,28.560077,5897.517479911,5897.517479911,12699,17778600,0.000000
2857,28.570071,5897.527473690,5897.527473690,12703,17784200,0.000000
2858,28.580071,5897.537473874,5897.537473874,12707,17789800,0.000000
2859,28.590065,5897.547468427,5897.547468427,12712,17796800,0.000000
2860,28.600067,5897.557469912,5897.557469912,12716,17802400,0.000000
2861,28.610048,5897.567450773,5897.567450773,12721,17809400,0.000000
2862,28.620067,5897.577469950,5897.577469950,12725,17815000,0.000000
2863,28.630062,5897.587465098,5897.587465098,12730,17822000,0.000000
2864,28.640068,5897.597471086,5897.597471086,12734,17827600,0.000000
2865,28.650036,5897.607439378,5897.607439378,12739,17834600,0.000000
2866,28.660064,5897.617467064,5897.617467064,12743,17840200,0.000000
2867,28.670072,5897.627474949,5897.627474949,12747,17845800,0.000000
2868,28.680079,5897.637481962,5897.637481962,12752,17852800,0.000000
2869,28.690067,5897.647469931,5897.647469931,12756,17858400,0.000000
2870,28.700065,5897.657468367,5897.657468367,12761,17865400,0.000000
2871,28.710079,5897.667482150,5897.667482150,12765,17871000,0.000000
2872,28.720065,5897.677467699,5897.677467699,12770,17878000,0.000000
2873,28.730067,5897.687469960,5897.687469960,12774,17883600,0.000000
2874,28.740062,5897.697465094,5897.697465094,12779,17890600,0.000000
2875,28.750029,5897.707431870,5897.707431870,12783,17896200,0.000000
2876,28.760068,5897.717470505,5897.717470505,12787,17901800,0.000000
2877,28.770077,5897.727479470,5897.727479470,12792,17908800,0.000000
2878,28.780070,5897.737472621,5897.737472621,12796,17914400,0.000000
2879,28.790061,5897.747463541,5897.747463541,12801,17921400,0.000000
2880,28.800068,5897.757471327,5897.757471327,12805,17927000,0.000000
2881,28.810063,5897.767465588,5897.767465588,12810,17934000,0.000000
2882,28.820067,5897.777469705,5897.777469705,12814,17939600,0.000000
2883,28.830065,5897.787467832,5897.787467832,12819,17946600,0.000000
2884,28.840069,5897.797472079,5897.797472079,12823,17952200,0.000000
2885,28.850077,5897.807479614,5897.807479614,12827,17957800,0.000000
2886,28.860069,5897.817471809,5897.817471809,12832,17964800,0.000000
2887,28.870068,5897.827470960,5897.827470960,12836,17970400,0.000000
2888,28.880070,5897.837473010,5897.837473010,12841,17977400,0.000000
2889,28.890066,5897.847468884,5897.847468884,12845,17983000,0.000000
2890,28.900082,5897.857484670,5897.857484670,12850,17990000,0.000000
2891,28.910089,5897.867492437,5897.867492437,12854,17995600,0.000000
2892,28.920030,5897.877432955,5897.877432955,12859,18002600,0.000000
2893,28.930125,5897.887527485,5897.887527485,12863,18008200,0.000000
2894,28.940095,5897.897497853,5897.897497853,12868,18015200,0.000000
2895,28.950071,5897.907473441,5897.907473441,12872,18020800,0.000000
2896,28.960078,5897.917480531,5897.917480531,12876,18026400,0.000000
2897,28.970072,5897.927474675,5897.927474675,12881,18033400,0.000000
2898,28.980092,5897.937494609,5897.937494609,12885,18039000,0.000000
2899,28.990063,5897.947465925,5897.947465925,12890,18046000,0.000000
2900,29.000070,5897.957472852,5897.957472852,12894,18051600,0.000000
2901,29.010068,5897.967470907,5897.967470907,12899,18058600,0.000000
2902,29.020073,5897.977475678,5897.977475678,12903,18064200,0.000000
2903,29.030084,5897.987487049,5897.987487049,12908,18071200,0.000000
2904,29.040065,5897.997467603,5897.997467603,12912,18076800,0.000000
2905,29.050070,5898.007473139,5898.007473139,12916,18082400,0.000000
2906,29.060066,5898.017469182,5898.017469182,12921,18089400,0.000000
2907,29.070028,5898.027430832,5898.027430832,12925,18095000,0.000000
2908,29.080094,5898.037496489,5898.037496489,12930,18102000,0.000000
2909,29.090061,5898.047464013,5898.047464013,12934,18107600,0.000000
2910,29.100062,5898.057464858,5898.057464858,12939,18114600,0.000000
2911,29.110078,5898.067481260,5898.067481260,12943,18120200,0.000000
2912,29.120110,5898.077512678,5898.077512678,12948,18127200,0.000000
2913,29.130070,5898.087472986,5898.087472986,12952,18132800,0.000000
2914,29.140070,5898.097473401,5898.097473401,12956,18138400,0.000000
2915,29.150082,5898.107484867,5898.107484867,12961,18145400,0.000000
2916,29.160081,5898.117483539,5898.117483539,12965,18151000,0.000000
2917,29.170066,5898.127469300,5898.127469300,12970,18158000,0.000000
2918,29.180070,5898.137472785,5898.137472785,12974,18163600,0.000000
2919,29.190064,5898.147466641,5898.147466641,12979,18170600,0.000000
2920,29.200068,5898.157470474,5898.157470474,12983,18176200,0.000000
2921,29.210040,5898.167442827,5898.167442827,12988,18183200,0.000000
2922,29.220065,5898.177468090,5898.177468090,12992,18188800,0.000000
2923,29.230034,5898.187437373,5898.187437373,12996,18194400,0.000000
2924,29.240074,5898.197477074,5898.197477074,13001,18201400,0.000000
2925,29.250069,5898.207472321,5898.207472321,13005,18207000,0.000000
2926,29.260066,5898.217468859,5898.217468859,13010,18214000,0.000000
2927,29.270067,5898.227469857,5898.227469857,13014,18219600,0.000000
2928,29.280068,5898.237470978,5898.237470978,13019,18226600,0.000000
2929,29.290070,5898.247473246,5898.247473246,13023,18232200,0.000000
2930,29.300068,5898.257470627,5898.257470627,13028,18239200,0.000000
2931,29.310065,5898.267467583,5898.267467583,13032,18244800,0.000000
2932,29.320072,5898.277475398,5898.277475398,13036,18250400,0.000000
2933,29.330072,5898.287474847,5898.287474847,13041,18257400,0.000000
2934,29.340068,5898.297470713,5898.297470713,13045,18263000,0.000000
2935,29.350059,5898.307461892,5898.307461892,13050,18270000,0.000000
2936,29.360070,5898.317473283,5898.317473283,13054,18275600,0.000000
2937,29.370087,5898.327490119,5898.327490119,13059,18282600,0.000000
2938,29.380064,5898.337467039,5898.337467039,13063,18288200,0.000000
2939,29.390074,5898.347476559,5898.347476559,13068,18295200,0.000000
2940,29.400076,5898.357479182,5898.357479182,13072,18300800,0.000000
2941,29.410070,5898.367472521,5898.367472521,13076,18306400,0.000000
2942,29.420070,5898.377472912,5898.377472912,13081,18313400,0.000000
2943,29.430069,5898.387472326,5898.387472326,13085,18319000,0.000000
2944,29.440071,5898.397474153,5898.397474153,13090,18326000,0.000000
2945,29.450093,5898.407495657,5898.407495657,13094,18331600,0.000000
2946,29.460063,5898.417465990,5898.417465990,13099,18338600,0.000000
2947,29.470068,5898.427471145,5898.427471145,13103,18344200,0.000000
2948,29.480037,5898.437439978,5898.437439978,13108,18351200,0.000000
2949,29.490067,5898.447469779,5898.447469779,13112,18356800,0.000000
2950,29.500073,5898.457475827,5898.457475827,13116,18362400,0.000000
2951,29.510070,5898.467473022,5898.467473022,13121,18369400,0.000000
2952,29.520066,5898.477468933,5898.477468933,13125,18375000,0.000000
2953,29.530063,5898.487466323,5898.487466323,13130,18382000,0.000000
2954,29.540068,5898.497470916,5898.497470916,13134,18387600,0.000000
2955,29.550024,5898.507427150,5898.507427150,13139,18394600,0.000000
2956,29.560067,5898.517470366,5898.517470366,13143,18400200,0.000000
2957,29.570066,5898.527468979,5898.527468979,13148,18407200,0.000000
2958,29.580067,5898.537470207,5898.537470207,13152,18412800,0.000000
2959,29.590074,5898.547476976,5898.547476976,13157,18419800,0.000000
2960,29.600066,5898.557468683,5898.557468683,13161,18425400,0.000000
2961,29.610071,5898.567473678,5898.567473678,13165,18431000,0.000000
2962,29.620063,5898.577465813,5898.577465813,13170,18438000,0.000000
2963,29.630062,5898.587464565,5898.587464565,13174,18443600,0.000000
2964,29.640067,5898.597469770,5898.597469770,13179,18450600,0.000000
2965,29.650024,5898.607427361,5898.607427361,13183,18456200,0.000000
2966,29.660062,5898.617464680,5898.617464680,13188,18463200,0.000000
2967,29.670068,5898.627470700,5898.627470700,13192,18468800,0.000000
2968,29.680077,5898.637479942,5898.637479942,13197,18475800,0.000000
2969,29.690067,5898.647469536,5898.647469536,13201,18481400,0.000000
2970,29.700069,5898.657472188,5898.657472188,13205,18487000,0.000000
2971,29.710068,5898.667470617,5898.667470617,13210,18494000,0.000000
2972,29.720072,5898.677474753,5898.677474753,13214,18499600,0.000000
2973,29.730091,5898.687494060,5898.687494060,13219,18506600,0.000000
2974,29.740072,5898.697474551,5898.697474551,13223,18512200,0.000000
2975,29.750087,5898.707490102,5898.707490102,13228,18519200,0.000000
2976,29.760068,5898.717470453,5898.717470453,13232,18524800,0.000000
2977,29.770038,5898.727441377,5898.727441377,13237,18531800,0.000000
2978,29.780067,5898.737469484,5898.737469484,13241,18537400,0.000000
2979,29.790066,5898.747469306,5898.747469306,13245,18543000,0.000000
2980,29.800067,5898.757469611,5898.757469611,13250,18550000,0.000000
2981,29.810067,5898.767469970,5898.767469970,13254,18555600,0.000000
2982,29.820059,5898.777462218,5898.777462218,13259,18562600,0.000000
2983,29.830069,5898.787471471,5898.787471471,13263,18568200,0.000000
2984,29.840065,5898.797468325,5898.797468325,13268,18575200,0.000000
2985,29.850071,5898.807473644,5898.807473644,13272,18580800,0.000000
2986,29.860002,5898.817404777,5898.817404777,13277,18587800,0.000000
2987,29.870067,5898.827469898,5898.827469898,13281,18593400,0.000000
2988,29.880070,5898.837472658,5898.837472658,13285,18599000,0.000000
2989,29.890067,5898.847469549,5898.847469549,13290,18606000,0.000000
2990,29.900075,5898.857478237,5898.857478237,13294,18611600,0.000000
2991,29.910068,5898.867470519,5898.867470519,13299,18618600,0.000000
2992,29.920066,5898.877468994,5898.877468994,13303,18624200,0.000000
2993,29.930036,5898.887439095,5898.887439095,13308,18631200,0.000000
2994,29.940066,5898.897469253,5898.897469253,13312,18636800,0.000000
2995,29.950063,5898.907465734,5898.907465734,13317,18643800,0.000000
2996,29.960060,5898.917463140,5898.917463140,13321,18649400,0.000000
2997,29.970069,5898.927471944,5898.927471944,13325,18655000,0.000000
2998,29.980065,5898.937467502,5898.937467502,13330,18662000,0.000000
2999,29.990068,5898.947471221,5898.947471221,13334,18667600,0.000000
3000,30.000036,5898.957439291,5898.957439291,13339,18674600,0.000000
3001,30.010065,5898.967467765,5898.967467765,13343,18680200,0.000000
3002,30.020062,5898.977465343,5898.977465343,13348,18687200,0.000000
3003,30.030067,5898.987469469,5898.987469469,13352,18692800,0.000000
3004,30.040027,5898.997430386,5898.997430386,13357,18699800,0.000000
3005,30.050068,5899.007470651,5899.007470651,13361,18705400,0.000000
3006,30.060061,5899.017463515,5899.017463515,13365,18711000,0.000000
3007,30.070070,5899.027472609,5899.027472609,13370,18718000,0.000000
3008,30.080069,5899.037472029,5899.037472029,13374,18723600,0.000000
3009,30.090070,5899.047473214,5899.047473214,13379,18730600,0.000000
3010,30.100067,5899.057470325,5899.057470325,13383,18736200,0.000000
3011,30.110041,5899.067443584,5899.067443584,13388,18743200,0.000000
3012,30.120070,5899.077473258,5899.077473258,13392,18748800,0.000000
3013,30.130065,5899.087468427,5899.087468427,13397,18755800,0.000000
3014,30.140065,5899.097467808,5899.097467808,13401,18761400,0.000000
3015,30.150077,5899.107480357,5899.107480357,13406,18768400,0.000000
3016,30.160064,5899.117467250,5899.117467250,13410,18774000,0.000000
3017,30.170067,5899.127470103,5899.127470103,13414,18779600,0.000000
3018,30.180063,5899.137465565,5899.137465565,13419,18786600,0.000000
3019,30.190072,5899.147474727,5899.147474727,13423,18792200,0.000000
3020,30.200066,5899.157469001,5899.157469001,13428,18799200,0.000000
3021,30.210068,5899.167471430,5899.167471430,13432,18804800,0.000000
3022,30.220062,5899.177464465,5899.177464465,13437,18811800,0.000000
3023,30.230067,5899.187470098,5899.187470098,13441,18817400,0.000000
3024,30.240076,5899.197478620,5899.197478620,13446,18824400,0.000000
3025,30.250065,5899.207468167,5899.207468167,13450,18830000,0.000000
3026,30.260068,5899.217470581,5899.217470581,13454,18835600,0.000000
3027,30.270066,5899.227469226,5899.227469226,13459,18842600,0.000000
3028,30.280069,5899.237471730,5899.237471730,13463,18848200,0.000000
3029,30.290067,5899.247470170,5899.247470170,13468,18855200,0.000000
3030,30.300066,5899.257469438,5899.257469438,13472,18860800,0.000000
3031,30.310065,5899.267467903,5899.267467903,13477,18867800,0.000000
3032,30.320067,5899.277469994,5899.277469994,13481,18873400,0.000000
3033,30.330039,5899.287441454,5899.287441454,13486,18880400,0.000000
3034,30.340068,5899.297470531,5899.297470531,13490,18886000,0.000000
3035,30.350063,5899.307466027,5899.307466027,13494,18891600,0.000000
3036,30.360066,5899.317469241,5899.317469241,13499,18898600,0.000000
3037,30.370066,5899.327468775,5899.327468775,13503,18904200,0.000000
3038,30.380060,5899.337462482,5899.337462482,13508,18911200,0.000000
3039,30.390064,5899.347467114,5899.347467114,13512,18916800,0.000000
3040,30.400061,5899.357464334,5899.357464334,13517,18923800,0.000000
3041,30.410059,5899.367461620,5899.367461620,13521,18929400,0.000000
3042,30.420011,5899.377414420,5899.377414420,13526,18936400,0.000000
3043,30.430062,5899.387464824,5899.387464824,13530,18942000,0.000000
3044,30.440064,5899.397467386,5899.397467386,13534,18947600,0.000000
3045,30.450064,5899.407466587,5899.407466587,13539,18954600,0.000000
3046,30.460067,5899.417470032,5899.417470032,13543,18960200,0.000000
3047,30.470060,5899.427462796,5899.427462796,13548,18967200,0.000000
3048,30.480066,5899.437469086,5899.437469086,13552,18972800,0.000000
3049,30.490086,5899.447488842,5899.447488842,13557,18979800,0.000000
3050,30.500074,5899.457477199,5899.457477199,13561,18985400,0.000000
3051,30.510051,5899.467453986,5899.467453986,13566,18992400,0.000000
3052,30.520071,5899.477473991,5899.477473991,13570,18998000,0.000000
3053,30.530076,5899.487479359,5899.487479359,13574,19003600,0.000000
3054,30.540065,5899.497467879,5899.497467879,13579,19010600,0.000000
3055,30.550064,5899.507466716,5899.507466716,13583,19016200,0.000000
3056,30.560066,5899.517469191,5899.517469191,13588,19023200,0.000000
3057,30.570064,5899.527466573,5899.527466573,13592,19028800,0.000000
3058,30.580050,5899.537452796,5899.537452796,13597,19035800,0.000000
3059,30.590064,5899.547466941,5899.547466941,13601,19041400,0.000000
3060,30.600035,5899.557438009,5899.557438009,13606,19048400,0.000000
3061,30.610061,5899.567463814,5899.567463814,13610,19054000,0.000000
3062,30.620069,5899.577472120,5899.577472120,13614,19059600,0.000000
3063,30.630066,5899.587468756,5899.587468756,13619,19066600,0.000000
3064,30.640071,5899.597473798,5899.597473798,13623,19072200,0.000000
3065,30.650064,5899.607467188,5899.607467188,13628,19079200,0.000000
3066,30.660063,5899.617465572,5899.617465572,13632,19084800,0.000000
3067,30.670062,5899.627464547,5899.627464547,13637,19091800,0.000000
3068,30.680066,5899.637469292,5899.637469292,13641,19097400,0.000000
3069,30.690058,5899.647461133,5899.647461133,13646,19104400,0.000000
3070,30.700067,5899.657469546,5899.657469546,13650,19110000,0.000000
3071,30.710077,5899.667479449,5899.667479449,13655,19117000,0.000000
3072,30.720065,5899.677467602,5899.677467602,13659,19122600,0.000000
3073,30.730066,5899.687468825,5899.687468825,13663,19128200,0.000000
3074,30.740064,5899.697467306,5899.697467306,13668,19135200,0.000000
3075,30.750059,5899.707461826,5899.707461826,13672,19140800,0.000000
3076,30.760065,5899.717467857,5899.717467857,13677,19147800,0.000000
3077,30.770014,5899.727416756,5899.727416756,13681,19153400,0.000000
3078,30.780063,5899.737465443,5899.737465443,13686,19160400,0.000000
3079,30.790066,5899.747468699,5899.747468699,13690,19166000,0.000000
3080,30.800077,5899.757479913,5899.757479913,13695,19173000,0.000000
3081,30.810065,5899.767468170,5899.767468170,13699,19178600,0.000000
3082,30.820076,5899.777479163,5899.777479163,13703,19184200,0.000000
3083,30.830066,5899.787468596,5899.787468596,13708,19191200,0.000000
3084,30.840066,5899.797469004,5899.797469004,13712,19196800,0.000000
3085,30.850051,5899.807453477,5899.807453477,13717,19203800,0.000000
3086,30.860063,5899.817465947,5899.817465947,13721,19209400,0.000000
3087,30.870062,5899.827464642,5899.827464642,13726,19216400,0.000000
3088,30.880065,5899.837468094,5899.837468094,13730,19222000,0.000000
3089,30.890042,5899.847445381,5899.847445381,13735,19229000,0.000000
3090,30.900080,5899.857482675,5899.857482675,13739,19234600,0.000000
3091,30.910072,5899.867474965,5899.867474965,13743,19240200,0.000000
3092,30.920023,5899.877425788,5899.877425788,13748,19247200,0.000000
3093,30.930074,5899.887476720,5899.887476720,13752,19252800,0.000000
3094,30.940058,5899.897461224,5899.897461224,13757,19259800,0.000000
3095,30.950065,5899.907467851,5899.907467851,13761,19265400,0.000000
3096,30.960062,5899.917465369,5899.917465369,13766,19272400,0.000000
3097,30.970068,5899.927470780,5899.927470780,13770,19278000,0.000000
3098,30.980067,5899.937470078,5899.937470078,13775,19285000,0.000000
3099,30.990068,5899.947471023,5899.947471023,13779,19290600,0.000000
3100,31.000068,5899.957470486,5899.957470486,13783,19296200,0.000000
3101,31.010064,5899.967466730,5899.967466730,13788,19303200,0.000000
3102,31.020035,5899.977437977,5899.977437977,13792,19308800,0.000000
3103,31.030065,5899.987467576,5899.987467576,13797,19315800,0.000000
3104,31.040066,5899.997468782,5899.997468782,13801,19321400,0.000000
3105,31.050065,5900.007467559,5900.007467559,13806,19328400,0.000000
3106,31.060065,5900.017468011,5900.017468011,13810,19334000,0.000000
3107,31.070059,5900.027462061,5900.027462061,13815,19341000,0.000000
3108,31.080060,5900.037462483,5900.037462483,13819,19346600,0.000000
3109,31.090064,5900.047467425,5900.047467425,13823,19352200,0.000000
3110,31.100076,5900.057479114,5900.057479114,13828,19359200,0.000000
3111,31.110065,5900.067467797,5900.067467797,13832,19364800,0.000000
3112,31.120062,5900.077465399,5900.077465399,13837,19371800,0.000000
3113,31.130066,5900.087469230,5900.087469230,13841,19377400,0.000000
3114,31.140063,5900.097465525,5900.097465525,13846,19384400,0.000000
3115,31.150064,5900.107466913,5900.107466913,13850,19390000,0.000000
3116,31.160061,5900.117464036,5900.117464036,13855,19397000,0.000000
3117,31.170069,5900.127472225,5900.127472225,13859,19402600,0.000000
3118,31.180093,5900.137495723,5900.137495723,13864,19409600,0.000000
3119,31.190067,5900.147470434,5900.147470434,13868,19415200,0.000000
3120,31.200071,5900.157473510,5900.157473510,13872,19420800,0.000000
3121,31.210066,5900.167469205,5900.167469205,13877,19427800,0.000000
3122,31.220066,5900.177469135,5900.177469135,13881,19433400,0.000000
3123,31.230038,5900.187440543,5900.187440543,13886,19440400,0.000000
3124,31.240067,5900.197470273,5900.197470273,13890,19446000,0.000000
3125,31.250059,5900.207461493,5900.207461493,13895,19453000,0.000000
3126,31.260066,5900.217468545,5900.217468545,13899,19458600,0.000000
3127,31.270071,5900.227474255,5900.227474255,13904,19465600,0.000000
3128,31.280068,5900.237470668,5900.237470668,13908,19471200,0.000000
3129,31.290067,5900.247469526,5900.247469526,13912,19476800,0.000000
3130,31.300063,5900.257465938,5900.257465938,13917,19483800,0.000000
3131,31.310044,5900.267446917,5900.267446917,13921,19489400,0.000000
3132,31.320078,5900.277480477,5900.277480477,13926,19496400,0.000000
3133,31.330038,5900.287441165,5900.287441165,13930,19502000,0.000000
3134,31.340068,5900.297470587,5900.297470587,13935,19509000,0.000000
3135,31.350064,5900.307467224,5900.307467224,13939,19514600,0.000000
3136,31.360067,5900.317469923,5900.317469923,13944,19521600,0.000000
3137,31.370064,5900.327466898,5900.327466898,13948,19527200,0.000000
3138,31.380069,5900.337471943,5900.337471943,13952,19532800,0.000000
3139,31.390066,5900.347468747,5900.347468747,13957,19539800,0.000000
3140,31.400082,5900.357485038,5900.357485038,13961,19545400,0.000000
3141,31.410066,5900.367469421,5900.367469421,13966,19552400,0.000000
3142,31.420068,5900.377471128,5900.377471128,13970,19558000,0.000000
3143,31.430068,5900.387471425,5900.387471425,13975,19565000,0.000000
3144,31.440068,5900.397470603,5900.397470603,13979,19570600,0.000000
3145,31.450039,5900.407442268,5900.407442268,13984,19577600,0.000000
3146,31.460065,5900.417467490,5900.417467490,13988,19583200,0.000000
3147,31.470071,5900.427473698,5900.427473698,13992,19588800,0.000000
3148,31.480071,5900.437473864,5900.437473864,13997,19595800,0.000000
3149,31.490068,5900.447471339,5900.447471339,14001,19601400,0.000000
3150,31.500069,5900.457471930,5900.457471930,14006,19608400,0.000000
3151,31.510070,5900.467472920,5900.467472920,14010,19614000,0.000000
3152,31.520063,5900.477465913,5900.477465913,14015,19621000,0.000000
3153,31.530076,5900.487479198,5900.487479198,14019,19626600,0.000000
3154,31.540058,5900.497460901,5900.497460901,14024,19633600,0.000000
3155,31.550065,5900.507467574,5900.507467574,14028,19639200,0.000000
3156,31.560066,5900.517469177,5900.517469177,14032,19644800,0.000000
3157,31.570066,5900.527469223,5900.527469223,14037,19651800,0.000000
3158,31.580069,5900.537471456,5900.537471456,14041,19657400,0.000000
3159,31.590067,5900.547469459,5900.547469459,14046,19664400,0.000000
3160,31.600072,5900.557475293,5900.557475293,14050,19670000,0.000000
3161,31.610068,5900.567471306,5900.567471306,14055,19677000,0.000000
3162,31.620065,5900.577468279,5900.577468279,14059,19682600,0.000000
3163,31.630071,5900.587473780,5900.587473780,14064,19689600,0.000000
3164,31.640052,5900.597455249,5900.597455249,14068,19695200,0.000000
3165,31.650066,5900.607469220,5900.607469220,14072,19700800,0.000000
3166,31.660069,5900.617472387,5900.617472387,14077,19707800,0.000000
3167,31.670066,5900.627469040,5900.627469040,14081,19713400,0.000000
3168,31.680063,5900.637466162,5900.637466162,14086,19720400,0.000000
3169,31.690063,5900.647466346,5900.647466346,14090,19726000,0.000000
3170,31.700064,5900.657466456,5900.657466456,14095,19733000,0.000000
3171,31.710067,5900.667469806,5900.667469806,14099,19738600,0.000000
3172,31.720027,5900.677430010,5900.677430010,14104,19745600,0.000000
3173,31.730091,5900.687494405,5900.687494405,14108,19751200,0.000000
3174,31.740074,5900.697477295,5900.697477295,14112,19756800,0.000000
3175,31.750063,5900.707465456,5900.707465456,14117,19763800,0.000000
3176,31.760069,5900.717472013,5900.717472013,14121,19769400,0.000000
3177,31.770066,5900.727468861,5900.727468861,14126,19776400,0.000000
3178,31.780067,5900.737469999,5900.737469999,14130,19782000,0.000000
3179,31.790062,5900.747464480,5900.747464480,14135,19789000,0.000000
3180,31.800086,5900.757488920,5900.757488920,14139,19794600,0.000000
3181,31.810061,5900.767464077,5900.767464077,14144,19801600,0.000000
3182,31.820065,5900.777468436,5900.777468436,14148,19807200,0.000000
3183,31.830075,5900.787477803,5900.787477803,14153,19814200,0.000000
3184,31.840067,5900.797469850,5900.797469850,14157,19819800,0.000000
3185,31.850067,5900.807470034,5900.807470034,14161,19825400,0.000000
3186,31.860068,5900.817470467,5900.817470467,14166,19832400,0.000000
3187,31.870068,5900.827471025,5900.827471025,14170,19838000,0.000000
3188,31.880065,5900.837467459,5900.837467459,14175,19845000,0.000000
3189,31.890065,5900.847467934,5900.847467934,14179,19850600,0.000000
3190,31.900061,5900.857464074,5900.857464074,14184,19857600,0.000000
3191,31.910065,5900.867467867,5900.867467867,14188,19863200,0.000000
3192,31.920074,5900.877476857,5900.877476857,14193,19870200,0.000000
3193,31.930063,5900.887466242,5900.887466242,14197,19875800,0.000000
3194,31.940067,5900.897470418,5900.897470418,14201,19881400,0.000000
3195,31.950064,5900.907466754,5900.907466754,14206,19888400,0.000000
3196,31.960071,5900.917474125,5900.917474125,14210,19894000,0.000000
3197,31.970047,5900.927450027,5900.927450027,14215,19901000,0.000000
3198,31.980065,5900.937468196,5900.937468196,14219,19906600,0.000000
3199,31.990065,5900.947467672,5900.947467672,14224,19913600,0.000000
3200,32.000069,5900.957472349,5900.957472349,14228,19919200,0.000000
3201,32.010036,5900.967438449,5900.967438449,14233,19926200,0.000000
3202,32.020066,5900.977468487,5900.977468487,14237,19931800,0.000000
3203,32.030073,5900.987475714,5900.987475714,14241,19937400,0.000000
3204,32.040071,5900.997474038,5900.997474038,14246,19944400,0.000000
3205,32.050065,5901.007467669,5901.007467669,14250,19950000,0.000000
3206,32.060066,5901.017468965,5901.017468965,14255,19957000,0.000000
3207,32.070069,5901.027471867,5901.027471867,14259,19962600,0.000000
3208,32.080060,5901.037462529,5901.037462529,14264,19969600,0.000000
3209,32.090067,5901.047469947,5901.047469947,14268,19975200,0.000000
3210,32.100007,5901.057410106,5901.057410106,14273,19982200,0.000000
3211,32.110064,5901.067466898,5901.067466898,14277,19987800,0.000000
3212,32.120069,5901.077471603,5901.077471603,14281,19993400,0.000000
3213,32.130052,5901.087455259,5901.087455259,14286,20000400,0.000000
3214,32.140036,5901.097439037,5901.097439037,14290,20006000,0.000000
3215,32.150086,5901.107488728,5901.107488728,14295,20013000,0.000000
3216,32.160090,5901.117492643,5901.117492643,14299,20018600,0.000000
3217,32.170069,5901.127471549,5901.127471549,14304,20025600,0.000000
3218,32.180081,5901.137483561,5901.137483561,14308,20031200,0.000000
3219,32.190060,5901.147462441,5901.147462441,14313,20038200,0.000000
3220,32.200072,5901.157475086,5901.157475086,14317,20043800,0.000000
3221,32.210073,5901.167475696,5901.167475696,14321,20049400,0.000000
3222,32.220051,5901.177453926,5901.177453926,14326,20056400,0.000000
3223,32.230091,5901.187493613,5901.187493613,14330,20062000,0.000000
3224,32.240082,5901.197485249,5901.197485249,14335,20069000,0.000000
3225,32.250064,5901.207466894,5901.207466894,14339,20074600,0.000000
3226,32.260065,5901.217468391,5901.217468391,14344,20081600,0.000000
3227,32.270086,5901.227489434,5901.227489434,14348,20087200,0.000000
3228,32.280025,5901.237428298,5901.237428298,14353,20094200,0.000000
3229,32.290067,5901.247469575,5901.247469575,14357,20099800,0.000000
3230,32.300069,5901.257472029,5901.257472029,14361,20105400,0.000000
3231,32.310065,5901.267468028,5901.267468028,14366,20112400,0.000000
3232,32.320067,5901.277469834,5901.277469834,14370,20118000,0.000000
3233,32.330064,5901.287466735,5901.287466735,14375,20125000,0.000000
3234,32.340088,5901.297491334,5901.297491334,14379,20130600,0.000000
3235,32.350063,5901.307466363,5901.307466363,14384,20137600,0.000000
3236,32.360067,5901.317470153,5901.317470153,14388,20143200,0.000000
3237,32.370066,5901.327469070,5901.327469070,14393,20150200,0.000000
3238,32.380068,5901.337470836,5901.337470836,14397,20155800,0.000000
3239,32.390081,5901.347484083,5901.347484083,14402,20162800,0.000000
3240,32.400080,5901.357483220,5901.357483220,14406,20168400,0.000000
3241,32.410062,5901.367465344,5901.367465344,14410,20174000,0.000000
3242,32.420063,5901.377466221,5901.377466221,14415,20181000,0.000000
3243,32.430073,5901.387475899,5901.387475899,14419,20186600,0.000000
3244,32.440060,5901.397462859,5901.397462859,14424,20193600,0.000000
3245,32.450069,5901.407472411,5901.407472411,14428,20199200,0.000000
3246,32.460062,5901.417464689,5901.417464689,14433,20206200,0.000000
3247,32.470064,5901.427466566,5901.427466566,14437,20211800,0.000000
3248,32.480073,5901.437475499,5901.437475499,14442,20218800,0.000000
3249,32.490090,5901.447492961,5901.447492961,14446,20224400,0.000000
3250,32.500069,5901.457471623,5901.457471623,14450,20230000,0.000000
3251,32.510069,5901.467471544,5901.467471544,14455,20237000,0.000000
3252,32.520075,5901.477477948,5901.477477948,14459,20242600,0.000000
3253,32.530069,5901.487471855,5901.487471855,14464,20249600,0.000000
3254,32.540067,5901.497469877,5901.497469877,14468,20255200,0.000000
3255,32.550081,5901.507483491,5901.507483491,14473,20262200,0.000000
3256,32.560067,5901.517470073,5901.517470073,14477,20267800,0.000000
3257,32.570032,5901.527434833,5901.527434833,14482,20274800,0.000000
3258,32.580063,5901.537466091,5901.537466091,14486,20280400,0.000000
3259,32.590077,5901.547480174,5901.547480174,14490,20286000,0.000000
3260,32.600065,5901.557468144,5901.557468144,14495,20293000,0.000000
3261,32.610071,5901.567474309,5901.567474309,14499,20298600,0.000000
3262,32.620069,5901.577471638,5901.577471638,14504,20305600,0.000000
3263,32.630060,5901.587463007,5901.587463007,14508,20311200,0.000000
3264,32.640063,5901.597465774,5901.597465774,14513,20318200,0.000000
3265,32.650066,5901.607468849,5901.607468849,14517,20323800,0.000000
3266,32.660064,5901.617466979,5901.617466979,14522,20330800,0.000000
3267,32.670065,5901.627467463,5901.627467463,14526,20336400,0.000000
3268,32.680036,5901.637438744,5901.637438744,14530,20342000,0.000000
3269,32.690065,5901.647467865,5901.647467865,14535,20349000,0.000000
3270,32.700073,5901.657476149,5901.657476149,14539,20354600,0.000000
3271,32.710066,5901.667468799,5901.667468799,14544,20361600,0.000000
3272,32.720061,5901.677463977,5901.677463977,14548,20367200,0.000000
3273,32.730066,5901.687468888,5901.687468888,14553,20374200,0.000000
3274,32.740069,5901.697471498,5901.697471498,14557,20379800,0.000000
3275,32.750065,5901.707468306,5901.707468306,14562,20386800,0.000000
3276,32.760071,5901.717474089,5901.717474089,14566,20392400,0.000000
3277,32.770073,5901.727475919,5901.727475919,14570,20398000,0.000000
3278,32.780063,5901.737465747,5901.737465747,14575,20405000,0.000000
3279,32.790073,5901.747475462,5901.747475462,14579,20410600,0.000000
3280,32.800068,5901.757470646,5901.757470646,14584,20417600,0.000000
3281,32.810068,5901.767470593,5901.767470593,14588,20423200,0.000000
3282,32.820064,5901.777466709,5901.777466709,14593,20430200,0.000000
3283,32.830059,5901.787461911,5901.787461911,14597,20435800,0.000000
3284,32.840020,5901.797422494,5901.797422494,14602,20442800,0.000000
3285,32.850065,5901.807467751,5901.807467751,14606,20448400,0.000000
3286,32.860076,5901.817479269,5901.817479269,14610,20454000,0.000000
3287,32.870068,5901.827471286,5901.827471286,14615,20461000,0.000000
3288,32.880061,5901.837464162,5901.837464162,14619,20466600,0.000000
3289,32.890068,5901.847471360,5901.847471360,14624,20473600,0.000000
3290,32.900086,5901.857488763,5901.857488763,14628,20479200,0.000000
3291,32.910064,5901.867466714,5901.867466714,14633,20486200,0.000000
3292,32.920067,5901.877469629,5901.877469629,14637,20491800,0.000000
3293,32.930064,5901.887466539,5901.887466539,14642,20498800,0.000000
3294,32.940066,5901.897469353,5901.897469353,14646,20504400,0.000000
3295,32.950075,5901.907478361,5901.907478361,14651,20511400,0.000000
3296,32.960069,5901.917471481,5901.917471481,14655,20517000,0.000000
3297,32.970080,5901.927482970,5901.927482970,14659,20522600,0.000000
3298,32.980020,5901.937422838,5901.937422838,14664,20529600,0.000000
3299,32.990061,5901.947464191,5901.947464191,14668,20535200,0.000000
3300,33.000029,5901.957431817,5901.957431817,14673,20542200,0.000000
3301,33.010026,5901.967429141,5901.967429141,14677,20547800,0.000000
3302,33.020062,5901.977464933,5901.977464933,14682,20554800,0.000000
3303,33.030066,5901.987469032,5901.987469032,14686,20560400,0.000000
3304,33.040083,5901.997486073,5901.997486073,14691,20567400,0.000000
3305,33.050067,5902.007470191,5902.007470191,14695,20573000,0.000000
3306,33.060059,5902.017462068,5902.017462068,14699,20578600,0.000000
3307,33.070067,5902.027470085,5902.027470085,14704,20585600,0.000000
3308,33.080077,5902.037479945,5902.037479945,14708,20591200,0.000000
3309,33.090066,5902.047469406,5902.047469406,14713,20598200,0.000000
3310,33.100068,5902.057470991,5902.057470991,14717,20603800,0.000000
3311,33.110062,5902.067465412,5902.067465412,14722,20610800,0.000000
3312,33.120065,5902.077468059,5902.077468059,14726,20616400,0.000000
3313,33.130036,5902.087439172,5902.087439172,14731,20623400,0.000000
3314,33.140067,5902.097469544,5902.097469544,14735,20629000,0.000000
3315,33.150068,5902.107470816,5902.107470816,14739,20634600,0.000000
3316,33.160064,5902.117466473,5902.117466473,14744,20641600,0.000000
3317,33.170066,5902.127469159,5902.127469159,14748,20647200,0.000000
3318,33.180063,5902.137466399,5902.137466399,14753,20654200,0.000000
3319,33.190069,5902.147471451,5902.147471451,14757,20659800,0.000000
3320,33.200062,5902.157465021,5902.157465021,14762,20666800,0.000000
3321,33.210067,5902.167470042,5902.167470042,14766,20672400,0.000000
3322,33.220063,5902.177465706,5902.177465706,14771,20679400,0.000000
3323,33.230066,5902.187468639,5902.187468639,14775,20685000,0.000000
3324,33.240065,5902.197468063,5902.197468063,14779,20690600,0.000000
3325,33.250065,5902.207467950,5902.207467950,14784,20697600,0.000000
3326,33.260066,5902.217469387,5902.217469387,14788,20703200,0.000000
3327,33.270064,5902.227466999,5902.227466999,14793,20710200,0.000000
3328,33.280069,5902.237471655,5902.237471655,14797,20715800,0.000000
3329,33.290065,5902.247467636,5902.247467636,14802,20722800,0.000000
3330,33.300068,5902.257471199,5902.257471199,14806,20728400,0.000000
3331,33.310066,5902.267468648,5902.267468648,14811,20735400,0.000000
3332,33.320070,5902.277472562,5902.277472562,14815,20741000,0.000000
3333,33.330067,5902.287470055,5902.287470055,14819,20746600,0.000000
3334,33.340066,5902.297469397,5902.297469397,14824,20753600,0.000000
3335,33.350068,5902.307471429,5902.307471429,14828,20759200,0.000000
3336,33.360069,5902.317471790,5902.317471790,14833,20766200,0.000000
3337,33.370068,5902.327470837,5902.327470837,14837,20771800,0.000000
3338,33.380064,5902.337467372,5902.337467372,14842,20778800,0.000000
3339,33.390067,5902.347469836,5902.347469836,14846,20784400,0.000000
3340,33.400029,5902.357432214,5902.357432214,14851,20791400,0.000000
3341,33.410067,5902.367469768,5902.367469768,14855,20797000,0.000000
3342,33.420074,5902.377477343,5902.377477343,14859,20802600,0.000000
3343,33.430066,5902.387469387,5902.387469387,14864,20809600,0.000000
3344,33.440070,5902.397472907,5902.397472907,14868,20815200,0.000000
3345,33.450064,5902.407467313,5902.407467313,14873,20822200,0.000000
3346,33.460039,5902.417442401,5902.417442401,14877,20827800,0.000000
3347,33.470063,5902.427466191,5902.427466191,14882,20834800,0.000000
3348,33.480067,5902.437469572,5902.437469572,14886,20840400,0.000000
3349,33.490058,5902.447460922,5902.447460922,14891,20847400,0.000000
3350,33.500070,5902.457473053,5902.457473053,14895,20853000,0.000000
3351,33.510081,5902.467483611,5902.467483611,14900,20860000,0.000000
3352,33.520064,5902.477467087,5902.477467087,14904,20865600,0.000000
3353,33.530042,5902.487444882,5902.487444882,14908,20871200,0.000000
3354,33.540058,5902.497461169,5902.497461169,14913,20878200,0.000000
3355,33.550027,5902.507430013,5902.507430013,14917,20883800,0.000000
3356,33.560069,5902.517472143,5902.517472143,14922,20890800,0.000000
3357,33.570067,5902.527470132,5902.527470132,14926,20896400,0.000000
3358,33.580062,5902.537465102,5902.537465102,14931,20903400,0.000000
3359,33.590068,5902.547471047,5902.547471047,14935,20909000,0.000000
3360,33.600079,5902.557481705,5902.557481705,14940,20916000,0.000000
3361,33.610071,5902.567474085,5902.567474085,14944,20921600,0.000000
3362,33.620072,5902.577474978,5902.577474978,14948,20927200,0.000000
3363,33.630066,5902.587468908,5902.587468908,14953,20934200,0.000000
3364,33.640074,5902.597477324,5902.597477324,14957,20939800,0.000000
3365,33.650045,5902.607447583,5902.607447583,14962,20946800,0.000000
3366,33.660068,5902.617470814,5902.617470814,14966,20952400,0.000000
3367,33.670063,5902.627466216,5902.627466216,14971,20959400,0.000000
3368,33.680066,5902.637469233,5902.637469233,14975,20965000,0.000000
3369,33.690035,5902.647438127,5902.647438127,14980,20972000,0.000000
3370,33.700068,5902.657471036,5902.657471036,14984,20977600,0.000000
3371,33.710065,5902.667468143,5902.667468143,14988,20983200,0.000000
3372,33.720063,5902.677466379,5902.677466379,14993,20990200,0.000000
3373,33.730067,5902.687470338,5902.687470338,14997,20995800,0.000000
3374,33.740063,5902.697465848,5902.697465848,15002,21002800,0.000000
3375,33.750070,5902.707472803,5902.707472803,15006,21008400,0.000000
3376,33.760064,5902.717466815,5902.717466815,15011,21015400,0.000000
3377,33.770070,5902.727472482,5902.727472482,15015,21021000,0.000000
3378,33.780062,5902.737464911,5902.737464911,15020,21028000,0.000000
3379,33.790064,5902.747467088,5902.747467088,15024,21033600,0.000000
3380,33.800067,5902.757469669,5902.757469669,15028,21039200,0.000000
3381,33.810067,5902.767470326,5902.767470326,15033,21046200,0.000000
3382,33.820067,5902.777470132,5902.777470132,15037,21051800,0.000000
3383,33.830062,5902.787464940,5902.787464940,15042,21058800,0.000000
3384,33.840060,5902.797463055,5902.797463055,15046,21064400,0.000000
3385,33.850069,5902.807471975,5902.807471975,15051,21071400,0.000000
3386,33.860063,5902.817466108,5902.817466108,15055,21077000,0.000000
3387,33.870064,5902.827467322,5902.827467322,15060,21084000,0.000000
3388,33.880043,5902.837445670,5902.837445670,15064,21089600,0.000000
3389,33.890061,5902.847463688,5902.847463688,15068,21095200,0.000000
3390,33.900067,5902.857470365,5902.857470365,15073,21102200,0.000000
3391,33.910073,5902.867476003,5902.867476003,15077,21107800,0.000000
3392,33.920067,5902.877470109,5902.877470109,15082,21114800,0.000000
3393,33.930067,5902.887470308,5902.887470308,15086,21120400,0.000000
3394,33.940062,5902.897465044,5902.897465044,15091,21127400,0.000000
3395,33.950030,5902.907433281,5902.907433281,15095,21133000,0.000000
3396,33.960021,5902.917423636,5902.917423636,15100,21140000,0.000000
3397,33.970064,5902.927467146,5902.927467146,15104,21145600,0.000000
3398,33.980069,5902.937471600,5902.937471600,15108,21151200,0.000000
3399,33.990066,5902.947468554,5902.947468554,15113,21158200,0.000000
3400,34.000073,5902.957475898,5902.957475898,15117,21163800,0.000000
3401,34.010068,5902.967470493,5902.967470493,15122,21170800,0.000000
3402,34.020070,5902.977472755,5902.977472755,15126,21176400,0.000000
3403,34.030068,5902.987470545,5902.987470545,15131,21183400,0.000000
3404,34.040067,5902.997470163,5902.997470163,15135,21189000,0.000000
3405,34.050073,5903.007476002,5903.007476002,15140,21196000,0.000000
3406,34.060066,5903.017468882,5903.017468882,15144,21201600,0.000000
3407,34.070075,5903.027477883,5903.027477883,15149,21208600,0.000000
3408,34.080065,5903.037468178,5903.037468178,15153,21214200,0.000000
3409,34.090034,5903.047437345,5903.047437345,15157,21219800,0.000000
3410,34.100015,5903.057417951,5903.057417951,15162,21226800,0.000000
3411,34.110066,5903.067469337,5903.067469337,15166,21232400,0.000000
3412,34.120059,5903.077461608,5903.077461608,15171,21239400,0.000000
3413,34.130067,5903.087470185,5903.087470185,15175,21245000,0.000000
3414,34.140057,5903.097460258,5903.097460258,15180,21252000,0.000000
3415,34.150064,5903.107467370,5903.107467370,15184,21257600,0.000000
3416,34.160051,5903.117453732,5903.117453732,15189,21264600,0.000000
3417,34.170065,5903.127468291,5903.127468291,15193,21270200,0.000000
3418,34.180064,5903.137466689,5903.137466689,15197,21275800,0.000000
3419,34.190066,5903.147468575,5903.147468575,15202,21282800,0.000000
3420,34.200068,5903.157471193,5903.157471193,15206,21288400,0.000000
3421,34.210022,5903.167424532,5903.167424532,15211,21295400,0.000000
3422,34.220068,5903.177470802,5903.177470802,15215,21301000,0.000000
3423,34.230063,5903.187466068,5903.187466068,15220,21308000,0.000000
3424,34.240065,5903.197467854,5903.197467854,15224,21313600,0.000000
3425,34.250037,5903.207440242,5903.207440242,15229,21320600,0.000000
3426,34.260071,5903.217474431,5903.217474431,15233,21326200,0.000000
3427,34.270066,5903.227469308,5903.227469308,15237,21331800,0.000000
3428,34.280064,5903.237466773,5903.237466773,15242,21338800,0.000000
3429,34.290067,5903.247469577,5903.247469577,15246,21344400,0.000000
3430,34.300035,5903.257438155,5903.257438155,15251,21351400,0.000000
3431,34.310066,5903.267468894,5903.267468894,15255,21357000,0.000000
3432,34.320062,5903.277465343,5903.277465343,15260,21364000,0.000000
3433,34.330062,5903.287464988,5903.287464988,15264,21369600,0.000000
3434,34.340003,5903.297405861,5903.297405861,15269,21376600,0.000000
3435,34.350069,5903.307471707,5903.307471707,15273,21382200,0.000000
3436,34.360068,5903.317471199,5903.317471199,15277,21387800,0.000000
3437,34.370034,5903.327437080,5903.327437080,15282,21394800,0.000000
3438,34.380072,5903.337475419,5903.337475419,15286,21400400,0.000000
3439,34.390068,5903.347470688,5903.347470688,15291,21407400,0.000000
3440,34.400068,5903.357470987,5903.357470987,15295,21413000,0.000000
3441,34.410063,5903.367465510,5903.367465510,15300,21420000,0.000000
3442,34.420064,5903.377466931,5903.377466931,15304,21425600,0.000000
3443,34.430064,5903.387466735,5903.387466735,15309,21432600,0.000000
3444,34.440061,5903.397463865,5903.397463865,15313,21438200,0.000000
3445,34.450067,5903.407470241,5903.407470241,15317,21443800,0.000000
3446,34.460052,5903.417454846,5903.417454846,15322,21450800,0.000000
3447,34.470068,5903.427471264,5903.427471264,15326,21456400,0.000000
3448,34.480059,5903.437461902,5903.437461902,15331,21463400,0.000000
3449,34.490070,5903.447473098,5903.447473098,15335,21469000,0.000000
3450,34.500056,5903.457458970,5903.457458970,15340,21476000,0.000000
3451,34.510032,5903.467435036,5903.467435036,15344,21481600,0.000000
3452,34.520020,5903.477422892,5903.477422892,15349,21488600,0.000000
3453,34.530077,5903.487480320,5903.487480320,15353,21494200,0.000000
3454,34.540060,5903.497463202,5903.497463202,15357,21499800,0.000000
3455,34.550064,5903.507466893,5903.507466893,15362,21506800,0.000000
3456,34.560066,5903.517468672,5903.517468672,15366,21512400,0.000000
3457,34.570059,5903.527461655,5903.527461655,15371,21519400,0.000000
3458,34.580054,5903.537456461,5903.537456461,15375,21525000,0.000000
3459,34.590059,5903.547462381,5903.547462381,15380,21532000,0.000000
3460,34.600063,5903.557465525,5903.557465525,15384,21537600,0.000000
3461,34.610061,5903.567464400,5903.567464400,15389,21544600,0.000000
3462,34.620064,5903.577467330,5903.577467330,15393,21550200,0.000000
3463,34.630080,5903.587482660,5903.587482660,15398,21557200,0.000000
3464,34.640063,5903.597465770,5903.597465770,15402,21562800,0.000000
3465,34.650065,5903.607468119,5903.607468119,15406,21568400,0.000000
3466,34.660046,5903.617449012,5903.617449012,15411,21575400,0.000000
3467,34.670062,5903.627465140,5903.627465140,15415,21581000,0.000000
3468,34.680019,5903.637421894,5903.637421894,15420,21588000,0.000000
3469,34.690059,5903.647461983,5903.647461983,15424,21593600,0.000000
3470,34.700062,5903.657465161,5903.657465161,15429,21600600,0.000000
3471,34.710066,5903.667468762,5903.667468762,15433,21606200,0.000000
3472,34.720081,5903.677484272,5903.677484272,15438,21613200,0.000000
3473,34.730090,5903.687492811,5903.687492811,15442,21618800,0.000000
3474,34.740068,5903.697470537,5903.697470537,15446,21624400,0.000000
3475,34.750074,5903.707476610,5903.707476610,15451,21631400,0.000000
3476,34.760067,5903.717470292,5903.717470292,15455,21637000,0.000000
3477,34.770066,5903.727469390,5903.727469390,15460,21644000,0.000000
3478,34.780063,5903.737466396,5903.737466396,15464,21649600,0.000000
3479,34.790070,5903.747472927,5903.747472927,15469,21656600,0.000000
3480,34.800073,5903.757476318,5903.757476318,15473,21662200,0.000000
3481,34.810048,5903.767450679,5903.767450679,15478,21669200,0.000000
3482,34.820067,5903.777470146,5903.777470146,15482,21674800,0.000000
3483,34.830066,5903.787469291,5903.787469291,15486,21680400,0.000000
3484,34.840061,5903.797463654,5903.797463654,15491,21687400,0.000000
3485,34.850067,5903.807469800,5903.807469800,15495,21693000,0.000000
3486,34.860068,5903.817470911,5903.817470911,15500,21700000,0.000000
3487,34.870065,5903.827468027,5903.827468027,15504,21705600,0.000000
3488,34.880067,5903.837469678,5903.837469678,15509,21712600,0.000000
3489,34.890069,5903.847472432,5903.847472432,15513,21718200,0.000000
3490,34.900063,5903.857465500,5903.857465500,15518,21725200,0.000000
3491,34.910068,5903.867471046,5903.867471046,15522,21730800,0.000000
3492,34.920065,5903.877467934,5903.877467934,15526,21736400,0.000000
3493,34.930063,5903.887465714,5903.887465714,15531,21743400,0.000000
3494,34.940041,5903.897444057,5903.897444057,15535,21749000,0.000000
3495,34.950070,5903.907473339,5903.907473339,15540,21756000,0.000000
3496,34.960073,5903.917475760,5903.917475760,15544,21761600,0.000000
3497,34.970063,5903.927465529,5903.927465529,15549,21768600,0.000000
3498,34.980068,5903.937471058,5903.937471058,15553,21774200,0.000000
3499,34.990063,5903.947466434,5903.947466434,15558,21781200,0.000000
3500,35.000073,5903.957475832,5903.957475832,15562,21786800,0.000000
3501,35.010085,5903.967487919,5903.967487919,15566,21792400,0.000000
3502,35.020062,5903.977464777,5903.977464777,15571,21799400,0.000000
3503,35.030074,5903.987476823,5903.987476823,15575,21805000,0.000000
3504,35.040071,5903.997474398,5903.997474398,15580,21812000,0.000000
3505,35.050063,5904.007465476,5904.007465476,15584,21817600,0.000000
3506,35.060063,5904.017465654,5904.017465654,15589,21824600,0.000000
3507,35.070064,5904.027467344,5904.027467344,15593,21830200,0.000000
3508,35.080026,5904.037429432,5904.037429432,15598,21837200,0.000000
3509,35.090064,5904.047466473,5904.047466473,15602,21842800,0.000000
3510,35.100062,5904.057465118,5904.057465118,15606,21848400,0.000000
3511,35.110062,5904.067464868,5904.067464868,15611,21855400,0.000000
3512,35.120066,5904.077468477,5904.077468477,15615,21861000,0.000000
3513,35.130063,5904.087465963,5904.087465963,15620,21868000,0.000000
3514,35.140066,5904.097468828,5904.097468828,15624,21873600,0.000000
3515,35.150069,5904.107471688,5904.107471688,15629,21880600,0.000000
3516,35.160070,5904.117472607,5904.117472607,15633,21886200,0.000000
3517,35.170068,5904.127471251,5904.127471251,15638,21893200,0.000000
3518,35.180069,5904.137472274,5904.137472274,15642,21898800,0.000000
3519,35.190076,5904.147478772,5904.147478772,15647,21905800,0.000000
3520,35.200071,5904.157473455,5904.157473455,15651,21911400,0.000000
3521,35.210086,5904.167488895,5904.167488895,15655,21917000,0.000000
3522,35.220065,5904.177467906,5904.177467906,15660,21924000,0.000000
3523,35.230062,5904.187464507,5904.187464507,15664,21929600,0.000000
3524,35.240064,5904.197466636,5904.197466636,15669,21936600,0.000000
3525,35.250071,5904.207474309,5904.207474309,15673,21942200,0.000000
3526,35.260062,5904.217464452,5904.217464452,15678,21949200,0.000000
3527,35.270068,5904.227471089,5904.227471089,15682,21954800,0.000000
3528,35.280084,5904.237486686,5904.237486686,15687,21961800,0.000000
3529,35.290071,5904.247473762,5904.247473762,15691,21967400,0.000000
3530,35.300073,5904.257475540,5904.257475540,15695,21973000,0.000000
3531,35.310070,5904.267473089,5904.267473089,15700,21980000,0.000000
3532,35.320071,5904.277474428,5904.277474428,15704,21985600,0.000000
3533,35.330066,5904.287469064,5904.287469064,15709,21992600,0.000000
3534,35.340061,5904.297464398,5904.297464398,15713,21998200,0.000000
3535,35.350067,5904.307469813,5904.307469813,15718,22005200,0.000000
3536,35.360070,5904.317473080,5904.317473080,15722,22010800,0.000000
3537,35.370042,5904.327444524,5904.327444524,15727,22017800,0.000000
3538,35.380069,5904.337472159,5904.337472159,15731,22023400,0.000000
3539,35.390066,5904.347469114,5904.347469114,15735,22029000,0.000000
3540,35.400059,5904.357462356,5904.357462356,15740,22036000,0.000000
3541,35.410069,5904.367472171,5904.367472171,15744,22041600,0.000000
3542,35.420071,5904.377474342,5904.377474342,15749,22048600,0.000000
3543,35.430064,5904.387467335,5904.387467335,15753,22054200,0.000000
3544,35.440064,5904.397466784,5904.397466784,15758,22061200,0.000000
3545,35.450069,5904.407472273,5904.407472273,15762,22066800,0.000000
3546,35.460002,5904.417404707,5904.417404707,15767,22073800,0.000000
3547,35.470067,5904.427469858,5904.427469858,15771,22079400,0.000000
3548,35.480069,5904.437471717,5904.437471717,15775,22085000,0.000000
3549,35.490068,5904.447470963,5904.447470963,15780,22092000,0.000000
3550,35.500067,5904.457469498,5904.457469498,15784,22097600,0.000000
3551,35.510067,5904.467470191,5904.467470191,15789,22104600,0.000000
3552,35.520068,5904.477471314,5904.477471314,15793,22110200,0.000000
3553,35.530062,5904.487464563,5904.487464563,15798,22117200,0.000000
3554,35.540067,5904.497469723,5904.497469723,15802,22122800,0.000000
3555,35.550064,5904.507467283,5904.507467283,15807,22129800,0.000000
3556,35.560072,5904.517474728,5904.517474728,15811,22135400,0.000000
3557,35.570069,5904.527472320,5904.527472320,15815,22141000,0.000000
3558,35.580067,5904.537469604,5904.537469604,15820,22148000,0.000000
3559,35.590072,5904.547475060,5904.547475060,15824,22153600,0.000000
3560,35.600073,5904.557475940,5904.557475940,15829,22160600,0.000000
3561,35.610069,5904.567471995,5904.567471995,15833,22166200,0.000000
3562,35.620064,5904.577467071,5904.577467071,15838,22173200,0.000000
3563,35.630068,5904.587470704,5904.587470704,15842,22178800,0.000000
3564,35.640042,5904.597444796,5904.597444796,15847,22185800,0.000000
3565,35.650068,5904.607471106,5904.607471106,15851,22191400,0.000000
3566,35.660068,5904.617471368,5904.617471368,15855,22197000,0.000000
3567,35.670068,5904.627471246,5904.627471246,15860,22204000,0.000000
3568,35.680083,5904.637485970,5904.637485970,15864,22209600,0.000000
3569,35.690060,5904.647463424,5904.647463424,15869,22216600,0.000000
3570,35.700069,5904.657472403,5904.657472403,15873,22222200,0.000000
3571,35.710058,5904.667461351,5904.667461351,15878,22229200,0.000000
3572,35.720066,5904.677468545,5904.677468545,15882,22234800,0.000000
3573,35.730068,5904.687470878,5904.687470878,15887,22241800,0.000000
3574,35.740071,5904.697473857,5904.697473857,15891,22247400,0.000000
3575,35.750076,5904.707478499,5904.707478499,15896,22254400,0.000000
3576,35.760063,5904.717466407,5904.717466407,15900,22260000,0.000000
3577,35.770066,5904.727469099,5904.727469099,15904,22265600,0.000000
3578,35.780069,5904.737472043,5904.737472043,15909,22272600,0.000000
3579,35.790032,5904.747434943,5904.747434943,15913,22278200,0.000000
3580,35.800062,5904.757465311,5904.757465311,15918,22285200,0.000000
3581,35.810025,5904.767428027,5904.767428027,15922,22290800,0.000000
3582,35.820063,5904.777465471,5904.777465471,15927,22297800,0.000000
3583,35.830072,5904.787475110,5904.787475110,15931,22303400,0.000000
3584,35.840084,5904.797486850,5904.797486850,15936,22310400,0.000000
3585,35.850063,5904.807466231,5904.807466231,15940,22316000,0.000000
3586,35.860070,5904.817472668,5904.817472668,15944,22321600,0.000000
3587,35.870071,5904.827473905,5904.827473905,15949,22328600,0.000000
3588,35.880069,5904.837471628,5904.837471628,15953,22334200,0.000000
3589,35.890053,5904.847456041,5904.847456041,15958,22341200,0.000000
3590,35.900068,5904.857470976,5904.857470976,15962,22346800,0.000000
3591,35.910070,5904.867472490,5904.867472490,15967,22353800,0.000000
3592,35.920073,5904.877475864,5904.877475864,15971,22359400,0.000000
3593,35.930036,5904.887438444,5904.887438444,15976,22366400,0.000000
3594,35.940072,5904.897474627,5904.897474627,15980,22372000,0.000000
3595,35.950072,5904.907474616,5904.907474616,15984,22377600,0.000000
3596,35.960068,5904.917470593,5904.917470593,15989,22384600,0.000000
3597,35.970067,5904.927470386,5904.927470386,15993,22390200,0.000000
3598,35.980064,5904.937466956,5904.937466956,15998,22397200,0.000000
3599,35.990066,5904.947469341,5904.947469341,16002,22402800,0.000000
3600,36.000062,5904.957464892,5904.957464892,16007,22409800,0.000000
3601,36.010068,5904.967471295,5904.967471295,16011,22415400,0.000000
3602,36.020062,5904.977465326,5904.977465326,16016,22422400,0.000000
3603,36.030066,5904.987469275,5904.987469275,16020,22428000,0.000000
3604,36.040065,5904.997467657,5904.997467657,16024,22433600,0.000000
3605,36.050066,5905.007469148,5905.007469148,16029,22440600,0.000000
3606,36.060068,5905.017471186,5905.017471186,16033,22446200,0.000000
3607,36.070068,5905.027470457,5905.027470457,16038,22453200,0.000000
3608,36.080072,5905.037474465,5905.037474465,16042,22458800,0.000000
3609,36.090063,5905.047465893,5905.047465893,16047,22465800,0.000000
3610,36.100064,5905.057467303,5905.057467303,16051,22471400,0.000000
3611,36.110070,5905.067473310,5905.067473310,16056,22478400,0.000000
3612,36.120074,5905.077477292,5905.077477292,16060,22484000,0.000000
3613,36.130066,5905.087469066,5905.087469066,16064,22489600,0.000000
3614,36.140067,5905.097469685,5905.097469685,16069,22496600,0.000000
3615,36.150065,5905.107467954,5905.107467954,16073,22502200,0.000000
3616,36.160061,5905.117463628,5905.117463628,16078,22509200,0.000000
3617,36.170069,5905.127471507,5905.127471507,16082,22514800,0.000000
3618,36.180063,5905.137465850,5905.137465850,16087,22521800,0.000000
3619,36.190066,5905.147468782,5905.147468782,16091,22527400,0.000000
3620,36.200031,5905.157434029,5905.157434029,16096,22534400,0.000000
3621,36.210067,5905.167470021,5905.167470021,16100,22540000,0.000000
3622,36.220067,5905.177469656,5905.177469656,16104,22545600,0.000000
3623,36.230068,5905.187470850,5905.187470850,16109,22552600,0.000000
3624,36.240071,5905.197473990,5905.197473990,16113,22558200,0.000000
3625,36.250064,5905.207466560,5905.207466560,16118,22565200,0.000000
3626,36.260067,5905.217470077,5905.217470077,16122,22570800,0.000000
3627,36.270059,5905.227461476,5905.227461476,16127,22577800,0.000000
3628,36.280071,5905.237473471,5905.237473471,16131,22583400,0.000000
3629,36.290059,5905.247461535,5905.247461535,16136,22590400,0.000000
3630,36.300071,5905.257474262,5905.257474262,16140,22596000,0.000000
3631,36.310076,5905.267478885,5905.267478885,16145,22603000,0.000000
3632,36.320069,5905.277471480,5905.277471480,16149,22608600,0.000000
3633,36.330074,5905.287476914,5905.287476914,16153,22614200,0.000000
3634,36.340070,5905.297472911,5905.297472911,16158,22621200,0.000000
3635,36.350060,5905.307462481,5905.307462481,16162,22626800,0.000000
3636,36.360063,5905.317466240,5905.317466240,16167,22633800,0.000000
3637,36.370066,5905.327468895,5905.327468895,16171,22639400,0.000000
3638,36.380065,5905.337468243,5905.337468243,16176,22646400,0.000000
3639,36.390068,5905.347471177,5905.347471177,16180,22652000,0.000000
3640,36.400072,5905.357475353,5905.357475353,16185,22659000,0.000000
3641,36.410038,5905.367440620,5905.367440620,16189,22664600,0.000000
3642,36.420069,5905.377471465,5905.377471465,16193,22670200,0.000000
3643,36.430028,5905.387431420,5905.387431420,16198,22677200,0.000000
3644,36.440070,5905.397472875,5905.397472875,16202,22682800,0.000000
3645,36.450064,5905.407466905,5905.407466905,16207,22689800,0.000000
3646,36.460065,5905.417467755,5905.417467755,16211,22695400,0.000000
3647,36.470062,5905.427465207,5905.427465207,16216,22702400,0.000000
3648,36.480068,5905.437470648,5905.437470648,16220,22708000,0.000000
3649,36.490035,5905.447437636,5905.447437636,16225,22715000,0.000000
3650,36.500037,5905.457440407,5905.457440407,16229,22720600,0.000000
3651,36.510020,5905.467422679,5905.467422679,16233,22726200,0.000000
3652,36.520064,5905.477466799,5905.477466799,16238,22733200,0.000000
3653,36.530067,5905.487469922,5905.487469922,16242,22738800,0.000000
3654,36.540066,5905.497468845,5905.497468845,16247,22745800,0.000000
3655,36.550072,5905.507474795,5905.507474795,16251,22751400,0.000000
3656,36.560066,5905.517468558,5905.517468558,16256,22758400,0.000000
3657,36.570057,5905.527460161,5905.527460161,16260,22764000,0.000000
3658,36.582068,5905.539470462,5905.539470462,16265,22771000,0.000000
3659,36.590065,5905.547468130,5905.547468130,16269,22776600,0.000000
3660,36.600068,5905.557471406,5905.557471406,16273,22782200,0.000000
3661,36.610065,5905.567467918,5905.567467918,16278,22789200,0.000000
3662,36.620071,5905.577473780,5905.577473780,16282,22794800,0.000000
3663,36.630064,5905.587466461,5905.587466461,16287,22801800,0.000000
3664,36.640014,5905.597417237,5905.597417237,16291,22807400,0.000000
3665,36.650063,5905.607465787,5905.607465787,16296,22814400,0.000000
3666,36.660078,5905.617480868,5905.617480868,16300,22820000,0.000000
3667,36.670061,5905.627463938,5905.627463938,16305,22827000,0.000000
3668,36.680066,5905.637468723,5905.637468723,16309,22832600,0.000000
3669,36.690066,5905.647468764,5905.647468764,16313,22838200,0.000000
3670,36.700068,5905.657471213,5905.657471213,16318,22845200,0.000000
3671,36.710062,5905.667465265,5905.667465265,16322,22850800,0.000000
3672,36.720070,5905.677472646,5905.677472646,16327,22857800,0.000000
3673,36.730066,5905.687468888,5905.687468888,16331,22863400,0.000000
3674,36.740062,5905.697465134,5905.697465134,16336,22870400,0.000000
3675,36.750064,5905.707466442,5905.707466442,16340,22876000,0.000000
3676,36.760031,5905.717433520,5905.717433520,16345,22883000,0.000000
3677,36.770066,5905.727468654,5905.727468654,16349,22888600,0.000000
3678,36.780063,5905.737466258,5905.737466258,16353,22894200,0.000000
3679,36.790064,5905.747466878,5905.747466878,16358,22901200,0.000000
3680,36.800066,5905.757469259,5905.757469259,16362,22906800,0.000000
3681,36.810066,5905.767468891,5905.767468891,16367,22913800,0.000000
3682,36.820067,5905.777469485,5905.777469485,16371,22919400,0.000000
3683,36.830064,5905.787467303,5905.787467303,16376,22926400,0.000000
3684,36.840066,5905.797469230,5905.797469230,16380,22932000,0.000000
3685,36.850019,5905.807421602,5905.807421602,16385,22939000,0.000000
3686,36.860035,5905.817438073,5905.817438073,16389,22944600,0.000000
3687,36.870073,5905.827475439,5905.827475439,16394,22951600,0.000000
3688,36.880063,5905.837465515,5905.837465515,16398,22957200,0.000000
3689,36.890059,5905.847461630,5905.847461630,16402,22962800,0.000000
3690,36.900064,5905.857466585,5905.857466585,16407,22969800,0.000000
3691,36.910067,5905.867469634,5905.867469634,16411,22975400,0.000000
3692,36.920063,5905.877465817,5905.877465817,16416,22982400,0.000000
3693,36.930066,5905.887469301,5905.887469301,16420,22988000,0.000000
3694,36.940062,5905.897464921,5905.897464921,16425,22995000,0.000000
3695,36.950065,5905.907467743,5905.907467743,16429,23000600,0.000000
3696,36.960082,5905.917484696,5905.917484696,16434,23007600,0.000000
3697,36.970064,5905.927466488,5905.927466488,16438,23013200,0.000000
3698,36.980065,5905.937468106,5905.937468106,16442,23018800,0.000000
3699,36.990070,5905.947472460,5905.947472460,16447,23025800,0.000000
3700,37.000088,5905.957491158,5905.957491158,16451,23031400,0.000000
3701,37.010064,5905.967466616,5905.967466616,16456,23038400,0.000000
3702,37.020067,5905.977470314,5905.977470314,16460,23044000,0.000000
3703,37.030019,5905.987422151,5905.987422151,16465,23051000,0.000000
3704,37.040063,5905.997465579,5905.997465579,16469,23056600,0.000000
3705,37.050036,5906.007439127,5906.007439127,16474,23063600,0.000000
3706,37.060024,5906.017426675,5906.017426675,16478,23069200,0.000000
3707,37.070068,5906.027471138,5906.027471138,16482,23074800,0.000000
3708,37.080074,5906.037477295,5906.037477295,16487,23081800,0.000000
3709,37.090077,5906.047479777,5906.047479777,16491,23087400,0.000000
3710,37.100071,5906.057473939,5906.057473939,16496,23094400,0.000000
3711,37.110069,5906.067471918,5906.067471918,16500,23100000,0.000000
3712,37.120074,5906.077476529,5906.077476529,16505,23107000,0.000000
3713,37.130072,5906.087475248,5906.087475248,16509,23112600,0.000000
3714,37.140063,5906.097465916,5906.097465916,16514,23119600,0.000000
3715,37.150072,5906.107475154,5906.107475154,16518,23125200,0.000000
3716,37.160066,5906.117468997,5906.117468997,16522,23130800,0.000000
3717,37.170069,5906.127471749,5906.127471749,16527,23137800,0.000000
3718,37.180069,5906.137471677,5906.137471677,16531,23143400,0.000000
3719,37.190066,5906.147469216,5906.147469216,16536,23150400,0.000000
3720,37.200068,5906.157470465,5906.157470465,16540,23156000,0.000000
3721,37.210067,5906.167469856,5906.167469856,16545,23163000,0.000000
3722,37.220071,5906.177473694,5906.177473694,16549,23168600,0.000000
3723,37.230070,5906.187472972,5906.187472972,16554,23175600,0.000000
3724,37.240051,5906.197453989,5906.197453989,16558,23181200,0.000000
3725,37.250078,5906.207480582,5906.207480582,16562,23186800,0.000000
3726,37.260062,5906.217465054,5906.217465054,16567,23193800,0.000000
3727,37.270073,5906.227475980,5906.227475980,16571,23199400,0.000000
3728,37.280070,5906.237472619,5906.237472619,16576,23206400,0.000000
3729,37.290069,5906.247471487,5906.247471487,16580,23212000,0.000000
3730,37.300062,5906.257464872,5906.257464872,16585,23219000,0.000000
3731,37.310072,5906.267474462,5906.267474462,16589,23224600,0.000000
3732,37.320032,5906.277435056,5906.277435056,16594,23231600,0.000000
3733,37.330059,5906.287461819,5906.287461819,16598,23237200,0.000000
3734,37.340070,5906.297472812,5906.297472812,16602,23242800,0.000000
3735,37.350063,5906.307466326,5906.307466326,16607,23249800,0.000000
3736,37.360067,5906.317470004,5906.317470004,16611,23255400,0.000000
3737,37.370023,5906.327426380,5906.327426380,16616,23262400,0.000000
3738,37.380070,5906.337472817,5906.337472817,16620,23268000,0.000000
3739,37.390033,5906.347436329,5906.347436329,16625,23275000,0.000000
3740,37.400067,5906.357469691,5906.357469691,16629,23280600,0.000000
3741,37.410059,5906.367461998,5906.367461998,16634,23287600,0.000000
3742,37.420065,5906.377467768,5906.377467768,16638,23293200,0.000000
3743,37.430083,5906.387485453,5906.387485453,16643,23300200,0.000000
3744,37.440071,5906.397473795,5906.397473795,16647,23305800,0.000000
3745,37.450073,5906.407476084,5906.407476084,16651,23311400,0.000000
3746,37.460065,5906.417467776,5906.417467776,16656,23318400,0.000000
3747,37.470068,5906.427470814,5906.427470814,16660,23324000,0.000000
3748,37.480065,5906.437467885,5906.437467885,16665,23331000,0.000000
3749,37.490074,5906.447477172,5906.447477172,16669,23336600,0.000000
3750,37.500063,5906.457465498,5906.457465498,16674,23343600,0.000000
3751,37.510077,5906.467479679,5906.467479679,16678,23349200,0.000000
3752,37.520083,5906.477485634,5906.477485634,16683,23356200,0.000000
3753,37.530064,5906.487467178,5906.487467178,16687,23361800,0.000000
3754,37.540065,5906.497467699,5906.497467699,16691,23367400,0.000000
3755,37.550064,5906.507467056,5906.507467056,16696,23374400,0.000000
3756,37.560021,5906.517424384,5906.517424384,16700,23380000,0.000000
3757,37.570079,5906.527481811,5906.527481811,16705,23387000,0.000000
3758,37.580068,5906.537470884,5906.537470884,16709,23392600,0.000000
3759,37.590064,5906.547466785,5906.547466785,16714,23399600,0.000000
3760,37.600067,5906.557469553,5906.557469553,16718,23405200,0.000000
3761,37.610037,5906.567439700,5906.567439700,16723,23412200,0.000000
3762,37.620070,5906.577472919,5906.577472919,16727,23417800,0.000000
3763,37.630016,5906.587419149,5906.587419149,16731,23423400,0.000000
3764,37.640026,5906.597429079,5906.597429079,16736,23430400,0.000000
3765,37.650067,5906.607469665,5906.607469665,16740,23436000,0.000000
3766,37.660048,5906.617450608,5906.617450608,16745,23443000,0.000000
3767,37.670066,5906.627468659,5906.627468659,16749,23448600,0.000000
3768,37.680063,5906.637465811,5906.637465811,16754,23455600,0.000000
3769,37.690063,5906.647465827,5906.647465827,16758,23461200,0.000000
3770,37.700062,5906.657465005,5906.657465005,16763,23468200,0.000000
3771,37.710066,5906.667469227,5906.667469227,16767,23473800,0.000000
3772,37.720068,5906.677470561,5906.677470561,16771,23479400,0.000000
3773,37.730065,5906.687468258,5906.687468258,16776,23486400,0.000000
3774,37.740070,5906.697472974,5906.697472974,16780,23492000,0.000000
3775,37.750067,5906.707469524,5906.707469524,16785,23499000,0.000000
3776,37.760070,5906.717472523,5906.717472523,16789,23504600,0.000000
3777,37.770063,5906.727465703,5906.727465703,16794,23511600,0.000000
3778,37.780072,5906.737474678,5906.737474678,16798,23517200,0.000000
3779,37.790078,5906.747481386,5906.747481386,16803,23524200,0.000000
3780,37.800072,5906.757475334,5906.757475334,16807,23529800,0.000000
3781,37.810067,5906.767470240,5906.767470240,16811,23535400,0.000000
3782,37.820071,5906.777473779,5906.777473779,16816,23542400,0.000000
3783,37.830074,5906.787477126,5906.787477126,16820,23548000,0.000000
3784,37.840014,5906.797417334,5906.797417334,16825,23555000,0.000000
3785,37.850064,5906.807467280,5906.807467280,16829,23560600,0.000000
3786,37.860063,5906.817465666,5906.817465666,16834,23567600,0.000000
3787,37.870066,5906.827468489,5906.827468489,16838,23573200,0.000000
3788,37.880035,5906.837437953,5906.837437953,16843,23580200,0.000000
3789,37.890068,5906.847471215,5906.847471215,16847,23585800,0.000000
3790,37.900075,5906.857477560,5906.857477560,16851,23591400,0.000000
3791,37.910068,5906.867471175,5906.867471175,16856,23598400,0.000000
3792,37.920070,5906.877472713,5906.877472713,16860,23604000,0.000000
3793,37.930061,5906.887464237,5906.887464237,16865,23611000,0.000000
3794,37.940068,5906.897470464,5906.897470464,16869,23616600,0.000000
3795,37.950017,5906.907420278,5906.907420278,16874,23623600,0.000000
3796,37.960067,5906.917470405,5906.917470405,16878,23629200,0.000000
3797,37.970067,5906.927469692,5906.927469692,16883,23636200,0.000000
3798,37.980070,5906.937473395,5906.937473395,16887,23641800,0.000000
3799,37.990074,5906.947477036,5906.947477036,16892,23648800,0.000000
3800,38.000074,5906.957476975,5906.957476975,16896,23654400,0.000000
3801,38.010068,5906.967470900,5906.967470900,16900,23660000,0.000000
3802,38.020066,5906.977468678,5906.977468678,16905,23667000,0.000000
3803,38.030063,5906.987466436,5906.987466436,16909,23672600,0.000000
3804,38.040067,5906.997470403,5906.997470403,16914,23679600,0.000000
3805,38.050066,5907.007469422,5907.007469422,16918,23685200,0.000000
3806,38.060062,5907.017464466,5907.017464466,16923,23692200,0.000000
3807,38.070066,5907.027469013,5907.027469013,16927,23697800,0.000000
3808,38.080071,5907.037474228,5907.037474228,16932,23704800,0.000000
3809,38.090063,5907.047465822,5907.047465822,16936,23710400,0.000000
3810,38.100073,5907.057475639,5907.057475639,16940,23716000,0.000000
3811,38.110082,5907.067485437,5907.067485437,16945,23723000,0.000000
3812,38.120063,5907.077466193,5907.077466193,16949,23728600,0.000000
3813,38.130064,5907.087466971,5907.087466971,16954,23735600,0.000000
3814,38.140066,5907.097469351,5907.097469351,16958,23741200,0.000000
3815,38.150068,5907.107470607,5907.107470607,16963,23748200,0.000000
3816,38.160065,5907.117467541,5907.117467541,16967,23753800,0.000000
3817,38.170033,5907.127435537,5907.127435537,16972,23760800,0.000000
3818,38.180069,5907.137471995,5907.137471995,16976,23766400,0.000000
3819,38.190018,5907.147421330,5907.147421330,16980,23772000,0.000000
3820,38.200080,5907.157482725,5907.157482725,16985,23779000,0.000000
3821,38.210066,5907.167468787,5907.167468787,16989,23784600,0.000000
3822,38.220059,5907.177462017,5907.177462017,16994,23791600,0.000000
3823,38.230066,5907.187469420,5907.187469420,16998,23797200,0.000000
3824,38.240064,5907.197467004,5907.197467004,17003,23804200,0.000000
3825,38.250070,5907.207472902,5907.207472902,17007,23809800,0.000000
3826,38.260017,5907.217420260,5907.217420260,17012,23816800,0.000000
3827,38.270064,5907.227467034,5907.227467034,17016,23822400,0.000000
3828,38.280067,5907.237470337,5907.237470337,17020,23828000,0.000000
3829,38.290063,5907.247466133,5907.247466133,17025,23835000,0.000000
3830,38.300068,5907.257470616,5907.257470616,17029,23840600,0.000000
3831,38.310061,5907.267463441,5907.267463441,17034,23847600,0.000000
3832,38.320071,5907.277474131,5907.277474131,17038,23853200,0.000000
3833,38.330062,5907.287464945,5907.287464945,17043,23860200,0.000000
3834,38.340067,5907.297469730,5907.297469730,17047,23865800,0.000000
3835,38.350063,5907.307466134,5907.307466134,17052,23872800,0.000000
3836,38.360060,5907.317462563,5907.317462563,17056,23878400,0.000000
3837,38.370066,5907.327469250,5907.327469250,17060,23884000,0.000000
3838,38.380066,5907.337468551,5907.337468551,17065,23891000,0.000000
3839,38.390073,5907.347475839,5907.347475839,17069,23896600,0.000000
3840,38.400070,5907.357472802,5907.357472802,17074,23903600,0.000000
3841,38.410071,5907.367473735,5907.367473735,17078,23909200,0.000000
3842,38.420062,5907.377465438,5907.377465438,17083,23916200,0.000000
3843,38.430072,5907.387474867,5907.387474867,17087,23921800,0.000000
3844,38.440026,5907.397428499,5907.397428499,17092,23928800,0.000000
3845,38.450059,5907.407462209,5907.407462209,17096,23934400,0.000000
3846,38.460070,5907.417473163,5907.417473163,17100,23940000,0.000000
3847,38.470037,5907.427440189,5907.427440189,17105,23947000,0.000000
3848,38.480066,5907.437469245,5907.437469245,17109,23952600,0.000000
3849,38.490067,5907.447470143,5907.447470143,17114,23959600,0.000000
3850,38.500068,5907.457471076,5907.457471076,17118,23965200,0.000000
3851,38.510067,5907.467469537,5907.467469537,17123,23972200,0.000000
3852,38.520066,5907.477469429,5907.477469429,17127,23977800,0.000000
3853,38.530058,5907.487461212,5907.487461212,17132,23984800,0.000000
3854,38.540027,5907.497430123,5907.497430123,17136,23990400,0.000000
3855,38.550073,5907.507475753,5907.507475753,17141,23997400,0.000000
3856,38.560045,5907.517447884,5907.517447884,17145,24003000,0.000000
3857,38.570064,5907.527467239,5907.527467239,17149,24008600,0.000000
3858,38.580064,5907.537466895,5907.537466895,17154,24015600,0.000000
3859,38.590067,5907.547469889,5907.547469889,17158,24021200,0.000000
3860,38.600065,5907.557467702,5907.557467702,17163,24028200,0.000000
3861,38.610064,5907.567466779,5907.567466779,17167,24033800,0.000000
3862,38.620064,5907.577466538,5907.577466538,17172,24040800,0.000000
3863,38.630067,5907.587469999,5907.587469999,17176,24046400,0.000000
3864,38.640079,5907.597481907,5907.597481907,17181,24053400,0.000000
3865,38.650065,5907.607468000,5907.607468000,17185,24059000,0.000000
3866,38.660063,5907.617466094,5907.617466094,17189,24064600,0.000000
3867,38.670065,5907.627467724,5907.627467724,17194,24071600,0.000000
3868,38.680016,5907.637419187,5907.637419187,17198,24077200,0.000000
3869,38.690063,5907.647466357,5907.647466357,17203,24084200,0.000000
3870,38.700066,5907.657468791,5907.657468791,17207,24089800,0.000000
3871,38.710064,5907.667466509,5907.667466509,17212,24096800,0.000000
3872,38.720065,5907.677467553,5907.677467553,17216,24102400,0.000000
3873,38.730035,5907.687437968,5907.687437968,17221,24109400,0.000000
3874,38.740073,5907.697475881,5907.697475881,17225,24115000,0.000000
3875,38.750064,5907.707467156,5907.707467156,17229,24120600,0.000000
3876,38.760075,5907.717477986,5907.717477986,17234,24127600,0.000000
3877,38.770066,5907.727469201,5907.727469201,17238,24133200,0.000000
3878,38.780065,5907.737468393,5907.737468393,17243,24140200,0.000000
3879,38.790066,5907.747468961,5907.747468961,17247,24145800,0.000000
3880,38.800060,5907.757462917,5907.757462917,17252,24152800,0.000000
3881,38.810069,5907.767471794,5907.767471794,17256,24158400,0.000000
3882,38.820024,5907.777426980,5907.777426980,17261,24165400,0.000000
3883,38.830065,5907.787467811,5907.787467811,17265,24171000,0.000000
3884,38.840068,5907.797470894,5907.797470894,17269,24176600,0.000000
3885,38.850065,5907.807467715,5907.807467715,17274,24183600,0.000000
3886,38.860018,5907.817421392,5907.817421392,17278,24189200,0.000000
3887,38.870062,5907.827465225,5907.827465225,17283,24196200,0.000000
3888,38.880065,5907.837468065,5907.837468065,17287,24201800,0.000000
3889,38.890016,5907.847418531,5907.847418531,17292,24208800,0.000000
3890,38.900064,5907.857467065,5907.857467065,17296,24214400,0.000000
3891,38.910066,5907.867468559,5907.867468559,17301,24221400,0.000000
3892,38.920042,5907.877444803,5907.877444803,17305,24227000,0.000000
3893,38.930067,5907.887470370,5907.887470370,17309,24232600,0.000000
3894,38.940012,5907.897415140,5907.897415140,17314,24239600,0.000000
3895,38.950066,5907.907469104,5907.907469104,17318,24245200,0.000000
3896,38.960064,5907.917467176,5907.917467176,17323,24252200,0.000000
3897,38.970064,5907.927467058,5907.927467058,17327,24257800,0.000000
3898,38.980047,5907.937449762,5907.937449762,17332,24264800,0.000000
3899,38.990024,5907.947426995,5907.947426995,17336,24270400,0.000000
3900,39.000070,5907.957472931,5907.957472931,17341,24277400,0.000000
3901,39.010066,5907.967469266,5907.967469266,17345,24283000,0.000000
3902,39.020065,5907.977467630,5907.977467630,17349,24288600,0.000000
3903,39.030069,5907.987472117,5907.987472117,17354,24295600,0.000000
3904,39.040066,5907.997468934,5907.997468934,17358,24301200,0.000000
3905,39.050065,5908.007468151,5908.007468151,17363,24308200,0.000000
3906,39.060066,5908.017468600,5908.017468600,17367,24313800,0.000000
3907,39.070037,5908.027439449,5908.027439449,17372,24320800,0.000000
3908,39.080070,5908.037473328,5908.037473328,17376,24326400,0.000000
3909,39.090017,5908.047420332,5908.047420332,17381,24333400,0.000000
3910,39.100066,5908.057468513,5908.057468513,17385,24339000,0.000000
3911,39.110075,5908.067478013,5908.067478013,17390,24346000,0.000000
3912,39.120063,5908.077465576,5908.077465576,17394,24351600,0.000000
3913,39.130063,5908.087466409,5908.087466409,17398,24357200,0.000000
3914,39.140068,5908.097471293,5908.097471293,17403,24364200,0.000000
3915,39.150066,5908.107469090,5908.107469090,17407,24369800,0.000000
3916,39.160074,5908.117476736,5908.117476736,17412,24376800,0.000000
3917,39.170048,5908.127451050,5908.127451050,17416,24382400,0.000000
3918,39.180064,5908.137467232,5908.137467232,17421,24389400,0.000000
3919,39.190066,5908.147468451,5908.147468451,17425,24395000,0.000000
3920,39.200074,5908.157477139,5908.157477139,17430,24402000,0.000000
3921,39.210066,5908.167469102,5908.167469102,17434,24407600,0.000000
3922,39.220067,5908.177470138,5908.177470138,17438,24413200,0.000000
3923,39.230064,5908.187467069,5908.187467069,17443,24420200,0.000000
3924,39.240070,5908.197473069,5908.197473069,17447,24425800,0.000000
3925,39.250063,5908.207466020,5908.207466020,17452,24432800,0.000000
3926,39.260060,5908.217463076,5908.217463076,17456,24438400,0.000000
3927,39.270069,5908.227471812,5908.227471812,17461,24445400,0.000000
3928,39.280071,5908.237473667,5908.237473667,17465,24451000,0.000000
3929,39.290037,5908.247439830,5908.247439830,17470,24458000,0.000000
3930,39.300023,5908.257425443,5908.257425443,17474,24463600,0.000000
3931,39.310032,5908.267435360,5908.267435360,17478,24469200,0.000000
3932,39.320068,5908.277470608,5908.277470608,17483,24476200,0.000000
3933,39.330065,5908.287467467,5908.287467467,17487,24481800,0.000000
3934,39.340032,5908.297434502,5908.297434502,17492,24488800,0.000000
3935,39.350065,5908.307468358,5908.307468358,17496,24494400,0.000000
3936,39.360058,5908.317460648,5908.317460648,17501,24501400,0.000000
3937,39.370058,5908.327461238,5908.327461238,17505,24507000,0.000000
3938,39.382049,5908.339452371,5908.339452371,17510,24514000,0.000000
3939,39.390072,5908.347475377,5908.347475377,17514,24519600,0.000000
3940,39.400075,5908.357478062,5908.357478062,17518,24525200,0.000000
3941,39.410044,5908.367446947,5908.367446947,17523,24532200,0.000000
3942,39.420071,5908.377473610,5908.377473610,17527,24537800,0.000000
3943,39.430065,5908.387467659,5908.387467659,17532,24544800,0.000000
3944,39.440067,5908.397469966,5908.397469966,17536,24550400,0.000000
3945,39.450024,5908.407426907,5908.407426907,17541,24557400,0.000000
3946,39.460067,5908.417470213,5908.417470213,17545,24563000,0.000000
3947,39.470067,5908.427469627,5908.427469627,17550,24570000,0.000000
3948,39.480053,5908.437456352,5908.437456352,17554,24575600,0.000000
3949,39.490071,5908.447473713,5908.447473713,17558,24581200,0.000000
3950,39.500081,5908.457483875,5908.457483875,17563,24588200,0.000000
3951,39.510035,5908.467437589,5908.467437589,17567,24593800,0.000000
3952,39.520031,5908.477433868,5908.477433868,17572,24600800,0.000000
3953,39.530066,5908.487468618,5908.487468618,17576,24606400,0.000000
3954,39.540060,5908.497463175,5908.497463175,17581,24613400,0.000000
3955,39.550059,5908.507461472,5908.507461472,17585,24619000,0.000000
3956,39.560037,5908.517439937,5908.517439937,17590,24626000,0.000000
3957,39.570059,5908.527462350,5908.527462350,17594,24631600,0.000000
3958,39.580056,5908.537458855,5908.537458855,17598,24637200,0.000000
3959,39.590068,5908.547471230,5908.547471230,17603,24644200,0.000000
3960,39.600067,5908.557469551,5908.557469551,17607,24649800,0.000000
3961,39.610063,5908.567465825,5908.567465825,17612,24656800,0.000000
3962,39.620070,5908.577472863,5908.577472863,17616,24662400,0.000000
3963,39.630064,5908.587466487,5908.587466487,17621,24669400,0.000000
3964,39.640071,5908.597474092,5908.597474092,17625,24675000,0.000000
3965,39.650060,5908.607462669,5908.607462669,17630,24682000,0.000000
3966,39.660067,5908.617470250,5908.617470250,17634,24687600,0.000000
3967,39.670084,5908.627486619,5908.627486619,17639,24694600,0.000000
3968,39.680040,5908.637443379,5908.637443379,17643,24700200,0.000000
3969,39.690026,5908.647429042,5908.647429042,17647,24705800,0.000000
3970,39.700017,5908.657420018,5908.657420018,17652,24712800,0.000000
3971,39.710067,5908.667469978,5908.667469978,17656,24718400,0.000000
3972,39.720058,5908.677461149,5908.677461149,17661,24725400,0.000000
3973,39.730097,5908.687499959,5908.687499959,17665,24731000,0.000000
3974,39.740060,5908.697462450,5908.697462450,17670,24738000,0.000000
3975,39.750069,5908.707471992,5908.707471992,17674,24743600,0.000000
3976,39.760097,5908.717499856,5908.717499856,17679,24750600,0.000000
3977,39.770064,5908.727467347,5908.727467347,17683,24756200,0.000000
3978,39.780065,5908.737468029,5908.737468029,17687,24761800,0.000000
3979,39.790067,5908.747469595,5908.747469595,17692,24768800,0.000000
3980,39.800062,5908.757465048,5908.757465048,17696,24774400,0.000000
3981,39.810029,5908.767432412,5908.767432412,17701,24781400,0.000000
3982,39.820070,5908.777473322,5908.777473322,17705,24787000,0.000000
3983,39.830058,5908.787461050,5908.787461050,17710,24794000,0.000000
3984,39.840068,5908.797470599,5908.797470599,17714,24799600,0.000000
3985,39.850033,5908.807436391,5908.807436391,17719,24806600,0.000000
3986,39.860060,5908.817463379,5908.817463379,17723,24812200,0.000000
3987,39.870061,5908.827463879,5908.827463879,17727,24817800,0.000000
3988,39.880063,5908.837465739,5908.837465739,17732,24824800,0.000000
3989,39.890063,5908.847465498,5908.847465498,17736,24830400,0.000000
3990,39.900034,5908.857436596,5908.857436596,17741,24837400,0.000000
3991,39.910065,5908.867468168,5908.867468168,17745,24843000,0.000000
3992,39.920064,5908.877466796,5908.877466796,17750,24850000,0.000000
3993,39.930068,5908.887470847,5908.887470847,17754,24855600,0.000000
3994,39.940010,5908.897413061,5908.897413061,17759,24862600,0.000000
3995,39.950059,5908.907461898,5908.907461898,17763,24868200,0.000000
3996,39.960064,5908.917466919,5908.917466919,17767,24873800,0.000000
3997,39.970065,5908.927468182,5908.927468182,17772,24880800,0.000000
3998,39.980064,5908.937466902,5908.937466902,17776,24886400,0.000000
3999,39.990065,5908.947467717,5908.947467717,17781,24893400,0.000000
4000,40.000066,5908.957469046,5908.957469046,17785,24899000,0.000000
4001,40.010064,5908.967466969,5908.967466969,17790,24906000,0.000000
4002,40.020069,5908.977471974,5908.977471974,17794,24911600,0.000000
4003,40.030066,5908.987469271,5908.987469271,17799,24918600,0.000000
4004,40.040070,5908.997472593,5908.997472593,17803,24924200,0.000000
4005,40.050082,5909.007484580,5909.007484580,17807,24929800,0.000000
4006,40.060064,5909.017467143,5909.017467143,17812,24936800,0.000000
4007,40.070069,5909.027471819,5909.027471819,17816,24942400,0.000000
4008,40.080059,5909.037461516,5909.037461516,17821,24949400,0.000000
4009,40.090070,5909.047472570,5909.047472570,17825,24955000,0.000000
4010,40.100050,5909.057452976,5909.057452976,17830,24962000,0.000000
4011,40.110065,5909.067468252,5909.067468252,17834,24967600,0.000000
4012,40.120027,5909.077430109,5909.077430109,17839,24974600,0.000000
4013,40.130067,5909.087469951,5909.087469951,17843,24980200,0.000000
4014,40.140061,5909.097463982,5909.097463982,17847,24985800,0.000000
4015,40.150065,5909.107467791,5909.107467791,17852,24992800,0.000000
4016,40.160033,5909.117436335,5909.117436335,17856,24998400,0.000000
4017,40.170032,5909.127434996,5909.127434996,17861,25005400,0.000000
4018,40.180021,5909.137423696,5909.137423696,17865,25011000,0.000000
4019,40.190081,5909.147483727,5909.147483727,17870,25018000,0.000000
4020,40.200062,5909.157465299,5909.157465299,17874,25023600,0.000000
4021,40.210009,5909.167412121,5909.167412121,17879,25030600,0.000000
4022,40.220023,5909.177426369,5909.177426369,17883,25036200,0.000000
4023,40.230072,5909.187474572,5909.187474572,17888,25043200,0.000000
4024,40.240066,5909.197469336,5909.197469336,17892,25048800,0.000000
4025,40.250066,5909.207468997,5909.207468997,17896,25054400,0.000000
4026,40.260062,5909.217464458,5909.217464458,17901,25061400,0.000000
4027,40.270067,5909.227469493,5909.227469493,17905,25067000,0.000000
4028,40.280062,5909.237465341,5909.237465341,17910,25074000,0.000000
4029,40.290067,5909.247469563,5909.247469563,17914,25079600,0.000000
4030,40.300063,5909.257465605,5909.257465605,17919,25086600,0.000000
4031,40.310065,5909.267468137,5909.267468137,17923,25092200,0.000000
4032,40.320073,5909.277475744,5909.277475744,17928,25099200,0.000000
4033,40.330049,5909.287451632,5909.287451632,17932,25104800,0.000000
4034,40.340064,5909.297467276,5909.297467276,17936,25110400,0.000000
4035,40.350058,5909.307461046,5909.307461046,17941,25117400,0.000000
4036,40.360067,5909.317470091,5909.317470091,17945,25123000,0.000000
4037,40.370065,5909.327467782,5909.327467782,17950,25130000,0.000000
4038,40.380061,5909.337463858,5909.337463858,17954,25135600,0.000000
4039,40.390064,5909.347466843,5909.347466843,17959,25142600,0.000000
4040,40.400066,5909.357468810,5909.357468810,17963,25148200,0.000000
4041,40.410038,5909.367440676,5909.367440676,17968,25155200,0.000000
4042,40.420063,5909.377465518,5909.377465518,17972,25160800,0.000000
4043,40.430046,5909.387449370,5909.387449370,17976,25166400,0.000000
4044,40.440066,5909.397469224,5909.397469224,17981,25173400,0.000000
4045,40.450066,5909.407468629,5909.407468629,17985,25179000,0.000000
4046,40.460069,5909.417471805,5909.417471805,17990,25186000,0.000000
4047,40.470013,5909.427416113,5909.427416113,17994,25191600,0.000000
4048,40.480067,5909.437470250,5909.437470250,17999,25198600,0.000000
4049,40.490048,5909.447451230,5909.447451230,18003,25204200,0.000000
4050,40.500058,5909.457461133,5909.457461133,18008,25211200,0.000000
4051,40.510069,5909.467472033,5909.467472033,18012,25216800,0.000000
4052,40.520066,5909.477468860,5909.477468860,18016,25222400,0.000000
4053,40.530065,5909.487467550,5909.487467550,18021,25229400,0.000000
4054,40.540068,5909.497471404,5909.497471404,18025,25235000,0.000000
4055,40.550065,5909.507468319,5909.507468319,18030,25242000,0.000000
4056,40.560025,5909.517427699,5909.517427699,18034,25247600,0.000000
4057,40.570063,5909.527466170,5909.527466170,18039,25254600,0.000000
4058,40.580066,5909.537469126,5909.537469126,18043,25260200,0.000000
4059,40.590063,5909.547466278,5909.547466278,18048,25267200,0.000000
4060,40.600070,5909.557473022,5909.557473022,18052,25272800,0.000000
4061,40.610065,5909.567467658,5909.567467658,18056,25278400,0.000000
4062,40.620066,5909.577469033,5909.577469033,18061,25285400,0.000000
4063,40.630065,5909.587467977,5909.587467977,18065,25291000,0.000000
4064,40.640068,5909.597471173,5909.597471173,18070,25298000,0.000000
4065,40.650072,5909.607474577,5909.607474577,18074,25303600,0.000000
4066,40.660067,5909.617470084,5909.617470084,18079,25310600,0.000000
4067,40.670058,5909.627461337,5909.627461337,18083,25316200,0.000000
4068,40.680039,5909.637442000,5909.637442000,18088,25323200,0.000000
4069,40.690075,5909.647478383,5909.647478383,18092,25328800,0.000000
4070,40.700068,5909.657470889,5909.657470889,18096,25334400,0.000000
4071,40.710064,5909.667467176,5909.667467176,18101,25341400,0.000000
4072,40.720054,5909.677457317,5909.677457317,18105,25347000,0.000000
4073,40.730066,5909.687468761,5909.687468761,18110,25354000,0.000000
4074,40.740062,5909.697465180,5909.697465180,18114,25359600,0.000000
4075,40.750063,5909.707465641,5909.707465641,18119,25366600,0.000000
4076,40.760065,5909.717467474,5909.717467474,18123,25372200,0.000000
4077,40.770057,5909.727460148,5909.727460148,18128,25379200,0.000000
4078,40.780065,5909.737467606,5909.737467606,18132,25384800,0.000000
4079,40.790070,5909.747473113,5909.747473113,18137,25391800,0.000000
4080,40.800029,5909.757431641,5909.757431641,18141,25397400,0.000000
4081,40.810060,5909.767463203,5909.767463203,18145,25403000,0.000000
4082,40.820068,5909.777470816,5909.777470816,18150,25410000,0.000000
4083,40.830064,5909.787467007,5909.787467007,18154,25415600,0.000000
4084,40.840072,5909.797474594,5909.797474594,18159,25422600,0.000000
4085,40.850069,5909.807471800,5909.807471800,18163,25428200,0.000000
4086,40.860062,5909.817465194,5909.817465194,18168,25435200,0.000000
4087,40.870064,5909.827467248,5909.827467248,18172,25440800,0.000000
4088,40.880076,5909.837478645,5909.837478645,18177,25447800,0.000000
4089,40.890064,5909.847466781,5909.847466781,18181,25453400,0.000000
4090,40.900060,5909.857463372,5909.857463372,18185,25459000,0.000000
4091,40.910071,5909.867473457,5909.867473457,18190,25466000,0.000000
4092,40.920078,5909.877480505,5909.877480505,18194,25471600,0.000000
4093,40.930065,5909.887467524,5909.887467524,18199,25478600,0.000000
4094,40.940065,5909.897468273,5909.897468273,18203,25484200,0.000000
4095,40.950064,5909.907466714,5909.907466714,18208,25491200,0.000000
4096,40.960068,5909.917470589,5909.917470589,18212,25496800,0.000000
4097,40.970046,5909.927449293,5909.927449293,18217,25503800,0.000000
4098,40.980070,5909.937472551,5909.937472551,18221,25509400,0.000000
4099,40.990069,5909.947471960,5909.947471960,18225,25515000,0.000000
4100,41.000061,5909.957463946,5909.957463946,18230,25522000,0.000000
4101,41.010069,5909.967471592,5909.967471592,18234,25527600,0.000000
4102,41.020067,5909.977469803,5909.977469803,18239,25534600,0.000000
4103,41.030065,5909.987467849,5909.987467849,18243,25540200,0.000000
4104,41.040064,5909.997466713,5909.997466713,18248,25547200,0.000000
4105,41.050068,5910.007471228,5910.007471228,18252,25552800,0.000000
4106,41.060063,5910.017465769,5910.017465769,18257,25559800,0.000000
4107,41.070064,5910.027466590,5910.027466590,18261,25565400,0.000000
4108,41.080073,5910.037476078,5910.037476078,18265,25571000,0.000000
4109,41.090069,5910.047472054,5910.047472054,18270,25578000,0.000000
4110,41.100026,5910.057429020,5910.057429020,18274,25583600,0.000000
4111,41.110065,5910.067468143,5910.067468143,18279,25590600,0.000000
4112,41.120068,5910.077470758,5910.077470758,18283,25596200,0.000000
4113,41.130068,5910.087471055,5910.087471055,18288,25603200,0.000000
4114,41.140069,5910.097471785,5910.097471785,18292,25608800,0.000000
4115,41.150067,5910.107470110,5910.107470110,18297,25615800,0.000000
4116,41.160071,5910.117473444,5910.117473444,18301,25621400,0.000000
4117,41.170072,5910.127474706,5910.127474706,18305,25627000,0.000000
4118,41.180068,5910.137470824,5910.137470824,18310,25634000,0.000000
4119,41.190068,5910.147471328,5910.147471328,18314,25639600,0.000000
4120,41.200071,5910.157474105,5910.157474105,18319,25646600,0.000000
4121,41.210046,5910.167448490,5910.167448490,18323,25652200,0.000000
4122,41.220058,5910.177461225,5910.177461225,18328,25659200,0.000000
4123,41.230065,5910.187467724,5910.187467724,18332,25664800,0.000000
4124,41.240030,5910.197432559,5910.197432559,18337,25671800,0.000000
4125,41.250065,5910.207468204,5910.207468204,18341,25677400,0.000000
4126,41.260066,5910.217468723,5910.217468723,18345,25683000,0.000000
4127,41.270063,5910.227466061,5910.227466061,18350,25690000,0.000000
4128,41.280067,5910.237469625,5910.237469625,18354,25695600,0.000000
4129,41.290064,5910.247467423,5910.247467423,18359,25702600,0.000000
4130,41.300066,5910.257469044,5910.257469044,18363,25708200,0.000000
4131,41.310058,5910.267461026,5910.267461026,18368,25715200,0.000000
4132,41.320069,5910.277471717,5910.277471717,18372,25720800,0.000000
4133,41.330062,5910.287464650,5910.287464650,18377,25727800,0.000000
4134,41.340069,5910.297472135,5910.297472135,18381,25733400,0.000000
4135,41.350079,5910.307482107,5910.307482107,18386,25740400,0.000000
4136,41.360065,5910.317468126,5910.317468126,18390,25746000,0.000000
4137,41.370070,5910.327472696,5910.327472696,18394,25751600,0.000000
4138,41.380082,5910.337485328,5910.337485328,18399,25758600,0.000000
4139,41.390068,5910.347470544,5910.347470544,18403,25764200,0.000000
4140,41.400059,5910.357461463,5910.357461463,18408,25771200,0.000000
4141,41.410066,5910.367469047,5910.367469047,18412,25776800,0.000000
4142,41.420062,5910.377464867,5910.377464867,18417,25783800,0.000000
4143,41.430063,5910.387466253,5910.387466253,18421,25789400,0.000000
4144,41.440074,5910.397477335,5910.397477335,18426,25796400,0.000000
4145,41.450066,5910.407468878,5910.407468878,18430,25802000,0.000000
4146,41.460068,5910.417471085,5910.417471085,18434,25807600,0.000000
4147,41.470076,5910.427478636,5910.427478636,18439,25814600,0.000000
4148,41.480065,5910.437468355,5910.437468355,18443,25820200,0.000000
4149,41.490059,5910.447461696,5910.447461696,18448,25827200,0.000000
4150,41.500065,5910.457467718,5910.457467718,18452,25832800,0.000000
4151,41.510068,5910.467471273,5910.467471273,18457,25839800,0.000000
4152,41.520076,5910.477478975,5910.477478975,18461,25845400,0.000000
4153,41.530040,5910.487443085,5910.487443085,18466,25852400,0.000000
4154,41.540065,5910.497468266,5910.497468266,18470,25858000,0.000000
4155,41.550071,5910.507474052,5910.507474052,18474,25863600,0.000000
4156,41.560063,5910.517466123,5910.517466123,18479,25870600,0.000000
4157,41.570067,5910.527469814,5910.527469814,18483,25876200,0.000000
4158,41.580063,5910.537466129,5910.537466129,18488,25883200,0.000000
4159,41.590067,5910.547470223,5910.547470223,18492,25888800,0.000000
4160,41.600064,5910.557467011,5910.557467011,18497,25895800,0.000000
4161,41.610075,5910.567477572,5910.567477572,18501,25901400,0.000000
4162,41.620063,5910.577465440,5910.577465440,18506,25908400,0.000000
4163,41.630066,5910.587468480,5910.587468480,18510,25914000,0.000000
4164,41.640067,5910.597470228,5910.597470228,18514,25919600,0.000000
4165,41.650065,5910.607467981,5910.607467981,18519,25926600,0.000000
4166,41.660067,5910.617470253,5910.617470253,18523,25932200,0.000000
4167,41.670068,5910.627471219,5910.627471219,18528,25939200,0.000000
4168,41.680088,5910.637490950,5910.637490950,18532,25944800,0.000000
4169,41.690064,5910.647467065,5910.647467065,18537,25951800,0.000000
4170,41.700066,5910.657468847,5910.657468847,18541,25957400,0.000000
4171,41.710069,5910.667471903,5910.667471903,18546,25964400,0.000000
4172,41.720070,5910.677472650,5910.677472650,18550,25970000,0.000000
4173,41.730065,5910.687467784,5910.687467784,18554,25975600,0.000000
4174,41.740067,5910.697470303,5910.697470303,18559,25982600,0.000000
4175,41.750066,5910.707469338,5910.707469338,18563,25988200,0.000000
4176,41.760062,5910.717464831,5910.717464831,18568,25995200,0.000000
4177,41.770066,5910.727469225,5910.727469225,18572,26000800,0.000000
4178,41.780050,5910.737453422,5910.737453422,18577,26007800,0.000000
4179,41.790067,5910.747469903,5910.747469903,18581,26013400,0.000000
4180,41.800029,5910.757431474,5910.757431474,18586,26020400,0.000000
4181,41.810066,5910.767469205,5910.767469205,18590,26026000,0.000000
4182,41.820069,5910.777471882,5910.777471882,18594,26031600,0.000000
4183,41.830065,5910.787467848,5910.787467848,18599,26038600,0.000000
4184,41.840068,5910.797470679,5910.797470679,18603,26044200,0.000000
4185,41.850066,5910.807469169,5910.807469169,18608,26051200,0.000000
4186,41.860066,5910.817468801,5910.817468801,18612,26056800,0.000000
4187,41.870063,5910.827465449,5910.827465449,18617,26063800,0.000000
4188,41.880065,5910.837468316,5910.837468316,18621,26069400,0.000000
4189,41.890058,5910.847461169,5910.847461169,18626,26076400,0.000000
4190,41.900043,5910.857445658,5910.857445658,18630,26082000,0.000000
4191,41.910071,5910.867474126,5910.867474126,18635,26089000,0.000000
4192,41.920064,5910.877467116,5910.877467116,18639,26094600,0.000000
4193,41.930067,5910.887469674,5910.887469674,18643,26100200,0.000000
4194,41.940066,5910.897468646,5910.897468646,18648,26107200,0.000000
4195,41.950063,5910.907465743,5910.907465743,18652,26112800,0.000000
4196,41.960063,5910.917466282,5910.917466282,18657,26119800,0.000000
4197,41.970067,5910.927469515,5910.927469515,18661,26125400,0.000000
4198,41.980061,5910.937464364,5910.937464364,18666,26132400,0.000000
4199,41.990065,5910.947468203,5910.947468203,18670,26138000,0.000000
