sample_index,timestamp_s,monotonic_s,t_mono,cum_packets,cum_bytes,lag_s
0,0.000095,5868.630192550,5868.630192550,0,0,0.000000
1,0.010063,5868.640160145,5868.640160145,3,4200,0.000000
2,0.021272,5868.651369427,5868.651369427,7,9800,0.000000
3,0.030659,5868.660756273,5868.660756273,10,14000,0.000000
4,0.040060,5868.670157512,5868.670157512,13,18200,0.000000
5,0.050068,5868.680165557,5868.680165557,16,22400,0.000000
6,0.060065,5868.690162732,5868.690162732,19,26600,0.000000
7,0.070061,5868.700158433,5868.700158433,23,32200,0.000000
8,0.080067,5868.710164796,5868.710164796,26,36400,0.000000
9,0.090066,5868.720162950,5868.720162950,29,40600,0.000000
10,0.100942,5868.731039739,5868.731039739,33,46200,0.000000
11,0.110065,5868.740162349,5868.740162349,36,50400,0.000000
12,0.120070,5868.750167089,5868.750167089,39,54600,0.000000
13,0.130061,5868.760158631,5868.760158631,43,60200,0.000000
14,0.140066,5868.770163638,5868.770163638,46,64400,0.000000
15,0.150063,5868.780160468,5868.780160468,49,68600,0.000000
16,0.160010,5868.790107560,5868.790107560,53,74200,0.000000
17,0.170061,5868.800158639,5868.800158639,56,78400,0.000000
18,0.180049,5868.810146161,5868.810146161,59,82600,0.000000
19,0.190060,5868.820157000,5868.820157000,63,88200,0.000000
20,0.200062,5868.830159569,5868.830159569,66,92400,0.000000
21,0.210065,5868.840161915,5868.840161915,69,96600,0.000000
22,0.220073,5868.850170584,5868.850170584,73,102200,0.000000
23,0.230059,5868.860156679,5868.860156679,76,106400,0.000000
24,0.242527,5868.872624174,5868.872624174,80,112000,0.000000
25,0.250045,5868.880141987,5868.880141987,83,116200,0.000000
26,0.260059,5868.890156156,5868.890156156,86,120400,0.000000
27,0.270059,5868.900155982,5868.900155982,89,124600,0.000000
28,0.280068,5868.910165087,5868.910165087,93,130200,0.000000
29,0.290059,5868.920155874,5868.920155874,96,134400,0.000000
30,0.300059,5868.930156573,5868.930156573,99,138600,0.000000
31,0.310062,5868.940158902,5868.940158902,102,142800,0.000000
32,0.320050,5868.950147396,5868.950147396,106,148400,0.000000
33,0.330266,5868.960363016,5868.960363016,109,152600,0.000000
34,0.340066,5868.970163543,5868.970163543,112,156800,0.000000
35,0.350071,5868.980168324,5868.980168324,116,162400,0.000000
36,0.360068,5868.990164831,5868.990164831,119,166600,0.000000
37,0.370068,5869.000165183,5869.000165183,122,170800,0.000000
38,0.380059,5869.010156772,5869.010156772,126,176400,0.000000
39,0.390064,5869.020161421,5869.020161421,129,180600,0.000000
40,0.400066,5869.030162889,5869.030162889,132,184800,0.000000
41,0.410067,5869.040164449,5869.040164449,136,190400,0.000000
42,0.420074,5869.050171618,5869.050171618,139,194600,0.000000
43,0.430065,5869.060162686,5869.060162686,142,198800,0.000000
44,0.440066,5869.070163476,5869.070163476,146,204400,0.000000
45,0.450072,5869.080168877,5869.080168877,149,208600,0.000000
46,0.460071,5869.090168710,5869.090168710,152,212800,0.000000
47,0.470062,5869.100159350,5869.100159350,156,218400,0.000000
48,0.480075,5869.110171894,5869.110171894,159,222600,0.000000
49,0.490074,5869.120170935,5869.120170935,162,226800,0.000000
50,0.500059,5869.130156342,5869.130156342,166,232400,0.000000
51,0.510068,5869.140165172,5869.140165172,169,236600,0.000000
52,0.520075,5869.150172695,5869.150172695,172,240800,0.000000
53,0.530047,5869.160144512,5869.160144512,176,246400,0.000000
54,0.540065,5869.170162566,5869.170162566,179,250600,0.000000
55,0.550068,5869.180165139,5869.180165139,182,254800,0.000000
56,0.560084,5869.190181047,5869.190181047,186,260400,0.000000
57,0.570064,5869.200161564,5869.200161564,189,264600,0.000000
58,0.580073,5869.210170132,5869.210170132,192,268800,0.000000
59,0.590072,5869.220169310,5869.220169310,195,273000,0.000000
60,0.600066,5869.230163572,5869.230163572,199,278600,0.000000
61,0.610069,5869.240166369,5869.240166369,202,282800,0.000000
62,0.620070,5869.250167546,5869.250167546,205,287000,0.000000
63,0.630066,5869.260163560,5869.260163560,209,292600,0.000000
64,0.640071,5869.270168101,5869.270168101,212,296800,0.000000
65,0.650064,5869.280161183,5869.280161183,215,301000,0.000000
66,0.660067,5869.290164175,5869.290164175,219,306600,0.000000
67,0.670070,5869.300167793,5869.300167793,222,310800,0.000000
68,0.680068,5869.310165174,5869.310165174,225,315000,0.000000
69,0.690062,5869.320159034,5869.320159034,229,320600,0.000000
70,0.700070,5869.330167750,5869.330167750,232,324800,0.000000
71,0.710066,5869.340162829,5869.340162829,235,329000,0.000000
72,0.720067,5869.350164649,5869.350164649,239,334600,0.000000
73,0.730067,5869.360164731,5869.360164731,242,338800,0.000000
74,0.740070,5869.370167014,5869.370167014,245,343000,0.000000
75,0.750059,5869.380155957,5869.380155957,249,348600,0.000000
76,0.760065,5869.390162379,5869.390162379,252,352800,0.000000
77,0.770070,5869.400167674,5869.400167674,255,357000,0.000000
78,0.780059,5869.410156337,5869.410156337,259,362600,0.000000
79,0.790068,5869.420164961,5869.420164961,262,366800,0.000000
80,0.800065,5869.430161892,5869.430161892,265,371000,0.000000
81,0.810053,5869.440149896,5869.440149896,269,376600,0.000000
82,0.820075,5869.450171970,5869.450171970,272,380800,0.000000
83,0.830091,5869.460188772,5869.460188772,275,385000,0.000000
84,0.840086,5869.470183195,5869.470183195,279,390600,0.000000
85,0.850067,5869.480164585,5869.480164585,282,394800,0.000000
86,0.860067,5869.490164088,5869.490164088,285,399000,0.000000
87,0.870071,5869.500168694,5869.500168694,288,403200,0.000000
88,0.880060,5869.510157720,5869.510157720,292,408800,0.000000
89,0.890063,5869.520160357,5869.520160357,295,413000,0.000000
90,0.900069,5869.530166102,5869.530166102,298,417200,0.000000
91,0.910066,5869.540162852,5869.540162852,302,422800,0.000000
92,0.920066,5869.550162826,5869.550162826,305,427000,0.000000
93,0.930069,5869.560165858,5869.560165858,308,431200,0.000000
94,0.940064,5869.570161759,5869.570161759,312,436800,0.000000
95,0.950064,5869.580160972,5869.580160972,315,441000,0.000000
96,0.960064,5869.590160909,5869.590160909,318,445200,0.000000
97,0.970060,5869.600157792,5869.600157792,322,450800,0.000000
98,0.980062,5869.610159418,5869.610159418,325,455000,0.000000
99,0.990067,5869.620164233,5869.620164233,328,459200,0.000000
100,1.000064,5869.630161417,5869.630161417,332,464800,0.000000
101,1.010071,5869.640168648,5869.640168648,335,469000,0.000000
102,1.020073,5869.650170742,5869.650170742,338,473200,0.000000
103,1.030062,5869.660159561,5869.660159561,342,478800,0.000000
104,1.040067,5869.670164283,5869.670164283,345,483000,0.000000
105,1.050064,5869.680161468,5869.680161468,348,487200,0.000000
106,1.060059,5869.690155968,5869.690155968,352,492800,0.000000
107,1.070065,5869.700162309,5869.700162309,355,497000,0.000000
108,1.080068,5869.710165185,5869.710165185,358,501200,0.000000
109,1.090065,5869.720162455,5869.720162455,362,506800,0.000000
110,1.100066,5869.730163614,5869.730163614,365,511000,0.000000
111,1.110068,5869.740165365,5869.740165365,368,515200,0.000000
112,1.120075,5869.750172526,5869.750172526,372,520800,0.000000
113,1.130069,5869.760166034,5869.760166034,375,525000,0.000000
114,1.140068,5869.770165436,5869.770165436,378,529200,0.000000
115,1.150068,5869.780164849,5869.780164849,381,533400,0.000000
116,1.160023,5869.790120095,5869.790120095,385,539000,0.000000
117,1.170067,5869.800163995,5869.800163995,388,543200,0.000000
118,1.180069,5869.810165907,5869.810165907,391,547400,0.000000
119,1.190063,5869.820160029,5869.820160029,395,553000,0.000000
120,1.200065,5869.830162283,5869.830162283,398,557200,0.000000
121,1.210065,5869.840161885,5869.840161885,401,561400,0.000000
122,1.220067,5869.850164680,5869.850164680,405,567000,0.000000
123,1.230066,5869.860163681,5869.860163681,408,571200,0.000000
124,1.240067,5869.870164594,5869.870164594,411,575400,0.000000
125,1.250064,5869.880161184,5869.880161184,415,581000,0.000000
126,1.260067,5869.890164427,5869.890164427,418,585200,0.000000
127,1.270070,5869.900167763,5869.900167763,421,589400,0.000000
128,1.280066,5869.910163107,5869.910163107,425,595000,0.000000
129,1.290103,5869.920199904,5869.920199904,428,599200,0.000000
130,1.300069,5869.930166179,5869.930166179,431,603400,0.000000
131,1.310020,5869.940117686,5869.940117686,435,609000,0.000000
132,1.320067,5869.950164061,5869.950164061,438,613200,0.000000
133,1.330068,5869.960165742,5869.960165742,441,617400,0.000000
134,1.340060,5869.970156978,5869.970156978,445,623000,0.000000
135,1.350054,5869.980151666,5869.980151666,448,627200,0.000000
136,1.360067,5869.990164271,5869.990164271,451,631400,0.000000
137,1.370065,5870.000161912,5870.000161912,455,637000,0.000000
138,1.380072,5870.010169397,5870.010169397,458,641200,0.000000
139,1.390071,5870.020167963,5870.020167963,461,645400,0.000000
140,1.400084,5870.030181321,5870.030181321,465,651000,0.000000
141,1.410065,5870.040162345,5870.040162345,468,655200,0.000000
142,1.420067,5870.050164013,5870.050164013,471,659400,0.000000
143,1.430074,5870.060171038,5870.060171038,474,663600,0.000000
144,1.440067,5870.070164774,5870.070164774,478,669200,0.000000
145,1.450075,5870.080172513,5870.080172513,481,673400,0.000000
146,1.460077,5870.090174136,5870.090174136,484,677600,0.000000
147,1.470074,5870.100171105,5870.100171105,488,683200,0.000000
148,1.480079,5870.110176148,5870.110176148,491,687400,0.000000
149,1.490068,5870.120165271,5870.120165271,494,691600,0.000000
150,1.500066,5870.130163793,5870.130163793,498,697200,0.000000
151,1.510069,5870.140166374,5870.140166374,501,701400,0.000000
152,1.520060,5870.150157365,5870.150157365,504,705600,0.000000
153,1.530062,5870.160158914,5870.160158914,508,711200,0.000000
154,1.540060,5870.170157551,5870.170157551,511,715400,0.000000
155,1.550067,5870.180164149,5870.180164149,514,719600,0.000000
156,1.560065,5870.190162573,5870.190162573,518,725200,0.000000
157,1.570069,5870.200165850,5870.200165850,521,729400,0.000000
158,1.580068,5870.210165409,5870.210165409,524,733600,0.000000
159,1.590062,5870.220158878,5870.220158878,528,739200,0.000000
160,1.600070,5870.230167240,5870.230167240,531,743400,0.000000
161,1.610073,5870.240170016,5870.240170016,534,747600,0.000000
162,1.620063,5870.250159978,5870.250159978,538,753200,0.000000
163,1.630062,5870.260159304,5870.260159304,541,757400,0.000000
164,1.640073,5870.270170068,5870.270170068,544,761600,0.000000
165,1.650065,5870.280162291,5870.280162291,548,767200,0.000000
166,1.660066,5870.290163348,5870.290163348,551,771400,0.000000
167,1.670068,5870.300165657,5870.300165657,554,775600,0.000000
168,1.680077,5870.310173999,5870.310173999,558,781200,0.000000
169,1.690063,5870.320159830,5870.320159830,561,785400,0.000000
170,1.700066,5870.330162829,5870.330162829,564,789600,0.000000
171,1.710067,5870.340164342,5870.340164342,567,793800,0.000000
172,1.720070,5870.350167686,5870.350167686,571,799400,0.000000
173,1.730070,5870.360167693,5870.360167693,574,803600,0.000000
174,1.740086,5870.370183480,5870.370183480,577,807800,0.000000
175,1.750066,5870.380163204,5870.380163204,581,813400,0.000000
176,1.760071,5870.390168035,5870.390168035,584,817600,0.000000
177,1.770072,5870.400169263,5870.400169263,587,821800,0.000000
178,1.780095,5870.410191806,5870.410191806,591,827400,0.000000
179,1.790095,5870.420192545,5870.420192545,594,831600,0.000000
180,1.800086,5870.430183336,5870.430183336,597,835800,0.000000
181,1.810068,5870.440164963,5870.440164963,601,841400,0.000000
182,1.820069,5870.450166290,5870.450166290,604,845600,0.000000
183,1.830086,5870.460183135,5870.460183135,607,849800,0.000000
184,1.840062,5870.470158982,5870.470158982,611,855400,0.000000
185,1.850077,5870.480174350,5870.480174350,614,859600,0.000000
186,1.860073,5870.490170033,5870.490170033,617,863800,0.000000
187,1.870059,5870.500156090,5870.500156090,621,869400,0.000000
188,1.880066,5870.510163698,5870.510163698,624,873600,0.000000
189,1.890067,5870.520164697,5870.520164697,627,877800,0.000000
190,1.900059,5870.530156611,5870.530156611,631,883400,0.000000
191,1.910081,5870.540178018,5870.540178018,634,887600,0.000000
192,1.920075,5870.550171812,5870.550171812,637,891800,0.000000
193,1.930060,5870.560157529,5870.560157529,641,897400,0.000000
194,1.940067,5870.570164332,5870.570164332,644,901600,0.000000
195,1.950068,5870.580165260,5870.580165260,647,905800,0.000000
196,1.960083,5870.590180651,5870.590180651,651,911400,0.000000
197,1.970065,5870.600161952,5870.600161952,654,915600,0.000000
198,1.980068,5870.610165212,5870.610165212,657,919800,0.000000
199,1.990070,5870.620167301,5870.620167301,660,924000,0.000000
200,2.000067,5870.630164230,5870.630164230,664,929600,0.000000
201,2.010065,5870.640162062,5870.640162062,667,933800,0.000000
202,2.020074,5870.650171406,5870.650171406,670,938000,0.000000
203,2.030065,5870.660162633,5870.660162633,674,943600,0.000000
204,2.040069,5870.670166521,5870.670166521,677,947800,0.000000
205,2.050071,5870.680168076,5870.680168076,680,952000,0.000000
206,2.060063,5870.690160193,5870.690160193,684,957600,0.000000
207,2.070071,5870.700168145,5870.700168145,687,961800,0.000000
208,2.080069,5870.710166385,5870.710166385,690,966000,0.000000
209,2.090066,5870.720163570,5870.720163570,694,971600,0.000000
210,2.100063,5870.730160327,5870.730160327,697,975800,0.000000
211,2.110067,5870.740164074,5870.740164074,700,980000,0.000000
212,2.120060,5870.750157454,5870.750157454,704,985600,0.000000
213,2.130073,5870.760170719,5870.760170719,707,989800,0.000000
214,2.140070,5870.770167278,5870.770167278,710,994000,0.000000
215,2.150056,5870.780153561,5870.780153561,714,999600,0.000000
216,2.160066,5870.790163564,5870.790163564,717,1003800,0.000000
217,2.170068,5870.800165296,5870.800165296,720,1008000,0.000000
218,2.180058,5870.810155475,5870.810155475,724,1013600,0.000000
219,2.190067,5870.820164212,5870.820164212,727,1017800,0.000000
220,2.200062,5870.830159767,5870.830159767,730,1022000,0.000000
221,2.210058,5870.840155075,5870.840155075,734,1027600,0.000000
222,2.220066,5870.850163501,5870.850163501,737,1031800,0.000000
223,2.230071,5870.860168447,5870.860168447,740,1036000,0.000000
224,2.240078,5870.870175714,5870.870175714,744,1041600,0.000000
225,2.250066,5870.880163774,5870.880163774,747,1045800,0.000000
226,2.260068,5870.890165757,5870.890165757,750,1050000,0.000000
227,2.270062,5870.900158961,5870.900158961,753,1054200,0.000000
228,2.280065,5870.910162659,5870.910162659,757,1059800,0.000000
229,2.290069,5870.920166721,5870.920166721,760,1064000,0.000000
230,2.300069,5870.930166476,5870.930166476,763,1068200,0.000000
231,2.310069,5870.940165827,5870.940165827,767,1073800,0.000000
232,2.320065,5870.950162514,5870.950162514,770,1078000,0.000000
233,2.330067,5870.960163931,5870.960163931,773,1082200,0.000000
234,2.340067,5870.970163920,5870.970163920,777,1087800,0.000000
235,2.350066,5870.980163631,5870.980163631,780,1092000,0.000000
236,2.360067,5870.990163811,5870.990163811,783,1096200,0.000000
237,2.370064,5871.000161717,5871.000161717,787,1101800,0.000000
238,2.380061,5871.010158635,5871.010158635,790,1106000,0.000000
239,2.390070,5871.020167106,5871.020167106,793,1110200,0.000000
240,2.400063,5871.030160223,5871.030160223,797,1115800,0.000000
241,2.410075,5871.040172335,5871.040172335,800,1120000,0.000000
242,2.420071,5871.050168190,5871.050168190,803,1124200,0.000000
243,2.430064,5871.060161778,5871.060161778,807,1129800,0.000000
244,2.440071,5871.070167973,5871.070167973,810,1134000,0.000000
245,2.450086,5871.080183144,5871.080183144,813,1138200,0.000000
246,2.460059,5871.090156329,5871.090156329,817,1143800,0.000000
247,2.470069,5871.100165873,5871.100165873,820,1148000,0.000000
248,2.480067,5871.110164339,5871.110164339,823,1152200,0.000000
249,2.490045,5871.120141809,5871.120141809,827,1157800,0.000000
250,2.500063,5871.130159952,5871.130159952,830,1162000,0.000000
251,2.510066,5871.140163388,5871.140163388,833,1166200,0.000000
252,2.520082,5871.150179437,5871.150179437,837,1171800,0.000000
253,2.530067,5871.160163868,5871.160163868,840,1176000,0.000000
254,2.540070,5871.170167585,5871.170167585,843,1180200,0.000000
255,2.550083,5871.180180269,5871.180180269,846,1184400,0.000000
256,2.560071,5871.190167863,5871.190167863,850,1190000,0.000000
257,2.570079,5871.200176527,5871.200176527,853,1194200,0.000000
258,2.580063,5871.210159966,5871.210159966,856,1198400,0.000000
259,2.590066,5871.220163204,5871.220163204,860,1204000,0.000000
260,2.600066,5871.230163571,5871.230163571,863,1208200,0.000000
261,2.610067,5871.240164509,5871.240164509,866,1212400,0.000000
262,2.620062,5871.250159431,5871.250159431,870,1218000,0.000000
263,2.630066,5871.260163639,5871.260163639,873,1222200,0.000000
264,2.640065,5871.270162714,5871.270162714,876,1226400,0.000000
265,2.650061,5871.280158672,5871.280158672,880,1232000,0.000000
266,2.660056,5871.290153318,5871.290153318,883,1236200,0.000000
267,2.670066,5871.300163014,5871.300163014,886,1240400,0.000000
268,2.680060,5871.310157393,5871.310157393,890,1246000,0.000000
269,2.690067,5871.320164002,5871.320164002,893,1250200,0.000000
270,2.700068,5871.330165188,5871.330165188,896,1254400,0.000000
271,2.710059,5871.340156348,5871.340156348,900,1260000,0.000000
272,2.720067,5871.350164612,5871.350164612,903,1264200,0.000000
273,2.730070,5871.360167682,5871.360167682,906,1268400,0.000000
274,2.740059,5871.370155946,5871.370155946,910,1274000,0.000000
275,2.750078,5871.380175181,5871.380175181,913,1278200,0.000000
276,2.760086,5871.390182997,5871.390182997,916,1282400,0.000000
277,2.770109,5871.400206125,5871.400206125,920,1288000,0.000000
278,2.780071,5871.410168361,5871.410168361,923,1292200,0.000000
279,2.790068,5871.420165587,5871.420165587,926,1296400,0.000000
280,2.800075,5871.430172689,5871.430172689,930,1302000,0.000000
281,2.810065,5871.440162372,5871.440162372,933,1306200,0.000000
282,2.820076,5871.450173569,5871.450173569,936,1310400,0.000000
283,2.830060,5871.460157191,5871.460157191,939,1314600,0.000000
284,2.840066,5871.470163293,5871.470163293,943,1320200,0.000000
285,2.850067,5871.480164416,5871.480164416,946,1324400,0.000000
286,2.860067,5871.490164026,5871.490164026,949,1328600,0.000000
287,2.870063,5871.500160322,5871.500160322,953,1334200,0.000000
288,2.880067,5871.510163812,5871.510163812,956,1338400,0.000000
289,2.890068,5871.520165383,5871.520165383,959,1342600,0.000000
290,2.900073,5871.530170427,5871.530170427,963,1348200,0.000000
291,2.910068,5871.540165622,5871.540165622,966,1352400,0.000000
292,2.920067,5871.550164414,5871.550164414,969,1356600,0.000000
293,2.930068,5871.560165380,5871.560165380,973,1362200,0.000000
294,2.940060,5871.570157747,5871.570157747,976,1366400,0.000000
295,2.950069,5871.580166633,5871.580166633,979,1370600,0.000000
296,2.960077,5871.590174315,5871.590174315,983,1376200,0.000000
297,2.970067,5871.600164120,5871.600164120,986,1380400,0.000000
298,2.980073,5871.610170053,5871.610170053,989,1384600,0.000000
299,2.990062,5871.620159633,5871.620159633,993,1390200,0.000000
300,3.000078,5871.630175553,5871.630175553,996,1394400,0.000000
301,3.010076,5871.640173050,5871.640173050,999,1398600,0.000000
302,3.020060,5871.650157415,5871.650157415,1003,1404200,0.000000
303,3.030068,5871.660165446,5871.660165446,1006,1408400,0.000000
304,3.040078,5871.670175748,5871.670175748,1009,1412600,0.000000
305,3.050068,5871.680165644,5871.680165644,1013,1418200,0.000000
306,3.060071,5871.690168543,5871.690168543,1016,1422400,0.000000
307,3.070072,5871.700169008,5871.700169008,1019,1426600,0.000000
308,3.080080,5871.710177366,5871.710177366,1023,1432200,0.000000
309,3.090070,5871.720167184,5871.720167184,1026,1436400,0.000000
310,3.100066,5871.730163025,5871.730163025,1029,1440600,0.000000
311,3.110075,5871.740172209,5871.740172209,1032,1444800,0.000000
312,3.120071,5871.750168171,5871.750168171,1036,1450400,0.000000
313,3.130010,5871.760107608,5871.760107608,1039,1454600,0.000000
314,3.140069,5871.770166485,5871.770166485,1042,1458800,0.000000
315,3.150060,5871.780157539,5871.780157539,1046,1464400,0.000000
316,3.160066,5871.790163006,5871.790163006,1049,1468600,0.000000
317,3.170036,5871.800132896,5871.800132896,1052,1472800,0.000000
318,3.180061,5871.810158278,5871.810158278,1056,1478400,0.000000
319,3.190067,5871.820164385,5871.820164385,1059,1482600,0.000000
320,3.200067,5871.830163798,5871.830163798,1062,1486800,0.000000
321,3.210065,5871.840162690,5871.840162690,1066,1492400,0.000000
322,3.220066,5871.850162871,5871.850162871,1069,1496600,0.000000
323,3.230067,5871.860164777,5871.860164777,1072,1500800,0.000000
324,3.240064,5871.870160983,5871.870160983,1076,1506400,0.000000
325,3.250060,5871.880156996,5871.880156996,1079,1510600,0.000000
326,3.260065,5871.890162290,5871.890162290,1082,1514800,0.000000
327,3.270051,5871.900148508,5871.900148508,1086,1520400,0.000000
328,3.280058,5871.910155533,5871.910155533,1089,1524600,0.000000
329,3.290066,5871.920163170,5871.920163170,1092,1528800,0.000000
330,3.300063,5871.930160480,5871.930160480,1096,1534400,0.000000
331,3.310070,5871.940167353,5871.940167353,1099,1538600,0.000000
332,3.320071,5871.950168590,5871.950168590,1102,1542800,0.000000
333,3.330079,5871.960175961,5871.960175961,1106,1548400,0.000000
334,3.340064,5871.970161729,5871.970161729,1109,1552600,0.000000
335,3.350067,5871.980163834,5871.980163834,1112,1556800,0.000000
336,3.360086,5871.990182984,5871.990182984,1116,1562400,0.000000
337,3.370068,5872.000165472,5872.000165472,1119,1566600,0.000000
338,3.380067,5872.010164665,5872.010164665,1122,1570800,0.000000
339,3.390070,5872.020167111,5872.020167111,1125,1575000,0.000000
340,3.400061,5872.030158508,5872.030158508,1129,1580600,0.000000
341,3.410067,5872.040164278,5872.040164278,1132,1584800,0.000000
342,3.420070,5872.050167048,5872.050167048,1135,1589000,0.000000
343,3.430074,5872.060171081,5872.060171081,1139,1594600,0.000000
344,3.440066,5872.070163338,5872.070163338,1142,1598800,0.000000
345,3.450068,5872.080165309,5872.080165309,1145,1603000,0.000000
346,3.460069,5872.090165899,5872.090165899,1149,1608600,0.000000
347,3.470060,5872.100157771,5872.100157771,1152,1612800,0.000000
348,3.480069,5872.110166329,5872.110166329,1155,1617000,0.000000
349,3.490036,5872.120132854,5872.120132854,1159,1622600,0.000000
350,3.500060,5872.130156971,5872.130156971,1162,1626800,0.000000
351,3.510064,5872.140161383,5872.140161383,1165,1631000,0.000000
352,3.520059,5872.150155982,5872.150155982,1169,1636600,0.000000
353,3.530051,5872.160147839,5872.160147839,1172,1640800,0.000000
354,3.540066,5872.170163164,5872.170163164,1175,1645000,0.000000
355,3.550064,5872.180160912,5872.180160912,1179,1650600,0.000000
356,3.560066,5872.190163328,5872.190163328,1182,1654800,0.000000
357,3.570069,5872.200166658,5872.200166658,1185,1659000,0.000000
358,3.580046,5872.210143783,5872.210143783,1189,1664600,0.000000
359,3.590066,5872.220162934,5872.220162934,1192,1668800,0.000000
360,3.600066,5872.230163007,5872.230163007,1195,1673000,0.000000
361,3.610045,5872.240142557,5872.240142557,1199,1678600,0.000000
362,3.620064,5872.250161429,5872.250161429,1202,1682800,0.000000
363,3.630073,5872.260170208,5872.260170208,1205,1687000,0.000000
364,3.640078,5872.270174989,5872.270174989,1209,1692600,0.000000
365,3.650065,5872.280162381,5872.280162381,1212,1696800,0.000000
366,3.660067,5872.290164542,5872.290164542,1215,1701000,0.000000
367,3.670070,5872.300167185,5872.300167185,1218,1705200,0.000000
368,3.680066,5872.310163493,5872.310163493,1222,1710800,0.000000
369,3.690067,5872.320164313,5872.320164313,1225,1715000,0.000000
370,3.700070,5872.330167518,5872.330167518,1228,1719200,0.000000
371,3.710060,5872.340156948,5872.340156948,1232,1724800,0.000000
372,3.720071,5872.350168488,5872.350168488,1235,1729000,0.000000
373,3.730063,5872.360160309,5872.360160309,1238,1733200,0.000000
374,3.740062,5872.370159689,5872.370159689,1242,1738800,0.000000
375,3.750064,5872.380161356,5872.380161356,1245,1743000,0.000000
376,3.760067,5872.390163902,5872.390163902,1248,1747200,0.000000
377,3.770065,5872.400162419,5872.400162419,1252,1752800,0.000000
378,3.780061,5872.410157941,5872.410157941,1255,1757000,0.000000
379,3.790068,5872.420165074,5872.420165074,1258,1761200,0.000000
380,3.800066,5872.430163338,5872.430163338,1262,1766800,0.000000
381,3.810068,5872.440165638,5872.440165638,1265,1771000,0.000000
382,3.820074,5872.450171608,5872.450171608,1268,1775200,0.000000
383,3.830060,5872.460157292,5872.460157292,1272,1780800,0.000000
384,3.840065,5872.470162448,5872.470162448,1275,1785000,0.000000
385,3.850066,5872.480163540,5872.480163540,1278,1789200,0.000000
386,3.860059,5872.490155979,5872.490155979,1282,1794800,0.000000
387,3.870041,5872.500138281,5872.500138281,1285,1799000,0.000000
388,3.880068,5872.510165328,5872.510165328,1288,1803200,0.000000
389,3.890062,5872.520159219,5872.520159219,1292,1808800,0.000000
390,3.900066,5872.530163542,5872.530163542,1295,1813000,0.000000
391,3.910067,5872.540164547,5872.540164547,1298,1817200,0.000000
392,3.920075,5872.550172007,5872.550172007,1302,1822800,0.000000
393,3.930066,5872.560163663,5872.560163663,1305,1827000,0.000000
394,3.940068,5872.570165191,5872.570165191,1308,1831200,0.000000
395,3.950072,5872.580169064,5872.580169064,1311,1835400,0.000000
396,3.960074,5872.590171204,5872.590171204,1315,1841000,0.000000
397,3.970070,5872.600167341,5872.600167341,1318,1845200,0.000000
398,3.980070,5872.610167740,5872.610167740,1321,1849400,0.000000
399,3.990069,5872.620166396,5872.620166396,1325,1855000,0.000000
400,4.000079,5872.630176119,5872.630176119,1328,1859200,0.000000
401,4.010068,5872.640165686,5872.640165686,1331,1863400,0.000000
402,4.020065,5872.650162182,5872.650162182,1335,1869000,0.000000
403,4.030082,5872.660178990,5872.660178990,1338,1873200,0.000000
404,4.040067,5872.670163952,5872.670163952,1341,1877400,0.000000
405,4.050059,5872.680156612,5872.680156612,1345,1883000,0.000000
406,4.060062,5872.690159634,5872.690159634,1348,1887200,0.000000
407,4.070069,5872.700165936,5872.700165936,1351,1891400,0.000000
408,4.080064,5872.710161764,5872.710161764,1355,1897000,0.000000
409,4.090069,5872.720166587,5872.720166587,1358,1901200,0.000000
410,4.100069,5872.730165893,5872.730165893,1361,1905400,0.000000
411,4.110060,5872.740157037,5872.740157037,1365,1911000,0.000000
412,4.120066,5872.750163421,5872.750163421,1368,1915200,0.000000
413,4.130067,5872.760164496,5872.760164496,1371,1919400,0.000000
414,4.140069,5872.770166470,5872.770166470,1375,1925000,0.000000
415,4.150067,5872.780164009,5872.780164009,1378,1929200,0.000000
416,4.160072,5872.790168975,5872.790168975,1381,1933400,0.000000
417,4.170071,5872.800168452,5872.800168452,1385,1939000,0.000000
418,4.180065,5872.810162678,5872.810162678,1388,1943200,0.000000
419,4.190066,5872.820163797,5872.820163797,1391,1947400,0.000000
420,4.200077,5872.830173902,5872.830173902,1395,1953000,0.000000
421,4.210063,5872.840160042,5872.840160042,1398,1957200,0.000000
422,4.220064,5872.850161693,5872.850161693,1401,1961400,0.000000
423,4.230082,5872.860178926,5872.860178926,1404,1965600,0.000000
424,4.240066,5872.870162970,5872.870162970,1408,1971200,0.000000
425,4.250074,5872.880170922,5872.880170922,1411,1975400,0.000000
426,4.260084,5872.890181048,5872.890181048,1414,1979600,0.000000
427,4.270068,5872.900165216,5872.900165216,1418,1985200,0.000000
428,4.280070,5872.910167337,5872.910167337,1421,1989400,0.000000
429,4.290073,5872.920170049,5872.920170049,1424,1993600,0.000000
430,4.300074,5872.930170923,5872.930170923,1428,1999200,0.000000
431,4.310071,5872.940167982,5872.940167982,1431,2003400,0.000000
432,4.320067,5872.950164717,5872.950164717,1434,2007600,0.000000
433,4.330062,5872.960159030,5872.960159030,1438,2013200,0.000000
434,4.340062,5872.970159312,5872.970159312,1441,2017400,0.000000
435,4.350069,5872.980166597,5872.980166597,1444,2021600,0.000000
436,4.360062,5872.990158951,5872.990158951,1448,2027200,0.000000
437,4.370061,5873.000158350,5873.000158350,1451,2031400,0.000000
438,4.380076,5873.010172873,5873.010172873,1454,2035600,0.000000
439,4.390052,5873.020149086,5873.020149086,1458,2041200,0.000000
440,4.400086,5873.030183468,5873.030183468,1461,2045400,0.000000
441,4.410070,5873.040167648,5873.040167648,1464,2049600,0.000000
442,4.420075,5873.050172418,5873.050172418,1468,2055200,0.000000
443,4.430070,5873.060167140,5873.060167140,1471,2059400,0.000000
444,4.440070,5873.070166981,5873.070166981,1474,2063600,0.000000
445,4.450071,5873.080168435,5873.080168435,1478,2069200,0.000000
446,4.460067,5873.090164122,5873.090164122,1481,2073400,0.000000
447,4.470072,5873.100169604,5873.100169604,1484,2077600,0.000000
448,4.480085,5873.110182698,5873.110182698,1488,2083200,0.000000
449,4.490063,5873.120160179,5873.120160179,1491,2087400,0.000000
450,4.500072,5873.130168926,5873.130168926,1494,2091600,0.000000
451,4.510075,5873.140172045,5873.140172045,1497,2095800,0.000000
452,4.520034,5873.150131151,5873.150131151,1501,2101400,0.000000
453,4.530068,5873.160164879,5873.160164879,1504,2105600,0.000000
454,4.540067,5873.170164298,5873.170164298,1507,2109800,0.000000
455,4.550065,5873.180162640,5873.180162640,1511,2115400,0.000000
456,4.560077,5873.190174267,5873.190174267,1514,2119600,0.000000
457,4.570077,5873.200174593,5873.200174593,1517,2123800,0.000000
458,4.580060,5873.210157450,5873.210157450,1521,2129400,0.000000
459,4.590066,5873.220163511,5873.220163511,1524,2133600,0.000000
460,4.600060,5873.230157335,5873.230157335,1527,2137800,0.000000
461,4.610085,5873.240182076,5873.240182076,1531,2143400,0.000000
462,4.620080,5873.250176970,5873.250176970,1534,2147600,0.000000
463,4.630071,5873.260168748,5873.260168748,1537,2151800,0.000000
464,4.640070,5873.270167229,5873.270167229,1541,2157400,0.000000
465,4.650072,5873.280169060,5873.280169060,1544,2161600,0.000000
466,4.660094,5873.290191582,5873.290191582,1547,2165800,0.000000
467,4.670074,5873.300171302,5873.300171302,1551,2171400,0.000000
468,4.680069,5873.310166776,5873.310166776,1554,2175600,0.000000
469,4.690072,5873.320169208,5873.320169208,1557,2179800,0.000000
470,4.700065,5873.330162239,5873.330162239,1561,2185400,0.000000
471,4.710071,5873.340168362,5873.340168362,1564,2189600,0.000000
472,4.720064,5873.350161784,5873.350161784,1567,2193800,0.000000
473,4.730080,5873.360177787,5873.360177787,1571,2199400,0.000000
474,4.740050,5873.370146979,5873.370146979,1574,2203600,0.000000
475,4.750075,5873.380172030,5873.380172030,1577,2207800,0.000000
476,4.760100,5873.390197036,5873.390197036,1581,2213400,0.000000
477,4.770067,5873.400164492,5873.400164492,1584,2217600,0.000000
478,4.780071,5873.410168497,5873.410168497,1587,2221800,0.000000
479,4.790072,5873.420169713,5873.420169713,1590,2226000,0.000000
480,4.800067,5873.430163897,5873.430163897,1594,2231600,0.000000
481,4.810043,5873.440139949,5873.440139949,1597,2235800,0.000000
482,4.820068,5873.450165675,5873.450165675,1600,2240000,0.000000
483,4.830062,5873.460159641,5873.460159641,1604,2245600,0.000000
484,4.840075,5873.470171968,5873.470171968,1607,2249800,0.000000
485,4.850059,5873.480156785,5873.480156785,1610,2254000,0.000000
486,4.860062,5873.490158941,5873.490158941,1614,2259600,0.000000
487,4.870065,5873.500162233,5873.500162233,1617,2263800,0.000000
488,4.880067,5873.510164699,5873.510164699,1620,2268000,0.000000
489,4.890069,5873.520166286,5873.520166286,1624,2273600,0.000000
490,4.900070,5873.530167108,5873.530167108,1627,2277800,0.000000
491,4.910073,5873.540169845,5873.540169845,1630,2282000,0.000000
492,4.920063,5873.550159861,5873.550159861,1634,2287600,0.000000
493,4.930071,5873.560168401,5873.560168401,1637,2291800,0.000000
494,4.940073,5873.570170387,5873.570170387,1640,2296000,0.000000
495,4.950030,5873.580127319,5873.580127319,1644,2301600,0.000000
496,4.960070,5873.590167029,5873.590167029,1647,2305800,0.000000
497,4.970082,5873.600179736,5873.600179736,1650,2310000,0.000000
498,4.980064,5873.610161288,5873.610161288,1654,2315600,0.000000
499,4.990042,5873.620139619,5873.620139619,1657,2319800,0.000000
500,5.000068,5873.630165571,5873.630165571,1660,2324000,0.000000
501,5.010067,5873.640164051,5873.640164051,1664,2329600,0.000000
502,5.020066,5873.650163642,5873.650163642,1667,2333800,0.000000
503,5.030026,5873.660123358,5873.660123358,1670,2338000,0.000000
504,5.040081,5873.670177843,5873.670177843,1674,2343600,0.000000
505,5.050061,5873.680158006,5873.680158006,1677,2347800,0.000000
506,5.060070,5873.690167175,5873.690167175,1680,2352000,0.000000
507,5.070071,5873.700168656,5873.700168656,1683,2356200,0.000000
508,5.080063,5873.710160612,5873.710160612,1687,2361800,0.000000
509,5.090067,5873.720164008,5873.720164008,1690,2366000,0.000000
510,5.100066,5873.730162808,5873.730162808,1693,2370200,0.000000
511,5.110047,5873.740143817,5873.740143817,1697,2375800,0.000000
512,5.120048,5873.750145615,5873.750145615,1700,2380000,0.000000
513,5.130066,5873.760163075,5873.760163075,1703,2384200,0.000000
514,5.140060,5873.770156906,5873.770156906,1707,2389800,0.000000
515,5.150067,5873.780164797,5873.780164797,1710,2394000,0.000000
516,5.160067,5873.790163845,5873.790163845,1713,2398200,0.000000
517,5.170066,5873.800162906,5873.800162906,1717,2403800,0.000000
518,5.180061,5873.810158131,5873.810158131,1720,2408000,0.000000
519,5.190068,5873.820165099,5873.820165099,1723,2412200,0.000000
520,5.200067,5873.830163820,5873.830163820,1727,2417800,0.000000
521,5.210065,5873.840162200,5873.840162200,1730,2422000,0.000000
522,5.220026,5873.850123346,5873.850123346,1733,2426200,0.000000
523,5.230059,5873.860156063,5873.860156063,1737,2431800,0.000000
524,5.240063,5873.870160729,5873.870160729,1740,2436000,0.000000
525,5.250051,5873.880148353,5873.880148353,1743,2440200,0.000000
526,5.260065,5873.890161817,5873.890161817,1747,2445800,0.000000
527,5.270066,5873.900163485,5873.900163485,1750,2450000,0.000000
528,5.280067,5873.910164688,5873.910164688,1753,2454200,0.000000
529,5.290058,5873.920155113,5873.920155113,1757,2459800,0.000000
530,5.300066,5873.930163624,5873.930163624,1760,2464000,0.000000
531,5.310076,5873.940173101,5873.940173101,1763,2468200,0.000000
532,5.320057,5873.950153815,5873.950153815,1767,2473800,0.000000
533,5.330067,5873.960164467,5873.960164467,1770,2478000,0.000000
534,5.340067,5873.970164438,5873.970164438,1773,2482200,0.000000
535,5.350067,5873.980164753,5873.980164753,1776,2486400,0.000000
536,5.360067,5873.990163875,5873.990163875,1780,2492000,0.000000
537,5.370067,5874.000164616,5874.000164616,1783,2496200,0.000000
538,5.380073,5874.010170481,5874.010170481,1786,2500400,0.000000
539,5.390068,5874.020165418,5874.020165418,1790,2506000,0.000000
540,5.400088,5874.030185665,5874.030185665,1793,2510200,0.000000
541,5.410103,5874.040200625,5874.040200625,1796,2514400,0.000000
542,5.420070,5874.050167041,5874.050167041,1800,2520000,0.000000
543,5.430072,5874.060169554,5874.060169554,1803,2524200,0.000000
544,5.440070,5874.070167113,5874.070167113,1806,2528400,0.000000
545,5.450061,5874.080158472,5874.080158472,1810,2534000,0.000000
546,5.460071,5874.090168289,5874.090168289,1813,2538200,0.000000
547,5.470068,5874.100164940,5874.100164940,1816,2542400,0.000000
548,5.480063,5874.110160021,5874.110160021,1820,2548000,0.000000
549,5.490074,5874.120171436,5874.120171436,1823,2552200,0.000000
550,5.500080,5874.130177054,5874.130177054,1826,2556400,0.000000
551,5.510059,5874.140156208,5874.140156208,1830,2562000,0.000000
552,5.520063,5874.150160219,5874.150160219,1833,2566200,0.000000
553,5.530073,5874.160170226,5874.160170226,1836,2570400,0.000000
554,5.540063,5874.170160647,5874.170160647,1840,2576000,0.000000
555,5.550066,5874.180163091,5874.180163091,1843,2580200,0.000000
556,5.560020,5874.190117047,5874.190117047,1846,2584400,0.000000
557,5.570080,5874.200177177,5874.200177177,1850,2590000,0.000000
558,5.580069,5874.210166364,5874.210166364,1853,2594200,0.000000
559,5.590070,5874.220167361,5874.220167361,1856,2598400,0.000000
560,5.600087,5874.230184282,5874.230184282,1860,2604000,0.000000
561,5.610063,5874.240160502,5874.240160502,1863,2608200,0.000000
562,5.620088,5874.250185101,5874.250185101,1866,2612400,0.000000
563,5.630082,5874.260178958,5874.260178958,1869,2616600,0.000000
564,5.640065,5874.270162359,5874.270162359,1873,2622200,0.000000
565,5.650094,5874.280191631,5874.280191631,1876,2626400,0.000000
566,5.660069,5874.290166190,5874.290166190,1879,2630600,0.000000
567,5.670062,5874.300159116,5874.300159116,1883,2636200,0.000000
568,5.680067,5874.310164237,5874.310164237,1886,2640400,0.000000
569,5.690061,5874.320158366,5874.320158366,1889,2644600,0.000000
570,5.700067,5874.330164409,5874.330164409,1893,2650200,0.000000
571,5.710065,5874.340162175,5874.340162175,1896,2654400,0.000000
572,5.720067,5874.350164333,5874.350164333,1899,2658600,0.000000
573,5.730071,5874.360167835,5874.360167835,1903,2664200,0.000000
574,5.740065,5874.370162774,5874.370162774,1906,2668400,0.000000
575,5.750070,5874.380167089,5874.380167089,1909,2672600,0.000000
576,5.760067,5874.390164132,5874.390164132,1913,2678200,0.000000
577,5.770064,5874.400161056,5874.400161056,1916,2682400,0.000000
578,5.780066,5874.410163161,5874.410163161,1919,2686600,0.000000
579,5.790063,5874.420160443,5874.420160443,1923,2692200,0.000000
580,5.800062,5874.430159217,5874.430159217,1926,2696400,0.000000
581,5.810066,5874.440163454,5874.440163454,1929,2700600,0.000000
582,5.820064,5874.450161616,5874.450161616,1933,2706200,0.000000
583,5.830066,5874.460163323,5874.460163323,1936,2710400,0.000000
584,5.840066,5874.470162911,5874.470162911,1939,2714600,0.000000
585,5.850074,5874.480171059,5874.480171059,1943,2720200,0.000000
586,5.860067,5874.490164709,5874.490164709,1946,2724400,0.000000
587,5.870071,5874.500168638,5874.500168638,1949,2728600,0.000000
588,5.880077,5874.510174137,5874.510174137,1953,2734200,0.000000
589,5.890065,5874.520162593,5874.520162593,1956,2738400,0.000000
590,5.900067,5874.530164057,5874.530164057,1959,2742600,0.000000
591,5.910067,5874.540164661,5874.540164661,1962,2746800,0.000000
592,5.920070,5874.550166807,5874.550166807,1966,2752400,0.000000
593,5.930061,5874.560158387,5874.560158387,1969,2756600,0.000000
594,5.940088,5874.570185046,5874.570185046,1972,2760800,0.000000
595,5.950066,5874.580163377,5874.580163377,1976,2766400,0.000000
596,5.960090,5874.590187112,5874.590187112,1979,2770600,0.000000
597,5.970068,5874.600164935,5874.600164935,1982,2774800,0.000000
598,5.980061,5874.610158773,5874.610158773,1986,2780400,0.000000
599,5.990072,5874.620169148,5874.620169148,1989,2784600,0.000000
600,6.000068,5874.630164944,5874.630164944,1992,2788800,0.000000
601,6.010062,5874.640159230,5874.640159230,1996,2794400,0.000000
602,6.020064,5874.650161377,5874.650161377,1999,2798600,0.000000
603,6.030037,5874.660134241,5874.660134241,2002,2802800,0.000000
604,6.040071,5874.670168306,5874.670168306,2006,2808400,0.000000
605,6.050065,5874.680162471,5874.680162471,2009,2812600,0.000000
606,6.060074,5874.690171579,5874.690171579,2012,2816800,0.000000
607,6.070058,5874.700155686,5874.700155686,2016,2822400,0.000000
608,6.080066,5874.710163445,5874.710163445,2019,2826600,0.000000
609,6.090069,5874.720166527,5874.720166527,2022,2830800,0.000000
610,6.100059,5874.730156135,5874.730156135,2026,2836400,0.000000
611,6.110065,5874.740162056,5874.740162056,2029,2840600,0.000000
612,6.120061,5874.750158076,5874.750158076,2032,2844800,0.000000
613,6.130077,5874.760174729,5874.760174729,2036,2850400,0.000000
614,6.140059,5874.770156052,5874.770156052,2039,2854600,0.000000
615,6.150074,5874.780171124,5874.780171124,2042,2858800,0.000000
616,6.160082,5874.790179366,5874.790179366,2046,2864400,0.000000
617,6.170060,5874.800157180,5874.800157180,2049,2868600,0.000000
618,6.180065,5874.810161989,5874.810161989,2052,2872800,0.000000
619,6.190070,5874.820167587,5874.820167587,2055,2877000,0.000000
620,6.200065,5874.830162241,5874.830162241,2059,2882600,0.000000
621,6.210065,5874.840161986,5874.840161986,2062,2886800,0.000000
622,6.220071,5874.850168181,5874.850168181,2065,2891000,0.000000
623,6.230067,5874.860164375,5874.860164375,2069,2896600,0.000000
624,6.240066,5874.870162867,5874.870162867,2072,2900800,0.000000
625,6.250070,5874.880167101,5874.880167101,2075,2905000,0.000000
626,6.260060,5874.890156830,5874.890156830,2079,2910600,0.000000
627,6.270060,5874.900157460,5874.900157460,2082,2914800,0.000000
628,6.280068,5874.910165231,5874.910165231,2085,2919000,0.000000
629,6.290067,5874.920164030,5874.920164030,2089,2924600,0.000000
630,6.300069,5874.930166499,5874.930166499,2092,2928800,0.000000
631,6.310068,5874.940165481,5874.940165481,2095,2933000,0.000000
632,6.320060,5874.950157265,5874.950157265,2099,2938600,0.000000
633,6.330062,5874.960159215,5874.960159215,2102,2942800,0.000000
634,6.340068,5874.970165468,5874.970165468,2105,2947000,0.000000
635,6.350058,5874.980155788,5874.980155788,2109,2952600,0.000000
636,6.360066,5874.990163580,5874.990163580,2112,2956800,0.000000
637,6.370065,5875.000162167,5875.000162167,2115,2961000,0.000000
638,6.380059,5875.010156048,5875.010156048,2119,2966600,0.000000
639,6.390071,5875.020167961,5875.020167961,2122,2970800,0.000000
640,6.400071,5875.030168140,5875.030168140,2125,2975000,0.000000
641,6.410048,5875.040145150,5875.040145150,2129,2980600,0.000000
642,6.420064,5875.050161796,5875.050161796,2132,2984800,0.000000
643,6.430065,5875.060162346,5875.060162346,2135,2989000,0.000000
644,6.440071,5875.070168511,5875.070168511,2139,2994600,0.000000
645,6.450065,5875.080161928,5875.080161928,2142,2998800,0.000000
646,6.460065,5875.090162626,5875.090162626,2145,3003000,0.000000
647,6.470061,5875.100158496,5875.100158496,2148,3007200,0.000000
648,6.480067,5875.110164781,5875.110164781,2152,3012800,0.000000
649,6.490065,5875.120162415,5875.120162415,2155,3017000,0.000000
650,6.500074,5875.130171241,5875.130171241,2158,3021200,0.000000
651,6.510076,5875.140173257,5875.140173257,2162,3026800,0.000000
652,6.520044,5875.150141712,5875.150141712,2165,3031000,0.000000
653,6.530071,5875.160168465,5875.160168465,2168,3035200,0.000000
654,6.540073,5875.170170286,5875.170170286,2172,3040800,0.000000
655,6.550066,5875.180163148,5875.180163148,2175,3045000,0.000000
656,6.560083,5875.190179911,5875.190179911,2178,3049200,0.000000
657,6.570060,5875.200157035,5875.200157035,2182,3054800,0.000000
658,6.580064,5875.210161734,5875.210161734,2185,3059000,0.000000
659,6.590070,5875.220167024,5875.220167024,2188,3063200,0.000000
660,6.600061,5875.230158448,5875.230158448,2192,3068800,0.000000
661,6.610068,5875.240165108,5875.240165108,2195,3073000,0.000000
662,6.620074,5875.250171410,5875.250171410,2198,3077200,0.000000
663,6.630076,5875.260173275,5875.260173275,2202,3082800,0.000000
664,6.640078,5875.270175396,5875.270175396,2205,3087000,0.000000
665,6.650091,5875.280188103,5875.280188103,2208,3091200,0.000000
666,6.660059,5875.290156333,5875.290156333,2212,3096800,0.000000
667,6.670071,5875.300168516,5875.300168516,2215,3101000,0.000000
668,6.680074,5875.310171612,5875.310171612,2218,3105200,0.000000
669,6.690072,5875.320169606,5875.320169606,2222,3110800,0.000000
670,6.700067,5875.330164782,5875.330164782,2225,3115000,0.000000
671,6.710088,5875.340185566,5875.340185566,2228,3119200,0.000000
672,6.720083,5875.350180713,5875.350180713,2232,3124800,0.000000
673,6.730067,5875.360163853,5875.360163853,2235,3129000,0.000000
674,6.740072,5875.370169749,5875.370169749,2238,3133200,0.000000
675,6.750076,5875.380172982,5875.380172982,2241,3137400,0.000000
676,6.760077,5875.390174015,5875.390174015,2245,3143000,0.000000
677,6.770071,5875.400168326,5875.400168326,2248,3147200,0.000000
678,6.780073,5875.410169942,5875.410169942,2251,3151400,0.000000
679,6.790066,5875.420163699,5875.420163699,2255,3157000,0.000000
680,6.800074,5875.430171336,5875.430171336,2258,3161200,0.000000
681,6.810074,5875.440171020,5875.440171020,2261,3165400,0.000000
682,6.820071,5875.450168014,5875.450168014,2265,3171000,0.000000
683,6.830065,5875.460162145,5875.460162145,2268,3175200,0.000000
684,6.840067,5875.470164214,5875.470164214,2271,3179400,0.000000
685,6.850068,5875.480165054,5875.480165054,2275,3185000,0.000000
686,6.860060,5875.490157439,5875.490157439,2278,3189200,0.000000
687,6.870079,5875.500176771,5875.500176771,2281,3193400,0.000000
688,6.880062,5875.510159550,5875.510159550,2285,3199000,0.000000
689,6.890071,5875.520167808,5875.520167808,2288,3203200,0.000000
690,6.900072,5875.530169196,5875.530169196,2291,3207400,0.000000
691,6.910065,5875.540162091,5875.540162091,2295,3213000,0.000000
692,6.920067,5875.550164687,5875.550164687,2298,3217200,0.000000
693,6.930072,5875.560169465,5875.560169465,2301,3221400,0.000000
694,6.940064,5875.570161533,5875.570161533,2305,3227000,0.000000
695,6.950071,5875.580168298,5875.580168298,2308,3231200,0.000000
696,6.960016,5875.590113535,5875.590113535,2311,3235400,0.000000
697,6.970060,5875.600157767,5875.600157767,2315,3241000,0.000000
698,6.980044,5875.610141708,5875.610141708,2318,3245200,0.000000
699,6.990072,5875.620168990,5875.620168990,2321,3249400,0.000000
700,7.000077,5875.630174016,5875.630174016,2325,3255000,0.000000
701,7.010068,5875.640165044,5875.640165044,2328,3259200,0.000000
702,7.020069,5875.650166478,5875.650166478,2331,3263400,0.000000
703,7.030070,5875.660167671,5875.660167671,2334,3267600,0.000000
704,7.040072,5875.670168867,5875.670168867,2338,3273200,0.000000
705,7.050073,5875.680170068,5875.680170068,2341,3277400,0.000000
706,7.060075,5875.690171827,5875.690171827,2344,3281600,0.000000
707,7.070070,5875.700167495,5875.700167495,2348,3287200,0.000000
708,7.080073,5875.710170022,5875.710170022,2351,3291400,0.000000
709,7.090067,5875.720164473,5875.720164473,2354,3295600,0.000000
710,7.100067,5875.730164249,5875.730164249,2358,3301200,0.000000
711,7.110079,5875.740176700,5875.740176700,2361,3305400,0.000000
712,7.120065,5875.750162395,5875.750162395,2364,3309600,0.000000
713,7.130067,5875.760163973,5875.760163973,2368,3315200,0.000000
714,7.140063,5875.770160188,5875.770160188,2371,3319400,0.000000
715,7.150070,5875.780166926,5875.780166926,2374,3323600,0.000000
716,7.160067,5875.790164572,5875.790164572,2378,3329200,0.000000
717,7.170070,5875.800167377,5875.800167377,2381,3333400,0.000000
718,7.180064,5875.810161568,5875.810161568,2384,3337600,0.000000
719,7.190064,5875.820161640,5875.820161640,2388,3343200,0.000000
720,7.200067,5875.830164310,5875.830164310,2391,3347400,0.000000
721,7.210065,5875.840162058,5875.840162058,2394,3351600,0.000000
722,7.220058,5875.850155788,5875.850155788,2398,3357200,0.000000
723,7.230067,5875.860164527,5875.860164527,2401,3361400,0.000000
724,7.240073,5875.870170474,5875.870170474,2404,3365600,0.000000
725,7.250068,5875.880164936,5875.880164936,2408,3371200,0.000000
726,7.260065,5875.890162684,5875.890162684,2411,3375400,0.000000
727,7.270066,5875.900163787,5875.900163787,2414,3379600,0.000000
728,7.280074,5875.910171301,5875.910171301,2418,3385200,0.000000
729,7.290059,5875.920156497,5875.920156497,2421,3389400,0.000000
730,7.300065,5875.930162751,5875.930162751,2424,3393600,0.000000
731,7.310041,5875.940138574,5875.940138574,2427,3397800,0.000000
732,7.320063,5875.950160795,5875.950160795,2431,3403400,0.000000
733,7.330067,5875.960163916,5875.960163916,2434,3407600,0.000000
734,7.340071,5875.970168618,5875.970168618,2437,3411800,0.000000
735,7.350063,5875.980160278,5875.980160278,2441,3417400,0.000000
736,7.360068,5875.990165321,5875.990165321,2444,3421600,0.000000
737,7.370061,5876.000158668,5876.000158668,2447,3425800,0.000000
738,7.380062,5876.010159768,5876.010159768,2451,3431400,0.000000
739,7.390060,5876.020157142,5876.020157142,2454,3435600,0.000000
740,7.400066,5876.030163437,5876.030163437,2457,3439800,0.000000
741,7.410068,5876.040165561,5876.040165561,2461,3445400,0.000000
742,7.420065,5876.050162161,5876.050162161,2464,3449600,0.000000
743,7.430069,5876.060166099,5876.060166099,2467,3453800,0.000000
744,7.440068,5876.070164935,5876.070164935,2471,3459400,0.000000
745,7.450062,5876.080158925,5876.080158925,2474,3463600,0.000000
746,7.460056,5876.090153499,5876.090153499,2477,3467800,0.000000
747,7.470064,5876.100161360,5876.100161360,2481,3473400,0.000000
748,7.480070,5876.110167014,5876.110167014,2484,3477600,0.000000
749,7.490071,5876.120168270,5876.120168270,2487,3481800,0.000000
750,7.500059,5876.130156100,5876.130156100,2491,3487400,0.000000
751,7.510078,5876.140175460,5876.140175460,2494,3491600,0.000000
752,7.520070,5876.150167288,5876.150167288,2497,3495800,0.000000
753,7.530052,5876.160149507,5876.160149507,2501,3501400,0.000000
754,7.540065,5876.170162134,5876.170162134,2504,3505600,0.000000
755,7.550068,5876.180165705,5876.180165705,2507,3509800,0.000000
756,7.560076,5876.190173234,5876.190173234,2511,3515400,0.000000
757,7.570065,5876.200161848,5876.200161848,2514,3519600,0.000000
758,7.580067,5876.210163982,5876.210163982,2517,3523800,0.000000
759,7.590068,5876.220165591,5876.220165591,2520,3528000,0.000000
760,7.600030,5876.230127152,5876.230127152,2524,3533600,0.000000
761,7.610066,5876.240163707,5876.240163707,2527,3537800,0.000000
762,7.620064,5876.250161519,5876.250161519,2530,3542000,0.000000
763,7.630065,5876.260162230,5876.260162230,2534,3547600,0.000000
764,7.640062,5876.270158881,5876.270158881,2537,3551800,0.000000
765,7.650042,5876.280139086,5876.280139086,2540,3556000,0.000000
766,7.660070,5876.290166838,5876.290166838,2544,3561600,0.000000
767,7.670067,5876.300164578,5876.300164578,2547,3565800,0.000000
768,7.680066,5876.310162886,5876.310162886,2550,3570000,0.000000
769,7.690062,5876.320159127,5876.320159127,2554,3575600,0.000000
770,7.700068,5876.330165455,5876.330165455,2557,3579800,0.000000
771,7.710063,5876.340159956,5876.340159956,2560,3584000,0.000000
772,7.720060,5876.350156996,5876.350156996,2564,3589600,0.000000
773,7.730067,5876.360164117,5876.360164117,2567,3593800,0.000000
774,7.740050,5876.370147322,5876.370147322,2570,3598000,0.000000
775,7.750056,5876.380153162,5876.380153162,2574,3603600,0.000000
776,7.760065,5876.390161842,5876.390161842,2577,3607800,0.000000
777,7.770070,5876.400167309,5876.400167309,2580,3612000,0.000000
778,7.780058,5876.410155445,5876.410155445,2584,3617600,0.000000
779,7.790066,5876.420163183,5876.420163183,2587,3621800,0.000000
780,7.800070,5876.430166850,5876.430166850,2590,3626000,0.000000
781,7.810052,5876.440148985,5876.440148985,2594,3631600,0.000000
782,7.820066,5876.450163142,5876.450163142,2597,3635800,0.000000
783,7.830063,5876.460160472,5876.460160472,2600,3640000,0.000000
784,7.840072,5876.470169310,5876.470169310,2604,3645600,0.000000
785,7.850066,5876.480163633,5876.480163633,2607,3649800,0.000000
786,7.860063,5876.490160359,5876.490160359,2610,3654000,0.000000
787,7.870048,5876.500145497,5876.500145497,2613,3658200,0.000000
788,7.880069,5876.510166614,5876.510166614,2617,3663800,0.000000
789,7.890067,5876.520163958,5876.520163958,2620,3668000,0.000000
790,7.900066,5876.530163336,5876.530163336,2623,3672200,0.000000
791,7.910068,5876.540164867,5876.540164867,2627,3677800,0.000000
792,7.920072,5876.550169007,5876.550169007,2630,3682000,0.000000
793,7.930069,5876.560166574,5876.560166574,2633,3686200,0.000000
794,7.940066,5876.570163426,5876.570163426,2637,3691800,0.000000
795,7.950064,5876.580161420,5876.580161420,2640,3696000,0.000000
796,7.960062,5876.590159764,5876.590159764,2643,3700200,0.000000
797,7.970014,5876.600110870,5876.600110870,2647,3705800,0.000000
798,7.980059,5876.610156571,5876.610156571,2650,3710000,0.000000
799,7.990041,5876.620138178,5876.620138178,2653,3714200,0.000000
800,8.000065,5876.630161869,5876.630161869,2657,3719800,0.000000
801,8.010063,5876.640160082,5876.640160082,2660,3724000,0.000000
802,8.020076,5876.650173604,5876.650173604,2663,3728200,0.000000
803,8.030062,5876.660159719,5876.660159719,2667,3733800,0.000000
804,8.040090,5876.670187646,5876.670187646,2670,3738000,0.000000
805,8.050062,5876.680159736,5876.680159736,2673,3742200,0.000000
806,8.060058,5876.690155665,5876.690155665,2677,3747800,0.000000
807,8.070061,5876.700158722,5876.700158722,2680,3752000,0.000000
808,8.080071,5876.710167846,5876.710167846,2683,3756200,0.000000
809,8.090049,5876.720146051,5876.720146051,2687,3761800,0.000000
810,8.100070,5876.730166873,5876.730166873,2690,3766000,0.000000
811,8.110060,5876.740157540,5876.740157540,2693,3770200,0.000000
812,8.120073,5876.750170614,5876.750170614,2697,3775800,0.000000
813,8.130062,5876.760159606,5876.760159606,2700,3780000,0.000000
814,8.140066,5876.770163222,5876.770163222,2703,3784200,0.000000
815,8.150041,5876.780138727,5876.780138727,2706,3788400,0.000000
816,8.160066,5876.790163564,5876.790163564,2710,3794000,0.000000
817,8.170072,5876.800168942,5876.800168942,2713,3798200,0.000000
818,8.180081,5876.810178562,5876.810178562,2716,3802400,0.000000
819,8.190068,5876.820165425,5876.820165425,2720,3808000,0.000000
820,8.200073,5876.830170197,5876.830170197,2723,3812200,0.000000
821,8.210068,5876.840165331,5876.840165331,2726,3816400,0.000000
822,8.220063,5876.850160309,5876.850160309,2730,3822000,0.000000
823,8.230067,5876.860164167,5876.860164167,2733,3826200,0.000000
824,8.240063,5876.870160517,5876.870160517,2736,3830400,0.000000
825,8.250059,5876.880156761,5876.880156761,2740,3836000,0.000000
826,8.260068,5876.890164856,5876.890164856,2743,3840200,0.000000
827,8.270061,5876.900158587,5876.900158587,2746,3844400,0.000000
828,8.280075,5876.910172124,5876.910172124,2750,3850000,0.000000
829,8.290062,5876.920159767,5876.920159767,2753,3854200,0.000000
830,8.300076,5876.930173646,5876.930173646,2756,3858400,0.000000
831,8.310059,5876.940156439,5876.940156439,2760,3864000,0.000000
832,8.320072,5876.950169341,5876.950169341,2763,3868200,0.000000
833,8.330072,5876.960169736,5876.960169736,2766,3872400,0.000000
834,8.340059,5876.970155893,5876.970155893,2770,3878000,0.000000
835,8.350067,5876.980163944,5876.980163944,2773,3882200,0.000000
836,8.360068,5876.990165608,5876.990165608,2776,3886400,0.000000
837,8.370061,5877.000158593,5877.000158593,2780,3892000,0.000000
838,8.380067,5877.010164738,5877.010164738,2783,3896200,0.000000
839,8.390069,5877.020166376,5877.020166376,2786,3900400,0.000000
840,8.400076,5877.030173713,5877.030173713,2790,3906000,0.000000
841,8.410067,5877.040164385,5877.040164385,2793,3910200,0.000000
842,8.420069,5877.050165961,5877.050165961,2796,3914400,0.000000
843,8.430070,5877.060167691,5877.060167691,2799,3918600,0.000000
844,8.440072,5877.070169073,5877.070169073,2803,3924200,0.000000
845,8.450071,5877.080167933,5877.080167933,2806,3928400,0.000000
846,8.460067,5877.090164235,5877.090164235,2809,3932600,0.000000
847,8.470066,5877.100163719,5877.100163719,2813,3938200,0.000000
848,8.480045,5877.110142421,5877.110142421,2816,3942400,0.000000
849,8.490065,5877.120162590,5877.120162590,2819,3946600,0.000000
850,8.500066,5877.130162879,5877.130162879,2823,3952200,0.000000
851,8.510070,5877.140166999,5877.140166999,2826,3956400,0.000000
852,8.520078,5877.150175223,5877.150175223,2829,3960600,0.000000
853,8.530062,5877.160159311,5877.160159311,2833,3966200,0.000000
854,8.540065,5877.170161803,5877.170161803,2836,3970400,0.000000
855,8.550069,5877.180166103,5877.180166103,2839,3974600,0.000000
856,8.560061,5877.190158675,5877.190158675,2843,3980200,0.000000
857,8.570071,5877.200168087,5877.200168087,2846,3984400,0.000000
858,8.580031,5877.210128562,5877.210128562,2849,3988600,0.000000
859,8.590062,5877.220159420,5877.220159420,2853,3994200,0.000000
860,8.600065,5877.230162467,5877.230162467,2856,3998400,0.000000
861,8.610066,5877.240163515,5877.240163515,2859,4002600,0.000000
862,8.620100,5877.250197155,5877.250197155,2863,4008200,0.000000
863,8.630067,5877.260164114,5877.260164114,2866,4012400,0.000000
864,8.640066,5877.270162971,5877.270162971,2869,4016600,0.000000
865,8.650062,5877.280159264,5877.280159264,2873,4022200,0.000000
866,8.660068,5877.290164873,5877.290164873,2876,4026400,0.000000
867,8.670068,5877.300164881,5877.300164881,2879,4030600,0.000000
868,8.680073,5877.310169946,5877.310169946,2883,4036200,0.000000
869,8.690063,5877.320160419,5877.320160419,2886,4040400,0.000000
870,8.700067,5877.330164440,5877.330164440,2889,4044600,0.000000
871,8.710060,5877.340157435,5877.340157435,2892,4048800,0.000000
872,8.720063,5877.350160682,5877.350160682,2896,4054400,0.000000
873,8.730073,5877.360170446,5877.360170446,2899,4058600,0.000000
874,8.740077,5877.370173825,5877.370173825,2902,4062800,0.000000
875,8.750067,5877.380164731,5877.380164731,2906,4068400,0.000000
876,8.760067,5877.390164467,5877.390164467,2909,4072600,0.000000
877,8.770052,5877.400148799,5877.400148799,2912,4076800,0.000000
878,8.780048,5877.410145318,5877.410145318,2916,4082400,0.000000
879,8.790066,5877.420163141,5877.420163141,2919,4086600,0.000000
880,8.800066,5877.430163564,5877.430163564,2922,4090800,0.000000
881,8.810064,5877.440161554,5877.440161554,2926,4096400,0.000000
882,8.820078,5877.450175225,5877.450175225,2929,4100600,0.000000
883,8.830071,5877.460168432,5877.460168432,2932,4104800,0.000000
884,8.840062,5877.470159754,5877.470159754,2936,4110400,0.000000
885,8.850080,5877.480177426,5877.480177426,2939,4114600,0.000000
886,8.860066,5877.490163429,5877.490163429,2942,4118800,0.000000
887,8.870048,5877.500145775,5877.500145775,2946,4124400,0.000000
888,8.880024,5877.510121146,5877.510121146,2949,4128600,0.000000
889,8.890069,5877.520166214,5877.520166214,2952,4132800,0.000000
890,8.900059,5877.530156765,5877.530156765,2956,4138400,0.000000
891,8.910066,5877.540163587,5877.540163587,2959,4142600,0.000000
892,8.920062,5877.550159611,5877.550159611,2962,4146800,0.000000
893,8.930041,5877.560138042,5877.560138042,2966,4152400,0.000000
894,8.940068,5877.570165660,5877.570165660,2969,4156600,0.000000
895,8.950066,5877.580163772,5877.580163772,2972,4160800,0.000000
896,8.960079,5877.590176035,5877.590176035,2976,4166400,0.000000
897,8.970064,5877.600161161,5877.600161161,2979,4170600,0.000000
898,8.980067,5877.610164608,5877.610164608,2982,4174800,0.000000
899,8.990047,5877.620144319,5877.620144319,2985,4179000,0.000000
900,9.000060,5877.630157324,5877.630157324,2989,4184600,0.000000
901,9.010069,5877.640166713,5877.640166713,2992,4188800,0.000000
902,9.020067,5877.650164125,5877.650164125,2995,4193000,0.000000
903,9.030063,5877.660160106,5877.660160106,2999,4198600,0.000000
904,9.040068,5877.670164870,5877.670164870,3002,4202800,0.000000
905,9.050069,5877.680166256,5877.680166256,3005,4207000,0.000000
906,9.060066,5877.690163014,5877.690163014,3009,4212600,0.000000
907,9.070047,5877.700144794,5877.700144794,3012,4216800,0.000000
908,9.080065,5877.710162752,5877.710162752,3015,4221000,0.000000
909,9.090026,5877.720123520,5877.720123520,3019,4226600,0.000000
910,9.100065,5877.730162337,5877.730162337,3022,4230800,0.000000
911,9.110068,5877.740165648,5877.740165648,3025,4235000,0.000000
912,9.120065,5877.750161849,5877.750161849,3029,4240600,0.000000
913,9.130060,5877.760157750,5877.760157750,3032,4244800,0.000000
914,9.140072,5877.770169244,5877.770169244,3035,4249000,0.000000
915,9.150070,5877.780167095,5877.780167095,3039,4254600,0.000000
916,9.160071,5877.790167872,5877.790167872,3042,4258800,0.000000
917,9.170077,5877.800174589,5877.800174589,3045,4263000,0.000000
918,9.180059,5877.810156236,5877.810156236,3049,4268600,0.000000
919,9.190062,5877.820159152,5877.820159152,3052,4272800,0.000000
920,9.200072,5877.830169490,5877.830169490,3055,4277000,0.000000
921,9.210043,5877.840140645,5877.840140645,3059,4282600,0.000000
922,9.220041,5877.850138536,5877.850138536,3062,4286800,0.000000
923,9.230065,5877.860162176,5877.860162176,3065,4291000,0.000000
924,9.240074,5877.870171213,5877.870171213,3069,4296600,0.000000
925,9.250065,5877.880162075,5877.880162075,3072,4300800,0.000000
926,9.260067,5877.890164252,5877.890164252,3075,4305000,0.000000
927,9.270069,5877.900166198,5877.900166198,3078,4309200,0.000000
928,9.280033,5877.910130057,5877.910130057,3082,4314800,0.000000
929,9.290072,5877.920169682,5877.920169682,3085,4319000,0.000000
930,9.300070,5877.930167341,5877.930167341,3088,4323200,0.000000
931,9.310074,5877.940171062,5877.940171062,3092,4328800,0.000000
932,9.320072,5877.950169541,5877.950169541,3095,4333000,0.000000
933,9.330071,5877.960168395,5877.960168395,3098,4337200,0.000000
934,9.340065,5877.970162366,5877.970162366,3102,4342800,0.000000
935,9.350060,5877.980157723,5877.980157723,3105,4347000,0.000000
936,9.360065,5877.990161802,5877.990161802,3108,4351200,0.000000
937,9.370070,5878.000167108,5878.000167108,3112,4356800,0.000000
938,9.380069,5878.010166004,5878.010166004,3115,4361000,0.000000
939,9.390059,5878.020156508,5878.020156508,3118,4365200,0.000000
940,9.400059,5878.030156142,5878.030156142,3122,4370800,0.000000
941,9.410062,5878.040158940,5878.040158940,3125,4375000,0.000000
942,9.420077,5878.050174626,5878.050174626,3128,4379200,0.000000
943,9.430062,5878.060159592,5878.060159592,3132,4384800,0.000000
944,9.440067,5878.070164727,5878.070164727,3135,4389000,0.000000
945,9.450068,5878.080165331,5878.080165331,3138,4393200,0.000000
946,9.460063,5878.090160266,5878.090160266,3142,4398800,0.000000
947,9.470067,5878.100164512,5878.100164512,3145,4403000,0.000000
948,9.480068,5878.110165379,5878.110165379,3148,4407200,0.000000
949,9.490072,5878.120168890,5878.120168890,3152,4412800,0.000000
950,9.500070,5878.130167524,5878.130167524,3155,4417000,0.000000
951,9.510074,5878.140171417,5878.140171417,3158,4421200,0.000000
952,9.520077,5878.150173834,5878.150173834,3162,4426800,0.000000
953,9.530066,5878.160163001,5878.160163001,3165,4431000,0.000000
954,9.540070,5878.170167552,5878.170167552,3168,4435200,0.000000
955,9.550078,5878.180175084,5878.180175084,3171,4439400,0.000000
956,9.560066,5878.190163717,5878.190163717,3175,4445000,0.000000
957,9.570071,5878.200168376,5878.200168376,3178,4449200,0.000000
958,9.580070,5878.210167695,5878.210167695,3181,4453400,0.000000
959,9.590070,5878.220167756,5878.220167756,3185,4459000,0.000000
960,9.600066,5878.230163099,5878.230163099,3188,4463200,0.000000
961,9.610073,5878.240170450,5878.240170450,3191,4467400,0.000000
962,9.620068,5878.250165389,5878.250165389,3195,4473000,0.000000
963,9.630068,5878.260165648,5878.260165648,3198,4477200,0.000000
964,9.640067,5878.270164032,5878.270164032,3201,4481400,0.000000
965,9.650070,5878.280167418,5878.280167418,3205,4487000,0.000000
966,9.660073,5878.290169978,5878.290169978,3208,4491200,0.000000
967,9.670069,5878.300166742,5878.300166742,3211,4495400,0.000000
968,9.680066,5878.310163498,5878.310163498,3215,4501000,0.000000
969,9.690052,5878.320149372,5878.320149372,3218,4505200,0.000000
970,9.700076,5878.330173725,5878.330173725,3221,4509400,0.000000
971,9.710059,5878.340156337,5878.340156337,3225,4515000,0.000000
972,9.720071,5878.350168273,5878.350168273,3228,4519200,0.000000
973,9.730071,5878.360168623,5878.360168623,3231,4523400,0.000000
974,9.740059,5878.370156609,5878.370156609,3235,4529000,0.000000
975,9.750066,5878.380163309,5878.380163309,3238,4533200,0.000000
976,9.760073,5878.390169847,5878.390169847,3241,4537400,0.000000
977,9.770064,5878.400161540,5878.400161540,3245,4543000,0.000000
978,9.780068,5878.410165619,5878.410165619,3248,4547200,0.000000
979,9.790069,5878.420165825,5878.420165825,3251,4551400,0.000000
980,9.800083,5878.430180184,5878.430180184,3255,4557000,0.000000
981,9.810065,5878.440162460,5878.440162460,3258,4561200,0.000000
982,9.820067,5878.450164608,5878.450164608,3261,4565400,0.000000
983,9.830068,5878.460164820,5878.460164820,3264,4569600,0.000000
984,9.840071,5878.470167830,5878.470167830,3268,4575200,0.000000
985,9.850067,5878.480164655,5878.480164655,3271,4579400,0.000000
986,9.860064,5878.490161705,5878.490161705,3274,4583600,0.000000
987,9.870066,5878.500163186,5878.500163186,3278,4589200,0.000000
988,9.880067,5878.510164620,5878.510164620,3281,4593400,0.000000
989,9.890068,5878.520164800,5878.520164800,3284,4597600,0.000000
990,9.900074,5878.530171480,5878.530171480,3288,4603200,0.000000
991,9.910066,5878.540163542,5878.540163542,3291,4607400,0.000000
992,9.920076,5878.550173063,5878.550173063,3294,4611600,0.000000
993,9.930067,5878.560164460,5878.560164460,3298,4617200,0.000000
994,9.940071,5878.570168723,5878.570168723,3301,4621400,0.000000
995,9.950066,5878.580163113,5878.580163113,3304,4625600,0.000000
996,9.960062,5878.590159520,5878.590159520,3308,4631200,0.000000
997,9.970068,5878.600165576,5878.600165576,3311,4635400,0.000000
998,9.980080,5878.610176963,5878.610176963,3314,4639600,0.000000
999,9.990058,5878.620155392,5878.620155392,3318,4645200,0.000000
1000,10.000072,5878.630168851,5878.630168851,3321,4649400,0.000000
1001,10.010074,5878.640170835,5878.640170835,3324,4653600,0.000000
1002,10.020059,5878.650156664,5878.650156664,3328,4659200,0.000000
1003,10.030064,5878.660161365,5878.660161365,3331,4663400,0.000000
1004,10.040075,5878.670172371,5878.670172371,3334,4667600,0.000000
1005,10.050063,5878.680160174,5878.680160174,3338,4673200,0.000000
1006,10.060067,5878.690164554,5878.690164554,3341,4677400,0.000000
1007,10.070035,5878.700132130,5878.700132130,3344,4681600,0.000000
1008,10.080084,5878.710181009,5878.710181009,3348,4687200,0.000000
1009,10.090069,5878.720166019,5878.720166019,3351,4691400,0.000000
1010,10.100071,5878.730167913,5878.730167913,3354,4695600,0.000000
1011,10.110072,5878.740169287,5878.740169287,3357,4699800,0.000000
1012,10.120064,5878.750160799,5878.750160799,3361,4705400,0.000000
1013,10.130066,5878.760163686,5878.760163686,3364,4709600,0.000000
1014,10.140068,5878.770165323,5878.770165323,3367,4713800,0.000000
1015,10.150066,5878.780163377,5878.780163377,3371,4719400,0.000000
1016,10.160068,5878.790165016,5878.790165016,3374,4723600,0.000000
1017,10.170068,5878.800164894,5878.800164894,3377,4727800,0.000000
1018,10.180062,5878.810159231,5878.810159231,3381,4733400,0.000000
1019,10.190071,5878.820168539,5878.820168539,3384,4737600,0.000000
1020,10.200074,5878.830171080,5878.830171080,3387,4741800,0.000000
1021,10.210068,5878.840165242,5878.840165242,3391,4747400,0.000000
1022,10.220063,5878.850160489,5878.850160489,3394,4751600,0.000000
1023,10.230074,5878.860171792,5878.860171792,3397,4755800,0.000000
1024,10.240062,5878.870159168,5878.870159168,3401,4761400,0.000000
1025,10.250077,5878.880173942,5878.880173942,3404,4765600,0.000000
1026,10.260065,5878.890161870,5878.890161870,3407,4769800,0.000000
1027,10.270060,5878.900157227,5878.900157227,3411,4775400,0.000000
1028,10.280066,5878.910163138,5878.910163138,3414,4779600,0.000000
1029,10.290072,5878.920169008,5878.920169008,3417,4783800,0.000000
1030,10.300060,5878.930157009,5878.930157009,3421,4789400,0.000000
1031,10.310076,5878.940172885,5878.940172885,3424,4793600,0.000000
1032,10.320034,5878.950131005,5878.950131005,3427,4797800,0.000000
1033,10.330048,5878.960145046,5878.960145046,3431,4803400,0.000000
1034,10.340078,5878.970175224,5878.970175224,3434,4807600,0.000000
1035,10.350074,5878.980171027,5878.980171027,3437,4811800,0.000000
1036,10.360078,5878.990175641,5878.990175641,3441,4817400,0.000000
1037,10.370066,5879.000163005,5879.000163005,3444,4821600,0.000000
1038,10.380067,5879.010164479,5879.010164479,3447,4825800,0.000000
1039,10.390076,5879.020173381,5879.020173381,3450,4830000,0.000000
1040,10.400080,5879.030177277,5879.030177277,3454,4835600,0.000000
1041,10.410064,5879.040160812,5879.040160812,3457,4839800,0.000000
1042,10.420067,5879.050164616,5879.050164616,3460,4844000,0.000000
1043,10.430059,5879.060156572,5879.060156572,3464,4849600,0.000000
1044,10.440067,5879.070164130,5879.070164130,3467,4853800,0.000000
1045,10.450097,5879.080193820,5879.080193820,3470,4858000,0.000000
1046,10.460069,5879.090166175,5879.090166175,3474,4863600,0.000000
1047,10.470076,5879.100173605,5879.100173605,3477,4867800,0.000000
1048,10.480080,5879.110177747,5879.110177747,3480,4872000,0.000000
1049,10.490066,5879.120163382,5879.120163382,3484,4877600,0.000000
1050,10.500063,5879.130160570,5879.130160570,3487,4881800,0.000000
1051,10.510088,5879.140184801,5879.140184801,3490,4886000,0.000000
1052,10.520061,5879.150158255,5879.150158255,3494,4891600,0.000000
1053,10.530070,5879.160166841,5879.160166841,3497,4895800,0.000000
1054,10.540082,5879.170178910,5879.170178910,3500,4900000,0.000000
1055,10.550060,5879.180157002,5879.180157002,3504,4905600,0.000000
1056,10.560070,5879.190167197,5879.190167197,3507,4909800,0.000000
1057,10.570070,5879.200167697,5879.200167697,3510,4914000,0.000000
1058,10.580059,5879.210155823,5879.210155823,3514,4919600,0.000000
1059,10.590065,5879.220162407,5879.220162407,3517,4923800,0.000000
1060,10.600051,5879.230148036,5879.230148036,3520,4928000,0.000000
1061,10.610048,5879.240145619,5879.240145619,3524,4933600,0.000000
1062,10.620070,5879.250167400,5879.250167400,3527,4937800,0.000000
1063,10.630038,5879.260134810,5879.260134810,3530,4942000,0.000000
1064,10.640080,5879.270177389,5879.270177389,3534,4947600,0.000000
1065,10.650073,5879.280169937,5879.280169937,3537,4951800,0.000000
1066,10.660076,5879.290173491,5879.290173491,3540,4956000,0.000000
1067,10.670065,5879.300162791,5879.300162791,3543,4960200,0.000000
1068,10.680069,5879.310166784,5879.310166784,3547,4965800,0.000000
1069,10.690067,5879.320164740,5879.320164740,3550,4970000,0.000000
1070,10.700070,5879.330166980,5879.330166980,3553,4974200,0.000000
1071,10.710072,5879.340169735,5879.340169735,3557,4979800,0.000000
1072,10.720070,5879.350166896,5879.350166896,3560,4984000,0.000000
1073,10.730069,5879.360165802,5879.360165802,3563,4988200,0.000000
1074,10.740065,5879.370162378,5879.370162378,3567,4993800,0.000000
1075,10.750071,5879.380168565,5879.380168565,3570,4998000,0.000000
1076,10.760066,5879.390163432,5879.390163432,3573,5002200,0.000000
1077,10.770062,5879.400158846,5879.400158846,3577,5007800,0.000000
1078,10.780073,5879.410170449,5879.410170449,3580,5012000,0.000000
1079,10.790071,5879.420168557,5879.420168557,3583,5016200,0.000000
1080,10.800065,5879.430161817,5879.430161817,3587,5021800,0.000000
1081,10.810070,5879.440167175,5879.440167175,3590,5026000,0.000000
1082,10.820065,5879.450162711,5879.450162711,3593,5030200,0.000000
1083,10.830063,5879.460160113,5879.460160113,3597,5035800,0.000000
1084,10.840067,5879.470164309,5879.470164309,3600,5040000,0.000000
1085,10.850078,5879.480174947,5879.480174947,3603,5044200,0.000000
1086,10.860059,5879.490156650,5879.490156650,3607,5049800,0.000000
1087,10.870066,5879.500163725,5879.500163725,3610,5054000,0.000000
1088,10.880071,5879.510168670,5879.510168670,3613,5058200,0.000000
1089,10.890048,5879.520145348,5879.520145348,3617,5063800,0.000000
1090,10.900044,5879.530141147,5879.530141147,3620,5068000,0.000000
1091,10.910069,5879.540166119,5879.540166119,3623,5072200,0.000000
1092,10.920082,5879.550179031,5879.550179031,3627,5077800,0.000000
1093,10.930067,5879.560164558,5879.560164558,3630,5082000,0.000000
1094,10.940071,5879.570168099,5879.570168099,3633,5086200,0.000000
1095,10.950067,5879.580164796,5879.580164796,3636,5090400,0.000000
1096,10.960065,5879.590162114,5879.590162114,3640,5096000,0.000000
1097,10.970067,5879.600164232,5879.600164232,3643,5100200,0.000000
1098,10.980069,5879.610165930,5879.610165930,3646,5104400,0.000000
1099,10.990065,5879.620162698,5879.620162698,3650,5110000,0.000000
1100,11.000066,5879.630163632,5879.630163632,3653,5114200,0.000000
1101,11.010091,5879.640188534,5879.640188534,3656,5118400,0.000000
1102,11.020100,5879.650197045,5879.650197045,3660,5124000,0.000000
1103,11.030067,5879.660163921,5879.660163921,3663,5128200,0.000000
1104,11.040077,5879.670173805,5879.670173805,3666,5132400,0.000000
1105,11.050062,5879.680159691,5879.680159691,3670,5138000,0.000000
1106,11.060064,5879.690161415,5879.690161415,3673,5142200,0.000000
1107,11.070067,5879.700164284,5879.700164284,3676,5146400,0.000000
1108,11.080062,5879.710159302,5879.710159302,3680,5152000,0.000000
1109,11.090071,5879.720167940,5879.720167940,3683,5156200,0.000000
1110,11.100075,5879.730172586,5879.730172586,3686,5160400,0.000000
1111,11.110056,5879.740153365,5879.740153365,3690,5166000,0.000000
1112,11.120072,5879.750168980,5879.750168980,3693,5170200,0.000000
1113,11.130067,5879.760163974,5879.760163974,3696,5174400,0.000000
1114,11.140059,5879.770156711,5879.770156711,3700,5180000,0.000000
1115,11.150062,5879.780159341,5879.780159341,3703,5184200,0.000000
1116,11.160082,5879.790178889,5879.790178889,3706,5188400,0.000000
1117,11.170064,5879.800160816,5879.800160816,3710,5194000,0.000000
1118,11.180066,5879.810163645,5879.810163645,3713,5198200,0.000000
1119,11.190091,5879.820188389,5879.820188389,3716,5202400,0.000000
1120,11.200081,5879.830177989,5879.830177989,3720,5208000,0.000000
1121,11.210065,5879.840162454,5879.840162454,3723,5212200,0.000000
1122,11.220073,5879.850170113,5879.850170113,3726,5216400,0.000000
1123,11.230064,5879.860161409,5879.860161409,3729,5220600,0.000000
1124,11.240063,5879.870160736,5879.870160736,3733,5226200,0.000000
1125,11.250066,5879.880163192,5879.880163192,3736,5230400,0.000000
1126,11.260072,5879.890169526,5879.890169526,3739,5234600,0.000000
1127,11.270072,5879.900169151,5879.900169151,3743,5240200,0.000000
1128,11.280069,5879.910166514,5879.910166514,3746,5244400,0.000000
1129,11.290071,5879.920168052,5879.920168052,3749,5248600,0.000000
1130,11.300065,5879.930162016,5879.930162016,3753,5254200,0.000000
1131,11.310071,5879.940168556,5879.940168556,3756,5258400,0.000000
1132,11.320076,5879.950173194,5879.950173194,3759,5262600,0.000000
1133,11.330066,5879.960163762,5879.960163762,3763,5268200,0.000000
1134,11.340071,5879.970167850,5879.970167850,3766,5272400,0.000000
1135,11.350067,5879.980163952,5879.980163952,3769,5276600,0.000000
1136,11.360063,5879.990160430,5879.990160430,3773,5282200,0.000000
1137,11.370067,5880.000163853,5880.000163853,3776,5286400,0.000000
1138,11.380067,5880.010163929,5880.010163929,3779,5290600,0.000000
1139,11.390065,5880.020162704,5880.020162704,3783,5296200,0.000000
1140,11.400073,5880.030169932,5880.030169932,3786,5300400,0.000000
1141,11.410068,5880.040165162,5880.040165162,3789,5304600,0.000000
1142,11.420059,5880.050156467,5880.050156467,3793,5310200,0.000000
1143,11.430043,5880.060140127,5880.060140127,3796,5314400,0.000000
1144,11.440070,5880.070166955,5880.070166955,3799,5318600,0.000000
1145,11.450036,5880.080132967,5880.080132967,3803,5324200,0.000000
1146,11.460070,5880.090166885,5880.090166885,3806,5328400,0.000000
1147,11.470066,5880.100163130,5880.100163130,3809,5332600,0.000000
1148,11.480092,5880.110189429,5880.110189429,3813,5338200,0.000000
1149,11.490070,5880.120166945,5880.120166945,3816,5342400,0.000000
1150,11.500072,5880.130169023,5880.130169023,3819,5346600,0.000000
1151,11.510092,5880.140188995,5880.140188995,3822,5350800,0.000000
1152,11.520071,5880.150167949,5880.150167949,3826,5356400,0.000000
1153,11.530072,5880.160169142,5880.160169142,3829,5360600,0.000000
1154,11.540070,5880.170167034,5880.170167034,3832,5364800,0.000000
1155,11.550063,5880.180160252,5880.180160252,3836,5370400,0.000000
1156,11.560068,5880.190165733,5880.190165733,3839,5374600,0.000000
1157,11.570067,5880.200164554,5880.200164554,3842,5378800,0.000000
1158,11.580068,5880.210164942,5880.210164942,3846,5384400,0.000000
1159,11.590068,5880.220165153,5880.220165153,3849,5388600,0.000000
1160,11.600067,5880.230164397,5880.230164397,3852,5392800,0.000000
1161,11.610063,5880.240160288,5880.240160288,3856,5398400,0.000000
1162,11.620090,5880.250187428,5880.250187428,3859,5402600,0.000000
1163,11.630071,5880.260167941,5880.260167941,3862,5406800,0.000000
1164,11.640060,5880.270157742,5880.270157742,3866,5412400,0.000000
1165,11.650060,5880.280157481,5880.280157481,3869,5416600,0.000000
1166,11.660069,5880.290165978,5880.290165978,3872,5420800,0.000000
1167,11.670069,5880.300166533,5880.300166533,3876,5426400,0.000000
1168,11.680068,5880.310164936,5880.310164936,3879,5430600,0.000000
1169,11.690068,5880.320165371,5880.320165371,3882,5434800,0.000000
1170,11.700058,5880.330155393,5880.330155393,3886,5440400,0.000000
1171,11.710068,5880.340165176,5880.340165176,3889,5444600,0.000000
1172,11.720069,5880.350166744,5880.350166744,3892,5448800,0.000000
1173,11.730078,5880.360174833,5880.360174833,3896,5454400,0.000000
1174,11.740037,5880.370134747,5880.370134747,3899,5458600,0.000000
1175,11.750069,5880.380166487,5880.380166487,3902,5462800,0.000000
1176,11.760078,5880.390175128,5880.390175128,3906,5468400,0.000000
1177,11.770067,5880.400164728,5880.400164728,3909,5472600,0.000000
1178,11.780070,5880.410166863,5880.410166863,3912,5476800,0.000000
1179,11.790071,5880.420168250,5880.420168250,3915,5481000,0.000000
1180,11.800070,5880.430167235,5880.430167235,3919,5486600,0.000000
1181,11.810068,5880.440165787,5880.440165787,3922,5490800,0.000000
1182,11.820071,5880.450168211,5880.450168211,3925,5495000,0.000000
1183,11.830069,5880.460166121,5880.460166121,3929,5500600,0.000000
1184,11.840069,5880.470166115,5880.470166115,3932,5504800,0.000000
1185,11.850065,5880.480162408,5880.480162408,3935,5509000,0.000000
1186,11.860067,5880.490164708,5880.490164708,3939,5514600,0.000000
1187,11.870069,5880.500165878,5880.500165878,3942,5518800,0.000000
1188,11.880065,5880.510162409,5880.510162409,3945,5523000,0.000000
1189,11.890064,5880.520161459,5880.520161459,3949,5528600,0.000000
1190,11.900078,5880.530175162,5880.530175162,3952,5532800,0.000000
1191,11.910069,5880.540166600,5880.540166600,3955,5537000,0.000000
1192,11.920067,5880.550164405,5880.550164405,3959,5542600,0.000000
1193,11.930070,5880.560167671,5880.560167671,3962,5546800,0.000000
1194,11.940078,5880.570175148,5880.570175148,3965,5551000,0.000000
1195,11.950060,5880.580157049,5880.580157049,3969,5556600,0.000000
1196,11.960066,5880.590163429,5880.590163429,3972,5560800,0.000000
1197,11.970070,5880.600166842,5880.600166842,3975,5565000,0.000000
1198,11.980064,5880.610161086,5880.610161086,3979,5570600,0.000000
1199,11.990067,5880.620164734,5880.620164734,3982,5574800,0.000000
1200,12.000072,5880.630169435,5880.630169435,3985,5579000,0.000000
1201,12.010064,5880.640161257,5880.640161257,3989,5584600,0.000000
1202,12.020069,5880.650166199,5880.650166199,3992,5588800,0.000000
1203,12.030068,5880.660165201,5880.660165201,3995,5593000,0.000000
1204,12.040083,5880.670180301,5880.670180301,3999,5598600,0.000000
1205,12.050065,5880.680162100,5880.680162100,4002,5602800,0.000000
1206,12.060066,5880.690163292,5880.690163292,4005,5607000,0.000000
1207,12.070067,5880.700163931,5880.700163931,4008,5611200,0.000000
1208,12.080061,5880.710157849,5880.710157849,4012,5616800,0.000000
1209,12.090068,5880.720164816,5880.720164816,4015,5621000,0.000000
1210,12.100065,5880.730162231,5880.730162231,4018,5625200,0.000000
1211,12.110071,5880.740168174,5880.740168174,4022,5630800,0.000000
1212,12.120069,5880.750166725,5880.750166725,4025,5635000,0.000000
1213,12.130064,5880.760161527,5880.760161527,4028,5639200,0.000000
1214,12.140056,5880.770153003,5880.770153003,4032,5644800,0.000000
1215,12.150064,5880.780161108,5880.780161108,4035,5649000,0.000000
1216,12.160066,5880.790163104,5880.790163104,4038,5653200,0.000000
1217,12.170065,5880.800161959,5880.800161959,4042,5658800,0.000000
1218,12.180072,5880.810169190,5880.810169190,4045,5663000,0.000000
1219,12.190067,5880.820163808,5880.820163808,4048,5667200,0.000000
1220,12.200060,5880.830157043,5880.830157043,4052,5672800,0.000000
1221,12.210065,5880.840162756,5880.840162756,4055,5677000,0.000000
1222,12.220070,5880.850167341,5880.850167341,4058,5681200,0.000000
1223,12.230057,5880.860153826,5880.860153826,4062,5686800,0.000000
1224,12.240068,5880.870165186,5880.870165186,4065,5691000,0.000000
1225,12.250092,5880.880189252,5880.880189252,4068,5695200,0.000000
1226,12.260058,5880.890155125,5880.890155125,4072,5700800,0.000000
1227,12.270024,5880.900121044,5880.900121044,4075,5705000,0.000000
1228,12.280061,5880.910158372,5880.910158372,4078,5709200,0.000000
1229,12.290066,5880.920163735,5880.920163735,4082,5714800,0.000000
1230,12.300070,5880.930167602,5880.930167602,4085,5719000,0.000000
1231,12.310074,5880.940171561,5880.940171561,4088,5723200,0.000000
1232,12.320091,5880.950188743,5880.950188743,4092,5728800,0.000000
1233,12.330067,5880.960164322,5880.960164322,4095,5733000,0.000000
1234,12.340071,5880.970167979,5880.970167979,4098,5737200,0.000000
1235,12.350050,5880.980147177,5880.980147177,4101,5741400,0.000000
1236,12.360060,5880.990157041,5880.990157041,4105,5747000,0.000000
1237,12.370071,5881.000168366,5881.000168366,4108,5751200,0.000000
1238,12.380069,5881.010166770,5881.010166770,4111,5755400,0.000000
1239,12.390065,5881.020162537,5881.020162537,4115,5761000,0.000000
1240,12.400067,5881.030164528,5881.030164528,4118,5765200,0.000000
1241,12.410062,5881.040158825,5881.040158825,4121,5769400,0.000000
1242,12.420061,5881.050158758,5881.050158758,4125,5775000,0.000000
1243,12.430064,5881.060161350,5881.060161350,4128,5779200,0.000000
1244,12.440071,5881.070168139,5881.070168139,4131,5783400,0.000000
1245,12.450059,5881.080155879,5881.080155879,4135,5789000,0.000000
1246,12.460067,5881.090163944,5881.090163944,4138,5793200,0.000000
1247,12.470067,5881.100164678,5881.100164678,4141,5797400,0.000000
1248,12.480068,5881.110165188,5881.110165188,4145,5803000,0.000000
1249,12.490066,5881.120163319,5881.120163319,4148,5807200,0.000000
1250,12.500063,5881.130160781,5881.130160781,4151,5811400,0.000000
1251,12.510063,5881.140160525,5881.140160525,4155,5817000,0.000000
1252,12.520068,5881.150165709,5881.150165709,4158,5821200,0.000000
1253,12.530069,5881.160165800,5881.160165800,4161,5825400,0.000000
1254,12.540059,5881.170156187,5881.170156187,4165,5831000,0.000000
1255,12.550071,5881.180167899,5881.180167899,4168,5835200,0.000000
1256,12.560067,5881.190163824,5881.190163824,4171,5839400,0.000000
1257,12.570063,5881.200160542,5881.200160542,4175,5845000,0.000000
1258,12.580065,5881.210162070,5881.210162070,4178,5849200,0.000000
1259,12.590066,5881.220163115,5881.220163115,4181,5853400,0.000000
1260,12.600077,5881.230174083,5881.230174083,4185,5859000,0.000000
1261,12.610068,5881.240165766,5881.240165766,4188,5863200,0.000000
1262,12.620067,5881.250164165,5881.250164165,4191,5867400,0.000000
1263,12.630071,5881.260168196,5881.260168196,4194,5871600,0.000000
1264,12.640065,5881.270161845,5881.270161845,4198,5877200,0.000000
1265,12.650074,5881.280171637,5881.280171637,4201,5881400,0.000000
1266,12.660067,5881.290164656,5881.290164656,4204,5885600,0.000000
1267,12.670069,5881.300166083,5881.300166083,4208,5891200,0.000000
1268,12.680067,5881.310164208,5881.310164208,4211,5895400,0.000000
1269,12.690073,5881.320169916,5881.320169916,4214,5899600,0.000000
1270,12.700061,5881.330158398,5881.330158398,4218,5905200,0.000000
1271,12.710040,5881.340137728,5881.340137728,4221,5909400,0.000000
1272,12.720070,5881.350167019,5881.350167019,4224,5913600,0.000000
1273,12.730067,5881.360164249,5881.360164249,4228,5919200,0.000000
1274,12.740062,5881.370159596,5881.370159596,4231,5923400,0.000000
1275,12.750061,5881.380158344,5881.380158344,4234,5927600,0.000000
1276,12.760088,5881.390185704,5881.390185704,4238,5933200,0.000000
1277,12.770070,5881.400167686,5881.400167686,4241,5937400,0.000000
1278,12.780069,5881.410166073,5881.410166073,4244,5941600,0.000000
1279,12.790061,5881.420158740,5881.420158740,4248,5947200,0.000000
1280,12.800064,5881.430161655,5881.430161655,4251,5951400,0.000000
1281,12.810071,5881.440168212,5881.440168212,4254,5955600,0.000000
1282,12.820063,5881.450159877,5881.450159877,4258,5961200,0.000000
1283,12.830066,5881.460163405,5881.460163405,4261,5965400,0.000000
1284,12.840069,5881.470166646,5881.470166646,4264,5969600,0.000000
1285,12.850054,5881.480150872,5881.480150872,4268,5975200,0.000000
1286,12.860059,5881.490156388,5881.490156388,4271,5979400,0.000000
1287,12.870037,5881.500133904,5881.500133904,4274,5983600,0.000000
1288,12.880077,5881.510174563,5881.510174563,4278,5989200,0.000000
1289,12.890070,5881.520167471,5881.520167471,4281,5993400,0.000000
1290,12.900066,5881.530163778,5881.530163778,4284,5997600,0.000000
1291,12.910080,5881.540177724,5881.540177724,4287,6001800,0.000000
1292,12.920068,5881.550164887,5881.550164887,4291,6007400,0.000000
1293,12.930067,5881.560164351,5881.560164351,4294,6011600,0.000000
1294,12.940070,5881.570167645,5881.570167645,4297,6015800,0.000000
1295,12.950068,5881.580165173,5881.580165173,4301,6021400,0.000000
1296,12.960060,5881.590157267,5881.590157267,4304,6025600,0.000000
1297,12.970072,5881.600169016,5881.600169016,4307,6029800,0.000000
1298,12.980068,5881.610164888,5881.610164888,4311,6035400,0.000000
1299,12.990069,5881.620166602,5881.620166602,4314,6039600,0.000000
1300,13.000069,5881.630166631,5881.630166631,4317,6043800,0.000000
1301,13.010067,5881.640163825,5881.640163825,4321,6049400,0.000000
1302,13.020070,5881.650167380,5881.650167380,4324,6053600,0.000000
1303,13.030068,5881.660165178,5881.660165178,4327,6057800,0.000000
1304,13.040066,5881.670163432,5881.670163432,4331,6063400,0.000000
1305,13.050065,5881.680162713,5881.680162713,4334,6067600,0.000000
1306,13.060065,5881.690162097,5881.690162097,4337,6071800,0.000000
1307,13.070064,5881.700161431,5881.700161431,4341,6077400,0.000000
1308,13.080068,5881.710165298,5881.710165298,4344,6081600,0.000000
1309,13.090066,5881.720163465,5881.720163465,4347,6085800,0.000000
1310,13.100064,5881.730161231,5881.730161231,4351,6091400,0.000000
1311,13.110066,5881.740163076,5881.740163076,4354,6095600,0.000000
1312,13.120084,5881.750181319,5881.750181319,4357,6099800,0.000000
1313,13.130052,5881.760148832,5881.760148832,4361,6105400,0.000000
1314,13.140065,5881.770162754,5881.770162754,4364,6109600,0.000000
1315,13.150066,5881.780162881,5881.780162881,4367,6113800,0.000000
1316,13.160077,5881.790174002,5881.790174002,4371,6119400,0.000000
1317,13.170065,5881.800162036,5881.800162036,4374,6123600,0.000000
1318,13.180068,5881.810165498,5881.810165498,4377,6127800,0.000000
1319,13.190076,5881.820172970,5881.820172970,4380,6132000,0.000000
1320,13.200068,5881.830165392,5881.830165392,4384,6137600,0.000000
1321,13.210064,5881.840161448,5881.840161448,4387,6141800,0.000000
1322,13.220066,5881.850162858,5881.850162858,4390,6146000,0.000000
1323,13.230065,5881.860161859,5881.860161859,4394,6151600,0.000000
1324,13.240067,5881.870164188,5881.870164188,4397,6155800,0.000000
1325,13.250065,5881.880162410,5881.880162410,4400,6160000,0.000000
1326,13.260067,5881.890164369,5881.890164369,4404,6165600,0.000000
1327,13.270068,5881.900165463,5881.900165463,4407,6169800,0.000000
1328,13.280065,5881.910161992,5881.910161992,4410,6174000,0.000000
1329,13.290060,5881.920156816,5881.920156816,4414,6179600,0.000000
1330,13.300065,5881.930161982,5881.930161982,4417,6183800,0.000000
1331,13.310068,5881.940165566,5881.940165566,4420,6188000,0.000000
1332,13.320064,5881.950161407,5881.950161407,4424,6193600,0.000000
1333,13.330062,5881.960159109,5881.960159109,4427,6197800,0.000000
1334,13.340070,5881.970167176,5881.970167176,4430,6202000,0.000000
1335,13.350051,5881.980148079,5881.980148079,4434,6207600,0.000000
1336,13.360064,5881.990161194,5881.990161194,4437,6211800,0.000000
1337,13.370067,5882.000164744,5882.000164744,4440,6216000,0.000000
1338,13.380059,5882.010156696,5882.010156696,4444,6221600,0.000000
1339,13.390067,5882.020164535,5882.020164535,4447,6225800,0.000000
1340,13.400076,5882.030173752,5882.030173752,4450,6230000,0.000000
1341,13.410055,5882.040152136,5882.040152136,4454,6235600,0.000000
1342,13.420069,5882.050166680,5882.050166680,4457,6239800,0.000000
1343,13.430068,5882.060164957,5882.060164957,4460,6244000,0.000000
1344,13.440076,5882.070172908,5882.070172908,4464,6249600,0.000000
1345,13.450063,5882.080159937,5882.080159937,4467,6253800,0.000000
1346,13.460071,5882.090168493,5882.090168493,4470,6258000,0.000000
1347,13.470077,5882.100174324,5882.100174324,4473,6262200,0.000000
1348,13.480064,5882.110161182,5882.110161182,4477,6267800,0.000000
1349,13.490065,5882.120162336,5882.120162336,4480,6272000,0.000000
1350,13.500068,5882.130165290,5882.130165290,4483,6276200,0.000000
1351,13.510063,5882.140160715,5882.140160715,4487,6281800,0.000000
1352,13.520066,5882.150163194,5882.150163194,4490,6286000,0.000000
1353,13.530068,5882.160165785,5882.160165785,4493,6290200,0.000000
1354,13.540060,5882.170157586,5882.170157586,4497,6295800,0.000000
1355,13.550067,5882.180164392,5882.180164392,4500,6300000,0.000000
1356,13.560066,5882.190163457,5882.190163457,4503,6304200,0.000000
1357,13.570066,5882.200163733,5882.200163733,4507,6309800,0.000000
1358,13.580059,5882.210156539,5882.210156539,4510,6314000,0.000000
1359,13.590051,5882.220147815,5882.220147815,4513,6318200,0.000000
1360,13.600058,5882.230155356,5882.230155356,4517,6323800,0.000000
1361,13.610062,5882.240158894,5882.240158894,4520,6328000,0.000000
1362,13.620067,5882.250164501,5882.250164501,4523,6332200,0.000000
1363,13.630059,5882.260156638,5882.260156638,4527,6337800,0.000000
1364,13.640065,5882.270162633,5882.270162633,4530,6342000,0.000000
1365,13.650066,5882.280163634,5882.280163634,4533,6346200,0.000000
1366,13.660042,5882.290139241,5882.290139241,4537,6351800,0.000000
1367,13.670066,5882.300163328,5882.300163328,4540,6356000,0.000000
1368,13.680079,5882.310176744,5882.310176744,4543,6360200,0.000000
1369,13.690033,5882.320130730,5882.320130730,4547,6365800,0.000000
1370,13.700036,5882.330133456,5882.330133456,4550,6370000,0.000000
1371,13.710068,5882.340165693,5882.340165693,4553,6374200,0.000000
1372,13.720074,5882.350171794,5882.350171794,4557,6379800,0.000000
1373,13.730141,5882.360238259,5882.360238259,4560,6384000,0.000000
1374,13.740067,5882.370163935,5882.370163935,4563,6388200,0.000000
1375,13.750078,5882.380175485,5882.380175485,4566,6392400,0.000000
1376,13.760062,5882.390159375,5882.390159375,4570,6398000,0.000000
1377,13.770070,5882.400167503,5882.400167503,4573,6402200,0.000000
1378,13.780061,5882.410158559,5882.410158559,4576,6406400,0.000000
1379,13.790068,5882.420165597,5882.420165597,4580,6412000,0.000000
1380,13.800065,5882.430162213,5882.430162213,4583,6416200,0.000000
1381,13.810066,5882.440163569,5882.440163569,4586,6420400,0.000000
1382,13.820074,5882.450171496,5882.450171496,4590,6426000,0.000000
1383,13.830069,5882.460166595,5882.460166595,4593,6430200,0.000000
1384,13.840068,5882.470164949,5882.470164949,4596,6434400,0.000000
1385,13.850061,5882.480158066,5882.480158066,4600,6440000,0.000000
1386,13.860066,5882.490163245,5882.490163245,4603,6444200,0.000000
1387,13.870071,5882.500168102,5882.500168102,4606,6448400,0.000000
1388,13.880059,5882.510156615,5882.510156615,4610,6454000,0.000000
1389,13.890059,5882.520156284,5882.520156284,4613,6458200,0.000000
1390,13.900066,5882.530163372,5882.530163372,4616,6462400,0.000000
1391,13.910071,5882.540168083,5882.540168083,4620,6468000,0.000000
1392,13.920068,5882.550164821,5882.550164821,4623,6472200,0.000000
1393,13.930030,5882.560127504,5882.560127504,4626,6476400,0.000000
1394,13.940058,5882.570155039,5882.570155039,4630,6482000,0.000000
1395,13.950077,5882.580174144,5882.580174144,4633,6486200,0.000000
1396,13.960069,5882.590166597,5882.590166597,4636,6490400,0.000000
1397,13.970061,5882.600158743,5882.600158743,4640,6496000,0.000000
1398,13.980066,5882.610163698,5882.610163698,4643,6500200,0.000000
1399,13.990066,5882.620163519,5882.620163519,4646,6504400,0.000000
1400,14.000077,5882.630174544,5882.630174544,4650,6510000,0.000000
1401,14.010070,5882.640167014,5882.640167014,4653,6514200,0.000000
1402,14.020063,5882.650160466,5882.650160466,4656,6518400,0.000000
1403,14.030076,5882.660173127,5882.660173127,4659,6522600,0.000000
1404,14.040060,5882.670156935,5882.670156935,4663,6528200,0.000000
1405,14.050066,5882.680163058,5882.680163058,4666,6532400,0.000000
1406,14.060065,5882.690161952,5882.690161952,4669,6536600,0.000000
1407,14.070063,5882.700160501,5882.700160501,4673,6542200,0.000000
1408,14.080065,5882.710162321,5882.710162321,4676,6546400,0.000000
1409,14.090067,5882.720164209,5882.720164209,4679,6550600,0.000000
1410,14.100062,5882.730159289,5882.730159289,4683,6556200,0.000000
1411,14.110068,5882.740164851,5882.740164851,4686,6560400,0.000000
1412,14.120071,5882.750168393,5882.750168393,4689,6564600,0.000000
1413,14.130059,5882.760156476,5882.760156476,4693,6570200,0.000000
1414,14.140029,5882.770126066,5882.770126066,4696,6574400,0.000000
1415,14.150061,5882.780158794,5882.780158794,4699,6578600,0.000000
1416,14.160063,5882.790160569,5882.790160569,4703,6584200,0.000000
1417,14.170043,5882.800139890,5882.800139890,4706,6588400,0.000000
1418,14.180067,5882.810163975,5882.810163975,4709,6592600,0.000000
1419,14.190060,5882.820157779,5882.820157779,4713,6598200,0.000000
1420,14.200061,5882.830158721,5882.830158721,4716,6602400,0.000000
1421,14.210067,5882.840164234,5882.840164234,4719,6606600,0.000000
1422,14.220059,5882.850156583,5882.850156583,4723,6612200,0.000000
1423,14.230069,5882.860166012,5882.860166012,4726,6616400,0.000000
1424,14.240039,5882.870135910,5882.870135910,4729,6620600,0.000000
1425,14.250063,5882.880160420,5882.880160420,4733,6626200,0.000000
1426,14.260068,5882.890165213,5882.890165213,4736,6630400,0.000000
1427,14.270064,5882.900161616,5882.900161616,4739,6634600,0.000000
1428,14.280072,5882.910169024,5882.910169024,4743,6640200,0.000000
1429,14.290065,5882.920162456,5882.920162456,4746,6644400,0.000000
1430,14.300068,5882.930165302,5882.930165302,4749,6648600,0.000000
1431,14.310085,5882.940182070,5882.940182070,4752,6652800,0.000000
1432,14.320063,5882.950160399,5882.950160399,4756,6658400,0.000000
1433,14.330067,5882.960164714,5882.960164714,4759,6662600,0.000000
1434,14.340067,5882.970164132,5882.970164132,4762,6666800,0.000000
1435,14.350065,5882.980162354,5882.980162354,4766,6672400,0.000000
1436,14.360063,5882.990160448,5882.990160448,4769,6676600,0.000000
1437,14.370064,5883.000160982,5883.000160982,4772,6680800,0.000000
1438,14.380057,5883.010154669,5883.010154669,4776,6686400,0.000000
1439,14.390063,5883.020160050,5883.020160050,4779,6690600,0.000000
1440,14.400063,5883.030159988,5883.030159988,4782,6694800,0.000000
1441,14.410064,5883.040161559,5883.040161559,4786,6700400,0.000000
1442,14.420065,5883.050162483,5883.050162483,4789,6704600,0.000000
1443,14.430065,5883.060162187,5883.060162187,4792,6708800,0.000000
1444,14.440062,5883.070159291,5883.070159291,4796,6714400,0.000000
1445,14.450073,5883.080170102,5883.080170102,4799,6718600,0.000000
1446,14.460070,5883.090167011,5883.090167011,4802,6722800,0.000000
1447,14.470065,5883.100162633,5883.100162633,4806,6728400,0.000000
1448,14.480066,5883.110163472,5883.110163472,4809,6732600,0.000000
1449,14.490068,5883.120164803,5883.120164803,4812,6736800,0.000000
1450,14.500065,5883.130162094,5883.130162094,4816,6742400,0.000000
1451,14.510078,5883.140174991,5883.140174991,4819,6746600,0.000000
1452,14.520072,5883.150169316,5883.150169316,4822,6750800,0.000000
1453,14.530051,5883.160148510,5883.160148510,4826,6756400,0.000000
1454,14.540065,5883.170162797,5883.170162797,4829,6760600,0.000000
1455,14.550066,5883.180163215,5883.180163215,4832,6764800,0.000000
1456,14.560078,5883.190175369,5883.190175369,4836,6770400,0.000000
1457,14.570065,5883.200162100,5883.200162100,4839,6774600,0.000000
1458,14.580067,5883.210164464,5883.210164464,4842,6778800,0.000000
1459,14.590051,5883.220148479,5883.220148479,4845,6783000,0.000000
1460,14.600060,5883.230157330,5883.230157330,4849,6788600,0.000000
1461,14.610072,5883.240169638,5883.240169638,4852,6792800,0.000000
1462,14.620073,5883.250169931,5883.250169931,4855,6797000,0.000000
1463,14.630067,5883.260164201,5883.260164201,4859,6802600,0.000000
1464,14.640067,5883.270163838,5883.270163838,4862,6806800,0.000000
1465,14.650069,5883.280166604,5883.280166604,4865,6811000,0.000000
1466,14.660078,5883.290175797,5883.290175797,4869,6816600,0.000000
1467,14.670066,5883.300163628,5883.300163628,4872,6820800,0.000000
1468,14.680066,5883.310163744,5883.310163744,4875,6825000,0.000000
1469,14.690065,5883.320161921,5883.320161921,4879,6830600,0.000000
1470,14.700066,5883.330163752,5883.330163752,4882,6834800,0.000000
1471,14.710069,5883.340166516,5883.340166516,4885,6839000,0.000000
1472,14.720065,5883.350161965,5883.350161965,4889,6844600,0.000000
1473,14.730073,5883.360169931,5883.360169931,4892,6848800,0.000000
1474,14.740066,5883.370163513,5883.370163513,4895,6853000,0.000000
1475,14.750059,5883.380156167,5883.380156167,4899,6858600,0.000000
1476,14.760067,5883.390164478,5883.390164478,4902,6862800,0.000000
1477,14.770063,5883.400160342,5883.400160342,4905,6867000,0.000000
1478,14.780059,5883.410156736,5883.410156736,4909,6872600,0.000000
1479,14.790059,5883.420156529,5883.420156529,4912,6876800,0.000000
1480,14.800062,5883.430159385,5883.430159385,4915,6881000,0.000000
1481,14.810084,5883.440180970,5883.440180970,4919,6886600,0.000000
1482,14.820035,5883.450132182,5883.450132182,4922,6890800,0.000000
1483,14.830068,5883.460165011,5883.460165011,4925,6895000,0.000000
1484,14.840073,5883.470170717,5883.470170717,4929,6900600,0.000000
1485,14.850065,5883.480162419,5883.480162419,4932,6904800,0.000000
1486,14.860067,5883.490163948,5883.490163948,4935,6909000,0.000000
1487,14.870063,5883.500160498,5883.500160498,4938,6913200,0.000000
1488,14.880071,5883.510168668,5883.510168668,4942,6918800,0.000000
1489,14.890067,5883.520164588,5883.520164588,4945,6923000,0.000000
1490,14.900067,5883.530164366,5883.530164366,4948,6927200,0.000000
1491,14.910070,5883.540166934,5883.540166934,4952,6932800,0.000000
1492,14.920066,5883.550163658,5883.550163658,4955,6937000,0.000000
1493,14.930073,5883.560170274,5883.560170274,4958,6941200,0.000000
1494,14.940062,5883.570159683,5883.570159683,4962,6946800,0.000000
1495,14.950069,5883.580166079,5883.580166079,4965,6951000,0.000000
1496,14.960071,5883.590168132,5883.590168132,4968,6955200,0.000000
1497,14.970061,5883.600158639,5883.600158639,4972,6960800,0.000000
1498,14.980068,5883.610165239,5883.610165239,4975,6965000,0.000000
1499,14.990066,5883.620163285,5883.620163285,4978,6969200,0.000000
1500,15.000060,5883.630157656,5883.630157656,4982,6974800,0.000000
1501,15.010071,5883.640168219,5883.640168219,4985,6979000,0.000000
1502,15.020067,5883.650164781,5883.650164781,4988,6983200,0.000000
1503,15.030064,5883.660161574,5883.660161574,4992,6988800,0.000000
1504,15.040067,5883.670164530,5883.670164530,4995,6993000,0.000000
1505,15.050054,5883.680151569,5883.680151569,4998,6997200,0.000000
1506,15.060064,5883.690161076,5883.690161076,5002,7002800,0.000000
1507,15.070064,5883.700161057,5883.700161057,5005,7007000,0.000000
1508,15.080064,5883.710161751,5883.710161751,5008,7011200,0.000000
1509,15.090046,5883.720143685,5883.720143685,5012,7016800,0.000000
1510,15.100070,5883.730167742,5883.730167742,5015,7021000,0.000000
1511,15.110031,5883.740128626,5883.740128626,5018,7025200,0.000000
1512,15.120077,5883.750174362,5883.750174362,5022,7030800,0.000000
1513,15.130060,5883.760157389,5883.760157389,5025,7035000,0.000000
1514,15.140063,5883.770159840,5883.770159840,5028,7039200,0.000000
1515,15.150061,5883.780157918,5883.780157918,5031,7043400,0.000000
1516,15.160066,5883.790163124,5883.790163124,5035,7049000,0.000000
1517,15.170067,5883.800164420,5883.800164420,5038,7053200,0.000000
1518,15.180068,5883.810164823,5883.810164823,5041,7057400,0.000000
1519,15.190065,5883.820162798,5883.820162798,5045,7063000,0.000000
1520,15.200069,5883.830166171,5883.830166171,5048,7067200,0.000000
1521,15.210066,5883.840163553,5883.840163553,5051,7071400,0.000000
1522,15.220067,5883.850164000,5883.850164000,5055,7077000,0.000000
1523,15.230068,5883.860165320,5883.860165320,5058,7081200,0.000000
1524,15.240066,5883.870163160,5883.870163160,5061,7085400,0.000000
1525,15.250067,5883.880164720,5883.880164720,5065,7091000,0.000000
1526,15.260082,5883.890179523,5883.890179523,5068,7095200,0.000000
1527,15.270062,5883.900158907,5883.900158907,5071,7099400,0.000000
1528,15.280065,5883.910162705,5883.910162705,5075,7105000,0.000000
1529,15.290064,5883.920160817,5883.920160817,5078,7109200,0.000000
1530,15.300065,5883.930162623,5883.930162623,5081,7113400,0.000000
1531,15.310059,5883.940156429,5883.940156429,5085,7119000,0.000000
1532,15.320068,5883.950164887,5883.950164887,5088,7123200,0.000000
1533,15.330027,5883.960124731,5883.960124731,5091,7127400,0.000000
1534,15.340066,5883.970163565,5883.970163565,5095,7133000,0.000000
1535,15.350068,5883.980165599,5883.980165599,5098,7137200,0.000000
1536,15.360065,5883.990161883,5883.990161883,5101,7141400,0.000000
1537,15.370050,5884.000147725,5884.000147725,5105,7147000,0.000000
1538,15.380064,5884.010161514,5884.010161514,5108,7151200,0.000000
1539,15.390063,5884.020160332,5884.020160332,5111,7155400,0.000000
1540,15.400057,5884.030154444,5884.030154444,5115,7161000,0.000000
1541,15.410060,5884.040157027,5884.040157027,5118,7165200,0.000000
1542,15.420063,5884.050160665,5884.050160665,5121,7169400,0.000000
1543,15.430062,5884.060159063,5884.060159063,5124,7173600,0.000000
1544,15.440067,5884.070164172,5884.070164172,5128,7179200,0.000000
1545,15.450065,5884.080162646,5884.080162646,5131,7183400,0.000000
1546,15.460066,5884.090163052,5884.090163052,5134,7187600,0.000000
1547,15.470066,5884.100163778,5884.100163778,5138,7193200,0.000000
1548,15.480065,5884.110162150,5884.110162150,5141,7197400,0.000000
1549,15.490044,5884.120140939,5884.120140939,5144,7201600,0.000000
1550,15.500065,5884.130162614,5884.130162614,5148,7207200,0.000000
1551,15.510065,5884.140162060,5884.140162060,5151,7211400,0.000000
1552,15.520065,5884.150162221,5884.150162221,5154,7215600,0.000000
1553,15.530061,5884.160158203,5884.160158203,5158,7221200,0.000000
1554,15.540065,5884.170162069,5884.170162069,5161,7225400,0.000000
1555,15.550066,5884.180163637,5884.180163637,5164,7229600,0.000000
1556,15.560081,5884.190178651,5884.190178651,5168,7235200,0.000000
1557,15.570066,5884.200163136,5884.200163136,5171,7239400,0.000000
1558,15.580060,5884.210157474,5884.210157474,5174,7243600,0.000000
1559,15.590060,5884.220156825,5884.220156825,5178,7249200,0.000000
1560,15.600048,5884.230145568,5884.230145568,5181,7253400,0.000000
1561,15.610067,5884.240164246,5884.240164246,5184,7257600,0.000000
1562,15.620067,5884.250164571,5884.250164571,5188,7263200,0.000000
1563,15.630065,5884.260162132,5884.260162132,5191,7267400,0.000000
1564,15.640065,5884.270161919,5884.270161919,5194,7271600,0.000000
1565,15.650035,5884.280132376,5884.280132376,5198,7277200,0.000000
1566,15.660066,5884.290162871,5884.290162871,5201,7281400,0.000000
1567,15.670035,5884.300132104,5884.300132104,5204,7285600,0.000000
1568,15.680083,5884.310180223,5884.310180223,5208,7291200,0.000000
1569,15.690062,5884.320159787,5884.320159787,5211,7295400,0.000000
1570,15.700068,5884.330165541,5884.330165541,5214,7299600,0.000000
1571,15.710080,5884.340176803,5884.340176803,5217,7303800,0.000000
1572,15.720059,5884.350156514,5884.350156514,5221,7309400,0.000000
1573,15.730068,5884.360164978,5884.360164978,5224,7313600,0.000000
1574,15.740064,5884.370161491,5884.370161491,5227,7317800,0.000000
1575,15.750065,5884.380162721,5884.380162721,5231,7323400,0.000000
1576,15.760067,5884.390164465,5884.390164465,5234,7327600,0.000000
1577,15.770069,5884.400166101,5884.400166101,5237,7331800,0.000000
1578,15.780061,5884.410158109,5884.410158109,5241,7337400,0.000000
1579,15.790066,5884.420163588,5884.420163588,5244,7341600,0.000000
1580,15.800060,5884.430157694,5884.430157694,5247,7345800,0.000000
1581,15.810038,5884.440135495,5884.440135495,5251,7351400,0.000000
1582,15.820069,5884.450165905,5884.450165905,5254,7355600,0.000000
1583,15.830067,5884.460163893,5884.460163893,5257,7359800,0.000000
1584,15.840065,5884.470162534,5884.470162534,5261,7365400,0.000000
1585,15.850078,5884.480174959,5884.480174959,5264,7369600,0.000000
1586,15.860071,5884.490167813,5884.490167813,5267,7373800,0.000000
1587,15.870062,5884.500159281,5884.500159281,5271,7379400,0.000000
1588,15.880067,5884.510164071,5884.510164071,5274,7383600,0.000000
1589,15.890065,5884.520162009,5884.520162009,5277,7387800,0.000000
1590,15.900059,5884.530156044,5884.530156044,5281,7393400,0.000000
1591,15.910076,5884.540173502,5884.540173502,5284,7397600,0.000000
1592,15.920062,5884.550159369,5884.550159369,5287,7401800,0.000000
1593,15.930065,5884.560162769,5884.560162769,5291,7407400,0.000000
1594,15.940067,5884.570164111,5884.570164111,5294,7411600,0.000000
1595,15.950068,5884.580165797,5884.580165797,5297,7415800,0.000000
1596,15.960075,5884.590172767,5884.590172767,5301,7421400,0.000000
1597,15.970066,5884.600162891,5884.600162891,5304,7425600,0.000000
1598,15.980077,5884.610174795,5884.610174795,5307,7429800,0.000000
1599,15.990083,5884.620180132,5884.620180132,5310,7434000,0.000000
1600,16.000072,5884.630169441,5884.630169441,5314,7439600,0.000000
1601,16.010065,5884.640161971,5884.640161971,5317,7443800,0.000000
1602,16.020067,5884.650164045,5884.650164045,5320,7448000,0.000000
1603,16.030067,5884.660164257,5884.660164257,5324,7453600,0.000000
1604,16.040066,5884.670163750,5884.670163750,5327,7457800,0.000000
1605,16.050066,5884.680163489,5884.680163489,5330,7462000,0.000000
1606,16.060066,5884.690163407,5884.690163407,5334,7467600,0.000000
1607,16.070067,5884.700164662,5884.700164662,5337,7471800,0.000000
1608,16.080066,5884.710163312,5884.710163312,5340,7476000,0.000000
1609,16.090062,5884.720158919,5884.720158919,5344,7481600,0.000000
1610,16.100068,5884.730165175,5884.730165175,5347,7485800,0.000000
1611,16.110052,5884.740148964,5884.740148964,5350,7490000,0.000000
1612,16.120069,5884.750165935,5884.750165935,5354,7495600,0.000000
1613,16.130046,5884.760143784,5884.760143784,5357,7499800,0.000000
1614,16.140081,5884.770178406,5884.770178406,5360,7504000,0.000000
1615,16.150060,5884.780157314,5884.780157314,5364,7509600,0.000000
1616,16.160067,5884.790164536,5884.790164536,5367,7513800,0.000000
1617,16.170068,5884.800165402,5884.800165402,5370,7518000,0.000000
1618,16.180064,5884.810160843,5884.810160843,5374,7523600,0.000000
1619,16.190066,5884.820163035,5884.820163035,5377,7527800,0.000000
1620,16.200066,5884.830163541,5884.830163541,5380,7532000,0.000000
1621,16.210060,5884.840157646,5884.840157646,5384,7537600,0.000000
1622,16.220065,5884.850162277,5884.850162277,5387,7541800,0.000000
1623,16.230065,5884.860162599,5884.860162599,5390,7546000,0.000000
1624,16.240076,5884.870173480,5884.870173480,5394,7551600,0.000000
1625,16.250061,5884.880157883,5884.880157883,5397,7555800,0.000000
1626,16.260067,5884.890164157,5884.890164157,5400,7560000,0.000000
1627,16.270131,5884.900228157,5884.900228157,5404,7565600,0.000000
1628,16.280074,5884.910171602,5884.910171602,5407,7569800,0.000000
1629,16.290067,5884.920164103,5884.920164103,5410,7574000,0.000000
1630,16.300064,5884.930161574,5884.930161574,5413,7578200,0.000000
1631,16.310067,5884.940164621,5884.940164621,5417,7583800,0.000000
1632,16.320071,5884.950168645,5884.950168645,5420,7588000,0.000000
1633,16.330070,5884.960166939,5884.960166939,5423,7592200,0.000000
1634,16.340066,5884.970163101,5884.970163101,5427,7597800,0.000000
1635,16.350072,5884.980168876,5884.980168876,5430,7602000,0.000000
1636,16.360067,5884.990164516,5884.990164516,5433,7606200,0.000000
1637,16.370068,5885.000165647,5885.000165647,5437,7611800,0.000000
1638,16.380015,5885.010112447,5885.010112447,5440,7616000,0.000000
1639,16.390068,5885.020165165,5885.020165165,5443,7620200,0.000000
1640,16.400065,5885.030162161,5885.030162161,5447,7625800,0.000000
1641,16.410066,5885.040163176,5885.040163176,5450,7630000,0.000000
1642,16.420064,5885.050161516,5885.050161516,5453,7634200,0.000000
1643,16.430059,5885.060156499,5885.060156499,5457,7639800,0.000000
1644,16.440065,5885.070162290,5885.070162290,5460,7644000,0.000000
1645,16.450065,5885.080162119,5885.080162119,5463,7648200,0.000000
1646,16.460059,5885.090156138,5885.090156138,5467,7653800,0.000000
1647,16.470073,5885.100170404,5885.100170404,5470,7658000,0.000000
1648,16.480068,5885.110165570,5885.110165570,5473,7662200,0.000000
1649,16.490060,5885.120157572,5885.120157572,5477,7667800,0.000000
1650,16.500066,5885.130163780,5885.130163780,5480,7672000,0.000000
1651,16.510071,5885.140167822,5885.140167822,5483,7676200,0.000000
1652,16.520049,5885.150146690,5885.150146690,5487,7681800,0.000000
1653,16.530069,5885.160165922,5885.160165922,5490,7686000,0.000000
1654,16.540066,5885.170162917,5885.170162917,5493,7690200,0.000000
1655,16.550065,5885.180162111,5885.180162111,5496,7694400,0.000000
1656,16.560069,5885.190166610,5885.190166610,5500,7700000,0.000000
1657,16.570066,5885.200162968,5885.200162968,5503,7704200,0.000000
1658,16.580067,5885.210164015,5885.210164015,5506,7708400,0.000000
1659,16.590067,5885.220164108,5885.220164108,5510,7714000,0.000000
1660,16.600063,5885.230160603,5885.230160603,5513,7718200,0.000000
1661,16.610061,5885.240158336,5885.240158336,5516,7722400,0.000000
1662,16.620064,5885.250161649,5885.250161649,5520,7728000,0.000000
1663,16.630072,5885.260169006,5885.260169006,5523,7732200,0.000000
1664,16.640070,5885.270167579,5885.270167579,5526,7736400,0.000000
1665,16.650060,5885.280156917,5885.280156917,5530,7742000,0.000000
1666,16.660066,5885.290163231,5885.290163231,5533,7746200,0.000000
1667,16.670069,5885.300166639,5885.300166639,5536,7750400,0.000000
1668,16.680065,5885.310162626,5885.310162626,5540,7756000,0.000000
1669,16.690074,5885.320171070,5885.320171070,5543,7760200,0.000000
1670,16.700074,5885.330171056,5885.330171056,5546,7764400,0.000000
1671,16.710060,5885.340157126,5885.340157126,5550,7770000,0.000000
1672,16.720083,5885.350180408,5885.350180408,5553,7774200,0.000000
1673,16.730073,5885.360169840,5885.360169840,5556,7778400,0.000000
1674,16.740059,5885.370156483,5885.370156483,5560,7784000,0.000000
1675,16.750068,5885.380165637,5885.380165637,5563,7788200,0.000000
1676,16.760069,5885.390166387,5885.390166387,5566,7792400,0.000000
1677,16.770050,5885.400147512,5885.400147512,5570,7798000,0.000000
1678,16.780071,5885.410167883,5885.410167883,5573,7802200,0.000000
1679,16.790076,5885.420172823,5885.420172823,5576,7806400,0.000000
1680,16.800076,5885.430173759,5885.430173759,5580,7812000,0.000000
1681,16.810066,5885.440163089,5885.440163089,5583,7816200,0.000000
1682,16.820038,5885.450134930,5885.450134930,5586,7820400,0.000000
1683,16.830071,5885.460168220,5885.460168220,5589,7824600,0.000000
1684,16.840064,5885.470161326,5885.470161326,5593,7830200,0.000000
1685,16.850068,5885.480165163,5885.480165163,5596,7834400,0.000000
1686,16.860068,5885.490165409,5885.490165409,5599,7838600,0.000000
1687,16.870078,5885.500175387,5885.500175387,5603,7844200,0.000000
1688,16.880065,5885.510162783,5885.510162783,5606,7848400,0.000000
1689,16.890071,5885.520168061,5885.520168061,5609,7852600,0.000000
1690,16.900066,5885.530163168,5885.530163168,5613,7858200,0.000000
1691,16.910070,5885.540167400,5885.540167400,5616,7862400,0.000000
1692,16.920067,5885.550164466,5885.550164466,5619,7866600,0.000000
1693,16.930050,5885.560147711,5885.560147711,5623,7872200,0.000000
1694,16.940066,5885.570163211,5885.570163211,5626,7876400,0.000000
1695,16.950077,5885.580174591,5885.580174591,5629,7880600,0.000000
1696,16.960060,5885.590156976,5885.590156976,5633,7886200,0.000000
1697,16.970061,5885.600158124,5885.600158124,5636,7890400,0.000000
1698,16.980067,5885.610164567,5885.610164567,5639,7894600,0.000000
1699,16.990041,5885.620138452,5885.620138452,5643,7900200,0.000000
1700,17.000066,5885.630162969,5885.630162969,5646,7904400,0.000000
1701,17.010066,5885.640163219,5885.640163219,5649,7908600,0.000000
1702,17.020060,5885.650157021,5885.650157021,5653,7914200,0.000000
1703,17.030067,5885.660163987,5885.660163987,5656,7918400,0.000000
1704,17.040073,5885.670170319,5885.670170319,5659,7922600,0.000000
1705,17.050081,5885.680178230,5885.680178230,5663,7928200,0.000000
1706,17.060069,5885.690166671,5885.690166671,5666,7932400,0.000000
1707,17.070073,5885.700170292,5885.700170292,5669,7936600,0.000000
1708,17.080067,5885.710164294,5885.710164294,5673,7942200,0.000000
1709,17.090065,5885.720162248,5885.720162248,5676,7946400,0.000000
1710,17.100092,5885.730189041,5885.730189041,5679,7950600,0.000000
1711,17.110064,5885.740160963,5885.740160963,5682,7954800,0.000000
1712,17.120060,5885.750157392,5885.750157392,5686,7960400,0.000000
1713,17.130066,5885.760163109,5885.760163109,5689,7964600,0.000000
1714,17.140070,5885.770166965,5885.770166965,5692,7968800,0.000000
1715,17.150059,5885.780156143,5885.780156143,5696,7974400,0.000000
1716,17.160066,5885.790163046,5885.790163046,5699,7978600,0.000000
1717,17.170066,5885.800163317,5885.800163317,5702,7982800,0.000000
1718,17.180060,5885.810157238,5885.810157238,5706,7988400,0.000000
1719,17.190070,5885.820167157,5885.820167157,5709,7992600,0.000000
1720,17.200067,5885.830163958,5885.830163958,5712,7996800,0.000000
1721,17.210062,5885.840159492,5885.840159492,5716,8002400,0.000000
1722,17.220068,5885.850164810,5885.850164810,5719,8006600,0.000000
1723,17.230066,5885.860163477,5885.860163477,5722,8010800,0.000000
1724,17.240063,5885.870160165,5885.870160165,5726,8016400,0.000000
1725,17.250061,5885.880158433,5885.880158433,5729,8020600,0.000000
1726,17.260072,5885.890169370,5885.890169370,5732,8024800,0.000000
1727,17.270059,5885.900156585,5885.900156585,5736,8030400,0.000000
1728,17.280066,5885.910163230,5885.910163230,5739,8034600,0.000000
1729,17.290073,5885.920170716,5885.920170716,5742,8038800,0.000000
1730,17.300059,5885.930155846,5885.930155846,5746,8044400,0.000000
1731,17.310072,5885.940169125,5885.940169125,5749,8048600,0.000000
1732,17.320066,5885.950163237,5885.950163237,5752,8052800,0.000000
1733,17.330061,5885.960158750,5885.960158750,5756,8058400,0.000000
1734,17.340071,5885.970168033,5885.970168033,5759,8062600,0.000000
1735,17.350069,5885.980165813,5885.980165813,5762,8066800,0.000000
1736,17.360076,5885.990173379,5885.990173379,5766,8072400,0.000000
1737,17.370065,5886.000162520,5886.000162520,5769,8076600,0.000000
1738,17.380067,5886.010164557,5886.010164557,5772,8080800,0.000000
1739,17.390071,5886.020168585,5886.020168585,5775,8085000,0.000000
1740,17.400071,5886.030168277,5886.030168277,5779,8090600,0.000000
1741,17.410067,5886.040164611,5886.040164611,5782,8094800,0.000000
1742,17.420071,5886.050168558,5886.050168558,5785,8099000,0.000000
1743,17.430065,5886.060162113,5886.060162113,5789,8104600,0.000000
1744,17.440060,5886.070157390,5886.070157390,5792,8108800,0.000000
1745,17.450068,5886.080165662,5886.080165662,5795,8113000,0.000000
1746,17.460065,5886.090161970,5886.090161970,5799,8118600,0.000000
1747,17.470046,5886.100143069,5886.100143069,5802,8122800,0.000000
1748,17.480068,5886.110165353,5886.110165353,5805,8127000,0.000000
1749,17.490062,5886.120159542,5886.120159542,5809,8132600,0.000000
1750,17.500070,5886.130167388,5886.130167388,5812,8136800,0.000000
1751,17.510075,5886.140171939,5886.140171939,5815,8141000,0.000000
1752,17.520070,5886.150167682,5886.150167682,5819,8146600,0.000000
1753,17.530071,5886.160168285,5886.160168285,5822,8150800,0.000000
1754,17.540069,5886.170165961,5886.170165961,5825,8155000,0.000000
1755,17.550068,5886.180165668,5886.180165668,5829,8160600,0.000000
1756,17.560069,5886.190166075,5886.190166075,5832,8164800,0.000000
1757,17.570069,5886.200165939,5886.200165939,5835,8169000,0.000000
1758,17.580066,5886.210162870,5886.210162870,5839,8174600,0.000000
1759,17.590065,5886.220162511,5886.220162511,5842,8178800,0.000000
1760,17.600048,5886.230145305,5886.230145305,5845,8183000,0.000000
1761,17.610054,5886.240151729,5886.240151729,5849,8188600,0.000000
1762,17.620075,5886.250172632,5886.250172632,5852,8192800,0.000000
1763,17.630066,5886.260162952,5886.260162952,5855,8197000,0.000000
1764,17.640084,5886.270181212,5886.270181212,5859,8202600,0.000000
1765,17.650065,5886.280162386,5886.280162386,5862,8206800,0.000000
1766,17.660065,5886.290162650,5886.290162650,5865,8211000,0.000000
1767,17.670065,5886.300162438,5886.300162438,5868,8215200,0.000000
1768,17.680059,5886.310155802,5886.310155802,5872,8220800,0.000000
1769,17.690060,5886.320157237,5886.320157237,5875,8225000,0.000000
1770,17.700066,5886.330163608,5886.330163608,5878,8229200,0.000000
1771,17.710066,5886.340163360,5886.340163360,5882,8234800,0.000000
1772,17.720066,5886.350162963,5886.350162963,5885,8239000,0.000000
1773,17.730068,5886.360165703,5886.360165703,5888,8243200,0.000000
1774,17.740047,5886.370144145,5886.370144145,5892,8248800,0.000000
1775,17.750065,5886.380162755,5886.380162755,5895,8253000,0.000000
1776,17.760067,5886.390164597,5886.390164597,5898,8257200,0.000000
1777,17.770065,5886.400162629,5886.400162629,5902,8262800,0.000000
1778,17.780091,5886.410188672,5886.410188672,5905,8267000,0.000000
1779,17.790065,5886.420162534,5886.420162534,5908,8271200,0.000000
1780,17.800064,5886.430161678,5886.430161678,5912,8276800,0.000000
1781,17.810061,5886.440158003,5886.440158003,5915,8281000,0.000000
1782,17.820095,5886.450192285,5886.450192285,5918,8285200,0.000000
1783,17.830062,5886.460159018,5886.460159018,5922,8290800,0.000000
1784,17.840057,5886.470154367,5886.470154367,5925,8295000,0.000000
1785,17.850068,5886.480164804,5886.480164804,5928,8299200,0.000000
1786,17.860059,5886.490156259,5886.490156259,5932,8304800,0.000000
1787,17.870070,5886.500167721,5886.500167721,5935,8309000,0.000000
1788,17.880067,5886.510164442,5886.510164442,5938,8313200,0.000000
1789,17.890106,5886.520203716,5886.520203716,5942,8318800,0.000000
1790,17.900066,5886.530162947,5886.530162947,5945,8323000,0.000000
1791,17.910066,5886.540163219,5886.540163219,5948,8327200,0.000000
1792,17.920084,5886.550181240,5886.550181240,5952,8332800,0.000000
1793,17.930062,5886.560159286,5886.560159286,5955,8337000,0.000000
1794,17.940065,5886.570162294,5886.570162294,5958,8341200,0.000000
1795,17.950078,5886.580174890,5886.580174890,5961,8345400,0.000000
1796,17.960069,5886.590166546,5886.590166546,5965,8351000,0.000000
1797,17.970067,5886.600164682,5886.600164682,5968,8355200,0.000000
1798,17.980070,5886.610167055,5886.610167055,5971,8359400,0.000000
1799,17.990068,5886.620165255,5886.620165255,5975,8365000,0.000000
1800,18.000069,5886.630166622,5886.630166622,5978,8369200,0.000000
1801,18.010067,5886.640163861,5886.640163861,5981,8373400,0.000000
1802,18.020062,5886.650159611,5886.650159611,5985,8379000,0.000000
1803,18.030068,5886.660164995,5886.660164995,5988,8383200,0.000000
1804,18.040066,5886.670162850,5886.670162850,5991,8387400,0.000000
1805,18.050030,5886.680126973,5886.680126973,5995,8393000,0.000000
1806,18.060073,5886.690170230,5886.690170230,5998,8397200,0.000000
1807,18.070068,5886.700165703,5886.700165703,6001,8401400,0.000000
1808,18.080064,5886.710161026,5886.710161026,6005,8407000,0.000000
1809,18.090071,5886.720168171,5886.720168171,6008,8411200,0.000000
1810,18.100065,5886.730162259,5886.730162259,6011,8415400,0.000000
1811,18.110062,5886.740159009,5886.740159009,6015,8421000,0.000000
1812,18.120069,5886.750166312,5886.750166312,6018,8425200,0.000000
1813,18.130069,5886.760166447,5886.760166447,6021,8429400,0.000000
1814,18.140059,5886.770156531,5886.770156531,6025,8435000,0.000000
1815,18.150065,5886.780162296,5886.780162296,6028,8439200,0.000000
1816,18.160068,5886.790165153,5886.790165153,6031,8443400,0.000000
1817,18.170055,5886.800152369,5886.800152369,6035,8449000,0.000000
1818,18.180064,5886.810160976,5886.810160976,6038,8453200,0.000000
1819,18.190066,5886.820163705,5886.820163705,6041,8457400,0.000000
1820,18.200072,5886.830168844,5886.830168844,6045,8463000,0.000000
1821,18.210066,5886.840163408,5886.840163408,6048,8467200,0.000000
1822,18.220067,5886.850164155,5886.850164155,6051,8471400,0.000000
1823,18.230068,5886.860165203,5886.860165203,6054,8475600,0.000000
1824,18.240037,5886.870134653,5886.870134653,6058,8481200,0.000000
1825,18.250034,5886.880131663,5886.880131663,6061,8485400,0.000000
1826,18.260066,5886.890162847,5886.890162847,6064,8489600,0.000000
1827,18.270064,5886.900161347,5886.900161347,6068,8495200,0.000000
1828,18.280066,5886.910163201,5886.910163201,6071,8499400,0.000000
1829,18.290061,5886.920158376,5886.920158376,6074,8503600,0.000000
1830,18.300064,5886.930160953,5886.930160953,6078,8509200,0.000000
1831,18.310069,5886.940166241,5886.940166241,6081,8513400,0.000000
1832,18.320065,5886.950162002,5886.950162002,6084,8517600,0.000000
1833,18.330065,5886.960162752,5886.960162752,6088,8523200,0.000000
1834,18.340065,5886.970162347,5886.970162347,6091,8527400,0.000000
1835,18.350079,5886.980176065,5886.980176065,6094,8531600,0.000000
1836,18.360061,5886.990158612,5886.990158612,6098,8537200,0.000000
1837,18.370069,5887.000166507,5887.000166507,6101,8541400,0.000000
1838,18.380072,5887.010168814,5887.010168814,6104,8545600,0.000000
1839,18.390067,5887.020163886,5887.020163886,6108,8551200,0.000000
1840,18.400065,5887.030162436,5887.030162436,6111,8555400,0.000000
1841,18.410065,5887.040161890,5887.040161890,6114,8559600,0.000000
1842,18.420063,5887.050160060,5887.050160060,6118,8565200,0.000000
1843,18.430082,5887.060179567,5887.060179567,6121,8569400,0.000000
1844,18.440050,5887.070147780,5887.070147780,6124,8573600,0.000000
1845,18.450060,5887.080157253,5887.080157253,6128,8579200,0.000000
1846,18.460072,5887.090169702,5887.090169702,6131,8583400,0.000000
1847,18.470066,5887.100163412,5887.100163412,6134,8587600,0.000000
1848,18.480076,5887.110173165,5887.110173165,6138,8593200,0.000000
1849,18.490063,5887.120159873,5887.120159873,6141,8597400,0.000000
1850,18.500065,5887.130162386,5887.130162386,6144,8601600,0.000000
1851,18.510069,5887.140166365,5887.140166365,6147,8605800,0.000000
1852,18.520068,5887.150165392,5887.150165392,6151,8611400,0.000000
1853,18.530068,5887.160165515,5887.160165515,6154,8615600,0.000000
1854,18.540068,5887.170165748,5887.170165748,6157,8619800,0.000000
1855,18.550065,5887.180162294,5887.180162294,6161,8625400,0.000000
1856,18.560076,5887.190173058,5887.190173058,6164,8629600,0.000000
1857,18.570060,5887.200157436,5887.200157436,6167,8633800,0.000000
1858,18.580064,5887.210161525,5887.210161525,6171,8639400,0.000000
1859,18.590069,5887.220166440,5887.220166440,6174,8643600,0.000000
1860,18.600064,5887.230161722,5887.230161722,6177,8647800,0.000000
1861,18.610068,5887.240164932,5887.240164932,6181,8653400,0.000000
1862,18.620068,5887.250165163,5887.250165163,6184,8657600,0.000000
1863,18.630063,5887.260160602,5887.260160602,6187,8661800,0.000000
1864,18.640069,5887.270166469,5887.270166469,6191,8667400,0.000000
1865,18.650067,5887.280164252,5887.280164252,6194,8671600,0.000000
1866,18.660020,5887.290116907,5887.290116907,6197,8675800,0.000000
1867,18.670045,5887.300142196,5887.300142196,6201,8681400,0.000000
1868,18.680065,5887.310162355,5887.310162355,6204,8685600,0.000000
1869,18.690075,5887.320172133,5887.320172133,6207,8689800,0.000000
1870,18.700058,5887.330155529,5887.330155529,6211,8695400,0.000000
1871,18.710067,5887.340164256,5887.340164256,6214,8699600,0.000000
1872,18.720071,5887.350168249,5887.350168249,6217,8703800,0.000000
1873,18.730061,5887.360157899,5887.360157899,6221,8709400,0.000000
1874,18.740068,5887.370165246,5887.370165246,6224,8713600,0.000000
1875,18.750067,5887.380164503,5887.380164503,6227,8717800,0.000000
1876,18.760063,5887.390160290,5887.390160290,6231,8723400,0.000000
1877,18.770066,5887.400163146,5887.400163146,6234,8727600,0.000000
1878,18.780064,5887.410161447,5887.410161447,6237,8731800,0.000000
1879,18.790066,5887.420162947,5887.420162947,6240,8736000,0.000000
1880,18.800041,5887.430138011,5887.430138011,6244,8741600,0.000000
1881,18.810067,5887.440164283,5887.440164283,6247,8745800,0.000000
1882,18.820072,5887.450169558,5887.450169558,6250,8750000,0.000000
1883,18.830060,5887.460156957,5887.460156957,6254,8755600,0.000000
1884,18.840063,5887.470160047,5887.470160047,6257,8759800,0.000000
1885,18.850028,5887.480125514,5887.480125514,6260,8764000,0.000000
1886,18.860053,5887.490150631,5887.490150631,6264,8769600,0.000000
1887,18.870067,5887.500164570,5887.500164570,6267,8773800,0.000000
1888,18.880070,5887.510167499,5887.510167499,6270,8778000,0.000000
1889,18.890068,5887.520165559,5887.520165559,6274,8783600,0.000000
1890,18.900044,5887.530141325,5887.530141325,6277,8787800,0.000000
1891,18.910063,5887.540160653,5887.540160653,6280,8792000,0.000000
1892,18.920069,5887.550166474,5887.550166474,6284,8797600,0.000000
1893,18.930057,5887.560154159,5887.560154159,6287,8801800,0.000000
1894,18.940062,5887.570159636,5887.570159636,6290,8806000,0.000000
1895,18.950057,5887.580154140,5887.580154140,6294,8811600,0.000000
1896,18.960071,5887.590168094,5887.590168094,6297,8815800,0.000000
1897,18.970076,5887.600173348,5887.600173348,6300,8820000,0.000000
1898,18.980063,5887.610160490,5887.610160490,6304,8825600,0.000000
1899,18.990088,5887.620184866,5887.620184866,6307,8829800,0.000000
1900,19.000068,5887.630165664,5887.630165664,6310,8834000,0.000000
1901,19.010057,5887.640153926,5887.640153926,6314,8839600,0.000000
1902,19.020075,5887.650172371,5887.650172371,6317,8843800,0.000000
1903,19.030068,5887.660164982,5887.660164982,6320,8848000,0.000000
1904,19.040086,5887.670183072,5887.670183072,6324,8853600,0.000000
1905,19.050060,5887.680157427,5887.680157427,6327,8857800,0.000000
1906,19.060061,5887.690158067,5887.690158067,6330,8862000,0.000000
1907,19.070087,5887.700184611,5887.700184611,6333,8866200,0.000000
1908,19.080067,5887.710163888,5887.710163888,6337,8871800,0.000000
1909,19.090079,5887.720176501,5887.720176501,6340,8876000,0.000000
1910,19.100068,5887.730165282,5887.730165282,6343,8880200,0.000000
1911,19.110068,5887.740165633,5887.740165633,6347,8885800,0.000000
1912,19.120081,5887.750177975,5887.750177975,6350,8890000,0.000000
1913,19.130071,5887.760168659,5887.760168659,6353,8894200,0.000000
1914,19.140069,5887.770166575,5887.770166575,6357,8899800,0.000000
1915,19.150071,5887.780167995,5887.780167995,6360,8904000,0.000000
1916,19.160071,5887.790168074,5887.790168074,6363,8908200,0.000000
1917,19.170067,5887.800164197,5887.800164197,6367,8913800,0.000000
1918,19.180061,5887.810158183,5887.810158183,6370,8918000,0.000000
1919,19.190066,5887.820163721,5887.820163721,6373,8922200,0.000000
1920,19.200072,5887.830169132,5887.830169132,6377,8927800,0.000000
1921,19.210071,5887.840167906,5887.840167906,6380,8932000,0.000000
1922,19.220075,5887.850172297,5887.850172297,6383,8936200,0.000000
1923,19.230064,5887.860161623,5887.860161623,6387,8941800,0.000000
1924,19.240068,5887.870165235,5887.870165235,6390,8946000,0.000000
1925,19.250081,5887.880178278,5887.880178278,6393,8950200,0.000000
1926,19.260062,5887.890159052,5887.890159052,6397,8955800,0.000000
1927,19.270066,5887.900163049,5887.900163049,6400,8960000,0.000000
1928,19.280079,5887.910176703,5887.910176703,6403,8964200,0.000000
1929,19.290059,5887.920156273,5887.920156273,6407,8969800,0.000000
1930,19.300069,5887.930166371,5887.930166371,6410,8974000,0.000000
1931,19.310063,5887.940160649,5887.940160649,6413,8978200,0.000000
1932,19.320078,5887.950175281,5887.950175281,6417,8983800,0.000000
1933,19.330072,5887.960169648,5887.960169648,6420,8988000,0.000000
1934,19.340067,5887.970164608,5887.970164608,6423,8992200,0.000000
1935,19.350066,5887.980163308,5887.980163308,6426,8996400,0.000000
1936,19.360069,5887.990165903,5887.990165903,6430,9002000,0.000000
1937,19.370069,5888.000165815,5888.000165815,6433,9006200,0.000000
1938,19.380070,5888.010167102,5888.010167102,6436,9010400,0.000000
1939,19.390067,5888.020163894,5888.020163894,6440,9016000,0.000000
1940,19.400067,5888.030164063,5888.030164063,6443,9020200,0.000000
1941,19.410070,5888.040166813,5888.040166813,6446,9024400,0.000000
1942,19.420068,5888.050164994,5888.050164994,6450,9030000,0.000000
1943,19.430069,5888.060166416,5888.060166416,6453,9034200,0.000000
1944,19.440070,5888.070167003,5888.070167003,6456,9038400,0.000000
1945,19.450064,5888.080161036,5888.080161036,6460,9044000,0.000000
1946,19.460069,5888.090165799,5888.090165799,6463,9048200,0.000000
1947,19.470067,5888.100164107,5888.100164107,6466,9052400,0.000000
1948,19.480069,5888.110166273,5888.110166273,6470,9058000,0.000000
1949,19.490073,5888.120170528,5888.120170528,6473,9062200,0.000000
1950,19.500068,5888.130164933,5888.130164933,6476,9066400,0.000000
1951,19.510062,5888.140159546,5888.140159546,6480,9072000,0.000000
1952,19.520070,5888.150167446,5888.150167446,6483,9076200,0.000000
1953,19.530066,5888.160163609,5888.160163609,6486,9080400,0.000000
1954,19.540063,5888.170160076,5888.170160076,6490,9086000,0.000000
1955,19.550073,5888.180170016,5888.180170016,6493,9090200,0.000000
1956,19.560019,5888.190116440,5888.190116440,6496,9094400,0.000000
1957,19.570044,5888.200141421,5888.200141421,6500,9100000,0.000000
1958,19.580066,5888.210163543,5888.210163543,6503,9104200,0.000000
1959,19.590066,5888.220163321,5888.220163321,6506,9108400,0.000000
1960,19.600076,5888.230173698,5888.230173698,6510,9114000,0.000000
1961,19.610065,5888.240162075,5888.240162075,6513,9118200,0.000000
1962,19.620070,5888.250167412,5888.250167412,6516,9122400,0.000000
1963,19.630065,5888.260161929,5888.260161929,6519,9126600,0.000000
1964,19.640013,5888.270110180,5888.270110180,6523,9132200,0.000000
1965,19.650067,5888.280164395,5888.280164395,6526,9136400,0.000000
1966,19.660069,5888.290166785,5888.290166785,6529,9140600,0.000000
1967,19.670066,5888.300162974,5888.300162974,6533,9146200,0.000000
1968,19.680066,5888.310163341,5888.310163341,6536,9150400,0.000000
1969,19.690066,5888.320163579,5888.320163579,6539,9154600,0.000000
1970,19.700067,5888.330164650,5888.330164650,6543,9160200,0.000000
1971,19.710069,5888.340166344,5888.340166344,6546,9164400,0.000000
1972,19.720068,5888.350165342,5888.350165342,6549,9168600,0.000000
1973,19.730063,5888.360160083,5888.360160083,6553,9174200,0.000000
1974,19.740068,5888.370164966,5888.370164966,6556,9178400,0.000000
1975,19.750066,5888.380163622,5888.380163622,6559,9182600,0.000000
1976,19.760080,5888.390177365,5888.390177365,6563,9188200,0.000000
1977,19.770069,5888.400166569,5888.400166569,6566,9192400,0.000000
1978,19.780066,5888.410163431,5888.410163431,6569,9196600,0.000000
1979,19.790063,5888.420160549,5888.420160549,6573,9202200,0.000000
1980,19.800066,5888.430163021,5888.430163021,6576,9206400,0.000000
1981,19.810078,5888.440175002,5888.440175002,6579,9210600,0.000000
1982,19.820061,5888.450157899,5888.450157899,6583,9216200,0.000000
1983,19.830065,5888.460162772,5888.460162772,6586,9220400,0.000000
1984,19.840067,5888.470164584,5888.470164584,6589,9224600,0.000000
1985,19.850053,5888.480150233,5888.480150233,6593,9230200,0.000000
1986,19.860068,5888.490164948,5888.490164948,6596,9234400,0.000000
1987,19.870069,5888.500165866,5888.500165866,6599,9238600,0.000000
1988,19.880076,5888.510173184,5888.510173184,6603,9244200,0.000000
1989,19.890066,5888.520163018,5888.520163018,6606,9248400,0.000000
1990,19.900066,5888.530163003,5888.530163003,6609,9252600,0.000000
1991,19.910073,5888.540170164,5888.540170164,6612,9256800,0.000000
1992,19.920039,5888.550136195,5888.550136195,6616,9262400,0.000000
1993,19.930076,5888.560173325,5888.560173325,6619,9266600,0.000000
1994,19.940071,5888.570168042,5888.570168042,6622,9270800,0.000000
1995,19.950070,5888.580167658,5888.580167658,6626,9276400,0.000000
1996,19.960081,5888.590178372,5888.590178372,6629,9280600,0.000000
1997,19.970077,5888.600173916,5888.600173916,6632,9284800,0.000000
1998,19.980074,5888.610171411,5888.610171411,6636,9290400,0.000000
1999,19.990063,5888.620159897,5888.620159897,6639,9294600,0.000000
2000,20.000073,5888.630170207,5888.630170207,6642,9298800,0.000000
2001,20.010067,5888.640164755,5888.640164755,6646,9304400,0.000000
2002,20.020069,5888.650166547,5888.650166547,6649,9308600,0.000000
2003,20.030080,5888.660177471,5888.660177471,6652,9312800,0.000000
2004,20.040068,5888.670165153,5888.670165153,6656,9318400,0.000000
2005,20.050076,5888.680173080,5888.680173080,6659,9322600,0.000000
2006,20.060086,5888.690183657,5888.690183657,6662,9326800,0.000000
2007,20.070036,5888.700133165,5888.700133165,6666,9332400,0.000000
2008,20.080071,5888.710168690,5888.710168690,6669,9336600,0.000000
2009,20.090072,5888.720169778,5888.720169778,6672,9340800,0.000000
2010,20.100014,5888.730111586,5888.730111586,6676,9346400,0.000000
2011,20.110074,5888.740171289,5888.740171289,6679,9350600,0.000000
2012,20.120073,5888.750169939,5888.750169939,6682,9354800,0.000000
2013,20.130064,5888.760161124,5888.760161124,6686,9360400,0.000000
2014,20.140066,5888.770163404,5888.770163404,6689,9364600,0.000000
2015,20.150069,5888.780166143,5888.780166143,6692,9368800,0.000000
2016,20.160084,5888.790181607,5888.790181607,6696,9374400,0.000000
2017,20.170066,5888.800163076,5888.800163076,6699,9378600,0.000000
2018,20.180067,5888.810164715,5888.810164715,6702,9382800,0.000000
2019,20.190071,5888.820168179,5888.820168179,6705,9387000,0.000000
2020,20.200061,5888.830158710,5888.830158710,6709,9392600,0.000000
2021,20.210066,5888.840163778,5888.840163778,6712,9396800,0.000000
2022,20.220067,5888.850163911,5888.850163911,6715,9401000,0.000000
2023,20.230065,5888.860162171,5888.860162171,6719,9406600,0.000000
2024,20.240071,5888.870167845,5888.870167845,6722,9410800,0.000000
2025,20.250059,5888.880156254,5888.880156254,6725,9415000,0.000000
2026,20.260065,5888.890162096,5888.890162096,6729,9420600,0.000000
2027,20.270073,5888.900170473,5888.900170473,6732,9424800,0.000000
2028,20.280068,5888.910165568,5888.910165568,6735,9429000,0.000000
2029,20.290060,5888.920157721,5888.920157721,6739,9434600,0.000000
2030,20.300066,5888.930163072,5888.930163072,6742,9438800,0.000000
2031,20.310068,5888.940165197,5888.940165197,6745,9443000,0.000000
2032,20.320060,5888.950157337,5888.950157337,6749,9448600,0.000000
2033,20.330061,5888.960158700,5888.960158700,6752,9452800,0.000000
2034,20.340068,5888.970165720,5888.970165720,6755,9457000,0.000000
2035,20.350059,5888.980156182,5888.980156182,6759,9462600,0.000000
2036,20.360067,5888.990164025,5888.990164025,6762,9466800,0.000000
2037,20.370079,5889.000176059,5889.000176059,6765,9471000,0.000000
2038,20.380059,5889.010156584,5889.010156584,6769,9476600,0.000000
2039,20.390067,5889.020164541,5889.020164541,6772,9480800,0.000000
2040,20.400072,5889.030169038,5889.030169038,6775,9485000,0.000000
2041,20.410060,5889.040157171,5889.040157171,6779,9490600,0.000000
2042,20.420072,5889.050169674,5889.050169674,6782,9494800,0.000000
2043,20.430066,5889.060162932,5889.060162932,6785,9499000,0.000000
2044,20.440074,5889.070171377,5889.070171377,6789,9504600,0.000000
2045,20.450066,5889.080163024,5889.080163024,6792,9508800,0.000000
2046,20.460067,5889.090164758,5889.090164758,6795,9513000,0.000000
2047,20.470068,5889.100165149,5889.100165149,6798,9517200,0.000000
2048,20.480061,5889.110157820,5889.110157820,6802,9522800,0.000000
2049,20.490073,5889.120170569,5889.120170569,6805,9527000,0.000000
2050,20.500071,5889.130167952,5889.130167952,6808,9531200,0.000000
2051,20.510061,5889.140158395,5889.140158395,6812,9536800,0.000000
2052,20.520067,5889.150164645,5889.150164645,6815,9541000,0.000000
2053,20.530057,5889.160154607,5889.160154607,6818,9545200,0.000000
2054,20.540065,5889.170161957,5889.170161957,6822,9550800,0.000000
2055,20.550068,5889.180165262,5889.180165262,6825,9555000,0.000000
2056,20.560059,5889.190156722,5889.190156722,6828,9559200,0.000000
2057,20.570065,5889.200162154,5889.200162154,6832,9564800,0.000000
2058,20.580067,5889.210164607,5889.210164607,6835,9569000,0.000000
2059,20.590064,5889.220161421,5889.220161421,6838,9573200,0.000000
2060,20.600065,5889.230162267,5889.230162267,6842,9578800,0.000000
2061,20.610061,5889.240157866,5889.240157866,6845,9583000,0.000000
2062,20.620067,5889.250164029,5889.250164029,6848,9587200,0.000000
2063,20.630046,5889.260143560,5889.260143560,6852,9592800,0.000000
2064,20.640078,5889.270175645,5889.270175645,6855,9597000,0.000000
2065,20.650071,5889.280168058,5889.280168058,6858,9601200,0.000000
2066,20.660059,5889.290155973,5889.290155973,6862,9606800,0.000000
2067,20.670036,5889.300132997,5889.300132997,6865,9611000,0.000000
2068,20.680069,5889.310166767,5889.310166767,6868,9615200,0.000000
2069,20.690050,5889.320147067,5889.320147067,6872,9620800,0.000000
2070,20.700068,5889.330164800,5889.330164800,6875,9625000,0.000000
2071,20.710067,5889.340164290,5889.340164290,6878,9629200,0.000000
2072,20.720088,5889.350185334,5889.350185334,6882,9634800,0.000000
2073,20.730064,5889.360161367,5889.360161367,6885,9639000,0.000000
2074,20.740060,5889.370157427,5889.370157427,6888,9643200,0.000000
2075,20.750070,5889.380167094,5889.380167094,6891,9647400,0.000000
2076,20.760073,5889.390169913,5889.390169913,6895,9653000,0.000000
2077,20.770071,5889.400168322,5889.400168322,6898,9657200,0.000000
2078,20.780071,5889.410168726,5889.410168726,6901,9661400,0.000000
2079,20.790071,5889.420167971,5889.420167971,6905,9667000,0.000000
2080,20.800074,5889.430171364,5889.430171364,6908,9671200,0.000000
2081,20.810071,5889.440168250,5889.440168250,6911,9675400,0.000000
2082,20.820067,5889.450164770,5889.450164770,6915,9681000,0.000000
2083,20.830073,5889.460170439,5889.460170439,6918,9685200,0.000000
2084,20.840066,5889.470162814,5889.470162814,6921,9689400,0.000000
2085,20.850065,5889.480161833,5889.480161833,6925,9695000,0.000000
2086,20.860059,5889.490156777,5889.490156777,6928,9699200,0.000000
2087,20.870061,5889.500157869,5889.500157869,6931,9703400,0.000000
2088,20.880060,5889.510157375,5889.510157375,6935,9709000,0.000000
2089,20.890041,5889.520138723,5889.520138723,6938,9713200,0.000000
2090,20.900060,5889.530157488,5889.530157488,6941,9717400,0.000000
2091,20.910062,5889.540159036,5889.540159036,6945,9723000,0.000000
2092,20.920071,5889.550168453,5889.550168453,6948,9727200,0.000000
2093,20.930072,5889.560169225,5889.560169225,6951,9731400,0.000000
2094,20.940065,5889.570162051,5889.570162051,6955,9737000,0.000000
2095,20.950072,5889.580169479,5889.580169479,6958,9741200,0.000000
2096,20.960062,5889.590159493,5889.590159493,6961,9745400,0.000000
2097,20.970076,5889.600173673,5889.600173673,6965,9751000,0.000000
2098,20.980066,5889.610163307,5889.610163307,6968,9755200,0.000000
2099,20.990065,5889.620162185,5889.620162185,6971,9759400,0.000000
2100,21.000076,5889.630173633,5889.630173633,6975,9765000,0.000000
2101,21.010064,5889.640161061,5889.640161061,6978,9769200,0.000000
2102,21.020065,5889.650162008,5889.650162008,6981,9773400,0.000000
2103,21.030065,5889.660162231,5889.660162231,6984,9777600,0.000000
2104,21.040064,5889.670161057,5889.670161057,6988,9783200,0.000000
2105,21.050021,5889.680118431,5889.680118431,6991,9787400,0.000000
2106,21.060067,5889.690164539,5889.690164539,6994,9791600,0.000000
2107,21.070066,5889.700162977,5889.700162977,6998,9797200,0.000000
2108,21.080062,5889.710159649,5889.710159649,7001,9801400,0.000000
2109,21.090049,5889.720146675,5889.720146675,7004,9805600,0.000000
2110,21.100068,5889.730165298,5889.730165298,7008,9811200,0.000000
2111,21.110047,5889.740144662,5889.740144662,7011,9815400,0.000000
2112,21.120066,5889.750163395,5889.750163395,7014,9819600,0.000000
2113,21.130061,5889.760158275,5889.760158275,7018,9825200,0.000000
2114,21.140057,5889.770153949,5889.770153949,7021,9829400,0.000000
2115,21.150078,5889.780175309,5889.780175309,7024,9833600,0.000000
2116,21.160061,5889.790157894,5889.790157894,7028,9839200,0.000000
2117,21.170069,5889.800166541,5889.800166541,7031,9843400,0.000000
2118,21.180064,5889.810161764,5889.810161764,7034,9847600,0.000000
2119,21.190048,5889.820145486,5889.820145486,7038,9853200,0.000000
2120,21.200066,5889.830163583,5889.830163583,7041,9857400,0.000000
2121,21.210068,5889.840165606,5889.840165606,7044,9861600,0.000000
2122,21.220058,5889.850155156,5889.850155156,7048,9867200,0.000000
2123,21.230066,5889.860163094,5889.860163094,7051,9871400,0.000000
2124,21.240090,5889.870186980,5889.870186980,7054,9875600,0.000000
2125,21.250044,5889.880141077,5889.880141077,7058,9881200,0.000000
2126,21.260065,5889.890162164,5889.890162164,7061,9885400,0.000000
2127,21.270064,5889.900161440,5889.900161440,7064,9889600,0.000000
2128,21.280054,5889.910151081,5889.910151081,7068,9895200,0.000000
2129,21.290059,5889.920156714,5889.920156714,7071,9899400,0.000000
2130,21.300066,5889.930162905,5889.930162905,7074,9903600,0.000000
2131,21.310042,5889.940139671,5889.940139671,7077,9907800,0.000000
2132,21.320060,5889.950156881,5889.950156881,7081,9913400,0.000000
2133,21.330075,5889.960171831,5889.960171831,7084,9917600,0.000000
2134,21.340065,5889.970162761,5889.970162761,7087,9921800,0.000000
2135,21.350066,5889.980163174,5889.980163174,7091,9927400,0.000000
2136,21.360066,5889.990162972,5889.990162972,7094,9931600,0.000000
2137,21.370059,5890.000156321,5890.000156321,7097,9935800,0.000000
2138,21.380064,5890.010161459,5890.010161459,7101,9941400,0.000000
2139,21.390063,5890.020160769,5890.020160769,7104,9945600,0.000000
2140,21.400065,5890.030162056,5890.030162056,7107,9949800,0.000000
2141,21.410051,5890.040148734,5890.040148734,7111,9955400,0.000000
2142,21.420070,5890.050166842,5890.050166842,7114,9959600,0.000000
2143,21.430068,5890.060165391,5890.060165391,7117,9963800,0.000000
2144,21.440072,5890.070169793,5890.070169793,7121,9969400,0.000000
2145,21.450065,5890.080162490,5890.080162490,7124,9973600,0.000000
2146,21.460066,5890.090162910,5890.090162910,7127,9977800,0.000000
2147,21.470059,5890.100156339,5890.100156339,7131,9983400,0.000000
2148,21.480065,5890.110161840,5890.110161840,7134,9987600,0.000000
2149,21.490072,5890.120169482,5890.120169482,7137,9991800,0.000000
2150,21.500060,5890.130157069,5890.130157069,7141,9997400,0.000000
2151,21.510066,5890.140163289,5890.140163289,7144,10001600,0.000000
2152,21.520042,5890.150139372,5890.150139372,7147,10005800,0.000000
2153,21.530049,5890.160146110,5890.160146110,7151,10011400,0.000000
2154,21.540064,5890.170161241,5890.170161241,7154,10015600,0.000000
2155,21.550062,5890.180159239,5890.180159239,7157,10019800,0.000000
2156,21.560079,5890.190176593,5890.190176593,7161,10025400,0.000000
2157,21.570065,5890.200162382,5890.200162382,7164,10029600,0.000000
2158,21.580065,5890.210162408,5890.210162408,7167,10033800,0.000000
2159,21.590067,5890.220163986,5890.220163986,7170,10038000,0.000000
2160,21.600031,5890.230128641,5890.230128641,7174,10043600,0.000000
2161,21.610066,5890.240162820,5890.240162820,7177,10047800,0.000000
2162,21.620065,5890.250162190,5890.250162190,7180,10052000,0.000000
2163,21.630066,5890.260162983,5890.260162983,7184,10057600,0.000000
2164,21.640066,5890.270163591,5890.270163591,7187,10061800,0.000000
2165,21.650066,5890.280163639,5890.280163639,7190,10066000,0.000000
2166,21.660060,5890.290157489,5890.290157489,7194,10071600,0.000000
2167,21.670059,5890.300156730,5890.300156730,7197,10075800,0.000000
2168,21.680070,5890.310167048,5890.310167048,7200,10080000,0.000000
2169,21.690062,5890.320159142,5890.320159142,7204,10085600,0.000000
2170,21.700046,5890.330143293,5890.330143293,7207,10089800,0.000000
2171,21.710061,5890.340157916,5890.340157916,7210,10094000,0.000000
2172,21.720060,5890.350156878,5890.350156878,7214,10099600,0.000000
2173,21.730066,5890.360163625,5890.360163625,7217,10103800,0.000000
2174,21.740065,5890.370162148,5890.370162148,7220,10108000,0.000000
2175,21.750064,5890.380161325,5890.380161325,7224,10113600,0.000000
2176,21.760067,5890.390164104,5890.390164104,7227,10117800,0.000000
2177,21.770066,5890.400163626,5890.400163626,7230,10122000,0.000000
2178,21.780063,5890.410160526,5890.410160526,7234,10127600,0.000000
2179,21.790073,5890.420170105,5890.420170105,7237,10131800,0.000000
2180,21.800066,5890.430163065,5890.430163065,7240,10136000,0.000000
2181,21.810062,5890.440159350,5890.440159350,7244,10141600,0.000000
2182,21.820061,5890.450158048,5890.450158048,7247,10145800,0.000000
2183,21.830066,5890.460163006,5890.460163006,7250,10150000,0.000000
2184,21.840072,5890.470168894,5890.470168894,7254,10155600,0.000000
2185,21.850064,5890.480160855,5890.480160855,7257,10159800,0.000000
2186,21.860064,5890.490161385,5890.490161385,7260,10164000,0.000000
2187,21.870040,5890.500137068,5890.500137068,7263,10168200,0.000000
2188,21.880061,5890.510157798,5890.510157798,7267,10173800,0.000000
2189,21.890065,5890.520162244,5890.520162244,7270,10178000,0.000000
2190,21.900069,5890.530165818,5890.530165818,7273,10182200,0.000000
2191,21.910068,5890.540165301,5890.540165301,7277,10187800,0.000000
2192,21.920066,5890.550163119,5890.550163119,7280,10192000,0.000000
2193,21.930062,5890.560159413,5890.560159413,7283,10196200,0.000000
2194,21.940062,5890.570159156,5890.570159156,7287,10201800,0.000000
2195,21.950059,5890.580155806,5890.580155806,7290,10206000,0.000000
2196,21.960067,5890.590164321,5890.590164321,7293,10210200,0.000000
2197,21.970060,5890.600157505,5890.600157505,7297,10215800,0.000000
2198,21.980067,5890.610164589,5890.610164589,7300,10220000,0.000000
2199,21.990066,5890.620163331,5890.620163331,7303,10224200,0.000000
2200,22.000064,5890.630161349,5890.630161349,7307,10229800,0.000000
2201,22.010073,5890.640169963,5890.640169963,7310,10234000,0.000000
2202,22.020039,5890.650136589,5890.650136589,7313,10238200,0.000000
2203,22.030060,5890.660157020,5890.660157020,7317,10243800,0.000000
2204,22.040065,5890.670162338,5890.670162338,7320,10248000,0.000000
2205,22.050065,5890.680162490,5890.680162490,7323,10252200,0.000000
2206,22.060058,5890.690155355,5890.690155355,7327,10257800,0.000000
2207,22.070065,5890.700162666,5890.700162666,7330,10262000,0.000000
2208,22.080067,5890.710164479,5890.710164479,7333,10266200,0.000000
2209,22.090062,5890.720159537,5890.720159537,7337,10271800,0.000000
2210,22.100064,5890.730161462,5890.730161462,7340,10276000,0.000000
2211,22.110064,5890.740161460,5890.740161460,7343,10280200,0.000000
2212,22.120069,5890.750166113,5890.750166113,7347,10285800,0.000000
2213,22.130062,5890.760159686,5890.760159686,7350,10290000,0.000000
2214,22.140066,5890.770163412,5890.770163412,7353,10294200,0.000000
2215,22.150070,5890.780167622,5890.780167622,7356,10298400,0.000000
2216,22.160032,5890.790129176,5890.790129176,7360,10304000,0.000000
2217,22.170064,5890.800161182,5890.800161182,7363,10308200,0.000000
2218,22.180069,5890.810166519,5890.810166519,7366,10312400,0.000000
2219,22.190065,5890.820162414,5890.820162414,7370,10318000,0.000000
2220,22.200067,5890.830163982,5890.830163982,7373,10322200,0.000000
2221,22.210088,5890.840184952,5890.840184952,7376,10326400,0.000000
2222,22.220066,5890.850163280,5890.850163280,7380,10332000,0.000000
2223,22.230065,5890.860162725,5890.860162725,7383,10336200,0.000000
2224,22.240064,5890.870161016,5890.870161016,7386,10340400,0.000000
2225,22.250066,5890.880163058,5890.880163058,7390,10346000,0.000000
2226,22.260065,5890.890162321,5890.890162321,7393,10350200,0.000000
2227,22.270068,5890.900165249,5890.900165249,7396,10354400,0.000000
2228,22.280066,5890.910163258,5890.910163258,7400,10360000,0.000000
2229,22.290049,5890.920145848,5890.920145848,7403,10364200,0.000000
2230,22.300067,5890.930163805,5890.930163805,7406,10368400,0.000000
2231,22.310057,5890.940154661,5890.940154661,7410,10374000,0.000000
2232,22.320061,5890.950158323,5890.950158323,7413,10378200,0.000000
2233,22.330069,5890.960165864,5890.960165864,7416,10382400,0.000000
2234,22.340066,5890.970162949,5890.970162949,7420,10388000,0.000000
2235,22.350068,5890.980164929,5890.980164929,7423,10392200,0.000000
2236,22.360065,5890.990162152,5890.990162152,7426,10396400,0.000000
2237,22.370067,5891.000164061,5891.000164061,7430,10402000,0.000000
2238,22.380065,5891.010162310,5891.010162310,7433,10406200,0.000000
2239,22.390065,5891.020162411,5891.020162411,7436,10410400,0.000000
2240,22.400096,5891.030193539,5891.030193539,7440,10416000,0.000000
2241,22.410060,5891.040157743,5891.040157743,7443,10420200,0.000000
2242,22.420069,5891.050166705,5891.050166705,7446,10424400,0.000000
2243,22.430066,5891.060163201,5891.060163201,7449,10428600,0.000000
2244,22.440014,5891.070111391,5891.070111391,7453,10434200,0.000000
2245,22.450073,5891.080170011,5891.080170011,7456,10438400,0.000000
2246,22.460069,5891.090166406,5891.090166406,7459,10442600,0.000000
2247,22.470066,5891.100163262,5891.100163262,7463,10448200,0.000000
2248,22.480064,5891.110161058,5891.110161058,7466,10452400,0.000000
2249,22.490046,5891.120143498,5891.120143498,7469,10456600,0.000000
2250,22.500069,5891.130166103,5891.130166103,7473,10462200,0.000000
2251,22.510069,5891.140166420,5891.140166420,7476,10466400,0.000000
2252,22.520062,5891.150159099,5891.150159099,7479,10470600,0.000000
2253,22.530047,5891.160144077,5891.160144077,7483,10476200,0.000000
2254,22.540027,5891.170124697,5891.170124697,7486,10480400,0.000000
2255,22.550076,5891.180173343,5891.180173343,7489,10484600,0.000000
2256,22.560063,5891.190159833,5891.190159833,7493,10490200,0.000000
2257,22.570049,5891.200146793,5891.200146793,7496,10494400,0.000000
2258,22.580065,5891.210162504,5891.210162504,7499,10498600,0.000000
2259,22.590064,5891.220161018,5891.220161018,7503,10504200,0.000000
2260,22.600068,5891.230165086,5891.230165086,7506,10508400,0.000000
2261,22.610074,5891.240171609,5891.240171609,7509,10512600,0.000000
2262,22.620056,5891.250153450,5891.250153450,7513,10518200,0.000000
2263,22.630078,5891.260175579,5891.260175579,7516,10522400,0.000000
2264,22.640091,5891.270188168,5891.270188168,7519,10526600,0.000000
2265,22.650073,5891.280170418,5891.280170418,7523,10532200,0.000000
2266,22.660068,5891.290165589,5891.290165589,7526,10536400,0.000000
2267,22.670069,5891.300166326,5891.300166326,7529,10540600,0.000000
2268,22.680076,5891.310173426,5891.310173426,7533,10546200,0.000000
2269,22.690062,5891.320158932,5891.320158932,7536,10550400,0.000000
2270,22.700067,5891.330164082,5891.330164082,7539,10554600,0.000000
2271,22.710096,5891.340192911,5891.340192911,7542,10558800,0.000000
2272,22.720070,5891.350167460,5891.350167460,7546,10564400,0.000000
2273,22.730068,5891.360165572,5891.360165572,7549,10568600,0.000000
2274,22.740069,5891.370166629,5891.370166629,7552,10572800,0.000000
2275,22.750060,5891.380156958,5891.380156958,7556,10578400,0.000000
2276,22.760113,5891.390210496,5891.390210496,7559,10582600,0.000000
2277,22.770056,5891.400153279,5891.400153279,7562,10586800,0.000000
2278,22.780064,5891.410161146,5891.410161146,7566,10592400,0.000000
2279,22.790072,5891.420169450,5891.420169450,7569,10596600,0.000000
2280,22.800068,5891.430164955,5891.430164955,7572,10600800,0.000000
2281,22.810062,5891.440159535,5891.440159535,7576,10606400,0.000000
2282,22.820070,5891.450167104,5891.450167104,7579,10610600,0.000000
2283,22.830068,5891.460165369,5891.460165369,7582,10614800,0.000000
2284,22.840081,5891.470177960,5891.470177960,7586,10620400,0.000000
2285,22.850071,5891.480168356,5891.480168356,7589,10624600,0.000000
2286,22.860078,5891.490175553,5891.490175553,7592,10628800,0.000000
2287,22.870063,5891.500160751,5891.500160751,7596,10634400,0.000000
2288,22.880066,5891.510163339,5891.510163339,7599,10638600,0.000000
2289,22.890067,5891.520164087,5891.520164087,7602,10642800,0.000000
2290,22.900059,5891.530156745,5891.530156745,7606,10648400,0.000000
2291,22.910072,5891.540168802,5891.540168802,7609,10652600,0.000000
2292,22.920071,5891.550168006,5891.550168006,7612,10656800,0.000000
2293,22.930046,5891.560143277,5891.560143277,7616,10662400,0.000000
2294,22.940069,5891.570166523,5891.570166523,7619,10666600,0.000000
2295,22.950071,5891.580168675,5891.580168675,7622,10670800,0.000000
2296,22.960080,5891.590177650,5891.590177650,7626,10676400,0.000000
2297,22.970067,5891.600164005,5891.600164005,7629,10680600,0.000000
2298,22.980086,5891.610183020,5891.610183020,7632,10684800,0.000000
2299,22.990072,5891.620168853,5891.620168853,7635,10689000,0.000000
2300,23.000073,5891.630170404,5891.630170404,7639,10694600,0.000000
2301,23.010069,5891.640166231,5891.640166231,7642,10698800,0.000000
2302,23.020062,5891.650159505,5891.650159505,7645,10703000,0.000000
2303,23.030063,5891.660160399,5891.660160399,7649,10708600,0.000000
2304,23.040076,5891.670173178,5891.670173178,7652,10712800,0.000000
2305,23.050066,5891.680163341,5891.680163341,7655,10717000,0.000000
2306,23.060073,5891.690170409,5891.690170409,7659,10722600,0.000000
2307,23.070066,5891.700163022,5891.700163022,7662,10726800,0.000000
2308,23.080066,5891.710163732,5891.710163732,7665,10731000,0.000000
2309,23.090059,5891.720156475,5891.720156475,7669,10736600,0.000000
2310,23.100061,5891.730158242,5891.730158242,7672,10740800,0.000000
2311,23.110066,5891.740163613,5891.740163613,7675,10745000,0.000000
2312,23.120065,5891.750162687,5891.750162687,7679,10750600,0.000000
2313,23.130063,5891.760160176,5891.760160176,7682,10754800,0.000000
2314,23.140070,5891.770167133,5891.770167133,7685,10759000,0.000000
2315,23.150063,5891.780160421,5891.780160421,7689,10764600,0.000000
2316,23.160071,5891.790167865,5891.790167865,7692,10768800,0.000000
2317,23.170067,5891.800164223,5891.800164223,7695,10773000,0.000000
2318,23.180059,5891.810156473,5891.810156473,7699,10778600,0.000000
2319,23.190066,5891.820163194,5891.820163194,7702,10782800,0.000000
2320,23.200019,5891.830116047,5891.830116047,7705,10787000,0.000000
2321,23.210061,5891.840158423,5891.840158423,7709,10792600,0.000000
2322,23.220067,5891.850164320,5891.850164320,7712,10796800,0.000000
2323,23.230070,5891.860167328,5891.860167328,7715,10801000,0.000000
2324,23.240097,5891.870194003,5891.870194003,7719,10806600,0.000000
2325,23.250064,5891.880161714,5891.880161714,7722,10810800,0.000000
2326,23.260076,5891.890173579,5891.890173579,7725,10815000,0.000000
2327,23.270070,5891.900167789,5891.900167789,7728,10819200,0.000000
2328,23.280066,5891.910162933,5891.910162933,7732,10824800,0.000000
2329,23.290069,5891.920166121,5891.920166121,7735,10829000,0.000000
2330,23.300069,5891.930165822,5891.930165822,7738,10833200,0.000000
2331,23.310062,5891.940158942,5891.940158942,7742,10838800,0.000000
2332,23.320068,5891.950165461,5891.950165461,7745,10843000,0.000000
2333,23.330063,5891.960160027,5891.960160027,7748,10847200,0.000000
2334,23.340049,5891.970146371,5891.970146371,7752,10852800,0.000000
2335,23.350074,5891.980171476,5891.980171476,7755,10857000,0.000000
2336,23.360067,5891.990164758,5891.990164758,7758,10861200,0.000000
2337,23.370063,5892.000160078,5892.000160078,7762,10866800,0.000000
2338,23.380061,5892.010157939,5892.010157939,7765,10871000,0.000000
2339,23.390068,5892.020165416,5892.020165416,7768,10875200,0.000000
2340,23.400061,5892.030157818,5892.030157818,7772,10880800,0.000000
2341,23.410085,5892.040182400,5892.040182400,7775,10885000,0.000000
2342,23.420070,5892.050167267,5892.050167267,7778,10889200,0.000000
2343,23.430080,5892.060177321,5892.060177321,7782,10894800,0.000000
2344,23.440070,5892.070167333,5892.070167333,7785,10899000,0.000000
2345,23.450072,5892.080169729,5892.080169729,7788,10903200,0.000000
2346,23.460060,5892.090156999,5892.090156999,7792,10908800,0.000000
2347,23.470023,5892.100120096,5892.100120096,7795,10913000,0.000000
2348,23.480066,5892.110163191,5892.110163191,7798,10917200,0.000000
2349,23.490065,5892.120162134,5892.120162134,7802,10922800,0.000000
2350,23.500067,5892.130163929,5892.130163929,7805,10927000,0.000000
2351,23.510033,5892.140129828,5892.140129828,7808,10931200,0.000000
2352,23.520082,5892.150179112,5892.150179112,7812,10936800,0.000000
2353,23.530066,5892.160163183,5892.160163183,7815,10941000,0.000000
2354,23.540067,5892.170164092,5892.170164092,7818,10945200,0.000000
2355,23.550051,5892.180148525,5892.180148525,7821,10949400,0.000000
2356,23.560060,5892.190156837,5892.190156837,7825,10955000,0.000000
2357,23.570073,5892.200169851,5892.200169851,7828,10959200,0.000000
2358,23.580069,5892.210166146,5892.210166146,7831,10963400,0.000000
2359,23.590080,5892.220177698,5892.220177698,7835,10969000,0.000000
2360,23.600066,5892.230163573,5892.230163573,7838,10973200,0.000000
2361,23.610069,5892.240166701,5892.240166701,7841,10977400,0.000000
2362,23.620065,5892.250162203,5892.250162203,7845,10983000,0.000000
2363,23.630065,5892.260161892,5892.260161892,7848,10987200,0.000000
2364,23.640068,5892.270165125,5892.270165125,7851,10991400,0.000000
2365,23.650042,5892.280139448,5892.280139448,7855,10997000,0.000000
2366,23.660070,5892.290166848,5892.290166848,7858,11001200,0.000000
2367,23.670066,5892.300163647,5892.300163647,7861,11005400,0.000000
2368,23.680061,5892.310158185,5892.310158185,7865,11011000,0.000000
2369,23.690072,5892.320169278,5892.320169278,7868,11015200,0.000000
2370,23.700045,5892.330142729,5892.330142729,7871,11019400,0.000000
2371,23.710059,5892.340156186,5892.340156186,7875,11025000,0.000000
2372,23.720065,5892.350162411,5892.350162411,7878,11029200,0.000000
2373,23.730067,5892.360164108,5892.360164108,7881,11033400,0.000000
2374,23.740063,5892.370159925,5892.370159925,7885,11039000,0.000000
2375,23.750079,5892.380176487,5892.380176487,7888,11043200,0.000000
2376,23.760083,5892.390179816,5892.390179816,7891,11047400,0.000000
2377,23.770073,5892.400169814,5892.400169814,7895,11053000,0.000000
2378,23.780042,5892.410139386,5892.410139386,7898,11057200,0.000000
2379,23.790072,5892.420169536,5892.420169536,7901,11061400,0.000000
2380,23.800079,5892.430176796,5892.430176796,7905,11067000,0.000000
2381,23.810066,5892.440162817,5892.440162817,7908,11071200,0.000000
2382,23.820065,5892.450162286,5892.450162286,7911,11075400,0.000000
2383,23.830073,5892.460169933,5892.460169933,7914,11079600,0.000000
2384,23.840067,5892.470164182,5892.470164182,7918,11085200,0.000000
2385,23.850067,5892.480164645,5892.480164645,7921,11089400,0.000000
2386,23.860067,5892.490164207,5892.490164207,7924,11093600,0.000000
2387,23.870061,5892.500157872,5892.500157872,7928,11099200,0.000000
2388,23.880068,5892.510165363,5892.510165363,7931,11103400,0.000000
2389,23.890066,5892.520163444,5892.520163444,7934,11107600,0.000000
2390,23.900064,5892.530161670,5892.530161670,7938,11113200,0.000000
2391,23.910080,5892.540177406,5892.540177406,7941,11117400,0.000000
2392,23.920068,5892.550165171,5892.550165171,7944,11121600,0.000000
2393,23.930064,5892.560161737,5892.560161737,7948,11127200,0.000000
2394,23.940067,5892.570164564,5892.570164564,7951,11131400,0.000000
2395,23.950073,5892.580170002,5892.580170002,7954,11135600,0.000000
2396,23.960064,5892.590161569,5892.590161569,7958,11141200,0.000000
2397,23.970069,5892.600166613,5892.600166613,7961,11145400,0.000000
2398,23.980075,5892.610172154,5892.610172154,7964,11149600,0.000000
2399,23.990061,5892.620158520,5892.620158520,7968,11155200,0.000000
2400,24.000073,5892.630169980,5892.630169980,7971,11159400,0.000000
2401,24.010073,5892.640170108,5892.640170108,7974,11163600,0.000000
2402,24.020059,5892.650156120,5892.650156120,7978,11169200,0.000000
2403,24.030071,5892.660168267,5892.660168267,7981,11173400,0.000000
2404,24.040073,5892.670170250,5892.670170250,7984,11177600,0.000000
2405,24.050074,5892.680171534,5892.680171534,7988,11183200,0.000000
2406,24.060063,5892.690160722,5892.690160722,7991,11187400,0.000000
2407,24.070064,5892.700160990,5892.700160990,7994,11191600,0.000000
2408,24.080073,5892.710170039,5892.710170039,7998,11197200,0.000000
2409,24.090065,5892.720162095,5892.720162095,8001,11201400,0.000000
2410,24.100069,5892.730166743,5892.730166743,8004,11205600,0.000000
2411,24.110070,5892.740167593,5892.740167593,8007,11209800,0.000000
2412,24.120068,5892.750165055,5892.750165055,8011,11215400,0.000000
2413,24.130068,5892.760165272,5892.760165272,8014,11219600,0.000000
2414,24.140071,5892.770168550,5892.770168550,8017,11223800,0.000000
2415,24.150071,5892.780168773,5892.780168773,8021,11229400,0.000000
2416,24.160060,5892.790157684,5892.790157684,8024,11233600,0.000000
2417,24.170069,5892.800166711,5892.800166711,8027,11237800,0.000000
2418,24.180066,5892.810163094,5892.810163094,8031,11243400,0.000000
2419,24.190064,5892.820160936,5892.820160936,8034,11247600,0.000000
2420,24.200070,5892.830167285,5892.830167285,8037,11251800,0.000000
2421,24.210061,5892.840158470,5892.840158470,8041,11257400,0.000000
2422,24.220062,5892.850159031,5892.850159031,8044,11261600,0.000000
2423,24.230070,5892.860167412,5892.860167412,8047,11265800,0.000000
2424,24.240065,5892.870161887,5892.870161887,8051,11271400,0.000000
2425,24.250071,5892.880168079,5892.880168079,8054,11275600,0.000000
2426,24.260080,5892.890177065,5892.890177065,8057,11279800,0.000000
2427,24.270059,5892.900156270,5892.900156270,8061,11285400,0.000000
2428,24.280065,5892.910162187,5892.910162187,8064,11289600,0.000000
2429,24.290069,5892.920166761,5892.920166761,8067,11293800,0.000000
2430,24.300059,5892.930155832,5892.930155832,8071,11299400,0.000000
2431,24.310069,5892.940166137,5892.940166137,8074,11303600,0.000000
2432,24.320071,5892.950167986,5892.950167986,8077,11307800,0.000000
2433,24.330054,5892.960151106,5892.960151106,8081,11313400,0.000000
2434,24.340066,5892.970163621,5892.970163621,8084,11317600,0.000000
2435,24.350066,5892.980163681,5892.980163681,8087,11321800,0.000000
2436,24.360078,5892.990175354,5892.990175354,8091,11327400,0.000000
2437,24.370067,5893.000164173,5893.000164173,8094,11331600,0.000000
2438,24.380068,5893.010165122,5893.010165122,8097,11335800,0.000000
2439,24.390066,5893.020163734,5893.020163734,8100,11340000,0.000000
2440,24.400068,5893.030165274,5893.030165274,8104,11345600,0.000000
2441,24.410072,5893.040168914,5893.040168914,8107,11349800,0.000000
2442,24.420066,5893.050163697,5893.050163697,8110,11354000,0.000000
2443,24.430062,5893.060159484,5893.060159484,8114,11359600,0.000000
2444,24.440067,5893.070164010,5893.070164010,8117,11363800,0.000000
2445,24.450066,5893.080163545,5893.080163545,8120,11368000,0.000000
2446,24.460072,5893.090169056,5893.090169056,8124,11373600,0.000000
2447,24.470065,5893.100162109,5893.100162109,8127,11377800,0.000000
2448,24.480071,5893.110167954,5893.110167954,8130,11382000,0.000000
2449,24.490063,5893.120160452,5893.120160452,8134,11387600,0.000000
2450,24.500085,5893.130181893,5893.130181893,8137,11391800,0.000000
2451,24.510067,5893.140164717,5893.140164717,8140,11396000,0.000000
2452,24.520063,5893.150160709,5893.150160709,8144,11401600,0.000000
2453,24.530068,5893.160165511,5893.160165511,8147,11405800,0.000000
2454,24.540069,5893.170165908,5893.170165908,8150,11410000,0.000000
2455,24.550066,5893.180163346,5893.180163346,8154,11415600,0.000000
2456,24.560017,5893.190114065,5893.190114065,8157,11419800,0.000000
2457,24.570068,5893.200165720,5893.200165720,8160,11424000,0.000000
2458,24.580063,5893.210160015,5893.210160015,8164,11429600,0.000000
2459,24.590061,5893.220158021,5893.220158021,8167,11433800,0.000000
2460,24.600068,5893.230165286,5893.230165286,8170,11438000,0.000000
2461,24.610047,5893.240144226,5893.240144226,8174,11443600,0.000000
2462,24.620037,5893.250134554,5893.250134554,8177,11447800,0.000000
2463,24.630033,5893.260129955,5893.260129955,8180,11452000,0.000000
2464,24.640071,5893.270168510,5893.270168510,8184,11457600,0.000000
2465,24.650082,5893.280178890,5893.280178890,8187,11461800,0.000000
2466,24.660069,5893.290166091,5893.290166091,8190,11466000,0.000000
2467,24.670073,5893.300170686,5893.300170686,8193,11470200,0.000000
2468,24.680066,5893.310163039,5893.310163039,8197,11475800,0.000000
2469,24.690067,5893.320164201,5893.320164201,8200,11480000,0.000000
2470,24.700066,5893.330163146,5893.330163146,8203,11484200,0.000000
2471,24.710070,5893.340167314,5893.340167314,8207,11489800,0.000000
2472,24.720067,5893.350164084,5893.350164084,8210,11494000,0.000000
2473,24.730067,5893.360163927,5893.360163927,8213,11498200,0.000000
2474,24.740091,5893.370187846,5893.370187846,8217,11503800,0.000000
2475,24.750066,5893.380162840,5893.380162840,8220,11508000,0.000000
2476,24.760077,5893.390174755,5893.390174755,8223,11512200,0.000000
2477,24.770067,5893.400164578,5893.400164578,8227,11517800,0.000000
2478,24.780064,5893.410160905,5893.410160905,8230,11522000,0.000000
2479,24.790068,5893.420165697,5893.420165697,8233,11526200,0.000000
2480,24.800061,5893.430157945,5893.430157945,8237,11531800,0.000000
2481,24.810059,5893.440155858,5893.440155858,8240,11536000,0.000000
2482,24.820072,5893.450169308,5893.450169308,8243,11540200,0.000000
2483,24.830064,5893.460161251,5893.460161251,8247,11545800,0.000000
2484,24.840067,5893.470164116,5893.470164116,8250,11550000,0.000000
2485,24.850067,5893.480164410,5893.480164410,8253,11554200,0.000000
2486,24.860059,5893.490155830,5893.490155830,8257,11559800,0.000000
2487,24.870065,5893.500162641,5893.500162641,8260,11564000,0.000000
2488,24.880062,5893.510158807,5893.510158807,8263,11568200,0.000000
2489,24.890058,5893.520154901,5893.520154901,8267,11573800,0.000000
2490,24.900037,5893.530134584,5893.530134584,8270,11578000,0.000000
2491,24.910071,5893.540168396,5893.540168396,8273,11582200,0.000000
2492,24.920079,5893.550176136,5893.550176136,8277,11587800,0.000000
2493,24.930065,5893.560162527,5893.560162527,8280,11592000,0.000000
2494,24.940064,5893.570161791,5893.570161791,8283,11596200,0.000000
2495,24.950067,5893.580164568,5893.580164568,8286,11600400,0.000000
2496,24.960063,5893.590160084,5893.590160084,8290,11606000,0.000000
2497,24.970039,5893.600136514,5893.600136514,8293,11610200,0.000000
2498,24.980062,5893.610159359,5893.610159359,8296,11614400,0.000000
2499,24.990059,5893.620156085,5893.620156085,8300,11620000,0.000000
2500,25.000065,5893.630161886,5893.630161886,8303,11624200,0.000000
2501,25.010073,5893.640170769,5893.640170769,8306,11628400,0.000000
2502,25.020060,5893.650157235,5893.650157235,8310,11634000,0.000000
2503,25.030073,5893.660170136,5893.660170136,8313,11638200,0.000000
2504,25.040071,5893.670167917,5893.670167917,8316,11642400,0.000000
2505,25.050059,5893.680156601,5893.680156601,8320,11648000,0.000000
2506,25.060056,5893.690153358,5893.690153358,8323,11652200,0.000000
2507,25.070047,5893.700144643,5893.700144643,8326,11656400,0.000000
2508,25.080068,5893.710165694,5893.710165694,8330,11662000,0.000000
2509,25.090069,5893.720166184,5893.720166184,8333,11666200,0.000000
2510,25.100074,5893.730171365,5893.730171365,8336,11670400,0.000000
2511,25.110066,5893.740162943,5893.740162943,8340,11676000,0.000000
2512,25.120070,5893.750167122,5893.750167122,8343,11680200,0.000000
2513,25.130072,5893.760169040,5893.760169040,8346,11684400,0.000000
2514,25.140058,5893.770155722,5893.770155722,8350,11690000,0.000000
2515,25.150067,5893.780164232,5893.780164232,8353,11694200,0.000000
2516,25.160065,5893.790162049,5893.790162049,8356,11698400,0.000000
2517,25.170041,5893.800138201,5893.800138201,8360,11704000,0.000000
2518,25.180058,5893.810155497,5893.810155497,8363,11708200,0.000000
2519,25.190064,5893.820161612,5893.820161612,8366,11712400,0.000000
2520,25.200076,5893.830172891,5893.830172891,8370,11718000,0.000000
2521,25.210072,5893.840169170,5893.840169170,8373,11722200,0.000000
2522,25.220065,5893.850162266,5893.850162266,8376,11726400,0.000000
2523,25.230085,5893.860182128,5893.860182128,8379,11730600,0.000000
2524,25.240039,5893.870136703,5893.870136703,8383,11736200,0.000000
2525,25.250066,5893.880163406,5893.880163406,8386,11740400,0.000000
2526,25.260066,5893.890163606,5893.890163606,8389,11744600,0.000000
2527,25.270066,5893.900163356,5893.900163356,8393,11750200,0.000000
2528,25.280064,5893.910161337,5893.910161337,8396,11754400,0.000000
2529,25.290070,5893.920167444,5893.920167444,8399,11758600,0.000000
2530,25.300065,5893.930162110,5893.930162110,8403,11764200,0.000000
2531,25.310066,5893.940162918,5893.940162918,8406,11768400,0.000000
2532,25.320067,5893.950163909,5893.950163909,8409,11772600,0.000000
2533,25.330061,5893.960158691,5893.960158691,8413,11778200,0.000000
2534,25.340065,5893.970162068,5893.970162068,8416,11782400,0.000000
2535,25.350068,5893.980165251,5893.980165251,8419,11786600,0.000000
2536,25.360064,5893.990160926,5893.990160926,8423,11792200,0.000000
2537,25.370067,5894.000164732,5894.000164732,8426,11796400,0.000000
2538,25.380061,5894.010158682,5894.010158682,8429,11800600,0.000000
2539,25.390060,5894.020156904,5894.020156904,8433,11806200,0.000000
2540,25.400066,5894.030162847,5894.030162847,8436,11810400,0.000000
2541,25.410064,5894.040161055,5894.040161055,8439,11814600,0.000000
2542,25.420058,5894.050155697,5894.050155697,8443,11820200,0.000000
2543,25.430065,5894.060162527,5894.060162527,8446,11824400,0.000000
2544,25.440065,5894.070162059,5894.070162059,8449,11828600,0.000000
2545,25.450049,5894.080145996,5894.080145996,8453,11834200,0.000000
2546,25.460065,5894.090162234,5894.090162234,8456,11838400,0.000000
2547,25.470068,5894.100164879,5894.100164879,8459,11842600,0.000000
2548,25.480075,5894.110172760,5894.110172760,8463,11848200,0.000000
2549,25.490060,5894.120157431,5894.120157431,8466,11852400,0.000000
2550,25.500066,5894.130162993,5894.130162993,8469,11856600,0.000000
2551,25.510042,5894.140139440,5894.140139440,8472,11860800,0.000000
2552,25.520066,5894.150163553,5894.150163553,8476,11866400,0.000000
2553,25.530067,5894.160164718,5894.160164718,8479,11870600,0.000000
2554,25.540067,5894.170164286,5894.170164286,8482,11874800,0.000000
2555,25.550066,5894.180163465,5894.180163465,8486,11880400,0.000000
2556,25.560067,5894.190164070,5894.190164070,8489,11884600,0.000000
2557,25.570069,5894.200165916,5894.200165916,8492,11888800,0.000000
2558,25.580064,5894.210161510,5894.210161510,8496,11894400,0.000000
2559,25.590068,5894.220165535,5894.220165535,8499,11898600,0.000000
2560,25.600070,5894.230167322,5894.230167322,8502,11902800,0.000000
2561,25.610068,5894.240164962,5894.240164962,8506,11908400,0.000000
2562,25.620068,5894.250165523,5894.250165523,8509,11912600,0.000000
2563,25.630062,5894.260159155,5894.260159155,8512,11916800,0.000000
2564,25.640061,5894.270158724,5894.270158724,8516,11922400,0.000000
2565,25.650039,5894.280135821,5894.280135821,8519,11926600,0.000000
2566,25.660054,5894.290151252,5894.290151252,8522,11930800,0.000000
2567,25.670059,5894.300156373,5894.300156373,8526,11936400,0.000000
2568,25.680065,5894.310161914,5894.310161914,8529,11940600,0.000000
2569,25.690070,5894.320167617,5894.320167617,8532,11944800,0.000000
2570,25.700058,5894.330155144,5894.330155144,8536,11950400,0.000000
2571,25.710065,5894.340161970,5894.340161970,8539,11954600,0.000000
2572,25.720060,5894.350156868,5894.350156868,8542,11958800,0.000000
2573,25.730063,5894.360159996,5894.360159996,8546,11964400,0.000000
2574,25.740066,5894.370162978,5894.370162978,8549,11968600,0.000000
2575,25.750069,5894.380166336,5894.380166336,8552,11972800,0.000000
2576,25.760072,5894.390169150,5894.390169150,8556,11978400,0.000000
2577,25.770059,5894.400156393,5894.400156393,8559,11982600,0.000000
2578,25.780066,5894.410163137,5894.410163137,8562,11986800,0.000000
2579,25.790046,5894.420142918,5894.420142918,8565,11991000,0.000000
2580,25.800064,5894.430161265,5894.430161265,8569,11996600,0.000000
2581,25.810067,5894.440164778,5894.440164778,8572,12000800,0.000000
2582,25.820065,5894.450161941,5894.450161941,8575,12005000,0.000000
2583,25.830066,5894.460163114,5894.460163114,8579,12010600,0.000000
2584,25.840069,5894.470166759,5894.470166759,8582,12014800,0.000000
2585,25.850067,5894.480163876,5894.480163876,8585,12019000,0.000000
2586,25.860065,5894.490162313,5894.490162313,8589,12024600,0.000000
2587,25.870060,5894.500157558,5894.500157558,8592,12028800,0.000000
2588,25.880065,5894.510162488,5894.510162488,8595,12033000,0.000000
2589,25.890069,5894.520166377,5894.520166377,8599,12038600,0.000000
2590,25.900064,5894.530161501,5894.530161501,8602,12042800,0.000000
2591,25.910067,5894.540164251,5894.540164251,8605,12047000,0.000000
2592,25.920067,5894.550163836,5894.550163836,8609,12052600,0.000000
2593,25.930072,5894.560169428,5894.560169428,8612,12056800,0.000000
2594,25.940066,5894.570163593,5894.570163593,8615,12061000,0.000000
2595,25.950065,5894.580162234,5894.580162234,8619,12066600,0.000000
2596,25.960067,5894.590163814,5894.590163814,8622,12070800,0.000000
2597,25.970066,5894.600163330,5894.600163330,8625,12075000,0.000000
2598,25.980072,5894.610169680,5894.610169680,8629,12080600,0.000000
2599,25.990059,5894.620156603,5894.620156603,8632,12084800,0.000000
2600,26.000066,5894.630163588,5894.630163588,8635,12089000,0.000000
2601,26.010054,5894.640151625,5894.640151625,8639,12094600,0.000000
2602,26.020044,5894.650141033,5894.650141033,8642,12098800,0.000000
2603,26.030070,5894.660167245,5894.660167245,8645,12103000,0.000000
2604,26.040076,5894.670173438,5894.670173438,8649,12108600,0.000000
2605,26.050066,5894.680163680,5894.680163680,8652,12112800,0.000000
2606,26.060067,5894.690163996,5894.690163996,8655,12117000,0.000000
2607,26.070068,5894.700165634,5894.700165634,8658,12121200,0.000000
2608,26.080066,5894.710163112,5894.710163112,8662,12126800,0.000000
2609,26.090065,5894.720162514,5894.720162514,8665,12131000,0.000000
2610,26.100070,5894.730166798,5894.730166798,8668,12135200,0.000000
2611,26.110067,5894.740164600,5894.740164600,8672,12140800,0.000000
2612,26.120065,5894.750162170,5894.750162170,8675,12145000,0.000000
2613,26.130067,5894.760164735,5894.760164735,8678,12149200,0.000000
2614,26.140060,5894.770157149,5894.770157149,8682,12154800,0.000000
2615,26.150070,5894.780167793,5894.780167793,8685,12159000,0.000000
2616,26.160067,5894.790164451,5894.790164451,8688,12163200,0.000000
2617,26.170059,5894.800155865,5894.800155865,8692,12168800,0.000000
2618,26.180063,5894.810160384,5894.810160384,8695,12173000,0.000000
2619,26.190066,5894.820163552,5894.820163552,8698,12177200,0.000000
2620,26.200062,5894.830159619,5894.830159619,8702,12182800,0.000000
2621,26.210065,5894.840162317,5894.840162317,8705,12187000,0.000000
2622,26.220069,5894.850166030,5894.850166030,8708,12191200,0.000000
2623,26.230066,5894.860163648,5894.860163648,8712,12196800,0.000000
2624,26.240068,5894.870164886,5894.870164886,8715,12201000,0.000000
2625,26.250077,5894.880174261,5894.880174261,8718,12205200,0.000000
2626,26.260059,5894.890156185,5894.890156185,8722,12210800,0.000000
2627,26.270066,5894.900163119,5894.900163119,8725,12215000,0.000000
2628,26.280083,5894.910180689,5894.910180689,8728,12219200,0.000000
2629,26.290041,5894.920137884,5894.920137884,8732,12224800,0.000000
2630,26.300087,5894.930184555,5894.930184555,8735,12229000,0.000000
2631,26.310075,5894.940172749,5894.940172749,8738,12233200,0.000000
2632,26.320086,5894.950183323,5894.950183323,8742,12238800,0.000000
2633,26.330073,5894.960170752,5894.960170752,8745,12243000,0.000000
2634,26.340067,5894.970164419,5894.970164419,8748,12247200,0.000000
2635,26.350074,5894.980171299,5894.980171299,8751,12251400,0.000000
2636,26.360065,5894.990161889,5894.990161889,8755,12257000,0.000000
2637,26.370066,5895.000163564,5895.000163564,8758,12261200,0.000000
2638,26.380069,5895.010166221,5895.010166221,8761,12265400,0.000000
2639,26.390068,5895.020165741,5895.020165741,8765,12271000,0.000000
2640,26.400073,5895.030170055,5895.030170055,8768,12275200,0.000000
2641,26.410069,5895.040166298,5895.040166298,8771,12279400,0.000000
2642,26.420067,5895.050164752,5895.050164752,8775,12285000,0.000000
2643,26.430071,5895.060168309,5895.060168309,8778,12289200,0.000000
2644,26.440070,5895.070167624,5895.070167624,8781,12293400,0.000000
2645,26.450061,5895.080158376,5895.080158376,8785,12299000,0.000000
2646,26.460059,5895.090156410,5895.090156410,8788,12303200,0.000000
2647,26.470064,5895.100161073,5895.100161073,8791,12307400,0.000000
2648,26.480069,5895.110166301,5895.110166301,8795,12313000,0.000000
2649,26.490069,5895.120166416,5895.120166416,8798,12317200,0.000000
2650,26.500074,5895.130171600,5895.130171600,8801,12321400,0.000000
2651,26.510063,5895.140160348,5895.140160348,8805,12327000,0.000000
2652,26.520065,5895.150162263,5895.150162263,8808,12331200,0.000000
2653,26.530068,5895.160164916,5895.160164916,8811,12335400,0.000000
2654,26.540062,5895.170159394,5895.170159394,8815,12341000,0.000000
2655,26.550066,5895.180163749,5895.180163749,8818,12345200,0.000000
2656,26.560040,5895.190137514,5895.190137514,8821,12349400,0.000000
2657,26.570055,5895.200152066,5895.200152066,8825,12355000,0.000000
2658,26.580064,5895.210161453,5895.210161453,8828,12359200,0.000000
2659,26.590066,5895.220163765,5895.220163765,8831,12363400,0.000000
2660,26.600059,5895.230156109,5895.230156109,8835,12369000,0.000000
2661,26.610064,5895.240161413,5895.240161413,8838,12373200,0.000000
2662,26.620066,5895.250163221,5895.250163221,8841,12377400,0.000000
2663,26.630074,5895.260171268,5895.260171268,8844,12381600,0.000000
2664,26.640064,5895.270160981,5895.270160981,8848,12387200,0.000000
2665,26.650069,5895.280166009,5895.280166009,8851,12391400,0.000000
2666,26.660069,5895.290165870,5895.290165870,8854,12395600,0.000000
2667,26.670065,5895.300162751,5895.300162751,8858,12401200,0.000000
2668,26.680067,5895.310164722,5895.310164722,8861,12405400,0.000000
2669,26.690065,5895.320162623,5895.320162623,8864,12409600,0.000000
2670,26.700063,5895.330160110,5895.330160110,8868,12415200,0.000000
2671,26.710071,5895.340168669,5895.340168669,8871,12419400,0.000000
2672,26.720069,5895.350166200,5895.350166200,8874,12423600,0.000000
2673,26.730066,5895.360162877,5895.360162877,8878,12429200,0.000000
2674,26.740065,5895.370162041,5895.370162041,8881,12433400,0.000000
2675,26.750070,5895.380167174,5895.380167174,8884,12437600,0.000000
2676,26.760059,5895.390155820,5895.390155820,8888,12443200,0.000000
2677,26.770068,5895.400164900,5895.400164900,8891,12447400,0.000000
2678,26.780064,5895.410161528,5895.410161528,8894,12451600,0.000000
2679,26.790046,5895.420143766,5895.420143766,8898,12457200,0.000000
2680,26.800020,5895.430117204,5895.430117204,8901,12461400,0.000000
2681,26.810065,5895.440162466,5895.440162466,8904,12465600,0.000000
2682,26.820059,5895.450155927,5895.450155927,8908,12471200,0.000000
2683,26.830075,5895.460171980,5895.460171980,8911,12475400,0.000000
2684,26.840061,5895.470158736,5895.470158736,8914,12479600,0.000000
2685,26.850060,5895.480157610,5895.480157610,8918,12485200,0.000000
2686,26.860066,5895.490163763,5895.490163763,8921,12489400,0.000000
2687,26.870063,5895.500160110,5895.500160110,8924,12493600,0.000000
2688,26.880074,5895.510171484,5895.510171484,8928,12499200,0.000000
2689,26.890066,5895.520163333,5895.520163333,8931,12503400,0.000000
2690,26.900068,5895.530165105,5895.530165105,8934,12507600,0.000000
2691,26.910048,5895.540145624,5895.540145624,8937,12511800,0.000000
2692,26.920064,5895.550160955,5895.550160955,8941,12517400,0.000000
2693,26.930063,5895.560160736,5895.560160736,8944,12521600,0.000000
2694,26.940065,5895.570161924,5895.570161924,8947,12525800,0.000000
2695,26.950065,5895.580162075,5895.580162075,8951,12531400,0.000000
2696,26.960065,5895.590162404,5895.590162404,8954,12535600,0.000000
2697,26.970064,5895.600161463,5895.600161463,8957,12539800,0.000000
2698,26.980067,5895.610164733,5895.610164733,8961,12545400,0.000000
2699,26.990073,5895.620170698,5895.620170698,8964,12549600,0.000000
2700,27.000067,5895.630163909,5895.630163909,8967,12553800,0.000000
2701,27.010063,5895.640160110,5895.640160110,8971,12559400,0.000000
2702,27.020062,5895.650159164,5895.650159164,8974,12563600,0.000000
2703,27.030067,5895.660164726,5895.660164726,8977,12567800,0.000000
2704,27.040067,5895.670164220,5895.670164220,8981,12573400,0.000000
2705,27.050069,5895.680166121,5895.680166121,8984,12577600,0.000000
2706,27.060067,5895.690164704,5895.690164704,8987,12581800,0.000000
2707,27.070077,5895.700173948,5895.700173948,8991,12587400,0.000000
2708,27.080067,5895.710164430,5895.710164430,8994,12591600,0.000000
2709,27.090062,5895.720159191,5895.720159191,8997,12595800,0.000000
2710,27.100075,5895.730171955,5895.730171955,9001,12601400,0.000000
2711,27.110063,5895.740160066,5895.740160066,9004,12605600,0.000000
2712,27.120071,5895.750167914,5895.750167914,9007,12609800,0.000000
2713,27.130066,5895.760163016,5895.760163016,9011,12615400,0.000000
2714,27.140069,5895.770166284,5895.770166284,9014,12619600,0.000000
2715,27.150068,5895.780165783,5895.780165783,9017,12623800,0.000000
2716,27.160081,5895.790178526,5895.790178526,9021,12629400,0.000000
2717,27.170066,5895.800163452,5895.800163452,9024,12633600,0.000000
2718,27.180068,5895.810165206,5895.810165206,9027,12637800,0.000000
2719,27.190066,5895.820163402,5895.820163402,9030,12642000,0.000000
2720,27.200071,5895.830168760,5895.830168760,9034,12647600,0.000000
2721,27.210062,5895.840159022,5895.840159022,9037,12651800,0.000000
2722,27.220074,5895.850171674,5895.850171674,9040,12656000,0.000000
2723,27.230067,5895.860164106,5895.860164106,9044,12661600,0.000000
2724,27.240066,5895.870163602,5895.870163602,9047,12665800,0.000000
2725,27.250070,5895.880167029,5895.880167029,9050,12670000,0.000000
2726,27.260060,5895.890157196,5895.890157196,9054,12675600,0.000000
2727,27.270066,5895.900162923,5895.900162923,9057,12679800,0.000000
2728,27.280067,5895.910164410,5895.910164410,9060,12684000,0.000000
2729,27.290060,5895.920156977,5895.920156977,9064,12689600,0.000000
2730,27.300024,5895.930121168,5895.930121168,9067,12693800,0.000000
2731,27.310062,5895.940159436,5895.940159436,9070,12698000,0.000000
2732,27.320066,5895.950163406,5895.950163406,9074,12703600,0.000000
2733,27.330071,5895.960168419,5895.960168419,9077,12707800,0.000000
2734,27.340066,5895.970163390,5895.970163390,9080,12712000,0.000000
2735,27.350066,5895.980162993,5895.980162993,9084,12717600,0.000000
2736,27.360069,5895.990166106,5895.990166106,9087,12721800,0.000000
2737,27.370066,5896.000163411,5896.000163411,9090,12726000,0.000000
2738,27.380059,5896.010156277,5896.010156277,9094,12731600,0.000000
2739,27.390073,5896.020170479,5896.020170479,9097,12735800,0.000000
2740,27.400069,5896.030166204,5896.030166204,9100,12740000,0.000000
2741,27.410054,5896.040151184,5896.040151184,9104,12745600,0.000000
2742,27.420037,5896.050134371,5896.050134371,9107,12749800,0.000000
2743,27.430066,5896.060163015,5896.060163015,9110,12754000,0.000000
2744,27.440076,5896.070173584,5896.070173584,9114,12759600,0.000000
2745,27.450064,5896.080161548,5896.080161548,9117,12763800,0.000000
2746,27.460070,5896.090167055,5896.090167055,9120,12768000,0.000000
2747,27.470069,5896.100166039,5896.100166039,9123,12772200,0.000000
2748,27.480093,5896.110189837,5896.110189837,9127,12777800,0.000000
2749,27.490068,5896.120164985,5896.120164985,9130,12782000,0.000000
2750,27.500065,5896.130162579,5896.130162579,9133,12786200,0.000000
2751,27.510065,5896.140162477,5896.140162477,9137,12791800,0.000000
2752,27.520060,5896.150157531,5896.150157531,9140,12796000,0.000000
2753,27.530072,5896.160169474,5896.160169474,9143,12800200,0.000000
2754,27.540064,5896.170161399,5896.170161399,9147,12805800,0.000000
2755,27.550076,5896.180172892,5896.180172892,9150,12810000,0.000000
2756,27.560068,5896.190165088,5896.190165088,9153,12814200,0.000000
2757,27.570060,5896.200157232,5896.200157232,9157,12819800,0.000000
2758,27.580068,5896.210164851,5896.210164851,9160,12824000,0.000000
2759,27.590069,5896.220166562,5896.220166562,9163,12828200,0.000000
2760,27.600060,5896.230157535,5896.230157535,9167,12833800,0.000000
2761,27.610058,5896.240155501,5896.240155501,9170,12838000,0.000000
2762,27.620074,5896.250171329,5896.250171329,9173,12842200,0.000000
2763,27.630060,5896.260157741,5896.260157741,9177,12847800,0.000000
2764,27.640066,5896.270163731,5896.270163731,9180,12852000,0.000000
2765,27.650066,5896.280163353,5896.280163353,9183,12856200,0.000000
2766,27.660058,5896.290155184,5896.290155184,9187,12861800,0.000000
2767,27.670064,5896.300161357,5896.300161357,9190,12866000,0.000000
2768,27.680059,5896.310156662,5896.310156662,9193,12870200,0.000000
2769,27.690062,5896.320159267,5896.320159267,9197,12875800,0.000000
2770,27.700054,5896.330151106,5896.330151106,9200,12880000,0.000000
2771,27.710067,5896.340164277,5896.340164277,9203,12884200,0.000000
2772,27.720079,5896.350176041,5896.350176041,9207,12889800,0.000000
2773,27.730066,5896.360162988,5896.360162988,9210,12894000,0.000000
2774,27.740064,5896.370161611,5896.370161611,9213,12898200,0.000000
2775,27.750070,5896.380167149,5896.380167149,9216,12902400,0.000000
2776,27.760068,5896.390165265,5896.390165265,9220,12908000,0.000000
2777,27.770066,5896.400163173,5896.400163173,9223,12912200,0.000000
2778,27.780063,5896.410160648,5896.410160648,9226,12916400,0.000000
2779,27.790066,5896.420163060,5896.420163060,9230,12922000,0.000000
2780,27.800067,5896.430164703,5896.430164703,9233,12926200,0.000000
2781,27.810066,5896.440163472,5896.440163472,9236,12930400,0.000000
2782,27.820065,5896.450162480,5896.450162480,9240,12936000,0.000000
2783,27.830076,5896.460173038,5896.460173038,9243,12940200,0.000000
2784,27.840066,5896.470163481,5896.470163481,9246,12944400,0.000000
2785,27.850061,5896.480158005,5896.480158005,9250,12950000,0.000000
2786,27.860066,5896.490163694,5896.490163694,9253,12954200,0.000000
2787,27.870066,5896.500163036,5896.500163036,9256,12958400,0.000000
2788,27.880062,5896.510159464,5896.510159464,9260,12964000,0.000000
2789,27.890066,5896.520163030,5896.520163030,9263,12968200,0.000000
2790,27.900068,5896.530164972,5896.530164972,9266,12972400,0.000000
2791,27.910050,5896.540147551,5896.540147551,9270,12978000,0.000000
2792,27.920069,5896.550166040,5896.550166040,9273,12982200,0.000000
2793,27.930061,5896.560158561,5896.560158561,9276,12986400,0.000000
2794,27.940059,5896.570156223,5896.570156223,9280,12992000,0.000000
2795,27.950067,5896.580164216,5896.580164216,9283,12996200,0.000000
2796,27.960069,5896.590166115,5896.590166115,9286,13000400,0.000000
2797,27.970038,5896.600135717,5896.600135717,9290,13006000,0.000000
2798,27.980065,5896.610162674,5896.610162674,9293,13010200,0.000000
2799,27.990028,5896.620125576,5896.620125576,9296,13014400,0.000000
2800,28.000071,5896.630167832,5896.630167832,9300,13020000,0.000000
2801,28.010065,5896.640162033,5896.640162033,9303,13024200,0.000000
2802,28.020066,5896.650163139,5896.650163139,9306,13028400,0.000000
2803,28.030040,5896.660137151,5896.660137151,9309,13032600,0.000000
2804,28.040061,5896.670158397,5896.670158397,9313,13038200,0.000000
2805,28.050067,5896.680164387,5896.680164387,9316,13042400,0.000000
2806,28.060072,5896.690169118,5896.690169118,9319,13046600,0.000000
2807,28.070064,5896.700161365,5896.700161365,9323,13052200,0.000000
2808,28.080059,5896.710156647,5896.710156647,9326,13056400,0.000000
2809,28.090065,5896.720162446,5896.720162446,9329,13060600,0.000000
2810,28.100059,5896.730156630,5896.730156630,9333,13066200,0.000000
2811,28.110062,5896.740159748,5896.740159748,9336,13070400,0.000000
2812,28.120063,5896.750160608,5896.750160608,9339,13074600,0.000000
2813,28.130060,5896.760157138,5896.760157138,9343,13080200,0.000000
2814,28.140071,5896.770168007,5896.770168007,9346,13084400,0.000000
2815,28.150069,5896.780166097,5896.780166097,9349,13088600,0.000000
2816,28.160067,5896.790163936,5896.790163936,9353,13094200,0.000000
2817,28.170070,5896.800166881,5896.800166881,9356,13098400,0.000000
2818,28.180070,5896.810167047,5896.810167047,9359,13102600,0.000000
2819,28.190061,5896.820157883,5896.820157883,9363,13108200,0.000000
2820,28.200061,5896.830157871,5896.830157871,9366,13112400,0.000000
2821,28.210070,5896.840167703,5896.840167703,9369,13116600,0.000000
2822,28.220021,5896.850118139,5896.850118139,9373,13122200,0.000000
2823,28.230064,5896.860161746,5896.860161746,9376,13126400,0.000000
2824,28.240067,5896.870163980,5896.870163980,9379,13130600,0.000000
2825,28.250037,5896.880134363,5896.880134363,9383,13136200,0.000000
2826,28.260063,5896.890160686,5896.890160686,9386,13140400,0.000000
2827,28.270066,5896.900163147,5896.900163147,9389,13144600,0.000000
2828,28.280075,5896.910172186,5896.910172186,9393,13150200,0.000000
2829,28.290070,5896.920167753,5896.920167753,9396,13154400,0.000000
2830,28.300066,5896.930162884,5896.930162884,9399,13158600,0.000000
2831,28.310041,5896.940138398,5896.940138398,9402,13162800,0.000000
2832,28.320073,5896.950170685,5896.950170685,9406,13168400,0.000000
2833,28.330069,5896.960166763,5896.960166763,9409,13172600,0.000000
2834,28.340065,5896.970162210,5896.970162210,9412,13176800,0.000000
2835,28.350070,5896.980167638,5896.980167638,9416,13182400,0.000000
2836,28.360071,5896.990168641,5896.990168641,9419,13186600,0.000000
2837,28.370074,5897.000171062,5897.000171062,9422,13190800,0.000000
2838,28.380068,5897.010165641,5897.010165641,9426,13196400,0.000000
2839,28.390070,5897.020167675,5897.020167675,9429,13200600,0.000000
2840,28.400068,5897.030165758,5897.030165758,9432,13204800,0.000000
2841,28.410062,5897.040159696,5897.040159696,9436,13210400,0.000000
2842,28.420070,5897.050167025,5897.050167025,9439,13214600,0.000000
2843,28.430070,5897.060167220,5897.060167220,9442,13218800,0.000000
2844,28.440064,5897.070161622,5897.070161622,9446,13224400,0.000000
2845,28.450071,5897.080168589,5897.080168589,9449,13228600,0.000000
2846,28.460070,5897.090167599,5897.090167599,9452,13232800,0.000000
2847,28.470062,5897.100159521,5897.100159521,9456,13238400,0.000000
2848,28.480066,5897.110162874,5897.110162874,9459,13242600,0.000000
2849,28.490030,5897.120127585,5897.120127585,9462,13246800,0.000000
2850,28.500059,5897.130155998,5897.130155998,9466,13252400,0.000000
2851,28.510066,5897.140163324,5897.140163324,9469,13256600,0.000000
2852,28.520056,5897.150152831,5897.150152831,9472,13260800,0.000000
2853,28.530055,5897.160152177,5897.160152177,9476,13266400,0.000000
2854,28.540065,5897.170162085,5897.170162085,9479,13270600,0.000000
2855,28.550067,5897.180164620,5897.180164620,9482,13274800,0.000000
2856,28.560077,5897.190174178,5897.190174178,9486,13280400,0.000000
2857,28.570065,5897.200162707,5897.200162707,9489,13284600,0.000000
2858,28.580072,5897.210169233,5897.210169233,9492,13288800,0.000000
2859,28.590050,5897.220147325,5897.220147325,9495,13293000,0.000000
2860,28.600062,5897.230159722,5897.230159722,9499,13298600,0.000000
2861,28.610065,5897.240162177,5897.240162177,9502,13302800,0.000000
2862,28.620064,5897.250161768,5897.250161768,9505,13307000,0.000000
2863,28.630066,5897.260163193,5897.260163193,9509,13312600,0.000000
2864,28.640066,5897.270163705,5897.270163705,9512,13316800,0.000000
2865,28.650068,5897.280165652,5897.280165652,9515,13321000,0.000000
2866,28.660068,5897.290165561,5897.290165561,9519,13326600,0.000000
2867,28.670065,5897.300162350,5897.300162350,9522,13330800,0.000000
2868,28.680070,5897.310166891,5897.310166891,9525,13335000,0.000000
2869,28.690059,5897.320156649,5897.320156649,9529,13340600,0.000000
2870,28.700068,5897.330164800,5897.330164800,9532,13344800,0.000000
2871,28.710070,5897.340167513,5897.340167513,9535,13349000,0.000000
2872,28.720059,5897.350156040,5897.350156040,9539,13354600,0.000000
2873,28.730072,5897.360169009,5897.360169009,9542,13358800,0.000000
2874,28.740066,5897.370163466,5897.370163466,9545,13363000,0.000000
2875,28.750063,5897.380160524,5897.380160524,9549,13368600,0.000000
2876,28.760066,5897.390163155,5897.390163155,9552,13372800,0.000000
2877,28.770068,5897.400165153,5897.400165153,9555,13377000,0.000000
2878,28.780059,5897.410156724,5897.410156724,9559,13382600,0.000000
2879,28.790067,5897.420163828,5897.420163828,9562,13386800,0.000000
2880,28.800069,5897.430165875,5897.430165875,9565,13391000,0.000000
2881,28.810049,5897.440146128,5897.440146128,9569,13396600,0.000000
2882,28.820066,5897.450163485,5897.450163485,9572,13400800,0.000000
2883,28.830068,5897.460165274,5897.460165274,9575,13405000,0.000000
2884,28.840078,5897.470174810,5897.470174810,9579,13410600,0.000000
2885,28.850069,5897.480166595,5897.480166595,9582,13414800,0.000000
2886,28.860065,5897.490162577,5897.490162577,9585,13419000,0.000000
2887,28.870071,5897.500168067,5897.500168067,9588,13423200,0.000000
2888,28.880044,5897.510141073,5897.510141073,9592,13428800,0.000000
2889,28.890067,5897.520164411,5897.520164411,9595,13433000,0.000000
2890,28.900071,5897.530168446,5897.530168446,9598,13437200,0.000000
2891,28.910068,5897.540165689,5897.540165689,9602,13442800,0.000000
2892,28.920067,5897.550164062,5897.550164062,9605,13447000,0.000000
2893,28.930079,5897.560175996,5897.560175996,9608,13451200,0.000000
2894,28.940066,5897.570163764,5897.570163764,9612,13456800,0.000000
2895,28.950069,5897.580166448,5897.580166448,9615,13461000,0.000000
2896,28.960067,5897.590163892,5897.590163892,9618,13465200,0.000000
2897,28.970065,5897.600161940,5897.600161940,9622,13470800,0.000000
2898,28.980068,5897.610164884,5897.610164884,9625,13475000,0.000000
2899,28.990070,5897.620167186,5897.620167186,9628,13479200,0.000000
2900,29.000061,5897.630157851,5897.630157851,9632,13484800,0.000000
2901,29.010070,5897.640167342,5897.640167342,9635,13489000,0.000000
2902,29.020049,5897.650145959,5897.650145959,9638,13493200,0.000000
2903,29.030057,5897.660154264,5897.660154264,9642,13498800,0.000000
2904,29.040069,5897.670165823,5897.670165823,9645,13503000,0.000000
2905,29.050059,5897.680156163,5897.680156163,9648,13507200,0.000000
2906,29.060068,5897.690165707,5897.690165707,9652,13512800,0.000000
2907,29.070069,5897.700166445,5897.700166445,9655,13517000,0.000000
2908,29.080068,5897.710165775,5897.710165775,9658,13521200,0.000000
2909,29.090063,5897.720160129,5897.720160129,9662,13526800,0.000000
2910,29.100065,5897.730162415,5897.730162415,9665,13531000,0.000000
2911,29.110070,5897.740167435,5897.740167435,9668,13535200,0.000000
2912,29.120080,5897.750177046,5897.750177046,9672,13540800,0.000000
2913,29.130069,5897.760165831,5897.760165831,9675,13545000,0.000000
2914,29.140071,5897.770168732,5897.770168732,9678,13549200,0.000000
2915,29.150073,5897.780170719,5897.780170719,9681,13553400,0.000000
2916,29.160071,5897.790167995,5897.790167995,9685,13559000,0.000000
2917,29.170068,5897.800165254,5897.800165254,9688,13563200,0.000000
2918,29.180075,5897.810172728,5897.810172728,9691,13567400,0.000000
2919,29.190060,5897.820156966,5897.820156966,9695,13573000,0.000000
2920,29.200062,5897.830159077,5897.830159077,9698,13577200,0.000000
2921,29.210073,5897.840170726,5897.840170726,9701,13581400,0.000000
2922,29.220067,5897.850164536,5897.850164536,9705,13587000,0.000000
2923,29.230066,5897.860163447,5897.860163447,9708,13591200,0.000000
2924,29.240069,5897.870166652,5897.870166652,9711,13595400,0.000000
2925,29.250070,5897.880167334,5897.880167334,9715,13601000,0.000000
2926,29.260067,5897.890164495,5897.890164495,9718,13605200,0.000000
2927,29.270073,5897.900169967,5897.900169967,9721,13609400,0.000000
2928,29.280064,5897.910161506,5897.910161506,9725,13615000,0.000000
2929,29.290068,5897.920165180,5897.920165180,9728,13619200,0.000000
2930,29.300077,5897.930174458,5897.930174458,9731,13623400,0.000000
2931,29.310059,5897.940156288,5897.940156288,9735,13629000,0.000000
2932,29.320068,5897.950165538,5897.950165538,9738,13633200,0.000000
2933,29.330072,5897.960169636,5897.960169636,9741,13637400,0.000000
2934,29.340061,5897.970158164,5897.970158164,9745,13643000,0.000000
2935,29.350067,5897.980163826,5897.980163826,9748,13647200,0.000000
2936,29.360079,5897.990176754,5897.990176754,9751,13651400,0.000000
2937,29.370066,5898.000163528,5898.000163528,9755,13657000,0.000000
2938,29.380051,5898.010147965,5898.010147965,9758,13661200,0.000000
2939,29.390066,5898.020163357,5898.020163357,9761,13665400,0.000000
2940,29.400077,5898.030174765,5898.030174765,9765,13671000,0.000000
2941,29.410066,5898.040163235,5898.040163235,9768,13675200,0.000000
2942,29.420067,5898.050164752,5898.050164752,9771,13679400,0.000000
2943,29.430073,5898.060170419,5898.060170419,9774,13683600,0.000000
2944,29.440071,5898.070168051,5898.070168051,9778,13689200,0.000000
2945,29.450068,5898.080165727,5898.080165727,9781,13693400,0.000000
2946,29.460075,5898.090172375,5898.090172375,9784,13697600,0.000000
2947,29.470062,5898.100159633,5898.100159633,9788,13703200,0.000000
2948,29.480073,5898.110170034,5898.110170034,9791,13707400,0.000000
2949,29.490073,5898.120170531,5898.120170531,9794,13711600,0.000000
2950,29.500066,5898.130163524,5898.130163524,9798,13717200,0.000000
2951,29.510075,5898.140171817,5898.140171817,9801,13721400,0.000000
2952,29.520067,5898.150164581,5898.150164581,9804,13725600,0.000000
2953,29.530066,5898.160163260,5898.160163260,9808,13731200,0.000000
2954,29.540071,5898.170168728,5898.170168728,9811,13735400,0.000000
2955,29.550069,5898.180165884,5898.180165884,9814,13739600,0.000000
2956,29.560069,5898.190166740,5898.190166740,9818,13745200,0.000000
2957,29.570070,5898.200167344,5898.200167344,9821,13749400,0.000000
2958,29.580084,5898.210180861,5898.210180861,9824,13753600,0.000000
2959,29.590060,5898.220157001,5898.220157001,9828,13759200,0.000000
2960,29.600070,5898.230166841,5898.230166841,9831,13763400,0.000000
2961,29.610072,5898.240169409,5898.240169409,9834,13767600,0.000000
2962,29.620015,5898.250112503,5898.250112503,9838,13773200,0.000000
2963,29.630075,5898.260171945,5898.260171945,9841,13777400,0.000000
2964,29.640069,5898.270166778,5898.270166778,9844,13781600,0.000000
2965,29.650062,5898.280159735,5898.280159735,9848,13787200,0.000000
2966,29.660066,5898.290163099,5898.290163099,9851,13791400,0.000000
2967,29.670065,5898.300161848,5898.300161848,9854,13795600,0.000000
2968,29.680074,5898.310171721,5898.310171721,9858,13801200,0.000000
2969,29.690066,5898.320163601,5898.320163601,9861,13805400,0.000000
2970,29.700067,5898.330164565,5898.330164565,9864,13809600,0.000000
2971,29.710070,5898.340167425,5898.340167425,9867,13813800,0.000000
2972,29.720101,5898.350198040,5898.350198040,9871,13819400,0.000000
2973,29.730066,5898.360163489,5898.360163489,9874,13823600,0.000000
2974,29.740066,5898.370163074,5898.370163074,9877,13827800,0.000000
2975,29.750069,5898.380166067,5898.380166067,9881,13833400,0.000000
2976,29.760068,5898.390165365,5898.390165365,9884,13837600,0.000000
2977,29.770070,5898.400167015,5898.400167015,9887,13841800,0.000000
2978,29.780068,5898.410165121,5898.410165121,9891,13847400,0.000000
2979,29.790062,5898.420159467,5898.420159467,9894,13851600,0.000000
2980,29.800069,5898.430166388,5898.430166388,9897,13855800,0.000000
2981,29.810068,5898.440165155,5898.440165155,9901,13861400,0.000000
2982,29.820065,5898.450162259,5898.450162259,9904,13865600,0.000000
2983,29.830067,5898.460164638,5898.460164638,9907,13869800,0.000000
2984,29.840068,5898.470165185,5898.470165185,9911,13875400,0.000000
2985,29.850069,5898.480165809,5898.480165809,9914,13879600,0.000000
2986,29.860078,5898.490175483,5898.490175483,9917,13883800,0.000000
2987,29.870059,5898.500156036,5898.500156036,9921,13889400,0.000000
2988,29.880067,5898.510163900,5898.510163900,9924,13893600,0.000000
2989,29.890069,5898.520166368,5898.520166368,9927,13897800,0.000000
2990,29.900059,5898.530155999,5898.530155999,9931,13903400,0.000000
2991,29.910062,5898.540159455,5898.540159455,9934,13907600,0.000000
2992,29.920068,5898.550165208,5898.550165208,9937,13911800,0.000000
2993,29.930056,5898.560153188,5898.560153188,9941,13917400,0.000000
2994,29.940068,5898.570165216,5898.570165216,9944,13921600,0.000000
2995,29.950064,5898.580161759,5898.580161759,9947,13925800,0.000000
2996,29.960083,5898.590180232,5898.590180232,9951,13931400,0.000000
2997,29.970064,5898.600161451,5898.600161451,9954,13935600,0.000000
2998,29.980071,5898.610168274,5898.610168274,9957,13939800,0.000000
2999,29.990072,5898.620169596,5898.620169596,9960,13944000,0.000000
3000,30.000066,5898.630163031,5898.630163031,9964,13949600,0.000000
3001,30.010076,5898.640173178,5898.640173178,9967,13953800,0.000000
3002,30.020067,5898.650164459,5898.650164459,9970,13958000,0.000000
3003,30.030064,5898.660161235,5898.660161235,9974,13963600,0.000000
3004,30.040065,5898.670162485,5898.670162485,9977,13967800,0.000000
3005,30.050051,5898.680148527,5898.680148527,9980,13972000,0.000000
3006,30.060072,5898.690169517,5898.690169517,9984,13977600,0.000000
3007,30.070067,5898.700164545,5898.700164545,9987,13981800,0.000000
3008,30.080079,5898.710176257,5898.710176257,9990,13986000,0.000000
3009,30.090063,5898.720160619,5898.720160619,9994,13991600,0.000000
3010,30.100062,5898.730158960,5898.730158960,9997,13995800,0.000000
3011,30.110076,5898.740172861,5898.740172861,10000,14000000,0.000000
3012,30.120073,5898.750170640,5898.750170640,10004,14005600,0.000000
3013,30.130074,5898.760171228,5898.760171228,10007,14009800,0.000000
3014,30.140073,5898.770170549,5898.770170549,10010,14014000,0.000000
3015,30.150061,5898.780158478,5898.780158478,10014,14019600,0.000000
3016,30.160056,5898.790153452,5898.790153452,10017,14023800,0.000000
3017,30.170066,5898.800163136,5898.800163136,10020,14028000,0.000000
3018,30.180059,5898.810156114,5898.810156114,10024,14033600,0.000000
3019,30.190088,5898.820185715,5898.820185715,10027,14037800,0.000000
3020,30.200069,5898.830166729,5898.830166729,10030,14042000,0.000000
3021,30.210066,5898.840163778,5898.840163778,10034,14047600,0.000000
3022,30.220063,5898.850160520,5898.850160520,10037,14051800,0.000000
3023,30.230067,5898.860164146,5898.860164146,10040,14056000,0.000000
3024,30.240079,5898.870176344,5898.870176344,10044,14061600,0.000000
3025,30.250065,5898.880162735,5898.880162735,10047,14065800,0.000000
3026,30.260069,5898.890166604,5898.890166604,10050,14070000,0.000000
3027,30.270055,5898.900152590,5898.900152590,10053,14074200,0.000000
3028,30.280062,5898.910158861,5898.910158861,10057,14079800,0.000000
3029,30.290076,5898.920173205,5898.920173205,10060,14084000,0.000000
3030,30.300067,5898.930163869,5898.930163869,10063,14088200,0.000000
3031,30.310067,5898.940164011,5898.940164011,10067,14093800,0.000000
3032,30.320067,5898.950164262,5898.950164262,10070,14098000,0.000000
3033,30.330066,5898.960162926,5898.960162926,10073,14102200,0.000000
3034,30.340065,5898.970162243,5898.970162243,10077,14107800,0.000000
3035,30.350057,5898.980154373,5898.980154373,10080,14112000,0.000000
3036,30.360065,5898.990162745,5898.990162745,10083,14116200,0.000000
3037,30.370059,5899.000156191,5899.000156191,10087,14121800,0.000000
3038,30.380073,5899.010170050,5899.010170050,10090,14126000,0.000000
3039,30.390060,5899.020157284,5899.020157284,10093,14130200,0.000000
3040,30.400059,5899.030156719,5899.030156719,10097,14135800,0.000000
3041,30.410069,5899.040165970,5899.040165970,10100,14140000,0.000000
3042,30.420070,5899.050167531,5899.050167531,10103,14144200,0.000000
3043,30.430059,5899.060156414,5899.060156414,10107,14149800,0.000000
3044,30.440064,5899.070161499,5899.070161499,10110,14154000,0.000000
3045,30.450072,5899.080169152,5899.080169152,10113,14158200,0.000000
3046,30.460051,5899.090148188,5899.090148188,10117,14163800,0.000000
3047,30.470066,5899.100163408,5899.100163408,10120,14168000,0.000000
3048,30.480028,5899.110125687,5899.110125687,10123,14172200,0.000000
3049,30.490059,5899.120156086,5899.120156086,10127,14177800,0.000000
3050,30.500071,5899.130168399,5899.130168399,10130,14182000,0.000000
3051,30.510067,5899.140163884,5899.140163884,10133,14186200,0.000000
3052,30.520074,5899.150171033,5899.150171033,10137,14191800,0.000000
3053,30.530067,5899.160164311,5899.160164311,10140,14196000,0.000000
3054,30.540070,5899.170166910,5899.170166910,10143,14200200,0.000000
3055,30.550067,5899.180163964,5899.180163964,10146,14204400,0.000000
3056,30.560075,5899.190172092,5899.190172092,10150,14210000,0.000000
3057,30.570068,5899.200165316,5899.200165316,10153,14214200,0.000000
3058,30.580067,5899.210163814,5899.210163814,10156,14218400,0.000000
3059,30.590065,5899.220162740,5899.220162740,10160,14224000,0.000000
3060,30.600065,5899.230162289,5899.230162289,10163,14228200,0.000000
3061,30.610069,5899.240165902,5899.240165902,10166,14232400,0.000000
3062,30.620063,5899.250160190,5899.250160190,10170,14238000,0.000000
3063,30.630064,5899.260161674,5899.260161674,10173,14242200,0.000000
3064,30.640066,5899.270163592,5899.270163592,10176,14246400,0.000000
3065,30.650066,5899.280163500,5899.280163500,10180,14252000,0.000000
3066,30.660072,5899.290169214,5899.290169214,10183,14256200,0.000000
3067,30.670081,5899.300178115,5899.300178115,10186,14260400,0.000000
3068,30.680066,5899.310163077,5899.310163077,10190,14266000,0.000000
3069,30.690064,5899.320161613,5899.320161613,10193,14270200,0.000000
3070,30.700067,5899.330164658,5899.330164658,10196,14274400,0.000000
3071,30.710060,5899.340156992,5899.340156992,10200,14280000,0.000000
3072,30.720066,5899.350163724,5899.350163724,10203,14284200,0.000000
3073,30.730066,5899.360163255,5899.360163255,10206,14288400,0.000000
3074,30.740059,5899.370156265,5899.370156265,10210,14294000,0.000000
3075,30.750071,5899.380168305,5899.380168305,10213,14298200,0.000000
3076,30.760063,5899.390160723,5899.390160723,10216,14302400,0.000000
3077,30.770060,5899.400157334,5899.400157334,10220,14308000,0.000000
3078,30.780066,5899.410163457,5899.410163457,10223,14312200,0.000000
3079,30.790065,5899.420162188,5899.420162188,10226,14316400,0.000000
3080,30.800071,5899.430168305,5899.430168305,10230,14322000,0.000000
3081,30.810064,5899.440161504,5899.440161504,10233,14326200,0.000000
3082,30.820065,5899.450162382,5899.450162382,10236,14330400,0.000000
3083,30.830081,5899.460177969,5899.460177969,10239,14334600,0.000000
3084,30.840068,5899.470165529,5899.470165529,10243,14340200,0.000000
3085,30.850067,5899.480164235,5899.480164235,10246,14344400,0.000000
3086,30.860067,5899.490164092,5899.490164092,10249,14348600,0.000000
3087,30.870066,5899.500163403,5899.500163403,10253,14354200,0.000000
3088,30.880061,5899.510158084,5899.510158084,10256,14358400,0.000000
3089,30.890067,5899.520164736,5899.520164736,10259,14362600,0.000000
3090,30.900064,5899.530161236,5899.530161236,10263,14368200,0.000000
3091,30.910069,5899.540166710,5899.540166710,10266,14372400,0.000000
3092,30.920066,5899.550163636,5899.550163636,10269,14376600,0.000000
3093,30.930060,5899.560157072,5899.560157072,10273,14382200,0.000000
3094,30.940013,5899.570110207,5899.570110207,10276,14386400,0.000000
3095,30.950064,5899.580161031,5899.580161031,10279,14390600,0.000000
3096,30.960067,5899.590164484,5899.590164484,10283,14396200,0.000000
3097,30.970052,5899.600149093,5899.600149093,10286,14400400,0.000000
3098,30.980074,5899.610171273,5899.610171273,10289,14404600,0.000000
3099,30.990063,5899.620160210,5899.620160210,10293,14410200,0.000000
3100,31.000065,5899.630162424,5899.630162424,10296,14414400,0.000000
3101,31.010065,5899.640161803,5899.640161803,10299,14418600,0.000000
3102,31.020040,5899.650137214,5899.650137214,10303,14424200,0.000000
3103,31.030066,5899.660163683,5899.660163683,10306,14428400,0.000000
3104,31.040063,5899.670160255,5899.670160255,10309,14432600,0.000000
3105,31.050065,5899.680162031,5899.680162031,10313,14438200,0.000000
3106,31.060035,5899.690132006,5899.690132006,10316,14442400,0.000000
3107,31.070066,5899.700163545,5899.700163545,10319,14446600,0.000000
3108,31.080082,5899.710179276,5899.710179276,10323,14452200,0.000000
3109,31.090062,5899.720159339,5899.720159339,10326,14456400,0.000000
3110,31.100066,5899.730163215,5899.730163215,10329,14460600,0.000000
3111,31.110067,5899.740164705,5899.740164705,10332,14464800,0.000000
3112,31.120064,5899.750161500,5899.750161500,10336,14470400,0.000000
3113,31.130068,5899.760165059,5899.760165059,10339,14474600,0.000000
3114,31.140079,5899.770176488,5899.770176488,10342,14478800,0.000000
3115,31.150065,5899.780162158,5899.780162158,10346,14484400,0.000000
3116,31.160070,5899.790167650,5899.790167650,10349,14488600,0.000000
3117,31.170070,5899.800167115,5899.800167115,10352,14492800,0.000000
3118,31.180071,5899.810168129,5899.810168129,10356,14498400,0.000000
3119,31.190065,5899.820161834,5899.820161834,10359,14502600,0.000000
3120,31.200067,5899.830164768,5899.830164768,10362,14506800,0.000000
3121,31.210063,5899.840160725,5899.840160725,10366,14512400,0.000000
3122,31.220021,5899.850117961,5899.850117961,10369,14516600,0.000000
3123,31.230069,5899.860166674,5899.860166674,10372,14520800,0.000000
3124,31.240063,5899.870159994,5899.870159994,10376,14526400,0.000000
3125,31.250063,5899.880160303,5899.880160303,10379,14530600,0.000000
3126,31.260077,5899.890173934,5899.890173934,10382,14534800,0.000000
3127,31.270066,5899.900163551,5899.900163551,10386,14540400,0.000000
3128,31.280069,5899.910166325,5899.910166325,10389,14544600,0.000000
3129,31.290056,5899.920153319,5899.920153319,10392,14548800,0.000000
3130,31.300059,5899.930156393,5899.930156393,10396,14554400,0.000000
3131,31.310070,5899.940166805,5899.940166805,10399,14558600,0.000000
3132,31.320068,5899.950165326,5899.950165326,10402,14562800,0.000000
3133,31.330063,5899.960159800,5899.960159800,10406,14568400,0.000000
3134,31.340066,5899.970163275,5899.970163275,10409,14572600,0.000000
3135,31.350068,5899.980164831,5899.980164831,10412,14576800,0.000000
3136,31.360077,5899.990174650,5899.990174650,10416,14582400,0.000000
3137,31.370067,5900.000163821,5900.000163821,10419,14586600,0.000000
3138,31.380070,5900.010167353,5900.010167353,10422,14590800,0.000000
3139,31.390071,5900.020168686,5900.020168686,10425,14595000,0.000000
3140,31.400082,5900.030179785,5900.030179785,10429,14600600,0.000000
3141,31.410075,5900.040172414,5900.040172414,10432,14604800,0.000000
3142,31.420069,5900.050166300,5900.050166300,10435,14609000,0.000000
3143,31.430067,5900.060164621,5900.060164621,10439,14614600,0.000000
3144,31.440071,5900.070168309,5900.070168309,10442,14618800,0.000000
3145,31.450076,5900.080173508,5900.080173508,10445,14623000,0.000000
3146,31.460069,5900.090166071,5900.090166071,10449,14628600,0.000000
3147,31.470073,5900.100170369,5900.100170369,10452,14632800,0.000000
3148,31.480071,5900.110167845,5900.110167845,10455,14637000,0.000000
3149,31.490080,5900.120177047,5900.120177047,10459,14642600,0.000000
3150,31.500070,5900.130167571,5900.130167571,10462,14646800,0.000000
3151,31.510073,5900.140170239,5900.140170239,10465,14651000,0.000000
3152,31.520067,5900.150164041,5900.150164041,10469,14656600,0.000000
3153,31.530067,5900.160164270,5900.160164270,10472,14660800,0.000000
3154,31.540069,5900.170166261,5900.170166261,10475,14665000,0.000000
3155,31.550089,5900.180186168,5900.180186168,10479,14670600,0.000000
3156,31.560067,5900.190164197,5900.190164197,10482,14674800,0.000000
3157,31.570067,5900.200164160,5900.200164160,10485,14679000,0.000000
3158,31.580064,5900.210160858,5900.210160858,10489,14684600,0.000000
3159,31.590067,5900.220163998,5900.220163998,10492,14688800,0.000000
3160,31.600070,5900.230167567,5900.230167567,10495,14693000,0.000000
3161,31.610051,5900.240148696,5900.240148696,10499,14698600,0.000000
3162,31.620071,5900.250168618,5900.250168618,10502,14702800,0.000000
3163,31.630070,5900.260167043,5900.260167043,10505,14707000,0.000000
3164,31.640080,5900.270177434,5900.270177434,10509,14712600,0.000000
3165,31.650065,5900.280161856,5900.280161856,10512,14716800,0.000000
3166,31.660065,5900.290162502,5900.290162502,10515,14721000,0.000000
3167,31.670064,5900.300160837,5900.300160837,10518,14725200,0.000000
3168,31.680066,5900.310163566,5900.310163566,10522,14730800,0.000000
3169,31.690080,5900.320177426,5900.320177426,10525,14735000,0.000000
3170,31.700066,5900.330163646,5900.330163646,10528,14739200,0.000000
3171,31.710067,5900.340163909,5900.340163909,10532,14744800,0.000000
3172,31.720084,5900.350180954,5900.350180954,10535,14749000,0.000000
3173,31.730067,5900.360164504,5900.360164504,10538,14753200,0.000000
3174,31.740062,5900.370159238,5900.370159238,10542,14758800,0.000000
3175,31.750060,5900.380157250,5900.380157250,10545,14763000,0.000000
3176,31.760067,5900.390164311,5900.390164311,10548,14767200,0.000000
3177,31.770064,5900.400161216,5900.400161216,10552,14772800,0.000000
3178,31.780068,5900.410164912,5900.410164912,10555,14777000,0.000000
3179,31.790068,5900.420165629,5900.420165629,10558,14781200,0.000000
3180,31.800067,5900.430164364,5900.430164364,10562,14786800,0.000000
3181,31.810068,5900.440165686,5900.440165686,10565,14791000,0.000000
3182,31.820078,5900.450175104,5900.450175104,10568,14795200,0.000000
3183,31.830066,5900.460163485,5900.460163485,10572,14800800,0.000000
3184,31.840068,5900.470164906,5900.470164906,10575,14805000,0.000000
3185,31.850031,5900.480128775,5900.480128775,10578,14809200,0.000000
3186,31.860066,5900.490163606,5900.490163606,10582,14814800,0.000000
3187,31.870071,5900.500168123,5900.500168123,10585,14819000,0.000000
3188,31.880066,5900.510163476,5900.510163476,10588,14823200,0.000000
3189,31.890059,5900.520156471,5900.520156471,10592,14828800,0.000000
3190,31.900068,5900.530165085,5900.530165085,10595,14833000,0.000000
3191,31.910031,5900.540128668,5900.540128668,10598,14837200,0.000000
3192,31.920078,5900.550175299,5900.550175299,10602,14842800,0.000000
3193,31.930062,5900.560159741,5900.560159741,10605,14847000,0.000000
3194,31.940080,5900.570177758,5900.570177758,10608,14851200,0.000000
3195,31.950073,5900.580169843,5900.580169843,10611,14855400,0.000000
3196,31.960056,5900.590152871,5900.590152871,10615,14861000,0.000000
3197,31.970067,5900.600164182,5900.600164182,10618,14865200,0.000000
3198,31.980068,5900.610165297,5900.610165297,10621,14869400,0.000000
3199,31.990057,5900.620154644,5900.620154644,10625,14875000,0.000000
3200,32.000066,5900.630162856,5900.630162856,10628,14879200,0.000000
3201,32.010066,5900.640162990,5900.640162990,10631,14883400,0.000000
3202,32.020060,5900.650157008,5900.650157008,10635,14889000,0.000000
3203,32.030060,5900.660157754,5900.660157754,10638,14893200,0.000000
3204,32.040068,5900.670164817,5900.670164817,10641,14897400,0.000000
3205,32.050060,5900.680157342,5900.680157342,10645,14903000,0.000000
3206,32.060069,5900.690166178,5900.690166178,10648,14907200,0.000000
3207,32.070069,5900.700166067,5900.700166067,10651,14911400,0.000000
3208,32.080064,5900.710161048,5900.710161048,10655,14917000,0.000000
3209,32.090067,5900.720164435,5900.720164435,10658,14921200,0.000000
3210,32.100071,5900.730167998,5900.730167998,10661,14925400,0.000000
3211,32.110061,5900.740158019,5900.740158019,10665,14931000,0.000000
3212,32.120067,5900.750164099,5900.750164099,10668,14935200,0.000000
3213,32.130068,5900.760164861,5900.760164861,10671,14939400,0.000000
3214,32.140059,5900.770156540,5900.770156540,10675,14945000,0.000000
3215,32.150067,5900.780164053,5900.780164053,10678,14949200,0.000000
3216,32.160074,5900.790171274,5900.790171274,10681,14953400,0.000000
3217,32.170063,5900.800159951,5900.800159951,10685,14959000,0.000000
3218,32.180067,5900.810163861,5900.810163861,10688,14963200,0.000000
3219,32.190063,5900.820160395,5900.820160395,10691,14967400,0.000000
3220,32.200076,5900.830172948,5900.830172948,10695,14973000,0.000000
3221,32.210060,5900.840156925,5900.840156925,10698,14977200,0.000000
3222,32.220067,5900.850164165,5900.850164165,10701,14981400,0.000000
3223,32.230041,5900.860138748,5900.860138748,10704,14985600,0.000000
3224,32.240057,5900.870154238,5900.870154238,10708,14991200,0.000000
3225,32.250067,5900.880164699,5900.880164699,10711,14995400,0.000000
3226,32.260067,5900.890163927,5900.890163927,10714,14999600,0.000000
3227,32.270065,5900.900162505,5900.900162505,10718,15005200,0.000000
3228,32.280067,5900.910163985,5900.910163985,10721,15009400,0.000000
3229,32.290069,5900.920166147,5900.920166147,10724,15013600,0.000000
3230,32.300064,5900.930161731,5900.930161731,10728,15019200,0.000000
3231,32.310067,5900.940164348,5900.940164348,10731,15023400,0.000000
3232,32.320072,5900.950169497,5900.950169497,10734,15027600,0.000000
3233,32.330060,5900.960157370,5900.960157370,10738,15033200,0.000000
3234,32.340063,5900.970160458,5900.970160458,10741,15037400,0.000000
3235,32.350067,5900.980164626,5900.980164626,10744,15041600,0.000000
3236,32.360061,5900.990158240,5900.990158240,10748,15047200,0.000000
3237,32.370078,5901.000175206,5901.000175206,10751,15051400,0.000000
3238,32.380070,5901.010167248,5901.010167248,10754,15055600,0.000000
3239,32.390056,5901.020153145,5901.020153145,10758,15061200,0.000000
3240,32.400072,5901.030169381,5901.030169381,10761,15065400,0.000000
3241,32.410069,5901.040166615,5901.040166615,10764,15069600,0.000000
3242,32.420059,5901.050156027,5901.050156027,10768,15075200,0.000000
3243,32.430056,5901.060153560,5901.060153560,10771,15079400,0.000000
3244,32.440062,5901.070158833,5901.070158833,10774,15083600,0.000000
3245,32.450086,5901.080183294,5901.080183294,10778,15089200,0.000000
3246,32.460066,5901.090163579,5901.090163579,10781,15093400,0.000000
3247,32.470069,5901.100166229,5901.100166229,10784,15097600,0.000000
3248,32.480076,5901.110172870,5901.110172870,10788,15103200,0.000000
3249,32.490065,5901.120162675,5901.120162675,10791,15107400,0.000000
3250,32.500068,5901.130165330,5901.130165330,10794,15111600,0.000000
3251,32.510065,5901.140162426,5901.140162426,10797,15115800,0.000000
3252,32.520068,5901.150165247,5901.150165247,10801,15121400,0.000000
3253,32.530069,5901.160166027,5901.160166027,10804,15125600,0.000000
3254,32.540066,5901.170163371,5901.170163371,10807,15129800,0.000000
3255,32.550067,5901.180164504,5901.180164504,10811,15135400,0.000000
3256,32.560064,5901.190161452,5901.190161452,10814,15139600,0.000000
3257,32.570062,5901.200158852,5901.200158852,10817,15143800,0.000000
3258,32.580066,5901.210163137,5901.210163137,10821,15149400,0.000000
3259,32.590068,5901.220164898,5901.220164898,10824,15153600,0.000000
3260,32.600064,5901.230161177,5901.230161177,10827,15157800,0.000000
3261,32.610066,5901.240163323,5901.240163323,10831,15163400,0.000000
3262,32.620073,5901.250170355,5901.250170355,10834,15167600,0.000000
3263,32.630065,5901.260162567,5901.260162567,10837,15171800,0.000000
3264,32.640062,5901.270159273,5901.270159273,10841,15177400,0.000000
3265,32.650069,5901.280166571,5901.280166571,10844,15181600,0.000000
3266,32.660069,5901.290166057,5901.290166057,10847,15185800,0.000000
3267,32.670058,5901.300155765,5901.300155765,10851,15191400,0.000000
3268,32.680068,5901.310165371,5901.310165371,10854,15195600,0.000000
3269,32.690069,5901.320166623,5901.320166623,10857,15199800,0.000000
3270,32.700059,5901.330156073,5901.330156073,10861,15205400,0.000000
3271,32.710067,5901.340164581,5901.340164581,10864,15209600,0.000000
3272,32.720065,5901.350162599,5901.350162599,10867,15213800,0.000000
3273,32.730063,5901.360160587,5901.360160587,10871,15219400,0.000000
3274,32.740071,5901.370168520,5901.370168520,10874,15223600,0.000000
3275,32.750070,5901.380166998,5901.380166998,10877,15227800,0.000000
3276,32.760086,5901.390183559,5901.390183559,10881,15233400,0.000000
3277,32.770065,5901.400162049,5901.400162049,10884,15237600,0.000000
3278,32.780067,5901.410164574,5901.410164574,10887,15241800,0.000000
3279,32.790072,5901.420169480,5901.420169480,10890,15246000,0.000000
3280,32.800067,5901.430164652,5901.430164652,10894,15251600,0.000000
3281,32.810035,5901.440132006,5901.440132006,10897,15255800,0.000000
3282,32.820075,5901.450172053,5901.450172053,10900,15260000,0.000000
3283,32.830068,5901.460165302,5901.460165302,10904,15265600,0.000000
3284,32.840071,5901.470167848,5901.470167848,10907,15269800,0.000000
3285,32.850072,5901.480168990,5901.480168990,10910,15274000,0.000000
3286,32.860076,5901.490173323,5901.490173323,10914,15279600,0.000000
3287,32.870069,5901.500165871,5901.500165871,10917,15283800,0.000000
3288,32.880069,5901.510166485,5901.510166485,10920,15288000,0.000000
3289,32.890062,5901.520159657,5901.520159657,10924,15293600,0.000000
3290,32.900060,5901.530157043,5901.530157043,10927,15297800,0.000000
3291,32.910031,5901.540128493,5901.540128493,10930,15302000,0.000000
3292,32.920060,5901.550157386,5901.550157386,10934,15307600,0.000000
3293,32.930068,5901.560165260,5901.560165260,10937,15311800,0.000000
3294,32.940070,5901.570166888,5901.570166888,10940,15316000,0.000000
3295,32.950065,5901.580162064,5901.580162064,10944,15321600,0.000000
3296,32.960048,5901.590145253,5901.590145253,10947,15325800,0.000000
3297,32.970029,5901.600126665,5901.600126665,10950,15330000,0.000000
3298,32.980058,5901.610155495,5901.610155495,10954,15335600,0.000000
3299,32.990067,5901.620164656,5901.620164656,10957,15339800,0.000000
3300,33.000074,5901.630171034,5901.630171034,10960,15344000,0.000000
3301,33.010062,5901.640159536,5901.640159536,10964,15349600,0.000000
3302,33.020057,5901.650153870,5901.650153870,10967,15353800,0.000000
3303,33.030070,5901.660166868,5901.660166868,10970,15358000,0.000000
3304,33.040075,5901.670172369,5901.670172369,10974,15363600,0.000000
3305,33.050068,5901.680164815,5901.680164815,10977,15367800,0.000000
3306,33.060070,5901.690167187,5901.690167187,10980,15372000,0.000000
3307,33.070066,5901.700162834,5901.700162834,10983,15376200,0.000000
3308,33.080066,5901.710163653,5901.710163653,10987,15381800,0.000000
3309,33.090067,5901.720164786,5901.720164786,10990,15386000,0.000000
3310,33.100068,5901.730165234,5901.730165234,10993,15390200,0.000000
3311,33.110062,5901.740159622,5901.740159622,10997,15395800,0.000000
3312,33.120064,5901.750161531,5901.750161531,11000,15400000,0.000000
3313,33.130071,5901.760167850,5901.760167850,11003,15404200,0.000000
3314,33.140067,5901.770163963,5901.770163963,11007,15409800,0.000000
3315,33.150067,5901.780164196,5901.780164196,11010,15414000,0.000000
3316,33.160067,5901.790164101,5901.790164101,11013,15418200,0.000000
3317,33.170068,5901.800164841,5901.800164841,11017,15423800,0.000000
3318,33.180041,5901.810138784,5901.810138784,11020,15428000,0.000000
3319,33.190065,5901.820162592,5901.820162592,11023,15432200,0.000000
3320,33.200068,5901.830165783,5901.830165783,11027,15437800,0.000000
3321,33.210065,5901.840162414,5901.840162414,11030,15442000,0.000000
3322,33.220047,5901.850144043,5901.850144043,11033,15446200,0.000000
3323,33.230063,5901.860159935,5901.860159935,11037,15451800,0.000000
3324,33.240066,5901.870163402,5901.870163402,11040,15456000,0.000000
3325,33.250065,5901.880162138,5901.880162138,11043,15460200,0.000000
3326,33.260063,5901.890160098,5901.890160098,11047,15465800,0.000000
3327,33.270070,5901.900167165,5901.900167165,11050,15470000,0.000000
3328,33.280069,5901.910165981,5901.910165981,11053,15474200,0.000000
3329,33.290064,5901.920161141,5901.920161141,11057,15479800,0.000000
3330,33.300060,5901.930157165,5901.930157165,11060,15484000,0.000000
3331,33.310061,5901.940158626,5901.940158626,11063,15488200,0.000000
3332,33.320079,5901.950176100,5901.950176100,11067,15493800,0.000000
3333,33.330064,5901.960161510,5901.960161510,11070,15498000,0.000000
3334,33.340068,5901.970165305,5901.970165305,11073,15502200,0.000000
3335,33.350036,5901.980132903,5901.980132903,11076,15506400,0.000000
3336,33.360065,5901.990162553,5901.990162553,11080,15512000,0.000000
3337,33.370067,5902.000164566,5902.000164566,11083,15516200,0.000000
3338,33.380065,5902.010162241,5902.010162241,11086,15520400,0.000000
3339,33.390075,5902.020172619,5902.020172619,11090,15526000,0.000000
3340,33.400066,5902.030163185,5902.030163185,11093,15530200,0.000000
3341,33.410037,5902.040134536,5902.040134536,11096,15534400,0.000000
3342,33.420060,5902.050157710,5902.050157710,11100,15540000,0.000000
3343,33.430069,5902.060165890,5902.060165890,11103,15544200,0.000000
3344,33.440065,5902.070162613,5902.070162613,11106,15548400,0.000000
3345,33.450059,5902.080156179,5902.080156179,11110,15554000,0.000000
3346,33.460051,5902.090148547,5902.090148547,11113,15558200,0.000000
3347,33.470065,5902.100162722,5902.100162722,11116,15562400,0.000000
3348,33.480061,5902.110158285,5902.110158285,11120,15568000,0.000000
3349,33.490040,5902.120136872,5902.120136872,11123,15572200,0.000000
3350,33.500067,5902.130164117,5902.130164117,11126,15576400,0.000000
3351,33.510071,5902.140168620,5902.140168620,11130,15582000,0.000000
3352,33.520070,5902.150167644,5902.150167644,11133,15586200,0.000000
3353,33.530067,5902.160164650,5902.160164650,11136,15590400,0.000000
3354,33.540061,5902.170157835,5902.170157835,11140,15596000,0.000000
3355,33.550080,5902.180177072,5902.180177072,11143,15600200,0.000000
3356,33.560050,5902.190147625,5902.190147625,11146,15604400,0.000000
3357,33.570051,5902.200148053,5902.200148053,11150,15610000,0.000000
3358,33.580068,5902.210165407,5902.210165407,11153,15614200,0.000000
3359,33.590068,5902.220165443,5902.220165443,11156,15618400,0.000000
3360,33.600069,5902.230166371,5902.230166371,11160,15624000,0.000000
3361,33.610067,5902.240164460,5902.240164460,11163,15628200,0.000000
3362,33.620067,5902.250164101,5902.250164101,11166,15632400,0.000000
3363,33.630040,5902.260136816,5902.260136816,11169,15636600,0.000000
3364,33.640059,5902.270156317,5902.270156317,11173,15642200,0.000000
3365,33.650066,5902.280163029,5902.280163029,11176,15646400,0.000000
3366,33.660066,5902.290162986,5902.290162986,11179,15650600,0.000000
3367,33.670065,5902.300162486,5902.300162486,11183,15656200,0.000000
3368,33.680065,5902.310162254,5902.310162254,11186,15660400,0.000000
3369,33.690065,5902.320162795,5902.320162795,11189,15664600,0.000000
3370,33.700058,5902.330155693,5902.330155693,11193,15670200,0.000000
3371,33.710064,5902.340161532,5902.340161532,11196,15674400,0.000000
3372,33.720067,5902.350163803,5902.350163803,11199,15678600,0.000000
3373,33.730060,5902.360157190,5902.360157190,11203,15684200,0.000000
3374,33.740067,5902.370164349,5902.370164349,11206,15688400,0.000000
3375,33.750065,5902.380162674,5902.380162674,11209,15692600,0.000000
3376,33.760065,5902.390162665,5902.390162665,11213,15698200,0.000000
3377,33.770066,5902.400162829,5902.400162829,11216,15702400,0.000000
3378,33.780070,5902.410167620,5902.410167620,11219,15706600,0.000000
3379,33.790058,5902.420155657,5902.420155657,11223,15712200,0.000000
3380,33.800068,5902.430165763,5902.430165763,11226,15716400,0.000000
3381,33.810068,5902.440165117,5902.440165117,11229,15720600,0.000000
3382,33.820062,5902.450159149,5902.450159149,11233,15726200,0.000000
3383,33.830067,5902.460164495,5902.460164495,11236,15730400,0.000000
3384,33.840072,5902.470168956,5902.470168956,11239,15734600,0.000000
3385,33.850065,5902.480162606,5902.480162606,11243,15740200,0.000000
3386,33.860037,5902.490134709,5902.490134709,11246,15744400,0.000000
3387,33.870072,5902.500169004,5902.500169004,11249,15748600,0.000000
3388,33.880076,5902.510173394,5902.510173394,11253,15754200,0.000000
3389,33.890061,5902.520158072,5902.520158072,11256,15758400,0.000000
3390,33.900066,5902.530163519,5902.530163519,11259,15762600,0.000000
3391,33.910049,5902.540146054,5902.540146054,11262,15766800,0.000000
3392,33.920064,5902.550161693,5902.550161693,11266,15772400,0.000000
3393,33.930067,5902.560164112,5902.560164112,11269,15776600,0.000000
3394,33.940067,5902.570163900,5902.570163900,11272,15780800,0.000000
3395,33.950057,5902.580154448,5902.580154448,11276,15786400,0.000000
3396,33.960068,5902.590165161,5902.590165161,11279,15790600,0.000000
3397,33.970073,5902.600170464,5902.600170464,11282,15794800,0.000000
3398,33.980062,5902.610159135,5902.610159135,11286,15800400,0.000000
3399,33.990065,5902.620162254,5902.620162254,11289,15804600,0.000000
3400,34.000065,5902.630162647,5902.630162647,11292,15808800,0.000000
3401,34.010060,5902.640156961,5902.640156961,11296,15814400,0.000000
3402,34.020063,5902.650160285,5902.650160285,11299,15818600,0.000000
3403,34.030061,5902.660157881,5902.660157881,11302,15822800,0.000000
3404,34.040065,5902.670162611,5902.670162611,11306,15828400,0.000000
3405,34.050039,5902.680136223,5902.680136223,11309,15832600,0.000000
3406,34.060074,5902.690171282,5902.690171282,11312,15836800,0.000000
3407,34.070063,5902.700160447,5902.700160447,11316,15842400,0.000000
3408,34.080065,5902.710161916,5902.710161916,11319,15846600,0.000000
3409,34.090072,5902.720169155,5902.720169155,11322,15850800,0.000000
3410,34.100058,5902.730155692,5902.730155692,11326,15856400,0.000000
3411,34.110074,5902.740171509,5902.740171509,11329,15860600,0.000000
3412,34.120071,5902.750167904,5902.750167904,11332,15864800,0.000000
3413,34.130051,5902.760148575,5902.760148575,11336,15870400,0.000000
3414,34.140065,5902.770162325,5902.770162325,11339,15874600,0.000000
3415,34.150077,5902.780174092,5902.780174092,11342,15878800,0.000000
3416,34.160082,5902.790179299,5902.790179299,11346,15884400,0.000000
3417,34.170059,5902.800156219,5902.800156219,11349,15888600,0.000000
3418,34.180070,5902.810167268,5902.810167268,11352,15892800,0.000000
3419,34.190043,5902.820139991,5902.820139991,11355,15897000,0.000000
3420,34.200062,5902.830159123,5902.830159123,11359,15902600,0.000000
3421,34.210069,5902.840166702,5902.840166702,11362,15906800,0.000000
3422,34.220077,5902.850174022,5902.850174022,11365,15911000,0.000000
3423,34.230069,5902.860165812,5902.860165812,11369,15916600,0.000000
3424,34.240070,5902.870167138,5902.870167138,11372,15920800,0.000000
3425,34.250068,5902.880165675,5902.880165675,11375,15925000,0.000000
3426,34.260072,5902.890168989,5902.890168989,11379,15930600,0.000000
3427,34.270067,5902.900164070,5902.900164070,11382,15934800,0.000000
3428,34.280065,5902.910162576,5902.910162576,11385,15939000,0.000000
3429,34.290071,5902.920167918,5902.920167918,11389,15944600,0.000000
3430,34.300019,5902.930116443,5902.930116443,11392,15948800,0.000000
3431,34.310063,5902.940160192,5902.940160192,11395,15953000,0.000000
3432,34.320064,5902.950161741,5902.950161741,11399,15958600,0.000000
3433,34.330067,5902.960164680,5902.960164680,11402,15962800,0.000000
3434,34.340075,5902.970172088,5902.970172088,11405,15967000,0.000000
3435,34.350058,5902.980155669,5902.980155669,11409,15972600,0.000000
3436,34.360069,5902.990165906,5902.990165906,11412,15976800,0.000000
3437,34.370067,5903.000164083,5903.000164083,11415,15981000,0.000000
3438,34.380059,5903.010156271,5903.010156271,11419,15986600,0.000000
3439,34.390081,5903.020178038,5903.020178038,11422,15990800,0.000000
3440,34.400028,5903.030125513,5903.030125513,11425,15995000,0.000000
3441,34.410065,5903.040162333,5903.040162333,11429,16000600,0.000000
3442,34.420065,5903.050162196,5903.050162196,11432,16004800,0.000000
3443,34.430069,5903.060166474,5903.060166474,11435,16009000,0.000000
3444,34.440078,5903.070175383,5903.070175383,11439,16014600,0.000000
3445,34.450064,5903.080161786,5903.080161786,11442,16018800,0.000000
3446,34.460071,5903.090168239,5903.090168239,11445,16023000,0.000000
3447,34.470078,5903.100175145,5903.100175145,11448,16027200,0.000000
3448,34.480077,5903.110173994,5903.110173994,11452,16032800,0.000000
3449,34.490068,5903.120165202,5903.120165202,11455,16037000,0.000000
3450,34.500067,5903.130163870,5903.130163870,11458,16041200,0.000000
3451,34.510066,5903.140163132,5903.140163132,11462,16046800,0.000000
3452,34.520066,5903.150163572,5903.150163572,11465,16051000,0.000000
3453,34.530042,5903.160139287,5903.160139287,11468,16055200,0.000000
3454,34.540068,5903.170165421,5903.170165421,11472,16060800,0.000000
3455,34.550066,5903.180163520,5903.180163520,11475,16065000,0.000000
3456,34.560067,5903.190163898,5903.190163898,11478,16069200,0.000000
3457,34.570065,5903.200162631,5903.200162631,11482,16074800,0.000000
3458,34.580075,5903.210172557,5903.210172557,11485,16079000,0.000000
3459,34.590068,5903.220165342,5903.220165342,11488,16083200,0.000000
3460,34.600068,5903.230165183,5903.230165183,11492,16088800,0.000000
3461,34.610063,5903.240160332,5903.240160332,11495,16093000,0.000000
3462,34.620067,5903.250163819,5903.250163819,11498,16097200,0.000000
3463,34.630058,5903.260155000,5903.260155000,11502,16102800,0.000000
3464,34.640053,5903.270150143,5903.270150143,11505,16107000,0.000000
3465,34.650065,5903.280161994,5903.280161994,11508,16111200,0.000000
3466,34.660058,5903.290155760,5903.290155760,11512,16116800,0.000000
3467,34.670067,5903.300164093,5903.300164093,11515,16121000,0.000000
3468,34.680072,5903.310169415,5903.310169415,11518,16125200,0.000000
3469,34.690076,5903.320173794,5903.320173794,11522,16130800,0.000000
3470,34.700066,5903.330163144,5903.330163144,11525,16135000,0.000000
3471,34.710072,5903.340168829,5903.340168829,11528,16139200,0.000000
3472,34.720075,5903.350172250,5903.350172250,11532,16144800,0.000000
3473,34.730065,5903.360162553,5903.360162553,11535,16149000,0.000000
3474,34.740066,5903.370163647,5903.370163647,11538,16153200,0.000000
3475,34.750061,5903.380158642,5903.380158642,11541,16157400,0.000000
3476,34.760076,5903.390173319,5903.390173319,11545,16163000,0.000000
3477,34.770071,5903.400168044,5903.400168044,11548,16167200,0.000000
3478,34.780072,5903.410168948,5903.410168948,11551,16171400,0.000000
3479,34.790067,5903.420164753,5903.420164753,11555,16177000,0.000000
3480,34.800081,5903.430178370,5903.430178370,11558,16181200,0.000000
3481,34.810067,5903.440164166,5903.440164166,11561,16185400,0.000000
3482,34.820060,5903.450157519,5903.450157519,11565,16191000,0.000000
3483,34.830051,5903.460148437,5903.460148437,11568,16195200,0.000000
3484,34.840068,5903.470165676,5903.470165676,11571,16199400,0.000000
3485,34.850078,5903.480175496,5903.480175496,11575,16205000,0.000000
3486,34.860064,5903.490161381,5903.490161381,11578,16209200,0.000000
3487,34.870071,5903.500168017,5903.500168017,11581,16213400,0.000000
3488,34.880065,5903.510162375,5903.510162375,11585,16219000,0.000000
3489,34.890064,5903.520160904,5903.520160904,11588,16223200,0.000000
3490,34.900080,5903.530177331,5903.530177331,11591,16227400,0.000000
3491,34.910065,5903.540162102,5903.540162102,11595,16233000,0.000000
3492,34.920084,5903.550180971,5903.550180971,11598,16237200,0.000000
3493,34.930080,5903.560176849,5903.560176849,11601,16241400,0.000000
3494,34.940060,5903.570157129,5903.570157129,11605,16247000,0.000000
3495,34.950061,5903.580158117,5903.580158117,11608,16251200,0.000000
3496,34.960073,5903.590170538,5903.590170538,11611,16255400,0.000000
3497,34.970043,5903.600140013,5903.600140013,11615,16261000,0.000000
3498,34.980070,5903.610167171,5903.610167171,11618,16265200,0.000000
3499,34.990069,5903.620166739,5903.620166739,11621,16269400,0.000000
3500,35.000082,5903.630179698,5903.630179698,11625,16275000,0.000000
3501,35.010066,5903.640163388,5903.640163388,11628,16279200,0.000000
3502,35.020068,5903.650165353,5903.650165353,11631,16283400,0.000000
3503,35.030070,5903.660167095,5903.660167095,11634,16287600,0.000000
3504,35.040059,5903.670156189,5903.670156189,11638,16293200,0.000000
3505,35.050019,5903.680115924,5903.680115924,11641,16297400,0.000000
3506,35.060068,5903.690165379,5903.690165379,11644,16301600,0.000000
3507,35.070070,5903.700167096,5903.700167096,11648,16307200,0.000000
3508,35.080068,5903.710164955,5903.710164955,11651,16311400,0.000000
3509,35.090066,5903.720162861,5903.720162861,11654,16315600,0.000000
3510,35.100064,5903.730161102,5903.730161102,11658,16321200,0.000000
3511,35.110069,5903.740166142,5903.740166142,11661,16325400,0.000000
3512,35.120067,5903.750164180,5903.750164180,11664,16329600,0.000000
3513,35.130062,5903.760159710,5903.760159710,11668,16335200,0.000000
3514,35.140063,5903.770160567,5903.770160567,11671,16339400,0.000000
3515,35.150067,5903.780164223,5903.780164223,11674,16343600,0.000000
3516,35.160060,5903.790157228,5903.790157228,11678,16349200,0.000000
3517,35.170038,5903.800135114,5903.800135114,11681,16353400,0.000000
3518,35.180066,5903.810162872,5903.810162872,11684,16357600,0.000000
3519,35.190062,5903.820159078,5903.820159078,11688,16363200,0.000000
3520,35.200067,5903.830164393,5903.830164393,11691,16367400,0.000000
3521,35.210068,5903.840164967,5903.840164967,11694,16371600,0.000000
3522,35.220068,5903.850165357,5903.850165357,11698,16377200,0.000000
3523,35.230066,5903.860162987,5903.860162987,11701,16381400,0.000000
3524,35.240068,5903.870165535,5903.870165535,11704,16385600,0.000000
3525,35.250074,5903.880171750,5903.880171750,11708,16391200,0.000000
3526,35.260070,5903.890167148,5903.890167148,11711,16395400,0.000000
3527,35.270073,5903.900170370,5903.900170370,11714,16399600,0.000000
3528,35.280083,5903.910180445,5903.910180445,11718,16405200,0.000000
3529,35.290064,5903.920161596,5903.920161596,11721,16409400,0.000000
3530,35.300053,5903.930150332,5903.930150332,11724,16413600,0.000000
3531,35.310031,5903.940128440,5903.940128440,11727,16417800,0.000000
3532,35.320075,5903.950172220,5903.950172220,11731,16423400,0.000000
3533,35.330068,5903.960164963,5903.960164963,11734,16427600,0.000000
3534,35.340065,5903.970161944,5903.970161944,11737,16431800,0.000000
3535,35.350067,5903.980164320,5903.980164320,11741,16437400,0.000000
3536,35.360064,5903.990161753,5903.990161753,11744,16441600,0.000000
3537,35.370065,5904.000162225,5904.000162225,11747,16445800,0.000000
3538,35.380073,5904.010170123,5904.010170123,11751,16451400,0.000000
3539,35.390075,5904.020172016,5904.020172016,11754,16455600,0.000000
3540,35.400067,5904.030164584,5904.030164584,11757,16459800,0.000000
3541,35.410068,5904.040164890,5904.040164890,11761,16465400,0.000000
3542,35.420057,5904.050154196,5904.050154196,11764,16469600,0.000000
3543,35.430062,5904.060159436,5904.060159436,11767,16473800,0.000000
3544,35.440065,5904.070161893,5904.070161893,11771,16479400,0.000000
3545,35.450047,5904.080143969,5904.080143969,11774,16483600,0.000000
3546,35.460065,5904.090162285,5904.090162285,11777,16487800,0.000000
3547,35.470062,5904.100159783,5904.100159783,11781,16493400,0.000000
3548,35.480064,5904.110160913,5904.110160913,11784,16497600,0.000000
3549,35.490065,5904.120162451,5904.120162451,11787,16501800,0.000000
3550,35.500062,5904.130159487,5904.130159487,11791,16507400,0.000000
3551,35.510064,5904.140161457,5904.140161457,11794,16511600,0.000000
3552,35.520059,5904.150156130,5904.150156130,11797,16515800,0.000000
3553,35.530057,5904.160154069,5904.160154069,11801,16521400,0.000000
3554,35.540038,5904.170135650,5904.170135650,11804,16525600,0.000000
3555,35.550069,5904.180165822,5904.180165822,11807,16529800,0.000000
3556,35.560076,5904.190173016,5904.190173016,11811,16535400,0.000000
3557,35.570060,5904.200157787,5904.200157787,11814,16539600,0.000000
3558,35.580067,5904.210164064,5904.210164064,11817,16543800,0.000000
3559,35.590061,5904.220158331,5904.220158331,11820,16548000,0.000000
3560,35.600064,5904.230161571,5904.230161571,11824,16553600,0.000000
3561,35.610027,5904.240124136,5904.240124136,11827,16557800,0.000000
3562,35.620073,5904.250170045,5904.250170045,11830,16562000,0.000000
3563,35.630053,5904.260150162,5904.260150162,11834,16567600,0.000000
3564,35.640064,5904.270160814,5904.270160814,11837,16571800,0.000000
3565,35.650062,5904.280159650,5904.280159650,11840,16576000,0.000000
3566,35.660061,5904.290158323,5904.290158323,11844,16581600,0.000000
3567,35.670059,5904.300156013,5904.300156013,11847,16585800,0.000000
3568,35.680065,5904.310162484,5904.310162484,11850,16590000,0.000000
3569,35.690059,5904.320156057,5904.320156057,11854,16595600,0.000000
3570,35.700061,5904.330158672,5904.330158672,11857,16599800,0.000000
3571,35.710063,5904.340160041,5904.340160041,11860,16604000,0.000000
3572,35.720062,5904.350159118,5904.350159118,11864,16609600,0.000000
3573,35.730065,5904.360162298,5904.360162298,11867,16613800,0.000000
3574,35.740055,5904.370152674,5904.370152674,11870,16618000,0.000000
3575,35.750066,5904.380163018,5904.380163018,11874,16623600,0.000000
3576,35.760061,5904.390158127,5904.390158127,11877,16627800,0.000000
3577,35.770068,5904.400165049,5904.400165049,11880,16632000,0.000000
3578,35.780059,5904.410156588,5904.410156588,11884,16637600,0.000000
3579,35.790062,5904.420159503,5904.420159503,11887,16641800,0.000000
3580,35.800061,5904.430158259,5904.430158259,11890,16646000,0.000000
3581,35.810065,5904.440162447,5904.440162447,11894,16651600,0.000000
3582,35.820072,5904.450169685,5904.450169685,11897,16655800,0.000000
3583,35.830063,5904.460160382,5904.460160382,11900,16660000,0.000000
3584,35.840075,5904.470172316,5904.470172316,11904,16665600,0.000000
3585,35.850060,5904.480157624,5904.480157624,11907,16669800,0.000000
3586,35.860066,5904.490163232,5904.490163232,11910,16674000,0.000000
3587,35.870060,5904.500157362,5904.500157362,11913,16678200,0.000000
3588,35.880016,5904.510112817,5904.510112817,11917,16683800,0.000000
3589,35.890066,5904.520163676,5904.520163676,11920,16688000,0.000000
3590,35.900064,5904.530161098,5904.530161098,11923,16692200,0.000000
3591,35.910065,5904.540162554,5904.540162554,11927,16697800,0.000000
3592,35.920064,5904.550161315,5904.550161315,11930,16702000,0.000000
3593,35.930069,5904.560165990,5904.560165990,11933,16706200,0.000000
3594,35.940061,5904.570158458,5904.570158458,11937,16711800,0.000000
3595,35.950068,5904.580165585,5904.580165585,11940,16716000,0.000000
3596,35.960064,5904.590161726,5904.590161726,11943,16720200,0.000000
3597,35.970059,5904.600156571,5904.600156571,11947,16725800,0.000000
3598,35.980066,5904.610163339,5904.610163339,11950,16730000,0.000000
3599,35.990062,5904.620159516,5904.620159516,11953,16734200,0.000000
3600,36.000058,5904.630155697,5904.630155697,11957,16739800,0.000000
3601,36.010072,5904.640169108,5904.640169108,11960,16744000,0.000000
3602,36.020070,5904.650167519,5904.650167519,11963,16748200,0.000000
3603,36.030059,5904.660156206,5904.660156206,11967,16753800,0.000000
3604,36.040070,5904.670166913,5904.670166913,11970,16758000,0.000000
3605,36.050072,5904.680169671,5904.680169671,11973,16762200,0.000000
3606,36.060059,5904.690156199,5904.690156199,11977,16767800,0.000000
3607,36.070067,5904.700164172,5904.700164172,11980,16772000,0.000000
3608,36.080065,5904.710162271,5904.710162271,11983,16776200,0.000000
3609,36.090062,5904.720159099,5904.720159099,11987,16781800,0.000000
3610,36.100044,5904.730141147,5904.730141147,11990,16786000,0.000000
3611,36.110069,5904.740165970,5904.740165970,11993,16790200,0.000000
3612,36.120081,5904.750178077,5904.750178077,11997,16795800,0.000000
3613,36.130066,5904.760163387,5904.760163387,12000,16800000,0.000000
3614,36.140065,5904.770161877,5904.770161877,12003,16804200,0.000000
3615,36.150075,5904.780172438,5904.780172438,12006,16808400,0.000000
3616,36.160069,5904.790166735,5904.790166735,12010,16814000,0.000000
3617,36.170024,5904.800121630,5904.800121630,12013,16818200,0.000000
3618,36.180077,5904.810173933,5904.810173933,12016,16822400,0.000000
3619,36.190057,5904.820154166,5904.820154166,12020,16828000,0.000000
3620,36.200066,5904.830162958,5904.830162958,12023,16832200,0.000000
3621,36.210061,5904.840158631,5904.840158631,12026,16836400,0.000000
3622,36.220061,5904.850158299,5904.850158299,12030,16842000,0.000000
3623,36.230068,5904.860164840,5904.860164840,12033,16846200,0.000000
3624,36.240069,5904.870165971,5904.870165971,12036,16850400,0.000000
3625,36.250066,5904.880163170,5904.880163170,12040,16856000,0.000000
3626,36.260067,5904.890163921,5904.890163921,12043,16860200,0.000000
3627,36.270063,5904.900159904,5904.900159904,12046,16864400,0.000000
3628,36.280060,5904.910157551,5904.910157551,12050,16870000,0.000000
3629,36.290043,5904.920140506,5904.920140506,12053,16874200,0.000000
3630,36.300058,5904.930155175,5904.930155175,12056,16878400,0.000000
3631,36.310059,5904.940156085,5904.940156085,12060,16884000,0.000000
3632,36.320065,5904.950161946,5904.950161946,12063,16888200,0.000000
3633,36.330075,5904.960172396,5904.960172396,12066,16892400,0.000000
3634,36.340062,5904.970159577,5904.970159577,12070,16898000,0.000000
3635,36.350049,5904.980146015,5904.980146015,12073,16902200,0.000000
3636,36.360071,5904.990168515,5904.990168515,12076,16906400,0.000000
3637,36.370068,5905.000165738,5905.000165738,12080,16912000,0.000000
3638,36.380064,5905.010160869,5905.010160869,12083,16916200,0.000000
3639,36.390068,5905.020165293,5905.020165293,12086,16920400,0.000000
3640,36.400088,5905.030185400,5905.030185400,12090,16926000,0.000000
3641,36.410065,5905.040162622,5905.040162622,12093,16930200,0.000000
3642,36.420067,5905.050164098,5905.050164098,12096,16934400,0.000000
3643,36.430025,5905.060122310,5905.060122310,12099,16938600,0.000000
3644,36.440071,5905.070168478,5905.070168478,12103,16944200,0.000000
3645,36.450068,5905.080165247,5905.080165247,12106,16948400,0.000000
3646,36.460068,5905.090165079,5905.090165079,12109,16952600,0.000000
3647,36.470070,5905.100167408,5905.100167408,12113,16958200,0.000000
3648,36.480066,5905.110163783,5905.110163783,12116,16962400,0.000000
3649,36.490072,5905.120168864,5905.120168864,12119,16966600,0.000000
3650,36.500071,5905.130168712,5905.130168712,12123,16972200,0.000000
3651,36.510071,5905.140168768,5905.140168768,12126,16976400,0.000000
3652,36.520066,5905.150162880,5905.150162880,12129,16980600,0.000000
3653,36.530062,5905.160159216,5905.160159216,12133,16986200,0.000000
3654,36.540071,5905.170167879,5905.170167879,12136,16990400,0.000000
3655,36.550064,5905.180160836,5905.180160836,12139,16994600,0.000000
3656,36.560065,5905.190162557,5905.190162557,12143,17000200,0.000000
3657,36.570065,5905.200162035,5905.200162035,12146,17004400,0.000000
3658,36.580065,5905.210162159,5905.210162159,12149,17008600,0.000000
3659,36.590061,5905.220158005,5905.220158005,12153,17014200,0.000000
3660,36.600066,5905.230163711,5905.230163711,12156,17018400,0.000000
3661,36.610067,5905.240164438,5905.240164438,12159,17022600,0.000000
3662,36.620059,5905.250156717,5905.250156717,12163,17028200,0.000000
3663,36.630066,5905.260162802,5905.260162802,12166,17032400,0.000000
3664,36.640073,5905.270169978,5905.270169978,12169,17036600,0.000000
3665,36.650068,5905.280165748,5905.280165748,12173,17042200,0.000000
3666,36.660033,5905.290129875,5905.290129875,12176,17046400,0.000000
3667,36.670068,5905.300165154,5905.300165154,12179,17050600,0.000000
3668,36.680079,5905.310175855,5905.310175855,12183,17056200,0.000000
3669,36.690067,5905.320164689,5905.320164689,12186,17060400,0.000000
3670,36.700067,5905.330164178,5905.330164178,12189,17064600,0.000000
3671,36.710071,5905.340168388,5905.340168388,12192,17068800,0.000000
3672,36.720063,5905.350160749,5905.350160749,12196,17074400,0.000000
3673,36.730061,5905.360158734,5905.360158734,12199,17078600,0.000000
3674,36.740070,5905.370167254,5905.370167254,12202,17082800,0.000000
3675,36.750068,5905.380165442,5905.380165442,12206,17088400,0.000000
3676,36.760068,5905.390165164,5905.390165164,12209,17092600,0.000000
3677,36.770066,5905.400163603,5905.400163603,12212,17096800,0.000000
3678,36.780069,5905.410166340,5905.410166340,12216,17102400,0.000000
3679,36.790065,5905.420162016,5905.420162016,12219,17106600,0.000000
3680,36.800066,5905.430163454,5905.430163454,12222,17110800,0.000000
3681,36.810062,5905.440159293,5905.440159293,12226,17116400,0.000000
3682,36.820068,5905.450165552,5905.450165552,12229,17120600,0.000000
3683,36.830068,5905.460165444,5905.460165444,12232,17124800,0.000000
3684,36.840066,5905.470163053,5905.470163053,12236,17130400,0.000000
3685,36.850076,5905.480173356,5905.480173356,12239,17134600,0.000000
3686,36.860076,5905.490173389,5905.490173389,12242,17138800,0.000000
3687,36.870051,5905.500148275,5905.500148275,12246,17144400,0.000000
3688,36.880062,5905.510159496,5905.510159496,12249,17148600,0.000000
3689,36.890067,5905.520164255,5905.520164255,12252,17152800,0.000000
3690,36.900063,5905.530160341,5905.530160341,12256,17158400,0.000000
3691,36.910042,5905.540139014,5905.540139014,12259,17162600,0.000000
3692,36.920078,5905.550175036,5905.550175036,12262,17166800,0.000000
3693,36.930055,5905.560152024,5905.560152024,12266,17172400,0.000000
3694,36.940065,5905.570162565,5905.570162565,12269,17176600,0.000000
3695,36.950063,5905.580160695,5905.580160695,12272,17180800,0.000000
3696,36.960080,5905.590177072,5905.590177072,12276,17186400,0.000000
3697,36.970066,5905.600163386,5905.600163386,12279,17190600,0.000000
3698,36.980068,5905.610165628,5905.610165628,12282,17194800,0.000000
3699,36.990044,5905.620141140,5905.620141140,12285,17199000,0.000000
3700,37.000014,5905.630111388,5905.630111388,12289,17204600,0.000000
3701,37.010071,5905.640168239,5905.640168239,12292,17208800,0.000000
3702,37.020067,5905.650163996,5905.650163996,12295,17213000,0.000000
3703,37.030067,5905.660164056,5905.660164056,12299,17218600,0.000000
3704,37.040066,5905.670163259,5905.670163259,12302,17222800,0.000000
3705,37.050066,5905.680163771,5905.680163771,12305,17227000,0.000000
3706,37.060065,5905.690162011,5905.690162011,12309,17232600,0.000000
3707,37.070073,5905.700170591,5905.700170591,12312,17236800,0.000000
3708,37.080070,5905.710167169,5905.710167169,12315,17241000,0.000000
3709,37.090062,5905.720159564,5905.720159564,12319,17246600,0.000000
3710,37.100077,5905.730174165,5905.730174165,12322,17250800,0.000000
3711,37.110049,5905.740146633,5905.740146633,12325,17255000,0.000000
3712,37.120067,5905.750163991,5905.750163991,12329,17260600,0.000000
3713,37.130072,5905.760168899,5905.760168899,12332,17264800,0.000000
3714,37.140071,5905.770168083,5905.770168083,12335,17269000,0.000000
3715,37.150059,5905.780156558,5905.780156558,12339,17274600,0.000000
3716,37.160066,5905.790163212,5905.790163212,12342,17278800,0.000000
3717,37.170070,5905.800167532,5905.800167532,12345,17283000,0.000000
3718,37.180060,5905.810156848,5905.810156848,12349,17288600,0.000000
3719,37.190061,5905.820158096,5905.820158096,12352,17292800,0.000000
3720,37.200069,5905.830166406,5905.830166406,12355,17297000,0.000000
3721,37.210054,5905.840150845,5905.840150845,12359,17302600,0.000000
3722,37.220062,5905.850159662,5905.850159662,12362,17306800,0.000000
3723,37.230059,5905.860156663,5905.860156663,12365,17311000,0.000000
3724,37.240090,5905.870187202,5905.870187202,12369,17316600,0.000000
3725,37.250072,5905.880169297,5905.880169297,12372,17320800,0.000000
3726,37.260069,5905.890166371,5905.890166371,12375,17325000,0.000000
3727,37.270071,5905.900168776,5905.900168776,12378,17329200,0.000000
3728,37.280070,5905.910167674,5905.910167674,12382,17334800,0.000000
3729,37.290067,5905.920164592,5905.920164592,12385,17339000,0.000000
3730,37.300066,5905.930163575,5905.930163575,12388,17343200,0.000000
3731,37.310044,5905.940140836,5905.940140836,12392,17348800,0.000000
3732,37.320081,5905.950178488,5905.950178488,12395,17353000,0.000000
3733,37.330060,5905.960157584,5905.960157584,12398,17357200,0.000000
3734,37.340064,5905.970161124,5905.970161124,12402,17362800,0.000000
3735,37.350067,5905.980164793,5905.980164793,12405,17367000,0.000000
3736,37.360067,5905.990164443,5905.990164443,12408,17371200,0.000000
3737,37.370067,5906.000163801,5906.000163801,12412,17376800,0.000000
3738,37.380069,5906.010166146,5906.010166146,12415,17381000,0.000000
3739,37.390066,5906.020163186,5906.020163186,12418,17385200,0.000000
3740,37.400068,5906.030165128,5906.030165128,12422,17390800,0.000000
3741,37.410077,5906.040174161,5906.040174161,12425,17395000,0.000000
3742,37.420067,5906.050164156,5906.050164156,12428,17399200,0.000000
3743,37.430062,5906.060159422,5906.060159422,12432,17404800,0.000000
3744,37.440046,5906.070143136,5906.070143136,12435,17409000,0.000000
3745,37.450064,5906.080161332,5906.080161332,12438,17413200,0.000000
3746,37.460065,5906.090161853,5906.090161853,12442,17418800,0.000000
3747,37.470067,5906.100164698,5906.100164698,12445,17423000,0.000000
3748,37.480073,5906.110169968,5906.110169968,12448,17427200,0.000000
3749,37.490063,5906.120160652,5906.120160652,12452,17432800,0.000000
3750,37.500078,5906.130175674,5906.130175674,12455,17437000,0.000000
3751,37.510068,5906.140165384,5906.140165384,12458,17441200,0.000000
3752,37.520083,5906.150180395,5906.150180395,12462,17446800,0.000000
3753,37.530084,5906.160180896,5906.160180896,12465,17451000,0.000000
3754,37.540072,5906.170169575,5906.170169575,12468,17455200,0.000000
3755,37.550057,5906.180153894,5906.180153894,12471,17459400,0.000000
3756,37.560054,5906.190151279,5906.190151279,12475,17465000,0.000000
3757,37.570066,5906.200163549,5906.200163549,12478,17469200,0.000000
3758,37.580069,5906.210166219,5906.210166219,12481,17473400,0.000000
3759,37.590067,5906.220164053,5906.220164053,12485,17479000,0.000000
3760,37.600076,5906.230173621,5906.230173621,12488,17483200,0.000000
3761,37.610067,5906.240164678,5906.240164678,12491,17487400,0.000000
3762,37.620066,5906.250162919,5906.250162919,12495,17493000,0.000000
3763,37.630040,5906.260137378,5906.260137378,12498,17497200,0.000000
3764,37.640065,5906.270162452,5906.270162452,12501,17501400,0.000000
3765,37.650044,5906.280141054,5906.280141054,12505,17507000,0.000000
3766,37.660063,5906.290160079,5906.290160079,12508,17511200,0.000000
3767,37.670067,5906.300163946,5906.300163946,12511,17515400,0.000000
3768,37.680065,5906.310161974,5906.310161974,12515,17521000,0.000000
3769,37.690064,5906.320161611,5906.320161611,12518,17525200,0.000000
3770,37.700070,5906.330167238,5906.330167238,12521,17529400,0.000000
3771,37.710059,5906.340156661,5906.340156661,12525,17535000,0.000000
3772,37.720065,5906.350162109,5906.350162109,12528,17539200,0.000000
3773,37.730066,5906.360163619,5906.360163619,12531,17543400,0.000000
3774,37.740044,5906.370141656,5906.370141656,12535,17549000,0.000000
3775,37.750066,5906.380163377,5906.380163377,12538,17553200,0.000000
3776,37.760072,5906.390169229,5906.390169229,12541,17557400,0.000000
3777,37.770065,5906.400162041,5906.400162041,12545,17563000,0.000000
3778,37.780063,5906.410160004,5906.410160004,12548,17567200,0.000000
3779,37.790069,5906.420165915,5906.420165915,12551,17571400,0.000000
3780,37.800072,5906.430169606,5906.430169606,12555,17577000,0.000000
3781,37.810064,5906.440161538,5906.440161538,12558,17581200,0.000000
3782,37.820066,5906.450163428,5906.450163428,12561,17585400,0.000000
3783,37.830061,5906.460158156,5906.460158156,12564,17589600,0.000000
3784,37.840065,5906.470162196,5906.470162196,12568,17595200,0.000000
3785,37.850067,5906.480164373,5906.480164373,12571,17599400,0.000000
3786,37.860070,5906.490167676,5906.490167676,12574,17603600,0.000000
3787,37.870066,5906.500163034,5906.500163034,12578,17609200,0.000000
3788,37.880067,5906.510164316,5906.510164316,12581,17613400,0.000000
3789,37.890043,5906.520140774,5906.520140774,12584,17617600,0.000000
3790,37.900069,5906.530165907,5906.530165907,12588,17623200,0.000000
3791,37.910065,5906.540162662,5906.540162662,12591,17627400,0.000000
3792,37.920066,5906.550163064,5906.550163064,12594,17631600,0.000000
3793,37.930059,5906.560156629,5906.560156629,12598,17637200,0.000000
3794,37.940038,5906.570134995,5906.570134995,12601,17641400,0.000000
3795,37.950068,5906.580164816,5906.580164816,12604,17645600,0.000000
3796,37.960059,5906.590155906,5906.590155906,12608,17651200,0.000000
3797,37.970065,5906.600161823,5906.600161823,12611,17655400,0.000000
3798,37.980070,5906.610167397,5906.610167397,12614,17659600,0.000000
3799,37.990070,5906.620167467,5906.620167467,12618,17665200,0.000000
3800,38.000063,5906.630160055,5906.630160055,12621,17669400,0.000000
3801,38.010073,5906.640169971,5906.640169971,12624,17673600,0.000000
3802,38.020059,5906.650155939,5906.650155939,12628,17679200,0.000000
3803,38.030071,5906.660168219,5906.660168219,12631,17683400,0.000000
3804,38.040067,5906.670164162,5906.670164162,12634,17687600,0.000000
3805,38.050049,5906.680146035,5906.680146035,12638,17693200,0.000000
3806,38.060069,5906.690165890,5906.690165890,12641,17697400,0.000000
3807,38.070066,5906.700163106,5906.700163106,12644,17701600,0.000000
3808,38.080073,5906.710169832,5906.710169832,12648,17707200,0.000000
3809,38.090067,5906.720164244,5906.720164244,12651,17711400,0.000000
3810,38.100062,5906.730159099,5906.730159099,12654,17715600,0.000000
3811,38.110035,5906.740132480,5906.740132480,12657,17719800,0.000000
3812,38.120065,5906.750162294,5906.750162294,12661,17725400,0.000000
3813,38.130064,5906.760161104,5906.760161104,12664,17729600,0.000000
3814,38.140065,5906.770162045,5906.770162045,12667,17733800,0.000000
3815,38.150063,5906.780160071,5906.780160071,12671,17739400,0.000000
3816,38.160066,5906.790163397,5906.790163397,12674,17743600,0.000000
3817,38.170062,5906.800159393,5906.800159393,12677,17747800,0.000000
3818,38.180060,5906.810157095,5906.810157095,12681,17753400,0.000000
3819,38.190068,5906.820165293,5906.820165293,12684,17757600,0.000000
3820,38.200068,5906.830164974,5906.830164974,12687,17761800,0.000000
3821,38.210071,5906.840168531,5906.840168531,12691,17767400,0.000000
3822,38.220069,5906.850166649,5906.850166649,12694,17771600,0.000000
3823,38.230066,5906.860162977,5906.860162977,12697,17775800,0.000000
3824,38.240065,5906.870162009,5906.870162009,12701,17781400,0.000000
3825,38.250059,5906.880156764,5906.880156764,12704,17785600,0.000000
3826,38.260071,5906.890168399,5906.890168399,12707,17789800,0.000000
3827,38.270059,5906.900155813,5906.900155813,12711,17795400,0.000000
3828,38.280066,5906.910163715,5906.910163715,12714,17799600,0.000000
3829,38.290073,5906.920170475,5906.920170475,12717,17803800,0.000000
3830,38.300063,5906.930160378,5906.930160378,12721,17809400,0.000000
3831,38.310071,5906.940167861,5906.940167861,12724,17813600,0.000000
3832,38.320066,5906.950163029,5906.950163029,12727,17817800,0.000000
3833,38.330056,5906.960153067,5906.960153067,12731,17823400,0.000000
3834,38.340066,5906.970163282,5906.970163282,12734,17827600,0.000000
3835,38.350067,5906.980164183,5906.980164183,12737,17831800,0.000000
3836,38.360074,5906.990171571,5906.990171571,12741,17837400,0.000000
3837,38.370067,5907.000164035,5907.000164035,12744,17841600,0.000000
3838,38.380067,5907.010163849,5907.010163849,12747,17845800,0.000000
3839,38.390067,5907.020164099,5907.020164099,12750,17850000,0.000000
3840,38.400067,5907.030164420,5907.030164420,12754,17855600,0.000000
3841,38.410067,5907.040164668,5907.040164668,12757,17859800,0.000000
3842,38.420066,5907.050163576,5907.050163576,12760,17864000,0.000000
3843,38.430063,5907.060160262,5907.060160262,12764,17869600,0.000000
3844,38.440064,5907.070161225,5907.070161225,12767,17873800,0.000000
3845,38.450065,5907.080162746,5907.080162746,12770,17878000,0.000000
3846,38.460066,5907.090163638,5907.090163638,12774,17883600,0.000000
3847,38.470069,5907.100166007,5907.100166007,12777,17887800,0.000000
3848,38.480065,5907.110162520,5907.110162520,12780,17892000,0.000000
3849,38.490066,5907.120163021,5907.120163021,12784,17897600,0.000000
3850,38.500069,5907.130166762,5907.130166762,12787,17901800,0.000000
3851,38.510067,5907.140164292,5907.140164292,12790,17906000,0.000000
3852,38.520062,5907.150159230,5907.150159230,12794,17911600,0.000000
3853,38.530043,5907.160140675,5907.160140675,12797,17915800,0.000000
3854,38.540063,5907.170160569,5907.170160569,12800,17920000,0.000000
3855,38.550061,5907.180158003,5907.180158003,12804,17925600,0.000000
3856,38.560060,5907.190157391,5907.190157391,12807,17929800,0.000000
3857,38.570050,5907.200147338,5907.200147338,12810,17934000,0.000000
3858,38.580058,5907.210155725,5907.210155725,12814,17939600,0.000000
3859,38.590061,5907.220158494,5907.220158494,12817,17943800,0.000000
3860,38.600066,5907.230163221,5907.230163221,12820,17948000,0.000000
3861,38.610050,5907.240147462,5907.240147462,12824,17953600,0.000000
3862,38.620066,5907.250162800,5907.250162800,12827,17957800,0.000000
3863,38.630064,5907.260161714,5907.260161714,12830,17962000,0.000000
3864,38.640072,5907.270169220,5907.270169220,12834,17967600,0.000000
3865,38.650061,5907.280158061,5907.280158061,12837,17971800,0.000000
3866,38.660067,5907.290164227,5907.290164227,12840,17976000,0.000000
3867,38.670061,5907.300158707,5907.300158707,12843,17980200,0.000000
3868,38.680065,5907.310162642,5907.310162642,12847,17985800,0.000000
3869,38.690066,5907.320163371,5907.320163371,12850,17990000,0.000000
3870,38.700067,5907.330164415,5907.330164415,12853,17994200,0.000000
3871,38.710066,5907.340163138,5907.340163138,12857,17999800,0.000000
3872,38.720065,5907.350162659,5907.350162659,12860,18004000,0.000000
3873,38.730069,5907.360165955,5907.360165955,12863,18008200,0.000000
3874,38.740064,5907.370161155,5907.370161155,12867,18013800,0.000000
3875,38.750068,5907.380165757,5907.380165757,12870,18018000,0.000000
3876,38.760072,5907.390168978,5907.390168978,12873,18022200,0.000000
3877,38.770062,5907.400159542,5907.400159542,12877,18027800,0.000000
3878,38.780094,5907.410191759,5907.410191759,12880,18032000,0.000000
3879,38.790070,5907.420167544,5907.420167544,12883,18036200,0.000000
3880,38.800066,5907.430162879,5907.430162879,12887,18041800,0.000000
3881,38.810071,5907.440168763,5907.440168763,12890,18046000,0.000000
3882,38.820069,5907.450166338,5907.450166338,12893,18050200,0.000000
3883,38.830063,5907.460160372,5907.460160372,12897,18055800,0.000000
3884,38.840066,5907.470163430,5907.470163430,12900,18060000,0.000000
3885,38.850069,5907.480166683,5907.480166683,12903,18064200,0.000000
3886,38.860063,5907.490160602,5907.490160602,12907,18069800,0.000000
3887,38.870067,5907.500163910,5907.500163910,12910,18074000,0.000000
3888,38.880050,5907.510147479,5907.510147479,12913,18078200,0.000000
3889,38.890049,5907.520146423,5907.520146423,12917,18083800,0.000000
3890,38.900066,5907.530163477,5907.530163477,12920,18088000,0.000000
3891,38.910072,5907.540169473,5907.540169473,12923,18092200,0.000000
3892,38.920076,5907.550173708,5907.550173708,12927,18097800,0.000000
3893,38.930063,5907.560159906,5907.560159906,12930,18102000,0.000000
3894,38.940068,5907.570165310,5907.570165310,12933,18106200,0.000000
3895,38.950077,5907.580174333,5907.580174333,12936,18110400,0.000000
3896,38.960065,5907.590162055,5907.590162055,12940,18116000,0.000000
3897,38.970081,5907.600178125,5907.600178125,12943,18120200,0.000000
3898,38.980068,5907.610164983,5907.610164983,12946,18124400,0.000000
3899,38.990069,5907.620165835,5907.620165835,12950,18130000,0.000000
3900,39.000068,5907.630165234,5907.630165234,12953,18134200,0.000000
3901,39.010067,5907.640163828,5907.640163828,12956,18138400,0.000000
3902,39.020067,5907.650164369,5907.650164369,12960,18144000,0.000000
3903,39.030070,5907.660166947,5907.660166947,12963,18148200,0.000000
3904,39.040067,5907.670164083,5907.670164083,12966,18152400,0.000000
3905,39.050065,5907.680162360,5907.680162360,12970,18158000,0.000000
3906,39.060069,5907.690166072,5907.690166072,12973,18162200,0.000000
3907,39.070069,5907.700166243,5907.700166243,12976,18166400,0.000000
3908,39.080062,5907.710159483,5907.710159483,12980,18172000,0.000000
3909,39.090067,5907.720163994,5907.720163994,12983,18176200,0.000000
3910,39.100070,5907.730167353,5907.730167353,12986,18180400,0.000000
3911,39.110070,5907.740167413,5907.740167413,12990,18186000,0.000000
3912,39.120067,5907.750163844,5907.750163844,12993,18190200,0.000000
3913,39.130066,5907.760163596,5907.760163596,12996,18194400,0.000000
3914,39.140062,5907.770159211,5907.770159211,13000,18200000,0.000000
3915,39.150061,5907.780158315,5907.780158315,13003,18204200,0.000000
3916,39.160065,5907.790162125,5907.790162125,13006,18208400,0.000000
3917,39.170047,5907.800144673,5907.800144673,13010,18214000,0.000000
3918,39.180069,5907.810166629,5907.810166629,13013,18218200,0.000000
3919,39.190065,5907.820161834,5907.820161834,13016,18222400,0.000000
3920,39.200076,5907.830173299,5907.830173299,13020,18228000,0.000000
3921,39.210060,5907.840157670,5907.840157670,13023,18232200,0.000000
3922,39.220062,5907.850159122,5907.850159122,13026,18236400,0.000000
3923,39.230070,5907.860166875,5907.860166875,13029,18240600,0.000000
3924,39.240065,5907.870162751,5907.870162751,13033,18246200,0.000000
3925,39.250066,5907.880163151,5907.880163151,13036,18250400,0.000000
3926,39.260067,5907.890164360,5907.890164360,13039,18254600,0.000000
3927,39.270066,5907.900162947,5907.900162947,13043,18260200,0.000000
3928,39.280067,5907.910164260,5907.910164260,13046,18264400,0.000000
3929,39.290067,5907.920164092,5907.920164092,13049,18268600,0.000000
3930,39.300065,5907.930161902,5907.930161902,13053,18274200,0.000000
3931,39.310079,5907.940175934,5907.940175934,13056,18278400,0.000000
3932,39.320071,5907.950168222,5907.950168222,13059,18282600,0.000000
3933,39.330071,5907.960168619,5907.960168619,13063,18288200,0.000000
3934,39.340063,5907.970160083,5907.970160083,13066,18292400,0.000000
3935,39.350067,5907.980163821,5907.980163821,13069,18296600,0.000000
3936,39.360064,5907.990161373,5907.990161373,13073,18302200,0.000000
3937,39.370068,5908.000165449,5908.000165449,13076,18306400,0.000000
3938,39.380076,5908.010172970,5908.010172970,13079,18310600,0.000000
3939,39.390059,5908.020156164,5908.020156164,13083,18316200,0.000000
3940,39.400068,5908.030165165,5908.030165165,13086,18320400,0.000000
3941,39.410070,5908.040166884,5908.040166884,13089,18324600,0.000000
3942,39.420059,5908.050156349,5908.050156349,13093,18330200,0.000000
3943,39.430066,5908.060163210,5908.060163210,13096,18334400,0.000000
3944,39.440069,5908.070165922,5908.070165922,13099,18338600,0.000000
3945,39.450063,5908.080160648,5908.080160648,13103,18344200,0.000000
3946,39.460068,5908.090165387,5908.090165387,13106,18348400,0.000000
3947,39.470080,5908.100177301,5908.100177301,13109,18352600,0.000000
3948,39.480091,5908.110188066,5908.110188066,13113,18358200,0.000000
3949,39.490068,5908.120164819,5908.120164819,13116,18362400,0.000000
3950,39.500069,5908.130166054,5908.130166054,13119,18366600,0.000000
3951,39.510101,5908.140198347,5908.140198347,13122,18370800,0.000000
3952,39.520066,5908.150163308,5908.150163308,13126,18376400,0.000000
3953,39.530070,5908.160167446,5908.160167446,13129,18380600,0.000000
3954,39.540067,5908.170164421,5908.170164421,13132,18384800,0.000000
3955,39.550070,5908.180166963,5908.180166963,13136,18390400,0.000000
3956,39.560067,5908.190163965,5908.190163965,13139,18394600,0.000000
3957,39.570068,5908.200164930,5908.200164930,13142,18398800,0.000000
3958,39.580064,5908.210161395,5908.210161395,13146,18404400,0.000000
3959,39.590069,5908.220165920,5908.220165920,13149,18408600,0.000000
3960,39.600069,5908.230165856,5908.230165856,13152,18412800,0.000000
3961,39.610066,5908.240163238,5908.240163238,13156,18418400,0.000000
3962,39.620067,5908.250164417,5908.250164417,13159,18422600,0.000000
3963,39.630071,5908.260167825,5908.260167825,13162,18426800,0.000000
3964,39.640063,5908.270159936,5908.270159936,13166,18432400,0.000000
3965,39.650067,5908.280164034,5908.280164034,13169,18436600,0.000000
3966,39.660064,5908.290161529,5908.290161529,13172,18440800,0.000000
3967,39.670061,5908.300158381,5908.300158381,13176,18446400,0.000000
3968,39.680067,5908.310164748,5908.310164748,13179,18450600,0.000000
3969,39.690071,5908.320168439,5908.320168439,13182,18454800,0.000000
3970,39.700065,5908.330162358,5908.330162358,13186,18460400,0.000000
3971,39.710075,5908.340172593,5908.340172593,13189,18464600,0.000000
3972,39.720070,5908.350167385,5908.350167385,13192,18468800,0.000000
3973,39.730057,5908.360153994,5908.360153994,13196,18474400,0.000000
3974,39.740073,5908.370170543,5908.370170543,13199,18478600,0.000000
3975,39.750040,5908.380137750,5908.380137750,13202,18482800,0.000000
3976,39.760096,5908.390193319,5908.390193319,13206,18488400,0.000000
3977,39.770075,5908.400172752,5908.400172752,13209,18492600,0.000000
3978,39.780071,5908.410168425,5908.410168425,13212,18496800,0.000000
3979,39.790073,5908.420170027,5908.420170027,13215,18501000,0.000000
3980,39.800062,5908.430158897,5908.430158897,13219,18506600,0.000000
3981,39.810068,5908.440165276,5908.440165276,13222,18510800,0.000000
3982,39.820074,5908.450171676,5908.450171676,13225,18515000,0.000000
3983,39.830069,5908.460166491,5908.460166491,13229,18520600,0.000000
3984,39.840064,5908.470161566,5908.470161566,13232,18524800,0.000000
3985,39.850066,5908.480162897,5908.480162897,13235,18529000,0.000000
3986,39.860083,5908.490180234,5908.490180234,13239,18534600,0.000000
3987,39.870066,5908.500163351,5908.500163351,13242,18538800,0.000000
3988,39.880066,5908.510163183,5908.510163183,13245,18543000,0.000000
3989,39.890061,5908.520158296,5908.520158296,13249,18548600,0.000000
3990,39.900060,5908.530157741,5908.530157741,13252,18552800,0.000000
3991,39.910070,5908.540166835,5908.540166835,13255,18557000,0.000000
3992,39.920058,5908.550155262,5908.550155262,13259,18562600,0.000000
3993,39.930044,5908.560141764,5908.560141764,13262,18566800,0.000000
3994,39.940062,5908.570158925,5908.570158925,13265,18571000,0.000000
3995,39.950058,5908.580154984,5908.580154984,13269,18576600,0.000000
3996,39.960061,5908.590157852,5908.590157852,13272,18580800,0.000000
3997,39.970070,5908.600166920,5908.600166920,13275,18585000,0.000000
3998,39.980048,5908.610144986,5908.610144986,13279,18590600,0.000000
3999,39.990063,5908.620160464,5908.620160464,13282,18594800,0.000000
4000,40.000061,5908.630157818,5908.630157818,13285,18599000,0.000000
4001,40.010060,5908.640157412,5908.640157412,13289,18604600,0.000000
4002,40.020053,5908.650150640,5908.650150640,13292,18608800,0.000000
4003,40.030062,5908.660159406,5908.660159406,13295,18613000,0.000000
4004,40.040094,5908.670190936,5908.670190936,13299,18618600,0.000000
4005,40.050071,5908.680168381,5908.680168381,13302,18622800,0.000000
4006,40.060066,5908.690163559,5908.690163559,13305,18627000,0.000000
4007,40.070075,5908.700172748,5908.700172748,13308,18631200,0.000000
4008,40.080066,5908.710163258,5908.710163258,13312,18636800,0.000000
4009,40.090072,5908.720169757,5908.720169757,13315,18641000,0.000000
4010,40.100068,5908.730165612,5908.730165612,13318,18645200,0.000000
4011,40.110067,5908.740163946,5908.740163946,13322,18650800,0.000000
4012,40.120076,5908.750173009,5908.750173009,13325,18655000,0.000000
4013,40.130067,5908.760164354,5908.760164354,13328,18659200,0.000000
4014,40.140069,5908.770166666,5908.770166666,13332,18664800,0.000000
4015,40.150066,5908.780163510,5908.780163510,13335,18669000,0.000000
4016,40.160067,5908.790164018,5908.790164018,13338,18673200,0.000000
4017,40.170060,5908.800156823,5908.800156823,13342,18678800,0.000000
4018,40.180064,5908.810161024,5908.810161024,13345,18683000,0.000000
4019,40.190063,5908.820160610,5908.820160610,13348,18687200,0.000000
4020,40.200062,5908.830159402,5908.830159402,13352,18692800,0.000000
4021,40.210061,5908.840158789,5908.840158789,13355,18697000,0.000000
4022,40.220071,5908.850168237,5908.850168237,13358,18701200,0.000000
4023,40.230040,5908.860136942,5908.860136942,13362,18706800,0.000000
4024,40.240071,5908.870167819,5908.870167819,13365,18711000,0.000000
4025,40.250072,5908.880168870,5908.880168870,13368,18715200,0.000000
4026,40.260060,5908.890157577,5908.890157577,13372,18720800,0.000000
4027,40.270073,5908.900169926,5908.900169926,13375,18725000,0.000000
4028,40.280079,5908.910176233,5908.910176233,13378,18729200,0.000000
4029,40.290050,5908.920146980,5908.920146980,13382,18734800,0.000000
4030,40.300063,5908.930160458,5908.930160458,13385,18739000,0.000000
4031,40.310066,5908.940163284,5908.940163284,13388,18743200,0.000000
4032,40.320060,5908.950157722,5908.950157722,13392,18748800,0.000000
4033,40.330059,5908.960156456,5908.960156456,13395,18753000,0.000000
4034,40.340062,5908.970158941,5908.970158941,13398,18757200,0.000000
4035,40.350066,5908.980163106,5908.980163106,13401,18761400,0.000000
4036,40.360074,5908.990170902,5908.990170902,13405,18767000,0.000000
4037,40.370071,5909.000167833,5909.000167833,13408,18771200,0.000000
4038,40.380070,5909.010167722,5909.010167722,13411,18775400,0.000000
4039,40.390054,5909.020150850,5909.020150850,13415,18781000,0.000000
4040,40.400064,5909.030161687,5909.030161687,13418,18785200,0.000000
4041,40.410063,5909.040160397,5909.040160397,13421,18789400,0.000000
4042,40.420060,5909.050157138,5909.050157138,13425,18795000,0.000000
4043,40.430065,5909.060161814,5909.060161814,13428,18799200,0.000000
4044,40.440062,5909.070159163,5909.070159163,13431,18803400,0.000000
4045,40.450060,5909.080157008,5909.080157008,13435,18809000,0.000000
4046,40.460059,5909.090156033,5909.090156033,13438,18813200,0.000000
4047,40.470077,5909.100174226,5909.100174226,13441,18817400,0.000000
4048,40.480060,5909.110157533,5909.110157533,13445,18823000,0.000000
4049,40.490069,5909.120166478,5909.120166478,13448,18827200,0.000000
4050,40.500070,5909.130167117,5909.130167117,13451,18831400,0.000000
4051,40.510071,5909.140168640,5909.140168640,13455,18837000,0.000000
4052,40.520081,5909.150178174,5909.150178174,13458,18841200,0.000000
4053,40.530068,5909.160165590,5909.160165590,13461,18845400,0.000000
4054,40.540059,5909.170156726,5909.170156726,13465,18851000,0.000000
4055,40.550064,5909.180161357,5909.180161357,13468,18855200,0.000000
4056,40.560062,5909.190159525,5909.190159525,13471,18859400,0.000000
4057,40.570035,5909.200132611,5909.200132611,13475,18865000,0.000000
4058,40.580062,5909.210159732,5909.210159732,13478,18869200,0.000000
4059,40.590058,5909.220155544,5909.220155544,13481,18873400,0.000000
4060,40.600049,5909.230146101,5909.230146101,13485,18879000,0.000000
4061,40.610058,5909.240155370,5909.240155370,13488,18883200,0.000000
4062,40.620066,5909.250163653,5909.250163653,13491,18887400,0.000000
4063,40.630040,5909.260137684,5909.260137684,13494,18891600,0.000000
4064,40.640052,5909.270149514,5909.270149514,13498,18897200,0.000000
4065,40.650064,5909.280161381,5909.280161381,13501,18901400,0.000000
4066,40.660079,5909.290176669,5909.290176669,13504,18905600,0.000000
4067,40.670087,5909.300184115,5909.300184115,13508,18911200,0.000000
4068,40.680077,5909.310174540,5909.310174540,13511,18915400,0.000000
4069,40.690072,5909.320169791,5909.320169791,13514,18919600,0.000000
4070,40.700066,5909.330162882,5909.330162882,13518,18925200,0.000000
4071,40.710068,5909.340165233,5909.340165233,13521,18929400,0.000000
4072,40.720071,5909.350167865,5909.350167865,13524,18933600,0.000000
4073,40.730063,5909.360160139,5909.360160139,13528,18939200,0.000000
4074,40.740074,5909.370171122,5909.370171122,13531,18943400,0.000000
4075,40.750067,5909.380164501,5909.380164501,13534,18947600,0.000000
4076,40.760066,5909.390162943,5909.390162943,13538,18953200,0.000000
4077,40.770065,5909.400162466,5909.400162466,13541,18957400,0.000000
4078,40.780053,5909.410150709,5909.410150709,13544,18961600,0.000000
4079,40.790059,5909.420155871,5909.420155871,13548,18967200,0.000000
4080,40.800069,5909.430166166,5909.430166166,13551,18971400,0.000000
4081,40.810071,5909.440168448,5909.440168448,13554,18975600,0.000000
4082,40.820059,5909.450156618,5909.450156618,13558,18981200,0.000000
4083,40.830067,5909.460164252,5909.460164252,13561,18985400,0.000000
4084,40.840096,5909.470193650,5909.470193650,13564,18989600,0.000000
4085,40.850063,5909.480160735,5909.480160735,13568,18995200,0.000000
4086,40.860067,5909.490164236,5909.490164236,13571,18999400,0.000000
4087,40.870026,5909.500122801,5909.500122801,13574,19003600,0.000000
4088,40.880083,5909.510180472,5909.510180472,13578,19009200,0.000000
4089,40.890059,5909.520155812,5909.520155812,13581,19013400,0.000000
4090,40.900066,5909.530163089,5909.530163089,13584,19017600,0.000000
4091,40.910067,5909.540164737,5909.540164737,13587,19021800,0.000000
4092,40.920064,5909.550161684,5909.550161684,13591,19027400,0.000000
4093,40.930066,5909.560163694,5909.560163694,13594,19031600,0.000000
4094,40.940068,5909.570165611,5909.570165611,13597,19035800,0.000000
4095,40.950067,5909.580163937,5909.580163937,13601,19041400,0.000000
4096,40.960083,5909.590179812,5909.590179812,13604,19045600,0.000000
4097,40.970067,5909.600164573,5909.600164573,13607,19049800,0.000000
4098,40.980060,5909.610157510,5909.610157510,13611,19055400,0.000000
4099,40.990067,5909.620164096,5909.620164096,13614,19059600,0.000000
4100,41.000067,5909.630164226,5909.630164226,13617,19063800,0.000000
4101,41.010069,5909.640165964,5909.640165964,13621,19069400,0.000000
4102,41.020063,5909.650160759,5909.650160759,13624,19073600,0.000000
4103,41.030067,5909.660164610,5909.660164610,13627,19077800,0.000000
4104,41.040060,5909.670157524,5909.670157524,13631,19083400,0.000000
4105,41.050058,5909.680155694,5909.680155694,13634,19087600,0.000000
4106,41.060052,5909.690149718,5909.690149718,13637,19091800,0.000000
4107,41.070059,5909.700156175,5909.700156175,13641,19097400,0.000000
4108,41.080061,5909.710158625,5909.710158625,13644,19101600,0.000000
4109,41.090063,5909.720160535,5909.720160535,13647,19105800,0.000000
4110,41.100059,5909.730156359,5909.730156359,13651,19111400,0.000000
4111,41.110066,5909.740163476,5909.740163476,13654,19115600,0.000000
4112,41.120062,5909.750159702,5909.750159702,13657,19119800,0.000000
4113,41.130058,5909.760154802,5909.760154802,13661,19125400,0.000000
4114,41.140066,5909.770163331,5909.770163331,13664,19129600,0.000000
4115,41.150069,5909.780166160,5909.780166160,13667,19133800,0.000000
4116,41.160071,5909.790168559,5909.790168559,13671,19139400,0.000000
4117,41.170061,5909.800158539,5909.800158539,13674,19143600,0.000000
4118,41.180065,5909.810162506,5909.810162506,13677,19147800,0.000000
4119,41.190070,5909.820167645,5909.820167645,13680,19152000,0.000000
4120,41.200066,5909.830163287,5909.830163287,13684,19157600,0.000000
4121,41.210036,5909.840133640,5909.840133640,13687,19161800,0.000000
4122,41.220064,5909.850161133,5909.850161133,13690,19166000,0.000000
4123,41.230059,5909.860155964,5909.860155964,13694,19171600,0.000000
4124,41.240065,5909.870162338,5909.870162338,13697,19175800,0.000000
4125,41.250072,5909.880168962,5909.880168962,13700,19180000,0.000000
4126,41.260059,5909.890156408,5909.890156408,13704,19185600,0.000000
4127,41.270059,5909.900156624,5909.900156624,13707,19189800,0.000000
4128,41.280072,5909.910169012,5909.910169012,13710,19194000,0.000000
4129,41.290061,5909.920158726,5909.920158726,13714,19199600,0.000000
4130,41.300065,5909.930162059,5909.930162059,13717,19203800,0.000000
4131,41.310064,5909.940160858,5909.940160858,13720,19208000,0.000000
4132,41.320060,5909.950157685,5909.950157685,13724,19213600,0.000000
4133,41.330029,5909.960126091,5909.960126091,13727,19217800,0.000000
4134,41.340052,5909.970149535,5909.970149535,13730,19222000,0.000000
4135,41.350056,5909.980153662,5909.980153662,13734,19227600,0.000000
4136,41.360062,5909.990159502,5909.990159502,13737,19231800,0.000000
4137,41.370059,5910.000156562,5910.000156562,13740,19236000,0.000000
4138,41.380059,5910.010156633,5910.010156633,13744,19241600,0.000000
4139,41.390081,5910.020178289,5910.020178289,13747,19245800,0.000000
4140,41.400074,5910.030171142,5910.030171142,13750,19250000,0.000000
4141,41.410060,5910.040157674,5910.040157674,13754,19255600,0.000000
4142,41.420068,5910.050165025,5910.050165025,13757,19259800,0.000000
4143,41.430063,5910.060160677,5910.060160677,13760,19264000,0.000000
4144,41.440074,5910.070171698,5910.070171698,13764,19269600,0.000000
4145,41.450059,5910.080156433,5910.080156433,13767,19273800,0.000000
4146,41.460060,5910.090157592,5910.090157592,13770,19278000,0.000000
4147,41.470055,5910.100151851,5910.100151851,13773,19282200,0.000000
4148,41.480062,5910.110159254,5910.110159254,13777,19287800,0.000000
4149,41.490082,5910.120179470,5910.120179470,13780,19292000,0.000000
4150,41.500068,5910.130165342,5910.130165342,13783,19296200,0.000000
4151,41.510064,5910.140161531,5910.140161531,13787,19301800,0.000000
4152,41.520065,5910.150161992,5910.150161992,13790,19306000,0.000000
4153,41.530070,5910.160166965,5910.160166965,13793,19310200,0.000000
4154,41.540075,5910.170172385,5910.170172385,13797,19315800,0.000000
4155,41.550077,5910.180174203,5910.180174203,13800,19320000,0.000000
4156,41.560060,5910.190156952,5910.190156952,13803,19324200,0.000000
4157,41.570072,5910.200169251,5910.200169251,13807,19329800,0.000000
4158,41.580065,5910.210162641,5910.210162641,13810,19334000,0.000000
4159,41.590068,5910.220165683,5910.220165683,13813,19338200,0.000000
4160,41.600060,5910.230157231,5910.230157231,13817,19343800,0.000000
4161,41.610040,5910.240137641,5910.240137641,13820,19348000,0.000000
4162,41.620057,5910.250153921,5910.250153921,13823,19352200,0.000000
4163,41.630060,5910.260157285,5910.260157285,13827,19357800,0.000000
4164,41.640066,5910.270163178,5910.270163178,13830,19362000,0.000000
4165,41.650072,5910.280168811,5910.280168811,13833,19366200,0.000000
4166,41.660059,5910.290156100,5910.290156100,13837,19371800,0.000000
4167,41.670063,5910.300159906,5910.300159906,13840,19376000,0.000000
4168,41.680069,5910.310166410,5910.310166410,13843,19380200,0.000000
4169,41.690052,5910.320149014,5910.320149014,13847,19385800,0.000000
4170,41.700090,5910.330187310,5910.330187310,13850,19390000,0.000000
4171,41.710076,5910.340173685,5910.340173685,13853,19394200,0.000000
4172,41.720082,5910.350179680,5910.350179680,13857,19399800,0.000000
4173,41.730063,5910.360159957,5910.360159957,13860,19404000,0.000000
4174,41.740068,5910.370165730,5910.370165730,13863,19408200,0.000000
4175,41.750040,5910.380137301,5910.380137301,13866,19412400,0.000000
4176,41.760068,5910.390165490,5910.390165490,13870,19418000,0.000000
4177,41.770068,5910.400165497,5910.400165497,13873,19422200,0.000000
4178,41.780065,5910.410162188,5910.410162188,13876,19426400,0.000000
4179,41.790065,5910.420161815,5910.420161815,13880,19432000,0.000000
4180,41.800069,5910.430166555,5910.430166555,13883,19436200,0.000000
4181,41.810076,5910.440173085,5910.440173085,13886,19440400,0.000000
4182,41.820068,5910.450165604,5910.450165604,13890,19446000,0.000000
4183,41.830070,5910.460167091,5910.460167091,13893,19450200,0.000000
4184,41.840082,5910.470179436,5910.470179436,13896,19454400,0.000000
4185,41.850060,5910.480157430,5910.480157430,13900,19460000,0.000000
4186,41.860064,5910.490160950,5910.490160950,13903,19464200,0.000000
4187,41.870033,5910.500130732,5910.500130732,13906,19468400,0.000000
4188,41.880064,5910.510161376,5910.510161376,13910,19474000,0.000000
4189,41.890066,5910.520163204,5910.520163204,13913,19478200,0.000000
4190,41.900068,5910.530164877,5910.530164877,13916,19482400,0.000000
4191,41.910061,5910.540158498,5910.540158498,13920,19488000,0.000000
4192,41.920065,5910.550162062,5910.550162062,13923,19492200,0.000000
4193,41.930067,5910.560164394,5910.560164394,13926,19496400,0.000000
4194,41.940058,5910.570155657,5910.570155657,13930,19502000,0.000000
4195,41.950074,5910.580171134,5910.580171134,13933,19506200,0.000000
4196,41.960067,5910.590164154,5910.590164154,13936,19510400,0.000000
4197,41.970066,5910.600163732,5910.600163732,13940,19516000,0.000000
4198,41.980067,5910.610164669,5910.610164669,13943,19520200,0.000000
4199,41.990069,5910.620165936,5910.620165936,13946,19524400,0.000000
