run_id,timestamp_utc,cfg_bw_mbps,cfg_delay_ms,cfg_queue_pkts,offered_mbps,rho_offered,sample_idx,t_rel_s,netem_backlog_bytes,netem_backlog_pkts,htb_backlog_bytes,htb_backlog_pkts
b93602c55a6e,2026-07-18T01:48:44Z,4.0,2.0,13,1.2,0.3,0,3e-06,0,0,0,0
b93602c55a6e,2026-07-18T01:48:44Z,4.0,2.0,13,1.2,0.3,1,0.055217,0,0,0,0
b93602c55a6e,2026-07-18T01:48:44Z,4.0,2.0,13,1.2,0.3,2,0.111817,0,0,0,0
b93602c55a6e,2026-07-18T01:48:44Z,4.0,2.0,13,1.2,0.3,3,0.169284,0,0,0,0
b93602c55a6e,2026-07-18T01:48:44Z,4.0,2.0,13,1.2,0.3,4,0.225649,0,0,0,0
b93602c55a6e,2026-07-18T01:48:44Z,4.0,2.0,13,1.2,0.3,5,0.282069,0,0,0,0
b93602c55a6e,2026-07-18T01:48:44Z,4.0,2.0,13,1.2,0.3,6,0.338035,0,0,0,0
b93602c55a6e,2026-07-18T01:48:44Z,4.0,2.0,13,1.2,0.3,7,0.394108,0,0,0,0
b93602c55a6e,2026-07-18T01:48:44Z,4.0,2.0,13,1.2,0.3,8,0.450513,0,0,0,0
b93602c55a6e,2026-07-18T01:48:44Z,4.0,2.0,13,1.2,0.3,9,0.506764,0,0,0,0
b93602c55a6e,2026-07-18T01:48:44Z,4.0,2.0,13,1.2,0.3,10,0.562768,0,0,0,0
b93602c55a6e,2026-07-18T01:48:44Z,4.0,2.0,13,1.2,0.3,11,0.618827,1512,1,1512,1
b93602c55a6e,2026-07-18T01:48:44Z,4.0,2.0,13,1.2,0.3,12,0.675159,1512,1,1512,1
b93602c55a6e,2026-07-18T01:48:44Z,4.0,2.0,13,1.2,0.3,13,0.731673,1512,1,1512,1
b93602c55a6e,2026-07-18T01:48:44Z,4.0,2.0,13,1.2,0.3,14,0.788235,1512,1,1512,1
b93602c55a6e,2026-07-18T01:48:44Z,4.0,2.0,13,1.2,0.3,15,0.844839,1512,1,1512,1
b93602c55a6e,2026-07-18T01:48:44Z,4.0,2.0,13,1.2,0.3,16,0.900875,1512,1,1512,1
b93602c55a6e,2026-07-18T01:48:44Z,4.0,2.0,13,1.2,0.3,17,0.957201,1512,1,1512,1
b93602c55a6e,2026-07-18T01:48:44Z,4.0,2.0,13,1.2,0.3,18,1.012967,1512,1,1512,1
b93602c55a6e,2026-07-18T01:48:44Z,4.0,2.0,13,1.2,0.3,19,1.068926,1512,1,1512,1
b93602c55a6e,2026-07-18T01:48:44Z,4.0,2.0,13,1.2,0.3,20,1.125152,1512,1,1512,1
b93602c55a6e,2026-07-18T01:48:44Z,4.0,2.0,13,1.2,0.3,21,1.181048,1512,1,1512,1
b93602c55a6e,2026-07-18T01:48:44Z,4.0,2.0,13,1.2,0.3,22,1.237713,0,0,0,0
b93602c55a6e,2026-07-18T01:48:44Z,4.0,2.0,13,1.2,0.3,23,1.293956,0,0,0,0
b93602c55a6e,2026-07-18T01:48:44Z,4.0,2.0,13,1.2,0.3,24,1.35029,0,0,0,0
b93602c55a6e,2026-07-18T01:48:44Z,4.0,2.0,13,1.2,0.3,25,1.406685,0,0,0,0
b93602c55a6e,2026-07-18T01:48:44Z,4.0,2.0,13,1.2,0.3,26,1.462417,0,0,0,0
b93602c55a6e,2026-07-18T01:48:44Z,4.0,2.0,13,1.2,0.3,27,1.518706,0,0,0,0
b93602c55a6e,2026-07-18T01:48:44Z,4.0,2.0,13,1.2,0.3,28,1.575337,0,0,0,0
b93602c55a6e,2026-07-18T01:48:44Z,4.0,2.0,13,1.2,0.3,29,1.632049,0,0,0,0
b93602c55a6e,2026-07-18T01:48:44Z,4.0,2.0,13,1.2,0.3,30,1.688445,0,0,0,0
b93602c55a6e,2026-07-18T01:48:44Z,4.0,2.0,13,1.2,0.3,31,1.744972,0,0,0,0
b93602c55a6e,2026-07-18T01:48:44Z,4.0,2.0,13,1.2,0.3,32,1.801052,0,0,0,0
b93602c55a6e,2026-07-18T01:48:44Z,4.0,2.0,13,1.2,0.3,33,1.857439,0,0,0,0
b93602c55a6e,2026-07-18T01:48:44Z,4.0,2.0,13,1.2,0.3,34,1.914066,0,0,0,0
b93602c55a6e,2026-07-18T01:48:44Z,4.0,2.0,13,1.2,0.3,35,1.970647,0,0,0,0
b93602c55a6e,2026-07-18T01:48:44Z,4.0,2.0,13,1.2,0.3,36,2.026674,0,0,0,0
b93602c55a6e,2026-07-18T01:48:44Z,4.0,2.0,13,1.2,0.3,37,2.082936,0,0,0,0
b93602c55a6e,2026-07-18T01:48:44Z,4.0,2.0,13,1.2,0.3,38,2.139131,0,0,0,0
b93602c55a6e,2026-07-18T01:48:44Z,4.0,2.0,13,1.2,0.3,39,2.195554,0,0,0,0
b93602c55a6e,2026-07-18T01:48:44Z,4.0,2.0,13,1.2,0.3,40,2.25177,0,0,0,0
b93602c55a6e,2026-07-18T01:48:44Z,4.0,2.0,13,1.2,0.3,41,2.307763,0,0,0,0
b93602c55a6e,2026-07-18T01:48:44Z,4.0,2.0,13,1.2,0.3,42,2.364204,0,0,0,0
b93602c55a6e,2026-07-18T01:48:44Z,4.0,2.0,13,1.2,0.3,43,2.421057,0,0,0,0
b93602c55a6e,2026-07-18T01:48:44Z,4.0,2.0,13,1.2,0.3,44,2.477727,0,0,0,0
b93602c55a6e,2026-07-18T01:48:44Z,4.0,2.0,13,1.2,0.3,45,2.534588,1512,1,1512,1
b93602c55a6e,2026-07-18T01:48:44Z,4.0,2.0,13,1.2,0.3,46,2.59105,1512,1,1512,1
b93602c55a6e,2026-07-18T01:48:44Z,4.0,2.0,13,1.2,0.3,47,2.647722,1512,1,1512,1
b93602c55a6e,2026-07-18T01:48:44Z,4.0,2.0,13,1.2,0.3,48,2.704079,1512,1,1512,1
b93602c55a6e,2026-07-18T01:48:44Z,4.0,2.0,13,1.2,0.3,49,2.759985,1512,1,1512,1
b93602c55a6e,2026-07-18T01:48:44Z,4.0,2.0,13,1.2,0.3,50,2.815789,1512,1,1512,1
b93602c55a6e,2026-07-18T01:48:44Z,4.0,2.0,13,1.2,0.3,51,2.871767,1512,1,1512,1
b93602c55a6e,2026-07-18T01:48:44Z,4.0,2.0,13,1.2,0.3,52,2.927868,1512,1,1512,1
b93602c55a6e,2026-07-18T01:48:44Z,4.0,2.0,13,1.2,0.3,53,2.984175,1512,1,1512,1
b93602c55a6e,2026-07-18T01:48:44Z,4.0,2.0,13,1.2,0.3,54,3.040881,1512,1,1512,1
b93602c55a6e,2026-07-18T01:48:44Z,4.0,2.0,13,1.2,0.3,55,3.097223,1512,1,1512,1
b93602c55a6e,2026-07-18T01:48:44Z,4.0,2.0,13,1.2,0.3,56,3.15322,0,0,0,0
b93602c55a6e,2026-07-18T01:48:44Z,4.0,2.0,13,1.2,0.3,57,3.210248,0,0,0,0
b93602c55a6e,2026-07-18T01:48:44Z,4.0,2.0,13,1.2,0.3,58,3.266669,0,0,0,0
b93602c55a6e,2026-07-18T01:48:44Z,4.0,2.0,13,1.2,0.3,59,3.323355,0,0,0,0
b93602c55a6e,2026-07-18T01:48:44Z,4.0,2.0,13,1.2,0.3,60,3.379707,0,0,0,0
b93602c55a6e,2026-07-18T01:48:44Z,4.0,2.0,13,1.2,0.3,61,3.43607,0,0,0,0
b93602c55a6e,2026-07-18T01:48:44Z,4.0,2.0,13,1.2,0.3,62,3.492163,0,0,0,0
b93602c55a6e,2026-07-18T01:48:44Z,4.0,2.0,13,1.2,0.3,63,3.548336,0,0,0,0
b93602c55a6e,2026-07-18T01:48:44Z,4.0,2.0,13,1.2,0.3,64,3.604367,0,0,0,0
b93602c55a6e,2026-07-18T01:48:44Z,4.0,2.0,13,1.2,0.3,65,3.660887,0,0,0,0
b93602c55a6e,2026-07-18T01:48:44Z,4.0,2.0,13,1.2,0.3,66,3.716993,0,0,0,0
b93602c55a6e,2026-07-18T01:48:44Z,4.0,2.0,13,1.2,0.3,67,3.773193,0,0,0,0
b93602c55a6e,2026-07-18T01:48:44Z,4.0,2.0,13,1.2,0.3,68,3.829184,0,0,0,0
b93602c55a6e,2026-07-18T01:48:44Z,4.0,2.0,13,1.2,0.3,69,3.885471,0,0,0,0
b93602c55a6e,2026-07-18T01:48:44Z,4.0,2.0,13,1.2,0.3,70,3.942056,0,0,0,0
b93602c55a6e,2026-07-18T01:48:44Z,4.0,2.0,13,1.2,0.3,71,3.998594,0,0,0,0
b93602c55a6e,2026-07-18T01:48:44Z,4.0,2.0,13,1.2,0.3,72,4.05474,0,0,0,0
b93602c55a6e,2026-07-18T01:48:44Z,4.0,2.0,13,1.2,0.3,73,4.11117,0,0,0,0
b93602c55a6e,2026-07-18T01:48:44Z,4.0,2.0,13,1.2,0.3,74,4.167292,0,0,0,0
b93602c55a6e,2026-07-18T01:48:44Z,4.0,2.0,13,1.2,0.3,75,4.22341,0,0,0,0
b93602c55a6e,2026-07-18T01:48:44Z,4.0,2.0,13,1.2,0.3,76,4.279477,0,0,0,0
b93602c55a6e,2026-07-18T01:48:44Z,4.0,2.0,13,1.2,0.3,77,4.336263,0,0,0,0
b93602c55a6e,2026-07-18T01:48:44Z,4.0,2.0,13,1.2,0.3,78,4.392414,0,0,0,0
b93602c55a6e,2026-07-18T01:48:44Z,4.0,2.0,13,1.2,0.3,79,4.449316,0,0,0,0
b93602c55a6e,2026-07-18T01:48:44Z,4.0,2.0,13,1.2,0.3,80,4.505713,0,0,0,0
b93602c55a6e,2026-07-18T01:48:44Z,4.0,2.0,13,1.2,0.3,81,4.562247,0,0,0,0
b93602c55a6e,2026-07-18T01:48:44Z,4.0,2.0,13,1.2,0.3,82,4.618689,0,0,0,0
b93602c55a6e,2026-07-18T01:48:44Z,4.0,2.0,13,1.2,0.3,83,4.67511,0,0,0,0
b93602c55a6e,2026-07-18T01:48:44Z,4.0,2.0,13,1.2,0.3,84,4.73116,1512,1,1512,1
b93602c55a6e,2026-07-18T01:48:44Z,4.0,2.0,13,1.2,0.3,85,4.787654,1512,1,1512,1
b93602c55a6e,2026-07-18T01:48:44Z,4.0,2.0,13,1.2,0.3,86,4.843701,1512,1,1512,1
b93602c55a6e,2026-07-18T01:48:44Z,4.0,2.0,13,1.2,0.3,87,4.899621,1512,1,1512,1
b93602c55a6e,2026-07-18T01:48:44Z,4.0,2.0,13,1.2,0.3,88,4.95615,1512,1,1512,1
b93602c55a6e,2026-07-18T01:48:44Z,4.0,2.0,13,1.2,0.3,89,5.012812,1512,1,1512,1
b93602c55a6e,2026-07-18T01:48:44Z,4.0,2.0,13,1.2,0.3,90,5.069144,1512,1,1512,1
b93602c55a6e,2026-07-18T01:48:44Z,4.0,2.0,13,1.2,0.3,91,5.125399,1512,1,1512,1
b93602c55a6e,2026-07-18T01:48:44Z,4.0,2.0,13,1.2,0.3,92,5.181846,1512,1,1512,1
b93602c55a6e,2026-07-18T01:48:44Z,4.0,2.0,13,1.2,0.3,93,5.237872,0,0,0,0
b93602c55a6e,2026-07-18T01:48:44Z,4.0,2.0,13,1.2,0.3,94,5.294182,0,0,0,0
b93602c55a6e,2026-07-18T01:48:44Z,4.0,2.0,13,1.2,0.3,95,5.350747,0,0,0,0
b93602c55a6e,2026-07-18T01:48:44Z,4.0,2.0,13,1.2,0.3,96,5.407228,0,0,0,0
b93602c55a6e,2026-07-18T01:48:44Z,4.0,2.0,13,1.2,0.3,97,5.464148,0,0,0,0
b93602c55a6e,2026-07-18T01:48:44Z,4.0,2.0,13,1.2,0.3,98,5.520055,0,0,0,0
b93602c55a6e,2026-07-18T01:48:44Z,4.0,2.0,13,1.2,0.3,99,5.575943,0,0,0,0
b93602c55a6e,2026-07-18T01:48:44Z,4.0,2.0,13,1.2,0.3,100,5.632498,0,0,0,0
b93602c55a6e,2026-07-18T01:48:44Z,4.0,2.0,13,1.2,0.3,101,5.689209,0,0,0,0
b93602c55a6e,2026-07-18T01:48:44Z,4.0,2.0,13,1.2,0.3,102,5.745317,0,0,0,0
b93602c55a6e,2026-07-18T01:48:44Z,4.0,2.0,13,1.2,0.3,103,5.801564,0,0,0,0
b93602c55a6e,2026-07-18T01:48:44Z,4.0,2.0,13,1.2,0.3,104,5.857674,0,0,0,0
b93602c55a6e,2026-07-18T01:48:44Z,4.0,2.0,13,1.2,0.3,105,5.914272,0,0,0,0
b93602c55a6e,2026-07-18T01:48:44Z,4.0,2.0,13,1.2,0.3,106,5.970624,0,0,0,0
b93602c55a6e,2026-07-18T01:48:44Z,4.0,2.0,13,1.2,0.3,107,6.027087,0,0,0,0
b93602c55a6e,2026-07-18T01:48:44Z,4.0,2.0,13,1.2,0.3,108,6.083777,0,0,0,0
b93602c55a6e,2026-07-18T01:48:44Z,4.0,2.0,13,1.2,0.3,109,6.140287,0,0,0,0
b93602c55a6e,2026-07-18T01:48:44Z,4.0,2.0,13,1.2,0.3,110,6.196672,0,0,0,0
b93602c55a6e,2026-07-18T01:48:44Z,4.0,2.0,13,1.2,0.3,111,6.253404,0,0,0,0
b93602c55a6e,2026-07-18T01:48:44Z,4.0,2.0,13,1.2,0.3,112,6.309243,0,0,0,0
b93602c55a6e,2026-07-18T01:48:44Z,4.0,2.0,13,1.2,0.3,113,6.365813,0,0,0,0
b93602c55a6e,2026-07-18T01:48:44Z,4.0,2.0,13,1.2,0.3,114,6.422557,1512,1,1512,1
b93602c55a6e,2026-07-18T01:48:44Z,4.0,2.0,13,1.2,0.3,115,6.479307,1512,1,1512,1
b93602c55a6e,2026-07-18T01:48:44Z,4.0,2.0,13,1.2,0.3,116,6.535664,1512,1,1512,1
b93602c55a6e,2026-07-18T01:48:44Z,4.0,2.0,13,1.2,0.3,117,6.591856,1512,1,1512,1
b93602c55a6e,2026-07-18T01:48:44Z,4.0,2.0,13,1.2,0.3,118,6.648131,1512,1,1512,1
b93602c55a6e,2026-07-18T01:48:44Z,4.0,2.0,13,1.2,0.3,119,6.703735,1512,1,1512,1
b93602c55a6e,2026-07-18T01:48:44Z,4.0,2.0,13,1.2,0.3,120,6.760157,1512,1,1512,1
b93602c55a6e,2026-07-18T01:48:44Z,4.0,2.0,13,1.2,0.3,121,6.816239,1512,1,1512,1
b93602c55a6e,2026-07-18T01:48:44Z,4.0,2.0,13,1.2,0.3,122,6.873155,0,0,0,0
b93602c55a6e,2026-07-18T01:48:44Z,4.0,2.0,13,1.2,0.3,123,6.929635,1512,1,1512,1
b93602c55a6e,2026-07-18T01:48:44Z,4.0,2.0,13,1.2,0.3,124,6.985513,0,0,0,0
b93602c55a6e,2026-07-18T01:48:44Z,4.0,2.0,13,1.2,0.3,125,7.04201,0,0,0,0
b93602c55a6e,2026-07-18T01:48:44Z,4.0,2.0,13,1.2,0.3,126,7.098312,0,0,0,0
b93602c55a6e,2026-07-18T01:48:44Z,4.0,2.0,13,1.2,0.3,127,7.154782,0,0,0,0
b93602c55a6e,2026-07-18T01:48:44Z,4.0,2.0,13,1.2,0.3,128,7.210858,0,0,0,0
b93602c55a6e,2026-07-18T01:48:44Z,4.0,2.0,13,1.2,0.3,129,7.267208,0,0,0,0
b93602c55a6e,2026-07-18T01:48:44Z,4.0,2.0,13,1.2,0.3,130,7.323627,0,0,0,0
b93602c55a6e,2026-07-18T01:48:44Z,4.0,2.0,13,1.2,0.3,131,7.379881,0,0,0,0
b93602c55a6e,2026-07-18T01:48:44Z,4.0,2.0,13,1.2,0.3,132,7.436235,0,0,0,0
b93602c55a6e,2026-07-18T01:48:44Z,4.0,2.0,13,1.2,0.3,133,7.491981,0,0,0,0
b93602c55a6e,2026-07-18T01:48:44Z,4.0,2.0,13,1.2,0.3,134,7.548368,0,0,0,0
b93602c55a6e,2026-07-18T01:48:44Z,4.0,2.0,13,1.2,0.3,135,7.60411,0,0,0,0
b93602c55a6e,2026-07-18T01:48:44Z,4.0,2.0,13,1.2,0.3,136,7.660861,0,0,0,0
b93602c55a6e,2026-07-18T01:48:44Z,4.0,2.0,13,1.2,0.3,137,7.717957,0,0,0,0
b93602c55a6e,2026-07-18T01:48:44Z,4.0,2.0,13,1.2,0.3,138,7.774182,0,0,0,0
b93602c55a6e,2026-07-18T01:48:44Z,4.0,2.0,13,1.2,0.3,139,7.83121,0,0,0,0
b93602c55a6e,2026-07-18T01:48:44Z,4.0,2.0,13,1.2,0.3,140,7.887683,0,0,0,0
b93602c55a6e,2026-07-18T01:48:44Z,4.0,2.0,13,1.2,0.3,141,7.943651,0,0,0,0
b93602c55a6e,2026-07-18T01:48:44Z,4.0,2.0,13,1.2,0.3,142,7.999933,0,0,0,0
b93602c55a6e,2026-07-18T01:48:44Z,4.0,2.0,13,1.2,0.3,143,8.056342,0,0,0,0
b93602c55a6e,2026-07-18T01:48:44Z,4.0,2.0,13,1.2,0.3,144,8.112804,0,0,0,0
b93602c55a6e,2026-07-18T01:48:44Z,4.0,2.0,13,1.2,0.3,145,8.169611,0,0,0,0
b93602c55a6e,2026-07-18T01:48:44Z,4.0,2.0,13,1.2,0.3,146,8.22637,1512,1,1512,1
b93602c55a6e,2026-07-18T01:48:44Z,4.0,2.0,13,1.2,0.3,147,8.282821,1512,1,1512,1
b93602c55a6e,2026-07-18T01:48:44Z,4.0,2.0,13,1.2,0.3,148,8.340105,1512,1,1512,1
b93602c55a6e,2026-07-18T01:48:44Z,4.0,2.0,13,1.2,0.3,149,8.396139,1512,1,1512,1
b93602c55a6e,2026-07-18T01:48:44Z,4.0,2.0,13,1.2,0.3,150,8.452128,1512,1,1512,1
b93602c55a6e,2026-07-18T01:48:44Z,4.0,2.0,13,1.2,0.3,151,8.508548,1512,1,1512,1
b93602c55a6e,2026-07-18T01:48:44Z,4.0,2.0,13,1.2,0.3,152,8.564916,1512,1,1512,1
b93602c55a6e,2026-07-18T01:48:44Z,4.0,2.0,13,1.2,0.3,153,8.621007,0,0,0,0
b93602c55a6e,2026-07-18T01:48:44Z,4.0,2.0,13,1.2,0.3,154,8.677682,0,0,0,0
b93602c55a6e,2026-07-18T01:48:44Z,4.0,2.0,13,1.2,0.3,155,8.734118,0,0,0,0
b93602c55a6e,2026-07-18T01:48:44Z,4.0,2.0,13,1.2,0.3,156,8.790076,0,0,0,0
b93602c55a6e,2026-07-18T01:48:44Z,4.0,2.0,13,1.2,0.3,157,8.846368,0,0,0,0
b93602c55a6e,2026-07-18T01:48:44Z,4.0,2.0,13,1.2,0.3,158,8.902378,0,0,0,0
b93602c55a6e,2026-07-18T01:48:44Z,4.0,2.0,13,1.2,0.3,159,8.959077,0,0,0,0
b93602c55a6e,2026-07-18T01:48:44Z,4.0,2.0,13,1.2,0.3,160,9.015479,0,0,0,0
b93602c55a6e,2026-07-18T01:48:44Z,4.0,2.0,13,1.2,0.3,161,9.071834,0,0,0,0
b93602c55a6e,2026-07-18T01:48:44Z,4.0,2.0,13,1.2,0.3,162,9.127731,0,0,0,0
b93602c55a6e,2026-07-18T01:48:44Z,4.0,2.0,13,1.2,0.3,163,9.183908,0,0,0,0
b93602c55a6e,2026-07-18T01:48:44Z,4.0,2.0,13,1.2,0.3,164,9.24074,0,0,0,0
b93602c55a6e,2026-07-18T01:48:44Z,4.0,2.0,13,1.2,0.3,165,9.297171,0,0,0,0
b93602c55a6e,2026-07-18T01:48:44Z,4.0,2.0,13,1.2,0.3,166,9.353395,0,0,0,0
b93602c55a6e,2026-07-18T01:48:44Z,4.0,2.0,13,1.2,0.3,167,9.409205,0,0,0,0
b93602c55a6e,2026-07-18T01:48:44Z,4.0,2.0,13,1.2,0.3,168,9.466024,0,0,0,0
b93602c55a6e,2026-07-18T01:48:44Z,4.0,2.0,13,1.2,0.3,169,9.522467,0,0,0,0
b93602c55a6e,2026-07-18T01:48:44Z,4.0,2.0,13,1.2,0.3,170,9.57877,0,0,0,0
b93602c55a6e,2026-07-18T01:48:44Z,4.0,2.0,13,1.2,0.3,171,9.634803,0,0,0,0
b93602c55a6e,2026-07-18T01:48:44Z,4.0,2.0,13,1.2,0.3,172,9.691364,0,0,0,0
b93602c55a6e,2026-07-18T01:48:44Z,4.0,2.0,13,1.2,0.3,173,9.747555,0,0,0,0
b93602c55a6e,2026-07-18T01:48:44Z,4.0,2.0,13,1.2,0.3,174,9.803631,0,0,0,0
b93602c55a6e,2026-07-18T01:48:44Z,4.0,2.0,13,1.2,0.3,175,9.86016,0,0,0,0
b93602c55a6e,2026-07-18T01:48:44Z,4.0,2.0,13,1.2,0.3,176,9.916216,0,0,0,0
b93602c55a6e,2026-07-18T01:48:44Z,4.0,2.0,13,1.2,0.3,177,9.972379,0,0,0,0
b93602c55a6e,2026-07-18T01:48:44Z,4.0,2.0,13,1.2,0.3,178,10.028475,0,0,0,0
b93602c55a6e,2026-07-18T01:48:44Z,4.0,2.0,13,1.2,0.3,179,10.084563,0,0,0,0
b93602c55a6e,2026-07-18T01:48:44Z,4.0,2.0,13,1.2,0.3,180,10.140314,0,0,0,0
b93602c55a6e,2026-07-18T01:48:44Z,4.0,2.0,13,1.2,0.3,181,10.196709,0,0,0,0
b93602c55a6e,2026-07-18T01:48:44Z,4.0,2.0,13,1.2,0.3,182,10.252895,0,0,0,0
b93602c55a6e,2026-07-18T01:48:44Z,4.0,2.0,13,1.2,0.3,183,10.309119,0,0,0,0
b93602c55a6e,2026-07-18T01:48:44Z,4.0,2.0,13,1.2,0.3,184,10.365251,0,0,0,0
b93602c55a6e,2026-07-18T01:48:44Z,4.0,2.0,13,1.2,0.3,185,10.422012,0,0,0,0
b93602c55a6e,2026-07-18T01:48:44Z,4.0,2.0,13,1.2,0.3,186,10.478492,0,0,0,0
b93602c55a6e,2026-07-18T01:48:44Z,4.0,2.0,13,1.2,0.3,187,10.535079,1512,1,1512,1
b93602c55a6e,2026-07-18T01:48:44Z,4.0,2.0,13,1.2,0.3,188,10.59155,1512,1,1512,1
b93602c55a6e,2026-07-18T01:48:44Z,4.0,2.0,13,1.2,0.3,189,10.64822,1512,1,1512,1
b93602c55a6e,2026-07-18T01:48:44Z,4.0,2.0,13,1.2,0.3,190,10.704626,1512,1,1512,1
b93602c55a6e,2026-07-18T01:48:44Z,4.0,2.0,13,1.2,0.3,191,10.761032,1512,1,1512,1
b93602c55a6e,2026-07-18T01:48:44Z,4.0,2.0,13,1.2,0.3,192,10.817157,1512,1,1512,1
b93602c55a6e,2026-07-18T01:48:44Z,4.0,2.0,13,1.2,0.3,193,10.87287,1512,1,1512,1
b93602c55a6e,2026-07-18T01:48:44Z,4.0,2.0,13,1.2,0.3,194,10.928956,1512,1,1512,1
b93602c55a6e,2026-07-18T01:48:44Z,4.0,2.0,13,1.2,0.3,195,10.985652,0,0,0,0
b93602c55a6e,2026-07-18T01:48:44Z,4.0,2.0,13,1.2,0.3,196,11.042198,0,0,0,0
b93602c55a6e,2026-07-18T01:48:44Z,4.0,2.0,13,1.2,0.3,197,11.098221,0,0,0,0
b93602c55a6e,2026-07-18T01:48:44Z,4.0,2.0,13,1.2,0.3,198,11.154657,0,0,0,0
b93602c55a6e,2026-07-18T01:48:44Z,4.0,2.0,13,1.2,0.3,199,11.211089,0,0,0,0
2cd0eb67f3c8,2026-07-18T01:48:59Z,4.0,2.0,13,2.0,0.5,0,5e-06,0,0,0,0
2cd0eb67f3c8,2026-07-18T01:48:59Z,4.0,2.0,13,2.0,0.5,1,0.05542,0,0,0,0
2cd0eb67f3c8,2026-07-18T01:48:59Z,4.0,2.0,13,2.0,0.5,2,0.111727,0,0,0,0
2cd0eb67f3c8,2026-07-18T01:48:59Z,4.0,2.0,13,2.0,0.5,3,0.168038,0,0,0,0
2cd0eb67f3c8,2026-07-18T01:48:59Z,4.0,2.0,13,2.0,0.5,4,0.224249,1512,1,1512,1
2cd0eb67f3c8,2026-07-18T01:48:59Z,4.0,2.0,13,2.0,0.5,5,0.280951,1512,1,1512,1
2cd0eb67f3c8,2026-07-18T01:48:59Z,4.0,2.0,13,2.0,0.5,6,0.336989,1512,1,1512,1
2cd0eb67f3c8,2026-07-18T01:48:59Z,4.0,2.0,13,2.0,0.5,7,0.393491,1512,1,1512,1
2cd0eb67f3c8,2026-07-18T01:48:59Z,4.0,2.0,13,2.0,0.5,8,0.449843,1512,1,1512,1
2cd0eb67f3c8,2026-07-18T01:48:59Z,4.0,2.0,13,2.0,0.5,9,0.506451,0,0,0,0
2cd0eb67f3c8,2026-07-18T01:48:59Z,4.0,2.0,13,2.0,0.5,10,0.563703,0,0,0,0
2cd0eb67f3c8,2026-07-18T01:48:59Z,4.0,2.0,13,2.0,0.5,11,0.620502,0,0,0,0
2cd0eb67f3c8,2026-07-18T01:48:59Z,4.0,2.0,13,2.0,0.5,12,0.677217,0,0,0,0
2cd0eb67f3c8,2026-07-18T01:48:59Z,4.0,2.0,13,2.0,0.5,13,0.734283,1512,1,1512,1
2cd0eb67f3c8,2026-07-18T01:48:59Z,4.0,2.0,13,2.0,0.5,14,0.791635,1512,1,1512,1
2cd0eb67f3c8,2026-07-18T01:48:59Z,4.0,2.0,13,2.0,0.5,15,0.847607,1512,1,1512,1
2cd0eb67f3c8,2026-07-18T01:48:59Z,4.0,2.0,13,2.0,0.5,16,0.903847,1512,1,1512,1
2cd0eb67f3c8,2026-07-18T01:48:59Z,4.0,2.0,13,2.0,0.5,17,0.960123,1512,1,1512,1
2cd0eb67f3c8,2026-07-18T01:48:59Z,4.0,2.0,13,2.0,0.5,18,1.017004,0,0,0,0
2cd0eb67f3c8,2026-07-18T01:48:59Z,4.0,2.0,13,2.0,0.5,19,1.073906,0,0,0,0
2cd0eb67f3c8,2026-07-18T01:48:59Z,4.0,2.0,13,2.0,0.5,20,1.130252,0,0,0,0
2cd0eb67f3c8,2026-07-18T01:48:59Z,4.0,2.0,13,2.0,0.5,21,1.186617,0,0,0,0
2cd0eb67f3c8,2026-07-18T01:48:59Z,4.0,2.0,13,2.0,0.5,22,1.242804,0,0,0,0
2cd0eb67f3c8,2026-07-18T01:48:59Z,4.0,2.0,13,2.0,0.5,23,1.29936,0,0,0,0
2cd0eb67f3c8,2026-07-18T01:48:59Z,4.0,2.0,13,2.0,0.5,24,1.355609,0,0,0,0
2cd0eb67f3c8,2026-07-18T01:48:59Z,4.0,2.0,13,2.0,0.5,25,1.41264,0,0,0,0
2cd0eb67f3c8,2026-07-18T01:48:59Z,4.0,2.0,13,2.0,0.5,26,1.469353,1512,1,1512,1
2cd0eb67f3c8,2026-07-18T01:48:59Z,4.0,2.0,13,2.0,0.5,27,1.526119,1512,1,1512,1
2cd0eb67f3c8,2026-07-18T01:48:59Z,4.0,2.0,13,2.0,0.5,28,1.583016,1512,1,1512,1
2cd0eb67f3c8,2026-07-18T01:48:59Z,4.0,2.0,13,2.0,0.5,29,1.639533,0,0,0,0
2cd0eb67f3c8,2026-07-18T01:48:59Z,4.0,2.0,13,2.0,0.5,30,1.696684,0,0,0,0
2cd0eb67f3c8,2026-07-18T01:48:59Z,4.0,2.0,13,2.0,0.5,31,1.753718,0,0,0,0
2cd0eb67f3c8,2026-07-18T01:48:59Z,4.0,2.0,13,2.0,0.5,32,1.810851,0,0,0,0
2cd0eb67f3c8,2026-07-18T01:48:59Z,4.0,2.0,13,2.0,0.5,33,1.867313,1512,1,1512,1
2cd0eb67f3c8,2026-07-18T01:48:59Z,4.0,2.0,13,2.0,0.5,34,1.924197,1512,1,1512,1
2cd0eb67f3c8,2026-07-18T01:48:59Z,4.0,2.0,13,2.0,0.5,35,1.981342,1512,1,1512,1
2cd0eb67f3c8,2026-07-18T01:48:59Z,4.0,2.0,13,2.0,0.5,36,2.037483,1512,1,1512,1
2cd0eb67f3c8,2026-07-18T01:48:59Z,4.0,2.0,13,2.0,0.5,37,2.094017,0,0,0,0
2cd0eb67f3c8,2026-07-18T01:48:59Z,4.0,2.0,13,2.0,0.5,38,2.150414,0,0,0,0
2cd0eb67f3c8,2026-07-18T01:48:59Z,4.0,2.0,13,2.0,0.5,39,2.207217,0,0,0,0
2cd0eb67f3c8,2026-07-18T01:48:59Z,4.0,2.0,13,2.0,0.5,40,2.26357,0,0,0,0
2cd0eb67f3c8,2026-07-18T01:48:59Z,4.0,2.0,13,2.0,0.5,41,2.320165,0,0,0,0
2cd0eb67f3c8,2026-07-18T01:48:59Z,4.0,2.0,13,2.0,0.5,42,2.376524,0,0,0,0
2cd0eb67f3c8,2026-07-18T01:48:59Z,4.0,2.0,13,2.0,0.5,43,2.433453,0,0,0,0
2cd0eb67f3c8,2026-07-18T01:48:59Z,4.0,2.0,13,2.0,0.5,44,2.49001,1512,1,1512,1
2cd0eb67f3c8,2026-07-18T01:48:59Z,4.0,2.0,13,2.0,0.5,45,2.546556,1512,1,1512,1
2cd0eb67f3c8,2026-07-18T01:48:59Z,4.0,2.0,13,2.0,0.5,46,2.603195,1512,1,1512,1
2cd0eb67f3c8,2026-07-18T01:48:59Z,4.0,2.0,13,2.0,0.5,47,2.660068,0,0,0,0
2cd0eb67f3c8,2026-07-18T01:48:59Z,4.0,2.0,13,2.0,0.5,48,2.717033,0,0,0,0
2cd0eb67f3c8,2026-07-18T01:48:59Z,4.0,2.0,13,2.0,0.5,49,2.773759,0,0,0,0
2cd0eb67f3c8,2026-07-18T01:48:59Z,4.0,2.0,13,2.0,0.5,50,2.830429,0,0,0,0
2cd0eb67f3c8,2026-07-18T01:48:59Z,4.0,2.0,13,2.0,0.5,51,2.886657,0,0,0,0
2cd0eb67f3c8,2026-07-18T01:48:59Z,4.0,2.0,13,2.0,0.5,52,2.943103,0,0,0,0
2cd0eb67f3c8,2026-07-18T01:48:59Z,4.0,2.0,13,2.0,0.5,53,2.999976,0,0,0,0
2cd0eb67f3c8,2026-07-18T01:48:59Z,4.0,2.0,13,2.0,0.5,54,3.056463,1512,1,1512,1
2cd0eb67f3c8,2026-07-18T01:48:59Z,4.0,2.0,13,2.0,0.5,55,3.112699,1512,1,1512,1
2cd0eb67f3c8,2026-07-18T01:48:59Z,4.0,2.0,13,2.0,0.5,56,3.16904,1512,1,1512,1
2cd0eb67f3c8,2026-07-18T01:48:59Z,4.0,2.0,13,2.0,0.5,57,3.225809,1512,1,1512,1
2cd0eb67f3c8,2026-07-18T01:48:59Z,4.0,2.0,13,2.0,0.5,58,3.282172,0,0,0,0
2cd0eb67f3c8,2026-07-18T01:48:59Z,4.0,2.0,13,2.0,0.5,59,3.339057,0,0,0,0
2cd0eb67f3c8,2026-07-18T01:48:59Z,4.0,2.0,13,2.0,0.5,60,3.395801,0,0,0,0
2cd0eb67f3c8,2026-07-18T01:48:59Z,4.0,2.0,13,2.0,0.5,61,3.452446,0,0,0,0
2cd0eb67f3c8,2026-07-18T01:48:59Z,4.0,2.0,13,2.0,0.5,62,3.509424,0,0,0,0
2cd0eb67f3c8,2026-07-18T01:48:59Z,4.0,2.0,13,2.0,0.5,63,3.566492,1512,1,1512,1
2cd0eb67f3c8,2026-07-18T01:48:59Z,4.0,2.0,13,2.0,0.5,64,3.623008,1512,1,1512,1
2cd0eb67f3c8,2026-07-18T01:48:59Z,4.0,2.0,13,2.0,0.5,65,3.680123,1512,1,1512,1
2cd0eb67f3c8,2026-07-18T01:48:59Z,4.0,2.0,13,2.0,0.5,66,3.736746,0,0,0,0
2cd0eb67f3c8,2026-07-18T01:48:59Z,4.0,2.0,13,2.0,0.5,67,3.793798,0,0,0,0
2cd0eb67f3c8,2026-07-18T01:48:59Z,4.0,2.0,13,2.0,0.5,68,3.850532,0,0,0,0
2cd0eb67f3c8,2026-07-18T01:48:59Z,4.0,2.0,13,2.0,0.5,69,3.906923,0,0,0,0
2cd0eb67f3c8,2026-07-18T01:48:59Z,4.0,2.0,13,2.0,0.5,70,3.963612,0,0,0,0
2cd0eb67f3c8,2026-07-18T01:48:59Z,4.0,2.0,13,2.0,0.5,71,4.020233,0,0,0,0
2cd0eb67f3c8,2026-07-18T01:48:59Z,4.0,2.0,13,2.0,0.5,72,4.076818,1512,1,1512,1
2cd0eb67f3c8,2026-07-18T01:48:59Z,4.0,2.0,13,2.0,0.5,73,4.133432,1512,1,1512,1
2cd0eb67f3c8,2026-07-18T01:48:59Z,4.0,2.0,13,2.0,0.5,74,4.189906,1512,1,1512,1
2cd0eb67f3c8,2026-07-18T01:48:59Z,4.0,2.0,13,2.0,0.5,75,4.246969,0,0,0,0
2cd0eb67f3c8,2026-07-18T01:48:59Z,4.0,2.0,13,2.0,0.5,76,4.303564,0,0,0,0
2cd0eb67f3c8,2026-07-18T01:48:59Z,4.0,2.0,13,2.0,0.5,77,4.360006,0,0,0,0
2cd0eb67f3c8,2026-07-18T01:48:59Z,4.0,2.0,13,2.0,0.5,78,4.416924,0,0,0,0
2cd0eb67f3c8,2026-07-18T01:48:59Z,4.0,2.0,13,2.0,0.5,79,4.473418,0,0,0,0
2cd0eb67f3c8,2026-07-18T01:48:59Z,4.0,2.0,13,2.0,0.5,80,4.530402,0,0,0,0
2cd0eb67f3c8,2026-07-18T01:48:59Z,4.0,2.0,13,2.0,0.5,81,4.587213,1512,1,1512,1
2cd0eb67f3c8,2026-07-18T01:48:59Z,4.0,2.0,13,2.0,0.5,82,4.64419,1512,1,1512,1
2cd0eb67f3c8,2026-07-18T01:48:59Z,4.0,2.0,13,2.0,0.5,83,4.700654,1512,1,1512,1
2cd0eb67f3c8,2026-07-18T01:48:59Z,4.0,2.0,13,2.0,0.5,84,4.757915,0,0,0,0
2cd0eb67f3c8,2026-07-18T01:48:59Z,4.0,2.0,13,2.0,0.5,85,4.814622,0,0,0,0
2cd0eb67f3c8,2026-07-18T01:48:59Z,4.0,2.0,13,2.0,0.5,86,4.871708,0,0,0,0
2cd0eb67f3c8,2026-07-18T01:48:59Z,4.0,2.0,13,2.0,0.5,87,4.928659,0,0,0,0
2cd0eb67f3c8,2026-07-18T01:48:59Z,4.0,2.0,13,2.0,0.5,88,4.985002,1512,1,1512,1
2cd0eb67f3c8,2026-07-18T01:48:59Z,4.0,2.0,13,2.0,0.5,89,5.042363,1512,1,1512,1
2cd0eb67f3c8,2026-07-18T01:48:59Z,4.0,2.0,13,2.0,0.5,90,5.09895,1512,1,1512,1
2cd0eb67f3c8,2026-07-18T01:48:59Z,4.0,2.0,13,2.0,0.5,91,5.155422,0,0,0,0
2cd0eb67f3c8,2026-07-18T01:48:59Z,4.0,2.0,13,2.0,0.5,92,5.211983,0,0,0,0
2cd0eb67f3c8,2026-07-18T01:48:59Z,4.0,2.0,13,2.0,0.5,93,5.268787,0,0,0,0
2cd0eb67f3c8,2026-07-18T01:48:59Z,4.0,2.0,13,2.0,0.5,94,5.325463,0,0,0,0
2cd0eb67f3c8,2026-07-18T01:48:59Z,4.0,2.0,13,2.0,0.5,95,5.381985,0,0,0,0
2cd0eb67f3c8,2026-07-18T01:48:59Z,4.0,2.0,13,2.0,0.5,96,5.438461,0,0,0,0
2cd0eb67f3c8,2026-07-18T01:48:59Z,4.0,2.0,13,2.0,0.5,97,5.494942,0,0,0,0
2cd0eb67f3c8,2026-07-18T01:48:59Z,4.0,2.0,13,2.0,0.5,98,5.551843,1512,1,1512,1
2cd0eb67f3c8,2026-07-18T01:48:59Z,4.0,2.0,13,2.0,0.5,99,5.608633,1512,1,1512,1
2cd0eb67f3c8,2026-07-18T01:48:59Z,4.0,2.0,13,2.0,0.5,100,5.664968,1512,1,1512,1
2cd0eb67f3c8,2026-07-18T01:48:59Z,4.0,2.0,13,2.0,0.5,101,5.721673,0,0,0,0
2cd0eb67f3c8,2026-07-18T01:48:59Z,4.0,2.0,13,2.0,0.5,102,5.778924,0,0,0,0
2cd0eb67f3c8,2026-07-18T01:48:59Z,4.0,2.0,13,2.0,0.5,103,5.83521,0,0,0,0
2cd0eb67f3c8,2026-07-18T01:48:59Z,4.0,2.0,13,2.0,0.5,104,5.892204,0,0,0,0
2cd0eb67f3c8,2026-07-18T01:48:59Z,4.0,2.0,13,2.0,0.5,105,5.948878,0,0,0,0
2cd0eb67f3c8,2026-07-18T01:48:59Z,4.0,2.0,13,2.0,0.5,106,6.005777,1512,1,1512,1
2cd0eb67f3c8,2026-07-18T01:48:59Z,4.0,2.0,13,2.0,0.5,107,6.062781,1512,1,1512,1
2cd0eb67f3c8,2026-07-18T01:48:59Z,4.0,2.0,13,2.0,0.5,108,6.119344,1512,1,1512,1
2cd0eb67f3c8,2026-07-18T01:48:59Z,4.0,2.0,13,2.0,0.5,109,6.175909,0,0,0,0
2cd0eb67f3c8,2026-07-18T01:48:59Z,4.0,2.0,13,2.0,0.5,110,6.232839,0,0,0,0
2cd0eb67f3c8,2026-07-18T01:48:59Z,4.0,2.0,13,2.0,0.5,111,6.289561,0,0,0,0
2cd0eb67f3c8,2026-07-18T01:48:59Z,4.0,2.0,13,2.0,0.5,112,6.345924,0,0,0,0
2cd0eb67f3c8,2026-07-18T01:48:59Z,4.0,2.0,13,2.0,0.5,113,6.402876,0,0,0,0
2cd0eb67f3c8,2026-07-18T01:48:59Z,4.0,2.0,13,2.0,0.5,114,6.459229,0,0,0,0
2cd0eb67f3c8,2026-07-18T01:48:59Z,4.0,2.0,13,2.0,0.5,115,6.516491,1512,1,1512,1
2cd0eb67f3c8,2026-07-18T01:48:59Z,4.0,2.0,13,2.0,0.5,116,6.572964,1512,1,1512,1
2cd0eb67f3c8,2026-07-18T01:48:59Z,4.0,2.0,13,2.0,0.5,117,6.629899,0,0,0,0
2cd0eb67f3c8,2026-07-18T01:48:59Z,4.0,2.0,13,2.0,0.5,118,6.68692,0,0,0,0
2cd0eb67f3c8,2026-07-18T01:48:59Z,4.0,2.0,13,2.0,0.5,119,6.744242,0,0,0,0
2cd0eb67f3c8,2026-07-18T01:48:59Z,4.0,2.0,13,2.0,0.5,120,6.801087,0,0,0,0
2cd0eb67f3c8,2026-07-18T01:48:59Z,4.0,2.0,13,2.0,0.5,121,6.857972,1512,1,1512,1
2cd0eb67f3c8,2026-07-18T01:48:59Z,4.0,2.0,13,2.0,0.5,122,6.914617,1512,1,1512,1
2cd0eb67f3c8,2026-07-18T01:48:59Z,4.0,2.0,13,2.0,0.5,123,6.971085,1512,1,1512,1
2cd0eb67f3c8,2026-07-18T01:48:59Z,4.0,2.0,13,2.0,0.5,124,7.027097,1512,1,1512,1
2cd0eb67f3c8,2026-07-18T01:48:59Z,4.0,2.0,13,2.0,0.5,125,7.083863,1512,1,1512,1
2cd0eb67f3c8,2026-07-18T01:48:59Z,4.0,2.0,13,2.0,0.5,126,7.140568,0,0,0,0
2cd0eb67f3c8,2026-07-18T01:48:59Z,4.0,2.0,13,2.0,0.5,127,7.197182,0,0,0,0
2cd0eb67f3c8,2026-07-18T01:48:59Z,4.0,2.0,13,2.0,0.5,128,7.253739,0,0,0,0
2cd0eb67f3c8,2026-07-18T01:48:59Z,4.0,2.0,13,2.0,0.5,129,7.310378,0,0,0,0
2cd0eb67f3c8,2026-07-18T01:48:59Z,4.0,2.0,13,2.0,0.5,130,7.366918,0,0,0,0
2cd0eb67f3c8,2026-07-18T01:48:59Z,4.0,2.0,13,2.0,0.5,131,7.423636,0,0,0,0
2cd0eb67f3c8,2026-07-18T01:48:59Z,4.0,2.0,13,2.0,0.5,132,7.480454,0,0,0,0
2cd0eb67f3c8,2026-07-18T01:48:59Z,4.0,2.0,13,2.0,0.5,133,7.536943,1512,1,1512,1
2cd0eb67f3c8,2026-07-18T01:48:59Z,4.0,2.0,13,2.0,0.5,134,7.59389,1512,1,1512,1
2cd0eb67f3c8,2026-07-18T01:48:59Z,4.0,2.0,13,2.0,0.5,135,7.650673,1512,1,1512,1
2cd0eb67f3c8,2026-07-18T01:48:59Z,4.0,2.0,13,2.0,0.5,136,7.7071,0,0,0,0
2cd0eb67f3c8,2026-07-18T01:48:59Z,4.0,2.0,13,2.0,0.5,137,7.763844,0,0,0,0
2cd0eb67f3c8,2026-07-18T01:48:59Z,4.0,2.0,13,2.0,0.5,138,7.820423,0,0,0,0
2cd0eb67f3c8,2026-07-18T01:48:59Z,4.0,2.0,13,2.0,0.5,139,7.877398,0,0,0,0
2cd0eb67f3c8,2026-07-18T01:48:59Z,4.0,2.0,13,2.0,0.5,140,7.933922,0,0,0,0
2cd0eb67f3c8,2026-07-18T01:48:59Z,4.0,2.0,13,2.0,0.5,141,7.990703,0,0,0,0
2cd0eb67f3c8,2026-07-18T01:48:59Z,4.0,2.0,13,2.0,0.5,142,8.047094,1512,1,1512,1
2cd0eb67f3c8,2026-07-18T01:48:59Z,4.0,2.0,13,2.0,0.5,143,8.104143,1512,1,1512,1
2cd0eb67f3c8,2026-07-18T01:48:59Z,4.0,2.0,13,2.0,0.5,144,8.160783,1512,1,1512,1
2cd0eb67f3c8,2026-07-18T01:48:59Z,4.0,2.0,13,2.0,0.5,145,8.217475,0,0,0,0
2cd0eb67f3c8,2026-07-18T01:48:59Z,4.0,2.0,13,2.0,0.5,146,8.274147,0,0,0,0
2cd0eb67f3c8,2026-07-18T01:48:59Z,4.0,2.0,13,2.0,0.5,147,8.331069,0,0,0,0
2cd0eb67f3c8,2026-07-18T01:48:59Z,4.0,2.0,13,2.0,0.5,148,8.387766,0,0,0,0
2cd0eb67f3c8,2026-07-18T01:48:59Z,4.0,2.0,13,2.0,0.5,149,8.444461,0,0,0,0
2cd0eb67f3c8,2026-07-18T01:48:59Z,4.0,2.0,13,2.0,0.5,150,8.501267,1512,1,1512,1
2cd0eb67f3c8,2026-07-18T01:48:59Z,4.0,2.0,13,2.0,0.5,151,8.557851,1512,1,1512,1
2cd0eb67f3c8,2026-07-18T01:48:59Z,4.0,2.0,13,2.0,0.5,152,8.614392,1512,1,1512,1
2cd0eb67f3c8,2026-07-18T01:48:59Z,4.0,2.0,13,2.0,0.5,153,8.670975,1512,1,1512,1
2cd0eb67f3c8,2026-07-18T01:48:59Z,4.0,2.0,13,2.0,0.5,154,8.727892,0,0,0,0
2cd0eb67f3c8,2026-07-18T01:48:59Z,4.0,2.0,13,2.0,0.5,155,8.784623,0,0,0,0
2cd0eb67f3c8,2026-07-18T01:48:59Z,4.0,2.0,13,2.0,0.5,156,8.841432,0,0,0,0
2cd0eb67f3c8,2026-07-18T01:48:59Z,4.0,2.0,13,2.0,0.5,157,8.897943,0,0,0,0
2cd0eb67f3c8,2026-07-18T01:48:59Z,4.0,2.0,13,2.0,0.5,158,8.954472,0,0,0,0
2cd0eb67f3c8,2026-07-18T01:48:59Z,4.0,2.0,13,2.0,0.5,159,9.011008,0,0,0,0
2cd0eb67f3c8,2026-07-18T01:48:59Z,4.0,2.0,13,2.0,0.5,160,9.06738,0,0,0,0
2cd0eb67f3c8,2026-07-18T01:48:59Z,4.0,2.0,13,2.0,0.5,161,9.12394,1512,1,1512,1
2cd0eb67f3c8,2026-07-18T01:48:59Z,4.0,2.0,13,2.0,0.5,162,9.180981,1512,1,1512,1
2cd0eb67f3c8,2026-07-18T01:48:59Z,4.0,2.0,13,2.0,0.5,163,9.237427,1512,1,1512,1
2cd0eb67f3c8,2026-07-18T01:48:59Z,4.0,2.0,13,2.0,0.5,164,9.29422,0,0,0,0
2cd0eb67f3c8,2026-07-18T01:48:59Z,4.0,2.0,13,2.0,0.5,165,9.350769,0,0,0,0
2cd0eb67f3c8,2026-07-18T01:48:59Z,4.0,2.0,13,2.0,0.5,166,9.40726,0,0,0,0
2cd0eb67f3c8,2026-07-18T01:48:59Z,4.0,2.0,13,2.0,0.5,167,9.463875,0,0,0,0
2cd0eb67f3c8,2026-07-18T01:48:59Z,4.0,2.0,13,2.0,0.5,168,9.520987,0,0,0,0
2cd0eb67f3c8,2026-07-18T01:48:59Z,4.0,2.0,13,2.0,0.5,169,9.577743,1512,1,1512,1
2cd0eb67f3c8,2026-07-18T01:48:59Z,4.0,2.0,13,2.0,0.5,170,9.6346,1512,1,1512,1
2cd0eb67f3c8,2026-07-18T01:48:59Z,4.0,2.0,13,2.0,0.5,171,9.691168,1512,1,1512,1
2cd0eb67f3c8,2026-07-18T01:48:59Z,4.0,2.0,13,2.0,0.5,172,9.747973,0,0,0,0
2cd0eb67f3c8,2026-07-18T01:48:59Z,4.0,2.0,13,2.0,0.5,173,9.804742,0,0,0,0
2cd0eb67f3c8,2026-07-18T01:48:59Z,4.0,2.0,13,2.0,0.5,174,9.861286,0,0,0,0
2cd0eb67f3c8,2026-07-18T01:48:59Z,4.0,2.0,13,2.0,0.5,175,9.918212,0,0,0,0
2cd0eb67f3c8,2026-07-18T01:48:59Z,4.0,2.0,13,2.0,0.5,176,9.97519,0,0,0,0
2cd0eb67f3c8,2026-07-18T01:48:59Z,4.0,2.0,13,2.0,0.5,177,10.031991,1512,1,1512,1
2cd0eb67f3c8,2026-07-18T01:48:59Z,4.0,2.0,13,2.0,0.5,178,10.08883,1512,1,1512,1
2cd0eb67f3c8,2026-07-18T01:48:59Z,4.0,2.0,13,2.0,0.5,179,10.145956,0,0,0,0
2cd0eb67f3c8,2026-07-18T01:48:59Z,4.0,2.0,13,2.0,0.5,180,10.202925,0,0,0,0
2cd0eb67f3c8,2026-07-18T01:48:59Z,4.0,2.0,13,2.0,0.5,181,10.259279,0,0,0,0
2cd0eb67f3c8,2026-07-18T01:48:59Z,4.0,2.0,13,2.0,0.5,182,10.316151,0,0,0,0
2cd0eb67f3c8,2026-07-18T01:48:59Z,4.0,2.0,13,2.0,0.5,183,10.372864,0,0,0,0
2cd0eb67f3c8,2026-07-18T01:48:59Z,4.0,2.0,13,2.0,0.5,184,10.429618,0,0,0,0
2cd0eb67f3c8,2026-07-18T01:48:59Z,4.0,2.0,13,2.0,0.5,185,10.486092,1512,1,1512,1
2cd0eb67f3c8,2026-07-18T01:48:59Z,4.0,2.0,13,2.0,0.5,186,10.543061,1512,1,1512,1
2cd0eb67f3c8,2026-07-18T01:48:59Z,4.0,2.0,13,2.0,0.5,187,10.599909,1512,1,1512,1
2cd0eb67f3c8,2026-07-18T01:48:59Z,4.0,2.0,13,2.0,0.5,188,10.656757,0,0,0,0
2cd0eb67f3c8,2026-07-18T01:48:59Z,4.0,2.0,13,2.0,0.5,189,10.71353,0,0,0,0
2cd0eb67f3c8,2026-07-18T01:48:59Z,4.0,2.0,13,2.0,0.5,190,10.770351,0,0,0,0
2cd0eb67f3c8,2026-07-18T01:48:59Z,4.0,2.0,13,2.0,0.5,191,10.827335,0,0,0,0
2cd0eb67f3c8,2026-07-18T01:48:59Z,4.0,2.0,13,2.0,0.5,192,10.883828,0,0,0,0
2cd0eb67f3c8,2026-07-18T01:48:59Z,4.0,2.0,13,2.0,0.5,193,10.940344,0,0,0,0
2cd0eb67f3c8,2026-07-18T01:48:59Z,4.0,2.0,13,2.0,0.5,194,10.996897,1512,1,1512,1
2cd0eb67f3c8,2026-07-18T01:48:59Z,4.0,2.0,13,2.0,0.5,195,11.053265,1512,1,1512,1
2cd0eb67f3c8,2026-07-18T01:48:59Z,4.0,2.0,13,2.0,0.5,196,11.109467,1512,1,1512,1
2cd0eb67f3c8,2026-07-18T01:48:59Z,4.0,2.0,13,2.0,0.5,197,11.165993,1512,1,1512,1
2cd0eb67f3c8,2026-07-18T01:48:59Z,4.0,2.0,13,2.0,0.5,198,11.222672,0,0,0,0
2cd0eb67f3c8,2026-07-18T01:48:59Z,4.0,2.0,13,2.0,0.5,199,11.279352,0,0,0,0
446f5d0b9da3,2026-07-18T01:49:14Z,4.0,2.0,13,2.8,0.7,0,2e-06,0,0,0,0
446f5d0b9da3,2026-07-18T01:49:14Z,4.0,2.0,13,2.8,0.7,1,0.055158,0,0,0,0
446f5d0b9da3,2026-07-18T01:49:14Z,4.0,2.0,13,2.8,0.7,2,0.111115,0,0,0,0
446f5d0b9da3,2026-07-18T01:49:14Z,4.0,2.0,13,2.8,0.7,3,0.166767,0,0,0,0
446f5d0b9da3,2026-07-18T01:49:14Z,4.0,2.0,13,2.8,0.7,4,0.222532,0,0,0,0
446f5d0b9da3,2026-07-18T01:49:14Z,4.0,2.0,13,2.8,0.7,5,0.278778,0,0,0,0
446f5d0b9da3,2026-07-18T01:49:14Z,4.0,2.0,13,2.8,0.7,6,0.335095,0,0,0,0
446f5d0b9da3,2026-07-18T01:49:14Z,4.0,2.0,13,2.8,0.7,7,0.391231,0,0,0,0
446f5d0b9da3,2026-07-18T01:49:14Z,4.0,2.0,13,2.8,0.7,8,0.447769,0,0,0,0
446f5d0b9da3,2026-07-18T01:49:14Z,4.0,2.0,13,2.8,0.7,9,0.503939,0,0,0,0
446f5d0b9da3,2026-07-18T01:49:14Z,4.0,2.0,13,2.8,0.7,10,0.560478,0,0,0,0
446f5d0b9da3,2026-07-18T01:49:14Z,4.0,2.0,13,2.8,0.7,11,0.616719,1512,1,1512,1
446f5d0b9da3,2026-07-18T01:49:14Z,4.0,2.0,13,2.8,0.7,12,0.673351,1512,1,1512,1
446f5d0b9da3,2026-07-18T01:49:14Z,4.0,2.0,13,2.8,0.7,13,0.73056,0,0,0,0
446f5d0b9da3,2026-07-18T01:49:14Z,4.0,2.0,13,2.8,0.7,14,0.787372,0,0,0,0
446f5d0b9da3,2026-07-18T01:49:14Z,4.0,2.0,13,2.8,0.7,15,0.844088,0,0,0,0
446f5d0b9da3,2026-07-18T01:49:14Z,4.0,2.0,13,2.8,0.7,16,0.900965,1512,1,1512,1
446f5d0b9da3,2026-07-18T01:49:14Z,4.0,2.0,13,2.8,0.7,17,0.95778,1512,1,1512,1
446f5d0b9da3,2026-07-18T01:49:14Z,4.0,2.0,13,2.8,0.7,18,1.014314,1512,1,1512,1
446f5d0b9da3,2026-07-18T01:49:14Z,4.0,2.0,13,2.8,0.7,19,1.071009,1512,1,1512,1
446f5d0b9da3,2026-07-18T01:49:14Z,4.0,2.0,13,2.8,0.7,20,1.12757,0,0,0,0
446f5d0b9da3,2026-07-18T01:49:14Z,4.0,2.0,13,2.8,0.7,21,1.184238,0,0,0,0
446f5d0b9da3,2026-07-18T01:49:14Z,4.0,2.0,13,2.8,0.7,22,1.241028,0,0,0,0
446f5d0b9da3,2026-07-18T01:49:14Z,4.0,2.0,13,2.8,0.7,23,1.297619,1512,1,1512,1
446f5d0b9da3,2026-07-18T01:49:14Z,4.0,2.0,13,2.8,0.7,24,1.354331,1512,1,1512,1
446f5d0b9da3,2026-07-18T01:49:14Z,4.0,2.0,13,2.8,0.7,25,1.410529,1512,1,1512,1
446f5d0b9da3,2026-07-18T01:49:14Z,4.0,2.0,13,2.8,0.7,26,1.467434,1512,1,1512,1
446f5d0b9da3,2026-07-18T01:49:14Z,4.0,2.0,13,2.8,0.7,27,1.523921,0,0,0,0
446f5d0b9da3,2026-07-18T01:49:14Z,4.0,2.0,13,2.8,0.7,28,1.580474,0,0,0,0
446f5d0b9da3,2026-07-18T01:49:14Z,4.0,2.0,13,2.8,0.7,29,1.637115,0,0,0,0
446f5d0b9da3,2026-07-18T01:49:14Z,4.0,2.0,13,2.8,0.7,30,1.69373,1512,1,1512,1
446f5d0b9da3,2026-07-18T01:49:14Z,4.0,2.0,13,2.8,0.7,31,1.750648,1512,1,1512,1
446f5d0b9da3,2026-07-18T01:49:14Z,4.0,2.0,13,2.8,0.7,32,1.806868,1512,1,1512,1
446f5d0b9da3,2026-07-18T01:49:14Z,4.0,2.0,13,2.8,0.7,33,1.863479,1512,1,1512,1
446f5d0b9da3,2026-07-18T01:49:14Z,4.0,2.0,13,2.8,0.7,34,1.920478,1512,1,1512,1
446f5d0b9da3,2026-07-18T01:49:14Z,4.0,2.0,13,2.8,0.7,35,1.976852,0,0,0,0
446f5d0b9da3,2026-07-18T01:49:14Z,4.0,2.0,13,2.8,0.7,36,2.033609,0,0,0,0
446f5d0b9da3,2026-07-18T01:49:14Z,4.0,2.0,13,2.8,0.7,37,2.090372,0,0,0,0
446f5d0b9da3,2026-07-18T01:49:14Z,4.0,2.0,13,2.8,0.7,38,2.146894,1512,1,1512,1
446f5d0b9da3,2026-07-18T01:49:14Z,4.0,2.0,13,2.8,0.7,39,2.203682,1512,1,1512,1
446f5d0b9da3,2026-07-18T01:49:14Z,4.0,2.0,13,2.8,0.7,40,2.259458,1512,1,1512,1
446f5d0b9da3,2026-07-18T01:49:14Z,4.0,2.0,13,2.8,0.7,41,2.316079,1512,1,1512,1
446f5d0b9da3,2026-07-18T01:49:14Z,4.0,2.0,13,2.8,0.7,42,2.372498,1512,1,1512,1
446f5d0b9da3,2026-07-18T01:49:14Z,4.0,2.0,13,2.8,0.7,43,2.428932,0,0,0,0
446f5d0b9da3,2026-07-18T01:49:14Z,4.0,2.0,13,2.8,0.7,44,2.485771,0,0,0,0
446f5d0b9da3,2026-07-18T01:49:14Z,4.0,2.0,13,2.8,0.7,45,2.542202,0,0,0,0
446f5d0b9da3,2026-07-18T01:49:14Z,4.0,2.0,13,2.8,0.7,46,2.598904,0,0,0,0
446f5d0b9da3,2026-07-18T01:49:14Z,4.0,2.0,13,2.8,0.7,47,2.655459,1512,1,1512,1
446f5d0b9da3,2026-07-18T01:49:14Z,4.0,2.0,13,2.8,0.7,48,2.712341,1512,1,1512,1
446f5d0b9da3,2026-07-18T01:49:14Z,4.0,2.0,13,2.8,0.7,49,2.769325,1512,1,1512,1
446f5d0b9da3,2026-07-18T01:49:14Z,4.0,2.0,13,2.8,0.7,50,2.826044,0,0,0,0
446f5d0b9da3,2026-07-18T01:49:14Z,4.0,2.0,13,2.8,0.7,51,2.88298,0,0,0,0
446f5d0b9da3,2026-07-18T01:49:14Z,4.0,2.0,13,2.8,0.7,52,2.939824,1512,1,1512,1
446f5d0b9da3,2026-07-18T01:49:14Z,4.0,2.0,13,2.8,0.7,53,2.996775,1512,1,1512,1
446f5d0b9da3,2026-07-18T01:49:14Z,4.0,2.0,13,2.8,0.7,54,3.053305,1512,1,1512,1
446f5d0b9da3,2026-07-18T01:49:14Z,4.0,2.0,13,2.8,0.7,55,3.10997,1512,1,1512,1
446f5d0b9da3,2026-07-18T01:49:14Z,4.0,2.0,13,2.8,0.7,56,3.166482,0,0,0,0
446f5d0b9da3,2026-07-18T01:49:14Z,4.0,2.0,13,2.8,0.7,57,3.223222,0,0,0,0
446f5d0b9da3,2026-07-18T01:49:14Z,4.0,2.0,13,2.8,0.7,58,3.279714,0,0,0,0
446f5d0b9da3,2026-07-18T01:49:14Z,4.0,2.0,13,2.8,0.7,59,3.336152,1512,1,1512,1
446f5d0b9da3,2026-07-18T01:49:14Z,4.0,2.0,13,2.8,0.7,60,3.393176,1512,1,1512,1
446f5d0b9da3,2026-07-18T01:49:14Z,4.0,2.0,13,2.8,0.7,61,3.449291,1512,1,1512,1
446f5d0b9da3,2026-07-18T01:49:14Z,4.0,2.0,13,2.8,0.7,62,3.505352,1512,1,1512,1
446f5d0b9da3,2026-07-18T01:49:14Z,4.0,2.0,13,2.8,0.7,63,3.561479,1512,1,1512,1
446f5d0b9da3,2026-07-18T01:49:14Z,4.0,2.0,13,2.8,0.7,64,3.6183,1512,1,1512,1
446f5d0b9da3,2026-07-18T01:49:14Z,4.0,2.0,13,2.8,0.7,65,3.674245,1512,1,1512,1
446f5d0b9da3,2026-07-18T01:49:14Z,4.0,2.0,13,2.8,0.7,66,3.730662,1512,1,1512,1
446f5d0b9da3,2026-07-18T01:49:14Z,4.0,2.0,13,2.8,0.7,67,3.787172,1512,1,1512,1
446f5d0b9da3,2026-07-18T01:49:14Z,4.0,2.0,13,2.8,0.7,68,3.843425,1512,1,1512,1
446f5d0b9da3,2026-07-18T01:49:14Z,4.0,2.0,13,2.8,0.7,69,3.899315,0,0,0,0
446f5d0b9da3,2026-07-18T01:49:14Z,4.0,2.0,13,2.8,0.7,70,3.956023,0,0,0,0
446f5d0b9da3,2026-07-18T01:49:14Z,4.0,2.0,13,2.8,0.7,71,4.012094,0,0,0,0
446f5d0b9da3,2026-07-18T01:49:14Z,4.0,2.0,13,2.8,0.7,72,4.068228,0,0,0,0
446f5d0b9da3,2026-07-18T01:49:14Z,4.0,2.0,13,2.8,0.7,73,4.124537,0,0,0,0
446f5d0b9da3,2026-07-18T01:49:14Z,4.0,2.0,13,2.8,0.7,74,4.180359,0,0,0,0
446f5d0b9da3,2026-07-18T01:49:14Z,4.0,2.0,13,2.8,0.7,75,4.23686,0,0,0,0
446f5d0b9da3,2026-07-18T01:49:14Z,4.0,2.0,13,2.8,0.7,76,4.292828,0,0,0,0
446f5d0b9da3,2026-07-18T01:49:14Z,4.0,2.0,13,2.8,0.7,77,4.349415,0,0,0,0
446f5d0b9da3,2026-07-18T01:49:14Z,4.0,2.0,13,2.8,0.7,78,4.405456,0,0,0,0
446f5d0b9da3,2026-07-18T01:49:14Z,4.0,2.0,13,2.8,0.7,79,4.46211,1512,1,1512,1
446f5d0b9da3,2026-07-18T01:49:14Z,4.0,2.0,13,2.8,0.7,80,4.518425,1512,1,1512,1
446f5d0b9da3,2026-07-18T01:49:14Z,4.0,2.0,13,2.8,0.7,81,4.575307,1512,1,1512,1
446f5d0b9da3,2026-07-18T01:49:14Z,4.0,2.0,13,2.8,0.7,82,4.631966,1512,1,1512,1
446f5d0b9da3,2026-07-18T01:49:14Z,4.0,2.0,13,2.8,0.7,83,4.688185,1512,1,1512,1
446f5d0b9da3,2026-07-18T01:49:14Z,4.0,2.0,13,2.8,0.7,84,4.744317,0,0,0,0
446f5d0b9da3,2026-07-18T01:49:14Z,4.0,2.0,13,2.8,0.7,85,4.800699,0,0,0,0
446f5d0b9da3,2026-07-18T01:49:14Z,4.0,2.0,13,2.8,0.7,86,4.856814,0,0,0,0
446f5d0b9da3,2026-07-18T01:49:14Z,4.0,2.0,13,2.8,0.7,87,4.913306,0,0,0,0
446f5d0b9da3,2026-07-18T01:49:14Z,4.0,2.0,13,2.8,0.7,88,4.969344,0,0,0,0
446f5d0b9da3,2026-07-18T01:49:14Z,4.0,2.0,13,2.8,0.7,89,5.025775,0,0,0,0
446f5d0b9da3,2026-07-18T01:49:14Z,4.0,2.0,13,2.8,0.7,90,5.081997,0,0,0,0
446f5d0b9da3,2026-07-18T01:49:14Z,4.0,2.0,13,2.8,0.7,91,5.138196,0,0,0,0
446f5d0b9da3,2026-07-18T01:49:14Z,4.0,2.0,13,2.8,0.7,92,5.194304,0,0,0,0
446f5d0b9da3,2026-07-18T01:49:14Z,4.0,2.0,13,2.8,0.7,93,5.250986,0,0,0,0
446f5d0b9da3,2026-07-18T01:49:14Z,4.0,2.0,13,2.8,0.7,94,5.307248,0,0,0,0
446f5d0b9da3,2026-07-18T01:49:14Z,4.0,2.0,13,2.8,0.7,95,5.363337,1512,1,1512,1
446f5d0b9da3,2026-07-18T01:49:14Z,4.0,2.0,13,2.8,0.7,96,5.420474,1512,1,1512,1
446f5d0b9da3,2026-07-18T01:49:14Z,4.0,2.0,13,2.8,0.7,97,5.47694,1512,1,1512,1
446f5d0b9da3,2026-07-18T01:49:14Z,4.0,2.0,13,2.8,0.7,98,5.533467,1512,1,1512,1
446f5d0b9da3,2026-07-18T01:49:14Z,4.0,2.0,13,2.8,0.7,99,5.589509,1512,1,1512,1
446f5d0b9da3,2026-07-18T01:49:14Z,4.0,2.0,13,2.8,0.7,100,5.645977,0,0,0,0
446f5d0b9da3,2026-07-18T01:49:14Z,4.0,2.0,13,2.8,0.7,101,5.702632,0,0,0,0
446f5d0b9da3,2026-07-18T01:49:14Z,4.0,2.0,13,2.8,0.7,102,5.759484,0,0,0,0
446f5d0b9da3,2026-07-18T01:49:14Z,4.0,2.0,13,2.8,0.7,103,5.815968,0,0,0,0
446f5d0b9da3,2026-07-18T01:49:14Z,4.0,2.0,13,2.8,0.7,104,5.871912,0,0,0,0
446f5d0b9da3,2026-07-18T01:49:14Z,4.0,2.0,13,2.8,0.7,105,5.927505,0,0,0,0
446f5d0b9da3,2026-07-18T01:49:14Z,4.0,2.0,13,2.8,0.7,106,5.984116,1512,1,1512,1
446f5d0b9da3,2026-07-18T01:49:14Z,4.0,2.0,13,2.8,0.7,107,6.040367,0,0,0,0
446f5d0b9da3,2026-07-18T01:49:14Z,4.0,2.0,13,2.8,0.7,108,6.096313,0,0,0,0
446f5d0b9da3,2026-07-18T01:49:14Z,4.0,2.0,13,2.8,0.7,109,6.152351,1512,1,1512,1
446f5d0b9da3,2026-07-18T01:49:14Z,4.0,2.0,13,2.8,0.7,110,6.208863,1512,1,1512,1
446f5d0b9da3,2026-07-18T01:49:14Z,4.0,2.0,13,2.8,0.7,111,6.265156,1512,1,1512,1
446f5d0b9da3,2026-07-18T01:49:14Z,4.0,2.0,13,2.8,0.7,112,6.321399,1512,1,1512,1
446f5d0b9da3,2026-07-18T01:49:14Z,4.0,2.0,13,2.8,0.7,113,6.377458,1512,1,1512,1
446f5d0b9da3,2026-07-18T01:49:14Z,4.0,2.0,13,2.8,0.7,114,6.433663,1512,1,1512,1
446f5d0b9da3,2026-07-18T01:49:14Z,4.0,2.0,13,2.8,0.7,115,6.489613,1512,1,1512,1
446f5d0b9da3,2026-07-18T01:49:14Z,4.0,2.0,13,2.8,0.7,116,6.54602,1512,1,1512,1
446f5d0b9da3,2026-07-18T01:49:14Z,4.0,2.0,13,2.8,0.7,117,6.602042,1512,1,1512,1
446f5d0b9da3,2026-07-18T01:49:14Z,4.0,2.0,13,2.8,0.7,118,6.658665,1512,1,1512,1
446f5d0b9da3,2026-07-18T01:49:14Z,4.0,2.0,13,2.8,0.7,119,6.715016,1512,1,1512,1
446f5d0b9da3,2026-07-18T01:49:14Z,4.0,2.0,13,2.8,0.7,120,6.771336,1512,1,1512,1
446f5d0b9da3,2026-07-18T01:49:14Z,4.0,2.0,13,2.8,0.7,121,6.82727,1512,1,1512,1
446f5d0b9da3,2026-07-18T01:49:14Z,4.0,2.0,13,2.8,0.7,122,6.883322,1512,1,1512,1
446f5d0b9da3,2026-07-18T01:49:14Z,4.0,2.0,13,2.8,0.7,123,6.939273,1512,1,1512,1
446f5d0b9da3,2026-07-18T01:49:14Z,4.0,2.0,13,2.8,0.7,124,6.9954,1512,1,1512,1
446f5d0b9da3,2026-07-18T01:49:14Z,4.0,2.0,13,2.8,0.7,125,7.051584,0,0,0,0
446f5d0b9da3,2026-07-18T01:49:14Z,4.0,2.0,13,2.8,0.7,126,7.108315,0,0,0,0
446f5d0b9da3,2026-07-18T01:49:14Z,4.0,2.0,13,2.8,0.7,127,7.164686,0,0,0,0
446f5d0b9da3,2026-07-18T01:49:14Z,4.0,2.0,13,2.8,0.7,128,7.220801,0,0,0,0
446f5d0b9da3,2026-07-18T01:49:14Z,4.0,2.0,13,2.8,0.7,129,7.277394,0,0,0,0
446f5d0b9da3,2026-07-18T01:49:14Z,4.0,2.0,13,2.8,0.7,130,7.333941,1512,1,1512,1
446f5d0b9da3,2026-07-18T01:49:14Z,4.0,2.0,13,2.8,0.7,131,7.39036,1512,1,1512,1
446f5d0b9da3,2026-07-18T01:49:14Z,4.0,2.0,13,2.8,0.7,132,7.447042,1512,1,1512,1
446f5d0b9da3,2026-07-18T01:49:14Z,4.0,2.0,13,2.8,0.7,133,7.503547,0,0,0,0
446f5d0b9da3,2026-07-18T01:49:14Z,4.0,2.0,13,2.8,0.7,134,7.560432,0,0,0,0
446f5d0b9da3,2026-07-18T01:49:14Z,4.0,2.0,13,2.8,0.7,135,7.617055,0,0,0,0
446f5d0b9da3,2026-07-18T01:49:14Z,4.0,2.0,13,2.8,0.7,136,7.673677,0,0,0,0
446f5d0b9da3,2026-07-18T01:49:14Z,4.0,2.0,13,2.8,0.7,137,7.730132,1512,1,1512,1
446f5d0b9da3,2026-07-18T01:49:14Z,4.0,2.0,13,2.8,0.7,138,7.78694,0,0,0,0
446f5d0b9da3,2026-07-18T01:49:14Z,4.0,2.0,13,2.8,0.7,139,7.842637,1512,1,1512,1
446f5d0b9da3,2026-07-18T01:49:14Z,4.0,2.0,13,2.8,0.7,140,7.899538,1512,1,1512,1
446f5d0b9da3,2026-07-18T01:49:14Z,4.0,2.0,13,2.8,0.7,141,7.955532,1512,1,1512,1
446f5d0b9da3,2026-07-18T01:49:14Z,4.0,2.0,13,2.8,0.7,142,8.0121,1512,1,1512,1
446f5d0b9da3,2026-07-18T01:49:14Z,4.0,2.0,13,2.8,0.7,143,8.068369,1512,1,1512,1
446f5d0b9da3,2026-07-18T01:49:14Z,4.0,2.0,13,2.8,0.7,144,8.125151,0,0,0,0
446f5d0b9da3,2026-07-18T01:49:14Z,4.0,2.0,13,2.8,0.7,145,8.181902,0,0,0,0
446f5d0b9da3,2026-07-18T01:49:14Z,4.0,2.0,13,2.8,0.7,146,8.238141,0,0,0,0
446f5d0b9da3,2026-07-18T01:49:14Z,4.0,2.0,13,2.8,0.7,147,8.294236,0,0,0,0
446f5d0b9da3,2026-07-18T01:49:14Z,4.0,2.0,13,2.8,0.7,148,8.350384,0,0,0,0
446f5d0b9da3,2026-07-18T01:49:14Z,4.0,2.0,13,2.8,0.7,149,8.406031,0,0,0,0
446f5d0b9da3,2026-07-18T01:49:14Z,4.0,2.0,13,2.8,0.7,150,8.462258,0,0,0,0
446f5d0b9da3,2026-07-18T01:49:14Z,4.0,2.0,13,2.8,0.7,151,8.518282,0,0,0,0
446f5d0b9da3,2026-07-18T01:49:14Z,4.0,2.0,13,2.8,0.7,152,8.574207,0,0,0,0
446f5d0b9da3,2026-07-18T01:49:14Z,4.0,2.0,13,2.8,0.7,153,8.630073,0,0,0,0
446f5d0b9da3,2026-07-18T01:49:14Z,4.0,2.0,13,2.8,0.7,154,8.686074,1512,1,1512,1
446f5d0b9da3,2026-07-18T01:49:14Z,4.0,2.0,13,2.8,0.7,155,8.74189,1512,1,1512,1
446f5d0b9da3,2026-07-18T01:49:14Z,4.0,2.0,13,2.8,0.7,156,8.797974,0,0,0,0
446f5d0b9da3,2026-07-18T01:49:14Z,4.0,2.0,13,2.8,0.7,157,8.854272,0,0,0,0
446f5d0b9da3,2026-07-18T01:49:14Z,4.0,2.0,13,2.8,0.7,158,8.910558,0,0,0,0
446f5d0b9da3,2026-07-18T01:49:14Z,4.0,2.0,13,2.8,0.7,159,8.966649,0,0,0,0
446f5d0b9da3,2026-07-18T01:49:14Z,4.0,2.0,13,2.8,0.7,160,9.022767,0,0,0,0
446f5d0b9da3,2026-07-18T01:49:14Z,4.0,2.0,13,2.8,0.7,161,9.079393,0,0,0,0
446f5d0b9da3,2026-07-18T01:49:14Z,4.0,2.0,13,2.8,0.7,162,9.135311,0,0,0,0
446f5d0b9da3,2026-07-18T01:49:14Z,4.0,2.0,13,2.8,0.7,163,9.191305,0,0,0,0
446f5d0b9da3,2026-07-18T01:49:14Z,4.0,2.0,13,2.8,0.7,164,9.247391,0,0,0,0
446f5d0b9da3,2026-07-18T01:49:14Z,4.0,2.0,13,2.8,0.7,165,9.303605,0,0,0,0
446f5d0b9da3,2026-07-18T01:49:14Z,4.0,2.0,13,2.8,0.7,166,9.359597,0,0,0,0
446f5d0b9da3,2026-07-18T01:49:14Z,4.0,2.0,13,2.8,0.7,167,9.415836,0,0,0,0
446f5d0b9da3,2026-07-18T01:49:14Z,4.0,2.0,13,2.8,0.7,168,9.471791,0,0,0,0
446f5d0b9da3,2026-07-18T01:49:14Z,4.0,2.0,13,2.8,0.7,169,9.528259,0,0,0,0
446f5d0b9da3,2026-07-18T01:49:14Z,4.0,2.0,13,2.8,0.7,170,9.584927,0,0,0,0
446f5d0b9da3,2026-07-18T01:49:14Z,4.0,2.0,13,2.8,0.7,171,9.64124,1512,1,1512,1
446f5d0b9da3,2026-07-18T01:49:14Z,4.0,2.0,13,2.8,0.7,172,9.697435,1512,1,1512,1
446f5d0b9da3,2026-07-18T01:49:14Z,4.0,2.0,13,2.8,0.7,173,9.753765,1512,1,1512,1
446f5d0b9da3,2026-07-18T01:49:14Z,4.0,2.0,13,2.8,0.7,174,9.810592,1512,1,1512,1
446f5d0b9da3,2026-07-18T01:49:14Z,4.0,2.0,13,2.8,0.7,175,9.866795,1512,1,1512,1
446f5d0b9da3,2026-07-18T01:49:14Z,4.0,2.0,13,2.8,0.7,176,9.923426,0,0,0,0
446f5d0b9da3,2026-07-18T01:49:14Z,4.0,2.0,13,2.8,0.7,177,9.979704,0,0,0,0
446f5d0b9da3,2026-07-18T01:49:14Z,4.0,2.0,13,2.8,0.7,178,10.035765,0,0,0,0
446f5d0b9da3,2026-07-18T01:49:14Z,4.0,2.0,13,2.8,0.7,179,10.092229,0,0,0,0
446f5d0b9da3,2026-07-18T01:49:14Z,4.0,2.0,13,2.8,0.7,180,10.148843,0,0,0,0
446f5d0b9da3,2026-07-18T01:49:14Z,4.0,2.0,13,2.8,0.7,181,10.205328,0,0,0,0
446f5d0b9da3,2026-07-18T01:49:14Z,4.0,2.0,13,2.8,0.7,182,10.261278,0,0,0,0
446f5d0b9da3,2026-07-18T01:49:14Z,4.0,2.0,13,2.8,0.7,183,10.318043,1512,1,1512,1
446f5d0b9da3,2026-07-18T01:49:14Z,4.0,2.0,13,2.8,0.7,184,10.374237,0,0,0,0
446f5d0b9da3,2026-07-18T01:49:14Z,4.0,2.0,13,2.8,0.7,185,10.430121,1512,1,1512,1
446f5d0b9da3,2026-07-18T01:49:14Z,4.0,2.0,13,2.8,0.7,186,10.486459,0,0,0,0
446f5d0b9da3,2026-07-18T01:49:14Z,4.0,2.0,13,2.8,0.7,187,10.542349,0,0,0,0
446f5d0b9da3,2026-07-18T01:49:14Z,4.0,2.0,13,2.8,0.7,188,10.598587,1512,1,1512,1
446f5d0b9da3,2026-07-18T01:49:14Z,4.0,2.0,13,2.8,0.7,189,10.654985,1512,1,1512,1
446f5d0b9da3,2026-07-18T01:49:14Z,4.0,2.0,13,2.8,0.7,190,10.71106,1512,1,1512,1
446f5d0b9da3,2026-07-18T01:49:14Z,4.0,2.0,13,2.8,0.7,191,10.767645,1512,1,1512,1
446f5d0b9da3,2026-07-18T01:49:14Z,4.0,2.0,13,2.8,0.7,192,10.823691,1512,1,1512,1
446f5d0b9da3,2026-07-18T01:49:14Z,4.0,2.0,13,2.8,0.7,193,10.880171,1512,1,1512,1
446f5d0b9da3,2026-07-18T01:49:14Z,4.0,2.0,13,2.8,0.7,194,10.936221,1512,1,1512,1
446f5d0b9da3,2026-07-18T01:49:14Z,4.0,2.0,13,2.8,0.7,195,10.991908,1512,1,1512,1
446f5d0b9da3,2026-07-18T01:49:14Z,4.0,2.0,13,2.8,0.7,196,11.048236,1512,1,1512,1
446f5d0b9da3,2026-07-18T01:49:14Z,4.0,2.0,13,2.8,0.7,197,11.104056,1512,1,1512,1
446f5d0b9da3,2026-07-18T01:49:14Z,4.0,2.0,13,2.8,0.7,198,11.160557,1512,1,1512,1
446f5d0b9da3,2026-07-18T01:49:14Z,4.0,2.0,13,2.8,0.7,199,11.216911,1512,1,1512,1
12a7e04a6285,2026-07-18T01:49:29Z,4.0,2.0,13,3.2,0.8,0,2e-06,1512,1,1512,1
12a7e04a6285,2026-07-18T01:49:29Z,4.0,2.0,13,3.2,0.8,1,0.055307,1512,1,1512,1
12a7e04a6285,2026-07-18T01:49:29Z,4.0,2.0,13,3.2,0.8,2,0.111502,1512,1,1512,1
12a7e04a6285,2026-07-18T01:49:29Z,4.0,2.0,13,3.2,0.8,3,0.167732,1512,1,1512,1
12a7e04a6285,2026-07-18T01:49:29Z,4.0,2.0,13,3.2,0.8,4,0.223974,1512,1,1512,1
12a7e04a6285,2026-07-18T01:49:29Z,4.0,2.0,13,3.2,0.8,5,0.280417,0,0,0,0
12a7e04a6285,2026-07-18T01:49:29Z,4.0,2.0,13,3.2,0.8,6,0.337245,0,0,0,0
12a7e04a6285,2026-07-18T01:49:29Z,4.0,2.0,13,3.2,0.8,7,0.393346,0,0,0,0
12a7e04a6285,2026-07-18T01:49:29Z,4.0,2.0,13,3.2,0.8,8,0.449634,0,0,0,0
12a7e04a6285,2026-07-18T01:49:29Z,4.0,2.0,13,3.2,0.8,9,0.505387,0,0,0,0
12a7e04a6285,2026-07-18T01:49:29Z,4.0,2.0,13,3.2,0.8,10,0.561187,0,0,0,0
12a7e04a6285,2026-07-18T01:49:29Z,4.0,2.0,13,3.2,0.8,11,0.617452,0,0,0,0
12a7e04a6285,2026-07-18T01:49:29Z,4.0,2.0,13,3.2,0.8,12,0.673809,0,0,0,0
12a7e04a6285,2026-07-18T01:49:29Z,4.0,2.0,13,3.2,0.8,13,0.730473,0,0,0,0
12a7e04a6285,2026-07-18T01:49:29Z,4.0,2.0,13,3.2,0.8,14,0.78664,1512,1,1512,1
12a7e04a6285,2026-07-18T01:49:29Z,4.0,2.0,13,3.2,0.8,15,0.843144,1512,1,1512,1
12a7e04a6285,2026-07-18T01:49:29Z,4.0,2.0,13,3.2,0.8,16,0.899491,1512,1,1512,1
12a7e04a6285,2026-07-18T01:49:29Z,4.0,2.0,13,3.2,0.8,17,0.95586,1512,1,1512,1
12a7e04a6285,2026-07-18T01:49:29Z,4.0,2.0,13,3.2,0.8,18,1.011944,1512,1,1512,1
12a7e04a6285,2026-07-18T01:49:29Z,4.0,2.0,13,3.2,0.8,19,1.068034,1512,1,1512,1
12a7e04a6285,2026-07-18T01:49:29Z,4.0,2.0,13,3.2,0.8,20,1.124186,1512,1,1512,1
12a7e04a6285,2026-07-18T01:49:29Z,4.0,2.0,13,3.2,0.8,21,1.180184,1512,1,1512,1
12a7e04a6285,2026-07-18T01:49:29Z,4.0,2.0,13,3.2,0.8,22,1.236301,1512,1,1512,1
12a7e04a6285,2026-07-18T01:49:29Z,4.0,2.0,13,3.2,0.8,23,1.292302,1512,1,1512,1
12a7e04a6285,2026-07-18T01:49:29Z,4.0,2.0,13,3.2,0.8,24,1.348444,1512,1,1512,1
12a7e04a6285,2026-07-18T01:49:29Z,4.0,2.0,13,3.2,0.8,25,1.404982,1512,1,1512,1
12a7e04a6285,2026-07-18T01:49:29Z,4.0,2.0,13,3.2,0.8,26,1.461409,1512,1,1512,1
12a7e04a6285,2026-07-18T01:49:29Z,4.0,2.0,13,3.2,0.8,27,1.517389,1512,1,1512,1
12a7e04a6285,2026-07-18T01:49:29Z,4.0,2.0,13,3.2,0.8,28,1.5734,1512,1,1512,1
12a7e04a6285,2026-07-18T01:49:29Z,4.0,2.0,13,3.2,0.8,29,1.629118,1512,1,1512,1
12a7e04a6285,2026-07-18T01:49:29Z,4.0,2.0,13,3.2,0.8,30,1.685328,1512,1,1512,1
12a7e04a6285,2026-07-18T01:49:29Z,4.0,2.0,13,3.2,0.8,31,1.741312,1512,1,1512,1
12a7e04a6285,2026-07-18T01:49:29Z,4.0,2.0,13,3.2,0.8,32,1.797287,1512,1,1512,1
12a7e04a6285,2026-07-18T01:49:29Z,4.0,2.0,13,3.2,0.8,33,1.853208,1512,1,1512,1
12a7e04a6285,2026-07-18T01:49:29Z,4.0,2.0,13,3.2,0.8,34,1.90926,1512,1,1512,1
12a7e04a6285,2026-07-18T01:49:29Z,4.0,2.0,13,3.2,0.8,35,1.965269,1512,1,1512,1
12a7e04a6285,2026-07-18T01:49:29Z,4.0,2.0,13,3.2,0.8,36,2.021613,1512,1,1512,1
12a7e04a6285,2026-07-18T01:49:29Z,4.0,2.0,13,3.2,0.8,37,2.078054,0,0,0,0
12a7e04a6285,2026-07-18T01:49:29Z,4.0,2.0,13,3.2,0.8,38,2.135089,0,0,0,0
12a7e04a6285,2026-07-18T01:49:29Z,4.0,2.0,13,3.2,0.8,39,2.191359,1512,1,1512,1
12a7e04a6285,2026-07-18T01:49:29Z,4.0,2.0,13,3.2,0.8,40,2.248823,1512,1,1512,1
12a7e04a6285,2026-07-18T01:49:29Z,4.0,2.0,13,3.2,0.8,41,2.304824,1512,1,1512,1
12a7e04a6285,2026-07-18T01:49:29Z,4.0,2.0,13,3.2,0.8,42,2.361402,1512,1,1512,1
12a7e04a6285,2026-07-18T01:49:29Z,4.0,2.0,13,3.2,0.8,43,2.417205,1512,1,1512,1
12a7e04a6285,2026-07-18T01:49:29Z,4.0,2.0,13,3.2,0.8,44,2.473311,1512,1,1512,1
12a7e04a6285,2026-07-18T01:49:29Z,4.0,2.0,13,3.2,0.8,45,2.529754,1512,1,1512,1
12a7e04a6285,2026-07-18T01:49:29Z,4.0,2.0,13,3.2,0.8,46,2.586046,1512,1,1512,1
12a7e04a6285,2026-07-18T01:49:29Z,4.0,2.0,13,3.2,0.8,47,2.64191,1512,1,1512,1
12a7e04a6285,2026-07-18T01:49:29Z,4.0,2.0,13,3.2,0.8,48,2.698062,1512,1,1512,1
12a7e04a6285,2026-07-18T01:49:29Z,4.0,2.0,13,3.2,0.8,49,2.754286,1512,1,1512,1
12a7e04a6285,2026-07-18T01:49:29Z,4.0,2.0,13,3.2,0.8,50,2.81074,1512,1,1512,1
12a7e04a6285,2026-07-18T01:49:29Z,4.0,2.0,13,3.2,0.8,51,2.866638,1512,1,1512,1
12a7e04a6285,2026-07-18T01:49:29Z,4.0,2.0,13,3.2,0.8,52,2.92271,1512,1,1512,1
12a7e04a6285,2026-07-18T01:49:29Z,4.0,2.0,13,3.2,0.8,53,2.978636,0,0,0,0
12a7e04a6285,2026-07-18T01:49:29Z,4.0,2.0,13,3.2,0.8,54,3.035729,0,0,0,0
12a7e04a6285,2026-07-18T01:49:29Z,4.0,2.0,13,3.2,0.8,55,3.091801,0,0,0,0
12a7e04a6285,2026-07-18T01:49:29Z,4.0,2.0,13,3.2,0.8,56,3.148061,0,0,0,0
12a7e04a6285,2026-07-18T01:49:29Z,4.0,2.0,13,3.2,0.8,57,3.204313,0,0,0,0
12a7e04a6285,2026-07-18T01:49:29Z,4.0,2.0,13,3.2,0.8,58,3.260259,0,0,0,0
12a7e04a6285,2026-07-18T01:49:29Z,4.0,2.0,13,3.2,0.8,59,3.316249,0,0,0,0
12a7e04a6285,2026-07-18T01:49:29Z,4.0,2.0,13,3.2,0.8,60,3.372182,0,0,0,0
12a7e04a6285,2026-07-18T01:49:29Z,4.0,2.0,13,3.2,0.8,61,3.428406,0,0,0,0
12a7e04a6285,2026-07-18T01:49:29Z,4.0,2.0,13,3.2,0.8,62,3.484802,1512,1,1512,1
12a7e04a6285,2026-07-18T01:49:29Z,4.0,2.0,13,3.2,0.8,63,3.541582,1512,1,1512,1
12a7e04a6285,2026-07-18T01:49:29Z,4.0,2.0,13,3.2,0.8,64,3.598386,1512,1,1512,1
12a7e04a6285,2026-07-18T01:49:29Z,4.0,2.0,13,3.2,0.8,65,3.654818,0,0,0,0
12a7e04a6285,2026-07-18T01:49:29Z,4.0,2.0,13,3.2,0.8,66,3.713811,1512,1,1512,1
12a7e04a6285,2026-07-18T01:49:29Z,4.0,2.0,13,3.2,0.8,67,3.780158,1512,1,1512,1
12a7e04a6285,2026-07-18T01:49:29Z,4.0,2.0,13,3.2,0.8,68,3.836741,1512,1,1512,1
12a7e04a6285,2026-07-18T01:49:29Z,4.0,2.0,13,3.2,0.8,69,3.892818,1512,1,1512,1
12a7e04a6285,2026-07-18T01:49:29Z,4.0,2.0,13,3.2,0.8,70,3.949152,1512,1,1512,1
12a7e04a6285,2026-07-18T01:49:29Z,4.0,2.0,13,3.2,0.8,71,4.005426,1512,1,1512,1
12a7e04a6285,2026-07-18T01:49:29Z,4.0,2.0,13,3.2,0.8,72,4.062309,0,0,0,0
12a7e04a6285,2026-07-18T01:49:29Z,4.0,2.0,13,3.2,0.8,73,4.118497,0,0,0,0
12a7e04a6285,2026-07-18T01:49:29Z,4.0,2.0,13,3.2,0.8,74,4.174649,0,0,0,0
12a7e04a6285,2026-07-18T01:49:29Z,4.0,2.0,13,3.2,0.8,75,4.23097,0,0,0,0
12a7e04a6285,2026-07-18T01:49:29Z,4.0,2.0,13,3.2,0.8,76,4.287003,0,0,0,0
12a7e04a6285,2026-07-18T01:49:29Z,4.0,2.0,13,3.2,0.8,77,4.34345,0,0,0,0
12a7e04a6285,2026-07-18T01:49:29Z,4.0,2.0,13,3.2,0.8,78,4.399956,0,0,0,0
12a7e04a6285,2026-07-18T01:49:29Z,4.0,2.0,13,3.2,0.8,79,4.455977,0,0,0,0
12a7e04a6285,2026-07-18T01:49:29Z,4.0,2.0,13,3.2,0.8,80,4.512173,0,0,0,0
12a7e04a6285,2026-07-18T01:49:29Z,4.0,2.0,13,3.2,0.8,81,4.568257,1512,1,1512,1
12a7e04a6285,2026-07-18T01:49:29Z,4.0,2.0,13,3.2,0.8,82,4.62521,1512,1,1512,1
12a7e04a6285,2026-07-18T01:49:29Z,4.0,2.0,13,3.2,0.8,83,4.681816,1512,1,1512,1
12a7e04a6285,2026-07-18T01:49:29Z,4.0,2.0,13,3.2,0.8,84,4.738233,1512,1,1512,1
12a7e04a6285,2026-07-18T01:49:29Z,4.0,2.0,13,3.2,0.8,85,4.794357,1512,1,1512,1
12a7e04a6285,2026-07-18T01:49:29Z,4.0,2.0,13,3.2,0.8,86,4.850332,1512,1,1512,1
12a7e04a6285,2026-07-18T01:49:29Z,4.0,2.0,13,3.2,0.8,87,4.906147,1512,1,1512,1
12a7e04a6285,2026-07-18T01:49:29Z,4.0,2.0,13,3.2,0.8,88,4.962198,1512,1,1512,1
12a7e04a6285,2026-07-18T01:49:29Z,4.0,2.0,13,3.2,0.8,89,5.01826,1512,1,1512,1
12a7e04a6285,2026-07-18T01:49:29Z,4.0,2.0,13,3.2,0.8,90,5.074541,1512,1,1512,1
12a7e04a6285,2026-07-18T01:49:29Z,4.0,2.0,13,3.2,0.8,91,5.130884,1512,1,1512,1
12a7e04a6285,2026-07-18T01:49:29Z,4.0,2.0,13,3.2,0.8,92,5.186947,1512,1,1512,1
12a7e04a6285,2026-07-18T01:49:29Z,4.0,2.0,13,3.2,0.8,93,5.242699,1512,1,1512,1
12a7e04a6285,2026-07-18T01:49:29Z,4.0,2.0,13,3.2,0.8,94,5.299023,1512,1,1512,1
12a7e04a6285,2026-07-18T01:49:29Z,4.0,2.0,13,3.2,0.8,95,5.355421,1512,1,1512,1
12a7e04a6285,2026-07-18T01:49:29Z,4.0,2.0,13,3.2,0.8,96,5.411467,1512,1,1512,1
12a7e04a6285,2026-07-18T01:49:29Z,4.0,2.0,13,3.2,0.8,97,5.467677,0,0,0,0
12a7e04a6285,2026-07-18T01:49:29Z,4.0,2.0,13,3.2,0.8,98,5.523938,0,0,0,0
12a7e04a6285,2026-07-18T01:49:29Z,4.0,2.0,13,3.2,0.8,99,5.579948,0,0,0,0
12a7e04a6285,2026-07-18T01:49:29Z,4.0,2.0,13,3.2,0.8,100,5.635989,1512,1,1512,1
12a7e04a6285,2026-07-18T01:49:29Z,4.0,2.0,13,3.2,0.8,101,5.691698,1512,1,1512,1
12a7e04a6285,2026-07-18T01:49:29Z,4.0,2.0,13,3.2,0.8,102,5.747443,1512,1,1512,1
12a7e04a6285,2026-07-18T01:49:29Z,4.0,2.0,13,3.2,0.8,103,5.803993,0,0,0,0
12a7e04a6285,2026-07-18T01:49:29Z,4.0,2.0,13,3.2,0.8,104,5.860376,0,0,0,0
12a7e04a6285,2026-07-18T01:49:29Z,4.0,2.0,13,3.2,0.8,105,5.916562,0,0,0,0
12a7e04a6285,2026-07-18T01:49:29Z,4.0,2.0,13,3.2,0.8,106,5.972285,0,0,0,0
12a7e04a6285,2026-07-18T01:49:29Z,4.0,2.0,13,3.2,0.8,107,6.028767,0,0,0,0
12a7e04a6285,2026-07-18T01:49:29Z,4.0,2.0,13,3.2,0.8,108,6.08471,0,0,0,0
12a7e04a6285,2026-07-18T01:49:29Z,4.0,2.0,13,3.2,0.8,109,6.140946,0,0,0,0
12a7e04a6285,2026-07-18T01:49:29Z,4.0,2.0,13,3.2,0.8,110,6.196998,0,0,0,0
12a7e04a6285,2026-07-18T01:49:29Z,4.0,2.0,13,3.2,0.8,111,6.253511,0,0,0,0
12a7e04a6285,2026-07-18T01:49:29Z,4.0,2.0,13,3.2,0.8,112,6.309645,0,0,0,0
12a7e04a6285,2026-07-18T01:49:29Z,4.0,2.0,13,3.2,0.8,113,6.36596,0,0,0,0
12a7e04a6285,2026-07-18T01:49:29Z,4.0,2.0,13,3.2,0.8,114,6.421695,0,0,0,0
12a7e04a6285,2026-07-18T01:49:29Z,4.0,2.0,13,3.2,0.8,115,6.477544,0,0,0,0
12a7e04a6285,2026-07-18T01:49:29Z,4.0,2.0,13,3.2,0.8,116,6.533994,0,0,0,0
12a7e04a6285,2026-07-18T01:49:29Z,4.0,2.0,13,3.2,0.8,117,6.590582,1512,1,1512,1
12a7e04a6285,2026-07-18T01:49:29Z,4.0,2.0,13,3.2,0.8,118,6.647293,1512,1,1512,1
12a7e04a6285,2026-07-18T01:49:29Z,4.0,2.0,13,3.2,0.8,119,6.703334,1512,1,1512,1
12a7e04a6285,2026-07-18T01:49:29Z,4.0,2.0,13,3.2,0.8,120,6.759522,1512,1,1512,1
12a7e04a6285,2026-07-18T01:49:29Z,4.0,2.0,13,3.2,0.8,121,6.815861,1512,1,1512,1
12a7e04a6285,2026-07-18T01:49:29Z,4.0,2.0,13,3.2,0.8,122,6.871962,1512,1,1512,1
12a7e04a6285,2026-07-18T01:49:29Z,4.0,2.0,13,3.2,0.8,123,6.927857,1512,1,1512,1
12a7e04a6285,2026-07-18T01:49:29Z,4.0,2.0,13,3.2,0.8,124,6.984254,1512,1,1512,1
12a7e04a6285,2026-07-18T01:49:29Z,4.0,2.0,13,3.2,0.8,125,7.040717,1512,1,1512,1
12a7e04a6285,2026-07-18T01:49:29Z,4.0,2.0,13,3.2,0.8,126,7.097052,1512,1,1512,1
12a7e04a6285,2026-07-18T01:49:29Z,4.0,2.0,13,3.2,0.8,127,7.153126,1512,1,1512,1
12a7e04a6285,2026-07-18T01:49:29Z,4.0,2.0,13,3.2,0.8,128,7.209331,0,0,0,0
12a7e04a6285,2026-07-18T01:49:29Z,4.0,2.0,13,3.2,0.8,129,7.265586,0,0,0,0
12a7e04a6285,2026-07-18T01:49:29Z,4.0,2.0,13,3.2,0.8,130,7.321893,0,0,0,0
12a7e04a6285,2026-07-18T01:49:29Z,4.0,2.0,13,3.2,0.8,131,7.378505,0,0,0,0
12a7e04a6285,2026-07-18T01:49:29Z,4.0,2.0,13,3.2,0.8,132,7.435358,1512,1,1512,1
12a7e04a6285,2026-07-18T01:49:29Z,4.0,2.0,13,3.2,0.8,133,7.491446,1512,1,1512,1
12a7e04a6285,2026-07-18T01:49:29Z,4.0,2.0,13,3.2,0.8,134,7.547396,0,0,0,0
12a7e04a6285,2026-07-18T01:49:29Z,4.0,2.0,13,3.2,0.8,135,7.603226,0,0,0,0
12a7e04a6285,2026-07-18T01:49:29Z,4.0,2.0,13,3.2,0.8,136,7.659431,1512,1,1512,1
12a7e04a6285,2026-07-18T01:49:29Z,4.0,2.0,13,3.2,0.8,137,7.715921,1512,1,1512,1
12a7e04a6285,2026-07-18T01:49:29Z,4.0,2.0,13,3.2,0.8,138,7.771991,0,0,0,0
12a7e04a6285,2026-07-18T01:49:29Z,4.0,2.0,13,3.2,0.8,139,7.827759,0,0,0,0
12a7e04a6285,2026-07-18T01:49:29Z,4.0,2.0,13,3.2,0.8,140,7.883867,0,0,0,0
12a7e04a6285,2026-07-18T01:49:29Z,4.0,2.0,13,3.2,0.8,141,7.939881,1512,1,1512,1
12a7e04a6285,2026-07-18T01:49:29Z,4.0,2.0,13,3.2,0.8,142,7.9963,0,0,0,0
12a7e04a6285,2026-07-18T01:49:29Z,4.0,2.0,13,3.2,0.8,143,8.052057,0,0,0,0
12a7e04a6285,2026-07-18T01:49:29Z,4.0,2.0,13,3.2,0.8,144,8.108195,0,0,0,0
12a7e04a6285,2026-07-18T01:49:29Z,4.0,2.0,13,3.2,0.8,145,8.164184,0,0,0,0
12a7e04a6285,2026-07-18T01:49:29Z,4.0,2.0,13,3.2,0.8,146,8.220024,0,0,0,0
12a7e04a6285,2026-07-18T01:49:29Z,4.0,2.0,13,3.2,0.8,147,8.276297,0,0,0,0
12a7e04a6285,2026-07-18T01:49:29Z,4.0,2.0,13,3.2,0.8,148,8.332352,0,0,0,0
12a7e04a6285,2026-07-18T01:49:29Z,4.0,2.0,13,3.2,0.8,149,8.388328,1512,1,1512,1
12a7e04a6285,2026-07-18T01:49:29Z,4.0,2.0,13,3.2,0.8,150,8.445017,1512,1,1512,1
12a7e04a6285,2026-07-18T01:49:29Z,4.0,2.0,13,3.2,0.8,151,8.501646,1512,1,1512,1
12a7e04a6285,2026-07-18T01:49:29Z,4.0,2.0,13,3.2,0.8,152,8.557868,1512,1,1512,1
12a7e04a6285,2026-07-18T01:49:29Z,4.0,2.0,13,3.2,0.8,153,8.613757,1512,1,1512,1
12a7e04a6285,2026-07-18T01:49:29Z,4.0,2.0,13,3.2,0.8,154,8.67008,1512,1,1512,1
12a7e04a6285,2026-07-18T01:49:29Z,4.0,2.0,13,3.2,0.8,155,8.726094,1512,1,1512,1
12a7e04a6285,2026-07-18T01:49:29Z,4.0,2.0,13,3.2,0.8,156,8.782132,1512,1,1512,1
12a7e04a6285,2026-07-18T01:49:29Z,4.0,2.0,13,3.2,0.8,157,8.83812,1512,1,1512,1
12a7e04a6285,2026-07-18T01:49:29Z,4.0,2.0,13,3.2,0.8,158,8.894284,1512,1,1512,1
12a7e04a6285,2026-07-18T01:49:29Z,4.0,2.0,13,3.2,0.8,159,8.950346,1512,1,1512,1
12a7e04a6285,2026-07-18T01:49:29Z,4.0,2.0,13,3.2,0.8,160,9.006346,1512,1,1512,1
12a7e04a6285,2026-07-18T01:49:29Z,4.0,2.0,13,3.2,0.8,161,9.062995,1512,1,1512,1
12a7e04a6285,2026-07-18T01:49:29Z,4.0,2.0,13,3.2,0.8,162,9.119369,1512,1,1512,1
12a7e04a6285,2026-07-18T01:49:29Z,4.0,2.0,13,3.2,0.8,163,9.17555,1512,1,1512,1
12a7e04a6285,2026-07-18T01:49:29Z,4.0,2.0,13,3.2,0.8,164,9.231525,0,0,0,0
12a7e04a6285,2026-07-18T01:49:29Z,4.0,2.0,13,3.2,0.8,165,9.288147,0,0,0,0
12a7e04a6285,2026-07-18T01:49:29Z,4.0,2.0,13,3.2,0.8,166,9.343981,0,0,0,0
12a7e04a6285,2026-07-18T01:49:29Z,4.0,2.0,13,3.2,0.8,167,9.400203,0,0,0,0
12a7e04a6285,2026-07-18T01:49:29Z,4.0,2.0,13,3.2,0.8,168,9.456169,0,0,0,0
12a7e04a6285,2026-07-18T01:49:29Z,4.0,2.0,13,3.2,0.8,169,9.51262,0,0,0,0
12a7e04a6285,2026-07-18T01:49:29Z,4.0,2.0,13,3.2,0.8,170,9.568467,0,0,0,0
12a7e04a6285,2026-07-18T01:49:29Z,4.0,2.0,13,3.2,0.8,171,9.625211,0,0,0,0
12a7e04a6285,2026-07-18T01:49:29Z,4.0,2.0,13,3.2,0.8,172,9.681547,1512,1,1512,1
12a7e04a6285,2026-07-18T01:49:29Z,4.0,2.0,13,3.2,0.8,173,9.738371,1512,1,1512,1
12a7e04a6285,2026-07-18T01:49:29Z,4.0,2.0,13,3.2,0.8,174,9.794972,1512,1,1512,1
12a7e04a6285,2026-07-18T01:49:29Z,4.0,2.0,13,3.2,0.8,175,9.850496,1512,1,1512,1
12a7e04a6285,2026-07-18T01:49:29Z,4.0,2.0,13,3.2,0.8,176,9.906666,1512,1,1512,1
12a7e04a6285,2026-07-18T01:49:29Z,4.0,2.0,13,3.2,0.8,177,9.962802,1512,1,1512,1
12a7e04a6285,2026-07-18T01:49:29Z,4.0,2.0,13,3.2,0.8,178,10.01872,1512,1,1512,1
12a7e04a6285,2026-07-18T01:49:29Z,4.0,2.0,13,3.2,0.8,179,10.075407,1512,1,1512,1
12a7e04a6285,2026-07-18T01:49:29Z,4.0,2.0,13,3.2,0.8,180,10.13174,0,0,0,0
12a7e04a6285,2026-07-18T01:49:29Z,4.0,2.0,13,3.2,0.8,181,10.188608,0,0,0,0
12a7e04a6285,2026-07-18T01:49:29Z,4.0,2.0,13,3.2,0.8,182,10.244614,0,0,0,0
12a7e04a6285,2026-07-18T01:49:29Z,4.0,2.0,13,3.2,0.8,183,10.301028,0,0,0,0
12a7e04a6285,2026-07-18T01:49:29Z,4.0,2.0,13,3.2,0.8,184,10.357104,0,0,0,0
12a7e04a6285,2026-07-18T01:49:29Z,4.0,2.0,13,3.2,0.8,185,10.413371,0,0,0,0
12a7e04a6285,2026-07-18T01:49:29Z,4.0,2.0,13,3.2,0.8,186,10.469254,0,0,0,0
12a7e04a6285,2026-07-18T01:49:29Z,4.0,2.0,13,3.2,0.8,187,10.525724,0,0,0,0
12a7e04a6285,2026-07-18T01:49:29Z,4.0,2.0,13,3.2,0.8,188,10.581527,0,0,0,0
12a7e04a6285,2026-07-18T01:49:29Z,4.0,2.0,13,3.2,0.8,189,10.638262,1512,1,1512,1
12a7e04a6285,2026-07-18T01:49:29Z,4.0,2.0,13,3.2,0.8,190,10.695048,1512,1,1512,1
12a7e04a6285,2026-07-18T01:49:29Z,4.0,2.0,13,3.2,0.8,191,10.751848,1512,1,1512,1
12a7e04a6285,2026-07-18T01:49:29Z,4.0,2.0,13,3.2,0.8,192,10.808298,1512,1,1512,1
12a7e04a6285,2026-07-18T01:49:29Z,4.0,2.0,13,3.2,0.8,193,10.864712,0,0,0,0
12a7e04a6285,2026-07-18T01:49:29Z,4.0,2.0,13,3.2,0.8,194,10.921142,1512,1,1512,1
12a7e04a6285,2026-07-18T01:49:29Z,4.0,2.0,13,3.2,0.8,195,10.977065,1512,1,1512,1
12a7e04a6285,2026-07-18T01:49:29Z,4.0,2.0,13,3.2,0.8,196,11.033007,0,0,0,0
12a7e04a6285,2026-07-18T01:49:29Z,4.0,2.0,13,3.2,0.8,197,11.089356,0,0,0,0
12a7e04a6285,2026-07-18T01:49:29Z,4.0,2.0,13,3.2,0.8,198,11.145948,0,0,0,0
12a7e04a6285,2026-07-18T01:49:29Z,4.0,2.0,13,3.2,0.8,199,11.202287,0,0,0,0
8a8d169dbedb,2026-07-18T01:49:43Z,4.0,2.0,13,3.6,0.9,0,2e-06,0,0,0,0
8a8d169dbedb,2026-07-18T01:49:43Z,4.0,2.0,13,3.6,0.9,1,0.055174,0,0,0,0
8a8d169dbedb,2026-07-18T01:49:43Z,4.0,2.0,13,3.6,0.9,2,0.111561,0,0,0,0
8a8d169dbedb,2026-07-18T01:49:43Z,4.0,2.0,13,3.6,0.9,3,0.167763,0,0,0,0
8a8d169dbedb,2026-07-18T01:49:43Z,4.0,2.0,13,3.6,0.9,4,0.223933,0,0,0,0
8a8d169dbedb,2026-07-18T01:49:43Z,4.0,2.0,13,3.6,0.9,5,0.279672,0,0,0,0
8a8d169dbedb,2026-07-18T01:49:43Z,4.0,2.0,13,3.6,0.9,6,0.335391,0,0,0,0
8a8d169dbedb,2026-07-18T01:49:43Z,4.0,2.0,13,3.6,0.9,7,0.391657,0,0,0,0
8a8d169dbedb,2026-07-18T01:49:43Z,4.0,2.0,13,3.6,0.9,8,0.447844,0,0,0,0
8a8d169dbedb,2026-07-18T01:49:43Z,4.0,2.0,13,3.6,0.9,9,0.504345,1512,1,1512,1
8a8d169dbedb,2026-07-18T01:49:43Z,4.0,2.0,13,3.6,0.9,10,0.560902,1512,1,1512,1
8a8d169dbedb,2026-07-18T01:49:43Z,4.0,2.0,13,3.6,0.9,11,0.6168,1512,1,1512,1
8a8d169dbedb,2026-07-18T01:49:43Z,4.0,2.0,13,3.6,0.9,12,0.672976,1512,1,1512,1
8a8d169dbedb,2026-07-18T01:49:43Z,4.0,2.0,13,3.6,0.9,13,0.728964,1512,1,1512,1
8a8d169dbedb,2026-07-18T01:49:43Z,4.0,2.0,13,3.6,0.9,14,0.785753,1512,1,1512,1
8a8d169dbedb,2026-07-18T01:49:43Z,4.0,2.0,13,3.6,0.9,15,0.841542,1512,1,1512,1
8a8d169dbedb,2026-07-18T01:49:43Z,4.0,2.0,13,3.6,0.9,16,0.897798,1512,1,1512,1
8a8d169dbedb,2026-07-18T01:49:43Z,4.0,2.0,13,3.6,0.9,17,0.954131,1512,1,1512,1
8a8d169dbedb,2026-07-18T01:49:43Z,4.0,2.0,13,3.6,0.9,18,1.010264,1512,1,1512,1
8a8d169dbedb,2026-07-18T01:49:43Z,4.0,2.0,13,3.6,0.9,19,1.066073,1512,1,1512,1
8a8d169dbedb,2026-07-18T01:49:43Z,4.0,2.0,13,3.6,0.9,20,1.121693,1512,1,1512,1
8a8d169dbedb,2026-07-18T01:49:43Z,4.0,2.0,13,3.6,0.9,21,1.17774,1512,1,1512,1
8a8d169dbedb,2026-07-18T01:49:43Z,4.0,2.0,13,3.6,0.9,22,1.233814,1512,1,1512,1
8a8d169dbedb,2026-07-18T01:49:43Z,4.0,2.0,13,3.6,0.9,23,1.290563,1512,1,1512,1
8a8d169dbedb,2026-07-18T01:49:43Z,4.0,2.0,13,3.6,0.9,24,1.346536,1512,1,1512,1
8a8d169dbedb,2026-07-18T01:49:43Z,4.0,2.0,13,3.6,0.9,25,1.402745,1512,1,1512,1
8a8d169dbedb,2026-07-18T01:49:43Z,4.0,2.0,13,3.6,0.9,26,1.459637,1512,1,1512,1
8a8d169dbedb,2026-07-18T01:49:43Z,4.0,2.0,13,3.6,0.9,27,1.515667,1512,1,1512,1
8a8d169dbedb,2026-07-18T01:49:43Z,4.0,2.0,13,3.6,0.9,28,1.57173,1512,1,1512,1
8a8d169dbedb,2026-07-18T01:49:43Z,4.0,2.0,13,3.6,0.9,29,1.627831,1512,1,1512,1
8a8d169dbedb,2026-07-18T01:49:43Z,4.0,2.0,13,3.6,0.9,30,1.683935,0,0,0,0
8a8d169dbedb,2026-07-18T01:49:43Z,4.0,2.0,13,3.6,0.9,31,1.74046,0,0,0,0
8a8d169dbedb,2026-07-18T01:49:43Z,4.0,2.0,13,3.6,0.9,32,1.796569,0,0,0,0
8a8d169dbedb,2026-07-18T01:49:43Z,4.0,2.0,13,3.6,0.9,33,1.8529,0,0,0,0
8a8d169dbedb,2026-07-18T01:49:43Z,4.0,2.0,13,3.6,0.9,34,1.909371,0,0,0,0
8a8d169dbedb,2026-07-18T01:49:43Z,4.0,2.0,13,3.6,0.9,35,1.965422,0,0,0,0
8a8d169dbedb,2026-07-18T01:49:43Z,4.0,2.0,13,3.6,0.9,36,2.021501,0,0,0,0
8a8d169dbedb,2026-07-18T01:49:43Z,4.0,2.0,13,3.6,0.9,37,2.077573,0,0,0,0
8a8d169dbedb,2026-07-18T01:49:43Z,4.0,2.0,13,3.6,0.9,38,2.133131,0,0,0,0
8a8d169dbedb,2026-07-18T01:49:43Z,4.0,2.0,13,3.6,0.9,39,2.189428,0,0,0,0
8a8d169dbedb,2026-07-18T01:49:43Z,4.0,2.0,13,3.6,0.9,40,2.245537,0,0,0,0
8a8d169dbedb,2026-07-18T01:49:43Z,4.0,2.0,13,3.6,0.9,41,2.301807,0,0,0,0
8a8d169dbedb,2026-07-18T01:49:43Z,4.0,2.0,13,3.6,0.9,42,2.35783,0,0,0,0
8a8d169dbedb,2026-07-18T01:49:43Z,4.0,2.0,13,3.6,0.9,43,2.414065,1512,1,1512,1
8a8d169dbedb,2026-07-18T01:49:43Z,4.0,2.0,13,3.6,0.9,44,2.470464,1512,1,1512,1
8a8d169dbedb,2026-07-18T01:49:43Z,4.0,2.0,13,3.6,0.9,45,2.527061,1512,1,1512,1
8a8d169dbedb,2026-07-18T01:49:43Z,4.0,2.0,13,3.6,0.9,46,2.583478,1512,1,1512,1
8a8d169dbedb,2026-07-18T01:49:43Z,4.0,2.0,13,3.6,0.9,47,2.639652,1512,1,1512,1
8a8d169dbedb,2026-07-18T01:49:43Z,4.0,2.0,13,3.6,0.9,48,2.695892,1512,1,1512,1
8a8d169dbedb,2026-07-18T01:49:43Z,4.0,2.0,13,3.6,0.9,49,2.752542,0,0,0,0
8a8d169dbedb,2026-07-18T01:49:43Z,4.0,2.0,13,3.6,0.9,50,2.8089,1512,1,1512,1
8a8d169dbedb,2026-07-18T01:49:43Z,4.0,2.0,13,3.6,0.9,51,2.8647,0,0,0,0
8a8d169dbedb,2026-07-18T01:49:43Z,4.0,2.0,13,3.6,0.9,52,2.920838,0,0,0,0
8a8d169dbedb,2026-07-18T01:49:43Z,4.0,2.0,13,3.6,0.9,53,2.977293,0,0,0,0
8a8d169dbedb,2026-07-18T01:49:43Z,4.0,2.0,13,3.6,0.9,54,3.033322,0,0,0,0
8a8d169dbedb,2026-07-18T01:49:43Z,4.0,2.0,13,3.6,0.9,55,3.089156,1512,1,1512,1
8a8d169dbedb,2026-07-18T01:49:43Z,4.0,2.0,13,3.6,0.9,56,3.144907,1512,1,1512,1
8a8d169dbedb,2026-07-18T01:49:43Z,4.0,2.0,13,3.6,0.9,57,3.200944,0,0,0,0
8a8d169dbedb,2026-07-18T01:49:43Z,4.0,2.0,13,3.6,0.9,58,3.257751,0,0,0,0
8a8d169dbedb,2026-07-18T01:49:43Z,4.0,2.0,13,3.6,0.9,59,3.313848,0,0,0,0
8a8d169dbedb,2026-07-18T01:49:43Z,4.0,2.0,13,3.6,0.9,60,3.369782,0,0,0,0
8a8d169dbedb,2026-07-18T01:49:43Z,4.0,2.0,13,3.6,0.9,61,3.42627,0,0,0,0
8a8d169dbedb,2026-07-18T01:49:43Z,4.0,2.0,13,3.6,0.9,62,3.482212,0,0,0,0
8a8d169dbedb,2026-07-18T01:49:43Z,4.0,2.0,13,3.6,0.9,63,3.538373,0,0,0,0
8a8d169dbedb,2026-07-18T01:49:43Z,4.0,2.0,13,3.6,0.9,64,3.594526,0,0,0,0
8a8d169dbedb,2026-07-18T01:49:43Z,4.0,2.0,13,3.6,0.9,65,3.650669,0,0,0,0
8a8d169dbedb,2026-07-18T01:49:43Z,4.0,2.0,13,3.6,0.9,66,3.706647,0,0,0,0
8a8d169dbedb,2026-07-18T01:49:43Z,4.0,2.0,13,3.6,0.9,67,3.762954,0,0,0,0
8a8d169dbedb,2026-07-18T01:49:43Z,4.0,2.0,13,3.6,0.9,68,3.819106,1512,1,1512,1
8a8d169dbedb,2026-07-18T01:49:43Z,4.0,2.0,13,3.6,0.9,69,3.875575,1512,1,1512,1
8a8d169dbedb,2026-07-18T01:49:43Z,4.0,2.0,13,3.6,0.9,70,3.931945,1512,1,1512,1
8a8d169dbedb,2026-07-18T01:49:43Z,4.0,2.0,13,3.6,0.9,71,3.988285,1512,1,1512,1
8a8d169dbedb,2026-07-18T01:49:43Z,4.0,2.0,13,3.6,0.9,72,4.044138,1512,1,1512,1
8a8d169dbedb,2026-07-18T01:49:43Z,4.0,2.0,13,3.6,0.9,73,4.100263,1512,1,1512,1
8a8d169dbedb,2026-07-18T01:49:43Z,4.0,2.0,13,3.6,0.9,74,4.156878,1512,1,1512,1
8a8d169dbedb,2026-07-18T01:49:43Z,4.0,2.0,13,3.6,0.9,75,4.213416,1512,1,1512,1
8a8d169dbedb,2026-07-18T01:49:43Z,4.0,2.0,13,3.6,0.9,76,4.269548,1512,1,1512,1
8a8d169dbedb,2026-07-18T01:49:43Z,4.0,2.0,13,3.6,0.9,77,4.325598,1512,1,1512,1
8a8d169dbedb,2026-07-18T01:49:43Z,4.0,2.0,13,3.6,0.9,78,4.381825,1512,1,1512,1
8a8d169dbedb,2026-07-18T01:49:43Z,4.0,2.0,13,3.6,0.9,79,4.43766,1512,1,1512,1
8a8d169dbedb,2026-07-18T01:49:43Z,4.0,2.0,13,3.6,0.9,80,4.494096,1512,1,1512,1
8a8d169dbedb,2026-07-18T01:49:43Z,4.0,2.0,13,3.6,0.9,81,4.550051,1512,1,1512,1
8a8d169dbedb,2026-07-18T01:49:43Z,4.0,2.0,13,3.6,0.9,82,4.605927,1512,1,1512,1
8a8d169dbedb,2026-07-18T01:49:43Z,4.0,2.0,13,3.6,0.9,83,4.662204,0,0,0,0
8a8d169dbedb,2026-07-18T01:49:43Z,4.0,2.0,13,3.6,0.9,84,4.718461,1512,1,1512,1
8a8d169dbedb,2026-07-18T01:49:43Z,4.0,2.0,13,3.6,0.9,85,4.774385,1512,1,1512,1
8a8d169dbedb,2026-07-18T01:49:43Z,4.0,2.0,13,3.6,0.9,86,4.830405,0,0,0,0
8a8d169dbedb,2026-07-18T01:49:43Z,4.0,2.0,13,3.6,0.9,87,4.886789,0,0,0,0
8a8d169dbedb,2026-07-18T01:49:43Z,4.0,2.0,13,3.6,0.9,88,4.94273,0,0,0,0
8a8d169dbedb,2026-07-18T01:49:43Z,4.0,2.0,13,3.6,0.9,89,4.999256,0,0,0,0
8a8d169dbedb,2026-07-18T01:49:43Z,4.0,2.0,13,3.6,0.9,90,5.055758,1512,1,1512,1
8a8d169dbedb,2026-07-18T01:49:43Z,4.0,2.0,13,3.6,0.9,91,5.112283,1512,1,1512,1
8a8d169dbedb,2026-07-18T01:49:43Z,4.0,2.0,13,3.6,0.9,92,5.16823,1512,1,1512,1
8a8d169dbedb,2026-07-18T01:49:43Z,4.0,2.0,13,3.6,0.9,93,5.224625,1512,1,1512,1
8a8d169dbedb,2026-07-18T01:49:43Z,4.0,2.0,13,3.6,0.9,94,5.280639,1512,1,1512,1
8a8d169dbedb,2026-07-18T01:49:43Z,4.0,2.0,13,3.6,0.9,95,5.33675,1512,1,1512,1
8a8d169dbedb,2026-07-18T01:49:43Z,4.0,2.0,13,3.6,0.9,96,5.392796,1512,1,1512,1
8a8d169dbedb,2026-07-18T01:49:43Z,4.0,2.0,13,3.6,0.9,97,5.448713,1512,1,1512,1
8a8d169dbedb,2026-07-18T01:49:43Z,4.0,2.0,13,3.6,0.9,98,5.504712,1512,1,1512,1
8a8d169dbedb,2026-07-18T01:49:43Z,4.0,2.0,13,3.6,0.9,99,5.560951,1512,1,1512,1
8a8d169dbedb,2026-07-18T01:49:43Z,4.0,2.0,13,3.6,0.9,100,5.616751,1512,1,1512,1
8a8d169dbedb,2026-07-18T01:49:43Z,4.0,2.0,13,3.6,0.9,101,5.672807,1512,1,1512,1
8a8d169dbedb,2026-07-18T01:49:43Z,4.0,2.0,13,3.6,0.9,102,5.729272,1512,1,1512,1
8a8d169dbedb,2026-07-18T01:49:43Z,4.0,2.0,13,3.6,0.9,103,5.78579,1512,1,1512,1
8a8d169dbedb,2026-07-18T01:49:43Z,4.0,2.0,13,3.6,0.9,104,5.841687,1512,1,1512,1
8a8d169dbedb,2026-07-18T01:49:43Z,4.0,2.0,13,3.6,0.9,105,5.897764,1512,1,1512,1
8a8d169dbedb,2026-07-18T01:49:43Z,4.0,2.0,13,3.6,0.9,106,5.953838,1512,1,1512,1
8a8d169dbedb,2026-07-18T01:49:43Z,4.0,2.0,13,3.6,0.9,107,6.010287,1512,1,1512,1
8a8d169dbedb,2026-07-18T01:49:43Z,4.0,2.0,13,3.6,0.9,108,6.066295,1512,1,1512,1
8a8d169dbedb,2026-07-18T01:49:43Z,4.0,2.0,13,3.6,0.9,109,6.122207,1512,1,1512,1
8a8d169dbedb,2026-07-18T01:49:43Z,4.0,2.0,13,3.6,0.9,110,6.1782,1512,1,1512,1
8a8d169dbedb,2026-07-18T01:49:43Z,4.0,2.0,13,3.6,0.9,111,6.23462,1512,1,1512,1
8a8d169dbedb,2026-07-18T01:49:43Z,4.0,2.0,13,3.6,0.9,112,6.290158,1512,1,1512,1
8a8d169dbedb,2026-07-18T01:49:43Z,4.0,2.0,13,3.6,0.9,113,6.346785,1512,1,1512,1
8a8d169dbedb,2026-07-18T01:49:43Z,4.0,2.0,13,3.6,0.9,114,6.402831,1512,1,1512,1
8a8d169dbedb,2026-07-18T01:49:43Z,4.0,2.0,13,3.6,0.9,115,6.458814,1512,1,1512,1
8a8d169dbedb,2026-07-18T01:49:43Z,4.0,2.0,13,3.6,0.9,116,6.514992,1512,1,1512,1
8a8d169dbedb,2026-07-18T01:49:43Z,4.0,2.0,13,3.6,0.9,117,6.571158,1512,1,1512,1
8a8d169dbedb,2026-07-18T01:49:43Z,4.0,2.0,13,3.6,0.9,118,6.627713,0,0,0,0
8a8d169dbedb,2026-07-18T01:49:43Z,4.0,2.0,13,3.6,0.9,119,6.684264,0,0,0,0
8a8d169dbedb,2026-07-18T01:49:43Z,4.0,2.0,13,3.6,0.9,120,6.740388,0,0,0,0
8a8d169dbedb,2026-07-18T01:49:43Z,4.0,2.0,13,3.6,0.9,121,6.796465,0,0,0,0
8a8d169dbedb,2026-07-18T01:49:43Z,4.0,2.0,13,3.6,0.9,122,6.852926,0,0,0,0
8a8d169dbedb,2026-07-18T01:49:43Z,4.0,2.0,13,3.6,0.9,123,6.90953,0,0,0,0
8a8d169dbedb,2026-07-18T01:49:43Z,4.0,2.0,13,3.6,0.9,124,6.96539,1512,1,1512,1
8a8d169dbedb,2026-07-18T01:49:43Z,4.0,2.0,13,3.6,0.9,125,7.021854,0,0,0,0
8a8d169dbedb,2026-07-18T01:49:43Z,4.0,2.0,13,3.6,0.9,126,7.077509,0,0,0,0
8a8d169dbedb,2026-07-18T01:49:43Z,4.0,2.0,13,3.6,0.9,127,7.133212,0,0,0,0
8a8d169dbedb,2026-07-18T01:49:43Z,4.0,2.0,13,3.6,0.9,128,7.189474,0,0,0,0
8a8d169dbedb,2026-07-18T01:49:43Z,4.0,2.0,13,3.6,0.9,129,7.245424,0,0,0,0
8a8d169dbedb,2026-07-18T01:49:43Z,4.0,2.0,13,3.6,0.9,130,7.301776,0,0,0,0
8a8d169dbedb,2026-07-18T01:49:43Z,4.0,2.0,13,3.6,0.9,131,7.357757,0,0,0,0
8a8d169dbedb,2026-07-18T01:49:43Z,4.0,2.0,13,3.6,0.9,132,7.413899,0,0,0,0
8a8d169dbedb,2026-07-18T01:49:43Z,4.0,2.0,13,3.6,0.9,133,7.470213,0,0,0,0
8a8d169dbedb,2026-07-18T01:49:43Z,4.0,2.0,13,3.6,0.9,134,7.526397,1512,1,1512,1
8a8d169dbedb,2026-07-18T01:49:43Z,4.0,2.0,13,3.6,0.9,135,7.582618,0,0,0,0
8a8d169dbedb,2026-07-18T01:49:43Z,4.0,2.0,13,3.6,0.9,136,7.638518,0,0,0,0
8a8d169dbedb,2026-07-18T01:49:43Z,4.0,2.0,13,3.6,0.9,137,7.694693,1512,1,1512,1
8a8d169dbedb,2026-07-18T01:49:43Z,4.0,2.0,13,3.6,0.9,138,7.750762,1512,1,1512,1
8a8d169dbedb,2026-07-18T01:49:43Z,4.0,2.0,13,3.6,0.9,139,7.806856,1512,1,1512,1
8a8d169dbedb,2026-07-18T01:49:43Z,4.0,2.0,13,3.6,0.9,140,7.86295,1512,1,1512,1
8a8d169dbedb,2026-07-18T01:49:43Z,4.0,2.0,13,3.6,0.9,141,7.919544,1512,1,1512,1
8a8d169dbedb,2026-07-18T01:49:43Z,4.0,2.0,13,3.6,0.9,142,7.975561,1512,1,1512,1
8a8d169dbedb,2026-07-18T01:49:43Z,4.0,2.0,13,3.6,0.9,143,8.031477,1512,1,1512,1
8a8d169dbedb,2026-07-18T01:49:43Z,4.0,2.0,13,3.6,0.9,144,8.087759,1512,1,1512,1
8a8d169dbedb,2026-07-18T01:49:43Z,4.0,2.0,13,3.6,0.9,145,8.143958,1512,1,1512,1
8a8d169dbedb,2026-07-18T01:49:43Z,4.0,2.0,13,3.6,0.9,146,8.199805,1512,1,1512,1
8a8d169dbedb,2026-07-18T01:49:43Z,4.0,2.0,13,3.6,0.9,147,8.256137,1512,1,1512,1
8a8d169dbedb,2026-07-18T01:49:43Z,4.0,2.0,13,3.6,0.9,148,8.312633,1512,1,1512,1
8a8d169dbedb,2026-07-18T01:49:43Z,4.0,2.0,13,3.6,0.9,149,8.368941,1512,1,1512,1
8a8d169dbedb,2026-07-18T01:49:43Z,4.0,2.0,13,3.6,0.9,150,8.425375,1512,1,1512,1
8a8d169dbedb,2026-07-18T01:49:43Z,4.0,2.0,13,3.6,0.9,151,8.481138,0,0,0,0
8a8d169dbedb,2026-07-18T01:49:43Z,4.0,2.0,13,3.6,0.9,152,8.537755,0,0,0,0
8a8d169dbedb,2026-07-18T01:49:43Z,4.0,2.0,13,3.6,0.9,153,8.594306,0,0,0,0
8a8d169dbedb,2026-07-18T01:49:43Z,4.0,2.0,13,3.6,0.9,154,8.650502,0,0,0,0
8a8d169dbedb,2026-07-18T01:49:43Z,4.0,2.0,13,3.6,0.9,155,8.706763,0,0,0,0
8a8d169dbedb,2026-07-18T01:49:43Z,4.0,2.0,13,3.6,0.9,156,8.763033,1512,1,1512,1
8a8d169dbedb,2026-07-18T01:49:43Z,4.0,2.0,13,3.6,0.9,157,8.819422,1512,1,1512,1
8a8d169dbedb,2026-07-18T01:49:43Z,4.0,2.0,13,3.6,0.9,158,8.876169,1512,1,1512,1
8a8d169dbedb,2026-07-18T01:49:43Z,4.0,2.0,13,3.6,0.9,159,8.932452,1512,1,1512,1
8a8d169dbedb,2026-07-18T01:49:43Z,4.0,2.0,13,3.6,0.9,160,8.988863,1512,1,1512,1
8a8d169dbedb,2026-07-18T01:49:43Z,4.0,2.0,13,3.6,0.9,161,9.044673,1512,1,1512,1
8a8d169dbedb,2026-07-18T01:49:43Z,4.0,2.0,13,3.6,0.9,162,9.101574,1512,1,1512,1
8a8d169dbedb,2026-07-18T01:49:43Z,4.0,2.0,13,3.6,0.9,163,9.157697,1512,1,1512,1
8a8d169dbedb,2026-07-18T01:49:43Z,4.0,2.0,13,3.6,0.9,164,9.213502,1512,1,1512,1
8a8d169dbedb,2026-07-18T01:49:43Z,4.0,2.0,13,3.6,0.9,165,9.268955,1512,1,1512,1
8a8d169dbedb,2026-07-18T01:49:43Z,4.0,2.0,13,3.6,0.9,166,9.324551,1512,1,1512,1
8a8d169dbedb,2026-07-18T01:49:43Z,4.0,2.0,13,3.6,0.9,167,9.3807,1512,1,1512,1
8a8d169dbedb,2026-07-18T01:49:43Z,4.0,2.0,13,3.6,0.9,168,9.436666,1512,1,1512,1
8a8d169dbedb,2026-07-18T01:49:43Z,4.0,2.0,13,3.6,0.9,169,9.492766,1512,1,1512,1
8a8d169dbedb,2026-07-18T01:49:43Z,4.0,2.0,13,3.6,0.9,170,9.548835,1512,1,1512,1
8a8d169dbedb,2026-07-18T01:49:43Z,4.0,2.0,13,3.6,0.9,171,9.604767,1512,1,1512,1
8a8d169dbedb,2026-07-18T01:49:43Z,4.0,2.0,13,3.6,0.9,172,9.661078,1512,1,1512,1
8a8d169dbedb,2026-07-18T01:49:43Z,4.0,2.0,13,3.6,0.9,173,9.717463,1512,1,1512,1
8a8d169dbedb,2026-07-18T01:49:43Z,4.0,2.0,13,3.6,0.9,174,9.7738,1512,1,1512,1
8a8d169dbedb,2026-07-18T01:49:43Z,4.0,2.0,13,3.6,0.9,175,9.830775,0,0,0,0
8a8d169dbedb,2026-07-18T01:49:43Z,4.0,2.0,13,3.6,0.9,176,9.887105,0,0,0,0
8a8d169dbedb,2026-07-18T01:49:43Z,4.0,2.0,13,3.6,0.9,177,9.942958,0,0,0,0
8a8d169dbedb,2026-07-18T01:49:43Z,4.0,2.0,13,3.6,0.9,178,9.999204,0,0,0,0
8a8d169dbedb,2026-07-18T01:49:43Z,4.0,2.0,13,3.6,0.9,179,10.055418,0,0,0,0
8a8d169dbedb,2026-07-18T01:49:43Z,4.0,2.0,13,3.6,0.9,180,10.111732,0,0,0,0
8a8d169dbedb,2026-07-18T01:49:43Z,4.0,2.0,13,3.6,0.9,181,10.167713,0,0,0,0
8a8d169dbedb,2026-07-18T01:49:43Z,4.0,2.0,13,3.6,0.9,182,10.223742,0,0,0,0
8a8d169dbedb,2026-07-18T01:49:43Z,4.0,2.0,13,3.6,0.9,183,10.279741,0,0,0,0
8a8d169dbedb,2026-07-18T01:49:43Z,4.0,2.0,13,3.6,0.9,184,10.335701,0,0,0,0
8a8d169dbedb,2026-07-18T01:49:43Z,4.0,2.0,13,3.6,0.9,185,10.391875,0,0,0,0
8a8d169dbedb,2026-07-18T01:49:43Z,4.0,2.0,13,3.6,0.9,186,10.448267,0,0,0,0
8a8d169dbedb,2026-07-18T01:49:43Z,4.0,2.0,13,3.6,0.9,187,10.504589,0,0,0,0
8a8d169dbedb,2026-07-18T01:49:43Z,4.0,2.0,13,3.6,0.9,188,10.561017,1512,1,1512,1
8a8d169dbedb,2026-07-18T01:49:43Z,4.0,2.0,13,3.6,0.9,189,10.617612,1512,1,1512,1
8a8d169dbedb,2026-07-18T01:49:43Z,4.0,2.0,13,3.6,0.9,190,10.673514,1512,1,1512,1
8a8d169dbedb,2026-07-18T01:49:43Z,4.0,2.0,13,3.6,0.9,191,10.729075,0,0,0,0
8a8d169dbedb,2026-07-18T01:49:43Z,4.0,2.0,13,3.6,0.9,192,10.784793,0,0,0,0
8a8d169dbedb,2026-07-18T01:49:43Z,4.0,2.0,13,3.6,0.9,193,10.840816,0,0,0,0
8a8d169dbedb,2026-07-18T01:49:43Z,4.0,2.0,13,3.6,0.9,194,10.896518,0,0,0,0
8a8d169dbedb,2026-07-18T01:49:43Z,4.0,2.0,13,3.6,0.9,195,10.952821,0,0,0,0
8a8d169dbedb,2026-07-18T01:49:43Z,4.0,2.0,13,3.6,0.9,196,11.008853,0,0,0,0
8a8d169dbedb,2026-07-18T01:49:43Z,4.0,2.0,13,3.6,0.9,197,11.064698,0,0,0,0
8a8d169dbedb,2026-07-18T01:49:43Z,4.0,2.0,13,3.6,0.9,198,11.120711,0,0,0,0
8a8d169dbedb,2026-07-18T01:49:43Z,4.0,2.0,13,3.6,0.9,199,11.176652,0,0,0,0
ee388bc5b696,2026-07-18T01:49:58Z,4.0,2.0,13,3.7,0.925,0,2e-06,0,0,0,0
ee388bc5b696,2026-07-18T01:49:58Z,4.0,2.0,13,3.7,0.925,1,0.055543,1512,1,1512,1
ee388bc5b696,2026-07-18T01:49:58Z,4.0,2.0,13,3.7,0.925,2,0.112415,1512,1,1512,1
ee388bc5b696,2026-07-18T01:49:58Z,4.0,2.0,13,3.7,0.925,3,0.16923,0,0,0,0
ee388bc5b696,2026-07-18T01:49:58Z,4.0,2.0,13,3.7,0.925,4,0.226086,0,0,0,0
ee388bc5b696,2026-07-18T01:49:58Z,4.0,2.0,13,3.7,0.925,5,0.283185,1512,1,1512,1
ee388bc5b696,2026-07-18T01:49:58Z,4.0,2.0,13,3.7,0.925,6,0.339451,1512,1,1512,1
ee388bc5b696,2026-07-18T01:49:58Z,4.0,2.0,13,3.7,0.925,7,0.396528,0,0,0,0
ee388bc5b696,2026-07-18T01:49:58Z,4.0,2.0,13,3.7,0.925,8,0.452907,1512,1,1512,1
ee388bc5b696,2026-07-18T01:49:58Z,4.0,2.0,13,3.7,0.925,9,0.508625,0,0,0,0
ee388bc5b696,2026-07-18T01:49:58Z,4.0,2.0,13,3.7,0.925,10,0.564983,1512,1,1512,1
ee388bc5b696,2026-07-18T01:49:58Z,4.0,2.0,13,3.7,0.925,11,0.621156,1512,1,1512,1
ee388bc5b696,2026-07-18T01:49:58Z,4.0,2.0,13,3.7,0.925,12,0.67793,0,0,0,0
ee388bc5b696,2026-07-18T01:49:58Z,4.0,2.0,13,3.7,0.925,13,0.734783,1512,1,1512,1
ee388bc5b696,2026-07-18T01:49:58Z,4.0,2.0,13,3.7,0.925,14,0.791054,1512,1,1512,1
ee388bc5b696,2026-07-18T01:49:58Z,4.0,2.0,13,3.7,0.925,15,0.84775,0,0,0,0
ee388bc5b696,2026-07-18T01:49:58Z,4.0,2.0,13,3.7,0.925,16,0.904669,1512,1,1512,1
ee388bc5b696,2026-07-18T01:49:58Z,4.0,2.0,13,3.7,0.925,17,0.961444,1512,1,1512,1
ee388bc5b696,2026-07-18T01:49:58Z,4.0,2.0,13,3.7,0.925,18,1.018101,0,0,0,0
ee388bc5b696,2026-07-18T01:49:58Z,4.0,2.0,13,3.7,0.925,19,1.074799,1512,1,1512,1
ee388bc5b696,2026-07-18T01:49:58Z,4.0,2.0,13,3.7,0.925,20,1.131351,1512,1,1512,1
ee388bc5b696,2026-07-18T01:49:58Z,4.0,2.0,13,3.7,0.925,21,1.187932,1512,1,1512,1
ee388bc5b696,2026-07-18T01:49:58Z,4.0,2.0,13,3.7,0.925,22,1.244839,0,0,0,0
ee388bc5b696,2026-07-18T01:49:58Z,4.0,2.0,13,3.7,0.925,23,1.301769,1512,1,1512,1
ee388bc5b696,2026-07-18T01:49:58Z,4.0,2.0,13,3.7,0.925,24,1.358293,1512,1,1512,1
ee388bc5b696,2026-07-18T01:49:58Z,4.0,2.0,13,3.7,0.925,25,1.414951,0,0,0,0
ee388bc5b696,2026-07-18T01:49:58Z,4.0,2.0,13,3.7,0.925,26,1.471879,0,0,0,0
ee388bc5b696,2026-07-18T01:49:58Z,4.0,2.0,13,3.7,0.925,27,1.528572,1512,1,1512,1
ee388bc5b696,2026-07-18T01:49:58Z,4.0,2.0,13,3.7,0.925,28,1.58499,1512,1,1512,1
ee388bc5b696,2026-07-18T01:49:58Z,4.0,2.0,13,3.7,0.925,29,1.64185,1512,1,1512,1
ee388bc5b696,2026-07-18T01:49:58Z,4.0,2.0,13,3.7,0.925,30,1.698301,1512,1,1512,1
ee388bc5b696,2026-07-18T01:49:58Z,4.0,2.0,13,3.7,0.925,31,1.754847,1512,1,1512,1
ee388bc5b696,2026-07-18T01:49:58Z,4.0,2.0,13,3.7,0.925,32,1.81193,0,0,0,0
ee388bc5b696,2026-07-18T01:49:58Z,4.0,2.0,13,3.7,0.925,33,1.868467,1512,1,1512,1
ee388bc5b696,2026-07-18T01:49:58Z,4.0,2.0,13,3.7,0.925,34,1.925015,1512,1,1512,1
ee388bc5b696,2026-07-18T01:49:58Z,4.0,2.0,13,3.7,0.925,35,1.981962,0,0,0,0
ee388bc5b696,2026-07-18T01:49:58Z,4.0,2.0,13,3.7,0.925,36,2.03889,1512,1,1512,1
ee388bc5b696,2026-07-18T01:49:58Z,4.0,2.0,13,3.7,0.925,37,2.095506,1512,1,1512,1
ee388bc5b696,2026-07-18T01:49:58Z,4.0,2.0,13,3.7,0.925,38,2.152199,1512,1,1512,1
ee388bc5b696,2026-07-18T01:49:58Z,4.0,2.0,13,3.7,0.925,39,2.208884,0,0,0,0
ee388bc5b696,2026-07-18T01:49:58Z,4.0,2.0,13,3.7,0.925,40,2.265953,1512,1,1512,1
ee388bc5b696,2026-07-18T01:49:58Z,4.0,2.0,13,3.7,0.925,41,2.322206,1512,1,1512,1
ee388bc5b696,2026-07-18T01:49:58Z,4.0,2.0,13,3.7,0.925,42,2.3786,0,0,0,0
ee388bc5b696,2026-07-18T01:49:58Z,4.0,2.0,13,3.7,0.925,43,2.435486,1512,1,1512,1
ee388bc5b696,2026-07-18T01:49:58Z,4.0,2.0,13,3.7,0.925,44,2.491833,0,0,0,0
ee388bc5b696,2026-07-18T01:49:58Z,4.0,2.0,13,3.7,0.925,45,2.547789,1512,1,1512,1
ee388bc5b696,2026-07-18T01:49:58Z,4.0,2.0,13,3.7,0.925,46,2.604256,1512,1,1512,1
ee388bc5b696,2026-07-18T01:49:58Z,4.0,2.0,13,3.7,0.925,47,2.660842,0,0,0,0
ee388bc5b696,2026-07-18T01:49:58Z,4.0,2.0,13,3.7,0.925,48,2.717238,1512,1,1512,1
ee388bc5b696,2026-07-18T01:49:58Z,4.0,2.0,13,3.7,0.925,49,2.773767,1512,1,1512,1
ee388bc5b696,2026-07-18T01:49:58Z,4.0,2.0,13,3.7,0.925,50,2.830348,0,0,0,0
ee388bc5b696,2026-07-18T01:49:58Z,4.0,2.0,13,3.7,0.925,51,2.887055,1512,1,1512,1
ee388bc5b696,2026-07-18T01:49:58Z,4.0,2.0,13,3.7,0.925,52,2.943784,1512,1,1512,1
ee388bc5b696,2026-07-18T01:49:58Z,4.0,2.0,13,3.7,0.925,53,3.000236,0,0,0,0
ee388bc5b696,2026-07-18T01:49:58Z,4.0,2.0,13,3.7,0.925,54,3.056991,1512,1,1512,1
ee388bc5b696,2026-07-18T01:49:58Z,4.0,2.0,13,3.7,0.925,55,3.113755,1512,1,1512,1
ee388bc5b696,2026-07-18T01:49:58Z,4.0,2.0,13,3.7,0.925,56,3.170894,1512,1,1512,1
ee388bc5b696,2026-07-18T01:49:58Z,4.0,2.0,13,3.7,0.925,57,3.227153,0,0,0,0
ee388bc5b696,2026-07-18T01:49:58Z,4.0,2.0,13,3.7,0.925,58,3.283645,1512,1,1512,1
ee388bc5b696,2026-07-18T01:49:58Z,4.0,2.0,13,3.7,0.925,59,3.340051,0,0,0,0
ee388bc5b696,2026-07-18T01:49:58Z,4.0,2.0,13,3.7,0.925,60,3.396846,0,0,0,0
ee388bc5b696,2026-07-18T01:49:58Z,4.0,2.0,13,3.7,0.925,61,3.453659,1512,1,1512,1
ee388bc5b696,2026-07-18T01:49:58Z,4.0,2.0,13,3.7,0.925,62,3.510627,1512,1,1512,1
ee388bc5b696,2026-07-18T01:49:58Z,4.0,2.0,13,3.7,0.925,63,3.567257,0,0,0,0
ee388bc5b696,2026-07-18T01:49:58Z,4.0,2.0,13,3.7,0.925,64,3.623669,1512,1,1512,1
ee388bc5b696,2026-07-18T01:49:58Z,4.0,2.0,13,3.7,0.925,65,3.680263,1512,1,1512,1
ee388bc5b696,2026-07-18T01:49:58Z,4.0,2.0,13,3.7,0.925,66,3.73677,0,0,0,0
ee388bc5b696,2026-07-18T01:49:58Z,4.0,2.0,13,3.7,0.925,67,3.793311,1512,1,1512,1
ee388bc5b696,2026-07-18T01:49:58Z,4.0,2.0,13,3.7,0.925,68,3.849877,1512,1,1512,1
ee388bc5b696,2026-07-18T01:49:58Z,4.0,2.0,13,3.7,0.925,69,3.906442,0,0,0,0
ee388bc5b696,2026-07-18T01:49:58Z,4.0,2.0,13,3.7,0.925,70,3.962966,1512,1,1512,1
ee388bc5b696,2026-07-18T01:49:58Z,4.0,2.0,13,3.7,0.925,71,4.019708,1512,1,1512,1
ee388bc5b696,2026-07-18T01:49:58Z,4.0,2.0,13,3.7,0.925,72,4.076727,1512,1,1512,1
ee388bc5b696,2026-07-18T01:49:58Z,4.0,2.0,13,3.7,0.925,73,4.133919,0,0,0,0
ee388bc5b696,2026-07-18T01:49:58Z,4.0,2.0,13,3.7,0.925,74,4.19065,1512,1,1512,1
ee388bc5b696,2026-07-18T01:49:58Z,4.0,2.0,13,3.7,0.925,75,4.247483,1512,1,1512,1
ee388bc5b696,2026-07-18T01:49:58Z,4.0,2.0,13,3.7,0.925,76,4.304066,1512,1,1512,1
ee388bc5b696,2026-07-18T01:49:58Z,4.0,2.0,13,3.7,0.925,77,4.360817,1512,1,1512,1
ee388bc5b696,2026-07-18T01:49:58Z,4.0,2.0,13,3.7,0.925,78,4.41716,1512,1,1512,1
ee388bc5b696,2026-07-18T01:49:58Z,4.0,2.0,13,3.7,0.925,79,4.474066,1512,1,1512,1
ee388bc5b696,2026-07-18T01:49:58Z,4.0,2.0,13,3.7,0.925,80,4.531249,0,0,0,0
ee388bc5b696,2026-07-18T01:49:58Z,4.0,2.0,13,3.7,0.925,81,4.58731,1512,1,1512,1
ee388bc5b696,2026-07-18T01:49:58Z,4.0,2.0,13,3.7,0.925,82,4.643483,1512,1,1512,1
ee388bc5b696,2026-07-18T01:49:58Z,4.0,2.0,13,3.7,0.925,83,4.700504,0,0,0,0
ee388bc5b696,2026-07-18T01:49:58Z,4.0,2.0,13,3.7,0.925,84,4.756858,1512,1,1512,1
ee388bc5b696,2026-07-18T01:49:58Z,4.0,2.0,13,3.7,0.925,85,4.814233,1512,1,1512,1
ee388bc5b696,2026-07-18T01:49:58Z,4.0,2.0,13,3.7,0.925,86,4.871035,1512,1,1512,1
ee388bc5b696,2026-07-18T01:49:58Z,4.0,2.0,13,3.7,0.925,87,4.927864,0,0,0,0
ee388bc5b696,2026-07-18T01:49:58Z,4.0,2.0,13,3.7,0.925,88,4.984813,0,0,0,0
ee388bc5b696,2026-07-18T01:49:58Z,4.0,2.0,13,3.7,0.925,89,5.041693,1512,1,1512,1
ee388bc5b696,2026-07-18T01:49:58Z,4.0,2.0,13,3.7,0.925,90,5.09868,1512,1,1512,1
ee388bc5b696,2026-07-18T01:49:58Z,4.0,2.0,13,3.7,0.925,91,5.155014,0,0,0,0
ee388bc5b696,2026-07-18T01:49:58Z,4.0,2.0,13,3.7,0.925,92,5.212018,1512,1,1512,1
ee388bc5b696,2026-07-18T01:49:58Z,4.0,2.0,13,3.7,0.925,93,5.268832,1512,1,1512,1
ee388bc5b696,2026-07-18T01:49:58Z,4.0,2.0,13,3.7,0.925,94,5.325863,1512,1,1512,1
ee388bc5b696,2026-07-18T01:49:58Z,4.0,2.0,13,3.7,0.925,95,5.382734,0,0,0,0
ee388bc5b696,2026-07-18T01:49:58Z,4.0,2.0,13,3.7,0.925,96,5.438937,1512,1,1512,1
ee388bc5b696,2026-07-18T01:49:58Z,4.0,2.0,13,3.7,0.925,97,5.496088,1512,1,1512,1
ee388bc5b696,2026-07-18T01:49:58Z,4.0,2.0,13,3.7,0.925,98,5.552797,1512,1,1512,1
ee388bc5b696,2026-07-18T01:49:58Z,4.0,2.0,13,3.7,0.925,99,5.609461,1512,1,1512,1
ee388bc5b696,2026-07-18T01:49:58Z,4.0,2.0,13,3.7,0.925,100,5.665902,1512,1,1512,1
ee388bc5b696,2026-07-18T01:49:58Z,4.0,2.0,13,3.7,0.925,101,5.722653,0,0,0,0
ee388bc5b696,2026-07-18T01:49:58Z,4.0,2.0,13,3.7,0.925,102,5.778812,1512,1,1512,1
ee388bc5b696,2026-07-18T01:49:58Z,4.0,2.0,13,3.7,0.925,103,5.835678,1512,1,1512,1
ee388bc5b696,2026-07-18T01:49:58Z,4.0,2.0,13,3.7,0.925,104,5.892149,0,0,0,0
ee388bc5b696,2026-07-18T01:49:58Z,4.0,2.0,13,3.7,0.925,105,5.948879,0,0,0,0
ee388bc5b696,2026-07-18T01:49:58Z,4.0,2.0,13,3.7,0.925,106,6.005881,1512,1,1512,1
ee388bc5b696,2026-07-18T01:49:58Z,4.0,2.0,13,3.7,0.925,107,6.062482,1512,1,1512,1
ee388bc5b696,2026-07-18T01:49:58Z,4.0,2.0,13,3.7,0.925,108,6.119028,0,0,0,0
ee388bc5b696,2026-07-18T01:49:58Z,4.0,2.0,13,3.7,0.925,109,6.175944,1512,1,1512,1
ee388bc5b696,2026-07-18T01:49:58Z,4.0,2.0,13,3.7,0.925,110,6.232741,1512,1,1512,1
ee388bc5b696,2026-07-18T01:49:58Z,4.0,2.0,13,3.7,0.925,111,6.289797,1512,1,1512,1
ee388bc5b696,2026-07-18T01:49:58Z,4.0,2.0,13,3.7,0.925,112,6.346882,0,0,0,0
ee388bc5b696,2026-07-18T01:49:58Z,4.0,2.0,13,3.7,0.925,113,6.403135,1512,1,1512,1
ee388bc5b696,2026-07-18T01:49:58Z,4.0,2.0,13,3.7,0.925,114,6.459454,1512,1,1512,1
ee388bc5b696,2026-07-18T01:49:58Z,4.0,2.0,13,3.7,0.925,115,6.51637,0,0,0,0
ee388bc5b696,2026-07-18T01:49:58Z,4.0,2.0,13,3.7,0.925,116,6.573038,1512,1,1512,1
ee388bc5b696,2026-07-18T01:49:58Z,4.0,2.0,13,3.7,0.925,117,6.629105,0,0,0,0
ee388bc5b696,2026-07-18T01:49:58Z,4.0,2.0,13,3.7,0.925,118,6.685481,1512,1,1512,1
ee388bc5b696,2026-07-18T01:49:58Z,4.0,2.0,13,3.7,0.925,119,6.741973,1512,1,1512,1
ee388bc5b696,2026-07-18T01:49:58Z,4.0,2.0,13,3.7,0.925,120,6.798301,0,0,0,0
ee388bc5b696,2026-07-18T01:49:58Z,4.0,2.0,13,3.7,0.925,121,6.854837,1512,1,1512,1
ee388bc5b696,2026-07-18T01:49:58Z,4.0,2.0,13,3.7,0.925,122,6.911859,1512,1,1512,1
ee388bc5b696,2026-07-18T01:49:58Z,4.0,2.0,13,3.7,0.925,123,6.968682,1512,1,1512,1
ee388bc5b696,2026-07-18T01:49:58Z,4.0,2.0,13,3.7,0.925,124,7.025555,0,0,0,0
ee388bc5b696,2026-07-18T01:49:58Z,4.0,2.0,13,3.7,0.925,125,7.082047,1512,1,1512,1
ee388bc5b696,2026-07-18T01:49:58Z,4.0,2.0,13,3.7,0.925,126,7.138887,1512,1,1512,1
ee388bc5b696,2026-07-18T01:49:58Z,4.0,2.0,13,3.7,0.925,127,7.195851,1512,1,1512,1
ee388bc5b696,2026-07-18T01:49:58Z,4.0,2.0,13,3.7,0.925,128,7.252493,0,0,0,0
ee388bc5b696,2026-07-18T01:49:58Z,4.0,2.0,13,3.7,0.925,129,7.309357,1512,1,1512,1
ee388bc5b696,2026-07-18T01:49:58Z,4.0,2.0,13,3.7,0.925,130,7.366186,1512,1,1512,1
ee388bc5b696,2026-07-18T01:49:58Z,4.0,2.0,13,3.7,0.925,131,7.423026,0,0,0,0
ee388bc5b696,2026-07-18T01:49:58Z,4.0,2.0,13,3.7,0.925,132,7.479791,0,0,0,0
ee388bc5b696,2026-07-18T01:49:58Z,4.0,2.0,13,3.7,0.925,133,7.536644,1512,1,1512,1
ee388bc5b696,2026-07-18T01:49:58Z,4.0,2.0,13,3.7,0.925,134,7.59358,1512,1,1512,1
ee388bc5b696,2026-07-18T01:49:58Z,4.0,2.0,13,3.7,0.925,135,7.650282,0,0,0,0
ee388bc5b696,2026-07-18T01:49:58Z,4.0,2.0,13,3.7,0.925,136,7.706735,1512,1,1512,1
ee388bc5b696,2026-07-18T01:49:58Z,4.0,2.0,13,3.7,0.925,137,7.763281,1512,1,1512,1
ee388bc5b696,2026-07-18T01:49:58Z,4.0,2.0,13,3.7,0.925,138,7.819882,0,0,0,0
ee388bc5b696,2026-07-18T01:49:58Z,4.0,2.0,13,3.7,0.925,139,7.876622,0,0,0,0
ee388bc5b696,2026-07-18T01:49:58Z,4.0,2.0,13,3.7,0.925,140,7.933721,1512,1,1512,1
ee388bc5b696,2026-07-18T01:49:58Z,4.0,2.0,13,3.7,0.925,141,7.990697,1512,1,1512,1
ee388bc5b696,2026-07-18T01:49:58Z,4.0,2.0,13,3.7,0.925,142,8.047198,0,0,0,0
ee388bc5b696,2026-07-18T01:49:58Z,4.0,2.0,13,3.7,0.925,143,8.104135,0,0,0,0
ee388bc5b696,2026-07-18T01:49:58Z,4.0,2.0,13,3.7,0.925,144,8.161397,1512,1,1512,1
ee388bc5b696,2026-07-18T01:49:58Z,4.0,2.0,13,3.7,0.925,145,8.218164,1512,1,1512,1
ee388bc5b696,2026-07-18T01:49:58Z,4.0,2.0,13,3.7,0.925,146,8.275108,1512,1,1512,1
ee388bc5b696,2026-07-18T01:49:58Z,4.0,2.0,13,3.7,0.925,147,8.331941,0,0,0,0
ee388bc5b696,2026-07-18T01:49:58Z,4.0,2.0,13,3.7,0.925,148,8.388745,1512,1,1512,1
ee388bc5b696,2026-07-18T01:49:58Z,4.0,2.0,13,3.7,0.925,149,8.445185,1512,1,1512,1
ee388bc5b696,2026-07-18T01:49:58Z,4.0,2.0,13,3.7,0.925,150,8.50203,1512,1,1512,1
ee388bc5b696,2026-07-18T01:49:58Z,4.0,2.0,13,3.7,0.925,151,8.558861,1512,1,1512,1
ee388bc5b696,2026-07-18T01:49:58Z,4.0,2.0,13,3.7,0.925,152,8.615209,1512,1,1512,1
ee388bc5b696,2026-07-18T01:49:58Z,4.0,2.0,13,3.7,0.925,153,8.67183,1512,1,1512,1
ee388bc5b696,2026-07-18T01:49:58Z,4.0,2.0,13,3.7,0.925,154,8.729496,0,0,0,0
ee388bc5b696,2026-07-18T01:49:58Z,4.0,2.0,13,3.7,0.925,155,8.786134,1512,1,1512,1
ee388bc5b696,2026-07-18T01:49:58Z,4.0,2.0,13,3.7,0.925,156,8.842917,1512,1,1512,1
ee388bc5b696,2026-07-18T01:49:58Z,4.0,2.0,13,3.7,0.925,157,8.899617,1512,1,1512,1
ee388bc5b696,2026-07-18T01:49:58Z,4.0,2.0,13,3.7,0.925,158,8.956281,0,0,0,0
ee388bc5b696,2026-07-18T01:49:58Z,4.0,2.0,13,3.7,0.925,159,9.012658,1512,1,1512,1
ee388bc5b696,2026-07-18T01:49:58Z,4.0,2.0,13,3.7,0.925,160,9.069885,1512,1,1512,1
ee388bc5b696,2026-07-18T01:49:58Z,4.0,2.0,13,3.7,0.925,161,9.127056,1512,1,1512,1
ee388bc5b696,2026-07-18T01:49:58Z,4.0,2.0,13,3.7,0.925,162,9.183785,0,0,0,0
ee388bc5b696,2026-07-18T01:49:58Z,4.0,2.0,13,3.7,0.925,163,9.240711,0,0,0,0
ee388bc5b696,2026-07-18T01:49:58Z,4.0,2.0,13,3.7,0.925,164,9.29753,1512,1,1512,1
ee388bc5b696,2026-07-18T01:49:58Z,4.0,2.0,13,3.7,0.925,165,9.354457,1512,1,1512,1
ee388bc5b696,2026-07-18T01:49:58Z,4.0,2.0,13,3.7,0.925,166,9.410856,0,0,0,0
ee388bc5b696,2026-07-18T01:49:58Z,4.0,2.0,13,3.7,0.925,167,9.467551,1512,1,1512,1
ee388bc5b696,2026-07-18T01:49:58Z,4.0,2.0,13,3.7,0.925,168,9.523775,0,0,0,0
ee388bc5b696,2026-07-18T01:49:58Z,4.0,2.0,13,3.7,0.925,169,9.580041,0,0,0,0
ee388bc5b696,2026-07-18T01:49:58Z,4.0,2.0,13,3.7,0.925,170,9.636871,1512,1,1512,1
ee388bc5b696,2026-07-18T01:49:58Z,4.0,2.0,13,3.7,0.925,171,9.693353,0,0,0,0
ee388bc5b696,2026-07-18T01:49:58Z,4.0,2.0,13,3.7,0.925,172,9.749924,0,0,0,0
ee388bc5b696,2026-07-18T01:49:58Z,4.0,2.0,13,3.7,0.925,173,9.807254,1512,1,1512,1
ee388bc5b696,2026-07-18T01:49:58Z,4.0,2.0,13,3.7,0.925,174,9.864103,1512,1,1512,1
ee388bc5b696,2026-07-18T01:49:58Z,4.0,2.0,13,3.7,0.925,175,9.920887,0,0,0,0
ee388bc5b696,2026-07-18T01:49:58Z,4.0,2.0,13,3.7,0.925,176,9.977097,0,0,0,0
ee388bc5b696,2026-07-18T01:49:58Z,4.0,2.0,13,3.7,0.925,177,10.033916,1512,1,1512,1
ee388bc5b696,2026-07-18T01:49:58Z,4.0,2.0,13,3.7,0.925,178,10.090188,0,0,0,0
ee388bc5b696,2026-07-18T01:49:58Z,4.0,2.0,13,3.7,0.925,179,10.146929,1512,1,1512,1
ee388bc5b696,2026-07-18T01:49:58Z,4.0,2.0,13,3.7,0.925,180,10.203518,1512,1,1512,1
ee388bc5b696,2026-07-18T01:49:58Z,4.0,2.0,13,3.7,0.925,181,10.260828,1512,1,1512,1
ee388bc5b696,2026-07-18T01:49:58Z,4.0,2.0,13,3.7,0.925,182,10.317674,0,0,0,0
ee388bc5b696,2026-07-18T01:49:58Z,4.0,2.0,13,3.7,0.925,183,10.374193,0,0,0,0
ee388bc5b696,2026-07-18T01:49:58Z,4.0,2.0,13,3.7,0.925,184,10.431542,0,0,0,0
ee388bc5b696,2026-07-18T01:49:58Z,4.0,2.0,13,3.7,0.925,185,10.488814,1512,1,1512,1
ee388bc5b696,2026-07-18T01:49:58Z,4.0,2.0,13,3.7,0.925,186,10.545965,1512,1,1512,1
ee388bc5b696,2026-07-18T01:49:58Z,4.0,2.0,13,3.7,0.925,187,10.603009,1512,1,1512,1
ee388bc5b696,2026-07-18T01:49:58Z,4.0,2.0,13,3.7,0.925,188,10.659758,0,0,0,0
ee388bc5b696,2026-07-18T01:49:58Z,4.0,2.0,13,3.7,0.925,189,10.716114,1512,1,1512,1
ee388bc5b696,2026-07-18T01:49:58Z,4.0,2.0,13,3.7,0.925,190,10.772434,0,0,0,0
ee388bc5b696,2026-07-18T01:49:58Z,4.0,2.0,13,3.7,0.925,191,10.828692,1512,1,1512,1
ee388bc5b696,2026-07-18T01:49:58Z,4.0,2.0,13,3.7,0.925,192,10.885184,1512,1,1512,1
ee388bc5b696,2026-07-18T01:49:58Z,4.0,2.0,13,3.7,0.925,193,10.942055,1512,1,1512,1
ee388bc5b696,2026-07-18T01:49:58Z,4.0,2.0,13,3.7,0.925,194,10.998936,0,0,0,0
ee388bc5b696,2026-07-18T01:49:58Z,4.0,2.0,13,3.7,0.925,195,11.055514,1512,1,1512,1
ee388bc5b696,2026-07-18T01:49:58Z,4.0,2.0,13,3.7,0.925,196,11.112152,1512,1,1512,1
ee388bc5b696,2026-07-18T01:49:58Z,4.0,2.0,13,3.7,0.925,197,11.168882,0,0,0,0
ee388bc5b696,2026-07-18T01:49:58Z,4.0,2.0,13,3.7,0.925,198,11.225849,1512,1,1512,1
ee388bc5b696,2026-07-18T01:49:58Z,4.0,2.0,13,3.7,0.925,199,11.282242,1512,1,1512,1
405dcb34fe90,2026-07-18T01:50:13Z,4.0,2.0,13,3.8,0.95,0,2e-06,18144,12,18144,12
405dcb34fe90,2026-07-18T01:50:13Z,4.0,2.0,13,3.8,0.95,1,0.055158,18144,12,18144,12
405dcb34fe90,2026-07-18T01:50:13Z,4.0,2.0,13,3.8,0.95,2,0.111845,18144,12,18144,12
405dcb34fe90,2026-07-18T01:50:13Z,4.0,2.0,13,3.8,0.95,3,0.168134,19656,13,19656,13
405dcb34fe90,2026-07-18T01:50:13Z,4.0,2.0,13,3.8,0.95,4,0.224948,19656,13,19656,13
405dcb34fe90,2026-07-18T01:50:13Z,4.0,2.0,13,3.8,0.95,5,0.281426,18144,12,18144,12
405dcb34fe90,2026-07-18T01:50:13Z,4.0,2.0,13,3.8,0.95,6,0.338248,19656,13,19656,13
405dcb34fe90,2026-07-18T01:50:13Z,4.0,2.0,13,3.8,0.95,7,0.394637,18144,12,18144,12
405dcb34fe90,2026-07-18T01:50:13Z,4.0,2.0,13,3.8,0.95,8,0.450888,19656,13,19656,13
405dcb34fe90,2026-07-18T01:50:13Z,4.0,2.0,13,3.8,0.95,9,0.507709,19656,13,19656,13
405dcb34fe90,2026-07-18T01:50:13Z,4.0,2.0,13,3.8,0.95,10,0.564098,19656,13,19656,13
405dcb34fe90,2026-07-18T01:50:13Z,4.0,2.0,13,3.8,0.95,11,0.620227,18144,12,18144,12
405dcb34fe90,2026-07-18T01:50:13Z,4.0,2.0,13,3.8,0.95,12,0.676529,19656,13,19656,13
405dcb34fe90,2026-07-18T01:50:13Z,4.0,2.0,13,3.8,0.95,13,0.733113,18144,12,18144,12
405dcb34fe90,2026-07-18T01:50:13Z,4.0,2.0,13,3.8,0.95,14,0.789262,19656,13,19656,13
405dcb34fe90,2026-07-18T01:50:13Z,4.0,2.0,13,3.8,0.95,15,0.844975,19656,13,19656,13
405dcb34fe90,2026-07-18T01:50:13Z,4.0,2.0,13,3.8,0.95,16,0.901333,18144,12,18144,12
405dcb34fe90,2026-07-18T01:50:13Z,4.0,2.0,13,3.8,0.95,17,0.957298,19656,13,19656,13
405dcb34fe90,2026-07-18T01:50:13Z,4.0,2.0,13,3.8,0.95,18,1.01345,18144,12,18144,12
405dcb34fe90,2026-07-18T01:50:13Z,4.0,2.0,13,3.8,0.95,19,1.070117,18144,12,18144,12
405dcb34fe90,2026-07-18T01:50:13Z,4.0,2.0,13,3.8,0.95,20,1.12668,18144,12,18144,12
405dcb34fe90,2026-07-18T01:50:13Z,4.0,2.0,13,3.8,0.95,21,1.183439,19656,13,19656,13
405dcb34fe90,2026-07-18T01:50:13Z,4.0,2.0,13,3.8,0.95,22,1.240295,18144,12,18144,12
405dcb34fe90,2026-07-18T01:50:13Z,4.0,2.0,13,3.8,0.95,23,1.297069,18144,12,18144,12
405dcb34fe90,2026-07-18T01:50:13Z,4.0,2.0,13,3.8,0.95,24,1.354003,18144,12,18144,12
405dcb34fe90,2026-07-18T01:50:13Z,4.0,2.0,13,3.8,0.95,25,1.410436,19656,13,19656,13
405dcb34fe90,2026-07-18T01:50:13Z,4.0,2.0,13,3.8,0.95,26,1.466902,18144,12,18144,12
405dcb34fe90,2026-07-18T01:50:13Z,4.0,2.0,13,3.8,0.95,27,1.523463,19656,13,19656,13
405dcb34fe90,2026-07-18T01:50:13Z,4.0,2.0,13,3.8,0.95,28,1.579575,18144,12,18144,12
405dcb34fe90,2026-07-18T01:50:13Z,4.0,2.0,13,3.8,0.95,29,1.635917,18144,12,18144,12
405dcb34fe90,2026-07-18T01:50:13Z,4.0,2.0,13,3.8,0.95,30,1.692314,19656,13,19656,13
405dcb34fe90,2026-07-18T01:50:13Z,4.0,2.0,13,3.8,0.95,31,1.748631,18144,12,18144,12
405dcb34fe90,2026-07-18T01:50:13Z,4.0,2.0,13,3.8,0.95,32,1.805033,18144,12,18144,12
405dcb34fe90,2026-07-18T01:50:13Z,4.0,2.0,13,3.8,0.95,33,1.861894,18144,12,18144,12
405dcb34fe90,2026-07-18T01:50:13Z,4.0,2.0,13,3.8,0.95,34,1.919213,19656,13,19656,13
405dcb34fe90,2026-07-18T01:50:13Z,4.0,2.0,13,3.8,0.95,35,1.975134,18144,12,18144,12
405dcb34fe90,2026-07-18T01:50:13Z,4.0,2.0,13,3.8,0.95,36,2.031696,19656,13,19656,13
405dcb34fe90,2026-07-18T01:50:13Z,4.0,2.0,13,3.8,0.95,37,2.088216,18144,12,18144,12
405dcb34fe90,2026-07-18T01:50:13Z,4.0,2.0,13,3.8,0.95,38,2.145129,19656,13,19656,13
405dcb34fe90,2026-07-18T01:50:13Z,4.0,2.0,13,3.8,0.95,39,2.202062,18144,12,18144,12
405dcb34fe90,2026-07-18T01:50:13Z,4.0,2.0,13,3.8,0.95,40,2.258816,18144,12,18144,12
405dcb34fe90,2026-07-18T01:50:13Z,4.0,2.0,13,3.8,0.95,41,2.315504,19656,13,19656,13
405dcb34fe90,2026-07-18T01:50:13Z,4.0,2.0,13,3.8,0.95,42,2.372412,19656,13,19656,13
405dcb34fe90,2026-07-18T01:50:13Z,4.0,2.0,13,3.8,0.95,43,2.429458,19656,13,19656,13
405dcb34fe90,2026-07-18T01:50:13Z,4.0,2.0,13,3.8,0.95,44,2.485417,18144,12,18144,12
405dcb34fe90,2026-07-18T01:50:13Z,4.0,2.0,13,3.8,0.95,45,2.542228,19656,13,19656,13
405dcb34fe90,2026-07-18T01:50:13Z,4.0,2.0,13,3.8,0.95,46,2.598353,18144,12,18144,12
405dcb34fe90,2026-07-18T01:50:13Z,4.0,2.0,13,3.8,0.95,47,2.654405,19656,13,19656,13
405dcb34fe90,2026-07-18T01:50:13Z,4.0,2.0,13,3.8,0.95,48,2.711021,18144,12,18144,12
405dcb34fe90,2026-07-18T01:50:13Z,4.0,2.0,13,3.8,0.95,49,2.767623,18144,12,18144,12
405dcb34fe90,2026-07-18T01:50:13Z,4.0,2.0,13,3.8,0.95,50,2.824103,19656,13,19656,13
405dcb34fe90,2026-07-18T01:50:13Z,4.0,2.0,13,3.8,0.95,51,2.88054,19656,13,19656,13
405dcb34fe90,2026-07-18T01:50:13Z,4.0,2.0,13,3.8,0.95,52,2.937033,18144,12,18144,12
405dcb34fe90,2026-07-18T01:50:13Z,4.0,2.0,13,3.8,0.95,53,2.993178,19656,13,19656,13
405dcb34fe90,2026-07-18T01:50:13Z,4.0,2.0,13,3.8,0.95,54,3.049682,19656,13,19656,13
405dcb34fe90,2026-07-18T01:50:13Z,4.0,2.0,13,3.8,0.95,55,3.106392,18144,12,18144,12
405dcb34fe90,2026-07-18T01:50:13Z,4.0,2.0,13,3.8,0.95,56,3.163425,19656,13,19656,13
405dcb34fe90,2026-07-18T01:50:13Z,4.0,2.0,13,3.8,0.95,57,3.220048,19656,13,19656,13
405dcb34fe90,2026-07-18T01:50:13Z,4.0,2.0,13,3.8,0.95,58,3.276581,19656,13,19656,13
405dcb34fe90,2026-07-18T01:50:13Z,4.0,2.0,13,3.8,0.95,59,3.333209,18144,12,18144,12
405dcb34fe90,2026-07-18T01:50:13Z,4.0,2.0,13,3.8,0.95,60,3.389607,18144,12,18144,12
405dcb34fe90,2026-07-18T01:50:13Z,4.0,2.0,13,3.8,0.95,61,3.446612,19656,13,19656,13
405dcb34fe90,2026-07-18T01:50:13Z,4.0,2.0,13,3.8,0.95,62,3.503365,19656,13,19656,13
405dcb34fe90,2026-07-18T01:50:13Z,4.0,2.0,13,3.8,0.95,63,3.559606,18144,12,18144,12
405dcb34fe90,2026-07-18T01:50:13Z,4.0,2.0,13,3.8,0.95,64,3.616504,18144,12,18144,12
405dcb34fe90,2026-07-18T01:50:13Z,4.0,2.0,13,3.8,0.95,65,3.674006,19656,13,19656,13
405dcb34fe90,2026-07-18T01:50:13Z,4.0,2.0,13,3.8,0.95,66,3.73038,19656,13,19656,13
405dcb34fe90,2026-07-18T01:50:13Z,4.0,2.0,13,3.8,0.95,67,3.787068,19656,13,19656,13
405dcb34fe90,2026-07-18T01:50:13Z,4.0,2.0,13,3.8,0.95,68,3.843745,18144,12,18144,12
405dcb34fe90,2026-07-18T01:50:13Z,4.0,2.0,13,3.8,0.95,69,3.900532,18144,12,18144,12
405dcb34fe90,2026-07-18T01:50:13Z,4.0,2.0,13,3.8,0.95,70,3.957345,18144,12,18144,12
405dcb34fe90,2026-07-18T01:50:13Z,4.0,2.0,13,3.8,0.95,71,4.013415,19656,13,19656,13
405dcb34fe90,2026-07-18T01:50:13Z,4.0,2.0,13,3.8,0.95,72,4.069902,18144,12,18144,12
405dcb34fe90,2026-07-18T01:50:13Z,4.0,2.0,13,3.8,0.95,73,4.126822,19656,13,19656,13
405dcb34fe90,2026-07-18T01:50:13Z,4.0,2.0,13,3.8,0.95,74,4.18335,18144,12,18144,12
405dcb34fe90,2026-07-18T01:50:13Z,4.0,2.0,13,3.8,0.95,75,4.240325,19656,13,19656,13
405dcb34fe90,2026-07-18T01:50:13Z,4.0,2.0,13,3.8,0.95,76,4.297523,18144,12,18144,12
405dcb34fe90,2026-07-18T01:50:13Z,4.0,2.0,13,3.8,0.95,77,4.354288,18144,12,18144,12
405dcb34fe90,2026-07-18T01:50:13Z,4.0,2.0,13,3.8,0.95,78,4.41138,18144,12,18144,12
405dcb34fe90,2026-07-18T01:50:13Z,4.0,2.0,13,3.8,0.95,79,4.468051,19656,13,19656,13
405dcb34fe90,2026-07-18T01:50:13Z,4.0,2.0,13,3.8,0.95,80,4.524762,19656,13,19656,13
405dcb34fe90,2026-07-18T01:50:13Z,4.0,2.0,13,3.8,0.95,81,4.581317,19656,13,19656,13
405dcb34fe90,2026-07-18T01:50:13Z,4.0,2.0,13,3.8,0.95,82,4.637545,19656,13,19656,13
405dcb34fe90,2026-07-18T01:50:13Z,4.0,2.0,13,3.8,0.95,83,4.693817,18144,12,18144,12
405dcb34fe90,2026-07-18T01:50:13Z,4.0,2.0,13,3.8,0.95,84,4.750225,19656,13,19656,13
405dcb34fe90,2026-07-18T01:50:13Z,4.0,2.0,13,3.8,0.95,85,4.806954,18144,12,18144,12
405dcb34fe90,2026-07-18T01:50:13Z,4.0,2.0,13,3.8,0.95,86,4.863316,19656,13,19656,13
405dcb34fe90,2026-07-18T01:50:13Z,4.0,2.0,13,3.8,0.95,87,4.91976,19656,13,19656,13
405dcb34fe90,2026-07-18T01:50:13Z,4.0,2.0,13,3.8,0.95,88,4.976288,19656,13,19656,13
405dcb34fe90,2026-07-18T01:50:13Z,4.0,2.0,13,3.8,0.95,89,5.03301,18144,12,18144,12
405dcb34fe90,2026-07-18T01:50:13Z,4.0,2.0,13,3.8,0.95,90,5.089496,18144,12,18144,12
405dcb34fe90,2026-07-18T01:50:13Z,4.0,2.0,13,3.8,0.95,91,5.146533,18144,12,18144,12
405dcb34fe90,2026-07-18T01:50:13Z,4.0,2.0,13,3.8,0.95,92,5.203316,19656,13,19656,13
405dcb34fe90,2026-07-18T01:50:13Z,4.0,2.0,13,3.8,0.95,93,5.260155,19656,13,19656,13
405dcb34fe90,2026-07-18T01:50:13Z,4.0,2.0,13,3.8,0.95,94,5.316566,18144,12,18144,12
405dcb34fe90,2026-07-18T01:50:13Z,4.0,2.0,13,3.8,0.95,95,5.373243,19656,13,19656,13
405dcb34fe90,2026-07-18T01:50:13Z,4.0,2.0,13,3.8,0.95,96,5.429409,18144,12,18144,12
405dcb34fe90,2026-07-18T01:50:13Z,4.0,2.0,13,3.8,0.95,97,5.486076,19656,13,19656,13
405dcb34fe90,2026-07-18T01:50:13Z,4.0,2.0,13,3.8,0.95,98,5.542579,18144,12,18144,12
405dcb34fe90,2026-07-18T01:50:13Z,4.0,2.0,13,3.8,0.95,99,5.599375,19656,13,19656,13
405dcb34fe90,2026-07-18T01:50:13Z,4.0,2.0,13,3.8,0.95,100,5.656219,18144,12,18144,12
405dcb34fe90,2026-07-18T01:50:13Z,4.0,2.0,13,3.8,0.95,101,5.712465,18144,12,18144,12
405dcb34fe90,2026-07-18T01:50:13Z,4.0,2.0,13,3.8,0.95,102,5.769255,18144,12,18144,12
405dcb34fe90,2026-07-18T01:50:13Z,4.0,2.0,13,3.8,0.95,103,5.825645,19656,13,19656,13
405dcb34fe90,2026-07-18T01:50:13Z,4.0,2.0,13,3.8,0.95,104,5.882287,18144,12,18144,12
405dcb34fe90,2026-07-18T01:50:13Z,4.0,2.0,13,3.8,0.95,105,5.939053,18144,12,18144,12
405dcb34fe90,2026-07-18T01:50:13Z,4.0,2.0,13,3.8,0.95,106,5.995633,19656,13,19656,13
405dcb34fe90,2026-07-18T01:50:13Z,4.0,2.0,13,3.8,0.95,107,6.052256,18144,12,18144,12
405dcb34fe90,2026-07-18T01:50:13Z,4.0,2.0,13,3.8,0.95,108,6.107827,19656,13,19656,13
405dcb34fe90,2026-07-18T01:50:13Z,4.0,2.0,13,3.8,0.95,109,6.164492,18144,12,18144,12
405dcb34fe90,2026-07-18T01:50:13Z,4.0,2.0,13,3.8,0.95,110,6.221173,19656,13,19656,13
405dcb34fe90,2026-07-18T01:50:13Z,4.0,2.0,13,3.8,0.95,111,6.277815,18144,12,18144,12
405dcb34fe90,2026-07-18T01:50:13Z,4.0,2.0,13,3.8,0.95,112,6.334396,19656,13,19656,13
405dcb34fe90,2026-07-18T01:50:13Z,4.0,2.0,13,3.8,0.95,113,6.39101,18144,12,18144,12
405dcb34fe90,2026-07-18T01:50:13Z,4.0,2.0,13,3.8,0.95,114,6.44763,18144,12,18144,12
405dcb34fe90,2026-07-18T01:50:13Z,4.0,2.0,13,3.8,0.95,115,6.503976,19656,13,19656,13
405dcb34fe90,2026-07-18T01:50:13Z,4.0,2.0,13,3.8,0.95,116,6.560827,19656,13,19656,13
405dcb34fe90,2026-07-18T01:50:13Z,4.0,2.0,13,3.8,0.95,117,6.617574,19656,13,19656,13
405dcb34fe90,2026-07-18T01:50:13Z,4.0,2.0,13,3.8,0.95,118,6.674322,18144,12,18144,12
405dcb34fe90,2026-07-18T01:50:13Z,4.0,2.0,13,3.8,0.95,119,6.730774,19656,13,19656,13
405dcb34fe90,2026-07-18T01:50:13Z,4.0,2.0,13,3.8,0.95,120,6.786933,18144,12,18144,12
405dcb34fe90,2026-07-18T01:50:13Z,4.0,2.0,13,3.8,0.95,121,6.843445,18144,12,18144,12
405dcb34fe90,2026-07-18T01:50:13Z,4.0,2.0,13,3.8,0.95,122,6.899636,19656,13,19656,13
405dcb34fe90,2026-07-18T01:50:13Z,4.0,2.0,13,3.8,0.95,123,6.956124,19656,13,19656,13
405dcb34fe90,2026-07-18T01:50:13Z,4.0,2.0,13,3.8,0.95,124,7.012241,19656,13,19656,13
405dcb34fe90,2026-07-18T01:50:13Z,4.0,2.0,13,3.8,0.95,125,7.068578,19656,13,19656,13
405dcb34fe90,2026-07-18T01:50:13Z,4.0,2.0,13,3.8,0.95,126,7.125054,18144,12,18144,12
405dcb34fe90,2026-07-18T01:50:13Z,4.0,2.0,13,3.8,0.95,127,7.181443,19656,13,19656,13
405dcb34fe90,2026-07-18T01:50:13Z,4.0,2.0,13,3.8,0.95,128,7.237819,18144,12,18144,12
405dcb34fe90,2026-07-18T01:50:13Z,4.0,2.0,13,3.8,0.95,129,7.294074,18144,12,18144,12
405dcb34fe90,2026-07-18T01:50:13Z,4.0,2.0,13,3.8,0.95,130,7.351112,19656,13,19656,13
405dcb34fe90,2026-07-18T01:50:13Z,4.0,2.0,13,3.8,0.95,131,7.407537,19656,13,19656,13
405dcb34fe90,2026-07-18T01:50:13Z,4.0,2.0,13,3.8,0.95,132,7.464352,19656,13,19656,13
405dcb34fe90,2026-07-18T01:50:13Z,4.0,2.0,13,3.8,0.95,133,7.521163,18144,12,18144,12
405dcb34fe90,2026-07-18T01:50:13Z,4.0,2.0,13,3.8,0.95,134,7.577875,18144,12,18144,12
405dcb34fe90,2026-07-18T01:50:13Z,4.0,2.0,13,3.8,0.95,135,7.634837,19656,13,19656,13
405dcb34fe90,2026-07-18T01:50:13Z,4.0,2.0,13,3.8,0.95,136,7.691633,19656,13,19656,13
405dcb34fe90,2026-07-18T01:50:13Z,4.0,2.0,13,3.8,0.95,137,7.747968,18144,12,18144,12
405dcb34fe90,2026-07-18T01:50:13Z,4.0,2.0,13,3.8,0.95,138,7.804322,19656,13,19656,13
405dcb34fe90,2026-07-18T01:50:13Z,4.0,2.0,13,3.8,0.95,139,7.86134,18144,12,18144,12
405dcb34fe90,2026-07-18T01:50:13Z,4.0,2.0,13,3.8,0.95,140,7.917956,19656,13,19656,13
405dcb34fe90,2026-07-18T01:50:13Z,4.0,2.0,13,3.8,0.95,141,7.974441,18144,12,18144,12
405dcb34fe90,2026-07-18T01:50:13Z,4.0,2.0,13,3.8,0.95,142,8.031365,18144,12,18144,12
405dcb34fe90,2026-07-18T01:50:13Z,4.0,2.0,13,3.8,0.95,143,8.088603,19656,13,19656,13
405dcb34fe90,2026-07-18T01:50:13Z,4.0,2.0,13,3.8,0.95,144,8.14433,18144,12,18144,12
405dcb34fe90,2026-07-18T01:50:13Z,4.0,2.0,13,3.8,0.95,145,8.200749,19656,13,19656,13
405dcb34fe90,2026-07-18T01:50:13Z,4.0,2.0,13,3.8,0.95,146,8.257408,19656,13,19656,13
405dcb34fe90,2026-07-18T01:50:13Z,4.0,2.0,13,3.8,0.95,147,8.314051,19656,13,19656,13
405dcb34fe90,2026-07-18T01:50:13Z,4.0,2.0,13,3.8,0.95,148,8.370419,19656,13,19656,13
405dcb34fe90,2026-07-18T01:50:13Z,4.0,2.0,13,3.8,0.95,149,8.426254,19656,13,19656,13
405dcb34fe90,2026-07-18T01:50:13Z,4.0,2.0,13,3.8,0.95,150,8.482339,18144,12,18144,12
405dcb34fe90,2026-07-18T01:50:13Z,4.0,2.0,13,3.8,0.95,151,8.538553,19656,13,19656,13
405dcb34fe90,2026-07-18T01:50:13Z,4.0,2.0,13,3.8,0.95,152,8.595535,18144,12,18144,12
405dcb34fe90,2026-07-18T01:50:13Z,4.0,2.0,13,3.8,0.95,153,8.652236,18144,12,18144,12
405dcb34fe90,2026-07-18T01:50:13Z,4.0,2.0,13,3.8,0.95,154,8.708992,18144,12,18144,12
405dcb34fe90,2026-07-18T01:50:13Z,4.0,2.0,13,3.8,0.95,155,8.765425,19656,13,19656,13
405dcb34fe90,2026-07-18T01:50:13Z,4.0,2.0,13,3.8,0.95,156,8.821807,19656,13,19656,13
405dcb34fe90,2026-07-18T01:50:13Z,4.0,2.0,13,3.8,0.95,157,8.878478,18144,12,18144,12
405dcb34fe90,2026-07-18T01:50:13Z,4.0,2.0,13,3.8,0.95,158,8.935191,19656,13,19656,13
405dcb34fe90,2026-07-18T01:50:13Z,4.0,2.0,13,3.8,0.95,159,8.991628,18144,12,18144,12
405dcb34fe90,2026-07-18T01:50:13Z,4.0,2.0,13,3.8,0.95,160,9.048207,19656,13,19656,13
405dcb34fe90,2026-07-18T01:50:13Z,4.0,2.0,13,3.8,0.95,161,9.105001,19656,13,19656,13
405dcb34fe90,2026-07-18T01:50:13Z,4.0,2.0,13,3.8,0.95,162,9.161386,19656,13,19656,13
405dcb34fe90,2026-07-18T01:50:13Z,4.0,2.0,13,3.8,0.95,163,9.217191,19656,13,19656,13
405dcb34fe90,2026-07-18T01:50:13Z,4.0,2.0,13,3.8,0.95,164,9.273768,18144,12,18144,12
405dcb34fe90,2026-07-18T01:50:13Z,4.0,2.0,13,3.8,0.95,165,9.330194,19656,13,19656,13
405dcb34fe90,2026-07-18T01:50:13Z,4.0,2.0,13,3.8,0.95,166,9.38628,18144,12,18144,12
405dcb34fe90,2026-07-18T01:50:13Z,4.0,2.0,13,3.8,0.95,167,9.442269,19656,13,19656,13
405dcb34fe90,2026-07-18T01:50:13Z,4.0,2.0,13,3.8,0.95,168,9.498333,18144,12,18144,12
405dcb34fe90,2026-07-18T01:50:13Z,4.0,2.0,13,3.8,0.95,169,9.554365,19656,13,19656,13
405dcb34fe90,2026-07-18T01:50:13Z,4.0,2.0,13,3.8,0.95,170,9.610364,19656,13,19656,13
405dcb34fe90,2026-07-18T01:50:13Z,4.0,2.0,13,3.8,0.95,171,9.666234,19656,13,19656,13
405dcb34fe90,2026-07-18T01:50:13Z,4.0,2.0,13,3.8,0.95,172,9.722347,19656,13,19656,13
405dcb34fe90,2026-07-18T01:50:13Z,4.0,2.0,13,3.8,0.95,173,9.779005,18144,12,18144,12
405dcb34fe90,2026-07-18T01:50:13Z,4.0,2.0,13,3.8,0.95,174,9.835472,19656,13,19656,13
405dcb34fe90,2026-07-18T01:50:13Z,4.0,2.0,13,3.8,0.95,175,9.891398,18144,12,18144,12
405dcb34fe90,2026-07-18T01:50:13Z,4.0,2.0,13,3.8,0.95,176,9.947944,18144,12,18144,12
405dcb34fe90,2026-07-18T01:50:13Z,4.0,2.0,13,3.8,0.95,177,10.004312,18144,12,18144,12
405dcb34fe90,2026-07-18T01:50:13Z,4.0,2.0,13,3.8,0.95,178,10.060347,18144,12,18144,12
405dcb34fe90,2026-07-18T01:50:13Z,4.0,2.0,13,3.8,0.95,179,10.116295,18144,12,18144,12
405dcb34fe90,2026-07-18T01:50:13Z,4.0,2.0,13,3.8,0.95,180,10.171815,18144,12,18144,12
405dcb34fe90,2026-07-18T01:50:13Z,4.0,2.0,13,3.8,0.95,181,10.227967,19656,13,19656,13
405dcb34fe90,2026-07-18T01:50:13Z,4.0,2.0,13,3.8,0.95,182,10.28486,18144,12,18144,12
405dcb34fe90,2026-07-18T01:50:13Z,4.0,2.0,13,3.8,0.95,183,10.341285,19656,13,19656,13
405dcb34fe90,2026-07-18T01:50:13Z,4.0,2.0,13,3.8,0.95,184,10.39714,19656,13,19656,13
405dcb34fe90,2026-07-18T01:50:13Z,4.0,2.0,13,3.8,0.95,185,10.453579,18144,12,18144,12
405dcb34fe90,2026-07-18T01:50:13Z,4.0,2.0,13,3.8,0.95,186,10.509466,19656,13,19656,13
405dcb34fe90,2026-07-18T01:50:13Z,4.0,2.0,13,3.8,0.95,187,10.565926,19656,13,19656,13
405dcb34fe90,2026-07-18T01:50:13Z,4.0,2.0,13,3.8,0.95,188,10.622399,18144,12,18144,12
405dcb34fe90,2026-07-18T01:50:13Z,4.0,2.0,13,3.8,0.95,189,10.679013,19656,13,19656,13
405dcb34fe90,2026-07-18T01:50:13Z,4.0,2.0,13,3.8,0.95,190,10.735466,18144,12,18144,12
405dcb34fe90,2026-07-18T01:50:13Z,4.0,2.0,13,3.8,0.95,191,10.792138,18144,12,18144,12
405dcb34fe90,2026-07-18T01:50:13Z,4.0,2.0,13,3.8,0.95,192,10.84882,18144,12,18144,12
405dcb34fe90,2026-07-18T01:50:13Z,4.0,2.0,13,3.8,0.95,193,10.905532,19656,13,19656,13
405dcb34fe90,2026-07-18T01:50:13Z,4.0,2.0,13,3.8,0.95,194,10.961731,19656,13,19656,13
405dcb34fe90,2026-07-18T01:50:13Z,4.0,2.0,13,3.8,0.95,195,11.018386,18144,12,18144,12
405dcb34fe90,2026-07-18T01:50:13Z,4.0,2.0,13,3.8,0.95,196,11.074935,19656,13,19656,13
405dcb34fe90,2026-07-18T01:50:13Z,4.0,2.0,13,3.8,0.95,197,11.13116,18144,12,18144,12
405dcb34fe90,2026-07-18T01:50:13Z,4.0,2.0,13,3.8,0.95,198,11.188286,19656,13,19656,13
405dcb34fe90,2026-07-18T01:50:13Z,4.0,2.0,13,3.8,0.95,199,11.244409,19656,13,19656,13
a7c3d4c2b124,2026-07-18T01:50:28Z,4.0,2.0,13,4.0,1.0,0,2e-06,19656,13,19656,13
a7c3d4c2b124,2026-07-18T01:50:28Z,4.0,2.0,13,4.0,1.0,1,0.055512,18144,12,18144,12
a7c3d4c2b124,2026-07-18T01:50:28Z,4.0,2.0,13,4.0,1.0,2,0.111694,19656,13,19656,13
a7c3d4c2b124,2026-07-18T01:50:28Z,4.0,2.0,13,4.0,1.0,3,0.167895,18144,12,18144,12
a7c3d4c2b124,2026-07-18T01:50:28Z,4.0,2.0,13,4.0,1.0,4,0.224344,18144,12,18144,12
a7c3d4c2b124,2026-07-18T01:50:28Z,4.0,2.0,13,4.0,1.0,5,0.280325,18144,12,18144,12
a7c3d4c2b124,2026-07-18T01:50:28Z,4.0,2.0,13,4.0,1.0,6,0.336571,19656,13,19656,13
a7c3d4c2b124,2026-07-18T01:50:28Z,4.0,2.0,13,4.0,1.0,7,0.392748,18144,12,18144,12
a7c3d4c2b124,2026-07-18T01:50:28Z,4.0,2.0,13,4.0,1.0,8,0.449289,19656,13,19656,13
a7c3d4c2b124,2026-07-18T01:50:28Z,4.0,2.0,13,4.0,1.0,9,0.505202,18144,12,18144,12
a7c3d4c2b124,2026-07-18T01:50:28Z,4.0,2.0,13,4.0,1.0,10,0.561435,19656,13,19656,13
a7c3d4c2b124,2026-07-18T01:50:28Z,4.0,2.0,13,4.0,1.0,11,0.617433,19656,13,19656,13
a7c3d4c2b124,2026-07-18T01:50:28Z,4.0,2.0,13,4.0,1.0,12,0.674039,19656,13,19656,13
a7c3d4c2b124,2026-07-18T01:50:28Z,4.0,2.0,13,4.0,1.0,13,0.730469,19656,13,19656,13
a7c3d4c2b124,2026-07-18T01:50:28Z,4.0,2.0,13,4.0,1.0,14,0.787195,18144,12,18144,12
a7c3d4c2b124,2026-07-18T01:50:28Z,4.0,2.0,13,4.0,1.0,15,0.843361,19656,13,19656,13
a7c3d4c2b124,2026-07-18T01:50:28Z,4.0,2.0,13,4.0,1.0,16,0.899693,18144,12,18144,12
a7c3d4c2b124,2026-07-18T01:50:28Z,4.0,2.0,13,4.0,1.0,17,0.956178,19656,13,19656,13
a7c3d4c2b124,2026-07-18T01:50:28Z,4.0,2.0,13,4.0,1.0,18,1.012609,18144,12,18144,12
a7c3d4c2b124,2026-07-18T01:50:28Z,4.0,2.0,13,4.0,1.0,19,1.069327,19656,13,19656,13
a7c3d4c2b124,2026-07-18T01:50:28Z,4.0,2.0,13,4.0,1.0,20,1.126024,18144,12,18144,12
a7c3d4c2b124,2026-07-18T01:50:28Z,4.0,2.0,13,4.0,1.0,21,1.182334,18144,12,18144,12
a7c3d4c2b124,2026-07-18T01:50:28Z,4.0,2.0,13,4.0,1.0,22,1.238911,18144,12,18144,12
a7c3d4c2b124,2026-07-18T01:50:28Z,4.0,2.0,13,4.0,1.0,23,1.295197,18144,12,18144,12
a7c3d4c2b124,2026-07-18T01:50:28Z,4.0,2.0,13,4.0,1.0,24,1.351321,19656,13,19656,13
a7c3d4c2b124,2026-07-18T01:50:28Z,4.0,2.0,13,4.0,1.0,25,1.407663,19656,13,19656,13
a7c3d4c2b124,2026-07-18T01:50:28Z,4.0,2.0,13,4.0,1.0,26,1.463864,19656,13,19656,13
a7c3d4c2b124,2026-07-18T01:50:28Z,4.0,2.0,13,4.0,1.0,27,1.520144,19656,13,19656,13
a7c3d4c2b124,2026-07-18T01:50:28Z,4.0,2.0,13,4.0,1.0,28,1.576369,19656,13,19656,13
a7c3d4c2b124,2026-07-18T01:50:28Z,4.0,2.0,13,4.0,1.0,29,1.63282,18144,12,18144,12
a7c3d4c2b124,2026-07-18T01:50:28Z,4.0,2.0,13,4.0,1.0,30,1.689083,19656,13,19656,13
a7c3d4c2b124,2026-07-18T01:50:28Z,4.0,2.0,13,4.0,1.0,31,1.745116,18144,12,18144,12
a7c3d4c2b124,2026-07-18T01:50:28Z,4.0,2.0,13,4.0,1.0,32,1.8018,19656,13,19656,13
a7c3d4c2b124,2026-07-18T01:50:28Z,4.0,2.0,13,4.0,1.0,33,1.858398,18144,12,18144,12
a7c3d4c2b124,2026-07-18T01:50:28Z,4.0,2.0,13,4.0,1.0,34,1.91481,18144,12,18144,12
a7c3d4c2b124,2026-07-18T01:50:28Z,4.0,2.0,13,4.0,1.0,35,1.970935,18144,12,18144,12
a7c3d4c2b124,2026-07-18T01:50:28Z,4.0,2.0,13,4.0,1.0,36,2.02709,19656,13,19656,13
a7c3d4c2b124,2026-07-18T01:50:28Z,4.0,2.0,13,4.0,1.0,37,2.08363,18144,12,18144,12
a7c3d4c2b124,2026-07-18T01:50:28Z,4.0,2.0,13,4.0,1.0,38,2.140345,19656,13,19656,13
a7c3d4c2b124,2026-07-18T01:50:28Z,4.0,2.0,13,4.0,1.0,39,2.196261,19656,13,19656,13
a7c3d4c2b124,2026-07-18T01:50:28Z,4.0,2.0,13,4.0,1.0,40,2.252259,19656,13,19656,13
a7c3d4c2b124,2026-07-18T01:50:28Z,4.0,2.0,13,4.0,1.0,41,2.308257,19656,13,19656,13
a7c3d4c2b124,2026-07-18T01:50:28Z,4.0,2.0,13,4.0,1.0,42,2.36441,19656,13,19656,13
a7c3d4c2b124,2026-07-18T01:50:28Z,4.0,2.0,13,4.0,1.0,43,2.420415,19656,13,19656,13
a7c3d4c2b124,2026-07-18T01:50:28Z,4.0,2.0,13,4.0,1.0,44,2.477021,16632,11,16632,11
a7c3d4c2b124,2026-07-18T01:50:28Z,4.0,2.0,13,4.0,1.0,45,2.533482,19656,13,19656,13
a7c3d4c2b124,2026-07-18T01:50:28Z,4.0,2.0,13,4.0,1.0,46,2.589889,18144,12,18144,12
a7c3d4c2b124,2026-07-18T01:50:28Z,4.0,2.0,13,4.0,1.0,47,2.646329,19656,13,19656,13
a7c3d4c2b124,2026-07-18T01:50:28Z,4.0,2.0,13,4.0,1.0,48,2.703703,18144,12,18144,12
a7c3d4c2b124,2026-07-18T01:50:28Z,4.0,2.0,13,4.0,1.0,49,2.760013,19656,13,19656,13
a7c3d4c2b124,2026-07-18T01:50:28Z,4.0,2.0,13,4.0,1.0,50,2.816307,18144,12,18144,12
a7c3d4c2b124,2026-07-18T01:50:28Z,4.0,2.0,13,4.0,1.0,51,2.871983,19656,13,19656,13
a7c3d4c2b124,2026-07-18T01:50:28Z,4.0,2.0,13,4.0,1.0,52,2.9282,19656,13,19656,13
a7c3d4c2b124,2026-07-18T01:50:28Z,4.0,2.0,13,4.0,1.0,53,2.984261,19656,13,19656,13
a7c3d4c2b124,2026-07-18T01:50:28Z,4.0,2.0,13,4.0,1.0,54,3.040312,19656,13,19656,13
a7c3d4c2b124,2026-07-18T01:50:28Z,4.0,2.0,13,4.0,1.0,55,3.096379,19656,13,19656,13
a7c3d4c2b124,2026-07-18T01:50:28Z,4.0,2.0,13,4.0,1.0,56,3.152596,19656,13,19656,13
a7c3d4c2b124,2026-07-18T01:50:28Z,4.0,2.0,13,4.0,1.0,57,3.208708,18144,12,18144,12
a7c3d4c2b124,2026-07-18T01:50:28Z,4.0,2.0,13,4.0,1.0,58,3.264971,19656,13,19656,13
a7c3d4c2b124,2026-07-18T01:50:28Z,4.0,2.0,13,4.0,1.0,59,3.321017,18144,12,18144,12
a7c3d4c2b124,2026-07-18T01:50:28Z,4.0,2.0,13,4.0,1.0,60,3.37677,19656,13,19656,13
a7c3d4c2b124,2026-07-18T01:50:28Z,4.0,2.0,13,4.0,1.0,61,3.432804,18144,12,18144,12
a7c3d4c2b124,2026-07-18T01:50:28Z,4.0,2.0,13,4.0,1.0,62,3.488559,19656,13,19656,13
a7c3d4c2b124,2026-07-18T01:50:28Z,4.0,2.0,13,4.0,1.0,63,3.544796,19656,13,19656,13
a7c3d4c2b124,2026-07-18T01:50:28Z,4.0,2.0,13,4.0,1.0,64,3.601138,19656,13,19656,13
a7c3d4c2b124,2026-07-18T01:50:28Z,4.0,2.0,13,4.0,1.0,65,3.65774,19656,13,19656,13
a7c3d4c2b124,2026-07-18T01:50:28Z,4.0,2.0,13,4.0,1.0,66,3.71431,18144,12,18144,12
a7c3d4c2b124,2026-07-18T01:50:28Z,4.0,2.0,13,4.0,1.0,67,3.770796,18144,12,18144,12
a7c3d4c2b124,2026-07-18T01:50:28Z,4.0,2.0,13,4.0,1.0,68,3.82744,19656,13,19656,13
a7c3d4c2b124,2026-07-18T01:50:28Z,4.0,2.0,13,4.0,1.0,69,3.883665,19656,13,19656,13
a7c3d4c2b124,2026-07-18T01:50:28Z,4.0,2.0,13,4.0,1.0,70,3.940126,19656,13,19656,13
a7c3d4c2b124,2026-07-18T01:50:28Z,4.0,2.0,13,4.0,1.0,71,3.996058,19656,13,19656,13
a7c3d4c2b124,2026-07-18T01:50:28Z,4.0,2.0,13,4.0,1.0,72,4.052454,18144,12,18144,12
a7c3d4c2b124,2026-07-18T01:50:28Z,4.0,2.0,13,4.0,1.0,73,4.108485,19656,13,19656,13
a7c3d4c2b124,2026-07-18T01:50:28Z,4.0,2.0,13,4.0,1.0,74,4.164779,18144,12,18144,12
a7c3d4c2b124,2026-07-18T01:50:28Z,4.0,2.0,13,4.0,1.0,75,4.221365,19656,13,19656,13
a7c3d4c2b124,2026-07-18T01:50:28Z,4.0,2.0,13,4.0,1.0,76,4.277285,18144,12,18144,12
a7c3d4c2b124,2026-07-18T01:50:28Z,4.0,2.0,13,4.0,1.0,77,4.33339,19656,13,19656,13
a7c3d4c2b124,2026-07-18T01:50:28Z,4.0,2.0,13,4.0,1.0,78,4.389304,19656,13,19656,13
a7c3d4c2b124,2026-07-18T01:50:28Z,4.0,2.0,13,4.0,1.0,79,4.445601,18144,12,18144,12
a7c3d4c2b124,2026-07-18T01:50:28Z,4.0,2.0,13,4.0,1.0,80,4.502425,18144,12,18144,12
a7c3d4c2b124,2026-07-18T01:50:28Z,4.0,2.0,13,4.0,1.0,81,4.55922,18144,12,18144,12
a7c3d4c2b124,2026-07-18T01:50:28Z,4.0,2.0,13,4.0,1.0,82,4.615273,18144,12,18144,12
a7c3d4c2b124,2026-07-18T01:50:28Z,4.0,2.0,13,4.0,1.0,83,4.671273,19656,13,19656,13
a7c3d4c2b124,2026-07-18T01:50:28Z,4.0,2.0,13,4.0,1.0,84,4.727809,19656,13,19656,13
a7c3d4c2b124,2026-07-18T01:50:28Z,4.0,2.0,13,4.0,1.0,85,4.783987,18144,12,18144,12
a7c3d4c2b124,2026-07-18T01:50:28Z,4.0,2.0,13,4.0,1.0,86,4.840292,19656,13,19656,13
a7c3d4c2b124,2026-07-18T01:50:28Z,4.0,2.0,13,4.0,1.0,87,4.896793,18144,12,18144,12
a7c3d4c2b124,2026-07-18T01:50:28Z,4.0,2.0,13,4.0,1.0,88,4.953113,18144,12,18144,12
a7c3d4c2b124,2026-07-18T01:50:28Z,4.0,2.0,13,4.0,1.0,89,5.009485,18144,12,18144,12
a7c3d4c2b124,2026-07-18T01:50:28Z,4.0,2.0,13,4.0,1.0,90,5.066226,18144,12,18144,12
a7c3d4c2b124,2026-07-18T01:50:28Z,4.0,2.0,13,4.0,1.0,91,5.122447,19656,13,19656,13
a7c3d4c2b124,2026-07-18T01:50:28Z,4.0,2.0,13,4.0,1.0,92,5.17878,19656,13,19656,13
a7c3d4c2b124,2026-07-18T01:50:28Z,4.0,2.0,13,4.0,1.0,93,5.235175,19656,13,19656,13
a7c3d4c2b124,2026-07-18T01:50:28Z,4.0,2.0,13,4.0,1.0,94,5.291701,19656,13,19656,13
a7c3d4c2b124,2026-07-18T01:50:28Z,4.0,2.0,13,4.0,1.0,95,5.348164,19656,13,19656,13
a7c3d4c2b124,2026-07-18T01:50:28Z,4.0,2.0,13,4.0,1.0,96,5.404097,19656,13,19656,13
a7c3d4c2b124,2026-07-18T01:50:28Z,4.0,2.0,13,4.0,1.0,97,5.459569,19656,13,19656,13
a7c3d4c2b124,2026-07-18T01:50:28Z,4.0,2.0,13,4.0,1.0,98,5.515793,18144,12,18144,12
a7c3d4c2b124,2026-07-18T01:50:28Z,4.0,2.0,13,4.0,1.0,99,5.572436,19656,13,19656,13
a7c3d4c2b124,2026-07-18T01:50:28Z,4.0,2.0,13,4.0,1.0,100,5.628264,18144,12,18144,12
a7c3d4c2b124,2026-07-18T01:50:28Z,4.0,2.0,13,4.0,1.0,101,5.684644,19656,13,19656,13
a7c3d4c2b124,2026-07-18T01:50:28Z,4.0,2.0,13,4.0,1.0,102,5.741043,19656,13,19656,13
a7c3d4c2b124,2026-07-18T01:50:28Z,4.0,2.0,13,4.0,1.0,103,5.797342,18144,12,18144,12
a7c3d4c2b124,2026-07-18T01:50:28Z,4.0,2.0,13,4.0,1.0,104,5.853671,19656,13,19656,13
a7c3d4c2b124,2026-07-18T01:50:28Z,4.0,2.0,13,4.0,1.0,105,5.909901,18144,12,18144,12
a7c3d4c2b124,2026-07-18T01:50:28Z,4.0,2.0,13,4.0,1.0,106,5.966987,19656,13,19656,13
a7c3d4c2b124,2026-07-18T01:50:28Z,4.0,2.0,13,4.0,1.0,107,6.024002,18144,12,18144,12
a7c3d4c2b124,2026-07-18T01:50:28Z,4.0,2.0,13,4.0,1.0,108,6.080765,19656,13,19656,13
a7c3d4c2b124,2026-07-18T01:50:28Z,4.0,2.0,13,4.0,1.0,109,6.136924,18144,12,18144,12
a7c3d4c2b124,2026-07-18T01:50:28Z,4.0,2.0,13,4.0,1.0,110,6.193021,19656,13,19656,13
a7c3d4c2b124,2026-07-18T01:50:28Z,4.0,2.0,13,4.0,1.0,111,6.248956,18144,12,18144,12
a7c3d4c2b124,2026-07-18T01:50:28Z,4.0,2.0,13,4.0,1.0,112,6.304859,19656,13,19656,13
a7c3d4c2b124,2026-07-18T01:50:28Z,4.0,2.0,13,4.0,1.0,113,6.361093,18144,12,18144,12
a7c3d4c2b124,2026-07-18T01:50:28Z,4.0,2.0,13,4.0,1.0,114,6.417209,19656,13,19656,13
a7c3d4c2b124,2026-07-18T01:50:28Z,4.0,2.0,13,4.0,1.0,115,6.473188,18144,12,18144,12
a7c3d4c2b124,2026-07-18T01:50:28Z,4.0,2.0,13,4.0,1.0,116,6.529896,18144,12,18144,12
a7c3d4c2b124,2026-07-18T01:50:28Z,4.0,2.0,13,4.0,1.0,117,6.586173,19656,13,19656,13
a7c3d4c2b124,2026-07-18T01:50:28Z,4.0,2.0,13,4.0,1.0,118,6.642366,19656,13,19656,13
a7c3d4c2b124,2026-07-18T01:50:28Z,4.0,2.0,13,4.0,1.0,119,6.699012,19656,13,19656,13
a7c3d4c2b124,2026-07-18T01:50:28Z,4.0,2.0,13,4.0,1.0,120,6.754986,19656,13,19656,13
a7c3d4c2b124,2026-07-18T01:50:28Z,4.0,2.0,13,4.0,1.0,121,6.811125,19656,13,19656,13
a7c3d4c2b124,2026-07-18T01:50:28Z,4.0,2.0,13,4.0,1.0,122,6.86731,18144,12,18144,12
a7c3d4c2b124,2026-07-18T01:50:28Z,4.0,2.0,13,4.0,1.0,123,6.924127,19656,13,19656,13
a7c3d4c2b124,2026-07-18T01:50:28Z,4.0,2.0,13,4.0,1.0,124,6.980336,18144,12,18144,12
a7c3d4c2b124,2026-07-18T01:50:28Z,4.0,2.0,13,4.0,1.0,125,7.036921,18144,12,18144,12
a7c3d4c2b124,2026-07-18T01:50:28Z,4.0,2.0,13,4.0,1.0,126,7.093154,18144,12,18144,12
a7c3d4c2b124,2026-07-18T01:50:28Z,4.0,2.0,13,4.0,1.0,127,7.149065,18144,12,18144,12
a7c3d4c2b124,2026-07-18T01:50:28Z,4.0,2.0,13,4.0,1.0,128,7.204911,18144,12,18144,12
a7c3d4c2b124,2026-07-18T01:50:28Z,4.0,2.0,13,4.0,1.0,129,7.261325,18144,12,18144,12
a7c3d4c2b124,2026-07-18T01:50:28Z,4.0,2.0,13,4.0,1.0,130,7.317699,19656,13,19656,13
a7c3d4c2b124,2026-07-18T01:50:28Z,4.0,2.0,13,4.0,1.0,131,7.374224,19656,13,19656,13
a7c3d4c2b124,2026-07-18T01:50:28Z,4.0,2.0,13,4.0,1.0,132,7.430889,19656,13,19656,13
a7c3d4c2b124,2026-07-18T01:50:28Z,4.0,2.0,13,4.0,1.0,133,7.487008,18144,12,18144,12
a7c3d4c2b124,2026-07-18T01:50:28Z,4.0,2.0,13,4.0,1.0,134,7.543842,19656,13,19656,13
a7c3d4c2b124,2026-07-18T01:50:28Z,4.0,2.0,13,4.0,1.0,135,7.600375,18144,12,18144,12
a7c3d4c2b124,2026-07-18T01:50:28Z,4.0,2.0,13,4.0,1.0,136,7.656331,19656,13,19656,13
a7c3d4c2b124,2026-07-18T01:50:28Z,4.0,2.0,13,4.0,1.0,137,7.712936,18144,12,18144,12
a7c3d4c2b124,2026-07-18T01:50:28Z,4.0,2.0,13,4.0,1.0,138,7.769168,18144,12,18144,12
a7c3d4c2b124,2026-07-18T01:50:28Z,4.0,2.0,13,4.0,1.0,139,7.825333,19656,13,19656,13
a7c3d4c2b124,2026-07-18T01:50:28Z,4.0,2.0,13,4.0,1.0,140,7.881911,19656,13,19656,13
a7c3d4c2b124,2026-07-18T01:50:28Z,4.0,2.0,13,4.0,1.0,141,7.937879,19656,13,19656,13
a7c3d4c2b124,2026-07-18T01:50:28Z,4.0,2.0,13,4.0,1.0,142,7.994171,19656,13,19656,13
a7c3d4c2b124,2026-07-18T01:50:28Z,4.0,2.0,13,4.0,1.0,143,8.050301,18144,12,18144,12
a7c3d4c2b124,2026-07-18T01:50:28Z,4.0,2.0,13,4.0,1.0,144,8.10695,19656,13,19656,13
a7c3d4c2b124,2026-07-18T01:50:28Z,4.0,2.0,13,4.0,1.0,145,8.16308,19656,13,19656,13
a7c3d4c2b124,2026-07-18T01:50:28Z,4.0,2.0,13,4.0,1.0,146,8.21947,19656,13,19656,13
a7c3d4c2b124,2026-07-18T01:50:28Z,4.0,2.0,13,4.0,1.0,147,8.275028,19656,13,19656,13
a7c3d4c2b124,2026-07-18T01:50:28Z,4.0,2.0,13,4.0,1.0,148,8.330875,19656,13,19656,13
a7c3d4c2b124,2026-07-18T01:50:28Z,4.0,2.0,13,4.0,1.0,149,8.387315,19656,13,19656,13
a7c3d4c2b124,2026-07-18T01:50:28Z,4.0,2.0,13,4.0,1.0,150,8.443117,18144,12,18144,12
a7c3d4c2b124,2026-07-18T01:50:28Z,4.0,2.0,13,4.0,1.0,151,8.4998,19656,13,19656,13
a7c3d4c2b124,2026-07-18T01:50:28Z,4.0,2.0,13,4.0,1.0,152,8.556217,18144,12,18144,12
a7c3d4c2b124,2026-07-18T01:50:28Z,4.0,2.0,13,4.0,1.0,153,8.612423,18144,12,18144,12
a7c3d4c2b124,2026-07-18T01:50:28Z,4.0,2.0,13,4.0,1.0,154,8.669172,18144,12,18144,12
a7c3d4c2b124,2026-07-18T01:50:28Z,4.0,2.0,13,4.0,1.0,155,8.725033,18144,12,18144,12
a7c3d4c2b124,2026-07-18T01:50:28Z,4.0,2.0,13,4.0,1.0,156,8.781099,19656,13,19656,13
a7c3d4c2b124,2026-07-18T01:50:28Z,4.0,2.0,13,4.0,1.0,157,8.837699,19656,13,19656,13
a7c3d4c2b124,2026-07-18T01:50:28Z,4.0,2.0,13,4.0,1.0,158,8.894175,19656,13,19656,13
a7c3d4c2b124,2026-07-18T01:50:28Z,4.0,2.0,13,4.0,1.0,159,8.951057,18144,12,18144,12
a7c3d4c2b124,2026-07-18T01:50:28Z,4.0,2.0,13,4.0,1.0,160,9.00722,19656,13,19656,13
a7c3d4c2b124,2026-07-18T01:50:28Z,4.0,2.0,13,4.0,1.0,161,9.063345,18144,12,18144,12
a7c3d4c2b124,2026-07-18T01:50:28Z,4.0,2.0,13,4.0,1.0,162,9.119322,19656,13,19656,13
a7c3d4c2b124,2026-07-18T01:50:28Z,4.0,2.0,13,4.0,1.0,163,9.175719,18144,12,18144,12
a7c3d4c2b124,2026-07-18T01:50:28Z,4.0,2.0,13,4.0,1.0,164,9.231891,19656,13,19656,13
a7c3d4c2b124,2026-07-18T01:50:28Z,4.0,2.0,13,4.0,1.0,165,9.288038,18144,12,18144,12
a7c3d4c2b124,2026-07-18T01:50:28Z,4.0,2.0,13,4.0,1.0,166,9.34403,18144,12,18144,12
a7c3d4c2b124,2026-07-18T01:50:28Z,4.0,2.0,13,4.0,1.0,167,9.400589,18144,12,18144,12
a7c3d4c2b124,2026-07-18T01:50:28Z,4.0,2.0,13,4.0,1.0,168,9.456977,18144,12,18144,12
a7c3d4c2b124,2026-07-18T01:50:28Z,4.0,2.0,13,4.0,1.0,169,9.513092,19656,13,19656,13
a7c3d4c2b124,2026-07-18T01:50:28Z,4.0,2.0,13,4.0,1.0,170,9.568845,18144,12,18144,12
a7c3d4c2b124,2026-07-18T01:50:28Z,4.0,2.0,13,4.0,1.0,171,9.624845,19656,13,19656,13
a7c3d4c2b124,2026-07-18T01:50:28Z,4.0,2.0,13,4.0,1.0,172,9.681438,18144,12,18144,12
a7c3d4c2b124,2026-07-18T01:50:28Z,4.0,2.0,13,4.0,1.0,173,9.73766,19656,13,19656,13
a7c3d4c2b124,2026-07-18T01:50:28Z,4.0,2.0,13,4.0,1.0,174,9.793934,19656,13,19656,13
a7c3d4c2b124,2026-07-18T01:50:28Z,4.0,2.0,13,4.0,1.0,175,9.850337,19656,13,19656,13
a7c3d4c2b124,2026-07-18T01:50:28Z,4.0,2.0,13,4.0,1.0,176,9.907009,18144,12,18144,12
a7c3d4c2b124,2026-07-18T01:50:28Z,4.0,2.0,13,4.0,1.0,177,9.96357,19656,13,19656,13
a7c3d4c2b124,2026-07-18T01:50:28Z,4.0,2.0,13,4.0,1.0,178,10.019822,18144,12,18144,12
a7c3d4c2b124,2026-07-18T01:50:28Z,4.0,2.0,13,4.0,1.0,179,10.076172,18144,12,18144,12
a7c3d4c2b124,2026-07-18T01:50:28Z,4.0,2.0,13,4.0,1.0,180,10.133019,19656,13,19656,13
a7c3d4c2b124,2026-07-18T01:50:28Z,4.0,2.0,13,4.0,1.0,181,10.18934,18144,12,18144,12
a7c3d4c2b124,2026-07-18T01:50:28Z,4.0,2.0,13,4.0,1.0,182,10.245056,18144,12,18144,12
a7c3d4c2b124,2026-07-18T01:50:28Z,4.0,2.0,13,4.0,1.0,183,10.301808,19656,13,19656,13
a7c3d4c2b124,2026-07-18T01:50:28Z,4.0,2.0,13,4.0,1.0,184,10.357864,19656,13,19656,13
a7c3d4c2b124,2026-07-18T01:50:28Z,4.0,2.0,13,4.0,1.0,185,10.414197,19656,13,19656,13
a7c3d4c2b124,2026-07-18T01:50:28Z,4.0,2.0,13,4.0,1.0,186,10.470491,19656,13,19656,13
a7c3d4c2b124,2026-07-18T01:50:28Z,4.0,2.0,13,4.0,1.0,187,10.527285,18144,12,18144,12
a7c3d4c2b124,2026-07-18T01:50:28Z,4.0,2.0,13,4.0,1.0,188,10.583485,19656,13,19656,13
a7c3d4c2b124,2026-07-18T01:50:28Z,4.0,2.0,13,4.0,1.0,189,10.639494,18144,12,18144,12
a7c3d4c2b124,2026-07-18T01:50:28Z,4.0,2.0,13,4.0,1.0,190,10.695819,19656,13,19656,13
a7c3d4c2b124,2026-07-18T01:50:28Z,4.0,2.0,13,4.0,1.0,191,10.751579,18144,12,18144,12
a7c3d4c2b124,2026-07-18T01:50:28Z,4.0,2.0,13,4.0,1.0,192,10.808121,18144,12,18144,12
a7c3d4c2b124,2026-07-18T01:50:28Z,4.0,2.0,13,4.0,1.0,193,10.864521,18144,12,18144,12
a7c3d4c2b124,2026-07-18T01:50:28Z,4.0,2.0,13,4.0,1.0,194,10.920942,19656,13,19656,13
a7c3d4c2b124,2026-07-18T01:50:28Z,4.0,2.0,13,4.0,1.0,195,10.977353,18144,12,18144,12
a7c3d4c2b124,2026-07-18T01:50:28Z,4.0,2.0,13,4.0,1.0,196,11.033551,19656,13,19656,13
a7c3d4c2b124,2026-07-18T01:50:28Z,4.0,2.0,13,4.0,1.0,197,11.090056,19656,13,19656,13
a7c3d4c2b124,2026-07-18T01:50:28Z,4.0,2.0,13,4.0,1.0,198,11.146226,18144,12,18144,12
a7c3d4c2b124,2026-07-18T01:50:28Z,4.0,2.0,13,4.0,1.0,199,11.202825,19656,13,19656,13
3b38892eb59c,2026-07-18T01:50:43Z,4.0,2.0,13,5.2,1.3,0,2e-06,18144,12,18144,12
3b38892eb59c,2026-07-18T01:50:43Z,4.0,2.0,13,5.2,1.3,1,0.055238,19656,13,19656,13
3b38892eb59c,2026-07-18T01:50:43Z,4.0,2.0,13,5.2,1.3,2,0.111828,19656,13,19656,13
3b38892eb59c,2026-07-18T01:50:43Z,4.0,2.0,13,5.2,1.3,3,0.168428,19656,13,19656,13
3b38892eb59c,2026-07-18T01:50:43Z,4.0,2.0,13,5.2,1.3,4,0.224934,19656,13,19656,13
3b38892eb59c,2026-07-18T01:50:43Z,4.0,2.0,13,5.2,1.3,5,0.280741,19656,13,19656,13
3b38892eb59c,2026-07-18T01:50:43Z,4.0,2.0,13,5.2,1.3,6,0.336613,19656,13,19656,13
3b38892eb59c,2026-07-18T01:50:43Z,4.0,2.0,13,5.2,1.3,7,0.392606,19656,13,19656,13
3b38892eb59c,2026-07-18T01:50:43Z,4.0,2.0,13,5.2,1.3,8,0.448864,19656,13,19656,13
3b38892eb59c,2026-07-18T01:50:43Z,4.0,2.0,13,5.2,1.3,9,0.504869,19656,13,19656,13
3b38892eb59c,2026-07-18T01:50:43Z,4.0,2.0,13,5.2,1.3,10,0.561539,18144,12,18144,12
3b38892eb59c,2026-07-18T01:50:43Z,4.0,2.0,13,5.2,1.3,11,0.617977,19656,13,19656,13
3b38892eb59c,2026-07-18T01:50:43Z,4.0,2.0,13,5.2,1.3,12,0.673849,19656,13,19656,13
3b38892eb59c,2026-07-18T01:50:43Z,4.0,2.0,13,5.2,1.3,13,0.729815,19656,13,19656,13
3b38892eb59c,2026-07-18T01:50:43Z,4.0,2.0,13,5.2,1.3,14,0.785607,19656,13,19656,13
3b38892eb59c,2026-07-18T01:50:43Z,4.0,2.0,13,5.2,1.3,15,0.8415,19656,13,19656,13
3b38892eb59c,2026-07-18T01:50:43Z,4.0,2.0,13,5.2,1.3,16,0.897842,19656,13,19656,13
3b38892eb59c,2026-07-18T01:50:43Z,4.0,2.0,13,5.2,1.3,17,0.953692,19656,13,19656,13
3b38892eb59c,2026-07-18T01:50:43Z,4.0,2.0,13,5.2,1.3,18,1.009675,19656,13,19656,13
3b38892eb59c,2026-07-18T01:50:43Z,4.0,2.0,13,5.2,1.3,19,1.066054,18144,12,18144,12
3b38892eb59c,2026-07-18T01:50:43Z,4.0,2.0,13,5.2,1.3,20,1.122077,19656,13,19656,13
3b38892eb59c,2026-07-18T01:50:43Z,4.0,2.0,13,5.2,1.3,21,1.178109,18144,12,18144,12
3b38892eb59c,2026-07-18T01:50:43Z,4.0,2.0,13,5.2,1.3,22,1.234636,19656,13,19656,13
3b38892eb59c,2026-07-18T01:50:43Z,4.0,2.0,13,5.2,1.3,23,1.29091,19656,13,19656,13
3b38892eb59c,2026-07-18T01:50:43Z,4.0,2.0,13,5.2,1.3,24,1.347672,18144,12,18144,12
3b38892eb59c,2026-07-18T01:50:43Z,4.0,2.0,13,5.2,1.3,25,1.403811,19656,13,19656,13
3b38892eb59c,2026-07-18T01:50:43Z,4.0,2.0,13,5.2,1.3,26,1.459582,18144,12,18144,12
3b38892eb59c,2026-07-18T01:50:43Z,4.0,2.0,13,5.2,1.3,27,1.515711,19656,13,19656,13
3b38892eb59c,2026-07-18T01:50:43Z,4.0,2.0,13,5.2,1.3,28,1.571431,18144,12,18144,12
3b38892eb59c,2026-07-18T01:50:43Z,4.0,2.0,13,5.2,1.3,29,1.627495,19656,13,19656,13
3b38892eb59c,2026-07-18T01:50:43Z,4.0,2.0,13,5.2,1.3,30,1.683785,18144,12,18144,12
3b38892eb59c,2026-07-18T01:50:43Z,4.0,2.0,13,5.2,1.3,31,1.739767,19656,13,19656,13
3b38892eb59c,2026-07-18T01:50:43Z,4.0,2.0,13,5.2,1.3,32,1.796686,19656,13,19656,13
3b38892eb59c,2026-07-18T01:50:43Z,4.0,2.0,13,5.2,1.3,33,1.852976,19656,13,19656,13
3b38892eb59c,2026-07-18T01:50:43Z,4.0,2.0,13,5.2,1.3,34,1.909267,19656,13,19656,13
3b38892eb59c,2026-07-18T01:50:43Z,4.0,2.0,13,5.2,1.3,35,1.96555,19656,13,19656,13
3b38892eb59c,2026-07-18T01:50:43Z,4.0,2.0,13,5.2,1.3,36,2.022,18144,12,18144,12
3b38892eb59c,2026-07-18T01:50:43Z,4.0,2.0,13,5.2,1.3,37,2.078188,19656,13,19656,13
3b38892eb59c,2026-07-18T01:50:43Z,4.0,2.0,13,5.2,1.3,38,2.134886,18144,12,18144,12
3b38892eb59c,2026-07-18T01:50:43Z,4.0,2.0,13,5.2,1.3,39,2.190968,19656,13,19656,13
3b38892eb59c,2026-07-18T01:50:43Z,4.0,2.0,13,5.2,1.3,40,2.247543,19656,13,19656,13
3b38892eb59c,2026-07-18T01:50:43Z,4.0,2.0,13,5.2,1.3,41,2.304018,19656,13,19656,13
3b38892eb59c,2026-07-18T01:50:43Z,4.0,2.0,13,5.2,1.3,42,2.360869,18144,12,18144,12
3b38892eb59c,2026-07-18T01:50:43Z,4.0,2.0,13,5.2,1.3,43,2.416771,19656,13,19656,13
3b38892eb59c,2026-07-18T01:50:43Z,4.0,2.0,13,5.2,1.3,44,2.472517,18144,12,18144,12
3b38892eb59c,2026-07-18T01:50:43Z,4.0,2.0,13,5.2,1.3,45,2.528433,19656,13,19656,13
3b38892eb59c,2026-07-18T01:50:43Z,4.0,2.0,13,5.2,1.3,46,2.584681,18144,12,18144,12
3b38892eb59c,2026-07-18T01:50:43Z,4.0,2.0,13,5.2,1.3,47,2.640755,18144,12,18144,12
3b38892eb59c,2026-07-18T01:50:43Z,4.0,2.0,13,5.2,1.3,48,2.697594,19656,13,19656,13
3b38892eb59c,2026-07-18T01:50:43Z,4.0,2.0,13,5.2,1.3,49,2.754372,19656,13,19656,13
3b38892eb59c,2026-07-18T01:50:43Z,4.0,2.0,13,5.2,1.3,50,2.810607,19656,13,19656,13
3b38892eb59c,2026-07-18T01:50:43Z,4.0,2.0,13,5.2,1.3,51,2.866642,19656,13,19656,13
3b38892eb59c,2026-07-18T01:50:43Z,4.0,2.0,13,5.2,1.3,52,2.92374,18144,12,18144,12
3b38892eb59c,2026-07-18T01:50:43Z,4.0,2.0,13,5.2,1.3,53,2.980006,18144,12,18144,12
3b38892eb59c,2026-07-18T01:50:43Z,4.0,2.0,13,5.2,1.3,54,3.036438,19656,13,19656,13
3b38892eb59c,2026-07-18T01:50:43Z,4.0,2.0,13,5.2,1.3,55,3.093483,19656,13,19656,13
3b38892eb59c,2026-07-18T01:50:43Z,4.0,2.0,13,5.2,1.3,56,3.149941,18144,12,18144,12
3b38892eb59c,2026-07-18T01:50:43Z,4.0,2.0,13,5.2,1.3,57,3.206277,19656,13,19656,13
3b38892eb59c,2026-07-18T01:50:43Z,4.0,2.0,13,5.2,1.3,58,3.262752,18144,12,18144,12
3b38892eb59c,2026-07-18T01:50:43Z,4.0,2.0,13,5.2,1.3,59,3.318914,18144,12,18144,12
3b38892eb59c,2026-07-18T01:50:43Z,4.0,2.0,13,5.2,1.3,60,3.374782,18144,12,18144,12
3b38892eb59c,2026-07-18T01:50:43Z,4.0,2.0,13,5.2,1.3,61,3.43066,19656,13,19656,13
3b38892eb59c,2026-07-18T01:50:43Z,4.0,2.0,13,5.2,1.3,62,3.486586,19656,13,19656,13
3b38892eb59c,2026-07-18T01:50:43Z,4.0,2.0,13,5.2,1.3,63,3.542902,18144,12,18144,12
3b38892eb59c,2026-07-18T01:50:43Z,4.0,2.0,13,5.2,1.3,64,3.59907,19656,13,19656,13
3b38892eb59c,2026-07-18T01:50:43Z,4.0,2.0,13,5.2,1.3,65,3.655971,19656,13,19656,13
3b38892eb59c,2026-07-18T01:50:43Z,4.0,2.0,13,5.2,1.3,66,3.71193,18144,12,18144,12
3b38892eb59c,2026-07-18T01:50:43Z,4.0,2.0,13,5.2,1.3,67,3.768142,19656,13,19656,13
3b38892eb59c,2026-07-18T01:50:43Z,4.0,2.0,13,5.2,1.3,68,3.824437,19656,13,19656,13
3b38892eb59c,2026-07-18T01:50:43Z,4.0,2.0,13,5.2,1.3,69,3.880693,19656,13,19656,13
3b38892eb59c,2026-07-18T01:50:43Z,4.0,2.0,13,5.2,1.3,70,3.936655,19656,13,19656,13
3b38892eb59c,2026-07-18T01:50:43Z,4.0,2.0,13,5.2,1.3,71,3.992927,19656,13,19656,13
3b38892eb59c,2026-07-18T01:50:43Z,4.0,2.0,13,5.2,1.3,72,4.048852,19656,13,19656,13
3b38892eb59c,2026-07-18T01:50:43Z,4.0,2.0,13,5.2,1.3,73,4.105275,18144,12,18144,12
3b38892eb59c,2026-07-18T01:50:43Z,4.0,2.0,13,5.2,1.3,74,4.162012,19656,13,19656,13
3b38892eb59c,2026-07-18T01:50:43Z,4.0,2.0,13,5.2,1.3,75,4.218387,19656,13,19656,13
3b38892eb59c,2026-07-18T01:50:43Z,4.0,2.0,13,5.2,1.3,76,4.27503,19656,13,19656,13
3b38892eb59c,2026-07-18T01:50:43Z,4.0,2.0,13,5.2,1.3,77,4.330995,19656,13,19656,13
3b38892eb59c,2026-07-18T01:50:43Z,4.0,2.0,13,5.2,1.3,78,4.388163,19656,13,19656,13
3b38892eb59c,2026-07-18T01:50:43Z,4.0,2.0,13,5.2,1.3,79,4.444688,19656,13,19656,13
3b38892eb59c,2026-07-18T01:50:43Z,4.0,2.0,13,5.2,1.3,80,4.501128,18144,12,18144,12
3b38892eb59c,2026-07-18T01:50:43Z,4.0,2.0,13,5.2,1.3,81,4.557305,19656,13,19656,13
3b38892eb59c,2026-07-18T01:50:43Z,4.0,2.0,13,5.2,1.3,82,4.613591,19656,13,19656,13
3b38892eb59c,2026-07-18T01:50:43Z,4.0,2.0,13,5.2,1.3,83,4.669968,19656,13,19656,13
3b38892eb59c,2026-07-18T01:50:43Z,4.0,2.0,13,5.2,1.3,84,4.726177,19656,13,19656,13
3b38892eb59c,2026-07-18T01:50:43Z,4.0,2.0,13,5.2,1.3,85,4.782738,18144,12,18144,12
3b38892eb59c,2026-07-18T01:50:43Z,4.0,2.0,13,5.2,1.3,86,4.839073,19656,13,19656,13
3b38892eb59c,2026-07-18T01:50:43Z,4.0,2.0,13,5.2,1.3,87,4.894878,18144,12,18144,12
3b38892eb59c,2026-07-18T01:50:43Z,4.0,2.0,13,5.2,1.3,88,4.951049,19656,13,19656,13
3b38892eb59c,2026-07-18T01:50:43Z,4.0,2.0,13,5.2,1.3,89,5.006994,18144,12,18144,12
3b38892eb59c,2026-07-18T01:50:43Z,4.0,2.0,13,5.2,1.3,90,5.062862,19656,13,19656,13
3b38892eb59c,2026-07-18T01:50:43Z,4.0,2.0,13,5.2,1.3,91,5.119067,18144,12,18144,12
3b38892eb59c,2026-07-18T01:50:43Z,4.0,2.0,13,5.2,1.3,92,5.175447,19656,13,19656,13
3b38892eb59c,2026-07-18T01:50:43Z,4.0,2.0,13,5.2,1.3,93,5.232145,19656,13,19656,13
3b38892eb59c,2026-07-18T01:50:43Z,4.0,2.0,13,5.2,1.3,94,5.288939,19656,13,19656,13
3b38892eb59c,2026-07-18T01:50:43Z,4.0,2.0,13,5.2,1.3,95,5.345174,18144,12,18144,12
3b38892eb59c,2026-07-18T01:50:43Z,4.0,2.0,13,5.2,1.3,96,5.402044,19656,13,19656,13
3b38892eb59c,2026-07-18T01:50:43Z,4.0,2.0,13,5.2,1.3,97,5.458007,18144,12,18144,12
3b38892eb59c,2026-07-18T01:50:43Z,4.0,2.0,13,5.2,1.3,98,5.514248,18144,12,18144,12
3b38892eb59c,2026-07-18T01:50:43Z,4.0,2.0,13,5.2,1.3,99,5.570433,19656,13,19656,13
3b38892eb59c,2026-07-18T01:50:43Z,4.0,2.0,13,5.2,1.3,100,5.626223,18144,12,18144,12
3b38892eb59c,2026-07-18T01:50:43Z,4.0,2.0,13,5.2,1.3,101,5.682581,19656,13,19656,13
3b38892eb59c,2026-07-18T01:50:43Z,4.0,2.0,13,5.2,1.3,102,5.7389,19656,13,19656,13
3b38892eb59c,2026-07-18T01:50:43Z,4.0,2.0,13,5.2,1.3,103,5.795179,19656,13,19656,13
3b38892eb59c,2026-07-18T01:50:43Z,4.0,2.0,13,5.2,1.3,104,5.851486,19656,13,19656,13
3b38892eb59c,2026-07-18T01:50:43Z,4.0,2.0,13,5.2,1.3,105,5.907998,19656,13,19656,13
3b38892eb59c,2026-07-18T01:50:43Z,4.0,2.0,13,5.2,1.3,106,5.96412,19656,13,19656,13
3b38892eb59c,2026-07-18T01:50:43Z,4.0,2.0,13,5.2,1.3,107,6.020364,19656,13,19656,13
3b38892eb59c,2026-07-18T01:50:43Z,4.0,2.0,13,5.2,1.3,108,6.076759,18144,12,18144,12
3b38892eb59c,2026-07-18T01:50:43Z,4.0,2.0,13,5.2,1.3,109,6.132733,19656,13,19656,13
3b38892eb59c,2026-07-18T01:50:43Z,4.0,2.0,13,5.2,1.3,110,6.189045,18144,12,18144,12
3b38892eb59c,2026-07-18T01:50:43Z,4.0,2.0,13,5.2,1.3,111,6.244924,19656,13,19656,13
3b38892eb59c,2026-07-18T01:50:43Z,4.0,2.0,13,5.2,1.3,112,6.3006,18144,12,18144,12
3b38892eb59c,2026-07-18T01:50:43Z,4.0,2.0,13,5.2,1.3,113,6.356528,19656,13,19656,13
3b38892eb59c,2026-07-18T01:50:43Z,4.0,2.0,13,5.2,1.3,114,6.412395,18144,12,18144,12
3b38892eb59c,2026-07-18T01:50:43Z,4.0,2.0,13,5.2,1.3,115,6.468271,19656,13,19656,13
3b38892eb59c,2026-07-18T01:50:43Z,4.0,2.0,13,5.2,1.3,116,6.524579,18144,12,18144,12
3b38892eb59c,2026-07-18T01:50:43Z,4.0,2.0,13,5.2,1.3,117,6.580695,19656,13,19656,13
3b38892eb59c,2026-07-18T01:50:43Z,4.0,2.0,13,5.2,1.3,118,6.636788,19656,13,19656,13
3b38892eb59c,2026-07-18T01:50:43Z,4.0,2.0,13,5.2,1.3,119,6.693263,19656,13,19656,13
3b38892eb59c,2026-07-18T01:50:43Z,4.0,2.0,13,5.2,1.3,120,6.749431,19656,13,19656,13
3b38892eb59c,2026-07-18T01:50:43Z,4.0,2.0,13,5.2,1.3,121,6.805728,18144,12,18144,12
3b38892eb59c,2026-07-18T01:50:43Z,4.0,2.0,13,5.2,1.3,122,6.861932,19656,13,19656,13
3b38892eb59c,2026-07-18T01:50:43Z,4.0,2.0,13,5.2,1.3,123,6.917861,18144,12,18144,12
3b38892eb59c,2026-07-18T01:50:43Z,4.0,2.0,13,5.2,1.3,124,6.974144,19656,13,19656,13
3b38892eb59c,2026-07-18T01:50:43Z,4.0,2.0,13,5.2,1.3,125,7.030178,18144,12,18144,12
3b38892eb59c,2026-07-18T01:50:43Z,4.0,2.0,13,5.2,1.3,126,7.086429,18144,12,18144,12
3b38892eb59c,2026-07-18T01:50:43Z,4.0,2.0,13,5.2,1.3,127,7.142677,18144,12,18144,12
3b38892eb59c,2026-07-18T01:50:43Z,4.0,2.0,13,5.2,1.3,128,7.198676,18144,12,18144,12
3b38892eb59c,2026-07-18T01:50:43Z,4.0,2.0,13,5.2,1.3,129,7.255075,19656,13,19656,13
3b38892eb59c,2026-07-18T01:50:43Z,4.0,2.0,13,5.2,1.3,130,7.311853,19656,13,19656,13
3b38892eb59c,2026-07-18T01:50:43Z,4.0,2.0,13,5.2,1.3,131,7.368089,18144,12,18144,12
3b38892eb59c,2026-07-18T01:50:43Z,4.0,2.0,13,5.2,1.3,132,7.423941,19656,13,19656,13
3b38892eb59c,2026-07-18T01:50:43Z,4.0,2.0,13,5.2,1.3,133,7.480485,18144,12,18144,12
3b38892eb59c,2026-07-18T01:50:43Z,4.0,2.0,13,5.2,1.3,134,7.53765,18144,12,18144,12
3b38892eb59c,2026-07-18T01:50:43Z,4.0,2.0,13,5.2,1.3,135,7.593529,19656,13,19656,13
3b38892eb59c,2026-07-18T01:50:43Z,4.0,2.0,13,5.2,1.3,136,7.650089,19656,13,19656,13
3b38892eb59c,2026-07-18T01:50:43Z,4.0,2.0,13,5.2,1.3,137,7.706659,18144,12,18144,12
3b38892eb59c,2026-07-18T01:50:43Z,4.0,2.0,13,5.2,1.3,138,7.762634,19656,13,19656,13
3b38892eb59c,2026-07-18T01:50:43Z,4.0,2.0,13,5.2,1.3,139,7.818361,18144,12,18144,12
3b38892eb59c,2026-07-18T01:50:43Z,4.0,2.0,13,5.2,1.3,140,7.874643,19656,13,19656,13
3b38892eb59c,2026-07-18T01:50:43Z,4.0,2.0,13,5.2,1.3,141,7.930865,19656,13,19656,13
3b38892eb59c,2026-07-18T01:50:43Z,4.0,2.0,13,5.2,1.3,142,7.987346,18144,12,18144,12
3b38892eb59c,2026-07-18T01:50:43Z,4.0,2.0,13,5.2,1.3,143,8.04384,19656,13,19656,13
3b38892eb59c,2026-07-18T01:50:43Z,4.0,2.0,13,5.2,1.3,144,8.10065,19656,13,19656,13
3b38892eb59c,2026-07-18T01:50:43Z,4.0,2.0,13,5.2,1.3,145,8.157191,18144,12,18144,12
3b38892eb59c,2026-07-18T01:50:43Z,4.0,2.0,13,5.2,1.3,146,8.213197,19656,13,19656,13
3b38892eb59c,2026-07-18T01:50:43Z,4.0,2.0,13,5.2,1.3,147,8.269564,18144,12,18144,12
3b38892eb59c,2026-07-18T01:50:43Z,4.0,2.0,13,5.2,1.3,148,8.325734,19656,13,19656,13
3b38892eb59c,2026-07-18T01:50:43Z,4.0,2.0,13,5.2,1.3,149,8.381952,19656,13,19656,13
3b38892eb59c,2026-07-18T01:50:43Z,4.0,2.0,13,5.2,1.3,150,8.438008,19656,13,19656,13
3b38892eb59c,2026-07-18T01:50:43Z,4.0,2.0,13,5.2,1.3,151,8.494437,19656,13,19656,13
3b38892eb59c,2026-07-18T01:50:43Z,4.0,2.0,13,5.2,1.3,152,8.550743,18144,12,18144,12
3b38892eb59c,2026-07-18T01:50:43Z,4.0,2.0,13,5.2,1.3,153,8.606707,19656,13,19656,13
3b38892eb59c,2026-07-18T01:50:43Z,4.0,2.0,13,5.2,1.3,154,8.662576,18144,12,18144,12
3b38892eb59c,2026-07-18T01:50:43Z,4.0,2.0,13,5.2,1.3,155,8.718661,19656,13,19656,13
3b38892eb59c,2026-07-18T01:50:43Z,4.0,2.0,13,5.2,1.3,156,8.774891,18144,12,18144,12
3b38892eb59c,2026-07-18T01:50:43Z,4.0,2.0,13,5.2,1.3,157,8.830821,19656,13,19656,13
3b38892eb59c,2026-07-18T01:50:43Z,4.0,2.0,13,5.2,1.3,158,8.887028,18144,12,18144,12
3b38892eb59c,2026-07-18T01:50:43Z,4.0,2.0,13,5.2,1.3,159,8.943004,19656,13,19656,13
3b38892eb59c,2026-07-18T01:50:43Z,4.0,2.0,13,5.2,1.3,160,8.998817,19656,13,19656,13
3b38892eb59c,2026-07-18T01:50:43Z,4.0,2.0,13,5.2,1.3,161,9.054919,19656,13,19656,13
3b38892eb59c,2026-07-18T01:50:43Z,4.0,2.0,13,5.2,1.3,162,9.110459,19656,13,19656,13
3b38892eb59c,2026-07-18T01:50:43Z,4.0,2.0,13,5.2,1.3,163,9.166819,18144,12,18144,12
3b38892eb59c,2026-07-18T01:50:43Z,4.0,2.0,13,5.2,1.3,164,9.223321,19656,13,19656,13
3b38892eb59c,2026-07-18T01:50:43Z,4.0,2.0,13,5.2,1.3,165,9.279634,18144,12,18144,12
3b38892eb59c,2026-07-18T01:50:43Z,4.0,2.0,13,5.2,1.3,166,9.336196,19656,13,19656,13
3b38892eb59c,2026-07-18T01:50:43Z,4.0,2.0,13,5.2,1.3,167,9.392653,18144,12,18144,12
3b38892eb59c,2026-07-18T01:50:43Z,4.0,2.0,13,5.2,1.3,168,9.448927,19656,13,19656,13
3b38892eb59c,2026-07-18T01:50:43Z,4.0,2.0,13,5.2,1.3,169,9.505193,19656,13,19656,13
3b38892eb59c,2026-07-18T01:50:43Z,4.0,2.0,13,5.2,1.3,170,9.561652,19656,13,19656,13
3b38892eb59c,2026-07-18T01:50:43Z,4.0,2.0,13,5.2,1.3,171,9.617859,18144,12,18144,12
3b38892eb59c,2026-07-18T01:50:43Z,4.0,2.0,13,5.2,1.3,172,9.674652,19656,13,19656,13
3b38892eb59c,2026-07-18T01:50:43Z,4.0,2.0,13,5.2,1.3,173,9.730743,18144,12,18144,12
3b38892eb59c,2026-07-18T01:50:43Z,4.0,2.0,13,5.2,1.3,174,9.787048,19656,13,19656,13
3b38892eb59c,2026-07-18T01:50:43Z,4.0,2.0,13,5.2,1.3,175,9.842967,18144,12,18144,12
3b38892eb59c,2026-07-18T01:50:43Z,4.0,2.0,13,5.2,1.3,176,9.899137,19656,13,19656,13
3b38892eb59c,2026-07-18T01:50:43Z,4.0,2.0,13,5.2,1.3,177,9.955494,19656,13,19656,13
3b38892eb59c,2026-07-18T01:50:43Z,4.0,2.0,13,5.2,1.3,178,10.012263,19656,13,19656,13
3b38892eb59c,2026-07-18T01:50:43Z,4.0,2.0,13,5.2,1.3,179,10.069303,18144,12,18144,12
3b38892eb59c,2026-07-18T01:50:43Z,4.0,2.0,13,5.2,1.3,180,10.125742,19656,13,19656,13
3b38892eb59c,2026-07-18T01:50:43Z,4.0,2.0,13,5.2,1.3,181,10.182153,19656,13,19656,13
3b38892eb59c,2026-07-18T01:50:43Z,4.0,2.0,13,5.2,1.3,182,10.238637,19656,13,19656,13
3b38892eb59c,2026-07-18T01:50:43Z,4.0,2.0,13,5.2,1.3,183,10.29498,18144,12,18144,12
3b38892eb59c,2026-07-18T01:50:43Z,4.0,2.0,13,5.2,1.3,184,10.351308,19656,13,19656,13
3b38892eb59c,2026-07-18T01:50:43Z,4.0,2.0,13,5.2,1.3,185,10.407982,18144,12,18144,12
3b38892eb59c,2026-07-18T01:50:43Z,4.0,2.0,13,5.2,1.3,186,10.464,19656,13,19656,13
3b38892eb59c,2026-07-18T01:50:43Z,4.0,2.0,13,5.2,1.3,187,10.519885,18144,12,18144,12
3b38892eb59c,2026-07-18T01:50:43Z,4.0,2.0,13,5.2,1.3,188,10.576018,19656,13,19656,13
3b38892eb59c,2026-07-18T01:50:43Z,4.0,2.0,13,5.2,1.3,189,10.63166,18144,12,18144,12
3b38892eb59c,2026-07-18T01:50:43Z,4.0,2.0,13,5.2,1.3,190,10.687597,19656,13,19656,13
3b38892eb59c,2026-07-18T01:50:43Z,4.0,2.0,13,5.2,1.3,191,10.743577,19656,13,19656,13
3b38892eb59c,2026-07-18T01:50:43Z,4.0,2.0,13,5.2,1.3,192,10.799764,19656,13,19656,13
3b38892eb59c,2026-07-18T01:50:43Z,4.0,2.0,13,5.2,1.3,193,10.855939,19656,13,19656,13
3b38892eb59c,2026-07-18T01:50:43Z,4.0,2.0,13,5.2,1.3,194,10.911817,19656,13,19656,13
3b38892eb59c,2026-07-18T01:50:43Z,4.0,2.0,13,5.2,1.3,195,10.967968,19656,13,19656,13
3b38892eb59c,2026-07-18T01:50:43Z,4.0,2.0,13,5.2,1.3,196,11.023682,19656,13,19656,13
3b38892eb59c,2026-07-18T01:50:43Z,4.0,2.0,13,5.2,1.3,197,11.079444,19656,13,19656,13
3b38892eb59c,2026-07-18T01:50:43Z,4.0,2.0,13,5.2,1.3,198,11.13554,18144,12,18144,12
3b38892eb59c,2026-07-18T01:50:43Z,4.0,2.0,13,5.2,1.3,199,11.192204,19656,13,19656,13
