mode,t_rel,offered_mbps,util_kernel,util_ditto,aoi_s,error,abs_error,du_dt,error_pred,read_gap_s,ditto_ok,t_source,t_read,ts
static,0.231,2.0,0.01177,0.0,4.879,-0.01177,0.01177,,,0.0158,1,1784300609.981,1784300614.86,1784300614.86
static,0.448,2.0,0.0,0.0,5.0888,0.0,0.0,0.05613,0.28565,0.0093,1,1784300609.981,1784300615.07,1784300615.07
static,0.658,2.0,0.0,0.00708,0.3019,0.00708,0.00708,0.0,0.0,0.0135,1,1784300614.982,1784300615.284,1784300615.284
static,0.872,2.0,0.0,0.00708,0.5154,0.00708,0.00708,0.0,0.0,0.0128,1,1784300614.982,1784300615.497,1784300615.498
static,1.085,2.0,0.00294,0.00708,0.7279,0.00414,0.00414,0.01386,0.01009,0.012,1,1784300614.982,1784300615.71,1784300615.71
static,1.298,2.0,0.0,0.00708,0.9411,0.00708,0.00708,0.0138,0.01299,0.0127,1,1784300614.982,1784300615.923,1784300615.923
static,1.511,2.0,0.0,0.00708,1.1511,0.00708,0.00708,0.0,0.0,0.0107,1,1784300614.982,1784300616.133,1784300616.134
static,1.722,2.0,0.0,0.00118,0.365,0.00118,0.00118,0.0,0.0,0.0122,1,1784300615.982,1784300616.347,1784300616.347
static,1.935,2.0,0.00035,0.00118,0.5788,0.00083,0.00083,0.00163,0.00095,0.0133,1,1784300615.982,1784300616.561,1784300616.561
static,2.149,2.0,0.00294,0.00118,0.7934,-0.00176,0.00176,0.01209,0.00959,0.014,1,1784300615.982,1784300616.775,1784300616.776
static,2.363,2.0,0.0,0.00118,1.0061,0.00118,0.00118,0.01383,0.01391,0.0124,1,1784300615.982,1784300616.988,1784300616.988
static,2.576,2.0,0.0,0.00132,0.2156,0.00132,0.00132,0.0,0.0,0.009,1,1784300616.982,1784300617.198,1784300617.198
static,2.785,2.0,0.0,0.00132,0.4299,0.00132,0.00132,0.0,0.0,0.0137,1,1784300616.982,1784300617.412,1784300617.412
static,3.0,2.0,0.0,0.00132,0.6479,0.00132,0.00132,0.0,0.0,0.0175,1,1784300616.982,1784300617.63,1784300617.63
static,3.218,2.0,0.00294,0.00132,0.8621,-0.00162,0.00162,0.01374,0.01185,0.0137,1,1784300616.982,1784300617.844,1784300617.844
static,3.432,2.0,0.0,0.00132,1.072,0.00132,0.00132,0.01402,0.01503,0.0095,1,1784300616.982,1784300618.054,1784300618.054
static,3.642,2.0,0.0,0.00118,0.2859,0.00118,0.00118,0.0,0.0,0.0134,1,1784300617.982,1784300618.268,1784300618.268
static,3.856,2.0,0.0,0.00118,0.4992,0.00118,0.00118,0.0,0.0,0.0128,1,1784300617.982,1784300618.481,1784300618.481
static,4.069,2.0,0.00294,0.00118,0.7127,-0.00176,0.00176,0.01378,0.00982,0.013,1,1784300617.982,1784300618.695,1784300618.695
static,4.282,2.0,0.0,0.00118,0.9258,0.00118,0.00118,0.01381,0.01278,0.0126,1,1784300617.982,1784300618.908,1784300618.908
static,4.495,2.0,0.0,0.00118,0.1332,0.00118,0.00118,0.0,0.0,0.008,1,1784300618.983,1784300619.116,1784300619.116
static,4.704,2.0,0.0,0.00118,0.3457,0.00118,0.00118,0.0,0.0,0.0119,1,1784300618.983,1784300619.329,1784300619.329
static,4.916,2.0,0.0,0.00118,0.5603,0.00118,0.00118,0.0,0.0,0.0141,1,1784300618.983,1784300619.543,1784300619.543
static,5.131,2.0,0.00294,0.00118,0.7735,-0.00176,0.00176,0.01379,0.01066,0.0125,1,1784300618.983,1784300619.757,1784300619.757
static,5.344,2.0,0.0,0.00118,0.9875,0.00118,0.00118,0.01374,0.01357,0.0134,1,1784300618.983,1784300619.97,1784300619.971
static,5.558,2.0,0.0,0.00118,0.2,0.00118,0.00118,0.0,0.0,0.0121,1,1784300619.983,1784300620.183,1784300620.183
static,5.771,2.0,0.0,0.00118,0.4133,0.00118,0.00118,0.0,0.0,0.0127,1,1784300619.983,1784300620.396,1784300620.396
static,5.984,2.0,0.0,0.00118,0.6269,0.00118,0.00118,0.0,0.0,0.0133,1,1784300619.983,1784300620.61,1784300620.61
static,6.198,2.0,0.00294,0.00118,0.8391,-0.00176,0.00176,0.01387,0.01164,0.0117,1,1784300619.983,1784300620.822,1784300620.822
static,6.41,2.0,0.0,0.00118,1.0511,0.00118,0.00118,0.01388,0.01459,0.0116,1,1784300619.983,1784300621.034,1784300621.034
static,6.622,2.0,0.0,0.00118,0.2626,0.00118,0.00118,0.0,0.0,0.0111,1,1784300620.983,1784300621.246,1784300621.246
static,6.833,2.0,0.0,0.00118,0.4745,0.00118,0.00118,0.0,0.0,0.0114,1,1784300620.983,1784300621.457,1784300621.458
static,7.045,2.0,0.00294,0.00118,0.6864,-0.00176,0.00176,0.0139,0.00954,0.0115,1,1784300620.983,1784300621.669,1784300621.67
static,7.257,2.0,0.0,0.00118,0.8999,0.00118,0.00118,0.01379,0.01241,0.0131,1,1784300620.983,1784300621.883,1784300621.883
static,7.471,2.0,0.0,0.00118,1.1102,0.00118,0.00118,0.0,0.0,0.0099,1,1784300620.983,1784300622.093,1784300622.093
static,7.681,2.0,0.0,0.00118,0.324,0.00118,0.00118,0.0,0.0,0.0131,1,1784300621.983,1784300622.307,1784300622.307
static,7.895,2.0,0.0,0.00118,0.5366,0.00118,0.00118,0.0,0.0,0.0121,1,1784300621.983,1784300622.52,1784300622.52
static,8.107,2.0,0.00294,0.00118,0.7499,-0.00176,0.00176,0.0138,0.01034,0.0128,1,1784300621.983,1784300622.733,1784300622.733
static,8.321,2.0,0.0,0.00118,0.9641,0.00118,0.00118,0.01373,0.01324,0.0138,1,1784300621.983,1784300622.947,1784300622.947
static,8.535,2.0,0.0,0.00118,0.1762,0.00118,0.00118,0.0,0.0,0.0114,1,1784300622.983,1784300623.159,1784300623.159
static,8.747,2.0,0.0,0.00118,0.3889,0.00118,0.00118,0.0,0.0,0.0122,1,1784300622.983,1784300623.372,1784300623.372
static,8.96,2.0,0.0,0.00118,0.6016,0.00118,0.00118,0.0,0.0,0.0123,1,1784300622.983,1784300623.585,1784300623.585
static,9.172,2.0,0.00294,0.00118,0.816,-0.00176,0.00176,0.01372,0.01119,0.0136,1,1784300622.983,1784300623.799,1784300623.799
static,9.387,2.0,0.0,0.00118,1.0277,0.00118,0.00118,0.01389,0.01427,0.0113,1,1784300622.983,1784300624.011,1784300624.011
static,9.598,2.0,0.0,0.00118,0.2402,0.00118,0.00118,0.0,0.0,0.012,1,1784300623.983,1784300624.223,1784300624.223
static,9.811,2.0,0.0,0.00118,0.4543,0.00118,0.00118,0.0,0.0,0.0136,1,1784300623.983,1784300624.437,1784300624.437
static,10.025,2.0,0.05026,0.00118,0.6665,-0.04908,0.04908,0.23681,0.15784,0.0117,1,1784300623.983,1784300624.65,1784300624.65
static,10.237,2.0,0.0,0.00118,0.8788,0.00118,0.00118,0.23682,0.20811,0.0117,1,1784300623.983,1784300624.862,1784300624.862
static,10.449,2.0,0.0,0.00118,1.088,0.00118,0.00118,0.0,0.0,0.0079,1,1784300623.983,1784300625.071,1784300625.071
static,10.659,2.0,0.0,0.00118,0.2996,0.00118,0.00118,0.0,0.0,0.011,1,1784300624.983,1784300625.283,1784300625.283
static,10.87,2.0,0.0,0.00118,0.5121,0.00118,0.00118,0.0,0.0,0.0122,1,1784300624.983,1784300625.495,1784300625.495
static,11.083,2.0,0.00294,0.00118,0.7246,-0.00176,0.00176,0.01385,0.01003,0.012,1,1784300624.983,1784300625.708,1784300625.708
static,11.295,2.0,0.0,0.00118,0.9369,0.00118,0.00118,0.01386,0.01299,0.0117,1,1784300624.983,1784300625.92,1784300625.92
static,11.508,2.0,0.0,0.00118,0.1475,0.00118,0.00118,0.0,0.0,0.0099,1,1784300625.983,1784300626.13,1784300626.131
static,11.718,2.0,0.0,0.00118,0.3588,0.00118,0.00118,0.0,0.0,0.0108,1,1784300625.983,1784300626.342,1784300626.342
static,11.929,2.0,0.0,0.00118,0.5711,0.00118,0.00118,0.0,0.0,0.0118,1,1784300625.983,1784300626.554,1784300626.554
static,12.142,2.0,0.00294,0.00118,0.7832,-0.00176,0.00176,0.01387,0.01087,0.0116,1,1784300625.983,1784300626.766,1784300626.766
static,12.354,2.0,0.0,0.00118,0.9947,0.00118,0.00118,0.01391,0.01384,0.011,1,1784300625.983,1784300626.978,1784300626.978
static,12.565,2.0,0.0,0.00118,0.2046,0.00118,0.00118,0.0,0.0,0.0104,1,1784300626.984,1784300627.189,1784300627.189
static,12.776,2.0,0.0,0.00118,0.4169,0.00118,0.00118,0.0,0.0,0.0118,1,1784300626.984,1784300627.401,1784300627.401
static,12.989,2.0,0.0,0.00118,0.6286,0.00118,0.00118,0.0,0.0,0.0111,1,1784300626.984,1784300627.613,1784300627.613
static,13.2,2.0,0.00294,0.00118,0.8402,-0.00176,0.00176,0.01391,0.01168,0.0111,1,1784300626.984,1784300627.824,1784300627.824
static,13.412,2.0,0.0,0.00118,1.051,0.00118,0.00118,0.01396,0.01467,0.0104,1,1784300626.984,1784300628.035,1784300628.035
static,13.623,2.0,0.0,0.00118,0.263,0.00118,0.00118,0.0,0.0,0.0116,1,1784300627.984,1784300628.247,1784300628.247
static,13.835,2.0,0.0,0.00118,0.4751,0.00118,0.00118,0.0,0.0,0.0115,1,1784300627.984,1784300628.459,1784300628.459
static,14.047,2.0,0.00294,0.00118,0.6864,-0.00176,0.00176,0.01393,0.00956,0.0108,1,1784300627.984,1784300628.67,1784300628.671
static,14.258,2.0,0.0,0.00118,0.8986,0.00118,0.00118,0.01387,0.01246,0.0117,1,1784300627.984,1784300628.883,1784300628.883
static,14.47,2.0,0.0,0.00118,1.1094,0.00118,0.00118,0.0,0.0,0.0105,1,1784300627.984,1784300629.093,1784300629.094
static,14.681,2.0,0.0,0.00118,0.3222,0.00118,0.00118,0.0,0.0,0.012,1,1784300628.984,1784300629.306,1784300629.306
static,14.894,2.0,0.0,0.00118,0.5345,0.00118,0.00118,0.0,0.0,0.0118,1,1784300628.984,1784300629.518,1784300629.519
static,15.106,2.0,0.00294,0.00118,0.7475,-0.00176,0.00176,0.01382,0.01033,0.0125,1,1784300628.984,1784300629.731,1784300629.732
static,15.319,2.0,0.0,0.00118,0.9603,0.00118,0.00118,0.01383,0.01328,0.0124,1,1784300628.984,1784300629.944,1784300629.944
static,15.532,2.0,0.0,0.00118,0.173,0.00118,0.00118,0.0,0.0,0.0122,1,1784300629.984,1784300630.157,1784300630.157
static,15.745,2.0,0.0,0.00118,0.3851,0.00118,0.00118,0.0,0.0,0.0116,1,1784300629.984,1784300630.369,1784300630.369
static,15.957,2.0,0.0,0.00118,0.5969,0.00118,0.00118,0.0,0.0,0.0112,1,1784300629.984,1784300630.581,1784300630.581
static,16.169,2.0,0.00294,0.00118,0.8086,-0.00176,0.00176,0.0139,0.01124,0.0112,1,1784300629.984,1784300630.793,1784300630.793
static,16.38,2.0,0.0,0.00118,1.0198,0.00118,0.00118,0.01394,0.01422,0.0107,1,1784300629.984,1784300631.004,1784300631.004
static,16.592,2.0,0.0,0.00118,0.2316,0.00118,0.00118,0.0,0.0,0.0112,1,1784300630.984,1784300631.216,1784300631.216
static,16.803,2.0,0.0,0.00118,0.4428,0.00118,0.00118,0.0,0.0,0.0106,1,1784300630.984,1784300631.427,1784300631.427
static,17.014,2.0,0.0,0.00118,0.6533,0.00118,0.00118,0.0,0.0,0.0102,1,1784300630.984,1784300631.637,1784300631.637
static,17.225,2.0,0.00294,0.00118,0.8647,-0.00176,0.00176,0.01392,0.01204,0.0109,1,1784300630.984,1784300631.849,1784300631.849
static,17.436,2.0,0.0,0.00118,1.0727,0.00118,0.00118,0.01415,0.01518,0.0076,1,1784300630.984,1784300632.057,1784300632.057
static,17.644,2.0,0.0,0.00118,0.2835,0.00118,0.00118,0.0,0.0,0.0103,1,1784300631.984,1784300632.268,1784300632.268
static,17.855,2.0,0.0,0.00118,0.4956,0.00118,0.00118,0.0,0.0,0.0116,1,1784300631.984,1784300632.48,1784300632.48
static,18.067,2.0,0.00294,0.00118,0.7083,-0.00176,0.00176,0.01384,0.0098,0.0122,1,1784300631.984,1784300632.692,1784300632.692
static,18.28,2.0,0.00035,0.00118,0.9199,0.00083,0.00083,0.01226,0.01127,0.0111,1,1784300631.984,1784300632.904,1784300632.904
static,18.492,2.0,0.0,0.00118,1.1276,0.00118,0.00118,0.00168,0.0019,0.0073,1,1784300631.984,1784300633.112,1784300633.112
static,18.699,2.0,0.0,0.00132,0.3392,0.00132,0.00132,0.0,0.0,0.0109,1,1784300632.984,1784300633.323,1784300633.323
static,18.911,2.0,0.0,0.00132,0.5507,0.00132,0.00132,0.0,0.0,0.0111,1,1784300632.984,1784300633.535,1784300633.535
static,19.122,2.0,0.00294,0.00132,0.7615,-0.00162,0.00162,0.01396,0.01063,0.0102,1,1784300632.984,1784300633.746,1784300633.746
static,19.333,2.0,0.0,0.00132,0.9739,0.00132,0.00132,0.01385,0.01349,0.0118,1,1784300632.984,1784300633.958,1784300633.958
static,19.546,2.0,0.0,0.00118,0.1809,0.00118,0.00118,0.0,0.0,0.0066,1,1784300633.984,1784300634.165,1784300634.165
static,19.752,2.0,0.0,0.00118,0.3927,0.00118,0.00118,0.0,0.0,0.0114,1,1784300633.984,1784300634.377,1784300634.377
static,19.964,2.0,0.0,0.00118,0.6045,0.00118,0.00118,0.0,0.0,0.0113,1,1784300633.984,1784300634.589,1784300634.589
static,20.176,2.0,0.00294,0.00118,0.8163,-0.00176,0.00176,0.0139,0.01134,0.0113,1,1784300633.984,1784300634.8,1784300634.8
static,20.388,2.0,0.0,0.00118,1.0269,0.00118,0.00118,0.01397,0.01435,0.0102,1,1784300633.984,1784300635.011,1784300635.011
static,20.599,2.0,0.0,0.00118,0.2373,0.00118,0.00118,0.0,0.0,0.0108,1,1784300634.985,1784300635.222,1784300635.222
static,20.81,2.0,0.0,0.00118,0.4488,0.00118,0.00118,0.0,0.0,0.011,1,1784300634.985,1784300635.434,1784300635.434
static,21.022,2.0,0.05828,0.00118,0.6595,-0.0571,0.0571,0.27662,0.18243,0.0101,1,1784300634.985,1784300635.644,1784300635.645
static,21.232,2.0,0.0,0.00118,0.8701,0.00118,0.00118,0.27677,0.24081,0.0099,1,1784300634.985,1784300635.855,1784300635.855
static,21.443,2.0,0.0,0.00118,1.0784,0.00118,0.00118,0.0,0.0,0.0079,1,1784300634.985,1784300636.063,1784300636.064
static,21.651,2.0,0.0,0.00118,0.2901,0.00118,0.00118,0.0,0.0,0.0112,1,1784300635.985,1784300636.275,1784300636.275
static,21.863,2.0,0.0,0.00118,0.5028,0.00118,0.00118,0.0,0.0,0.0121,1,1784300635.985,1784300636.488,1784300636.488
static,22.075,2.0,0.00294,0.00118,0.7137,-0.00176,0.00176,0.01395,0.00995,0.0103,1,1784300635.985,1784300636.699,1784300636.699
static,22.286,2.0,0.0,0.00118,0.9245,0.00118,0.00118,0.01395,0.0129,0.0102,1,1784300635.985,1784300636.909,1784300636.91
static,22.497,2.0,0.0,0.00118,0.1322,0.00118,0.00118,0.0,0.0,0.0074,1,1784300636.985,1784300637.117,1784300637.117
static,22.705,2.0,0.0,0.00118,0.3433,0.00118,0.00118,0.0,0.0,0.0106,1,1784300636.985,1784300637.328,1784300637.328
static,22.916,2.0,0.0,0.00118,0.5549,0.00118,0.00118,0.0,0.0,0.0111,1,1784300636.985,1784300637.54,1784300637.54
static,23.128,2.0,0.00294,0.00118,0.7669,-0.00176,0.00176,0.01387,0.01064,0.0116,1,1784300636.985,1784300637.752,1784300637.752
static,23.34,2.0,0.0,0.00118,0.9776,0.00118,0.00118,0.01397,0.01365,0.0102,1,1784300636.985,1784300637.963,1784300637.963
static,23.55,2.0,0.0,0.00118,0.1892,0.00118,0.00118,0.0,0.0,0.0109,1,1784300637.985,1784300638.174,1784300638.174
static,23.762,2.0,0.0,0.00118,0.4003,0.00118,0.00118,0.0,0.0,0.0106,1,1784300637.985,1784300638.385,1784300638.385
static,23.973,2.0,0.0,0.00118,0.613,0.00118,0.00118,0.0,0.0,0.0123,1,1784300637.985,1784300638.598,1784300638.598
static,24.186,2.0,0.00294,0.00118,0.8252,-0.00176,0.00176,0.01386,0.01144,0.0114,1,1784300637.985,1784300638.81,1784300638.81
static,24.398,2.0,0.0,0.00118,1.036,0.00118,0.00118,0.01395,0.01445,0.0102,1,1784300637.985,1784300639.021,1784300639.021
static,24.609,2.0,0.0,0.00118,0.247,0.00118,0.00118,0.0,0.0,0.0106,1,1784300638.985,1784300639.232,1784300639.232
static,24.82,2.0,0.0,0.00118,0.4579,0.00118,0.00118,0.0,0.0,0.0104,1,1784300638.985,1784300639.443,1784300639.443
static,25.031,2.0,0.04938,0.00118,0.6704,-0.0482,0.0482,0.23246,0.15584,0.0119,1,1784300638.985,1784300639.655,1784300639.656
static,25.243,2.0,0.0,0.00118,0.881,0.00118,0.00118,0.23446,0.20656,0.0102,1,1784300638.985,1784300639.866,1784300639.866
static,25.454,2.0,0.0,0.00118,1.089,0.00118,0.00118,0.0,0.0,0.0076,1,1784300638.985,1784300640.074,1784300640.074
static,25.662,2.0,0.0,0.00118,0.2975,0.00118,0.00118,0.0,0.0,0.0079,1,1784300639.985,1784300640.282,1784300640.283
static,25.87,2.0,0.0,0.00118,0.5077,0.00118,0.00118,0.0,0.0,0.0097,1,1784300639.985,1784300640.493,1784300640.493
static,26.08,2.0,0.00294,0.00118,0.7196,-0.00176,0.00176,0.01387,0.00998,0.0114,1,1784300639.985,1784300640.705,1784300640.705
static,26.292,2.0,0.0,0.00118,0.9311,0.00118,0.00118,0.0139,0.01295,0.011,1,1784300639.985,1784300640.916,1784300640.916
static,26.504,2.0,0.0,0.00118,0.1412,0.00118,0.00118,0.0,0.0,0.0096,1,1784300640.985,1784300641.126,1784300641.126
static,26.714,2.0,0.0,0.00118,0.3528,0.00118,0.00118,0.0,0.0,0.011,1,1784300640.985,1784300641.338,1784300641.338
static,26.925,2.0,0.0,0.00118,0.5642,0.00118,0.00118,0.0,0.0,0.011,1,1784300640.985,1784300641.549,1784300641.549
static,27.137,2.0,0.00294,0.00118,0.7768,-0.00176,0.00176,0.01384,0.01075,0.012,1,1784300640.985,1784300641.762,1784300641.762
static,27.349,2.0,0.0,0.00118,0.9894,0.00118,0.00118,0.01383,0.01369,0.0122,1,1784300640.985,1784300641.974,1784300641.975
static,27.562,2.0,0.0,0.00118,0.1992,0.00118,0.00118,0.0,0.0,0.0103,1,1784300641.986,1784300642.185,1784300642.185
static,27.773,2.0,0.0,0.00118,0.4101,0.00118,0.00118,0.0,0.0,0.0103,1,1784300641.986,1784300642.396,1784300642.396
static,27.984,2.0,0.0,0.00118,0.6223,0.00118,0.00118,0.0,0.0,0.0117,1,1784300641.986,1784300642.608,1784300642.608
static,28.196,2.0,0.00294,0.00118,0.8332,-0.00176,0.00176,0.01395,0.01162,0.0104,1,1784300641.986,1784300642.819,1784300642.819
static,28.407,2.0,0.0,0.00118,1.0435,0.00118,0.00118,0.01399,0.0146,0.0098,1,1784300641.986,1784300643.029,1784300643.03
static,28.617,2.0,0.0,0.00118,0.257,0.00118,0.00118,0.0,0.0,0.0131,1,1784300642.986,1784300643.243,1784300643.243
static,28.831,2.0,0.0,0.00118,0.467,0.00118,0.00118,0.0,0.0,0.0096,1,1784300642.986,1784300643.453,1784300643.453
static,29.041,2.0,0.00294,0.00118,0.6781,-0.00176,0.00176,0.01394,0.00945,0.0106,1,1784300642.986,1784300643.664,1784300643.664
static,29.252,2.0,0.0,0.00118,0.8889,0.00118,0.00118,0.01396,0.01241,0.0103,1,1784300642.986,1784300643.875,1784300643.875
static,29.463,2.0,0.0,0.00118,1.0965,0.00118,0.00118,0.0,0.0,0.0072,1,1784300642.986,1784300644.083,1784300644.083
static,29.67,2.0,0.0,0.00118,0.3061,0.00118,0.00118,0.0,0.0,0.0092,1,1784300643.986,1784300644.292,1784300644.292
static,29.88,2.0,0.0,0.00118,0.5166,0.00118,0.00118,0.0,0.0,0.01,1,1784300643.986,1784300644.503,1784300644.503
static,30.09,2.0,0.00294,0.00118,0.7272,-0.00176,0.00176,0.01398,0.01016,0.01,1,1784300643.986,1784300644.713,1784300644.713
static,30.301,2.0,0.0,0.00118,0.9379,0.00118,0.00118,0.01397,0.0131,0.0101,1,1784300643.986,1784300644.924,1784300644.924
static,30.512,2.0,0.0,0.00118,0.1478,0.00118,0.00118,0.0,0.0,0.0093,1,1784300644.986,1784300645.134,1784300645.134
static,30.721,2.0,0.0,0.00118,0.3595,0.00118,0.00118,0.0,0.0,0.0112,1,1784300644.986,1784300645.346,1784300645.346
static,30.933,2.0,0.0,0.00118,0.5701,0.00118,0.00118,0.0,0.0,0.0102,1,1784300644.986,1784300645.556,1784300645.556
static,31.144,2.0,0.00294,0.00118,0.7804,-0.00176,0.00176,0.01399,0.01092,0.0099,1,1784300644.986,1784300645.766,1784300645.767
static,31.354,2.0,0.0,0.00118,0.9917,0.00118,0.00118,0.01393,0.01381,0.0108,1,1784300644.986,1784300645.978,1784300645.978
static,31.565,2.0,0.0,0.00118,0.2032,0.00118,0.00118,0.0,0.0,0.0109,1,1784300645.986,1784300646.189,1784300646.189
static,31.777,2.0,0.0,0.00118,0.4147,0.00118,0.00118,0.0,0.0,0.0111,1,1784300645.986,1784300646.401,1784300646.401
static,31.988,2.0,0.0,0.00118,0.6254,0.00118,0.00118,0.0,0.0,0.0102,1,1784300645.986,1784300646.611,1784300646.612
static,32.199,2.0,0.00294,0.00118,0.8363,-0.00176,0.00176,0.01396,0.01167,0.0104,1,1784300645.986,1784300646.822,1784300646.822
static,32.41,2.0,0.0,0.00118,1.0465,0.00118,0.00118,0.014,0.01465,0.0099,1,1784300645.986,1784300647.033,1784300647.033
static,32.62,2.0,0.0,0.00118,0.2566,0.00118,0.00118,0.0,0.0,0.0105,1,1784300646.987,1784300647.244,1784300647.244
static,32.831,2.0,0.0,0.00118,0.4681,0.00118,0.00118,0.0,0.0,0.0109,1,1784300646.987,1784300647.455,1784300647.455
static,33.043,2.0,0.00294,0.00118,0.6788,-0.00176,0.00176,0.01396,0.00947,0.0101,1,1784300646.987,1784300647.666,1784300647.666
static,33.254,2.0,0.0,0.00118,0.8896,0.00118,0.00118,0.01395,0.01241,0.0102,1,1784300646.987,1784300647.877,1784300647.877
static,33.464,2.0,0.0,0.00118,0.098,0.00118,0.00118,0.0,0.0,0.0079,1,1784300647.987,1784300648.085,1784300648.085
static,33.673,2.0,0.0,0.00118,0.3086,0.00118,0.00118,0.0,0.0,0.0101,1,1784300647.987,1784300648.296,1784300648.296
static,33.883,2.0,0.0,0.00118,0.5199,0.00118,0.00118,0.0,0.0,0.0107,1,1784300647.987,1784300648.507,1784300648.507
static,34.095,2.0,0.00294,0.00118,0.732,-0.00176,0.00176,0.01387,0.01015,0.0116,1,1784300647.987,1784300648.719,1784300648.719
static,34.307,2.0,0.0,0.00118,0.9428,0.00118,0.00118,0.01396,0.01316,0.0103,1,1784300647.987,1784300648.93,1784300648.93
static,34.517,2.0,0.0,0.00118,0.1523,0.00118,0.00118,0.0,0.0,0.0092,1,1784300648.987,1784300649.139,1784300649.139
static,34.727,2.0,0.0,0.00118,0.3637,0.00118,0.00118,0.0,0.0,0.0109,1,1784300648.987,1784300649.351,1784300649.351
static,34.939,2.0,0.0,0.00118,0.5752,0.00118,0.00118,0.0,0.0,0.0108,1,1784300648.987,1784300649.562,1784300649.562
static,35.15,2.0,0.00294,0.00118,0.7871,-0.00176,0.00176,0.01389,0.01093,0.0114,1,1784300648.987,1784300649.774,1784300649.774
static,35.362,2.0,0.0,0.00118,0.9987,0.00118,0.00118,0.0139,0.01388,0.0112,1,1784300648.987,1784300649.986,1784300649.986
static,35.573,2.0,0.0,0.00118,0.2091,0.00118,0.00118,0.0,0.0,0.0099,1,1784300649.987,1784300650.196,1784300650.196
static,35.784,2.0,0.0,0.00118,0.4193,0.00118,0.00118,0.0,0.0,0.0097,1,1784300649.987,1784300650.406,1784300650.406
static,35.994,2.0,0.0,0.00118,0.6293,0.00118,0.00118,0.0,0.0,0.0094,1,1784300649.987,1784300650.616,1784300650.616
static,36.204,2.0,0.00294,0.00118,0.8386,-0.00176,0.00176,0.01405,0.01179,0.0089,1,1784300649.987,1784300650.826,1784300650.826
static,36.413,2.0,0.0,0.00118,1.0479,0.00118,0.00118,0.01406,0.01473,0.0089,1,1784300649.987,1784300651.035,1784300651.035
static,36.623,2.0,0.0,0.00118,0.2582,0.00118,0.00118,0.0,0.0,0.0097,1,1784300650.987,1784300651.245,1784300651.245
static,36.833,2.0,0.0,0.00118,0.4684,0.00118,0.00118,0.0,0.0,0.0096,1,1784300650.987,1784300651.455,1784300651.455
static,37.043,2.0,0.00294,0.00118,0.6782,-0.00176,0.00176,0.01402,0.00951,0.0094,1,1784300650.987,1784300651.665,1784300651.665
static,37.253,2.0,0.0,0.00118,0.8892,0.00118,0.00118,0.01395,0.01241,0.0105,1,1784300650.987,1784300651.876,1784300651.876
static,37.464,2.0,0.0,0.00118,0.0985,0.00118,0.00118,0.0,0.0,0.0088,1,1784300651.987,1784300652.086,1784300652.086
static,37.673,2.0,0.0,0.00118,0.309,0.00118,0.00118,0.0,0.0,0.01,1,1784300651.987,1784300652.296,1784300652.296
static,37.884,2.0,0.0,0.00118,0.5186,0.00118,0.00118,0.0,0.0,0.009,1,1784300651.987,1784300652.506,1784300652.506
static,38.093,2.0,0.00294,0.00118,0.729,-0.00176,0.00176,0.01398,0.01019,0.0099,1,1784300651.987,1784300652.716,1784300652.716
static,38.304,2.0,0.0,0.00118,0.9411,0.00118,0.00118,0.01388,0.01306,0.0115,1,1784300651.987,1784300652.928,1784300652.928
static,38.516,2.0,0.0,0.00118,0.151,0.00118,0.00118,0.0,0.0,0.0095,1,1784300652.987,1784300653.138,1784300653.138
static,38.726,2.0,0.0,0.00118,0.3619,0.00118,0.00118,0.0,0.0,0.0104,1,1784300652.987,1784300653.349,1784300653.349
static,38.937,2.0,0.0,0.00118,0.5721,0.00118,0.00118,0.0,0.0,0.0098,1,1784300652.987,1784300653.559,1784300653.559
static,39.147,2.0,0.00294,0.00118,0.782,-0.00176,0.00176,0.01402,0.01096,0.0094,1,1784300652.987,1784300653.769,1784300653.769
static,39.357,2.0,0.0,0.00118,0.9929,0.00118,0.00118,0.01396,0.01386,0.0103,1,1784300652.987,1784300653.98,1784300653.98
static,39.568,2.0,0.0,0.00118,0.2032,0.00118,0.00118,0.0,0.0,0.0098,1,1784300653.987,1784300654.19,1784300654.19
static,39.778,2.0,0.0,0.00118,0.4143,0.00118,0.00118,0.0,0.0,0.0106,1,1784300653.987,1784300654.401,1784300654.401
static,39.989,2.0,0.0,0.00118,0.6243,0.00118,0.00118,0.0,0.0,0.0095,1,1784300653.987,1784300654.611,1784300654.611
static,40.199,2.0,0.00294,0.00118,0.8349,-0.00176,0.00176,0.01397,0.01166,0.0101,1,1784300653.987,1784300654.822,1784300654.822
static,40.41,2.0,0.0,0.00118,1.0445,0.00118,0.00118,0.01404,0.01466,0.0092,1,1784300653.987,1784300655.032,1784300655.032
static,40.619,2.0,0.0,0.00118,0.2553,0.00118,0.00118,0.0,0.0,0.0102,1,1784300654.987,1784300655.242,1784300655.242
static,40.83,2.0,0.0,0.00118,0.4671,0.00118,0.00118,0.0,0.0,0.0113,1,1784300654.987,1784300655.454,1784300655.454
static,41.042,2.0,0.00294,0.00118,0.6785,-0.00176,0.00176,0.01392,0.00945,0.0108,1,1784300654.987,1784300655.665,1784300655.666
static,41.253,2.0,0.0,0.00118,0.8894,0.00118,0.00118,0.01395,0.01241,0.0105,1,1784300654.987,1784300655.876,1784300655.877
static,41.465,2.0,0.0,0.00118,0.0995,0.00118,0.00118,0.0,0.0,0.0085,1,1784300655.987,1784300656.086,1784300656.087
static,41.674,2.0,0.0,0.00118,0.3108,0.00118,0.00118,0.0,0.0,0.0109,1,1784300655.987,1784300656.298,1784300656.298
static,41.886,2.0,0.0,0.00118,0.5208,0.00118,0.00118,0.0,0.0,0.0095,1,1784300655.987,1784300656.508,1784300656.508
static,42.095,2.0,0.00294,0.00118,0.7305,-0.00176,0.00176,0.01404,0.01025,0.0092,1,1784300655.987,1784300656.718,1784300656.718
static,42.305,2.0,0.0,0.00118,0.942,0.00118,0.00118,0.01391,0.01311,0.011,1,1784300655.987,1784300656.929,1784300656.929
static,42.517,2.0,0.0,0.00118,0.1497,0.00118,0.00118,0.0,0.0,0.0083,1,1784300656.988,1784300657.138,1784300657.138
static,42.725,2.0,0.0,0.00118,0.3595,0.00118,0.00118,0.0,0.0,0.0093,1,1784300656.988,1784300657.348,1784300657.348
static,42.935,2.0,0.0,0.00118,0.5715,0.00118,0.00118,0.0,0.0,0.0115,1,1784300656.988,1784300657.56,1784300657.56
static,43.147,2.0,0.00294,0.00118,0.7831,-0.00176,0.00176,0.01391,0.01089,0.0111,1,1784300656.988,1784300657.771,1784300657.771
static,43.359,2.0,0.0,0.00118,0.9937,0.00118,0.00118,0.01397,0.01388,0.0101,1,1784300656.988,1784300657.982,1784300657.982
static,43.569,2.0,0.0,0.00118,0.2035,0.00118,0.00118,0.0,0.0,0.0092,1,1784300657.988,1784300658.192,1784300658.192
static,43.779,2.0,0.0,0.00118,0.4144,0.00118,0.00118,0.0,0.0,0.0104,1,1784300657.988,1784300658.402,1784300658.403
static,43.99,2.0,0.0,0.00118,0.6252,0.00118,0.00118,0.0,0.0,0.0101,1,1784300657.988,1784300658.613,1784300658.613
static,44.201,2.0,0.00294,0.00118,0.8358,-0.00176,0.00176,0.01396,0.01167,0.01,1,1784300657.988,1784300658.824,1784300658.824
static,44.411,2.0,0.0,0.00118,1.0452,0.00118,0.00118,0.01405,0.01468,0.009,1,1784300657.988,1784300659.033,1784300659.033
static,44.621,2.0,0.0,0.00118,0.2546,0.00118,0.00118,0.0,0.0,0.0088,1,1784300658.988,1784300659.243,1784300659.243
static,44.83,2.0,0.0,0.00118,0.4642,0.00118,0.00118,0.0,0.0,0.009,1,1784300658.988,1784300659.452,1784300659.452
static,45.04,2.0,0.00294,0.00118,0.675,-0.00176,0.00176,0.01396,0.00942,0.0102,1,1784300658.988,1784300659.663,1784300659.663
static,45.251,2.0,0.0,0.00118,0.8846,0.00118,0.00118,0.01403,0.01241,0.0092,1,1784300658.988,1784300659.873,1784300659.873
static,45.46,2.0,0.0,0.00118,1.0909,0.00118,0.00118,0.0,0.0,0.0057,1,1784300658.988,1784300660.079,1784300660.079
static,45.667,2.0,0.0,0.00118,0.3029,0.00118,0.00118,0.0,0.0,0.0115,1,1784300659.988,1784300660.291,1784300660.291
static,45.879,2.0,0.0,0.00118,0.513,0.00118,0.00118,0.0,0.0,0.0096,1,1784300659.988,1784300660.501,1784300660.501
static,46.089,2.0,0.00294,0.00118,0.7237,-0.00176,0.00176,0.01396,0.0101,0.0103,1,1784300659.988,1784300660.712,1784300660.712
static,46.299,2.0,0.0,0.00118,0.9354,0.00118,0.00118,0.0139,0.013,0.0112,1,1784300659.988,1784300660.923,1784300660.924
static,46.511,2.0,0.0,0.00118,0.1437,0.00118,0.00118,0.0,0.0,0.0079,1,1784300660.988,1784300661.132,1784300661.132
static,46.719,2.0,0.0,0.00118,0.3541,0.00118,0.00118,0.0,0.0,0.0098,1,1784300660.988,1784300661.342,1784300661.342
static,46.93,2.0,0.0,0.00118,0.5646,0.00118,0.00118,0.0,0.0,0.01,1,1784300660.988,1784300661.553,1784300661.553
static,47.14,2.0,0.00294,0.00118,0.7753,-0.00176,0.00176,0.01396,0.01083,0.0102,1,1784300660.988,1784300661.763,1784300661.763
static,47.351,2.0,0.0,0.00118,0.9857,0.00118,0.00118,0.01398,0.01378,0.0099,1,1784300660.988,1784300661.974,1784300661.974
static,47.561,2.0,0.0,0.00118,0.1958,0.00118,0.00118,0.0,0.0,0.0096,1,1784300661.988,1784300662.184,1784300662.184
static,47.771,2.0,0.0,0.00118,0.4072,0.00118,0.00118,0.0,0.0,0.0109,1,1784300661.988,1784300662.395,1784300662.395
static,47.983,2.0,0.0,0.00118,0.6181,0.00118,0.00118,0.0,0.0,0.0102,1,1784300661.988,1784300662.606,1784300662.606
static,48.194,2.0,0.00294,0.00118,0.8286,-0.00176,0.00176,0.01398,0.01158,0.0099,1,1784300661.988,1784300662.817,1784300662.817
static,48.404,2.0,0.0,0.00118,1.0379,0.00118,0.00118,0.01405,0.01459,0.0089,1,1784300661.988,1784300663.026,1784300663.026
static,48.614,2.0,0.0,0.00118,0.2487,0.00118,0.00118,0.0,0.0,0.0101,1,1784300662.988,1784300663.237,1784300663.237
static,48.824,2.0,0.0,0.00118,0.4586,0.00118,0.00118,0.0,0.0,0.0093,1,1784300662.988,1784300663.447,1784300663.447
static,49.034,2.0,0.00294,0.00118,0.6692,-0.00176,0.00176,0.01397,0.00935,0.0101,1,1784300662.988,1784300663.657,1784300663.657
static,49.245,2.0,0.0,0.00118,0.8802,0.00118,0.00118,0.01394,0.01227,0.0105,1,1784300662.988,1784300663.868,1784300663.868
static,49.456,2.0,0.0,0.00118,1.0894,0.00118,0.00118,0.0,0.0,0.0081,1,1784300662.988,1784300664.077,1784300664.077
static,49.665,2.0,0.0,0.00118,0.2996,0.00118,0.00118,0.0,0.0,0.0095,1,1784300663.988,1784300664.288,1784300664.288
static,49.875,2.0,0.0,0.00118,0.5096,0.00118,0.00118,0.0,0.0,0.0095,1,1784300663.988,1784300664.498,1784300664.498
static,50.085,2.0,0.00294,0.00118,0.7194,-0.00176,0.00176,0.01404,0.0101,0.0093,1,1784300663.988,1784300664.707,1784300664.707
static,50.295,2.0,0.0,0.00118,0.9288,0.00118,0.00118,0.01405,0.01305,0.009,1,1784300663.988,1784300664.917,1784300664.917
static,50.504,2.0,0.0,0.00118,0.1353,0.00118,0.00118,0.0,0.0,0.0071,1,1784300664.989,1784300665.124,1784300665.124
static,50.712,2.0,0.0,0.00118,0.3449,0.00118,0.00118,0.0,0.0,0.0091,1,1784300664.989,1784300665.334,1784300665.334
static,50.922,2.0,0.0,0.00118,0.5546,0.00118,0.00118,0.0,0.0,0.0092,1,1784300664.989,1784300665.544,1784300665.544
static,51.131,2.0,0.00294,0.00118,0.7648,-0.00176,0.00176,0.01401,0.01071,0.0096,1,1784300664.989,1784300665.754,1784300665.754
static,51.341,2.0,0.0,0.00118,0.9753,0.00118,0.00118,0.01398,0.01363,0.01,1,1784300664.989,1784300665.964,1784300665.964
static,51.552,2.0,0.0,0.00118,0.1872,0.00118,0.00118,0.0,0.0,0.0114,1,1784300665.989,1784300666.176,1784300666.176
static,51.764,2.0,0.0,0.00118,0.3978,0.00118,0.00118,0.0,0.0,0.0101,1,1784300665.989,1784300666.387,1784300666.387
static,51.974,2.0,0.0,0.00118,0.6087,0.00118,0.00118,0.0,0.0,0.0104,1,1784300665.989,1784300666.598,1784300666.598
static,52.185,2.0,0.00294,0.00118,0.8188,-0.00176,0.00176,0.01401,0.01147,0.0096,1,1784300665.989,1784300666.808,1784300666.808
static,52.395,2.0,0.0,0.00118,1.0281,0.00118,0.00118,0.01406,0.01446,0.0088,1,1784300665.989,1784300667.017,1784300667.017
static,52.605,2.0,0.0,0.00118,0.2378,0.00118,0.00118,0.0,0.0,0.0092,1,1784300666.989,1784300667.227,1784300667.227
static,52.814,2.0,0.0,0.00118,0.4489,0.00118,0.00118,0.0,0.0,0.0106,1,1784300666.989,1784300667.438,1784300667.438
static,53.026,2.0,0.06177,0.00118,0.6589,-0.06059,0.06059,0.29411,0.19379,0.0096,1,1784300666.989,1784300667.648,1784300667.648
static,53.235,2.0,0.0,0.00118,0.869,0.00118,0.00118,0.29405,0.25551,0.0097,1,1784300666.989,1784300667.858,1784300667.858
static,53.445,2.0,0.0,0.00118,1.0776,0.00118,0.00118,0.0,0.0,0.0084,1,1784300666.989,1784300668.067,1784300668.067
static,53.654,2.0,0.00035,0.00118,0.2898,0.00083,0.00083,0.00165,0.00048,0.0117,1,1784300667.989,1784300668.279,1784300668.279
static,53.867,2.0,0.0,0.00118,0.5006,0.00118,0.00118,0.00166,0.00083,0.0102,1,1784300667.989,1784300668.49,1784300668.49
static,54.077,2.0,0.00294,0.00118,0.7114,-0.00176,0.00176,0.01396,0.00993,0.0103,1,1784300667.989,1784300668.7,1784300668.701
static,54.288,2.0,0.0,0.00118,0.9227,0.00118,0.00118,0.01392,0.01285,0.0108,1,1784300667.989,1784300668.912,1784300668.912
static,54.499,2.0,0.0,0.00132,0.1297,0.00132,0.00132,0.0,0.0,0.0066,1,1784300668.989,1784300669.119,1784300669.119
static,54.707,2.0,0.0,0.00132,0.3396,0.00132,0.00132,0.0,0.0,0.0093,1,1784300668.989,1784300669.329,1784300669.329
static,54.916,2.0,0.0,0.00132,0.5502,0.00132,0.00132,0.0,0.0,0.0099,1,1784300668.989,1784300669.539,1784300669.539
static,55.127,2.0,0.00294,0.00132,0.7598,-0.00162,0.00162,0.01403,0.01066,0.0091,1,1784300668.989,1784300669.749,1784300669.749
static,55.336,2.0,0.0,0.00132,0.9699,0.00132,0.00132,0.01401,0.01358,0.0096,1,1784300668.989,1784300669.959,1784300669.959
static,55.547,2.0,0.0,0.00132,1.1764,0.00132,0.00132,0.0,0.0,0.0061,1,1784300668.989,1784300670.165,1784300670.166
static,55.753,2.0,0.0,0.00118,0.386,0.00118,0.00118,0.0,0.0,0.0092,1,1784300669.989,1784300670.375,1784300670.375
static,55.963,2.0,0.0,0.00118,0.5957,0.00118,0.00118,0.0,0.0,0.0092,1,1784300669.989,1784300670.585,1784300670.585
static,56.172,2.0,0.00294,0.00118,0.8065,-0.00176,0.00176,0.01396,0.01126,0.0104,1,1784300669.989,1784300670.795,1784300670.796
static,56.383,2.0,0.0,0.00118,1.0166,0.00118,0.00118,0.01401,0.01424,0.0098,1,1784300669.989,1784300671.006,1784300671.006
static,56.593,2.0,0.0,0.00118,0.2256,0.00118,0.00118,0.0,0.0,0.0085,1,1784300670.989,1784300671.215,1784300671.215
static,56.802,2.0,0.0,0.00118,0.4352,0.00118,0.00118,0.0,0.0,0.0091,1,1784300670.989,1784300671.424,1784300671.424
static,57.012,2.0,0.0,0.00118,0.6447,0.00118,0.00118,0.0,0.0,0.009,1,1784300670.989,1784300671.634,1784300671.634
static,57.221,2.0,0.00294,0.00118,0.8546,-0.00176,0.00176,0.01401,0.01197,0.0093,1,1784300670.989,1784300671.844,1784300671.844
static,57.431,2.0,0.0,0.00118,1.0615,0.00118,0.00118,0.01422,0.01509,0.0065,1,1784300670.989,1784300672.051,1784300672.051
static,57.638,2.0,0.0,0.00118,0.2713,0.00118,0.00118,0.0,0.0,0.0094,1,1784300671.989,1784300672.26,1784300672.26
static,57.848,2.0,0.0,0.00118,0.4808,0.00118,0.00118,0.0,0.0,0.009,1,1784300671.989,1784300672.47,1784300672.47
static,58.057,2.0,0.00294,0.00118,0.6901,-0.00176,0.00176,0.01406,0.0097,0.0088,1,1784300671.989,1784300672.679,1784300672.679
static,58.267,2.0,0.0,0.00118,0.8992,0.00118,0.00118,0.01407,0.01265,0.0086,1,1784300671.989,1784300672.888,1784300672.888
static,58.476,2.0,0.0,0.00118,1.1065,0.00118,0.00118,0.0,0.0,0.0068,1,1784300671.989,1784300673.095,1784300673.096
static,58.683,2.0,0.0,0.00118,0.3168,0.00118,0.00118,0.0,0.0,0.0109,1,1784300672.99,1784300673.307,1784300673.307
static,58.894,2.0,0.0,0.00118,0.5261,0.00118,0.00118,0.0,0.0,0.0088,1,1784300672.99,1784300673.516,1784300673.516
static,59.104,2.0,0.00294,0.00118,0.7364,-0.00176,0.00176,0.01399,0.0103,0.0098,1,1784300672.99,1784300673.726,1784300673.727
static,59.314,2.0,0.0,0.00118,0.947,0.00118,0.00118,0.01397,0.01323,0.0102,1,1784300672.99,1784300673.937,1784300673.937
static,59.525,2.0,0.0,0.00118,0.1541,0.00118,0.00118,0.0,0.0,0.0067,1,1784300673.99,1784300674.144,1784300674.144
static,59.732,2.0,0.0,0.00118,0.3635,0.00118,0.00118,0.0,0.0,0.0088,1,1784300673.99,1784300674.353,1784300674.354
static,59.941,2.0,0.0,0.00118,0.5736,0.00118,0.00118,0.0,0.0,0.0096,1,1784300673.99,1784300674.564,1784300674.564
step,0.226,3.2,0.05927,0.00118,0.6611,-0.05809,0.05809,,,0.01,1,1784300676.99,1784300677.651,1784300677.651
step,0.436,3.2,0.0,0.00118,0.8715,0.00118,0.00118,0.28179,0.24558,0.0098,1,1784300676.99,1784300677.861,1784300677.862
step,0.646,3.2,0.0,0.00118,1.0772,0.00118,0.00118,0.0,0.0,0.0063,1,1784300676.99,1784300678.067,1784300678.068
step,0.853,3.2,0.0,0.00118,0.2882,0.00118,0.00118,0.0,0.0,0.0104,1,1784300677.991,1784300678.279,1784300678.279
step,1.064,3.2,0.0,0.00118,0.4993,0.00118,0.00118,0.0,0.0,0.0105,1,1784300677.991,1784300678.49,1784300678.49
step,1.275,3.2,0.00294,0.00118,0.7094,-0.00176,0.00176,0.014,0.00993,0.0096,1,1784300677.991,1784300678.7,1784300678.701
step,1.486,3.2,0.0,0.00118,0.9203,0.00118,0.00118,0.01394,0.01283,0.0104,1,1784300677.991,1784300678.911,1784300678.911
step,1.696,3.2,0.0,0.00118,0.1291,0.00118,0.00118,0.0,0.0,0.0082,1,1784300678.991,1784300679.12,1784300679.12
step,1.905,3.2,0.0,0.00118,0.3386,0.00118,0.00118,0.0,0.0,0.0091,1,1784300678.991,1784300679.33,1784300679.33
step,2.115,3.2,0.0,0.00118,0.5497,0.00118,0.00118,0.0,0.0,0.0104,1,1784300678.991,1784300679.541,1784300679.541
step,2.326,3.2,0.00294,0.00118,0.7598,-0.00176,0.00176,0.014,0.01064,0.0096,1,1784300678.991,1784300679.751,1784300679.751
step,2.536,3.2,0.0,0.00118,0.9693,0.00118,0.00118,0.01404,0.01361,0.009,1,1784300678.991,1784300679.96,1784300679.96
step,2.745,3.2,0.0,0.00118,0.1792,0.00118,0.00118,0.0,0.0,0.0093,1,1784300679.991,1784300680.17,1784300680.17
step,2.955,3.2,0.0,0.00118,0.3895,0.00118,0.00118,0.0,0.0,0.0098,1,1784300679.991,1784300680.381,1784300680.381
step,3.166,3.2,0.0,0.00118,0.5997,0.00118,0.00118,0.0,0.0,0.0096,1,1784300679.991,1784300680.591,1784300680.591
step,3.376,3.2,0.00294,0.00118,0.8095,-0.00176,0.00176,0.01403,0.01135,0.0093,1,1784300679.991,1784300680.801,1784300680.801
step,3.585,3.2,0.00085,0.00118,1.0181,0.00033,0.00033,0.01004,0.01022,0.0083,1,1784300679.991,1784300681.009,1784300681.009
step,3.794,3.2,0.0,0.00152,0.2274,0.00152,0.00152,0.00406,0.00092,0.0088,1,1784300680.991,1784300681.218,1784300681.218
step,4.003,3.2,0.0,0.00152,0.4376,0.00152,0.00152,0.0,0.0,0.0098,1,1784300680.991,1784300681.429,1784300681.429
step,4.214,3.2,0.0,0.00152,0.6465,0.00152,0.00152,0.0,0.0,0.0084,1,1784300680.991,1784300681.638,1784300681.638
step,4.423,3.2,0.00294,0.00152,0.8571,-0.00142,0.00142,0.01397,0.01198,0.01,1,1784300680.991,1784300681.848,1784300681.848
step,4.633,3.2,0.0,0.00152,1.0638,0.00152,0.00152,0.01423,0.01514,0.0063,1,1784300680.991,1784300682.055,1784300682.055
step,4.84,3.2,0.0,0.00118,0.2725,0.00118,0.00118,0.0,0.0,0.0083,1,1784300681.991,1784300682.264,1784300682.264
step,5.048,1.2,0.0,0.00118,0.4967,0.00118,0.00118,0.0,0.0,0.0082,1,1784300681.991,1784300682.488,1784300682.488
step,5.273,1.2,0.00294,0.00118,0.7079,-0.00176,0.00176,0.01392,0.00986,0.0105,1,1784300681.991,1784300682.699,1784300682.699
step,5.484,1.2,0.0,0.00118,0.9195,0.00118,0.00118,0.01389,0.01278,0.0111,1,1784300681.991,1784300682.911,1784300682.911
step,5.695,1.2,0.0,0.00118,0.1269,0.00118,0.00118,0.0,0.0,0.0071,1,1784300682.991,1784300683.118,1784300683.118
step,5.903,1.2,0.0,0.00118,0.3375,0.00118,0.00118,0.0,0.0,0.0099,1,1784300682.991,1784300683.328,1784300683.329
step,6.114,1.2,0.0,0.00118,0.5467,0.00118,0.00118,0.0,0.0,0.0087,1,1784300682.991,1784300683.538,1784300683.538
step,6.323,1.2,0.00294,0.00118,0.756,-0.00176,0.00176,0.01406,0.01063,0.0088,1,1784300682.991,1784300683.747,1784300683.747
step,6.532,1.2,0.0,0.00118,0.9654,0.00118,0.00118,0.01405,0.01356,0.009,1,1784300682.991,1784300683.956,1784300683.957
step,6.742,1.2,0.0,0.00118,0.1752,0.00118,0.00118,0.0,0.0,0.0092,1,1784300683.991,1784300684.166,1784300684.166
step,6.951,1.2,0.0,0.00118,0.3848,0.00118,0.00118,0.0,0.0,0.009,1,1784300683.991,1784300684.376,1784300684.376
step,7.161,1.2,0.0,0.00118,0.5942,0.00118,0.00118,0.0,0.0,0.0089,1,1784300683.991,1784300684.585,1784300684.585
step,7.37,1.2,0.00294,0.00118,0.8049,-0.00176,0.00176,0.01396,0.01124,0.0103,1,1784300683.991,1784300684.796,1784300684.796
step,7.581,1.2,0.0,0.00118,1.0144,0.00118,0.00118,0.01405,0.01425,0.009,1,1784300683.991,1784300685.005,1784300685.006
step,7.79,1.2,0.0,0.00118,0.2237,0.00118,0.00118,0.0,0.0,0.0089,1,1784300684.991,1784300685.215,1784300685.215
step,8.0,1.2,0.0,0.00118,0.4331,0.00118,0.00118,0.0,0.0,0.0088,1,1784300684.991,1784300685.424,1784300685.424
step,8.209,1.2,0.0,0.00118,0.6434,0.00118,0.00118,0.0,0.0,0.0098,1,1784300684.991,1784300685.634,1784300685.634
step,8.42,1.2,0.00294,0.00118,0.8535,-0.00176,0.00176,0.014,0.01195,0.0096,1,1784300684.991,1784300685.845,1784300685.845
step,8.63,1.2,0.0,0.00118,1.0623,0.00118,0.00118,0.0141,0.01497,0.0075,1,1784300684.991,1784300686.053,1784300686.053
step,8.838,1.2,0.0,0.00118,0.2719,0.00118,0.00118,0.0,0.0,0.0101,1,1784300685.992,1784300686.264,1784300686.264
step,9.049,1.2,0.0,0.00118,0.4813,0.00118,0.00118,0.0,0.0,0.0088,1,1784300685.992,1784300686.473,1784300686.473
step,9.258,1.2,0.00294,0.00118,0.6911,-0.00176,0.00176,0.01403,0.00969,0.0093,1,1784300685.992,1784300686.683,1784300686.683
step,9.468,1.2,0.0,0.00118,0.9016,0.00118,0.00118,0.01398,0.0126,0.01,1,1784300685.992,1784300686.894,1784300686.894
step,9.679,1.2,0.0,0.00118,0.1087,0.00118,0.00118,0.0,0.0,0.0066,1,1784300686.992,1784300687.101,1784300687.101
step,9.886,1.2,0.0,0.00118,0.3179,0.00118,0.00118,0.0,0.0,0.0086,1,1784300686.992,1784300687.31,1784300687.31
step,10.095,3.2,0.0,0.00118,0.5426,0.00118,0.00118,0.0,0.0,0.0079,1,1784300686.992,1784300687.535,1784300687.535
step,10.32,3.2,0.00294,0.00118,0.7515,-0.00176,0.00176,0.01408,0.01058,0.0084,1,1784300686.992,1784300687.744,1784300687.744
step,10.528,3.2,0.0,0.00118,0.9602,0.00118,0.00118,0.01409,0.01353,0.0084,1,1784300686.992,1784300687.952,1784300687.952
step,10.737,3.2,0.0,0.00118,0.1694,0.00118,0.00118,0.0,0.0,0.0085,1,1784300687.992,1784300688.161,1784300688.161
step,10.946,3.2,0.0,0.00118,0.3793,0.00118,0.00118,0.0,0.0,0.0094,1,1784300687.992,1784300688.371,1784300688.371
step,11.156,3.2,0.0,0.00118,0.5887,0.00118,0.00118,0.0,0.0,0.009,1,1784300687.992,1784300688.581,1784300688.581
step,11.366,3.2,0.00294,0.00118,0.7978,-0.00176,0.00176,0.01408,0.01123,0.0085,1,1784300687.992,1784300688.79,1784300688.79
step,11.575,3.2,0.0,0.00118,1.0066,0.00118,0.00118,0.01409,0.01419,0.0083,1,1784300687.992,1784300688.999,1784300688.999
step,11.784,3.2,0.0,0.00118,0.216,0.00118,0.00118,0.0,0.0,0.0089,1,1784300688.992,1784300689.208,1784300689.208
step,11.993,3.2,0.0,0.00118,0.4344,0.00118,0.00118,0.0,0.0,0.0179,1,1784300688.992,1784300689.426,1784300689.427
step,12.211,3.2,0.0,0.00118,0.6477,0.00118,0.00118,0.0,0.0,0.0129,1,1784300688.992,1784300689.64,1784300689.64
step,12.425,3.2,0.00294,0.00118,0.8567,-0.00176,0.00176,0.01408,0.01206,0.0085,1,1784300688.992,1784300689.849,1784300689.849
step,12.634,3.2,0.0,0.00118,1.0653,0.00118,0.00118,0.01411,0.01503,0.0082,1,1784300688.992,1784300690.057,1784300690.057
step,12.842,3.2,0.0,0.00118,0.2749,0.00118,0.00118,0.0,0.0,0.009,1,1784300689.992,1784300690.267,1784300690.267
step,13.052,3.2,0.0,0.00118,0.4848,0.00118,0.00118,0.0,0.0,0.0095,1,1784300689.992,1784300690.477,1784300690.477
step,13.262,3.2,0.00294,0.00118,0.6946,-0.00176,0.00176,0.01403,0.00974,0.0092,1,1784300689.992,1784300690.687,1784300690.687
step,13.472,3.2,0.0,0.00118,0.9044,0.00118,0.00118,0.01402,0.01268,0.0093,1,1784300689.992,1784300690.896,1784300690.896
step,13.681,3.2,0.0,0.00118,0.1118,0.00118,0.00118,0.0,0.0,0.007,1,1784300690.992,1784300691.104,1784300691.104
step,13.889,3.2,0.0,0.00118,0.3216,0.00118,0.00118,0.0,0.0,0.0093,1,1784300690.992,1784300691.314,1784300691.314
step,14.099,3.2,0.0,0.00118,0.5308,0.00118,0.00118,0.0,0.0,0.0087,1,1784300690.992,1784300691.523,1784300691.523
step,14.308,3.2,0.00294,0.00118,0.7404,-0.00176,0.00176,0.01404,0.01039,0.009,1,1784300690.992,1784300691.732,1784300691.732
step,14.518,3.2,0.0,0.00118,0.9506,0.00118,0.00118,0.01399,0.0133,0.0097,1,1784300690.992,1784300691.943,1784300691.943
step,14.728,3.2,0.0,0.00118,0.1607,0.00118,0.00118,0.0,0.0,0.0095,1,1784300691.992,1784300692.153,1784300692.153
step,14.938,3.2,0.0,0.00118,0.37,0.00118,0.00118,0.0,0.0,0.0087,1,1784300691.992,1784300692.362,1784300692.362
step,15.147,1.2,0.0,0.00118,0.5957,0.00118,0.00118,0.0,0.0,0.0085,1,1784300691.992,1784300692.588,1784300692.588
step,15.373,1.2,0.00294,0.00118,0.8047,-0.00176,0.00176,0.01408,0.01133,0.0086,1,1784300691.992,1784300692.797,1784300692.797
step,15.582,1.2,0.0,0.00118,1.0133,0.00118,0.00118,0.01411,0.0143,0.0083,1,1784300691.992,1784300693.005,1784300693.005
step,15.791,1.2,0.0,0.00118,0.2214,0.00118,0.00118,0.0,0.0,0.0085,1,1784300692.993,1784300693.214,1784300693.215
step,15.999,1.2,0.0,0.00118,0.4311,0.00118,0.00118,0.0,0.0,0.0093,1,1784300692.993,1784300693.424,1784300693.424
step,16.209,1.2,0.0,0.00118,0.6403,0.00118,0.00118,0.0,0.0,0.0085,1,1784300692.993,1784300693.633,1784300693.633
step,16.418,1.2,0.00294,0.00118,0.8511,-0.00176,0.00176,0.01397,0.01189,0.0104,1,1784300692.993,1784300693.844,1784300693.844
step,16.629,1.2,0.0,0.00118,1.0597,0.00118,0.00118,0.01411,0.01496,0.0082,1,1784300692.993,1784300694.053,1784300694.053
step,16.838,1.2,0.0,0.00118,0.2694,0.00118,0.00118,0.0,0.0,0.0093,1,1784300693.993,1784300694.262,1784300694.263
step,17.047,1.2,0.0,0.00118,0.4788,0.00118,0.00118,0.0,0.0,0.009,1,1784300693.993,1784300694.472,1784300694.472
step,17.257,1.2,0.00294,0.00118,0.6889,-0.00176,0.00176,0.01401,0.00965,0.0096,1,1784300693.993,1784300694.682,1784300694.682
step,17.467,1.2,0.0,0.00118,0.8973,0.00118,0.00118,0.01413,0.01268,0.0079,1,1784300693.993,1784300694.89,1784300694.89
step,17.675,1.2,0.0,0.00118,0.1032,0.00118,0.00118,0.0,0.0,0.0055,1,1784300694.993,1784300695.096,1784300695.096
step,17.881,1.2,0.0,0.00118,0.3131,0.00118,0.00118,0.0,0.0,0.0094,1,1784300694.993,1784300695.306,1784300695.306
step,18.091,1.2,0.0,0.00118,0.5226,0.00118,0.00118,0.0,0.0,0.0091,1,1784300694.993,1784300695.516,1784300695.516
step,18.301,1.2,0.00294,0.00118,0.7338,-0.00176,0.00176,0.01393,0.01022,0.0105,1,1784300694.993,1784300695.727,1784300695.727
step,18.512,1.2,0.0,0.00118,0.9437,0.00118,0.00118,0.01401,0.01323,0.0093,1,1784300694.993,1784300695.937,1784300695.937
step,18.722,1.2,0.0,0.00118,0.1528,0.00118,0.00118,0.0,0.0,0.0087,1,1784300695.993,1784300696.146,1784300696.146
step,18.931,1.2,0.0,0.00118,0.362,0.00118,0.00118,0.0,0.0,0.0086,1,1784300695.993,1784300696.355,1784300696.355
step,19.14,1.2,0.0,0.00118,0.5715,0.00118,0.00118,0.0,0.0,0.009,1,1784300695.993,1784300696.565,1784300696.565
step,19.35,1.2,0.00294,0.00118,0.7826,-0.00176,0.00176,0.01394,0.01091,0.0105,1,1784300695.993,1784300696.776,1784300696.776
step,19.561,1.2,0.0,0.00118,0.9918,0.00118,0.00118,0.01406,0.01394,0.0086,1,1784300695.993,1784300696.985,1784300696.985
step,19.77,1.2,0.0,0.00118,0.2028,0.00118,0.00118,0.0,0.0,0.0103,1,1784300696.993,1784300697.196,1784300697.196
step,19.981,1.2,0.0,0.00118,0.4122,0.00118,0.00118,0.0,0.0,0.0088,1,1784300696.993,1784300697.405,1784300697.405
step,20.19,3.2,0.0,0.00118,0.6366,0.00118,0.00118,0.0,0.0,0.0083,1,1784300696.993,1784300697.63,1784300697.63
step,20.415,3.2,0.00294,0.00118,0.8466,-0.00176,0.00176,0.01401,0.01186,0.0095,1,1784300696.993,1784300697.84,1784300697.84
step,20.625,3.2,0.0,0.00118,1.0552,0.00118,0.00118,0.01411,0.01489,0.0081,1,1784300696.993,1784300698.048,1784300698.048
step,20.833,3.2,0.0,0.00118,0.2651,0.00118,0.00118,0.0,0.0,0.0094,1,1784300697.993,1784300698.258,1784300698.258
step,21.043,3.2,0.0,0.00118,0.474,0.00118,0.00118,0.0,0.0,0.0083,1,1784300697.993,1784300698.467,1784300698.467
step,21.252,3.2,0.00294,0.00118,0.6825,-0.00176,0.00176,0.01411,0.00963,0.0081,1,1784300697.993,1784300698.676,1784300698.676
step,21.46,3.2,0.0,0.00118,0.8918,0.00118,0.00118,0.01406,0.01254,0.009,1,1784300697.993,1784300698.885,1784300698.885
step,21.67,3.2,0.0,0.00118,0.0975,0.00118,0.00118,0.0,0.0,0.0053,1,1784300698.993,1784300699.091,1784300699.091
step,21.875,3.2,0.0,0.00118,0.3065,0.00118,0.00118,0.0,0.0,0.0086,1,1784300698.993,1784300699.299,1784300699.3
step,22.084,3.2,0.0,0.00118,0.5156,0.00118,0.00118,0.0,0.0,0.0088,1,1784300698.993,1784300699.509,1784300699.509
step,22.294,3.2,0.00294,0.00118,0.7263,-0.00176,0.00176,0.01397,0.01015,0.0101,1,1784300698.993,1784300699.719,1784300699.719
step,22.504,3.2,0.0,0.00118,0.9355,0.00118,0.00118,0.01407,0.01316,0.0087,1,1784300698.993,1784300699.928,1784300699.929
step,22.713,3.2,0.0,0.00118,1.1421,0.00118,0.00118,0.0,0.0,0.0064,1,1784300698.993,1784300700.135,1784300700.135
step,22.92,3.2,0.0,0.00118,0.3507,0.00118,0.00118,0.0,0.0,0.0089,1,1784300699.994,1784300700.345,1784300700.345
step,23.13,3.2,0.0,0.00118,0.5596,0.00118,0.00118,0.0,0.0,0.0084,1,1784300699.994,1784300700.554,1784300700.554
step,23.339,3.2,0.00294,0.00118,0.7682,-0.00176,0.00176,0.01411,0.01084,0.0081,1,1784300699.994,1784300700.762,1784300700.762
step,23.547,3.2,0.0,0.00118,0.9775,0.00118,0.00118,0.01406,0.01374,0.0088,1,1784300699.994,1784300700.972,1784300700.972
step,23.756,3.2,0.0,0.00118,0.1862,0.00118,0.00118,0.0,0.0,0.0083,1,1784300700.994,1784300701.18,1784300701.18
step,23.965,3.2,0.0,0.00118,0.395,0.00118,0.00118,0.0,0.0,0.0082,1,1784300700.994,1784300701.389,1784300701.389
step,24.174,3.2,0.0,0.00118,0.6038,0.00118,0.00118,0.0,0.0,0.0084,1,1784300700.994,1784300701.598,1784300701.598
step,24.383,3.2,0.00294,0.00118,0.8129,-0.00176,0.00176,0.01407,0.01144,0.0084,1,1784300700.994,1784300701.807,1784300701.807
step,24.592,3.2,0.0,0.00118,1.0216,0.00118,0.00118,0.01409,0.0144,0.0083,1,1784300700.994,1784300702.016,1784300702.016
step,24.801,3.2,0.0,0.00118,0.2304,0.00118,0.00118,0.0,0.0,0.0083,1,1784300701.994,1784300702.224,1784300702.225
step,25.009,1.2,0.0,0.00118,0.4543,0.00118,0.00118,0.0,0.0,0.0077,1,1784300701.994,1784300702.448,1784300702.448
step,25.233,1.2,0.00294,0.00118,0.6633,-0.00176,0.00176,0.01408,0.00934,0.0085,1,1784300701.994,1784300702.657,1784300702.657
step,25.443,1.2,0.0,0.00118,0.8727,0.00118,0.00118,0.01405,0.01227,0.0086,1,1784300701.994,1784300702.867,1784300702.867
step,25.652,1.2,0.0,0.00118,1.0789,0.00118,0.00118,0.0,0.0,0.0063,1,1784300701.994,1784300703.073,1784300703.074
step,25.858,1.2,0.0,0.00118,0.2883,0.00118,0.00118,0.0,0.0,0.0084,1,1784300702.994,1784300703.282,1784300703.282
step,26.067,1.2,0.0,0.00118,0.4965,0.00118,0.00118,0.0,0.0,0.0077,1,1784300702.994,1784300703.49,1784300703.491
step,26.275,1.2,0.00294,0.00118,0.706,-0.00176,0.00176,0.01406,0.00992,0.0091,1,1784300702.994,1784300703.7,1784300703.7
step,26.485,1.2,0.0,0.00118,0.9151,0.00118,0.00118,0.01408,0.01289,0.0086,1,1784300702.994,1784300703.909,1784300703.909
step,26.694,1.2,0.0,0.00118,0.1225,0.00118,0.00118,0.0,0.0,0.0071,1,1784300703.994,1784300704.117,1784300704.117
step,26.902,1.2,0.0,0.00118,0.3367,0.00118,0.00118,0.0,0.0,0.0136,1,1784300703.994,1784300704.331,1784300704.331
step,27.116,1.2,0.0,0.00118,0.5457,0.00118,0.00118,0.0,0.0,0.0085,1,1784300703.994,1784300704.54,1784300704.54
step,27.325,1.2,0.00294,0.00118,0.7568,-0.00176,0.00176,0.01394,0.01055,0.0105,1,1784300703.994,1784300704.751,1784300704.751
step,27.536,1.2,0.0,0.00118,0.9661,0.00118,0.00118,0.01406,0.01358,0.0088,1,1784300703.994,1784300704.96,1784300704.96
step,27.745,1.2,0.0,0.00118,0.1742,0.00118,0.00118,0.0,0.0,0.0076,1,1784300704.994,1784300705.168,1784300705.168
step,27.953,1.2,0.0,0.00118,0.3835,0.00118,0.00118,0.0,0.0,0.0088,1,1784300704.994,1784300705.378,1784300705.378
step,28.163,1.2,0.0,0.00118,0.5922,0.00118,0.00118,0.0,0.0,0.0081,1,1784300704.994,1784300705.586,1784300705.586
step,28.371,1.2,0.00294,0.00118,0.8019,-0.00176,0.00176,0.01403,0.01125,0.0092,1,1784300704.994,1784300705.796,1784300705.796
step,28.581,1.2,0.0,0.00118,1.0108,0.00118,0.00118,0.01408,0.01423,0.0085,1,1784300704.994,1784300706.005,1784300706.005
step,28.79,1.2,0.0,0.00118,0.2195,0.00118,0.00118,0.0,0.0,0.0091,1,1784300705.995,1784300706.214,1784300706.215
step,28.999,1.2,0.0,0.00118,0.4287,0.00118,0.00118,0.0,0.0,0.0089,1,1784300705.995,1784300706.424,1784300706.424
step,29.209,1.2,0.0,0.00118,0.6371,0.00118,0.00118,0.0,0.0,0.0079,1,1784300705.995,1784300706.632,1784300706.632
step,29.417,1.2,0.00294,0.00118,0.8488,-0.00176,0.00176,0.01389,0.01179,0.0112,1,1784300705.995,1784300706.844,1784300706.844
step,29.629,1.2,0.0,0.00118,1.057,0.00118,0.00118,0.01413,0.01493,0.0079,1,1784300705.995,1784300707.052,1784300707.052
step,29.837,1.2,0.0,0.00118,0.2667,0.00118,0.00118,0.0,0.0,0.009,1,1784300706.995,1784300707.262,1784300707.262
step,30.047,3.2,0.0,0.00118,0.4909,0.00118,0.00118,0.0,0.0,0.0076,1,1784300706.995,1784300707.486,1784300707.486
step,30.271,3.2,0.00294,0.00118,0.7006,-0.00176,0.00176,0.01403,0.00983,0.0092,1,1784300706.995,1784300707.696,1784300707.696
step,30.481,3.2,0.0,0.00118,0.91,0.00118,0.00118,0.01406,0.01279,0.0088,1,1784300706.995,1784300707.905,1784300707.905
step,30.69,3.2,0.0,0.00118,0.1184,0.00118,0.00118,0.0,0.0,0.0079,1,1784300707.995,1784300708.113,1784300708.113
step,30.898,3.2,0.0,0.00118,0.3276,0.00118,0.00118,0.0,0.0,0.0087,1,1784300707.995,1784300708.323,1784300708.323
step,31.108,3.2,0.0,0.00118,0.5362,0.00118,0.00118,0.0,0.0,0.008,1,1784300707.995,1784300708.531,1784300708.531
step,31.316,3.2,0.00294,0.00118,0.7449,-0.00176,0.00176,0.01409,0.0105,0.008,1,1784300707.995,1784300708.74,1784300708.74
step,31.525,3.2,0.0,0.00118,0.9532,0.00118,0.00118,0.01412,0.01346,0.0078,1,1784300707.995,1784300708.948,1784300708.948
step,31.733,3.2,0.0,0.00118,0.1618,0.00118,0.00118,0.0,0.0,0.0081,1,1784300708.995,1784300709.157,1784300709.157
step,31.942,3.2,0.0,0.00118,0.37,0.00118,0.00118,0.0,0.0,0.0076,1,1784300708.995,1784300709.365,1784300709.365
step,32.15,3.2,0.0,0.00118,0.5789,0.00118,0.00118,0.0,0.0,0.0083,1,1784300708.995,1784300709.574,1784300709.574
step,32.359,3.2,0.00294,0.00118,0.7873,-0.00176,0.00176,0.01412,0.01111,0.008,1,1784300708.995,1784300709.782,1784300709.782
step,32.567,3.2,0.0,0.00118,0.9967,0.00118,0.00118,0.01405,0.01401,0.0089,1,1784300708.995,1784300709.992,1784300709.992
step,32.777,3.2,0.0,0.00118,0.206,0.00118,0.00118,0.0,0.0,0.0087,1,1784300709.995,1784300710.201,1784300710.201
step,32.986,3.2,0.0,0.00118,0.4149,0.00118,0.00118,0.0,0.0,0.0084,1,1784300709.995,1784300710.41,1784300710.41
step,33.195,3.2,0.0,0.00118,0.6247,0.00118,0.00118,0.0,0.0,0.0094,1,1784300709.995,1784300710.62,1784300710.62
step,33.405,3.2,0.00294,0.00118,0.8344,-0.00176,0.00176,0.01403,0.01171,0.0092,1,1784300709.995,1784300710.829,1784300710.83
step,33.614,3.2,0.0,0.00118,1.0426,0.00118,0.00118,0.01414,0.01474,0.0079,1,1784300709.995,1784300711.038,1784300711.038
step,33.823,3.2,0.0,0.00118,0.2514,0.00118,0.00118,0.0,0.0,0.0082,1,1784300710.995,1784300711.246,1784300711.247
step,34.031,3.2,0.0,0.00118,0.4597,0.00118,0.00118,0.0,0.0,0.0078,1,1784300710.995,1784300711.455,1784300711.455
step,34.24,3.2,0.00294,0.00118,0.6692,-0.00176,0.00176,0.01404,0.0094,0.009,1,1784300710.995,1784300711.664,1784300711.664
step,34.45,3.2,0.0,0.00118,0.8798,0.00118,0.00118,0.01397,0.01229,0.0099,1,1784300710.995,1784300711.875,1784300711.875
step,34.661,3.2,0.0,0.00118,1.0862,0.00118,0.00118,0.0,0.0,0.0054,1,1784300710.995,1784300712.081,1784300712.081
step,34.866,3.2,0.0,0.00118,0.2949,0.00118,0.00118,0.0,0.0,0.0082,1,1784300711.995,1784300712.29,1784300712.29
step,35.075,1.2,0.0,0.00118,0.5201,0.00118,0.00118,0.0,0.0,0.0077,1,1784300711.995,1784300712.515,1784300712.515
step,35.3,1.2,0.00294,0.00118,0.7289,-0.00176,0.00176,0.01409,0.01027,0.0083,1,1784300711.995,1784300712.724,1784300712.724
step,35.509,1.2,0.0,0.00118,0.9387,0.00118,0.00118,0.01402,0.01316,0.0092,1,1784300711.995,1784300712.934,1784300712.934
step,35.719,1.2,0.0,0.00118,0.1472,0.00118,0.00118,0.0,0.0,0.008,1,1784300712.995,1784300713.142,1784300713.142
step,35.927,1.2,0.0,0.00118,0.3558,0.00118,0.00118,0.0,0.0,0.008,1,1784300712.995,1784300713.351,1784300713.351
step,36.136,1.2,0.0,0.00118,0.5646,0.00118,0.00118,0.0,0.0,0.0083,1,1784300712.995,1784300713.56,1784300713.56
step,36.345,1.2,0.00294,0.00118,0.7733,-0.00176,0.00176,0.0141,0.0109,0.0082,1,1784300712.995,1784300713.768,1784300713.768
step,36.553,1.2,0.0,0.00118,0.9823,0.00118,0.00118,0.01408,0.01383,0.0085,1,1784300712.995,1784300713.977,1784300713.977
step,36.762,1.2,0.0,0.00118,0.1913,0.00118,0.00118,0.0,0.0,0.0085,1,1784300713.995,1784300714.186,1784300714.186
step,36.972,1.2,0.0,0.00118,0.4011,0.00118,0.00118,0.0,0.0,0.0092,1,1784300713.995,1784300714.396,1784300714.396
step,37.181,1.2,0.0,0.00118,0.6104,0.00118,0.00118,0.0,0.0,0.0087,1,1784300713.995,1784300714.605,1784300714.606
step,37.391,1.2,0.00294,0.00118,0.8201,-0.00176,0.00176,0.01403,0.01151,0.0092,1,1784300713.995,1784300714.815,1784300714.815
step,37.6,1.2,0.0,0.00118,1.0286,0.00118,0.00118,0.01411,0.01451,0.0082,1,1784300713.995,1784300715.024,1784300715.024
step,37.809,1.2,0.0,0.00118,0.237,0.00118,0.00118,0.0,0.0,0.0089,1,1784300714.996,1784300715.233,1784300715.233
step,38.018,1.2,0.0,0.00118,0.446,0.00118,0.00118,0.0,0.0,0.0086,1,1784300714.996,1784300715.442,1784300715.442
step,38.227,1.2,0.06613,0.00118,0.6555,-0.06495,0.06495,0.31575,0.20698,0.0089,1,1784300714.996,1784300715.652,1784300715.652
step,38.437,1.2,0.0,0.00118,0.8643,0.00118,0.00118,0.31673,0.27374,0.0083,1,1784300714.996,1784300715.86,1784300715.86
step,38.645,1.2,0.0,0.00118,1.0709,0.00118,0.00118,0.0,0.0,0.0062,1,1784300714.996,1784300716.067,1784300716.067
step,38.852,1.2,0.0,0.00118,0.2799,0.00118,0.00118,0.0,0.0,0.0084,1,1784300715.996,1784300716.276,1784300716.276
step,39.061,1.2,0.0,0.00118,0.4893,0.00118,0.00118,0.0,0.0,0.0089,1,1784300715.996,1784300716.485,1784300716.485
step,39.271,1.2,0.00294,0.00118,0.6983,-0.00176,0.00176,0.01407,0.00982,0.0084,1,1784300715.996,1784300716.694,1784300716.694
step,39.479,1.2,0.0,0.00118,0.9082,0.00118,0.00118,0.01401,0.01272,0.0093,1,1784300715.996,1784300716.904,1784300716.904
step,39.689,1.2,0.0,0.00118,0.1149,0.00118,0.00118,0.0,0.0,0.0063,1,1784300716.996,1784300717.111,1784300717.111
step,39.896,1.2,0.0,0.00118,0.3235,0.00118,0.00118,0.0,0.0,0.0081,1,1784300716.996,1784300717.319,1784300717.32
step,40.104,3.2,0.0,0.00118,0.5466,0.00118,0.00118,0.0,0.0,0.0083,1,1784300716.996,1784300717.543,1784300717.543
step,40.328,3.2,0.00294,0.00118,0.7552,-0.00176,0.00176,0.0141,0.01065,0.0081,1,1784300716.996,1784300717.751,1784300717.751
step,40.536,3.2,0.0,0.00118,0.9637,0.00118,0.00118,0.01411,0.0136,0.0079,1,1784300716.996,1784300717.96,1784300717.96
step,40.745,3.2,0.0,0.00118,0.1826,0.00118,0.00118,0.0,0.0,0.0184,1,1784300717.996,1784300718.179,1784300718.179
step,40.964,3.2,0.0,0.00118,0.3927,0.00118,0.00118,0.0,0.0,0.0095,1,1784300717.996,1784300718.389,1784300718.389
step,41.174,3.2,0.0,0.00118,0.6018,0.00118,0.00118,0.0,0.0,0.0086,1,1784300717.996,1784300718.598,1784300718.598
step,41.383,3.2,0.00294,0.00118,0.8112,-0.00176,0.00176,0.01405,0.0114,0.0089,1,1784300717.996,1784300718.807,1784300718.807
step,41.592,3.2,0.0,0.00118,1.0196,0.00118,0.00118,0.01413,0.0144,0.0079,1,1784300717.996,1784300719.016,1784300719.016
step,41.801,3.2,0.0,0.00118,0.2283,0.00118,0.00118,0.0,0.0,0.0082,1,1784300718.996,1784300719.224,1784300719.224
step,42.009,3.2,0.0,0.00118,0.4373,0.00118,0.00118,0.0,0.0,0.0085,1,1784300718.996,1784300719.433,1784300719.433
step,42.218,3.2,0.06986,0.00118,0.6463,-0.06868,0.06868,0.3343,0.21604,0.0084,1,1784300718.996,1784300719.642,1784300719.642
step,42.427,3.2,0.0,0.00118,0.8552,0.00118,0.00118,0.33435,0.28594,0.0086,1,1784300718.996,1784300719.851,1784300719.851
step,42.636,3.2,0.0,0.00118,1.0634,0.00118,0.00118,0.0,0.0,0.0078,1,1784300718.996,1784300720.059,1784300720.06
step,42.845,3.2,0.0,0.00118,0.2732,0.00118,0.00118,0.0,0.0,0.0093,1,1784300719.996,1784300720.269,1784300720.269
step,43.054,3.2,0.0,0.00118,0.4819,0.00118,0.00118,0.0,0.0,0.0081,1,1784300719.996,1784300720.478,1784300720.478
step,43.263,3.2,0.00294,0.00118,0.6907,-0.00176,0.00176,0.01409,0.00973,0.0082,1,1784300719.996,1784300720.687,1784300720.687
step,43.472,3.2,0.0,0.00118,0.8998,0.00118,0.00118,0.01407,0.01266,0.0086,1,1784300719.996,1784300720.896,1784300720.896
step,43.681,3.2,0.0,0.00118,0.1165,0.00118,0.00118,0.0,0.0,0.0163,1,1784300720.996,1784300721.112,1784300721.113
step,43.898,3.2,0.0,0.00118,0.3255,0.00118,0.00118,0.0,0.0,0.0084,1,1784300720.996,1784300721.321,1784300721.322
step,44.106,3.2,0.0,0.00118,0.5339,0.00118,0.00118,0.0,0.0,0.0081,1,1784300720.996,1784300721.53,1784300721.53
step,44.315,3.2,0.00294,0.00118,0.7433,-0.00176,0.00176,0.01405,0.01044,0.0089,1,1784300720.996,1784300721.739,1784300721.739
step,44.524,3.2,0.0,0.00118,0.953,0.00118,0.00118,0.01403,0.01337,0.0092,1,1784300720.996,1784300721.949,1784300721.949
step,44.734,3.2,0.0,0.00118,0.1595,0.00118,0.00118,0.0,0.0,0.007,1,1784300721.997,1784300722.156,1784300722.157
step,44.941,3.2,0.0,0.00118,0.3677,0.00118,0.00118,0.0,0.0,0.0079,1,1784300721.997,1784300722.365,1784300722.365
step,45.15,1.2,0.0,0.00118,0.5911,0.00118,0.00118,0.0,0.0,0.0073,1,1784300721.997,1784300722.588,1784300722.588
step,45.373,1.2,0.00294,0.00118,0.7995,-0.00176,0.00176,0.01412,0.01129,0.008,1,1784300721.997,1784300722.797,1784300722.797
step,45.582,1.2,0.0,0.00118,1.0086,0.00118,0.00118,0.01408,0.0142,0.0082,1,1784300721.997,1784300723.006,1784300723.006
step,45.791,1.2,0.0,0.00118,0.2168,0.00118,0.00118,0.0,0.0,0.0077,1,1784300722.997,1784300723.214,1784300723.214
step,45.999,1.2,0.0,0.00118,0.426,0.00118,0.00118,0.0,0.0,0.0087,1,1784300722.997,1784300723.423,1784300723.423
step,46.208,1.2,0.0,0.00118,0.6344,0.00118,0.00118,0.0,0.0,0.0078,1,1784300722.997,1784300723.631,1784300723.632
step,46.417,1.2,0.00294,0.00118,0.8435,-0.00176,0.00176,0.01408,0.01187,0.0086,1,1784300722.997,1784300723.84,1784300723.841
step,46.625,1.2,0.0,0.00118,1.0514,0.00118,0.00118,0.01416,0.01488,0.0076,1,1784300722.997,1784300724.048,1784300724.048
step,46.833,1.2,0.0,0.00118,0.2595,0.00118,0.00118,0.0,0.0,0.0078,1,1784300723.997,1784300724.257,1784300724.257
step,47.041,1.2,0.0,0.00118,0.467,0.00118,0.00118,0.0,0.0,0.0071,1,1784300723.997,1784300724.464,1784300724.464
step,47.249,1.2,0.00294,0.00118,0.677,-0.00176,0.00176,0.01401,0.00949,0.0095,1,1784300723.997,1784300724.674,1784300724.674
step,47.459,1.2,0.0,0.00118,0.8865,0.00118,0.00118,0.01405,0.01245,0.0089,1,1784300723.997,1784300724.884,1784300724.884
step,47.668,1.2,0.0,0.00118,0.0917,0.00118,0.00118,0.0,0.0,0.0049,1,1784300724.997,1784300725.089,1784300725.089
step,47.874,1.2,0.0,0.00118,0.2999,0.00118,0.00118,0.0,0.0,0.0077,1,1784300724.997,1784300725.297,1784300725.297
step,48.082,1.2,0.0,0.00118,0.5083,0.00118,0.00118,0.0,0.0,0.0077,1,1784300724.997,1784300725.505,1784300725.505
step,48.29,1.2,0.00294,0.00118,0.7159,-0.00176,0.00176,0.01417,0.01015,0.0072,1,1784300724.997,1784300725.713,1784300725.713
step,48.498,1.2,0.0,0.00118,0.9242,0.00118,0.00118,0.01413,0.01306,0.0078,1,1784300724.997,1784300725.921,1784300725.921
step,48.706,1.2,0.0,0.00118,0.1292,0.00118,0.00118,0.0,0.0,0.0045,1,1784300725.997,1784300726.126,1784300726.126
step,48.911,1.2,0.0,0.00118,0.3385,0.00118,0.00118,0.0,0.0,0.0088,1,1784300725.997,1784300726.336,1784300726.336
step,49.12,1.2,0.0,0.00118,0.5473,0.00118,0.00118,0.0,0.0,0.0084,1,1784300725.997,1784300726.544,1784300726.544
step,49.329,1.2,0.00294,0.00118,0.756,-0.00176,0.00176,0.01409,0.01066,0.0082,1,1784300725.997,1784300726.753,1784300726.753
step,49.538,1.2,0.0,0.00118,0.9657,0.00118,0.00118,0.01403,0.01355,0.0091,1,1784300725.997,1784300726.963,1784300726.963
step,49.748,1.2,0.0,0.00118,1.1744,0.00118,0.00118,0.0,0.0,0.0083,1,1784300725.997,1784300727.171,1784300727.172
step,49.957,1.2,0.0,0.00118,1.3838,0.00118,0.00118,0.0,0.0,0.0088,1,1784300725.997,1784300727.381,1784300727.381
step,50.166,3.2,0.0,0.00118,1.6075,0.00118,0.00118,0.0,0.0,0.0076,1,1784300725.997,1784300727.604,1784300727.605
step,50.39,3.2,0.00294,0.00118,1.8158,-0.00176,0.00176,0.01411,0.02563,0.0077,1,1784300725.997,1784300727.813,1784300727.813
step,50.598,3.2,0.0,0.00118,2.0241,0.00118,0.00118,0.01412,0.02858,0.0079,1,1784300725.997,1784300728.021,1784300728.021
step,50.806,3.2,0.0,0.00118,0.2315,0.00118,0.00118,0.0,0.0,0.0079,1,1784300727.998,1784300728.229,1784300728.23
step,51.015,3.2,0.0,0.00118,0.4401,0.00118,0.00118,0.0,0.0,0.0081,1,1784300727.998,1784300728.438,1784300728.438
step,51.223,3.2,0.06691,0.00118,0.6494,-0.06573,0.06573,0.31968,0.20759,0.0088,1,1784300727.998,1784300728.647,1784300728.648
step,51.433,3.2,0.0,0.00118,0.8582,0.00118,0.00118,0.32046,0.27502,0.0082,1,1784300727.998,1784300728.856,1784300728.856
step,51.641,3.2,0.0,0.00118,1.0643,0.00118,0.00118,0.0,0.0,0.0057,1,1784300727.998,1784300729.062,1784300729.062
step,51.847,3.2,0.0,0.00118,0.2734,0.00118,0.00118,0.0,0.0,0.0085,1,1784300728.998,1784300729.271,1784300729.271
step,52.056,3.2,0.0,0.00118,0.4825,0.00118,0.00118,0.0,0.0,0.0087,1,1784300728.998,1784300729.481,1784300729.481
step,52.266,3.2,0.00294,0.00118,0.6926,-0.00176,0.00176,0.014,0.0097,0.0095,1,1784300728.998,1784300729.691,1784300729.691
step,52.476,3.2,0.0,0.00118,0.9009,0.00118,0.00118,0.01412,0.01272,0.0079,1,1784300728.998,1784300729.899,1784300729.899
step,52.684,3.2,0.0,0.00118,1.1061,0.00118,0.00118,0.0,0.0,0.0048,1,1784300728.998,1784300730.104,1784300730.104
step,52.889,3.2,0.0,0.00118,0.316,0.00118,0.00118,0.0,0.0,0.0093,1,1784300729.998,1784300730.314,1784300730.314
step,53.099,3.2,0.0,0.00118,0.5246,0.00118,0.00118,0.0,0.0,0.008,1,1784300729.998,1784300730.523,1784300730.523
step,53.308,3.2,0.00294,0.00118,0.7331,-0.00176,0.00176,0.01411,0.01035,0.008,1,1784300729.998,1784300730.731,1784300730.731
step,53.516,3.2,0.0,0.00118,0.9426,0.00118,0.00118,0.01404,0.01324,0.009,1,1784300729.998,1784300730.941,1784300730.941
step,53.726,3.2,0.0,0.00118,0.1491,0.00118,0.00118,0.0,0.0,0.006,1,1784300730.998,1784300731.147,1784300731.147
step,53.932,3.2,0.0,0.00118,0.357,0.00118,0.00118,0.0,0.0,0.0075,1,1784300730.998,1784300731.355,1784300731.355
step,54.14,3.2,0.0,0.00118,0.5662,0.00118,0.00118,0.0,0.0,0.0086,1,1784300730.998,1784300731.564,1784300731.564
step,54.349,3.2,0.00294,0.00118,0.7745,-0.00176,0.00176,0.01413,0.01094,0.0078,1,1784300730.998,1784300731.772,1784300731.773
step,54.557,3.2,0.0,0.00118,0.9822,0.00118,0.00118,0.01416,0.01391,0.0074,1,1784300730.998,1784300731.98,1784300731.98
step,54.765,3.2,0.0,0.00118,0.1912,0.00118,0.00118,0.0,0.0,0.0084,1,1784300731.998,1784300732.189,1784300732.189
step,54.974,3.2,0.0,0.00118,0.3998,0.00118,0.00118,0.0,0.0,0.0081,1,1784300731.998,1784300732.398,1784300732.398
step,55.183,1.2,0.0,0.00118,0.6235,0.00118,0.00118,0.0,0.0,0.0074,1,1784300731.998,1784300732.622,1784300732.622
step,55.406,1.2,0.00295,0.00118,0.8317,-0.00177,0.00177,0.01414,0.01176,0.0079,1,1784300731.998,1784300732.83,1784300732.83
step,55.615,1.2,0.0,0.00118,1.0397,0.00118,0.00118,0.01416,0.01472,0.0076,1,1784300731.998,1784300733.038,1784300733.038
step,55.823,1.2,0.0,0.00118,0.2483,0.00118,0.00118,0.0,0.0,0.0081,1,1784300732.998,1784300733.246,1784300733.246
step,56.031,1.2,0.0,0.00118,0.4561,0.00118,0.00118,0.0,0.0,0.0073,1,1784300732.998,1784300733.454,1784300733.454
step,56.239,1.2,0.00744,0.00118,0.6722,-0.00626,0.00626,0.03444,0.02315,0.0156,1,1784300732.998,1784300733.67,1784300733.67
step,56.455,1.2,0.0,0.00118,0.8816,0.00118,0.00118,0.03552,0.03131,0.0089,1,1784300732.998,1784300733.88,1784300733.88
step,56.665,1.2,0.0,0.00118,1.0868,0.00118,0.00118,0.0,0.0,0.0047,1,1784300732.998,1784300734.085,1784300734.085
step,56.87,1.2,0.0,0.00132,0.2945,0.00132,0.00132,0.0,0.0,0.0082,1,1784300733.999,1784300734.294,1784300734.294
step,57.079,1.2,0.0,0.00132,0.5034,0.00132,0.00132,0.0,0.0,0.0084,1,1784300733.999,1784300734.502,1784300734.503
step,57.287,1.2,0.00294,0.00132,0.7127,-0.00162,0.00162,0.01407,0.01003,0.0089,1,1784300733.999,1784300734.712,1784300734.712
step,57.497,1.2,0.0,0.00132,0.9225,0.00132,0.00132,0.01403,0.01295,0.0093,1,1784300733.999,1784300734.922,1784300734.922
step,57.706,1.2,0.0,0.00118,0.1283,0.00118,0.00118,0.0,0.0,0.0055,1,1784300734.999,1784300735.127,1784300735.127
step,57.912,1.2,0.0,0.00118,0.3404,0.00118,0.00118,0.0,0.0,0.0115,1,1784300734.999,1784300735.339,1784300735.34
step,58.124,1.2,0.0,0.00118,0.5495,0.00118,0.00118,0.0,0.0,0.0086,1,1784300734.999,1784300735.548,1784300735.549
step,58.333,1.2,0.00294,0.00118,0.7577,-0.00176,0.00176,0.01414,0.01071,0.0078,1,1784300734.999,1784300735.757,1784300735.757
step,58.542,1.2,0.0,0.00118,0.9673,0.00118,0.00118,0.01404,0.01359,0.0091,1,1784300734.999,1784300735.966,1784300735.966
step,58.752,1.2,0.0,0.00118,0.1758,0.00118,0.00118,0.0,0.0,0.0079,1,1784300735.999,1784300736.175,1784300736.175
step,58.96,1.2,0.0,0.00118,0.3852,0.00118,0.00118,0.0,0.0,0.0087,1,1784300735.999,1784300736.384,1784300736.384
step,59.169,1.2,0.0,0.00118,0.5938,0.00118,0.00118,0.0,0.0,0.0082,1,1784300735.999,1784300736.593,1784300736.593
step,59.378,1.2,0.00294,0.00118,0.8019,-0.00176,0.00176,0.01414,0.01134,0.0076,1,1784300735.999,1784300736.801,1784300736.801
step,59.586,1.2,0.0,0.00118,1.0099,0.00118,0.00118,0.01415,0.01429,0.0076,1,1784300735.999,1784300737.009,1784300737.009
step,59.794,1.2,0.0,0.00118,0.2182,0.00118,0.00118,0.0,0.0,0.0077,1,1784300736.999,1784300737.217,1784300737.217
ramp,0.223,1.2,0.00294,0.0,0.3016,-0.00294,0.00294,,,0.0083,1,1784300739.999,1784300740.301,1784300740.301
ramp,0.432,1.2,0.0,0.0,0.5099,0.0,0.0,0.01413,0.0072,0.0079,1,1784300739.999,1784300740.509,1784300740.509
ramp,0.64,1.2,0.00294,0.0,0.7184,-0.00294,0.00294,0.01412,0.01014,0.008,1,1784300739.999,1784300740.717,1784300740.718
ramp,0.848,1.2,0.0,0.0,0.928,0.0,0.0,0.01404,0.01303,0.0091,1,1784300739.999,1784300740.927,1784300740.927
ramp,1.058,1.7,0.0,0.00236,0.1503,0.00236,0.00236,0.0,0.0,0.0073,1,1784300741.0,1784300741.15,1784300741.15
ramp,1.281,1.7,0.0,0.00236,0.3588,0.00236,0.00236,0.0,0.0,0.008,1,1784300741.0,1784300741.359,1784300741.359
ramp,1.49,1.7,0.0,0.00236,0.5677,0.00236,0.00236,0.0,0.0,0.0084,1,1784300741.0,1784300741.568,1784300741.568
ramp,1.699,1.7,0.00294,0.00236,0.7772,-0.00058,0.00058,0.01404,0.01091,0.0091,1,1784300741.0,1784300741.777,1784300741.777
ramp,1.908,1.7,0.0,0.00236,0.9855,0.00236,0.00236,0.01414,0.01393,0.0077,1,1784300741.0,1784300741.985,1784300741.986
ramp,2.116,2.2,0.0,0.00118,0.212,0.00118,0.00118,0.0,0.0,0.0075,1,1784300742.0,1784300742.212,1784300742.212
ramp,2.343,2.2,0.0,0.00118,0.4199,0.00118,0.00118,0.0,0.0,0.0075,1,1784300742.0,1784300742.42,1784300742.42
ramp,2.551,2.2,0.0,0.00118,0.6277,0.00118,0.00118,0.0,0.0,0.0073,1,1784300742.0,1784300742.628,1784300742.628
ramp,2.759,2.2,0.00294,0.00118,0.8359,-0.00176,0.00176,0.01413,0.01181,0.0076,1,1784300742.0,1784300742.836,1784300742.836
ramp,2.967,2.2,0.0,0.00118,1.0436,0.00118,0.00118,0.01416,0.01478,0.0073,1,1784300742.0,1784300743.044,1784300743.044
ramp,3.175,2.7,0.0,0.00118,0.2666,0.00118,0.00118,0.0,0.0,0.0072,1,1784300743.0,1784300743.267,1784300743.267
ramp,3.398,2.7,0.0,0.00118,0.4751,0.00118,0.00118,0.0,0.0,0.0079,1,1784300743.0,1784300743.475,1784300743.475
ramp,3.606,2.7,0.00379,0.00118,0.6836,-0.00261,0.00261,0.01818,0.01243,0.008,1,1784300743.0,1784300743.684,1784300743.684
ramp,3.815,2.7,0.0,0.00118,0.8917,0.00118,0.00118,0.01822,0.01624,0.0077,1,1784300743.0,1784300743.892,1784300743.892
ramp,4.023,3.2,0.0,0.00152,0.1123,0.00152,0.00152,0.0,0.0,0.0052,1,1784300744.0,1784300744.112,1784300744.112
ramp,4.243,3.2,0.0,0.00152,0.3207,0.00152,0.00152,0.0,0.0,0.0079,1,1784300744.0,1784300744.321,1784300744.321
ramp,4.452,3.2,0.0,0.00152,0.5291,0.00152,0.00152,0.0,0.0,0.0079,1,1784300744.0,1784300744.529,1784300744.529
ramp,4.66,3.2,0.00294,0.00152,0.7379,-0.00142,0.00142,0.01409,0.0104,0.0082,1,1784300744.0,1784300744.738,1784300744.738
ramp,4.869,3.2,0.0,0.00152,0.9461,0.00152,0.00152,0.01413,0.01337,0.0076,1,1784300744.0,1784300744.946,1784300744.946
ramp,5.077,1.2,0.0,0.00118,0.1692,0.00118,0.00118,0.0,0.0,0.0071,1,1784300745.0,1784300745.169,1784300745.169
ramp,5.3,1.2,0.0,0.00118,0.3772,0.00118,0.00118,0.0,0.0,0.0074,1,1784300745.0,1784300745.377,1784300745.377
ramp,5.508,1.2,0.0,0.00118,0.5863,0.00118,0.00118,0.0,0.0,0.0085,1,1784300745.0,1784300745.586,1784300745.586
ramp,5.717,1.2,0.00294,0.00118,0.795,-0.00176,0.00176,0.01409,0.0112,0.0082,1,1784300745.0,1784300745.795,1784300745.795
ramp,5.926,1.2,0.0,0.00118,1.0038,0.00118,0.00118,0.01409,0.01415,0.0083,1,1784300745.0,1784300746.004,1784300746.004
ramp,6.135,1.7,0.0,0.00118,0.227,0.00118,0.00118,0.0,0.0,0.0073,1,1784300746.0,1784300746.227,1784300746.227
ramp,6.358,1.7,0.0,0.00118,0.4366,0.00118,0.00118,0.0,0.0,0.0092,1,1784300746.0,1784300746.437,1784300746.437
ramp,6.568,1.7,0.08347,0.00118,0.6441,-0.08229,0.08229,0.40224,0.25908,0.0071,1,1784300746.0,1784300746.644,1784300746.644
ramp,6.775,1.7,0.0,0.00118,0.8517,0.00118,0.00118,0.40208,0.34244,0.007,1,1784300746.0,1784300746.852,1784300746.852
ramp,6.983,1.7,0.0,0.00118,1.058,0.00118,0.00118,0.0,0.0,0.0059,1,1784300746.0,1784300747.058,1784300747.058
ramp,7.189,2.2,0.0,0.00118,0.2809,0.00118,0.00118,0.0,0.0,0.007,1,1784300747.0,1784300747.281,1784300747.281
ramp,7.412,2.2,0.0,0.00118,0.489,0.00118,0.00118,0.0,0.0,0.0076,1,1784300747.0,1784300747.489,1784300747.489
ramp,7.62,2.2,0.00294,0.00118,0.6979,-0.00176,0.00176,0.01409,0.00983,0.0084,1,1784300747.0,1784300747.698,1784300747.698
ramp,7.829,2.2,0.0,0.00118,0.906,0.00118,0.00118,0.01415,0.01281,0.0076,1,1784300747.0,1784300747.906,1784300747.906
ramp,8.037,2.7,0.0,0.00118,0.1273,0.00118,0.00118,0.0,0.0,0.0058,1,1784300748.0,1784300748.127,1784300748.127
ramp,8.259,2.7,0.0,0.00118,0.3361,0.00118,0.00118,0.0,0.0,0.0081,1,1784300748.0,1784300748.336,1784300748.336
ramp,8.467,2.7,0.0,0.00118,0.5445,0.00118,0.00118,0.0,0.0,0.008,1,1784300748.0,1784300748.545,1784300748.545
ramp,8.675,2.7,0.00295,0.00118,0.7539,-0.00177,0.00177,0.01407,0.01061,0.0091,1,1784300748.0,1784300748.754,1784300748.754
ramp,8.885,2.7,0.0,0.00118,0.9621,0.00118,0.00118,0.01415,0.01361,0.0077,1,1784300748.0,1784300748.962,1784300748.962
ramp,9.093,3.2,0.0,0.00118,0.1855,0.00118,0.00118,0.0,0.0,0.0071,1,1784300749.0,1784300749.185,1784300749.186
ramp,9.317,3.2,0.0,0.00118,0.3939,0.00118,0.00118,0.0,0.0,0.0078,1,1784300749.0,1784300749.394,1784300749.394
ramp,9.525,3.2,0.0,0.00118,0.6026,0.00118,0.00118,0.0,0.0,0.0084,1,1784300749.0,1784300749.603,1784300749.603
ramp,9.734,3.2,0.00294,0.00118,0.8122,-0.00176,0.00176,0.01403,0.0114,0.0091,1,1784300749.0,1784300749.812,1784300749.812
ramp,9.943,3.2,0.0,0.00118,1.0203,0.00118,0.00118,0.01414,0.01443,0.0075,1,1784300749.0,1784300750.02,1784300750.02
ramp,10.151,1.2,0.0,0.00118,0.243,0.00118,0.00118,0.0,0.0,0.0072,1,1784300750.001,1784300750.244,1784300750.244
ramp,10.375,1.2,0.0,0.00118,0.4507,0.00118,0.00118,0.0,0.0,0.0073,1,1784300750.001,1784300750.452,1784300750.452
ramp,10.583,1.2,0.00294,0.00118,0.6583,-0.00176,0.00176,0.01418,0.00933,0.0072,1,1784300750.001,1784300750.659,1784300750.659
ramp,10.79,1.2,0.0,0.00118,0.8662,0.00118,0.00118,0.01416,0.01227,0.0074,1,1784300750.001,1784300750.867,1784300750.867
ramp,10.998,1.2,0.0,0.00118,1.0717,0.00118,0.00118,0.0,0.0,0.0051,1,1784300750.001,1784300751.073,1784300751.073
ramp,11.204,1.7,0.0,0.00118,0.2965,0.00118,0.00118,0.0,0.0,0.0076,1,1784300751.001,1784300751.297,1784300751.298
ramp,11.428,1.7,0.0,0.00118,0.505,0.00118,0.00118,0.0,0.0,0.0081,1,1784300751.001,1784300751.506,1784300751.506
ramp,11.637,1.7,0.00294,0.00118,0.713,-0.00176,0.00176,0.01415,0.01009,0.0075,1,1784300751.001,1784300751.714,1784300751.714
ramp,11.845,1.7,0.0,0.00118,0.9222,0.00118,0.00118,0.01406,0.01297,0.0088,1,1784300751.001,1784300751.923,1784300751.923
ramp,12.054,2.2,0.0,0.00118,0.1443,0.00118,0.00118,0.0,0.0,0.0058,1,1784300752.001,1784300752.145,1784300752.145
ramp,12.276,2.2,0.0,0.00118,0.3528,0.00118,0.00118,0.0,0.0,0.008,1,1784300752.001,1784300752.354,1784300752.354
ramp,12.485,2.2,0.0,0.00118,0.5617,0.00118,0.00118,0.0,0.0,0.0084,1,1784300752.001,1784300752.563,1784300752.563
ramp,12.694,2.2,0.00294,0.00118,0.77,-0.00176,0.00176,0.01412,0.01087,0.0077,1,1784300752.001,1784300752.771,1784300752.771
ramp,12.902,2.2,0.0,0.00118,0.9779,0.00118,0.00118,0.01415,0.01383,0.0074,1,1784300752.001,1784300752.979,1784300752.979
ramp,13.11,2.7,0.0,0.00118,0.2009,0.00118,0.00118,0.0,0.0,0.0071,1,1784300753.001,1784300753.202,1784300753.202
ramp,13.333,2.7,0.0,0.00118,0.4096,0.00118,0.00118,0.0,0.0,0.0083,1,1784300753.001,1784300753.411,1784300753.411
ramp,13.542,2.7,0.0,0.00118,0.6179,0.00118,0.00118,0.0,0.0,0.0078,1,1784300753.001,1784300753.619,1784300753.619
ramp,13.75,2.7,0.00294,0.00118,0.8259,-0.00176,0.00176,0.01415,0.01169,0.0075,1,1784300753.001,1784300753.827,1784300753.827
ramp,13.958,2.7,0.0,0.00118,1.0337,0.00118,0.00118,0.01416,0.01464,0.0074,1,1784300753.001,1784300754.035,1784300754.035
ramp,14.166,3.2,0.0,0.00118,0.2576,0.00118,0.00118,0.0,0.0,0.0074,1,1784300754.001,1784300754.259,1784300754.259
ramp,14.389,3.2,0.0,0.00118,0.465,0.00118,0.00118,0.0,0.0,0.0072,1,1784300754.001,1784300754.466,1784300754.466
ramp,14.597,3.2,0.00294,0.00118,0.6733,-0.00176,0.00176,0.01413,0.00951,0.0078,1,1784300754.001,1784300754.674,1784300754.674
ramp,14.805,3.2,0.0,0.00118,0.8811,0.00118,0.00118,0.01416,0.01248,0.0073,1,1784300754.001,1784300754.882,1784300754.882
ramp,15.013,1.2,0.0,0.00118,0.102,0.00118,0.00118,0.0,0.0,0.0046,1,1784300755.001,1784300755.103,1784300755.103
ramp,15.234,1.2,0.0,0.00118,0.3103,0.00118,0.00118,0.0,0.0,0.0079,1,1784300755.001,1784300755.311,1784300755.311
ramp,15.442,1.2,0.0,0.00118,0.519,0.00118,0.00118,0.0,0.0,0.0082,1,1784300755.001,1784300755.52,1784300755.52
ramp,15.651,1.2,0.00294,0.00118,0.7271,-0.00177,0.00177,0.01415,0.01029,0.0078,1,1784300755.001,1784300755.728,1784300755.728
ramp,15.859,1.2,0.0,0.00118,0.9357,0.00118,0.00118,0.01412,0.01321,0.0081,1,1784300755.001,1784300755.937,1784300755.937
ramp,16.068,1.7,0.0,0.00118,0.1587,0.00118,0.00118,0.0,0.0,0.007,1,1784300756.001,1784300756.16,1784300756.16
ramp,16.291,1.7,0.0,0.00118,0.3681,0.00118,0.00118,0.0,0.0,0.0089,1,1784300756.001,1784300756.369,1784300756.369
ramp,16.5,1.7,0.0,0.00118,0.5762,0.00118,0.00118,0.0,0.0,0.0075,1,1784300756.001,1784300756.577,1784300756.577
ramp,16.708,1.7,0.00294,0.00118,0.7843,-0.00176,0.00176,0.01413,0.01108,0.0076,1,1784300756.001,1784300756.785,1784300756.785
ramp,16.916,1.7,0.0,0.00118,0.9923,0.00118,0.00118,0.01414,0.01403,0.0074,1,1784300756.001,1784300756.993,1784300756.993
ramp,17.124,2.2,0.0,0.00118,0.2153,0.00118,0.00118,0.0,0.0,0.0068,1,1784300757.001,1784300757.216,1784300757.216
ramp,17.347,2.2,0.0,0.00118,0.4234,0.00118,0.00118,0.0,0.0,0.0076,1,1784300757.001,1784300757.424,1784300757.425
ramp,17.555,2.2,0.0,0.00118,0.6311,0.00118,0.00118,0.0,0.0,0.0073,1,1784300757.001,1784300757.632,1784300757.632
ramp,17.763,2.2,0.00294,0.00118,0.8393,-0.00176,0.00176,0.01413,0.01186,0.0078,1,1784300757.001,1784300757.84,1784300757.84
ramp,17.971,2.2,0.0,0.00118,1.0468,0.00118,0.00118,0.01418,0.01485,0.0071,1,1784300757.001,1784300758.048,1784300758.048
ramp,18.179,2.7,0.0,0.00118,0.2697,0.00118,0.00118,0.0,0.0,0.007,1,1784300758.002,1784300758.272,1784300758.272
ramp,18.403,2.7,0.0,0.00118,0.4776,0.00118,0.00118,0.0,0.0,0.0074,1,1784300758.002,1784300758.48,1784300758.48
ramp,18.611,2.7,0.00294,0.00118,0.6858,-0.00176,0.00176,0.01413,0.00969,0.0078,1,1784300758.002,1784300758.688,1784300758.688
ramp,18.819,2.7,0.0,0.00118,0.8937,0.00118,0.00118,0.01416,0.01265,0.0074,1,1784300758.002,1784300758.896,1784300758.896
ramp,19.027,3.2,0.0,0.00118,1.1145,0.00118,0.00118,0.0,0.0,0.0048,1,1784300758.002,1784300759.116,1784300759.117
ramp,19.248,3.2,0.0,0.00118,1.3225,0.00118,0.00118,0.0,0.0,0.0076,1,1784300758.002,1784300759.325,1784300759.325
ramp,19.456,3.2,0.0,0.00118,1.5303,0.00118,0.00118,0.0,0.0,0.0073,1,1784300758.002,1784300759.532,1784300759.532
ramp,19.663,3.2,0.00294,0.00118,1.739,-0.00176,0.00176,0.0141,0.02452,0.0082,1,1784300758.002,1784300759.741,1784300759.741
ramp,19.872,3.2,0.0,0.00118,1.947,0.00118,0.00118,0.01415,0.02755,0.0074,1,1784300758.002,1784300759.949,1784300759.949
ramp,20.08,1.2,0.0,0.00118,2.1693,0.00118,0.00118,0.0,0.0,0.0045,1,1784300758.002,1784300760.171,1784300760.171
ramp,20.302,1.2,0.0,0.00118,0.3771,0.00118,0.00118,0.0,0.0,0.0072,1,1784300760.002,1784300760.379,1784300760.379
ramp,20.51,1.2,0.0,0.00118,0.5851,0.00118,0.00118,0.0,0.0,0.0075,1,1784300760.002,1784300760.587,1784300760.587
ramp,20.718,1.2,0.00294,0.00118,0.7933,-0.00176,0.00176,0.01413,0.01121,0.0078,1,1784300760.002,1784300760.795,1784300760.795
ramp,20.926,1.2,0.0,0.00118,1.0013,0.00118,0.00118,0.01414,0.01416,0.0075,1,1784300760.002,1784300761.003,1784300761.004
ramp,21.134,1.7,0.0,0.00118,0.2243,0.00118,0.00118,0.0,0.0,0.0072,1,1784300761.002,1784300761.226,1784300761.226
ramp,21.357,1.7,0.0,0.00118,0.433,0.00118,0.00118,0.0,0.0,0.0082,1,1784300761.002,1784300761.435,1784300761.435
ramp,21.566,1.7,0.07678,0.00118,0.6411,-0.0756,0.0756,0.36888,0.23649,0.0077,1,1784300761.002,1784300761.643,1784300761.643
ramp,21.774,1.7,0.0,0.00118,0.8495,0.00118,0.00118,0.36839,0.31296,0.0079,1,1784300761.002,1784300761.852,1784300761.852
ramp,21.982,1.7,0.0,0.00118,1.0566,0.00118,0.00118,0.0,0.0,0.0069,1,1784300761.002,1784300762.059,1784300762.059
ramp,22.19,2.2,0.0,0.00118,0.2817,0.00118,0.00118,0.0,0.0,0.0076,1,1784300762.002,1784300762.284,1784300762.284
ramp,22.415,2.2,0.0,0.00118,0.4903,0.00118,0.00118,0.0,0.0,0.0082,1,1784300762.002,1784300762.492,1784300762.492
ramp,22.623,2.2,0.00294,0.00118,0.6988,-0.00176,0.00176,0.01412,0.00987,0.0079,1,1784300762.002,1784300762.701,1784300762.701
ramp,22.832,2.2,0.0,0.00118,0.9067,0.00118,0.00118,0.01415,0.01283,0.0074,1,1784300762.002,1784300762.909,1784300762.909
ramp,23.04,2.7,0.0,0.00118,0.1284,0.00118,0.00118,0.0,0.0,0.0059,1,1784300763.002,1784300763.13,1784300763.131
ramp,23.261,2.7,0.0,0.00118,0.3368,0.00118,0.00118,0.0,0.0,0.0079,1,1784300763.002,1784300763.339,1784300763.339
ramp,23.47,2.7,0.0,0.00118,0.5447,0.00118,0.00118,0.0,0.0,0.0074,1,1784300763.002,1784300763.547,1784300763.547
ramp,23.678,2.7,0.00294,0.00118,0.7527,-0.00176,0.00176,0.01415,0.01065,0.0076,1,1784300763.002,1784300763.755,1784300763.755
ramp,23.886,2.7,0.0,0.00118,0.961,0.00118,0.00118,0.01413,0.01358,0.0078,1,1784300763.002,1784300763.963,1784300763.963
ramp,24.094,3.2,0.0,0.00118,0.1844,0.00118,0.00118,0.0,0.0,0.0068,1,1784300764.002,1784300764.186,1784300764.187
ramp,24.317,3.2,0.0,0.00118,0.3921,0.00118,0.00118,0.0,0.0,0.0073,1,1784300764.002,1784300764.394,1784300764.394
ramp,24.525,3.2,0.0,0.00118,0.6004,0.00118,0.00118,0.0,0.0,0.0078,1,1784300764.002,1784300764.602,1784300764.603
ramp,24.733,3.2,0.00294,0.00118,0.8084,-0.00176,0.00176,0.01415,0.01144,0.0076,1,1784300764.002,1784300764.81,1784300764.811
ramp,24.941,3.2,0.0,0.00118,1.0158,0.00118,0.00118,0.0142,0.01442,0.0069,1,1784300764.002,1784300765.018,1784300765.018
ramp,25.149,1.2,0.0,0.00118,0.2389,0.00118,0.00118,0.0,0.0,0.0068,1,1784300765.002,1784300765.241,1784300765.241
ramp,25.372,1.2,0.0,0.00118,0.4466,0.00118,0.00118,0.0,0.0,0.0073,1,1784300765.002,1784300765.449,1784300765.449
ramp,25.58,1.2,0.00294,0.00118,0.6551,-0.00176,0.00176,0.01412,0.00925,0.0079,1,1784300765.002,1784300765.657,1784300765.657
ramp,25.788,1.2,0.0,0.00118,0.8636,0.00118,0.00118,0.01411,0.01219,0.008,1,1784300765.002,1784300765.866,1784300765.866
ramp,25.997,1.2,0.0,0.00118,1.0695,0.00118,0.00118,0.0,0.0,0.0049,1,1784300765.002,1784300766.071,1784300766.072
ramp,26.202,1.7,0.0,0.00118,0.292,0.00118,0.00118,0.0,0.0,0.0068,1,1784300766.002,1784300766.294,1784300766.294
ramp,26.425,1.7,0.0,0.00118,0.5004,0.00118,0.00118,0.0,0.0,0.0079,1,1784300766.002,1784300766.502,1784300766.502
ramp,26.633,1.7,0.00294,0.00118,0.7084,-0.00176,0.00176,0.01414,0.01002,0.0076,1,1784300766.002,1784300766.71,1784300766.711
ramp,26.841,1.7,0.0,0.00118,0.9162,0.00118,0.00118,0.01417,0.01298,0.0073,1,1784300766.002,1784300766.918,1784300766.918
ramp,27.049,2.2,0.0,0.00118,0.1458,0.00118,0.00118,0.0,0.0,0.0146,1,1784300767.003,1784300767.149,1784300767.149
ramp,27.28,2.2,0.0,0.00118,0.3536,0.00118,0.00118,0.0,0.0,0.0074,1,1784300767.003,1784300767.357,1784300767.357
ramp,27.488,2.2,0.0,0.00118,0.5613,0.00118,0.00118,0.0,0.0,0.0071,1,1784300767.003,1784300767.564,1784300767.564
ramp,27.695,2.2,0.00294,0.00118,0.7692,-0.00176,0.00176,0.01415,0.01089,0.0074,1,1784300767.003,1784300767.772,1784300767.772
ramp,27.903,2.2,0.0,0.00118,0.9786,0.00118,0.00118,0.01405,0.01375,0.0089,1,1784300767.003,1784300767.982,1784300767.982
ramp,28.113,2.7,0.0,0.00118,0.2019,0.00118,0.00118,0.0,0.0,0.0073,1,1784300768.003,1784300768.205,1784300768.205
ramp,28.336,2.7,0.0,0.00118,0.4102,0.00118,0.00118,0.0,0.0,0.0077,1,1784300768.003,1784300768.413,1784300768.413
ramp,28.544,2.7,0.0,0.00118,0.6192,0.00118,0.00118,0.0,0.0,0.0087,1,1784300768.003,1784300768.622,1784300768.622
ramp,28.753,2.7,0.00294,0.00118,0.8276,-0.00176,0.00176,0.01411,0.01168,0.0078,1,1784300768.003,1784300768.831,1784300768.831
ramp,28.962,2.7,0.0,0.00118,1.0352,0.00118,0.00118,0.01416,0.01466,0.0072,1,1784300768.003,1784300769.038,1784300769.038
ramp,29.169,3.2,0.0,0.00118,0.2584,0.00118,0.00118,0.0,0.0,0.0065,1,1784300769.003,1784300769.261,1784300769.261
ramp,29.392,3.2,0.0,0.00118,0.4655,0.00118,0.00118,0.0,0.0,0.0067,1,1784300769.003,1784300769.469,1784300769.469
ramp,29.599,3.2,0.00294,0.00118,0.6732,-0.00177,0.00177,0.01418,0.00954,0.0074,1,1784300769.003,1784300769.676,1784300769.676
ramp,29.807,3.2,0.0,0.00118,0.8812,0.00118,0.00118,0.01416,0.01248,0.0075,1,1784300769.003,1784300769.884,1784300769.884
ramp,30.015,1.2,0.0,0.00118,0.1043,0.00118,0.00118,0.0,0.0,0.008,1,1784300770.006,1784300770.11,1784300770.11
ramp,30.241,1.2,0.0,0.00118,0.3126,0.00118,0.00118,0.0,0.0,0.0078,1,1784300770.006,1784300770.319,1784300770.319
ramp,30.45,1.2,0.0,0.00118,0.5224,0.00118,0.00118,0.0,0.0,0.0093,1,1784300770.006,1784300770.528,1784300770.528
ramp,30.659,1.2,0.00294,0.00118,0.7304,-0.00177,0.00177,0.01415,0.01033,0.0075,1,1784300770.006,1784300770.736,1784300770.737
ramp,30.867,1.2,0.0,0.00118,0.9382,0.00118,0.00118,0.01416,0.01329,0.0073,1,1784300770.006,1784300770.944,1784300770.944
ramp,31.075,1.7,0.0,0.00118,0.1611,0.00118,0.00118,0.0,0.0,0.0066,1,1784300771.006,1784300771.167,1784300771.167
ramp,31.298,1.7,0.0,0.00118,0.3696,0.00118,0.00118,0.0,0.0,0.008,1,1784300771.006,1784300771.376,1784300771.376
ramp,31.507,1.7,0.0,0.00118,0.5769,0.00118,0.00118,0.0,0.0,0.0068,1,1784300771.006,1784300771.583,1784300771.583
ramp,31.714,1.7,0.00294,0.00118,0.7849,-0.00176,0.00176,0.01415,0.01111,0.0074,1,1784300771.006,1784300771.791,1784300771.791
ramp,31.922,1.7,0.0,0.00118,0.9924,0.00118,0.00118,0.01418,0.01407,0.0071,1,1784300771.006,1784300771.998,1784300771.999
ramp,32.129,2.2,0.0,0.00118,0.2155,0.00118,0.00118,0.0,0.0,0.007,1,1784300772.006,1784300772.221,1784300772.222
ramp,32.352,2.2,0.0,0.00118,0.4226,0.00118,0.00118,0.0,0.0,0.0068,1,1784300772.006,1784300772.429,1784300772.429
ramp,32.56,2.2,0.0,0.00118,0.6302,0.00118,0.00118,0.0,0.0,0.0071,1,1784300772.006,1784300772.636,1784300772.636
ramp,32.767,2.2,0.00294,0.00118,0.8374,-0.00176,0.00176,0.0142,0.01189,0.0067,1,1784300772.006,1784300772.843,1784300772.844
ramp,32.974,2.2,0.0,0.00118,1.0451,0.00118,0.00118,0.01417,0.01481,0.0074,1,1784300772.006,1784300773.051,1784300773.051
ramp,33.182,2.7,0.0,0.00118,0.2684,0.00118,0.00118,0.0,0.0,0.0065,1,1784300773.006,1784300773.274,1784300773.274
ramp,33.405,2.7,0.0,0.00118,0.4759,0.00118,0.00118,0.0,0.0,0.007,1,1784300773.006,1784300773.482,1784300773.482
ramp,33.613,2.7,0.00294,0.00118,0.6835,-0.00176,0.00176,0.01418,0.00969,0.0071,1,1784300773.006,1784300773.689,1784300773.69
ramp,33.82,2.7,0.0,0.00118,0.8908,0.00118,0.00118,0.01419,0.01264,0.007,1,1784300773.006,1784300773.897,1784300773.897
ramp,34.028,3.2,0.0,0.00118,0.1107,0.00118,0.00118,0.0,0.0,0.0043,1,1784300774.006,1784300774.117,1784300774.117
ramp,34.248,3.2,0.0,0.00118,0.3185,0.00118,0.00118,0.0,0.0,0.0072,1,1784300774.006,1784300774.324,1784300774.325
ramp,34.456,3.2,0.0,0.00118,0.526,0.00118,0.00118,0.0,0.0,0.007,1,1784300774.006,1784300774.532,1784300774.532
ramp,34.663,3.2,0.00294,0.00118,0.734,-0.00176,0.00176,0.01415,0.01039,0.0075,1,1784300774.006,1784300774.74,1784300774.74
ramp,34.871,3.2,0.0,0.00118,0.9421,0.00118,0.00118,0.01414,0.01332,0.0076,1,1784300774.006,1784300774.948,1784300774.948
ramp,35.079,1.2,0.0,0.00118,0.164,0.00118,0.00118,0.0,0.0,0.0063,1,1784300775.006,1784300775.17,1784300775.17
ramp,35.301,1.2,0.0,0.00118,0.3728,0.00118,0.00118,0.0,0.0,0.0084,1,1784300775.006,1784300775.379,1784300775.379
ramp,35.51,1.2,0.0,0.00118,0.5807,0.00118,0.00118,0.0,0.0,0.0074,1,1784300775.006,1784300775.587,1784300775.587
ramp,35.718,1.2,0.00294,0.00118,0.7892,-0.00176,0.00176,0.01411,0.01114,0.008,1,1784300775.006,1784300775.795,1784300775.795
ramp,35.926,1.2,0.0,0.00118,0.997,0.00118,0.00118,0.01416,0.01412,0.0073,1,1784300775.006,1784300776.003,1784300776.003
ramp,36.134,1.7,0.0,0.00118,0.22,0.00118,0.00118,0.0,0.0,0.0068,1,1784300776.006,1784300776.226,1784300776.226
ramp,36.357,1.7,0.0,0.00118,0.4286,0.00118,0.00118,0.0,0.0,0.008,1,1784300776.006,1784300776.435,1784300776.435
ramp,36.565,1.7,0.08568,0.00118,0.6357,-0.0845,0.0845,0.41354,0.26289,0.0069,1,1784300776.006,1784300776.642,1784300776.642
ramp,36.773,1.7,0.0,0.00118,0.844,0.00118,0.00118,0.41151,0.3473,0.0077,1,1784300776.006,1784300776.85,1784300776.85
ramp,36.981,1.7,0.0,0.00118,1.0512,0.00118,0.00118,0.0,0.0,0.0069,1,1784300776.006,1784300777.057,1784300777.057
ramp,37.188,2.2,0.0,0.00118,0.2739,0.00118,0.00118,0.0,0.0,0.0073,1,1784300777.007,1784300777.281,1784300777.281
ramp,37.412,2.2,0.0,0.00118,0.4814,0.00118,0.00118,0.0,0.0,0.0071,1,1784300777.007,1784300777.488,1784300777.489
ramp,37.62,2.2,0.00294,0.00118,0.6891,-0.00176,0.00176,0.01417,0.00977,0.0071,1,1784300777.007,1784300777.696,1784300777.696
ramp,37.827,2.2,0.0,0.00118,0.8964,0.00118,0.00118,0.01419,0.01272,0.0067,1,1784300777.007,1784300777.903,1784300777.904
ramp,38.034,2.7,0.0,0.00118,0.1169,0.00118,0.00118,0.0,0.0,0.005,1,1784300778.007,1784300778.124,1784300778.124
ramp,38.255,2.7,0.0,0.00118,0.325,0.00118,0.00118,0.0,0.0,0.0076,1,1784300778.007,1784300778.332,1784300778.332
ramp,38.463,2.7,0.0,0.00118,0.5327,0.00118,0.00118,0.0,0.0,0.0071,1,1784300778.007,1784300778.54,1784300778.54
ramp,38.671,2.7,0.00294,0.00118,0.7411,-0.00176,0.00176,0.01412,0.01046,0.0079,1,1784300778.007,1784300778.748,1784300778.748
ramp,38.879,2.7,0.0,0.00118,0.9488,0.00118,0.00118,0.01416,0.01344,0.0072,1,1784300778.007,1784300778.956,1784300778.956
ramp,39.087,3.2,0.0,0.00118,0.1717,0.00118,0.00118,0.0,0.0,0.0069,1,1784300779.007,1784300779.179,1784300779.179
ramp,39.31,3.2,0.0,0.00118,0.3802,0.00118,0.00118,0.0,0.0,0.008,1,1784300779.007,1784300779.387,1784300779.387
ramp,39.518,3.2,0.0,0.00118,0.5881,0.00118,0.00118,0.0,0.0,0.0074,1,1784300779.007,1784300779.595,1784300779.595
ramp,39.726,3.2,0.00294,0.00118,0.7959,-0.00176,0.00176,0.01416,0.01127,0.0073,1,1784300779.007,1784300779.803,1784300779.803
ramp,39.934,3.2,0.0,0.00118,1.004,0.00118,0.00118,0.01414,0.0142,0.0075,1,1784300779.007,1784300780.011,1784300780.011
ramp,40.142,1.2,0.0,0.00118,0.2262,0.00118,0.00118,0.0,0.0,0.0064,1,1784300780.007,1784300780.233,1784300780.233
ramp,40.364,1.2,0.0,0.00118,0.4339,0.00118,0.00118,0.0,0.0,0.0071,1,1784300780.007,1784300780.441,1784300780.441
ramp,40.572,1.2,0.07984,0.00118,0.6417,-0.07866,0.07866,0.38411,0.24647,0.0074,1,1784300780.007,1784300780.649,1784300780.649
ramp,40.78,1.2,0.0,0.00118,0.8501,0.00118,0.00118,0.38315,0.32571,0.0079,1,1784300780.007,1784300780.857,1784300780.857
ramp,40.988,1.2,0.0,0.00118,1.0572,0.00118,0.00118,0.0,0.0,0.0067,1,1784300780.007,1784300781.064,1784300781.064
ramp,41.195,1.7,0.0,0.00118,0.2787,0.00118,0.00118,0.0,0.0,0.007,1,1784300781.007,1784300781.286,1784300781.286
ramp,41.417,1.7,0.0,0.00118,0.4865,0.00118,0.00118,0.0,0.0,0.0072,1,1784300781.007,1784300781.493,1784300781.494
ramp,41.625,1.7,0.00294,0.00118,0.6938,-0.00176,0.00176,0.01418,0.00984,0.0068,1,1784300781.007,1784300781.701,1784300781.701
ramp,41.832,1.7,0.0,0.00118,0.9014,0.00118,0.00118,0.01418,0.01278,0.0069,1,1784300781.007,1784300781.908,1784300781.908
ramp,42.039,2.2,0.0,0.00118,0.1226,0.00118,0.00118,0.0,0.0,0.0052,1,1784300782.007,1784300782.13,1784300782.13
ramp,42.261,2.2,0.0,0.00118,0.3305,0.00118,0.00118,0.0,0.0,0.0074,1,1784300782.007,1784300782.338,1784300782.338
ramp,42.468,2.2,0.0,0.00118,0.5388,0.00118,0.00118,0.0,0.0,0.008,1,1784300782.007,1784300782.546,1784300782.546
ramp,42.677,2.2,0.00294,0.00118,0.7464,-0.00176,0.00176,0.01418,0.01058,0.007,1,1784300782.007,1784300782.753,1784300782.753
ramp,42.884,2.2,0.0,0.00118,0.9549,0.00118,0.00118,0.01411,0.01347,0.008,1,1784300782.007,1784300782.962,1784300782.962
ramp,43.093,2.7,0.0,0.00118,0.1785,0.00118,0.00118,0.0,0.0,0.0066,1,1784300783.007,1784300783.186,1784300783.186
ramp,43.317,2.7,0.0,0.00118,0.3871,0.00118,0.00118,0.0,0.0,0.008,1,1784300783.007,1784300783.394,1784300783.394
ramp,43.525,2.7,0.0,0.00118,0.5957,0.00118,0.00118,0.0,0.0,0.0081,1,1784300783.007,1784300783.603,1784300783.603
ramp,43.734,2.7,0.00294,0.00118,0.8041,-0.00176,0.00176,0.01412,0.01136,0.0079,1,1784300783.007,1784300783.811,1784300783.811
ramp,43.942,2.7,0.0,0.00118,1.0115,0.00118,0.00118,0.01419,0.01435,0.007,1,1784300783.007,1784300784.018,1784300784.019
ramp,44.15,3.2,0.0,0.00118,0.2345,0.00118,0.00118,0.0,0.0,0.0068,1,1784300784.007,1784300784.242,1784300784.242
ramp,44.372,3.2,0.0,0.00118,0.4419,0.00118,0.00118,0.0,0.0,0.0071,1,1784300784.007,1784300784.449,1784300784.449
ramp,44.58,3.2,0.00294,0.00118,0.6496,-0.00176,0.00176,0.01416,0.0092,0.007,1,1784300784.007,1784300784.657,1784300784.657
ramp,44.787,3.2,0.0,0.00118,0.8564,0.00118,0.00118,0.01422,0.01217,0.0066,1,1784300784.007,1784300784.863,1784300784.864
ramp,44.994,3.2,0.0,0.00118,1.0619,0.00118,0.00118,0.0,0.0,0.0064,1,1784300784.007,1784300785.069,1784300785.07
ramp,45.201,1.2,0.0,0.00118,0.2957,0.00118,0.00118,0.0,0.0,0.0159,1,1784300785.007,1784300785.303,1784300785.303
ramp,45.434,1.2,0.0,0.00118,0.508,0.00118,0.00118,0.0,0.0,0.0118,1,1784300785.007,1784300785.515,1784300785.515
ramp,45.646,1.2,0.00294,0.00118,0.7156,-0.00176,0.00176,0.01417,0.01014,0.0071,1,1784300785.007,1784300785.723,1784300785.723
ramp,45.854,1.2,0.0,0.00118,0.9236,0.00118,0.00118,0.01415,0.01307,0.0073,1,1784300785.007,1784300785.931,1784300785.931
ramp,46.062,1.7,0.0,0.00118,0.1447,0.00118,0.00118,0.0,0.0,0.0061,1,1784300786.008,1784300786.153,1784300786.153
ramp,46.284,1.7,0.0,0.00118,0.3528,0.00118,0.00118,0.0,0.0,0.0077,1,1784300786.008,1784300786.361,1784300786.361
ramp,46.492,1.7,0.0,0.00118,0.5607,0.00118,0.00118,0.0,0.0,0.0074,1,1784300786.008,1784300786.569,1784300786.569
ramp,46.7,1.7,0.00294,0.00118,0.7691,-0.00176,0.00176,0.01412,0.01086,0.0078,1,1784300786.008,1784300786.777,1784300786.777
ramp,46.908,1.7,0.0,0.00118,0.9774,0.00118,0.00118,0.01412,0.0138,0.0077,1,1784300786.008,1784300786.985,1784300786.986
ramp,47.116,2.2,0.0,0.00118,0.2005,0.00118,0.00118,0.0,0.0,0.0067,1,1784300787.008,1784300787.209,1784300787.209
ramp,47.339,2.2,0.0,0.00118,0.4079,0.00118,0.00118,0.0,0.0,0.0071,1,1784300787.008,1784300787.416,1784300787.416
ramp,47.547,2.2,0.0,0.00118,0.6157,0.00118,0.00118,0.0,0.0,0.0073,1,1784300787.008,1784300787.624,1784300787.624
ramp,47.755,2.2,0.00294,0.00118,0.8241,-0.00176,0.00176,0.01412,0.01164,0.0079,1,1784300787.008,1784300787.832,1784300787.832
ramp,47.963,2.2,0.0,0.00118,1.0315,0.00118,0.00118,0.01419,0.01463,0.007,1,1784300787.008,1784300788.039,1784300788.04
ramp,48.171,2.7,0.0,0.00118,0.2545,0.00118,0.00118,0.0,0.0,0.0066,1,1784300788.008,1784300788.262,1784300788.263
ramp,48.394,2.7,0.0,0.00118,0.4626,0.00118,0.00118,0.0,0.0,0.0077,1,1784300788.008,1784300788.471,1784300788.471
ramp,48.602,2.7,0.00294,0.00118,0.6713,-0.00176,0.00176,0.0141,0.00947,0.0081,1,1784300788.008,1784300788.679,1784300788.679
ramp,48.81,2.7,0.0,0.00118,0.879,0.00118,0.00118,0.01416,0.01245,0.0072,1,1784300788.008,1784300788.887,1784300788.887
ramp,49.018,3.2,0.0,0.00118,0.1005,0.00118,0.00118,0.0,0.0,0.0051,1,1784300789.008,1784300789.108,1784300789.109
ramp,49.239,3.2,0.0,0.00118,0.3081,0.00118,0.00118,0.0,0.0,0.0073,1,1784300789.008,1784300789.316,1784300789.316
ramp,49.447,3.2,0.0,0.00118,0.5163,0.00118,0.00118,0.0,0.0,0.0077,1,1784300789.008,1784300789.524,1784300789.524
ramp,49.656,3.2,0.00294,0.00118,0.7244,-0.00176,0.00176,0.01413,0.01024,0.0074,1,1784300789.008,1784300789.732,1784300789.732
ramp,49.863,3.2,0.0,0.00118,0.9319,0.00118,0.00118,0.01417,0.0132,0.007,1,1784300789.008,1784300789.94,1784300789.94
ramp,50.071,1.2,0.0,0.00118,1.1529,0.00118,0.00118,0.0,0.0,0.0044,1,1784300789.008,1784300790.161,1784300790.161
ramp,50.292,1.2,0.0,0.00118,0.3603,0.00118,0.00118,0.0,0.0,0.0069,1,1784300790.008,1784300790.368,1784300790.368
ramp,50.499,1.2,0.0,0.00118,0.568,0.00118,0.00118,0.0,0.0,0.0072,1,1784300790.008,1784300790.576,1784300790.576
ramp,50.707,1.2,0.00294,0.00118,0.7754,-0.00176,0.00176,0.01419,0.011,0.0069,1,1784300790.008,1784300790.783,1784300790.784
ramp,50.915,1.2,0.0,0.00118,0.9831,0.00118,0.00118,0.01417,0.01393,0.0071,1,1784300790.008,1784300790.991,1784300790.991
ramp,51.122,1.7,0.0,0.00118,0.2065,0.00118,0.00118,0.0,0.0,0.007,1,1784300791.008,1784300791.214,1784300791.215
ramp,51.346,1.7,0.0,0.00118,0.4149,0.00118,0.00118,0.0,0.0,0.0079,1,1784300791.008,1784300791.423,1784300791.423
ramp,51.554,1.7,0.0,0.00118,0.6221,0.00118,0.00118,0.0,0.0,0.0067,1,1784300791.008,1784300791.63,1784300791.63
ramp,51.761,1.7,0.00294,0.00118,0.8301,-0.00176,0.00176,0.01414,0.01174,0.0075,1,1784300791.008,1784300791.838,1784300791.838
ramp,51.969,1.7,0.0,0.00118,1.0375,0.00118,0.00118,0.01419,0.01472,0.0069,1,1784300791.008,1784300792.045,1784300792.046
ramp,52.177,2.2,0.0,0.00118,0.2604,0.00118,0.00118,0.0,0.0,0.0066,1,1784300792.008,1784300792.268,1784300792.268
ramp,52.399,2.2,0.0,0.00118,0.468,0.00118,0.00118,0.0,0.0,0.0072,1,1784300792.008,1784300792.476,1784300792.476
ramp,52.607,2.2,0.00294,0.00118,0.6758,-0.00176,0.00176,0.01416,0.00957,0.0074,1,1784300792.008,1784300792.684,1784300792.684
ramp,52.815,2.2,0.0,0.00118,0.8839,0.00118,0.00118,0.01414,0.0125,0.0076,1,1784300792.008,1784300792.892,1784300792.892
ramp,53.023,2.7,0.0,0.00118,0.1044,0.00118,0.00118,0.0,0.0,0.0049,1,1784300793.008,1784300793.112,1784300793.113
ramp,53.243,2.7,0.0,0.00118,0.3125,0.00118,0.00118,0.0,0.0,0.0076,1,1784300793.008,1784300793.321,1784300793.321
ramp,53.451,2.7,0.0,0.00118,0.5213,0.00118,0.00118,0.0,0.0,0.0084,1,1784300793.008,1784300793.529,1784300793.529
ramp,53.66,2.7,0.00294,0.00118,0.729,-0.00176,0.00176,0.01416,0.01033,0.0072,1,1784300793.008,1784300793.737,1784300793.737
ramp,53.868,2.7,0.0,0.00118,0.9378,0.00118,0.00118,0.0141,0.01322,0.0083,1,1784300793.008,1784300793.946,1784300793.946
ramp,54.077,3.2,0.0,0.00118,0.1591,0.00118,0.00118,0.0,0.0,0.0061,1,1784300794.009,1784300794.168,1784300794.168
ramp,54.299,3.2,0.0,0.00118,0.3663,0.00118,0.00118,0.0,0.0,0.0067,1,1784300794.009,1784300794.375,1784300794.375
ramp,54.506,3.2,0.0,0.00118,0.5733,0.00118,0.00118,0.0,0.0,0.0064,1,1784300794.009,1784300794.582,1784300794.582
ramp,54.713,3.2,0.00294,0.00118,0.7818,-0.00176,0.00176,0.01411,0.01103,0.0079,1,1784300794.009,1784300794.791,1784300794.791
ramp,54.922,3.2,0.0,0.00118,0.9893,0.00118,0.00118,0.01418,0.01402,0.007,1,1784300794.009,1784300794.998,1784300794.998
ramp,55.129,1.2,0.0,0.00118,0.212,0.00118,0.00118,0.0,0.0,0.0068,1,1784300795.009,1784300795.221,1784300795.221
ramp,55.352,1.2,0.0,0.00118,0.4201,0.00118,0.00118,0.0,0.0,0.0074,1,1784300795.009,1784300795.429,1784300795.429
ramp,55.56,1.2,0.0,0.00118,0.6273,0.00118,0.00118,0.0,0.0,0.0067,1,1784300795.009,1784300795.636,1784300795.636
ramp,55.767,1.2,0.00294,0.00118,0.835,-0.00176,0.00176,0.01416,0.01183,0.0072,1,1784300795.009,1784300795.844,1784300795.844
ramp,55.975,1.2,0.0,0.00118,1.0424,0.00118,0.00118,0.01418,0.01478,0.007,1,1784300795.009,1784300796.051,1784300796.052
ramp,56.183,1.7,0.0,0.00118,0.265,0.00118,0.00118,0.0,0.0,0.0068,1,1784300796.009,1784300796.274,1784300796.274
ramp,56.405,1.7,0.0,0.00118,0.4743,0.00118,0.00118,0.0,0.0,0.0089,1,1784300796.009,1784300796.483,1784300796.483
ramp,56.614,1.7,0.00294,0.00118,0.6819,-0.00176,0.00176,0.01417,0.00966,0.0071,1,1784300796.009,1784300796.691,1784300796.691
ramp,56.822,1.7,0.0,0.00118,0.89,0.00118,0.00118,0.01414,0.01258,0.0076,1,1784300796.009,1784300796.899,1784300796.899
ramp,57.03,2.2,0.0,0.00118,0.1117,0.00118,0.00118,0.0,0.0,0.0054,1,1784300797.009,1784300797.121,1784300797.121
ramp,57.252,2.2,0.0,0.00118,0.3199,0.00118,0.00118,0.0,0.0,0.0076,1,1784300797.009,1784300797.329,1784300797.329
ramp,57.46,2.2,0.0,0.00118,0.528,0.00118,0.00118,0.0,0.0,0.0076,1,1784300797.009,1784300797.537,1784300797.537
ramp,57.668,2.2,0.00294,0.00118,0.7355,-0.00176,0.00176,0.01418,0.01043,0.0071,1,1784300797.009,1784300797.745,1784300797.745
ramp,57.876,2.2,0.0,0.00118,0.9441,0.00118,0.00118,0.01411,0.01332,0.008,1,1784300797.009,1784300797.953,1784300797.953
ramp,58.084,2.7,0.0,0.00118,0.1668,0.00118,0.00118,0.0,0.0,0.0065,1,1784300798.009,1784300798.176,1784300798.176
ramp,58.307,2.7,0.0,0.00118,0.375,0.00118,0.00118,0.0,0.0,0.0076,1,1784300798.009,1784300798.384,1784300798.384
ramp,58.515,2.7,0.0,0.00118,0.5826,0.00118,0.00118,0.0,0.0,0.0071,1,1784300798.009,1784300798.592,1784300798.592
ramp,58.723,2.7,0.00294,0.00118,0.79,-0.00176,0.00176,0.01419,0.01121,0.0068,1,1784300798.009,1784300798.799,1784300798.799
ramp,58.93,2.7,0.0,0.00118,0.9982,0.00118,0.00118,0.01413,0.0141,0.0077,1,1784300798.009,1784300799.007,1784300799.007
ramp,59.138,3.2,0.0,0.00118,0.2229,0.00118,0.00118,0.0,0.0,0.0073,1,1784300799.009,1784300799.232,1784300799.232
ramp,59.363,3.2,0.0,0.00118,0.4305,0.00118,0.00118,0.0,0.0,0.0072,1,1784300799.009,1784300799.44,1784300799.44
ramp,59.57,3.2,0.07545,0.00118,0.6386,-0.07427,0.07427,0.36248,0.2315,0.0078,1,1784300799.009,1784300799.648,1784300799.648
ramp,59.779,3.2,0.0,0.00118,0.8466,0.00118,0.00118,0.36296,0.30726,0.0073,1,1784300799.009,1784300799.856,1784300799.856
ramp,59.986,3.2,0.0,0.00118,1.0539,0.00118,0.00118,0.0,0.0,0.0071,1,1784300799.009,1784300800.063,1784300800.063
