sample_index,sampler_id,timestamp_s,monotonic_s,sample_t_mono,link,rho,throughput_mbps,tx_bytes_delta,dt_s,rx_bytes_delta,rho_rx,read_duration_us
0,0,0.200205,5913.996479322,5913.996479322,uA,0.82483244,6.59865952,164388,0.19929866,164388,0.82483244,204.2
0,0,0.200205,5913.996479322,5913.996479322,uB,0.84895035,5.09370209,126896,0.19929866,126896,0.84895035,204.2
0,0,0.200205,5913.996479322,5913.996479322,ac,0.94542198,5.67253187,141316,0.19929866,141316,0.94542198,204.2
0,0,0.200205,5913.996479322,5913.996479322,ad,0.95506914,3.82027656,95172,0.19929866,95172,0.95506914,204.2
0,0,0.200205,5913.996479322,5913.996479322,bc,0.95506914,5.73041485,142758,0.19929866,142758,0.95506914,204.2
0,0,0.200205,5913.996479322,5913.996479322,bd,0.79106737,4.74640422,118244,0.19929866,118244,0.79106737,204.2
0,0,0.200205,5913.996479322,5913.996479322,vC,0.36176861,2.89414891,72100,0.19929866,72100,0.36176861,204.2
0,0,0.200205,5913.996479322,5913.996479322,vD,0.10611879,0.63671276,15862,0.19929866,15862,0.10611879,204.2
1,0,0.400202,5914.196476147,5914.196476147,uA,0.82916316,6.63330530,165830,0.19999683,165830,0.82916316,204.0
1,0,0.400202,5914.196476147,5914.196476147,uB,0.84598676,5.07592058,126896,0.19999683,126896,0.84598676,204.0
1,0,0.400202,5914.196476147,5914.196476147,ac,0.94212162,5.65272974,141316,0.19999683,141316,0.94212162,204.0
1,0,0.400202,5914.196476147,5914.196476147,ad,0.96615534,3.86462135,96614,0.19999683,96614,0.96615534,204.0
1,0,0.400202,5914.196476147,5914.196476147,bc,0.94212162,5.65272974,141316,0.19999683,141316,0.94212162,204.0
1,0,0.400202,5914.196476147,5914.196476147,bd,0.96134859,5.76809157,144200,0.19999683,144200,0.96134859,204.0
1,0,0.400202,5914.196476147,5914.196476147,vC,0.82195305,6.57562439,164388,0.19999683,164388,0.82195305,204.0
1,0,0.400202,5914.196476147,5914.196476147,vD,0.85560025,5.13360150,128338,0.19999683,128338,0.85560025,204.0
2,0,0.600193,5914.396467576,5914.396467576,uA,0.82197522,6.57580179,164388,0.19999143,164388,0.82197522,193.3
2,0,0.600193,5914.396467576,5914.396467576,uB,0.84600959,5.07605752,126896,0.19999143,126896,0.84600959,193.3
2,0,0.600193,5914.396467576,5914.396467576,ac,0.95176079,5.71056471,142758,0.19999143,142758,0.95176079,193.3
2,0,0.600193,5914.396467576,5914.396467576,ad,0.95176079,3.80704314,95172,0.19999143,95172,0.95176079,193.3
2,0,0.600193,5914.396467576,5914.396467576,bc,0.94214704,5.65288224,141316,0.19999143,141316,0.94214704,193.3
2,0,0.600193,5914.396467576,5914.396467576,bd,0.95176079,5.71056471,142758,0.19999143,142758,0.95176079,193.3
2,0,0.600193,5914.396467576,5914.396467576,vC,0.82918553,6.63348426,165830,0.19999143,165830,0.82918553,193.3
2,0,0.600193,5914.396467576,5914.396467576,vD,0.84600959,5.07605752,126896,0.19999143,126896,0.84600959,193.3
3,0,0.800212,5914.596486715,5914.596486715,uA,0.82186135,6.57489082,164388,0.20001914,164388,0.82186135,239.4
3,0,0.800212,5914.596486715,5914.596486715,uB,0.84589239,5.07535431,126896,0.20001914,126896,0.84589239,239.4
3,0,0.800212,5914.596486715,5914.596486715,ac,0.94201652,5.65209912,141316,0.20001914,141316,0.94201652,239.4
3,0,0.800212,5914.596486715,5914.596486715,ad,0.96604755,3.86419022,96614,0.20001914,96614,0.96604755,239.4
3,0,0.800212,5914.596486715,5914.596486715,bc,0.94201652,5.65209912,141316,0.20001914,141316,0.94201652,239.4
3,0,0.800212,5914.596486715,5914.596486715,bd,0.95162893,5.70977360,142758,0.20001914,142758,0.95162893,239.4
3,0,0.800212,5914.596486715,5914.596486715,vC,0.82186135,6.57489082,164388,0.20001914,164388,0.82186135,239.4
3,0,0.800212,5914.596486715,5914.596486715,vD,0.85550480,5.13302879,128338,0.20001914,128338,0.85550480,239.4
4,0,1.000216,5914.796490065,5914.796490065,uA,0.82192623,6.57540988,164388,0.20000335,164388,0.82192623,244.3
4,0,1.000216,5914.796490065,5914.796490065,uB,0.83634599,5.01807596,125454,0.20000335,125454,0.83634599,244.3
4,0,1.000216,5914.796490065,5914.796490065,ac,0.95170406,5.71022437,142758,0.20000335,142758,0.95170406,244.3
4,0,1.000216,5914.796490065,5914.796490065,ad,0.95170406,3.80681625,95172,0.20000335,95172,0.95170406,244.3
4,0,1.000216,5914.796490065,5914.796490065,bc,0.94209089,5.65254533,141316,0.20000335,141316,0.94209089,244.3
4,0,1.000216,5914.796490065,5914.796490065,bd,0.95170406,5.71022437,142758,0.20000335,142758,0.95170406,244.3
4,0,1.000216,5914.796490065,5914.796490065,vC,0.82192623,6.57540988,164388,0.20000335,164388,0.82192623,244.3
4,0,1.000216,5914.796490065,5914.796490065,vD,0.85557234,5.13343403,128338,0.20000335,128338,0.85557234,244.3
5,0,1.200225,5914.996499328,5914.996499328,uA,0.82911160,6.63289280,165830,0.20000926,165830,0.82911160,242.5
5,0,1.200225,5914.996499328,5914.996499328,uB,0.84593415,5.07560492,126896,0.20000926,126896,0.84593415,242.5
5,0,1.200225,5914.996499328,5914.996499328,ac,0.95167592,5.71005554,142758,0.20000926,142758,0.95167592,242.5
5,0,1.200225,5914.996499328,5914.996499328,ad,0.96609526,3.86438102,96614,0.20000926,96614,0.96609526,242.5
5,0,1.200225,5914.996499328,5914.996499328,bc,0.94206304,5.65237821,141316,0.20000926,141316,0.94206304,242.5
5,0,1.200225,5914.996499328,5914.996499328,bd,0.95167592,5.71005554,142758,0.20000926,142758,0.95167592,242.5
5,0,1.200225,5914.996499328,5914.996499328,vC,0.82911160,6.63289280,165830,0.20000926,165830,0.82911160,242.5
5,0,1.200225,5914.996499328,5914.996499328,vD,0.85554704,5.13328225,128338,0.20000926,128338,0.85554704,242.5
6,0,1.400197,5915.196470818,5915.196470818,uA,0.82205718,6.57645746,164388,0.19997149,164388,0.82205718,201.9
6,0,1.400197,5915.196470818,5915.196470818,uB,0.84609394,5.07656365,126896,0.19997149,126896,0.84609394,201.9
6,0,1.400197,5915.196470818,5915.196470818,ac,0.94224098,5.65344588,141316,0.19997149,141316,0.94224098,201.9
6,0,1.400197,5915.196470818,5915.196470818,ad,0.95185568,3.80742274,95172,0.19997149,95172,0.95185568,201.9
6,0,1.400197,5915.196470818,5915.196470818,bc,0.94224098,5.65344588,141316,0.19997149,141316,0.94224098,201.9
6,0,1.400197,5915.196470818,5915.196470818,bd,0.95185568,5.71113411,142758,0.19997149,142758,0.95185568,201.9
6,0,1.400197,5915.196470818,5915.196470818,vC,0.82205718,6.57645746,164388,0.19997149,164388,0.82205718,201.9
6,0,1.400197,5915.196470818,5915.196470818,vD,0.85570865,5.13425187,128338,0.19997149,128338,0.85570865,201.9
7,0,1.600199,5915.396473319,5915.396473319,uA,0.82192972,6.57543777,164388,0.20000250,164388,0.82192972,204.7
7,0,1.600199,5915.396473319,5915.396473319,uB,0.84596275,5.07577653,126896,0.20000250,126896,0.84596275,204.7
7,0,1.600199,5915.396473319,5915.396473319,ac,0.95170810,5.71024859,142758,0.20000250,142758,0.95170810,204.7
7,0,1.600199,5915.396473319,5915.396473319,ad,0.95170810,3.80683240,95172,0.20000250,95172,0.95170810,204.7
7,0,1.600199,5915.396473319,5915.396473319,bc,0.94209489,5.65256931,141316,0.20000250,141316,0.94209489,204.7
7,0,1.600199,5915.396473319,5915.396473319,bd,0.95170810,5.71024859,142758,0.20000250,142758,0.95170810,204.7
7,0,1.600199,5915.396473319,5915.396473319,vC,0.82192972,6.57543777,164388,0.20000250,164388,0.82192972,204.7
7,0,1.600199,5915.396473319,5915.396473319,vD,0.85557597,5.13345581,128338,0.20000250,128338,0.85557597,204.7
8,0,1.800200,5915.596474091,5915.596474091,uA,0.82914680,6.63317440,165830,0.20000077,165830,0.82914680,201.7
8,0,1.800200,5915.596474091,5915.596474091,uB,0.84597007,5.07582041,126896,0.20000077,126896,0.84597007,201.7
8,0,1.800200,5915.596474091,5915.596474091,ac,0.94210303,5.65261818,141316,0.20000077,141316,0.94210303,201.7
8,0,1.800200,5915.596474091,5915.596474091,ad,0.96613627,3.86454508,96614,0.20000077,96614,0.96613627,201.7
8,0,1.800200,5915.596474091,5915.596474091,bc,0.94210303,5.65261818,141316,0.20000077,141316,0.94210303,201.7
8,0,1.800200,5915.596474091,5915.596474091,bd,0.95171633,5.71029796,142758,0.20000077,142758,0.95171633,201.7
8,0,1.800200,5915.596474091,5915.596474091,vC,0.82193683,6.57549462,164388,0.20000077,164388,0.82193683,201.7
8,0,1.800200,5915.596474091,5915.596474091,vD,0.85558336,5.13350018,128338,0.20000077,128338,0.85558336,201.7
9,0,2.000187,5915.796461664,5915.796461664,uA,0.82199107,6.57592860,164388,0.19998757,164388,0.82199107,218.3
9,0,2.000187,5915.796461664,5915.796461664,uB,0.84602590,5.07615541,126896,0.19998757,126896,0.84602590,218.3
9,0,2.000187,5915.796461664,5915.796461664,ac,0.95177914,5.71067483,142758,0.19998757,142758,0.95177914,218.3
9,0,2.000187,5915.796461664,5915.796461664,ad,0.95177914,3.80711656,95172,0.19998757,95172,0.95177914,218.3
9,0,2.000187,5915.796461664,5915.796461664,bc,0.94216521,5.65299125,141316,0.19998757,141316,0.94216521,218.3
9,0,2.000187,5915.796461664,5915.796461664,bd,0.95177914,5.71067483,142758,0.19998757,142758,0.95177914,218.3
9,0,2.000187,5915.796461664,5915.796461664,vC,0.82920152,6.63361218,165830,0.19998757,165830,0.82920152,218.3
9,0,2.000187,5915.796461664,5915.796461664,vD,0.85563983,5.13383899,128338,0.19998757,128338,0.85563983,218.3
10,0,2.200218,5915.996492321,5915.996492321,uA,0.82181403,6.57451223,164388,0.20003066,164388,0.82181403,231.3
10,0,2.200218,5915.996492321,5915.996492321,uB,0.84584368,5.07506207,126896,0.20003066,126896,0.84584368,231.3
10,0,2.200218,5915.996492321,5915.996492321,ac,0.94196228,5.65177367,141316,0.20003066,141316,0.94196228,231.3
10,0,2.200218,5915.996492321,5915.996492321,ad,0.96599193,3.86396771,96614,0.20003066,96614,0.96599193,231.3
10,0,2.200218,5915.996492321,5915.996492321,bc,0.94196228,5.65177367,141316,0.20003066,141316,0.94196228,231.3
10,0,2.200218,5915.996492321,5915.996492321,bd,0.96118600,5.76711599,144200,0.20003066,144200,0.96118600,231.3
10,0,2.200218,5915.996492321,5915.996492321,vC,0.82181403,6.57451223,164388,0.20003066,164388,0.82181403,231.3
10,0,2.200218,5915.996492321,5915.996492321,vD,0.85545554,5.13273323,128338,0.20003066,128338,0.85545554,231.3
11,0,2.400186,5916.196460493,5916.196460493,uA,0.82207082,6.57656659,164388,0.19996817,164388,0.82207082,241.6
11,0,2.400186,5916.196460493,5916.196460493,uB,0.83649312,5.01895872,125454,0.19996817,125454,0.83649312,241.6
11,0,2.400186,5916.196460493,5916.196460493,ac,0.95187148,5.71122888,142758,0.19996817,142758,0.95187148,241.6
11,0,2.400186,5916.196460493,5916.196460493,ad,0.95187148,3.80748592,95172,0.19996817,95172,0.95187148,241.6
11,0,2.400186,5916.196460493,5916.196460493,bc,0.94225662,5.65353970,141316,0.19996817,141316,0.94225662,241.6
11,0,2.400186,5916.196460493,5916.196460493,bd,0.95187148,5.71122888,142758,0.19996817,142758,0.95187148,241.6
11,0,2.400186,5916.196460493,5916.196460493,vC,0.82207082,6.57656659,164388,0.19996817,164388,0.82207082,241.6
11,0,2.400186,5916.196460493,5916.196460493,vD,0.85572285,5.13433708,128338,0.19996817,128338,0.85572285,241.6
12,0,2.600194,5916.396467787,5916.396467787,uA,0.82911976,6.63295810,165830,0.20000729,165830,0.82911976,187.9
12,0,2.600194,5916.396467787,5916.396467787,uB,0.84594248,5.07565489,126896,0.20000729,126896,0.84594248,187.9
12,0,2.600194,5916.396467787,5916.396467787,ac,0.95168529,5.71011175,142758,0.20000729,142758,0.95168529,187.9
12,0,2.600194,5916.396467787,5916.396467787,ad,0.96610477,3.86441906,96614,0.20000729,96614,0.96610477,187.9
12,0,2.600194,5916.396467787,5916.396467787,bc,0.94207231,5.65243386,141316,0.20000729,141316,0.94207231,187.9
12,0,2.600194,5916.396467787,5916.396467787,bd,0.95168529,5.71011175,142758,0.20000729,142758,0.95168529,187.9
12,0,2.600194,5916.396467787,5916.396467787,vC,0.82911976,6.63295810,165830,0.20000729,165830,0.82911976,187.9
12,0,2.600194,5916.396467787,5916.396467787,vD,0.85555546,5.13333279,128338,0.20000729,128338,0.85555546,187.9
13,0,2.800225,5916.596499711,5916.596499711,uA,0.82180882,6.57447058,164388,0.20003192,164388,0.82180882,251.3
13,0,2.800225,5916.596499711,5916.596499711,uB,0.84583832,5.07502992,126896,0.20003192,126896,0.84583832,251.3
13,0,2.800225,5916.596499711,5916.596499711,ac,0.94195631,5.65173787,141316,0.20003192,141316,0.94195631,251.3
13,0,2.800225,5916.596499711,5916.596499711,ad,0.95156811,3.80627244,95172,0.20003192,95172,0.95156811,251.3
13,0,2.800225,5916.596499711,5916.596499711,bc,0.94195631,5.65173787,141316,0.20003192,141316,0.94195631,251.3
13,0,2.800225,5916.596499711,5916.596499711,bd,0.95156811,5.70940866,142758,0.20003192,142758,0.95156811,251.3
13,0,2.800225,5916.596499711,5916.596499711,vC,0.82180882,6.57447058,164388,0.20003192,164388,0.82180882,251.3
13,0,2.800225,5916.596499711,5916.596499711,vD,0.85545012,5.13270072,128338,0.20003192,128338,0.85545012,251.3
14,0,3.000208,5916.796482002,5916.796482002,uA,0.82201279,6.57610228,164388,0.19998229,164388,0.82201279,213.3
14,0,3.000208,5916.796482002,5916.796482002,uB,0.84604825,5.07628948,126896,0.19998229,126896,0.84604825,213.3
14,0,3.000208,5916.796482002,5916.796482002,ac,0.95180428,5.71082567,142758,0.19998229,142758,0.95180428,213.3
14,0,3.000208,5916.796482002,5916.796482002,ad,0.95180428,3.80721711,95172,0.19998229,95172,0.95180428,213.3
14,0,3.000208,5916.796482002,5916.796482002,bc,0.94219009,5.65314056,141316,0.19998229,141316,0.94219009,213.3
14,0,3.000208,5916.796482002,5916.796482002,bd,0.95180428,5.71082567,142758,0.19998229,142758,0.95180428,213.3
14,0,3.000208,5916.796482002,5916.796482002,vC,0.82201279,6.57610228,164388,0.19998229,164388,0.82201279,213.3
14,0,3.000208,5916.796482002,5916.796482002,vD,0.85566243,5.13397459,128338,0.19998229,128338,0.85566243,213.3
15,0,3.200283,5916.996557729,5916.996557729,uA,0.82883618,6.63068941,165830,0.20007573,165830,0.82883618,269.0
15,0,3.200283,5916.996557729,5916.996557729,uB,0.84565314,5.07391885,126896,0.20007573,126896,0.84565314,269.0
15,0,3.200283,5916.996557729,5916.996557729,ac,0.94175009,5.65050054,141316,0.20007573,141316,0.94175009,269.0
15,0,3.200283,5916.996557729,5916.996557729,ad,0.96577433,3.86309731,96614,0.20007573,96614,0.96577433,269.0
15,0,3.200283,5916.996557729,5916.996557729,bc,0.94175009,5.65050054,141316,0.20007573,141316,0.94175009,269.0
15,0,3.200283,5916.996557729,5916.996557729,bd,0.95135978,5.70815871,142758,0.20007573,142758,0.95135978,269.0
15,0,3.200283,5916.996557729,5916.996557729,vC,0.82162890,6.57303124,164388,0.20007573,164388,0.82162890,269.0
15,0,3.200283,5916.996557729,5916.996557729,vD,0.85526284,5.13157702,128338,0.20007573,128338,0.85526284,269.0
16,0,3.400211,5917.196485074,5917.196485074,uA,0.82223869,6.57790956,164388,0.19992735,164388,0.82223869,216.0
16,0,3.400211,5917.196485074,5917.196485074,uB,0.84628076,5.07768457,126896,0.19992735,126896,0.84628076,216.0
16,0,3.400211,5917.196485074,5917.196485074,ac,0.95206586,5.71239514,142758,0.19992735,142758,0.95206586,216.0
16,0,3.400211,5917.196485074,5917.196485074,ad,0.95206586,3.80826343,95172,0.19992735,95172,0.95206586,216.0
16,0,3.400211,5917.196485074,5917.196485074,bc,0.94244903,5.65469418,141316,0.19992735,141316,0.94244903,216.0
16,0,3.400211,5917.196485074,5917.196485074,bd,0.95206586,5.71239514,142758,0.19992735,142758,0.95206586,216.0
16,0,3.400211,5917.196485074,5917.196485074,vC,0.82945131,6.63561052,165830,0.19992735,165830,0.82945131,216.0
16,0,3.400211,5917.196485074,5917.196485074,vD,0.84628076,5.07768457,126896,0.19992735,126896,0.84628076,216.0
17,0,3.600202,5917.396476089,5917.396476089,uA,0.82197693,6.57581542,164388,0.19999101,164388,0.82197693,209.0
17,0,3.600202,5917.396476089,5917.396476089,uB,0.83639758,5.01838545,125454,0.19999101,125454,0.83639758,209.0
17,0,3.600202,5917.396476089,5917.396476089,ac,0.94214899,5.65289396,141316,0.19999101,141316,0.94214899,209.0
17,0,3.600202,5917.396476089,5917.396476089,ad,0.96618341,3.86473362,96614,0.19999101,96614,0.96618341,209.0
17,0,3.600202,5917.396476089,5917.396476089,bc,0.94214899,5.65289396,141316,0.19999101,141316,0.94214899,209.0
17,0,3.600202,5917.396476089,5917.396476089,bd,0.95176276,5.71057655,142758,0.19999101,142758,0.95176276,209.0
17,0,3.600202,5917.396476089,5917.396476089,vC,0.82197693,6.57581542,164388,0.19999101,164388,0.82197693,209.0
17,0,3.600202,5917.396476089,5917.396476089,vD,0.85562511,5.13375063,128338,0.19999101,128338,0.85562511,209.0
18,0,3.800201,5917.596475718,5917.596475718,uA,0.82194152,6.57553220,164388,0.19999963,164388,0.82194152,261.2
18,0,3.800201,5917.596475718,5917.596475718,uB,0.84597490,5.07584942,126896,0.19999963,126896,0.84597490,261.2
18,0,3.800201,5917.596475718,5917.596475718,ac,0.95172177,5.71033059,142758,0.19999963,142758,0.95172177,261.2
18,0,3.800201,5917.596475718,5917.596475718,ad,0.95172177,3.80688706,95172,0.19999963,95172,0.95172177,261.2
18,0,3.800201,5917.596475718,5917.596475718,bc,0.94210841,5.65265049,141316,0.19999963,141316,0.94210841,261.2
18,0,3.800201,5917.596475718,5917.596475718,bd,0.95172177,5.71033059,142758,0.19999963,142758,0.95172177,261.2
18,0,3.800201,5917.596475718,5917.596475718,vC,0.82194152,6.57553220,164388,0.19999963,164388,0.82194152,261.2
18,0,3.800201,5917.596475718,5917.596475718,vD,0.85558825,5.13352952,128338,0.19999963,128338,0.85558825,261.2
19,0,4.000212,5917.796486512,5917.796486512,uA,0.82910525,6.63284203,165830,0.20001079,165830,0.82910525,234.8
19,0,4.000212,5917.796486512,5917.796486512,uB,0.84592768,5.07556607,126896,0.20001079,126896,0.84592768,234.8
19,0,4.000212,5917.796486512,5917.796486512,ac,0.95166864,5.71001183,142758,0.20001079,142758,0.95166864,234.8
19,0,4.000212,5917.796486512,5917.796486512,ad,0.96608786,3.86435144,96614,0.20001079,96614,0.96608786,234.8
19,0,4.000212,5917.796486512,5917.796486512,bc,0.95166864,5.71001183,142758,0.20001079,142758,0.95166864,234.8
19,0,4.000212,5917.796486512,5917.796486512,bd,0.96128145,5.76768872,144200,0.20001079,144200,0.96128145,234.8
19,0,4.000212,5917.796486512,5917.796486512,vC,0.82910525,6.63284203,165830,0.20001079,165830,0.82910525,234.8
19,0,4.000212,5917.796486512,5917.796486512,vD,0.85554049,5.13324296,128338,0.20001079,128338,0.85554049,234.8
20,0,4.200208,5917.996482250,5917.996482250,uA,0.82195752,6.57566013,164388,0.19999574,164388,0.82195752,225.9
20,0,4.200208,5917.996482250,5917.996482250,uB,0.84599136,5.07594817,126896,0.19999574,126896,0.84599136,225.9
20,0,4.200208,5917.996482250,5917.996482250,ac,0.94212674,5.65276046,141316,0.19999574,141316,0.94212674,225.9
20,0,4.200208,5917.996482250,5917.996482250,ad,0.95174028,3.80696113,95172,0.19999574,95172,0.95174028,225.9
20,0,4.200208,5917.996482250,5917.996482250,bc,0.94212674,5.65276046,141316,0.19999574,141316,0.94212674,225.9
20,0,4.200208,5917.996482250,5917.996482250,bd,0.95174028,5.71044169,142758,0.19999574,142758,0.95174028,225.9
20,0,4.200208,5917.996482250,5917.996482250,vC,0.82195752,6.57566013,164388,0.19999574,164388,0.82195752,225.9
20,0,4.200208,5917.996482250,5917.996482250,vD,0.85560490,5.13362940,128338,0.19999574,128338,0.85560490,225.9
21,0,4.400177,5918.196451636,5918.196451636,uA,0.82206584,6.57652669,164388,0.19996939,164388,0.82206584,201.2
21,0,4.400177,5918.196451636,5918.196451636,uB,0.84610285,5.07661709,126896,0.19996939,126896,0.84610285,201.2
21,0,4.400177,5918.196451636,5918.196451636,ac,0.95186570,5.71119423,142758,0.19996939,142758,0.95186570,201.2
21,0,4.400177,5918.196451636,5918.196451636,ad,0.95186570,3.80746282,95172,0.19996939,95172,0.95186570,201.2
21,0,4.400177,5918.196451636,5918.196451636,bc,0.94225090,5.65350540,141316,0.19996939,141316,0.94225090,201.2
21,0,4.400177,5918.196451636,5918.196451636,bd,0.95186570,5.71119423,142758,0.19996939,142758,0.95186570,201.2
21,0,4.400177,5918.196451636,5918.196451636,vC,0.82206584,6.57652669,164388,0.19996939,164388,0.82206584,201.2
21,0,4.400177,5918.196451636,5918.196451636,vD,0.85571765,5.13430592,128338,0.19996939,128338,0.85571765,201.2
22,0,4.600200,5918.396474283,5918.396474283,uA,0.82905612,6.63244896,165830,0.20002265,165830,0.82905612,202.6
22,0,4.600200,5918.396474283,5918.396474283,uB,0.84587755,5.07526529,126896,0.20002265,126896,0.84587755,202.6
22,0,4.600200,5918.396474283,5918.396474283,ac,0.94200000,5.65199998,141316,0.20002265,141316,0.94200000,202.6
22,0,4.600200,5918.396474283,5918.396474283,ad,0.96603061,3.86412244,96614,0.20002265,96614,0.96603061,202.6
22,0,4.600200,5918.396474283,5918.396474283,bc,0.94200000,5.65199998,141316,0.20002265,141316,0.94200000,202.6
22,0,4.600200,5918.396474283,5918.396474283,bd,0.95161224,5.70967345,142758,0.20002265,142758,0.95161224,202.6
22,0,4.600200,5918.396474283,5918.396474283,vC,0.82184694,6.57477549,164388,0.20002265,164388,0.82184694,202.6
22,0,4.600200,5918.396474283,5918.396474283,vD,0.85548979,5.13293876,128338,0.20002265,128338,0.85548979,202.6
23,0,4.800204,5918.596477927,5918.596477927,uA,0.82192503,6.57540021,164388,0.20000364,164388,0.82192503,207.5
23,0,4.800204,5918.596477927,5918.596477927,uB,0.84595792,5.07574753,126896,0.20000364,126896,0.84595792,207.5
23,0,4.800204,5918.596477927,5918.596477927,ac,0.95170266,5.71021597,142758,0.20000364,142758,0.95170266,207.5
23,0,4.800204,5918.596477927,5918.596477927,ad,0.95170266,3.80681065,95172,0.20000364,95172,0.95170266,207.5
23,0,4.800204,5918.596477927,5918.596477927,bc,0.94208950,5.65253702,141316,0.20000364,141316,0.94208950,207.5
23,0,4.800204,5918.596477927,5918.596477927,bd,0.95170266,5.71021597,142758,0.20000364,142758,0.95170266,207.5
23,0,4.800204,5918.596477927,5918.596477927,vC,0.82913490,6.63307916,165830,0.20000364,165830,0.82913490,207.5
23,0,4.800204,5918.596477927,5918.596477927,vD,0.85557108,5.13342648,128338,0.20000364,128338,0.85557108,207.5
24,0,5.000193,5918.796467243,5918.796467243,uA,0.82198391,6.57587130,164388,0.19998932,164388,0.82198391,201.9
24,0,5.000193,5918.796467243,5918.796467243,uB,0.84601853,5.07611118,126896,0.19998932,126896,0.84601853,201.9
24,0,5.000193,5918.796467243,5918.796467243,ac,0.94215700,5.65294199,141316,0.19998932,141316,0.94215700,201.9
24,0,5.000193,5918.796467243,5918.796467243,ad,0.96619162,3.86476647,96614,0.19998932,96614,0.96619162,201.9
24,0,5.000193,5918.796467243,5918.796467243,bc,0.94215700,5.65294199,141316,0.19998932,141316,0.94215700,201.9
24,0,5.000193,5918.796467243,5918.796467243,bd,0.95177085,5.71062508,142758,0.19998932,142758,0.95177085,201.9
24,0,5.000193,5918.796467243,5918.796467243,vC,0.82198391,6.57587130,164388,0.19998932,164388,0.82198391,201.9
24,0,5.000193,5918.796467243,5918.796467243,vD,0.85563238,5.13379426,128338,0.19998932,128338,0.85563238,201.9
25,0,5.200205,5918.996479463,5918.996479463,uA,0.82188978,6.57511826,164388,0.20001222,164388,0.82188978,218.2
25,0,5.200205,5918.996479463,5918.996479463,uB,0.83630890,5.01785341,125454,0.20001222,125454,0.83630890,218.2
25,0,5.200205,5918.996479463,5918.996479463,ac,0.95166185,5.70997112,142758,0.20001222,142758,0.95166185,218.2
25,0,5.200205,5918.996479463,5918.996479463,ad,0.95166185,3.80664741,95172,0.20001222,95172,0.95166185,218.2
25,0,5.200205,5918.996479463,5918.996479463,bc,0.94204911,5.65229464,141316,0.20001222,141316,0.94204911,218.2
25,0,5.200205,5918.996479463,5918.996479463,bd,0.95166185,5.70997112,142758,0.20001222,142758,0.95166185,218.2
25,0,5.200205,5918.996479463,5918.996479463,vC,0.82188978,6.57511826,164388,0.20001222,164388,0.82188978,218.2
25,0,5.200205,5918.996479463,5918.996479463,vD,0.85553439,5.13320636,128338,0.20001222,128338,0.85553439,218.2
26,0,5.400203,5919.196477514,5919.196477514,uA,0.82915808,6.63326461,165830,0.19999805,165830,0.82915808,204.5
26,0,5.400203,5919.196477514,5919.196477514,uB,0.84598157,5.07588944,126896,0.19999805,126896,0.84598157,204.5
26,0,5.400203,5919.196477514,5919.196477514,ac,0.95172927,5.71037562,142758,0.19999805,142758,0.95172927,204.5
26,0,5.400203,5919.196477514,5919.196477514,ad,0.96614941,3.86459764,96614,0.19999805,96614,0.96614941,204.5
26,0,5.400203,5919.196477514,5919.196477514,bc,0.94211584,5.65269506,141316,0.19999805,141316,0.94211584,204.5
26,0,5.400203,5919.196477514,5919.196477514,bd,0.95172927,5.71037562,142758,0.19999805,142758,0.95172927,204.5
26,0,5.400203,5919.196477514,5919.196477514,vC,0.82915808,6.63326461,165830,0.19999805,165830,0.82915808,204.5
26,0,5.400203,5919.196477514,5919.196477514,vD,0.85559500,5.13357000,128338,0.19999805,128338,0.85559500,204.5
27,0,5.600190,5919.396464479,5919.396464479,uA,0.82199358,6.57594860,164388,0.19998696,164388,0.82199358,187.0
27,0,5.600190,5919.396464479,5919.396464479,uB,0.84602848,5.07617085,126896,0.19998696,126896,0.84602848,187.0
27,0,5.600190,5919.396464479,5919.396464479,ac,0.94216807,5.65300845,141316,0.19998696,141316,0.94216807,187.0
27,0,5.600190,5919.396464479,5919.396464479,ad,0.95178203,3.80712814,95172,0.19998696,95172,0.95178203,187.0
27,0,5.600190,5919.396464479,5919.396464479,bc,0.94216807,5.65300845,141316,0.19998696,141316,0.94216807,187.0
27,0,5.600190,5919.396464479,5919.396464479,bd,0.95178203,5.71069221,142758,0.19998696,142758,0.95178203,187.0
27,0,5.600190,5919.396464479,5919.396464479,vC,0.82199358,6.57594860,164388,0.19998696,164388,0.82199358,187.0
27,0,5.600190,5919.396464479,5919.396464479,vD,0.85564244,5.13385461,128338,0.19998696,128338,0.85564244,187.0
28,0,5.800214,5919.596487897,5919.596487897,uA,0.82184377,6.57475018,164388,0.20002342,164388,0.82184377,229.0
28,0,5.800214,5919.596487897,5919.596487897,uB,0.84587429,5.07524575,126896,0.20002342,126896,0.84587429,229.0
28,0,5.800214,5919.596487897,5919.596487897,ac,0.95160858,5.70965147,142758,0.20002342,142758,0.95160858,229.0
28,0,5.800214,5919.596487897,5919.596487897,ad,0.95160858,3.80643431,95172,0.20002342,95172,0.95160858,229.0
28,0,5.800214,5919.596487897,5919.596487897,bc,0.94199637,5.65197822,141316,0.20002342,141316,0.94199637,229.0
28,0,5.800214,5919.596487897,5919.596487897,bd,0.95160858,5.70965147,142758,0.20002342,142758,0.95160858,229.0
28,0,5.800214,5919.596487897,5919.596487897,vC,0.82184377,6.57475018,164388,0.20002342,164388,0.82184377,229.0
28,0,5.800214,5919.596487897,5919.596487897,vD,0.85548650,5.13291900,128338,0.20002342,128338,0.85548650,229.0
29,0,6.000198,5919.796472010,5919.796472010,uA,0.82921587,6.63372695,165830,0.19998411,165830,0.82921587,202.8
29,0,6.000198,5919.796472010,5919.796472010,uB,0.84604054,5.07624323,126896,0.19998411,126896,0.84604054,202.8
29,0,6.000198,5919.796472010,5919.796472010,ac,0.94218151,5.65308905,141316,0.19998411,141316,0.94218151,202.8
29,0,6.000198,5919.796472010,5919.796472010,ad,0.96621675,3.86486701,96614,0.19998411,96614,0.96621675,202.8
29,0,6.000198,5919.796472010,5919.796472010,bc,0.94218151,5.65308905,141316,0.19998411,141316,0.94218151,202.8
29,0,6.000198,5919.796472010,5919.796472010,bd,0.96140970,5.76845822,144200,0.19998411,144200,0.96140970,202.8
29,0,6.000198,5919.796472010,5919.796472010,vC,0.82200530,6.57604237,164388,0.19998411,164388,0.82200530,202.8
29,0,6.000198,5919.796472010,5919.796472010,vD,0.85565464,5.13392781,128338,0.19998411,128338,0.85565464,202.8
30,0,6.200200,5919.996474141,5919.996474141,uA,0.82193124,6.57544991,164388,0.20000213,164388,0.82193124,207.5
30,0,6.200200,5919.996474141,5919.996474141,uB,0.84596432,5.07578589,126896,0.20000213,126896,0.84596432,207.5
30,0,6.200200,5919.996474141,5919.996474141,ac,0.95170985,5.71025913,142758,0.20000213,142758,0.95170985,207.5
30,0,6.200200,5919.996474141,5919.996474141,ad,0.95170985,3.80683942,95172,0.20000213,95172,0.95170985,207.5
30,0,6.200200,5919.996474141,5919.996474141,bc,0.94209662,5.65257974,141316,0.20000213,141316,0.94209662,207.5
30,0,6.200200,5919.996474141,5919.996474141,bd,0.95170985,5.71025913,142758,0.20000213,142758,0.95170985,207.5
30,0,6.200200,5919.996474141,5919.996474141,vC,0.82914116,6.63312929,165830,0.20000213,165830,0.82914116,207.5
30,0,6.200200,5919.996474141,5919.996474141,vD,0.84596432,5.07578589,126896,0.20000213,126896,0.84596432,207.5
31,0,6.400211,5920.196485332,5920.196485332,uA,0.82189401,6.57515210,164388,0.20001119,164388,0.82189401,224.1
31,0,6.400211,5920.196485332,5920.196485332,uB,0.84592600,5.07555601,126896,0.20001119,126896,0.84592600,224.1
31,0,6.400211,5920.196485332,5920.196485332,ac,0.94205396,5.65232374,141316,0.20001119,141316,0.94205396,224.1
31,0,6.400211,5920.196485332,5920.196485332,ad,0.96608595,3.86434378,96614,0.20001119,96614,0.96608595,224.1
31,0,6.400211,5920.196485332,5920.196485332,bc,0.94205396,5.65232374,141316,0.20001119,141316,0.94205396,224.1
31,0,6.400211,5920.196485332,5920.196485332,bd,0.95166675,5.71000051,142758,0.20001119,142758,0.95166675,224.1
31,0,6.400211,5920.196485332,5920.196485332,vC,0.82189401,6.57515210,164388,0.20001119,164388,0.82189401,224.1
31,0,6.400211,5920.196485332,5920.196485332,vD,0.85553880,5.13323278,128338,0.20001119,128338,0.85553880,224.1
32,0,6.600215,5920.396489463,5920.396489463,uA,0.82192302,6.57538419,164388,0.20000413,164388,0.82192302,221.2
32,0,6.600215,5920.396489463,5920.396489463,uB,0.83634273,5.01805635,125454,0.20000413,125454,0.83634273,221.2
32,0,6.600215,5920.396489463,5920.396489463,ac,0.95170034,5.71020206,142758,0.20000413,142758,0.95170034,221.2
32,0,6.600215,5920.396489463,5920.396489463,ad,0.95170034,3.80680137,95172,0.20000413,95172,0.95170034,221.2
32,0,6.600215,5920.396489463,5920.396489463,bc,0.94208721,5.65252325,141316,0.20000413,141316,0.94208721,221.2
32,0,6.600215,5920.396489463,5920.396489463,bd,0.95170034,5.71020206,142758,0.20000413,142758,0.95170034,221.2
32,0,6.600215,5920.396489463,5920.396489463,vC,0.82192302,6.57538419,164388,0.20000413,164388,0.82192302,221.2
32,0,6.600215,5920.396489463,5920.396489463,vD,0.85556899,5.13341397,128338,0.20000413,128338,0.85556899,221.2
33,0,6.800198,5920.596472119,5920.596472119,uA,0.82922191,6.63377530,165830,0.19998266,165830,0.82922191,199.3
33,0,6.800198,5920.596472119,5920.596472119,uB,0.84604670,5.07628023,126896,0.19998266,126896,0.84604670,199.3
33,0,6.800198,5920.596472119,5920.596472119,ac,0.95180254,5.71081526,142758,0.19998266,142758,0.95180254,199.3
33,0,6.800198,5920.596472119,5920.596472119,ad,0.96622379,3.86489517,96614,0.19998266,96614,0.96622379,199.3
33,0,6.800198,5920.596472119,5920.596472119,bc,0.94218838,5.65313025,141316,0.19998266,141316,0.94218838,199.3
33,0,6.800198,5920.596472119,5920.596472119,bd,0.95180254,5.71081526,142758,0.19998266,142758,0.95180254,199.3
33,0,6.800198,5920.596472119,5920.596472119,vC,0.82922191,6.63377530,165830,0.19998266,165830,0.82922191,199.3
33,0,6.800198,5920.596472119,5920.596472119,vD,0.85566087,5.13396523,128338,0.19998266,128338,0.85566087,199.3
34,0,7.000204,5920.796478418,5920.796478418,uA,0.82191411,6.57531291,164388,0.20000630,164388,0.82191411,214.4
34,0,7.000204,5920.796478418,5920.796478418,uB,0.84594669,5.07568014,126896,0.20000630,126896,0.84594669,214.4
34,0,7.000204,5920.796478418,5920.796478418,ac,0.94207700,5.65246198,141316,0.20000630,141316,0.94207700,214.4
34,0,7.000204,5920.796478418,5920.796478418,ad,0.95169003,3.80676011,95172,0.20000630,95172,0.95169003,214.4
34,0,7.000204,5920.796478418,5920.796478418,bc,0.94207700,5.65246198,141316,0.20000630,141316,0.94207700,214.4
34,0,7.000204,5920.796478418,5920.796478418,bd,0.95169003,5.71014016,142758,0.20000630,142758,0.95169003,214.4
34,0,7.000204,5920.796478418,5920.796478418,vC,0.82191411,6.57531291,164388,0.20000630,164388,0.82191411,214.4
34,0,7.000204,5920.796478418,5920.796478418,vD,0.85555972,5.13335832,128338,0.20000630,128338,0.85555972,214.4
35,0,7.200206,5920.996480108,5920.996480108,uA,0.82193305,6.57546444,164388,0.20000169,164388,0.82193305,210.1
35,0,7.200206,5920.996480108,5920.996480108,uB,0.84596618,5.07579711,126896,0.20000169,126896,0.84596618,210.1
35,0,7.200206,5920.996480108,5920.996480108,ac,0.95171196,5.71027175,142758,0.20000169,142758,0.95171196,210.1
35,0,7.200206,5920.996480108,5920.996480108,ad,0.95171196,3.80684783,95172,0.20000169,95172,0.95171196,210.1
35,0,7.200206,5920.996480108,5920.996480108,bc,0.94209871,5.65259224,141316,0.20000169,141316,0.94209871,210.1
35,0,7.200206,5920.996480108,5920.996480108,bd,0.95171196,5.71027175,142758,0.20000169,142758,0.95171196,210.1
35,0,7.200206,5920.996480108,5920.996480108,vC,0.82193305,6.57546444,164388,0.20000169,164388,0.82193305,210.1
35,0,7.200206,5920.996480108,5920.996480108,vD,0.85557944,5.13347662,128338,0.20000169,128338,0.85557944,210.1
36,0,7.400202,5921.196476361,5921.196476361,uA,0.82916553,6.63332424,165830,0.19999625,165830,0.82916553,206.9
36,0,7.400202,5921.196476361,5921.196476361,uB,0.84598918,5.07593507,126896,0.19999625,126896,0.84598918,206.9
36,0,7.400202,5921.196476361,5921.196476361,ac,0.94212431,5.65274588,141316,0.19999625,141316,0.94212431,206.9
36,0,7.400202,5921.196476361,5921.196476361,ad,0.96615810,3.86463238,96614,0.19999625,96614,0.96615810,206.9
36,0,7.400202,5921.196476361,5921.196476361,bc,0.94212431,5.65274588,141316,0.19999625,141316,0.94212431,206.9
36,0,7.400202,5921.196476361,5921.196476361,bd,0.95173783,5.71042696,142758,0.19999625,142758,0.95173783,206.9
36,0,7.400202,5921.196476361,5921.196476361,vC,0.82195540,6.57564316,164388,0.19999625,164388,0.82195540,206.9
36,0,7.400202,5921.196476361,5921.196476361,vD,0.85560269,5.13361615,128338,0.19999625,128338,0.85560269,206.9
37,0,7.600195,5921.396469708,5921.396469708,uA,0.82196734,6.57573876,164388,0.19999335,164388,0.82196734,211.3
37,0,7.600195,5921.396469708,5921.396469708,uB,0.84600148,5.07600887,126896,0.19999335,126896,0.84600148,211.3
37,0,7.600195,5921.396469708,5921.396469708,ac,0.95175166,5.71050997,142758,0.19999335,142758,0.95175166,211.3
37,0,7.600195,5921.396469708,5921.396469708,ad,0.95175166,3.80700665,95172,0.19999335,95172,0.95175166,211.3
37,0,7.600195,5921.396469708,5921.396469708,bc,0.94213801,5.65282806,141316,0.19999335,141316,0.94213801,211.3
37,0,7.600195,5921.396469708,5921.396469708,bd,0.95175166,5.71050997,142758,0.19999335,142758,0.95175166,211.3
37,0,7.600195,5921.396469708,5921.396469708,vC,0.82917758,6.63342068,165830,0.19999335,165830,0.82917758,211.3
37,0,7.600195,5921.396469708,5921.396469708,vD,0.85561513,5.13369079,128338,0.19999335,128338,0.85561513,211.3
38,0,7.800217,5921.596490788,5921.596490788,uA,0.82185338,6.57482703,164388,0.20002108,164388,0.82185338,208.5
38,0,7.800217,5921.596490788,5921.596490788,uB,0.84588418,5.07530508,126896,0.20002108,126896,0.84588418,208.5
38,0,7.800217,5921.596490788,5921.596490788,ac,0.94200738,5.65204429,141316,0.20002108,141316,0.94200738,208.5
38,0,7.800217,5921.596490788,5921.596490788,ad,0.96603818,3.86415273,96614,0.20002108,96614,0.96603818,208.5
38,0,7.800217,5921.596490788,5921.596490788,bc,0.94200738,5.65204429,141316,0.20002108,141316,0.94200738,208.5
38,0,7.800217,5921.596490788,5921.596490788,bd,0.96123202,5.76739213,144200,0.20002108,144200,0.96123202,208.5
38,0,7.800217,5921.596490788,5921.596490788,vC,0.82185338,6.57482703,164388,0.20002108,164388,0.82185338,208.5
38,0,7.800217,5921.596490788,5921.596490788,vD,0.85549650,5.13297900,128338,0.20002108,128338,0.85549650,208.5
39,0,8.000171,5921.796444840,5921.796444840,uA,0.82212887,6.57703099,164388,0.19995405,164388,0.82212887,212.1
39,0,8.000171,5921.796444840,5921.796444840,uB,0.83655219,5.01931312,125454,0.19995405,125454,0.83655219,212.1
39,0,8.000171,5921.796444840,5921.796444840,ac,0.95193870,5.71163218,142758,0.19995405,142758,0.95193870,212.1
39,0,8.000171,5921.796444840,5921.796444840,ad,0.95193870,3.80775478,95172,0.19995405,95172,0.95193870,212.1
39,0,8.000171,5921.796444840,5921.796444840,bc,0.94232315,5.65393892,141316,0.19995405,141316,0.94232315,212.1
39,0,8.000171,5921.796444840,5921.796444840,bd,0.95193870,5.71163218,142758,0.19995405,142758,0.95193870,212.1
39,0,8.000171,5921.796444840,5921.796444840,vC,0.82212887,6.57703099,164388,0.19995405,164388,0.82212887,212.1
39,0,8.000171,5921.796444840,5921.796444840,vD,0.85578327,5.13469963,128338,0.19995405,128338,0.85578327,212.1
40,0,8.200200,5921.996474171,5921.996474171,uA,0.82902842,6.63222735,165830,0.20002933,165830,0.82902842,203.6
40,0,8.200200,5921.996474171,5921.996474171,uB,0.84584929,5.07509571,126896,0.20002933,126896,0.84584929,203.6
40,0,8.200200,5921.996474171,5921.996474171,ac,0.95158045,5.70948268,142758,0.20002933,142758,0.95158045,203.6
40,0,8.200200,5921.996474171,5921.996474171,ad,0.96599833,3.86399333,96614,0.20002933,96614,0.96599833,203.6
40,0,8.200200,5921.996474171,5921.996474171,bc,0.94196852,5.65181113,141316,0.20002933,141316,0.94196852,203.6
40,0,8.200200,5921.996474171,5921.996474171,bd,0.95158045,5.70948268,142758,0.20002933,142758,0.95158045,203.6
40,0,8.200200,5921.996474171,5921.996474171,vC,0.82902842,6.63222735,165830,0.20002933,165830,0.82902842,203.6
40,0,8.200200,5921.996474171,5921.996474171,vD,0.85546121,5.13276725,128338,0.20002933,128338,0.85546121,203.6
41,0,8.400196,5922.196470684,5922.196470684,uA,0.82195433,6.57563465,164388,0.19999651,164388,0.82195433,204.4
41,0,8.400196,5922.196470684,5922.196470684,uB,0.84598808,5.07592850,126896,0.19999651,126896,0.84598808,204.4
41,0,8.400196,5922.196470684,5922.196470684,ac,0.94212309,5.65273856,141316,0.19999651,141316,0.94212309,204.4
41,0,8.400196,5922.196470684,5922.196470684,ad,0.95173659,3.80694637,95172,0.19999651,95172,0.95173659,204.4
41,0,8.400196,5922.196470684,5922.196470684,bc,0.94212309,5.65273856,141316,0.19999651,141316,0.94212309,204.4
41,0,8.400196,5922.196470684,5922.196470684,bd,0.95173659,5.71041956,142758,0.19999651,142758,0.95173659,204.4
41,0,8.400196,5922.196470684,5922.196470684,vC,0.82195433,6.57563465,164388,0.19999651,164388,0.82195433,204.4
41,0,8.400196,5922.196470684,5922.196470684,vD,0.85560158,5.13360950,128338,0.19999651,128338,0.85560158,204.4
42,0,8.600200,5922.396474095,5922.396474095,uA,0.82192598,6.57540784,164388,0.20000341,164388,0.82192598,215.5
42,0,8.600200,5922.396474095,5922.396474095,uB,0.84595890,5.07575342,126896,0.20000341,126896,0.84595890,215.5
42,0,8.600200,5922.396474095,5922.396474095,ac,0.95170377,5.71022260,142758,0.20000341,142758,0.95170377,215.5
42,0,8.600200,5922.396474095,5922.396474095,ad,0.95170377,3.80681507,95172,0.20000341,95172,0.95170377,215.5
42,0,8.600200,5922.396474095,5922.396474095,bc,0.94209060,5.65254358,141316,0.20000341,141316,0.94209060,215.5
42,0,8.600200,5922.396474095,5922.396474095,bd,0.95170377,5.71022260,142758,0.20000341,142758,0.95170377,215.5
42,0,8.600200,5922.396474095,5922.396474095,vC,0.82192598,6.57540784,164388,0.20000341,164388,0.82192598,215.5
42,0,8.600200,5922.396474095,5922.396474095,vD,0.85557207,5.13343244,128338,0.20000341,128338,0.85557207,215.5
43,0,8.800194,5922.596468187,5922.596468187,uA,0.82917450,6.63339597,165830,0.19999409,165830,0.82917450,195.2
43,0,8.800194,5922.596468187,5922.596468187,uB,0.84599833,5.07598996,126896,0.19999409,126896,0.84599833,195.2
43,0,8.800194,5922.596468187,5922.596468187,ac,0.94213450,5.65280700,141316,0.19999409,141316,0.94213450,195.2
43,0,8.800194,5922.596468187,5922.596468187,ad,0.96616854,3.86467417,96614,0.19999409,96614,0.96616854,195.2
43,0,8.800194,5922.596468187,5922.596468187,bc,0.94213450,5.65280700,141316,0.19999409,141316,0.94213450,195.2
43,0,8.800194,5922.596468187,5922.596468187,bd,0.95174812,5.71048870,142758,0.19999409,142758,0.95174812,195.2
43,0,8.800194,5922.596468187,5922.596468187,vC,0.82196428,6.57571426,164388,0.19999409,164388,0.82196428,195.2
43,0,8.800194,5922.596468187,5922.596468187,vD,0.85561194,5.13367166,128338,0.19999409,128338,0.85561194,195.2
44,0,9.000191,5922.796465470,5922.796465470,uA,0.82195117,6.57560935,164388,0.19999728,164388,0.82195117,189.1
44,0,9.000191,5922.796465470,5922.796465470,uB,0.84598483,5.07590897,126896,0.19999728,126896,0.84598483,189.1
44,0,9.000191,5922.796465470,5922.796465470,ac,0.95173293,5.71039759,142758,0.19999728,142758,0.95173293,189.1
44,0,9.000191,5922.796465470,5922.796465470,ad,0.95173293,3.80693173,95172,0.19999728,95172,0.95173293,189.1
44,0,9.000191,5922.796465470,5922.796465470,bc,0.94211947,5.65271681,141316,0.19999728,141316,0.94211947,189.1
44,0,9.000191,5922.796465470,5922.796465470,bd,0.95173293,5.71039759,142758,0.19999728,142758,0.95173293,189.1
44,0,9.000191,5922.796465470,5922.796465470,vC,0.82916127,6.63329013,165830,0.19999728,165830,0.82916127,189.1
44,0,9.000191,5922.796465470,5922.796465470,vD,0.84598483,5.07590897,126896,0.19999728,126896,0.84598483,189.1
45,0,9.200203,5922.996477385,5922.996477385,uA,0.82189103,6.57512827,164388,0.20001192,164388,0.82189103,207.5
45,0,9.200203,5922.996477385,5922.996477385,uB,0.84592294,5.07553761,126896,0.20001192,126896,0.84592294,207.5
45,0,9.200203,5922.996477385,5922.996477385,ac,0.94205054,5.65230325,141316,0.20001192,141316,0.94205054,207.5
45,0,9.200203,5922.996477385,5922.996477385,ad,0.96608244,3.86432977,96614,0.20001192,96614,0.96608244,207.5
45,0,9.200203,5922.996477385,5922.996477385,bc,0.94205054,5.65230325,141316,0.20001192,141316,0.94205054,207.5
45,0,9.200203,5922.996477385,5922.996477385,bd,0.95166330,5.70997981,142758,0.20001192,142758,0.95166330,207.5
45,0,9.200203,5922.996477385,5922.996477385,vC,0.82189103,6.57512827,164388,0.20001192,164388,0.82189103,207.5
45,0,9.200203,5922.996477385,5922.996477385,vD,0.85553570,5.13321418,128338,0.20001192,128338,0.85553570,207.5
46,0,9.400163,5923.196437170,5923.196437170,uA,0.82210530,6.57684244,164388,0.19995978,164388,0.82210530,204.5
46,0,9.400163,5923.196437170,5923.196437170,uB,0.83652820,5.01916923,125454,0.19995978,125454,0.83652820,204.5
46,0,9.400163,5923.196437170,5923.196437170,ac,0.95191141,5.71146843,142758,0.19995978,142758,0.95191141,204.5
46,0,9.400163,5923.196437170,5923.196437170,ad,0.95191141,3.80764562,95172,0.19995978,95172,0.95191141,204.5
46,0,9.400163,5923.196437170,5923.196437170,bc,0.94229614,5.65377683,141316,0.19995978,141316,0.94229614,204.5
46,0,9.400163,5923.196437170,5923.196437170,bd,0.95191141,5.71146843,142758,0.19995978,142758,0.95191141,204.5
46,0,9.400163,5923.196437170,5923.196437170,vC,0.82210530,6.57684244,164388,0.19995978,164388,0.82210530,204.5
46,0,9.400163,5923.196437170,5923.196437170,vD,0.85575874,5.13455243,128338,0.19995978,128338,0.85575874,204.5
47,0,9.600252,5923.396526414,5923.396526414,uA,0.82878018,6.63024147,165830,0.20008924,165830,0.82878018,265.0
47,0,9.600252,5923.396526414,5923.396526414,uB,0.84559601,5.07357608,126896,0.20008924,126896,0.84559601,265.0
47,0,9.600252,5923.396526414,5923.396526414,ac,0.95129552,5.70777309,142758,0.20008924,142758,0.95129552,265.0
47,0,9.600252,5923.396526414,5923.396526414,ad,0.96570908,3.86283633,96614,0.20008924,96614,0.96570908,265.0
47,0,9.600252,5923.396526414,5923.396526414,bc,0.95129552,5.70777309,142758,0.20008924,142758,0.95129552,265.0
47,0,9.600252,5923.396526414,5923.396526414,bd,0.96090456,5.76542737,144200,0.20008924,144200,0.96090456,265.0
47,0,9.600252,5923.396526414,5923.396526414,vC,0.82878018,6.63024147,165830,0.20008924,165830,0.82878018,265.0
47,0,9.600252,5923.396526414,5923.396526414,vD,0.84559601,5.07357608,126896,0.20008924,126896,0.84559601,265.0
48,0,9.800202,5923.596476392,5923.596476392,uA,0.82214562,6.57716500,164388,0.19994998,164388,0.82214562,202.9
48,0,9.800202,5923.596476392,5923.596476392,uB,0.84618497,5.07710982,126896,0.19994998,126896,0.84618497,202.9
48,0,9.800202,5923.596476392,5923.596476392,ac,0.94234235,5.65405412,141316,0.19994998,141316,0.94234235,202.9
48,0,9.800202,5923.596476392,5923.596476392,ad,0.95195809,3.80783237,95172,0.19994998,95172,0.95195809,202.9
48,0,9.800202,5923.596476392,5923.596476392,bc,0.94234235,5.65405412,141316,0.19994998,141316,0.94234235,202.9
48,0,9.800202,5923.596476392,5923.596476392,bd,0.95195809,5.71174855,142758,0.19994998,142758,0.95195809,202.9
48,0,9.800202,5923.596476392,5923.596476392,vC,0.82214562,6.57716500,164388,0.19994998,164388,0.82214562,202.9
48,0,9.800202,5923.596476392,5923.596476392,vD,0.86541645,5.19249868,129780,0.19994998,129780,0.86541645,202.9
49,0,10.000201,5923.796475202,5923.796475202,uA,0.82194489,6.57555912,164388,0.19999881,164388,0.82194489,207.8
49,0,10.000201,5923.796475202,5923.796475202,uB,0.84597837,5.07587020,126896,0.19999881,126896,0.84597837,207.8
49,0,10.000201,5923.796475202,5923.796475202,ac,0.95172566,5.71035398,142758,0.19999881,142758,0.95172566,207.8
49,0,10.000201,5923.796475202,5923.796475202,ad,0.95172566,3.80690265,95172,0.19999881,95172,0.95172566,207.8
49,0,10.000201,5923.796475202,5923.796475202,bc,0.94211227,5.65267363,141316,0.19999881,141316,0.94211227,207.8
49,0,10.000201,5923.796475202,5923.796475202,bd,0.95172566,5.71035398,142758,0.19999881,142758,0.95172566,207.8
49,0,10.000201,5923.796475202,5923.796475202,vC,0.82194489,6.57555912,164388,0.19999881,164388,0.82194489,207.8
49,0,10.000201,5923.796475202,5923.796475202,vD,0.85559176,5.13355054,128338,0.19999881,128338,0.85559176,207.8
50,0,10.200219,5923.996493235,5923.996493235,uA,0.82907525,6.63260199,165830,0.20001803,165830,0.82907525,203.0
50,0,10.200219,5923.996493235,5923.996493235,uB,0.84589707,5.07538239,126896,0.20001803,126896,0.84589707,203.0
50,0,10.200219,5923.996493235,5923.996493235,ac,0.94202173,5.65213039,141316,0.20001803,141316,0.94202173,203.0
50,0,10.200219,5923.996493235,5923.996493235,ad,0.96605290,3.86421159,96614,0.20001803,96614,0.96605290,203.0
50,0,10.200219,5923.996493235,5923.996493235,bc,0.94202173,5.65213039,141316,0.20001803,141316,0.94202173,203.0
50,0,10.200219,5923.996493235,5923.996493235,bd,0.95163420,5.70980519,142758,0.20001803,142758,0.95163420,203.0
50,0,10.200219,5923.996493235,5923.996493235,vC,0.82186590,6.57492719,164388,0.20001803,164388,0.82186590,203.0
50,0,10.200219,5923.996493235,5923.996493235,vD,0.85550953,5.13305719,128338,0.20001803,128338,0.85550953,203.0
51,0,10.400203,5924.196477418,5924.196477418,uA,0.82200500,6.57604003,164388,0.19998418,164388,0.82200500,216.6
51,0,10.400203,5924.196477418,5924.196477418,uB,0.84604024,5.07624143,126896,0.19998418,126896,0.84604024,216.6
51,0,10.400203,5924.196477418,5924.196477418,ac,0.95179527,5.71077161,142758,0.19998418,142758,0.95179527,216.6
51,0,10.400203,5924.196477418,5924.196477418,ad,0.95179527,3.80718107,95172,0.19998418,95172,0.95179527,216.6
51,0,10.400203,5924.196477418,5924.196477418,bc,0.94218117,5.65308705,141316,0.19998418,141316,0.94218117,216.6
51,0,10.400203,5924.196477418,5924.196477418,bd,0.95179527,5.71077161,142758,0.19998418,142758,0.95179527,216.6
51,0,10.400203,5924.196477418,5924.196477418,vC,0.82921557,6.63372459,165830,0.19998418,165830,0.82921557,216.6
51,0,10.400203,5924.196477418,5924.196477418,vD,0.85565433,5.13392599,128338,0.19998418,128338,0.85565433,216.6
52,0,10.600197,5924.396471595,5924.396471595,uA,0.82196393,6.57571147,164388,0.19999418,164388,0.82196393,215.9
52,0,10.600197,5924.396471595,5924.396471595,uB,0.84599797,5.07598780,126896,0.19999418,126896,0.84599797,215.9
52,0,10.600197,5924.396471595,5924.396471595,ac,0.94213410,5.65280460,141316,0.19999418,141316,0.94213410,215.9
52,0,10.600197,5924.396471595,5924.396471595,ad,0.96616813,3.86467253,96614,0.19999418,96614,0.96616813,215.9
52,0,10.600197,5924.396471595,5924.396471595,bc,0.94213410,5.65280460,141316,0.19999418,141316,0.94213410,215.9
52,0,10.600197,5924.396471595,5924.396471595,bd,0.95174771,5.71048628,142758,0.19999418,142758,0.95174771,215.9
52,0,10.600197,5924.396471595,5924.396471595,vC,0.82196393,6.57571147,164388,0.19999418,164388,0.82196393,215.9
52,0,10.600197,5924.396471595,5924.396471595,vD,0.85561158,5.13366948,128338,0.19999418,128338,0.85561158,215.9
53,0,10.800200,5924.596474034,5924.596474034,uA,0.82192998,6.57543981,164388,0.20000244,164388,0.82192998,207.6
53,0,10.800200,5924.596474034,5924.596474034,uB,0.83634980,5.01809880,125454,0.20000244,125454,0.83634980,207.6
53,0,10.800200,5924.596474034,5924.596474034,ac,0.95170839,5.71025036,142758,0.20000244,142758,0.95170839,207.6
53,0,10.800200,5924.596474034,5924.596474034,ad,0.95170839,3.80683358,95172,0.20000244,95172,0.95170839,207.6
53,0,10.800200,5924.596474034,5924.596474034,bc,0.94209518,5.65257107,141316,0.20000244,141316,0.94209518,207.6
53,0,10.800200,5924.596474034,5924.596474034,bd,0.95170839,5.71025036,142758,0.20000244,142758,0.95170839,207.6
53,0,10.800200,5924.596474034,5924.596474034,vC,0.82192998,6.57543981,164388,0.20000244,164388,0.82192998,207.6
53,0,10.800200,5924.596474034,5924.596474034,vD,0.85557623,5.13345740,128338,0.20000244,128338,0.85557623,207.6
54,0,11.000203,5924.796476786,5924.796476786,uA,0.82913859,6.63310871,165830,0.20000275,165830,0.82913859,210.2
54,0,11.000203,5924.796476786,5924.796476786,uB,0.84596169,5.07577014,126896,0.20000275,126896,0.84596169,210.2
54,0,11.000203,5924.796476786,5924.796476786,ac,0.95170690,5.71024141,142758,0.20000275,142758,0.95170690,210.2
54,0,11.000203,5924.796476786,5924.796476786,ad,0.96612670,3.86450681,96614,0.20000275,96614,0.96612670,210.2
54,0,11.000203,5924.796476786,5924.796476786,bc,0.94209370,5.65256221,141316,0.20000275,141316,0.94209370,210.2
54,0,11.000203,5924.796476786,5924.796476786,bd,0.95170690,5.71024141,142758,0.20000275,142758,0.95170690,210.2
54,0,11.000203,5924.796476786,5924.796476786,vC,0.82913859,6.63310871,165830,0.20000275,165830,0.82913859,210.2
54,0,11.000203,5924.796476786,5924.796476786,vD,0.85557489,5.13344935,128338,0.20000275,128338,0.85557489,210.2
55,0,11.200208,5924.996482069,5924.996482069,uA,0.82191829,6.57534633,164388,0.20000528,164388,0.82191829,195.4
55,0,11.200208,5924.996482069,5924.996482069,uB,0.84595099,5.07570594,126896,0.20000528,126896,0.84595099,195.4
55,0,11.200208,5924.996482069,5924.996482069,ac,0.94208178,5.65249070,141316,0.20000528,141316,0.94208178,195.4
55,0,11.200208,5924.996482069,5924.996482069,ad,0.95169486,3.80677945,95172,0.20000528,95172,0.95169486,195.4
55,0,11.200208,5924.996482069,5924.996482069,bc,0.94208178,5.65249070,141316,0.20000528,141316,0.94208178,195.4
55,0,11.200208,5924.996482069,5924.996482069,bd,0.95169486,5.71016918,142758,0.20000528,142758,0.95169486,195.4
55,0,11.200208,5924.996482069,5924.996482069,vC,0.82191829,6.57534633,164388,0.20000528,164388,0.82191829,195.4
55,0,11.200208,5924.996482069,5924.996482069,vD,0.85556407,5.13338441,128338,0.20000528,128338,0.85556407,195.4
56,0,11.400174,5925.196448186,5925.196448186,uA,0.82207927,6.57663418,164388,0.19996612,164388,0.82207927,211.8
56,0,11.400174,5925.196448186,5925.196448186,uB,0.84611668,5.07670007,126896,0.19996612,126896,0.84611668,211.8
56,0,11.400174,5925.196448186,5925.196448186,ac,0.95188126,5.71128758,142758,0.19996612,142758,0.95188126,211.8
56,0,11.400174,5925.196448186,5925.196448186,ad,0.95188126,3.80752505,95172,0.19996612,95172,0.95188126,211.8
56,0,11.400174,5925.196448186,5925.196448186,bc,0.94226630,5.65359780,141316,0.19996612,141316,0.94226630,211.8
56,0,11.400174,5925.196448186,5925.196448186,bd,0.95188126,5.71128758,142758,0.19996612,142758,0.95188126,211.8
56,0,11.400174,5925.196448186,5925.196448186,vC,0.82207927,6.57663418,164388,0.19996612,164388,0.82207927,211.8
56,0,11.400174,5925.196448186,5925.196448186,vD,0.85573164,5.13438984,128338,0.19996612,128338,0.85573164,211.8
57,0,11.600211,5925.396485143,5925.396485143,uA,0.82899681,6.63197451,165830,0.20003696,165830,0.82899681,206.6
57,0,11.600211,5925.396485143,5925.396485143,uB,0.84581704,5.07490223,126896,0.20003696,126896,0.84581704,206.6
57,0,11.600211,5925.396485143,5925.396485143,ac,0.94193261,5.65159567,141316,0.20003696,141316,0.94193261,206.6
57,0,11.600211,5925.396485143,5925.396485143,ad,0.96596150,3.86384602,96614,0.20003696,96614,0.96596150,206.6
57,0,11.600211,5925.396485143,5925.396485143,bc,0.94193261,5.65159567,141316,0.20003696,141316,0.94193261,206.6
57,0,11.600211,5925.396485143,5925.396485143,bd,0.96115573,5.76693436,144200,0.20003696,144200,0.96115573,206.6
57,0,11.600211,5925.396485143,5925.396485143,vC,0.82178815,6.57430517,164388,0.20003696,164388,0.82178815,206.6
57,0,11.600211,5925.396485143,5925.396485143,vD,0.85542860,5.13257158,128338,0.20003696,128338,0.85542860,206.6
58,0,11.800199,5925.596473235,5925.596473235,uA,0.82198894,6.57591151,164388,0.19998809,164388,0.82198894,215.5
58,0,11.800199,5925.596473235,5925.596473235,uB,0.84602370,5.07614222,126896,0.19998809,126896,0.84602370,215.5
58,0,11.800199,5925.596473235,5925.596473235,ac,0.95177667,5.71066000,142758,0.19998809,142758,0.95177667,215.5
58,0,11.800199,5925.596473235,5925.596473235,ad,0.95177667,3.80710667,95172,0.19998809,95172,0.95177667,215.5
58,0,11.800199,5925.596473235,5925.596473235,bc,0.94216276,5.65297656,141316,0.19998809,141316,0.94216276,215.5
58,0,11.800199,5925.596473235,5925.596473235,bd,0.95177667,5.71066000,142758,0.19998809,142758,0.95177667,215.5
58,0,11.800199,5925.596473235,5925.596473235,vC,0.82919937,6.63359495,165830,0.19998809,165830,0.82919937,215.5
58,0,11.800199,5925.596473235,5925.596473235,vD,0.84602370,5.07614222,126896,0.19998809,126896,0.84602370,215.5
59,0,12.000210,5925.796484208,5925.796484208,uA,0.82189491,6.57515927,164388,0.20001097,164388,0.82189491,216.7
59,0,12.000210,5925.796484208,5925.796484208,uB,0.84592692,5.07556154,126896,0.20001097,126896,0.84592692,216.7
59,0,12.000210,5925.796484208,5925.796484208,ac,0.94205498,5.65232990,141316,0.20001097,141316,0.94205498,216.7
59,0,12.000210,5925.796484208,5925.796484208,ad,0.96608700,3.86434799,96614,0.20001097,96614,0.96608700,216.7
59,0,12.000210,5925.796484208,5925.796484208,bc,0.94205498,5.65232990,141316,0.20001097,141316,0.94205498,216.7
59,0,12.000210,5925.796484208,5925.796484208,bd,0.95166779,5.71000673,142758,0.20001097,142758,0.95166779,216.7
59,0,12.000210,5925.796484208,5925.796484208,vC,0.82189491,6.57515927,164388,0.20001097,164388,0.82189491,216.7
59,0,12.000210,5925.796484208,5925.796484208,vD,0.85553973,5.13323838,128338,0.20001097,128338,0.85553973,216.7
60,0,12.200228,5925.996501826,5925.996501826,uA,0.82186760,6.57494083,164388,0.20001762,164388,0.82186760,251.5
60,0,12.200228,5925.996501826,5925.996501826,uB,0.83628633,5.01771800,125454,0.20001762,125454,0.83628633,251.5
60,0,12.200228,5925.996501826,5925.996501826,ac,0.95163617,5.70981704,142758,0.20001762,142758,0.95163617,251.5
60,0,12.200228,5925.996501826,5925.996501826,ad,0.95163617,3.80654469,95172,0.20001762,95172,0.95163617,251.5
60,0,12.200228,5925.996501826,5925.996501826,bc,0.94202369,5.65214212,141316,0.20001762,141316,0.94202369,251.5
60,0,12.200228,5925.996501826,5925.996501826,bd,0.95163617,5.70981704,142758,0.20001762,142758,0.95163617,251.5
60,0,12.200228,5925.996501826,5925.996501826,vC,0.82186760,6.57494083,164388,0.20001762,164388,0.82186760,251.5
60,0,12.200228,5925.996501826,5925.996501826,vD,0.85551131,5.13306784,128338,0.20001762,128338,0.85551131,251.5
61,0,12.400201,5926.196475706,5926.196475706,uA,0.82925830,6.63406638,165830,0.19997388,165830,0.82925830,197.2
61,0,12.400201,5926.196475706,5926.196475706,uB,0.84608383,5.07650297,126896,0.19997388,126896,0.84608383,197.2
61,0,12.400201,5926.196475706,5926.196475706,ac,0.95184431,5.71106584,142758,0.19997388,142758,0.95184431,197.2
61,0,12.400201,5926.196475706,5926.196475706,ad,0.96626619,3.86506476,96614,0.19997388,96614,0.96626619,197.2
61,0,12.400201,5926.196475706,5926.196475706,bc,0.94222972,5.65337830,141316,0.19997388,141316,0.94222972,197.2
61,0,12.400201,5926.196475706,5926.196475706,bd,0.95184431,5.71106584,142758,0.19997388,142758,0.95184431,197.2
61,0,12.400201,5926.196475706,5926.196475706,vC,0.82925830,6.63406638,165830,0.19997388,165830,0.82925830,197.2
61,0,12.400201,5926.196475706,5926.196475706,vD,0.85569842,5.13419050,128338,0.19997388,128338,0.85569842,197.2
62,0,12.600197,5926.396471554,5926.396471554,uA,0.82195706,6.57565651,164388,0.19999585,164388,0.82195706,197.0
62,0,12.600197,5926.396471554,5926.396471554,uB,0.84599090,5.07594538,126896,0.19999585,126896,0.84599090,197.0
62,0,12.600197,5926.396471554,5926.396471554,ac,0.94212623,5.65275735,141316,0.19999585,141316,0.94212623,197.0
62,0,12.600197,5926.396471554,5926.396471554,ad,0.95173976,3.80695903,95172,0.19999585,95172,0.95173976,197.0
62,0,12.600197,5926.396471554,5926.396471554,bc,0.94212623,5.65275735,141316,0.19999585,141316,0.94212623,197.0
62,0,12.600197,5926.396471554,5926.396471554,bd,0.95173976,5.71043855,142758,0.19999585,142758,0.95173976,197.0
62,0,12.600197,5926.396471554,5926.396471554,vC,0.82195706,6.57565651,164388,0.19999585,164388,0.82195706,197.0
62,0,12.600197,5926.396471554,5926.396471554,vD,0.85560443,5.13362657,128338,0.19999585,128338,0.85560443,197.0
63,0,12.800206,5926.596479789,5926.596479789,uA,0.82190616,6.57524930,164388,0.20000823,164388,0.82190616,203.4
63,0,12.800206,5926.596479789,5926.596479789,uB,0.84593851,5.07563104,126896,0.20000823,126896,0.84593851,203.4
63,0,12.800206,5926.596479789,5926.596479789,ac,0.95168082,5.71008492,142758,0.20000823,142758,0.95168082,203.4
63,0,12.800206,5926.596479789,5926.596479789,ad,0.95168082,3.80672328,95172,0.20000823,95172,0.95168082,203.4
63,0,12.800206,5926.596479789,5926.596479789,bc,0.94206788,5.65240729,141316,0.20000823,141316,0.94206788,203.4
63,0,12.800206,5926.596479789,5926.596479789,bd,0.95168082,5.71008492,142758,0.20000823,142758,0.95168082,203.4
63,0,12.800206,5926.596479789,5926.596479789,vC,0.82190616,6.57524930,164388,0.20000823,164388,0.82190616,203.4
63,0,12.800206,5926.596479789,5926.596479789,vD,0.85555144,5.13330866,128338,0.20000823,128338,0.85555144,203.4
64,0,13.000206,5926.796479892,5926.796479892,uA,0.82914957,6.63319657,165830,0.20000010,165830,0.82914957,212.3
64,0,13.000206,5926.796479892,5926.796479892,uB,0.84597290,5.07583737,126896,0.20000010,126896,0.84597290,212.3
64,0,13.000206,5926.796479892,5926.796479892,ac,0.94210618,5.65263707,141316,0.20000010,141316,0.94210618,212.3
64,0,13.000206,5926.796479892,5926.796479892,ad,0.96613950,3.86455800,96614,0.20000010,96614,0.96613950,212.3
64,0,13.000206,5926.796479892,5926.796479892,bc,0.94210618,5.65263707,141316,0.20000010,141316,0.94210618,212.3
64,0,13.000206,5926.796479892,5926.796479892,bd,0.95171951,5.71031704,142758,0.20000010,142758,0.95171951,212.3
64,0,13.000206,5926.796479892,5926.796479892,vC,0.82193957,6.57551660,164388,0.20000010,164388,0.82193957,212.3
64,0,13.000206,5926.796479892,5926.796479892,vD,0.85558622,5.13351734,128338,0.20000010,128338,0.85558622,212.3
65,0,13.200175,5926.996448815,5926.996448815,uA,0.82206774,6.57654190,164388,0.19996892,164388,0.82206774,201.6
65,0,13.200175,5926.996448815,5926.996448815,uB,0.84610481,5.07662883,126896,0.19996892,126896,0.84610481,201.6
65,0,13.200175,5926.996448815,5926.996448815,ac,0.95186791,5.71120744,142758,0.19996892,142758,0.95186791,201.6
65,0,13.200175,5926.996448815,5926.996448815,ad,0.95186791,3.80747162,95172,0.19996892,95172,0.95186791,201.6
65,0,13.200175,5926.996448815,5926.996448815,bc,0.94225308,5.65351847,141316,0.19996892,141316,0.94225308,201.6
65,0,13.200175,5926.996448815,5926.996448815,bd,0.95186791,5.71120744,142758,0.19996892,142758,0.95186791,201.6
65,0,13.200175,5926.996448815,5926.996448815,vC,0.82927886,6.63423086,165830,0.19996892,165830,0.82927886,201.6
65,0,13.200175,5926.996448815,5926.996448815,vD,0.85571963,5.13431780,128338,0.19996892,128338,0.85571963,201.6
66,0,13.400191,5927.196465374,5927.196465374,uA,0.82187195,6.57497562,164388,0.20001656,164388,0.82187195,191.9
66,0,13.400191,5927.196465374,5927.196465374,uB,0.83629076,5.01774456,125454,0.20001656,125454,0.83629076,191.9
66,0,13.400191,5927.196465374,5927.196465374,ac,0.94202867,5.65217203,141316,0.20001656,141316,0.94202867,191.9
66,0,13.400191,5927.196465374,5927.196465374,ad,0.96606002,3.86424006,96614,0.20001656,96614,0.96606002,191.9
66,0,13.400191,5927.196465374,5927.196465374,bc,0.94202867,5.65217203,141316,0.20001656,141316,0.94202867,191.9
66,0,13.400191,5927.196465374,5927.196465374,bd,0.96125375,5.76752248,144200,0.20001656,144200,0.96125375,191.9
66,0,13.400191,5927.196465374,5927.196465374,vC,0.82187195,6.57497562,164388,0.20001656,164388,0.82187195,191.9
66,0,13.400191,5927.196465374,5927.196465374,vD,0.85551583,5.13309501,128338,0.20001656,128338,0.85551583,191.9
67,0,13.600201,5927.396475121,5927.396475121,uA,0.82189994,6.57519954,164388,0.20000975,164388,0.82189994,214.7
67,0,13.600201,5927.396475121,5927.396475121,uB,0.84593210,5.07559263,126896,0.20000975,126896,0.84593210,214.7
67,0,13.600201,5927.396475121,5927.396475121,ac,0.95167362,5.71004171,142758,0.20000975,142758,0.95167362,214.7
67,0,13.600201,5927.396475121,5927.396475121,ad,0.95167362,3.80669447,95172,0.20000975,95172,0.95167362,214.7
67,0,13.600201,5927.396475121,5927.396475121,bc,0.94206075,5.65236452,141316,0.20000975,141316,0.94206075,214.7
67,0,13.600201,5927.396475121,5927.396475121,bd,0.95167362,5.71004171,142758,0.20000975,142758,0.95167362,214.7
67,0,13.600201,5927.396475121,5927.396475121,vC,0.82189994,6.57519954,164388,0.20000975,164388,0.82189994,214.7
67,0,13.600201,5927.396475121,5927.396475121,vD,0.85554497,5.13326982,128338,0.20000975,128338,0.85554497,214.7
68,0,13.800201,5927.596475535,5927.596475535,uA,0.82914829,6.63318630,165830,0.20000041,165830,0.82914829,206.9
68,0,13.800201,5927.596475535,5927.596475535,uB,0.84597159,5.07582952,126896,0.20000041,126896,0.84597159,206.9
68,0,13.800201,5927.596475535,5927.596475535,ac,0.95171803,5.71030821,142758,0.20000041,142758,0.95171803,206.9
68,0,13.800201,5927.596475535,5927.596475535,ad,0.96613800,3.86455202,96614,0.20000041,96614,0.96613800,206.9
68,0,13.800201,5927.596475535,5927.596475535,bc,0.94210472,5.65262833,141316,0.20000041,141316,0.94210472,206.9
68,0,13.800201,5927.596475535,5927.596475535,bd,0.95171803,5.71030821,142758,0.20000041,142758,0.95171803,206.9
68,0,13.800201,5927.596475535,5927.596475535,vC,0.82914829,6.63318630,165830,0.20000041,165830,0.82914829,206.9
68,0,13.800201,5927.596475535,5927.596475535,vD,0.85558490,5.13350940,128338,0.20000041,128338,0.85558490,206.9
69,0,14.000203,5927.796477415,5927.796477415,uA,0.82193227,6.57545819,164388,0.20000188,164388,0.82193227,209.5
69,0,14.000203,5927.796477415,5927.796477415,uB,0.84596538,5.07579229,126896,0.20000188,126896,0.84596538,209.5
69,0,14.000203,5927.796477415,5927.796477415,ac,0.94209781,5.65258687,141316,0.20000188,141316,0.94209781,209.5
69,0,14.000203,5927.796477415,5927.796477415,ad,0.95171105,3.80684422,95172,0.20000188,95172,0.95171105,209.5
69,0,14.000203,5927.796477415,5927.796477415,bc,0.94209781,5.65258687,141316,0.20000188,141316,0.94209781,209.5
69,0,14.000203,5927.796477415,5927.796477415,bd,0.95171105,5.71026632,142758,0.20000188,142758,0.95171105,209.5
69,0,14.000203,5927.796477415,5927.796477415,vC,0.82193227,6.57545819,164388,0.20000188,164388,0.82193227,209.5
69,0,14.000203,5927.796477415,5927.796477415,vD,0.85557862,5.13347175,128338,0.20000188,128338,0.85557862,209.5
70,0,14.200198,5927.996471960,5927.996471960,uA,0.82196242,6.57569935,164388,0.19999454,164388,0.82196242,216.6
70,0,14.200198,5927.996471960,5927.996471960,uB,0.84599641,5.07597845,126896,0.19999454,126896,0.84599641,216.6
70,0,14.200198,5927.996471960,5927.996471960,ac,0.95174596,5.71047575,142758,0.19999454,142758,0.95174596,216.6
70,0,14.200198,5927.996471960,5927.996471960,ad,0.95174596,3.80698384,95172,0.19999454,95172,0.95174596,216.6
70,0,14.200198,5927.996471960,5927.996471960,bc,0.94213236,5.65279418,141316,0.19999454,141316,0.94213236,216.6
70,0,14.200198,5927.996471960,5927.996471960,bd,0.95174596,5.71047575,142758,0.19999454,142758,0.95174596,216.6
70,0,14.200198,5927.996471960,5927.996471960,vC,0.82196242,6.57569935,164388,0.19999454,164388,0.82196242,216.6
70,0,14.200198,5927.996471960,5927.996471960,vD,0.85561000,5.13366002,128338,0.19999454,128338,0.85561000,216.6
71,0,14.400183,5928.196456817,5928.196456817,uA,0.82921278,6.63370227,165830,0.19998486,165830,0.82921278,210.8
71,0,14.400183,5928.196456817,5928.196456817,uB,0.84603739,5.07622435,126896,0.19998486,126896,0.84603739,210.8
71,0,14.400183,5928.196456817,5928.196456817,ac,0.94217800,5.65306802,141316,0.19998486,141316,0.94217800,210.8
71,0,14.400183,5928.196456817,5928.196456817,ad,0.96621316,3.86485263,96614,0.19998486,96614,0.96621316,210.8
71,0,14.400183,5928.196456817,5928.196456817,bc,0.94217800,5.65306802,141316,0.19998486,141316,0.94217800,210.8
71,0,14.400183,5928.196456817,5928.196456817,bd,0.95179206,5.71075239,142758,0.19998486,142758,0.95179206,210.8
71,0,14.400183,5928.196456817,5928.196456817,vC,0.82200224,6.57601790,164388,0.19998486,164388,0.82200224,210.8
71,0,14.400183,5928.196456817,5928.196456817,vD,0.85565145,5.13390871,128338,0.19998486,128338,0.85565145,210.8
72,0,14.600198,5928.396472271,5928.396472271,uA,0.82187649,6.57501192,164388,0.20001545,164388,0.82187649,203.0
72,0,14.600198,5928.396472271,5928.396472271,uB,0.84590797,5.07544779,126896,0.20001545,126896,0.84590797,203.0
72,0,14.600198,5928.396472271,5928.396472271,ac,0.95164646,5.70987877,142758,0.20001545,142758,0.95164646,203.0
72,0,14.600198,5928.396472271,5928.396472271,ad,0.95164646,3.80658585,95172,0.20001545,95172,0.95164646,203.0
72,0,14.600198,5928.396472271,5928.396472271,bc,0.94203387,5.65220323,141316,0.20001545,141316,0.94203387,203.0
72,0,14.600198,5928.396472271,5928.396472271,bd,0.95164646,5.70987877,142758,0.20001545,142758,0.95164646,203.0
72,0,14.600198,5928.396472271,5928.396472271,vC,0.82908593,6.63268746,165830,0.20001545,165830,0.82908593,203.0
72,0,14.600198,5928.396472271,5928.396472271,vD,0.84590797,5.07544779,126896,0.20001545,126896,0.84590797,203.0
73,0,14.800200,5928.596474024,5928.596474024,uA,0.82193280,6.57546237,164388,0.20000175,164388,0.82193280,206.8
73,0,14.800200,5928.596474024,5928.596474024,uB,0.84596592,5.07579551,126896,0.20000175,126896,0.84596592,206.8
73,0,14.800200,5928.596474024,5928.596474024,ac,0.94209841,5.65259046,141316,0.20000175,141316,0.94209841,206.8
73,0,14.800200,5928.596474024,5928.596474024,ad,0.96613153,3.86452613,96614,0.20000175,96614,0.96613153,206.8
73,0,14.800200,5928.596474024,5928.596474024,bc,0.94209841,5.65259046,141316,0.20000175,141316,0.94209841,206.8
73,0,14.800200,5928.596474024,5928.596474024,bd,0.95171166,5.71026995,142758,0.20000175,142758,0.95171166,206.8
73,0,14.800200,5928.596474024,5928.596474024,vC,0.82193280,6.57546237,164388,0.20000175,164388,0.82193280,206.8
73,0,14.800200,5928.596474024,5928.596474024,vD,0.85557917,5.13347501,128338,0.20000175,128338,0.85557917,206.8
74,0,15.000201,5928.796474890,5928.796474890,uA,0.82193644,6.57549154,164388,0.20000087,164388,0.82193644,218.8
74,0,15.000201,5928.796474890,5928.796474890,uB,0.83635638,5.01813828,125454,0.20000087,125454,0.83635638,218.8
74,0,15.000201,5928.796474890,5928.796474890,ac,0.95171588,5.71029529,142758,0.20000087,142758,0.95171588,218.8
74,0,15.000201,5928.796474890,5928.796474890,ad,0.95171588,3.80686353,95172,0.20000087,95172,0.95171588,218.8
74,0,15.000201,5928.796474890,5928.796474890,bc,0.95171588,5.71029529,142758,0.20000087,141316,0.94210259,218.8
74,0,15.000201,5928.796474890,5928.796474890,bd,0.95171588,5.71029529,142758,0.20000087,142758,0.95171588,218.8
74,0,15.000201,5928.796474890,5928.796474890,vC,0.82193644,6.57549154,164388,0.20000087,164388,0.82193644,218.8
74,0,15.000201,5928.796474890,5928.796474890,vD,0.85558296,5.13349778,128338,0.20000087,128338,0.85558296,218.8
75,0,15.200202,5928.996476729,5928.996476729,uA,0.82914238,6.63313901,165830,0.20000184,165830,0.82914238,211.2
75,0,15.200202,5928.996476729,5928.996476729,uB,0.84596555,5.07579333,126896,0.20000184,126896,0.84596555,211.2
75,0,15.200202,5928.996476729,5928.996476729,ac,0.95171125,5.71026749,142758,0.20000184,142758,0.95171125,211.2
75,0,15.200202,5928.996476729,5928.996476729,ad,0.96613112,3.86452447,96614,0.20000184,96614,0.96613112,211.2
75,0,15.200202,5928.996476729,5928.996476729,bc,0.94209800,5.65258802,141316,0.20000184,142758,0.95171125,211.2
75,0,15.200202,5928.996476729,5928.996476729,bd,0.96132449,5.76794696,144200,0.20000184,144200,0.96132449,211.2
75,0,15.200202,5928.996476729,5928.996476729,vC,0.82914238,6.63313901,165830,0.20000184,165830,0.82914238,211.2
75,0,15.200202,5928.996476729,5928.996476729,vD,0.85557880,5.13347280,128338,0.20000184,128338,0.85557880,211.2
76,0,15.400204,5929.196478659,5929.196478659,uA,0.82193207,6.57545653,164388,0.20000193,164388,0.82193207,214.7
76,0,15.400204,5929.196478659,5929.196478659,uB,0.84596517,5.07579101,126896,0.20000193,126896,0.84596517,214.7
76,0,15.400204,5929.196478659,5929.196478659,ac,0.94209757,5.65258544,141316,0.20000193,141316,0.94209757,214.7
76,0,15.400204,5929.196478659,5929.196478659,ad,0.95171081,3.80684325,95172,0.20000193,95172,0.95171081,214.7
76,0,15.400204,5929.196478659,5929.196478659,bc,0.94209757,5.65258544,141316,0.20000193,141316,0.94209757,214.7
76,0,15.400204,5929.196478659,5929.196478659,bd,0.95171081,5.71026488,142758,0.20000193,142758,0.95171081,214.7
76,0,15.400204,5929.196478659,5929.196478659,vC,0.82193207,6.57545653,164388,0.20000193,164388,0.82193207,214.7
76,0,15.400204,5929.196478659,5929.196478659,vD,0.85557841,5.13347045,128338,0.20000193,128338,0.85557841,214.7
77,0,15.600215,5929.396489188,5929.396489188,uA,0.82189673,6.57517387,164388,0.20001053,164388,0.82189673,198.9
77,0,15.600215,5929.396489188,5929.396489188,uB,0.84592880,5.07557281,126896,0.20001053,126896,0.84592880,198.9
77,0,15.600215,5929.396489188,5929.396489188,ac,0.95166990,5.71001941,142758,0.20001053,142758,0.95166990,198.9
77,0,15.600215,5929.396489188,5929.396489188,ad,0.95166990,3.80667961,95172,0.20001053,95172,0.95166990,198.9
77,0,15.600215,5929.396489188,5929.396489188,bc,0.94205707,5.65234245,141316,0.20001053,141316,0.94205707,198.9
77,0,15.600215,5929.396489188,5929.396489188,bd,0.95166990,5.71001941,142758,0.20001053,142758,0.95166990,198.9
77,0,15.600215,5929.396489188,5929.396489188,vC,0.82189673,6.57517387,164388,0.20001053,164388,0.82189673,198.9
77,0,15.600215,5929.396489188,5929.396489188,vD,0.85554163,5.13324977,128338,0.20001053,128338,0.85554163,198.9
78,0,15.800192,5929.596466615,5929.596466615,uA,0.82924359,6.63394874,165830,0.19997743,165830,0.82924359,213.9
78,0,15.800192,5929.596466615,5929.596466615,uB,0.84606882,5.07641295,126896,0.19997743,126896,0.84606882,213.9
78,0,15.800192,5929.596466615,5929.596466615,ac,0.94221301,5.65327806,141316,0.19997743,141316,0.94221301,213.9
78,0,15.800192,5929.596466615,5929.596466615,ad,0.96624906,3.86499622,96614,0.19997743,96614,0.96624906,213.9
78,0,15.800192,5929.596466615,5929.596466615,bc,0.94221301,5.65327806,141316,0.19997743,141316,0.94221301,213.9
78,0,15.800192,5929.596466615,5929.596466615,bd,0.95182743,5.71096457,142758,0.19997743,142758,0.95182743,213.9
78,0,15.800192,5929.596466615,5929.596466615,vC,0.82203278,6.57626223,164388,0.19997743,164388,0.82203278,213.9
78,0,15.800192,5929.596466615,5929.596466615,vD,0.85568324,5.13409946,128338,0.19997743,128338,0.85568324,213.9
79,0,16.000218,5929.796492000,5929.796492000,uA,0.82183569,6.57468551,164388,0.20002539,164388,0.82183569,239.8
79,0,16.000218,5929.796492000,5929.796492000,uB,0.84586597,5.07519583,126896,0.20002539,126896,0.84586597,239.8
79,0,16.000218,5929.796492000,5929.796492000,ac,0.95159922,5.70959531,142758,0.20002539,142758,0.95159922,239.8
79,0,16.000218,5929.796492000,5929.796492000,ad,0.95159922,3.80639687,95172,0.20002539,95172,0.95159922,239.8
79,0,16.000218,5929.796492000,5929.796492000,bc,0.94198710,5.65192263,141316,0.20002539,141316,0.94198710,239.8
79,0,16.000218,5929.796492000,5929.796492000,bd,0.95159922,5.70959531,142758,0.20002539,142758,0.95159922,239.8
79,0,16.000218,5929.796492000,5929.796492000,vC,0.82904477,6.63235819,165830,0.20002539,165830,0.82904477,239.8
79,0,16.000218,5929.796492000,5929.796492000,vD,0.85547809,5.13286851,128338,0.20002539,128338,0.85547809,239.8
80,0,16.200208,5929.996481994,5929.996481994,uA,0.82198112,6.57584897,164388,0.19998999,164388,0.82198112,226.4
80,0,16.200208,5929.996481994,5929.996481994,uB,0.84601566,5.07609394,126896,0.19998999,126896,0.84601566,226.4
80,0,16.200208,5929.996481994,5929.996481994,ac,0.94215380,5.65292280,141316,0.19998999,141316,0.94215380,226.4
80,0,16.200208,5929.996481994,5929.996481994,ad,0.96618834,3.86475334,96614,0.19998999,96614,0.96618834,226.4
80,0,16.200208,5929.996481994,5929.996481994,bc,0.94215380,5.65292280,141316,0.19998999,141316,0.94215380,226.4
80,0,16.200208,5929.996481994,5929.996481994,bd,0.95176761,5.71060569,142758,0.19998999,142758,0.95176761,226.4
80,0,16.200208,5929.996481994,5929.996481994,vC,0.82198112,6.57584897,164388,0.19998999,164388,0.82198112,226.4
80,0,16.200208,5929.996481994,5929.996481994,vD,0.85562947,5.13377683,128338,0.19998999,128338,0.85562947,226.4
81,0,16.400221,5930.196494887,5930.196494887,uA,0.82188702,6.57509615,164388,0.20001289,164388,0.82188702,246.3
81,0,16.400221,5930.196494887,5930.196494887,uB,0.83630609,5.01783654,125454,0.20001289,125454,0.83630609,246.3
81,0,16.400221,5930.196494887,5930.196494887,ac,0.95165865,5.70995192,142758,0.20001289,142758,0.95165865,246.3
81,0,16.400221,5930.196494887,5930.196494887,ad,0.95165865,3.80663461,95172,0.20001289,95172,0.95165865,246.3
81,0,16.400221,5930.196494887,5930.196494887,bc,0.94204594,5.65227564,141316,0.20001289,141316,0.94204594,246.3
81,0,16.400221,5930.196494887,5930.196494887,bd,0.95165865,5.70995192,142758,0.20001289,142758,0.95165865,246.3
81,0,16.400221,5930.196494887,5930.196494887,vC,0.82188702,6.57509615,164388,0.20001289,164388,0.82188702,246.3
81,0,16.400221,5930.196494887,5930.196494887,vD,0.85553152,5.13318910,128338,0.20001289,128338,0.85553152,246.3
82,0,16.600186,5930.396459885,5930.396459885,uA,0.82929513,6.63436108,165830,0.19996500,165830,0.82929513,187.1
82,0,16.600186,5930.396459885,5930.396459885,uB,0.84612141,5.07672848,126896,0.19996500,126896,0.84612141,187.1
82,0,16.600186,5930.396459885,5930.396459885,ac,0.95188659,5.71131954,142758,0.19996500,142758,0.95188659,187.1
82,0,16.600186,5930.396459885,5930.396459885,ad,0.96630911,3.86523646,96614,0.19996500,96614,0.96630911,187.1
82,0,16.600186,5930.396459885,5930.396459885,bc,0.94227157,5.65362944,141316,0.19996500,141316,0.94227157,187.1
82,0,16.600186,5930.396459885,5930.396459885,bd,0.95188659,5.71131954,142758,0.19996500,142758,0.95188659,187.1
82,0,16.600186,5930.396459885,5930.396459885,vC,0.82929513,6.63436108,165830,0.19996500,165830,0.82929513,187.1
82,0,16.600186,5930.396459885,5930.396459885,vD,0.85573643,5.13441857,128338,0.19996500,128338,0.85573643,187.1
83,0,16.800195,5930.596469701,5930.596469701,uA,0.82189966,6.57519727,164388,0.20000982,164388,0.82189966,201.6
83,0,16.800195,5930.596469701,5930.596469701,uB,0.84593181,5.07559088,126896,0.20000982,126896,0.84593181,201.6
83,0,16.800195,5930.596469701,5930.596469701,ac,0.94206043,5.65236257,141316,0.20000982,141316,0.94206043,201.6
83,0,16.800195,5930.596469701,5930.596469701,ad,0.95167329,3.80669316,95172,0.20000982,95172,0.95167329,201.6
83,0,16.800195,5930.596469701,5930.596469701,bc,0.94206043,5.65236257,141316,0.20000982,141316,0.94206043,201.6
83,0,16.800195,5930.596469701,5930.596469701,bd,0.95167329,5.71003974,142758,0.20000982,142758,0.95167329,201.6
83,0,16.800195,5930.596469701,5930.596469701,vC,0.82189966,6.57519727,164388,0.20000982,164388,0.82189966,201.6
83,0,16.800195,5930.596469701,5930.596469701,vD,0.85554467,5.13326805,128338,0.20000982,128338,0.85554467,201.6
84,0,17.000216,5930.796489758,5930.796489758,uA,0.82185758,6.57486066,164388,0.20002006,164388,0.82185758,258.4
84,0,17.000216,5930.796489758,5930.796489758,uB,0.84588851,5.07533103,126896,0.20002006,126896,0.84588851,258.4
84,0,17.000216,5930.796489758,5930.796489758,ac,0.95162457,5.70974741,142758,0.20002006,142758,0.95162457,258.4
84,0,17.000216,5930.796489758,5930.796489758,ad,0.95162457,3.80649827,95172,0.20002006,95172,0.95162457,258.4
84,0,17.000216,5930.796489758,5930.796489758,bc,0.94201220,5.65207320,141316,0.20002006,141316,0.94201220,258.4
84,0,17.000216,5930.796489758,5930.796489758,bd,0.95162457,5.70974741,142758,0.20002006,142758,0.95162457,258.4
84,0,17.000216,5930.796489758,5930.796489758,vC,0.82185758,6.57486066,164388,0.20002006,164388,0.82185758,258.4
84,0,17.000216,5930.796489758,5930.796489758,vD,0.85550087,5.13300525,128338,0.20002006,128338,0.85550087,258.4
85,0,17.200190,5930.996464317,5930.996464317,uA,0.82925549,6.63404388,165830,0.19997456,165830,0.82925549,226.4
85,0,17.200190,5930.996464317,5930.996464317,uB,0.84608096,5.07648575,126896,0.19997456,126896,0.84608096,226.4
85,0,17.200190,5930.996464317,5930.996464317,ac,0.94222652,5.65335914,141316,0.19997456,141316,0.94222652,226.4
85,0,17.200190,5930.996464317,5930.996464317,ad,0.96626291,3.86505165,96614,0.19997456,96614,0.96626291,226.4
85,0,17.200190,5930.996464317,5930.996464317,bc,0.94222652,5.65335914,141316,0.19997456,141316,0.94222652,226.4
85,0,17.200190,5930.996464317,5930.996464317,bd,0.96145564,5.76873381,144200,0.19997456,144200,0.96145564,226.4
85,0,17.200190,5930.996464317,5930.996464317,vC,0.82204457,6.57635655,164388,0.19997456,164388,0.82204457,226.4
85,0,17.200190,5930.996464317,5930.996464317,vD,0.85569552,5.13417309,128338,0.19997456,128338,0.85569552,226.4
86,0,17.400189,5931.196463158,5931.196463158,uA,0.82194476,6.57555811,164388,0.19999884,164388,0.82194476,226.4
86,0,17.400189,5931.196463158,5931.196463158,uB,0.84597824,5.07586941,126896,0.19999884,126896,0.84597824,226.4
86,0,17.400189,5931.196463158,5931.196463158,ac,0.95172552,5.71035309,142758,0.19999884,142758,0.95172552,226.4
86,0,17.400189,5931.196463158,5931.196463158,ad,0.95172552,3.80690206,95172,0.19999884,95172,0.95172552,226.4
86,0,17.400189,5931.196463158,5931.196463158,bc,0.94211213,5.65267276,141316,0.19999884,141316,0.94211213,226.4
86,0,17.400189,5931.196463158,5931.196463158,bd,0.95172552,5.71035309,142758,0.19999884,142758,0.95172552,226.4
86,0,17.400189,5931.196463158,5931.196463158,vC,0.82915480,6.63323844,165830,0.19999884,165830,0.82915480,226.4
86,0,17.400189,5931.196463158,5931.196463158,vD,0.84597824,5.07586941,126896,0.19999884,126896,0.84597824,226.4
87,0,17.600205,5931.396479675,5931.396479675,uA,0.82187212,6.57497699,164388,0.20001652,164388,0.82187212,212.8
87,0,17.600205,5931.396479675,5931.396479675,uB,0.83629093,5.01774560,125454,0.20001652,125454,0.83629093,212.8
87,0,17.600205,5931.396479675,5931.396479675,ac,0.94202887,5.65217320,141316,0.20001652,141316,0.94202887,212.8
87,0,17.600205,5931.396479675,5931.396479675,ad,0.96606022,3.86424086,96614,0.20001652,96614,0.96606022,212.8
87,0,17.600205,5931.396479675,5931.396479675,bc,0.94202887,5.65217320,141316,0.20001652,141316,0.94202887,212.8
87,0,17.600205,5931.396479675,5931.396479675,bd,0.95164141,5.70984844,142758,0.20001652,142758,0.95164141,212.8
87,0,17.600205,5931.396479675,5931.396479675,vC,0.82187212,6.57497699,164388,0.20001652,164388,0.82187212,212.8
87,0,17.600205,5931.396479675,5931.396479675,vD,0.85551601,5.13309607,128338,0.20001652,128338,0.85551601,212.8
88,0,17.800197,5931.596471020,5931.596471020,uA,0.82197557,6.57580458,164388,0.19999134,164388,0.82197557,187.8
88,0,17.800197,5931.596471020,5931.596471020,uB,0.84600995,5.07605968,126896,0.19999134,126896,0.84600995,187.8
88,0,17.800197,5931.596471020,5931.596471020,ac,0.95176119,5.71056714,142758,0.19999134,142758,0.95176119,187.8
88,0,17.800197,5931.596471020,5931.596471020,ad,0.95176119,3.80704476,95172,0.19999134,95172,0.95176119,187.8
88,0,17.800197,5931.596471020,5931.596471020,bc,0.94214744,5.65288464,141316,0.19999134,141316,0.94214744,187.8
88,0,17.800197,5931.596471020,5931.596471020,bd,0.95176119,5.71056714,142758,0.19999134,142758,0.95176119,187.8
88,0,17.800197,5931.596471020,5931.596471020,vC,0.82197557,6.57580458,164388,0.19999134,164388,0.82197557,187.8
88,0,17.800197,5931.596471020,5931.596471020,vD,0.85562370,5.13374218,128338,0.19999134,128338,0.85562370,187.8
89,0,18.000209,5931.796483359,5931.796483359,uA,0.82909885,6.63279081,165830,0.20001234,165830,0.82909885,203.8
89,0,18.000209,5931.796483359,5931.796483359,uB,0.84592115,5.07552688,126896,0.20001234,126896,0.84592115,203.8
89,0,18.000209,5931.796483359,5931.796483359,ac,0.95166129,5.70996774,142758,0.20001234,142758,0.95166129,203.8
89,0,18.000209,5931.796483359,5931.796483359,ad,0.96608040,3.86432160,96614,0.20001234,96614,0.96608040,203.8
89,0,18.000209,5931.796483359,5931.796483359,bc,0.94204855,5.65229130,141316,0.20001234,141316,0.94204855,203.8
89,0,18.000209,5931.796483359,5931.796483359,bd,0.95166129,5.70996774,142758,0.20001234,142758,0.95166129,203.8
89,0,18.000209,5931.796483359,5931.796483359,vC,0.82909885,6.63279081,165830,0.20001234,165830,0.82909885,203.8
89,0,18.000209,5931.796483359,5931.796483359,vD,0.85553389,5.13320332,128338,0.20001234,128338,0.85553389,203.8
90,0,18.200194,5931.996468431,5931.996468431,uA,0.82200135,6.57601082,164388,0.19998507,164388,0.82200135,202.6
90,0,18.200194,5931.996468431,5931.996468431,uB,0.84603648,5.07621888,126896,0.19998507,126896,0.84603648,202.6
90,0,18.200194,5931.996468431,5931.996468431,ac,0.94217699,5.65306193,141316,0.19998507,141316,0.94217699,202.6
90,0,18.200194,5931.996468431,5931.996468431,ad,0.95179104,3.80716416,95172,0.19998507,95172,0.95179104,202.6
90,0,18.200194,5931.996468431,5931.996468431,bc,0.94217699,5.65306193,141316,0.19998507,141316,0.94217699,202.6
90,0,18.200194,5931.996468431,5931.996468431,bd,0.95179104,5.71074624,142758,0.19998507,142758,0.95179104,202.6
90,0,18.200194,5931.996468431,5931.996468431,vC,0.82200135,6.57601082,164388,0.19998507,164388,0.82200135,202.6
90,0,18.200194,5931.996468431,5931.996468431,vD,0.85565053,5.13390318,128338,0.19998507,128338,0.85565053,202.6
91,0,18.400264,5932.196538296,5932.196538296,uA,0.82165298,6.57322381,164388,0.20006987,164388,0.82165298,293.7
91,0,18.400264,5932.196538296,5932.196538296,uB,0.84567792,5.07406750,126896,0.20006987,126896,0.84567792,293.7
91,0,18.400264,5932.196538296,5932.196538296,ac,0.95138766,5.70832594,142758,0.20006987,142758,0.95138766,293.7
91,0,18.400264,5932.196538296,5932.196538296,ad,0.95138766,3.80555063,95172,0.20006987,95172,0.95138766,293.7
91,0,18.400264,5932.196538296,5932.196538296,bc,0.94177768,5.65066608,141316,0.20006987,141316,0.94177768,293.7
91,0,18.400264,5932.196538296,5932.196538296,bd,0.95138766,5.70832594,142758,0.20006987,142758,0.95138766,293.7
91,0,18.400264,5932.196538296,5932.196538296,vC,0.82165298,6.57322381,164388,0.20006987,164388,0.82165298,293.7
91,0,18.400264,5932.196538296,5932.196538296,vD,0.85528789,5.13172736,128338,0.20006987,128338,0.85528789,293.7
92,0,18.600210,5932.396483782,5932.396483782,uA,0.82937606,6.63500850,165830,0.19994549,165830,0.82937606,187.9
92,0,18.600210,5932.396483782,5932.396483782,uB,0.84620398,5.07722390,126896,0.19994549,126896,0.84620398,187.9
92,0,18.600210,5932.396483782,5932.396483782,ac,0.94236353,5.65418116,141316,0.19994549,141316,0.94236353,187.9
92,0,18.600210,5932.396483782,5932.396483782,ad,0.96640341,3.86561365,96614,0.19994549,96614,0.96640341,187.9
92,0,18.600210,5932.396483782,5932.396483782,bc,0.94236353,5.65418116,141316,0.19994549,141316,0.94236353,187.9
92,0,18.600210,5932.396483782,5932.396483782,bd,0.95197948,5.71187689,142758,0.19994549,142758,0.95197948,187.9
92,0,18.600210,5932.396483782,5932.396483782,vC,0.82216410,6.57731278,164388,0.19994549,164388,0.82216410,187.9
92,0,18.600210,5932.396483782,5932.396483782,vD,0.85581994,5.13491963,128338,0.19994549,128338,0.85581994,187.9
93,0,18.800200,5932.596474211,5932.596474211,uA,0.82197934,6.57583470,164388,0.19999043,164388,0.82197934,199.7
93,0,18.800200,5932.596474211,5932.596474211,uB,0.84601382,5.07608293,126896,0.19999043,126896,0.84601382,199.7
93,0,18.800200,5932.596474211,5932.596474211,ac,0.95176555,5.71059329,142758,0.19999043,142758,0.95176555,199.7
93,0,18.800200,5932.596474211,5932.596474211,ad,0.95176555,3.80706220,95172,0.19999043,95172,0.95176555,199.7
93,0,18.800200,5932.596474211,5932.596474211,bc,0.94215176,5.65291053,141316,0.19999043,141316,0.94215176,199.7
93,0,18.800200,5932.596474211,5932.596474211,bd,0.95176555,5.71059329,142758,0.19999043,142758,0.95176555,199.7
93,0,18.800200,5932.596474211,5932.596474211,vC,0.82918968,6.63351746,165830,0.19999043,165830,0.82918968,199.7
93,0,18.800200,5932.596474211,5932.596474211,vD,0.85562761,5.13376569,128338,0.19999043,128338,0.85562761,199.7
94,0,19.000216,5932.796490467,5932.796490467,uA,0.82187320,6.57498559,164388,0.20001626,164388,0.82187320,231.7
94,0,19.000216,5932.796490467,5932.796490467,uB,0.84590458,5.07542747,126896,0.20001626,126896,0.84590458,231.7
94,0,19.000216,5932.796490467,5932.796490467,ac,0.94203010,5.65218059,141316,0.20001626,141316,0.94203010,231.7
94,0,19.000216,5932.796490467,5932.796490467,ad,0.96606148,3.86424591,96614,0.20001626,96614,0.96606148,231.7
94,0,19.000216,5932.796490467,5932.796490467,bc,0.94203010,5.65218059,141316,0.20001626,141316,0.94203010,231.7
94,0,19.000216,5932.796490467,5932.796490467,bd,0.96125520,5.76753122,144200,0.20001626,144200,0.96125520,231.7
94,0,19.000216,5932.796490467,5932.796490467,vC,0.82187320,6.57498559,164388,0.20001626,164388,0.82187320,231.7
94,0,19.000216,5932.796490467,5932.796490467,vD,0.85551713,5.13310278,128338,0.20001626,128338,0.85551713,231.7
95,0,19.200214,5932.996488481,5932.996488481,uA,0.82194816,6.57558526,164388,0.19999801,164388,0.82194816,218.6
95,0,19.200214,5932.996488481,5932.996488481,uB,0.83636830,5.01820981,125454,0.19999801,125454,0.83636830,218.6
95,0,19.200214,5932.996488481,5932.996488481,ac,0.95172945,5.71037668,142758,0.19999801,142758,0.95172945,218.6
95,0,19.200214,5932.996488481,5932.996488481,ad,0.95172945,3.80691778,95172,0.19999801,95172,0.95172945,218.6
95,0,19.200214,5932.996488481,5932.996488481,bc,0.94211602,5.65269610,141316,0.19999801,141316,0.94211602,218.6
95,0,19.200214,5932.996488481,5932.996488481,bd,0.95172945,5.71037668,142758,0.19999801,142758,0.95172945,218.6
95,0,19.200214,5932.996488481,5932.996488481,vC,0.82194816,6.57558526,164388,0.19999801,164388,0.82194816,218.6
95,0,19.200214,5932.996488481,5932.996488481,vD,0.85559516,5.13357095,128338,0.19999801,128338,0.85559516,218.6
96,0,19.400201,5933.196474832,5933.196474832,uA,0.82920659,6.63365271,165830,0.19998635,165830,0.82920659,207.3
96,0,19.400201,5933.196474832,5933.196474832,uB,0.84603107,5.07618642,126896,0.19998635,126896,0.84603107,207.3
96,0,19.400201,5933.196474832,5933.196474832,ac,0.95178495,5.71070973,142758,0.19998635,142758,0.95178495,207.3
96,0,19.400201,5933.196474832,5933.196474832,ad,0.96620594,3.86482375,96614,0.19998635,96614,0.96620594,207.3
96,0,19.400201,5933.196474832,5933.196474832,bc,0.94217097,5.65302579,141316,0.19998635,141316,0.94217097,207.3
96,0,19.400201,5933.196474832,5933.196474832,bd,0.95178495,5.71070973,142758,0.19998635,142758,0.95178495,207.3
96,0,19.400201,5933.196474832,5933.196474832,vC,0.82920659,6.63365271,165830,0.19998635,165830,0.82920659,207.3
96,0,19.400201,5933.196474832,5933.196474832,vD,0.85564506,5.13387036,128338,0.19998635,128338,0.85564506,207.3
97,0,19.600205,5933.396479646,5933.396479646,uA,0.82192022,6.57536173,164388,0.20000481,164388,0.82192022,208.9
97,0,19.600205,5933.396479646,5933.396479646,uB,0.84595297,5.07571783,126896,0.20000481,126896,0.84595297,208.9
97,0,19.600205,5933.396479646,5933.396479646,ac,0.94208399,5.65250394,141316,0.20000481,141316,0.94208399,208.9
97,0,19.600205,5933.396479646,5933.396479646,ad,0.95169709,3.80678837,95172,0.20000481,95172,0.95169709,208.9
97,0,19.600205,5933.396479646,5933.396479646,bc,0.94208399,5.65250394,141316,0.20000481,141316,0.94208399,208.9
97,0,19.600205,5933.396479646,5933.396479646,bd,0.95169709,5.71018256,142758,0.20000481,142758,0.95169709,208.9
97,0,19.600205,5933.396479646,5933.396479646,vC,0.82192022,6.57536173,164388,0.20000481,164388,0.82192022,208.9
97,0,19.600205,5933.396479646,5933.396479646,vD,0.85556607,5.13339644,128338,0.20000481,128338,0.85556607,208.9
98,0,19.800175,5933.596449074,5933.596449074,uA,0.82206567,6.57652532,164388,0.19996943,164388,0.82206567,212.8
98,0,19.800175,5933.596449074,5933.596449074,uB,0.84610267,5.07661604,126896,0.19996943,126896,0.84610267,212.8
98,0,19.800175,5933.596449074,5933.596449074,ac,0.95186551,5.71119304,142758,0.19996943,142758,0.95186551,212.8
98,0,19.800175,5933.596449074,5933.596449074,ad,0.95186551,3.80746203,95172,0.19996943,95172,0.95186551,212.8
98,0,19.800175,5933.596449074,5933.596449074,bc,0.94225070,5.65350422,141316,0.19996943,141316,0.94225070,212.8
98,0,19.800175,5933.596449074,5933.596449074,bd,0.95186551,5.71119304,142758,0.19996943,142758,0.95186551,212.8
98,0,19.800175,5933.596449074,5933.596449074,vC,0.82206567,6.57652532,164388,0.19996943,164388,0.82206567,212.8
98,0,19.800175,5933.596449074,5933.596449074,vD,0.85571748,5.13430486,128338,0.19996943,128338,0.85571748,212.8
99,0,20.000220,5933.796494527,5933.796494527,uA,0.82896160,6.63169283,165830,0.20004545,165830,0.82896160,221.4
99,0,20.000220,5933.796494527,5933.796494527,uB,0.84578111,5.07468669,126896,0.20004545,126896,0.84578111,221.4
99,0,20.000220,5933.796494527,5933.796494527,ac,0.94189261,5.65135563,141316,0.20004545,141316,0.94189261,221.4
99,0,20.000220,5933.796494527,5933.796494527,ad,0.96592048,3.86368191,96614,0.20004545,96614,0.96592048,221.4
99,0,20.000220,5933.796494527,5933.796494527,bc,0.94189261,5.65135563,141316,0.20004545,141316,0.94189261,221.4
99,0,20.000220,5933.796494527,5933.796494527,bd,0.95150375,5.70902252,142758,0.20004545,142758,0.95150375,221.4
99,0,20.000220,5933.796494527,5933.796494527,vC,0.82175324,6.57402594,164388,0.20004545,164388,0.82175324,221.4
99,0,20.000220,5933.796494527,5933.796494527,vD,0.85539226,5.13235358,128338,0.20004545,128338,0.85539226,221.4
100,0,20.200205,5933.996479150,5933.996479150,uA,0.82200320,6.57602560,164388,0.19998462,164388,0.82200320,209.5
100,0,20.200205,5933.996479150,5933.996479150,uB,0.84603838,5.07623029,126896,0.19998462,126896,0.84603838,209.5
100,0,20.200205,5933.996479150,5933.996479150,ac,0.95179318,5.71075907,142758,0.19998462,142758,0.95179318,209.5
100,0,20.200205,5933.996479150,5933.996479150,ad,0.95179318,3.80717271,95172,0.19998462,95172,0.95179318,209.5
100,0,20.200205,5933.996479150,5933.996479150,bc,0.94217911,5.65307464,141316,0.19998462,141316,0.94217911,209.5
100,0,20.200205,5933.996479150,5933.996479150,bd,0.95179318,5.71075907,142758,0.19998462,142758,0.95179318,209.5
100,0,20.200205,5933.996479150,5933.996479150,vC,0.82921375,6.63371003,165830,0.19998462,165830,0.82921375,209.5
100,0,20.200205,5933.996479150,5933.996479150,vD,0.84603838,5.07623029,126896,0.19998462,126896,0.84603838,209.5
101,0,20.400210,5934.196484615,5934.196484615,uA,0.82191754,6.57534035,164388,0.20000546,164388,0.82191754,232.2
101,0,20.400210,5934.196484615,5934.196484615,uB,0.84595022,5.07570132,126896,0.20000546,125454,0.83633715,232.2
101,0,20.400210,5934.196484615,5934.196484615,ac,0.94208093,5.65248556,141316,0.20000546,141316,0.94208093,232.2
101,0,20.400210,5934.196484615,5934.196484615,ad,0.96611360,3.86445441,96614,0.20000546,96614,0.96611360,232.2
101,0,20.400210,5934.196484615,5934.196484615,bc,0.94208093,5.65248556,141316,0.20000546,141316,0.94208093,232.2
101,0,20.400210,5934.196484615,5934.196484615,bd,0.95169400,5.71016398,142758,0.20000546,142758,0.95169400,232.2
101,0,20.400210,5934.196484615,5934.196484615,vC,0.82191754,6.57534035,164388,0.20000546,164388,0.82191754,232.2
101,0,20.400210,5934.196484615,5934.196484615,vD,0.85556329,5.13337974,128338,0.20000546,128338,0.85556329,232.2
102,0,20.600220,5934.396493789,5934.396493789,uA,0.82190230,6.57521839,164388,0.20000917,164388,0.82190230,245.6
102,0,20.600220,5934.396493789,5934.396493789,uB,0.83632164,5.01792983,125454,0.20000917,126896,0.84593453,245.6
102,0,20.600220,5934.396493789,5934.396493789,ac,0.95167635,5.71005808,142758,0.20000917,142758,0.95167635,245.6
102,0,20.600220,5934.396493789,5934.396493789,ad,0.95167635,3.80670539,95172,0.20000917,95172,0.95167635,245.6
102,0,20.600220,5934.396493789,5934.396493789,bc,0.95167635,5.71005808,142758,0.20000917,142758,0.95167635,245.6
102,0,20.600220,5934.396493789,5934.396493789,bd,0.95167635,5.71005808,142758,0.20000917,142758,0.95167635,245.6
102,0,20.600220,5934.396493789,5934.396493789,vC,0.82190230,6.57521839,164388,0.20000917,164388,0.82190230,245.6
102,0,20.600220,5934.396493789,5934.396493789,vD,0.85554742,5.13328454,128338,0.20000917,128338,0.85554742,245.6
103,0,20.800215,5934.596488892,5934.596488892,uA,0.82917030,6.63336240,165830,0.19999510,165830,0.82917030,239.5
103,0,20.800215,5934.596488892,5934.596488892,uB,0.84599405,5.07596427,126896,0.19999510,126896,0.84599405,239.5
103,0,20.800215,5934.596488892,5934.596488892,ac,0.95174330,5.71045981,142758,0.19999510,142758,0.95174330,239.5
103,0,20.800215,5934.596488892,5934.596488892,ad,0.96616365,3.86465462,96614,0.19999510,96614,0.96616365,239.5
103,0,20.800215,5934.596488892,5934.596488892,bc,0.94212973,5.65277839,141316,0.19999510,141316,0.94212973,239.5
103,0,20.800215,5934.596488892,5934.596488892,bd,0.96135687,5.76814122,144200,0.19999510,144200,0.96135687,239.5
103,0,20.800215,5934.596488892,5934.596488892,vC,0.82917030,6.63336240,165830,0.19999510,165830,0.82917030,239.5
103,0,20.800215,5934.596488892,5934.596488892,vD,0.85560761,5.13364568,128338,0.19999510,128338,0.85560761,239.5
104,0,21.000206,5934.796480343,5934.796480343,uA,0.82197514,6.57580108,164388,0.19999145,164388,0.82197514,206.5
104,0,21.000206,5934.796480343,5934.796480343,uB,0.84600950,5.07605698,126896,0.19999145,126896,0.84600950,206.5
104,0,21.000206,5934.796480343,5934.796480343,ac,0.94214694,5.65288163,141316,0.19999145,141316,0.94214694,206.5
104,0,21.000206,5934.796480343,5934.796480343,ad,0.95176068,3.80704273,95172,0.19999145,95172,0.95176068,206.5
104,0,21.000206,5934.796480343,5934.796480343,bc,0.94214694,5.65288163,141316,0.19999145,141316,0.94214694,206.5
104,0,21.000206,5934.796480343,5934.796480343,bd,0.95176068,5.71056410,142758,0.19999145,142758,0.95176068,206.5
104,0,21.000206,5934.796480343,5934.796480343,vC,0.82197514,6.57580108,164388,0.19999145,164388,0.82197514,206.5
104,0,21.000206,5934.796480343,5934.796480343,vD,0.85562324,5.13373944,128338,0.19999145,128338,0.85562324,206.5
105,0,21.200191,5934.996465161,5934.996465161,uA,0.82200240,6.57601920,164388,0.19998482,164388,0.82200240,201.2
105,0,21.200191,5934.996465161,5934.996465161,uB,0.84603756,5.07622535,126896,0.19998482,126896,0.84603756,201.2
105,0,21.200191,5934.996465161,5934.996465161,ac,0.95179225,5.71075352,142758,0.19998482,142758,0.95179225,201.2
105,0,21.200191,5934.996465161,5934.996465161,ad,0.95179225,3.80716901,95172,0.19998482,95172,0.95179225,201.2
105,0,21.200191,5934.996465161,5934.996465161,bc,0.94217819,5.65306914,141316,0.19998482,141316,0.94217819,201.2
105,0,21.200191,5934.996465161,5934.996465161,bd,0.95179225,5.71075352,142758,0.19998482,142758,0.95179225,201.2
105,0,21.200191,5934.996465161,5934.996465161,vC,0.82200240,6.57601920,164388,0.19998482,164388,0.82200240,201.2
105,0,21.200191,5934.996465161,5934.996465161,vD,0.85565162,5.13390973,128338,0.19998482,128338,0.85565162,201.2
106,0,21.400183,5935.196457587,5935.196457587,uA,0.82918140,6.63345118,165830,0.19999243,165830,0.82918140,223.2
106,0,21.400183,5935.196457587,5935.196457587,uB,0.84600537,5.07603220,126896,0.19999243,126896,0.84600537,223.2
106,0,21.400183,5935.196457587,5935.196457587,ac,0.94214234,5.65285405,141316,0.19999243,141316,0.94214234,223.2
106,0,21.400183,5935.196457587,5935.196457587,ad,0.96617658,3.86470634,96614,0.19999243,96614,0.96617658,223.2
106,0,21.400183,5935.196457587,5935.196457587,bc,0.94214234,5.65285405,141316,0.19999243,141316,0.94214234,223.2
106,0,21.400183,5935.196457587,5935.196457587,bd,0.95175604,5.71053623,142758,0.19999243,142758,0.95175604,223.2
106,0,21.400183,5935.196457587,5935.196457587,vC,0.82197112,6.57576899,164388,0.19999243,164388,0.82197112,223.2
106,0,21.400183,5935.196457587,5935.196457587,vD,0.85561906,5.13371439,128338,0.19999243,128338,0.85561906,223.2
107,0,21.600198,5935.396472039,5935.396472039,uA,0.82188061,6.57504489,164388,0.20001445,164388,0.82188061,198.9
107,0,21.600198,5935.396472039,5935.396472039,uB,0.84591221,5.07547325,126896,0.20001445,126896,0.84591221,198.9
107,0,21.600198,5935.396472039,5935.396472039,ac,0.95165123,5.70990740,142758,0.20001445,142758,0.95165123,198.9
107,0,21.600198,5935.396472039,5935.396472039,ad,0.95165123,3.80660493,95172,0.20001445,95172,0.95165123,198.9
107,0,21.600198,5935.396472039,5935.396472039,bc,0.94203859,5.65223157,141316,0.20001445,141316,0.94203859,198.9
107,0,21.600198,5935.396472039,5935.396472039,bd,0.95165123,5.70990740,142758,0.20001445,142758,0.95165123,198.9
107,0,21.600198,5935.396472039,5935.396472039,vC,0.82909009,6.63272072,165830,0.20001445,165830,0.82909009,198.9
107,0,21.600198,5935.396472039,5935.396472039,vD,0.85552485,5.13314908,128338,0.20001445,128338,0.85552485,198.9
108,0,21.800221,5935.596495493,5935.596495493,uA,0.82184363,6.57474901,164388,0.20002345,164388,0.82184363,245.1
108,0,21.800221,5935.596495493,5935.596495493,uB,0.84587414,5.07524485,126896,0.20002345,126896,0.84587414,245.1
108,0,21.800221,5935.596495493,5935.596495493,ac,0.94199620,5.65197722,141316,0.20002345,141316,0.94199620,245.1
108,0,21.800221,5935.596495493,5935.596495493,ad,0.96602672,3.86410688,96614,0.20002345,96614,0.96602672,245.1
108,0,21.800221,5935.596495493,5935.596495493,bc,0.94199620,5.65197722,141316,0.20002345,141316,0.94199620,245.1
108,0,21.800221,5935.596495493,5935.596495493,bd,0.95160841,5.70965046,142758,0.20002345,142758,0.95160841,245.1
108,0,21.800221,5935.596495493,5935.596495493,vC,0.82184363,6.57474901,164388,0.20002345,164388,0.82184363,245.1
108,0,21.800221,5935.596495493,5935.596495493,vD,0.85548635,5.13291809,128338,0.20002345,128338,0.85548635,245.1
109,0,22.000216,5935.796490714,5935.796490714,uA,0.82195964,6.57567713,164388,0.19999522,164388,0.82195964,225.5
109,0,22.000216,5935.796490714,5935.796490714,uB,0.83637999,5.01827991,125454,0.19999522,125454,0.83637999,225.5
109,0,22.000216,5935.796490714,5935.796490714,ac,0.95174274,5.71045645,142758,0.19999522,142758,0.95174274,225.5
109,0,22.000216,5935.796490714,5935.796490714,ad,0.95174274,3.80697097,95172,0.19999522,95172,0.95174274,225.5
109,0,22.000216,5935.796490714,5935.796490714,bc,0.94212918,5.65277507,141316,0.19999522,141316,0.94212918,225.5
109,0,22.000216,5935.796490714,5935.796490714,bd,0.95174274,5.71045645,142758,0.19999522,142758,0.95174274,225.5
109,0,22.000216,5935.796490714,5935.796490714,vC,0.82195964,6.57567713,164388,0.19999522,164388,0.82195964,225.5
109,0,22.000216,5935.796490714,5935.796490714,vD,0.85560711,5.13364267,128338,0.19999522,128338,0.85560711,225.5
110,0,22.200200,5935.996473981,5935.996473981,uA,0.82921938,6.63375501,165830,0.19998327,165830,0.82921938,206.1
110,0,22.200200,5935.996473981,5935.996473981,uB,0.84604412,5.07626471,126896,0.19998327,126896,0.84604412,206.1
110,0,22.200200,5935.996473981,5935.996473981,ac,0.95179963,5.71079779,142758,0.19998327,142758,0.95179963,206.1
110,0,22.200200,5935.996473981,5935.996473981,ad,0.96622084,3.86488336,96614,0.19998327,96614,0.96622084,206.1
110,0,22.200200,5935.996473981,5935.996473981,bc,0.94218549,5.65311297,141316,0.19998327,141316,0.94218549,206.1
110,0,22.200200,5935.996473981,5935.996473981,bd,0.95179963,5.71079779,142758,0.19998327,142758,0.95179963,206.1
110,0,22.200200,5935.996473981,5935.996473981,vC,0.82921938,6.63375501,165830,0.19998327,165830,0.82921938,206.1
110,0,22.200200,5935.996473981,5935.996473981,vD,0.85565826,5.13394953,128338,0.19998327,128338,0.85565826,206.1
111,0,22.400193,5936.196466940,5936.196466940,uA,0.82196894,6.57575150,164388,0.19999296,164388,0.82196894,192.5
111,0,22.400193,5936.196466940,5936.196466940,uB,0.84600312,5.07601870,126896,0.19999296,126896,0.84600312,192.5
111,0,22.400193,5936.196466940,5936.196466940,ac,0.94213983,5.65283901,141316,0.19999296,141316,0.94213983,192.5
111,0,22.400193,5936.196466940,5936.196466940,ad,0.95175351,3.80701403,95172,0.19999296,95172,0.95175351,192.5
111,0,22.400193,5936.196466940,5936.196466940,bc,0.94213983,5.65283901,141316,0.19999296,141316,0.94213983,192.5
111,0,22.400193,5936.196466940,5936.196466940,bd,0.95175351,5.71052104,142758,0.19999296,142758,0.95175351,192.5
111,0,22.400193,5936.196466940,5936.196466940,vC,0.82196894,6.57575150,164388,0.19999296,164388,0.82196894,192.5
111,0,22.400193,5936.196466940,5936.196466940,vD,0.85561679,5.13370073,128338,0.19999296,128338,0.85561679,192.5
112,0,22.600224,5936.396497888,5936.396497888,uA,0.82181283,6.57450266,164388,0.20003095,164388,0.82181283,249.5
112,0,22.600224,5936.396497888,5936.396497888,uB,0.84584245,5.07505469,126896,0.20003095,126896,0.84584245,249.5
112,0,22.600224,5936.396497888,5936.396497888,ac,0.95157275,5.70943652,142758,0.20003095,142758,0.95157275,249.5
112,0,22.600224,5936.396497888,5936.396497888,ad,0.95157275,3.80629101,95172,0.20003095,95172,0.95157275,249.5
112,0,22.600224,5936.396497888,5936.396497888,bc,0.94196091,5.65176545,141316,0.20003095,141316,0.94196091,249.5
112,0,22.600224,5936.396497888,5936.396497888,bd,0.96118460,5.76710760,144200,0.20003095,144200,0.96118460,249.5
112,0,22.600224,5936.396497888,5936.396497888,vC,0.82181283,6.57450266,164388,0.20003095,164388,0.82181283,249.5
112,0,22.600224,5936.396497888,5936.396497888,vD,0.85545429,5.13272576,128338,0.20003095,128338,0.85545429,249.5
113,0,22.800168,5936.596442325,5936.596442325,uA,0.82938041,6.63504331,165830,0.19994444,165830,0.82938041,201.5
113,0,22.800168,5936.596442325,5936.596442325,uB,0.84620842,5.07725054,126896,0.19994444,126896,0.84620842,201.5
113,0,22.800168,5936.596442325,5936.596442325,ac,0.94236847,5.65421082,141316,0.19994444,141316,0.94236847,201.5
113,0,22.800168,5936.596442325,5936.596442325,ad,0.96640848,3.86563393,96614,0.19994444,96614,0.96640848,201.5
113,0,22.800168,5936.596442325,5936.596442325,bc,0.94236847,5.65421082,141316,0.19994444,141316,0.94236847,201.5
113,0,22.800168,5936.596442325,5936.596442325,bd,0.95198448,5.71190685,142758,0.19994444,142758,0.95198448,201.5
113,0,22.800168,5936.596442325,5936.596442325,vC,0.82216841,6.57734729,164388,0.19994444,164388,0.82216841,201.5
113,0,22.800168,5936.596442325,5936.596442325,vD,0.85582443,5.13494657,128338,0.19994444,128338,0.85582443,201.5
114,0,23.000217,5936.796491717,5936.796491717,uA,0.82173706,6.57389649,164388,0.20004939,164388,0.82173706,229.3
114,0,23.000217,5936.796491717,5936.796491717,uB,0.84576446,5.07458677,126896,0.20004939,126896,0.84576446,229.3
114,0,23.000217,5936.796491717,5936.796491717,ac,0.95148502,5.70891011,142758,0.20004939,142758,0.95148502,229.3
114,0,23.000217,5936.796491717,5936.796491717,ad,0.95148502,3.80594008,95172,0.20004939,95172,0.95148502,229.3
114,0,23.000217,5936.796491717,5936.796491717,bc,0.94187406,5.65124435,141316,0.20004939,141316,0.94187406,229.3
114,0,23.000217,5936.796491717,5936.796491717,bd,0.95148502,5.70891011,142758,0.20004939,142758,0.95148502,229.3
114,0,23.000217,5936.796491717,5936.796491717,vC,0.82894528,6.63156225,165830,0.20004939,165830,0.82894528,229.3
114,0,23.000217,5936.796491717,5936.796491717,vD,0.85537542,5.13225253,128338,0.20004939,128338,0.85537542,229.3
115,0,23.200211,5936.996485260,5936.996485260,uA,0.82196654,6.57573230,164388,0.19999354,164388,0.82196654,215.6
115,0,23.200211,5936.996485260,5936.996485260,uB,0.84600065,5.07600388,126896,0.19999354,126896,0.84600065,215.6
115,0,23.200211,5936.996485260,5936.996485260,ac,0.94213708,5.65282250,141316,0.19999354,141316,0.94213708,215.6
115,0,23.200211,5936.996485260,5936.996485260,ad,0.96617119,3.86468477,96614,0.19999354,96614,0.96617119,215.6
115,0,23.200211,5936.996485260,5936.996485260,bc,0.94213708,5.65282250,141316,0.19999354,141316,0.94213708,215.6
115,0,23.200211,5936.996485260,5936.996485260,bd,0.95175073,5.71050436,142758,0.19999354,142758,0.95175073,215.6
115,0,23.200211,5936.996485260,5936.996485260,vC,0.82196654,6.57573230,164388,0.19999354,164388,0.82196654,215.6
115,0,23.200211,5936.996485260,5936.996485260,vD,0.84600065,5.07600388,126896,0.19999354,126896,0.84600065,215.6
116,0,23.400207,5937.196481536,5937.196481536,uA,0.82195530,6.57564244,164388,0.19999628,164388,0.82195530,221.5
116,0,23.400207,5937.196481536,5937.196481536,uB,0.83637557,5.01825344,125454,0.19999628,125454,0.83637557,221.5
116,0,23.400207,5937.196481536,5937.196481536,ac,0.95173772,5.71042633,142758,0.19999628,142758,0.95173772,221.5
116,0,23.400207,5937.196481536,5937.196481536,ad,0.95173772,3.80695089,95172,0.19999628,95172,0.95173772,221.5
116,0,23.400207,5937.196481536,5937.196481536,bc,0.94212421,5.65274525,141316,0.19999628,141316,0.94212421,221.5
116,0,23.400207,5937.196481536,5937.196481536,bd,0.95173772,5.71042633,142758,0.19999628,142758,0.95173772,221.5
116,0,23.400207,5937.196481536,5937.196481536,vC,0.82195530,6.57564244,164388,0.19999628,164388,0.82195530,221.5
116,0,23.400207,5937.196481536,5937.196481536,vD,0.85560260,5.13361559,128338,0.19999628,128338,0.85560260,221.5
117,0,23.600189,5937.396463701,5937.396463701,uA,0.82922394,6.63379155,165830,0.19998217,165830,0.82922394,191.6
117,0,23.600189,5937.396463701,5937.396463701,uB,0.84604878,5.07629267,126896,0.19998217,126896,0.84604878,191.6
117,0,23.600189,5937.396463701,5937.396463701,ac,0.95180487,5.71082925,142758,0.19998217,142758,0.95180487,191.6
117,0,23.600189,5937.396463701,5937.396463701,ad,0.96622616,3.86490464,96614,0.19998217,96614,0.96622616,191.6
117,0,23.600189,5937.396463701,5937.396463701,bc,0.94219068,5.65314411,141316,0.19998217,141316,0.94219068,191.6
117,0,23.600189,5937.396463701,5937.396463701,bd,0.95180487,5.71082925,142758,0.19998217,142758,0.95180487,191.6
117,0,23.600189,5937.396463701,5937.396463701,vC,0.82922394,6.63379155,165830,0.19998217,165830,0.82922394,191.6
117,0,23.600189,5937.396463701,5937.396463701,vD,0.85566297,5.13397781,128338,0.19998217,128338,0.85566297,191.6
118,0,23.800201,5937.596474875,5937.596474875,uA,0.82189408,6.57515266,164388,0.20001117,164388,0.82189408,207.2
118,0,23.800201,5937.596474875,5937.596474875,uB,0.84592607,5.07555644,126896,0.20001117,126896,0.84592607,207.2
118,0,23.800201,5937.596474875,5937.596474875,ac,0.94205404,5.65232422,141316,0.20001117,141316,0.94205404,207.2
118,0,23.800201,5937.596474875,5937.596474875,ad,0.95166683,3.80666733,95172,0.20001117,95172,0.95166683,207.2
118,0,23.800201,5937.596474875,5937.596474875,bc,0.94205404,5.65232422,141316,0.20001117,141316,0.94205404,207.2
118,0,23.800201,5937.596474875,5937.596474875,bd,0.95166683,5.71000100,142758,0.20001117,142758,0.95166683,207.2
118,0,23.800201,5937.596474875,5937.596474875,vC,0.82189408,6.57515266,164388,0.20001117,164388,0.82189408,207.2
118,0,23.800201,5937.596474875,5937.596474875,vD,0.85553887,5.13323322,128338,0.20001117,128338,0.85553887,207.2
119,0,24.000200,5937.796474607,5937.796474607,uA,0.82194110,6.57552879,164388,0.19999973,164388,0.82194110,211.6
119,0,24.000200,5937.796474607,5937.796474607,uB,0.84597446,5.07584679,126896,0.19999973,126896,0.84597446,211.6
119,0,24.000200,5937.796474607,5937.796474607,ac,0.95172127,5.71032764,142758,0.19999973,142758,0.95172127,211.6
119,0,24.000200,5937.796474607,5937.796474607,ad,0.95172127,3.80688509,95172,0.19999973,95172,0.95172127,211.6
119,0,24.000200,5937.796474607,5937.796474607,bc,0.94210793,5.65264756,141316,0.19999973,141316,0.94210793,211.6
119,0,24.000200,5937.796474607,5937.796474607,bd,0.95172127,5.71032764,142758,0.19999973,142758,0.95172127,211.6
119,0,24.000200,5937.796474607,5937.796474607,vC,0.82194110,6.57552879,164388,0.19999973,164388,0.82194110,211.6
119,0,24.000200,5937.796474607,5937.796474607,vD,0.85558781,5.13352687,128338,0.19999973,128338,0.85558781,211.6
120,0,24.200175,5937.996449078,5937.996449078,uA,0.82925585,6.63404682,165830,0.19997447,165830,0.82925585,209.2
120,0,24.200175,5937.996449078,5937.996449078,uB,0.84608133,5.07648800,126896,0.19997447,126896,0.84608133,209.2
120,0,24.200175,5937.996449078,5937.996449078,ac,0.94222694,5.65336164,141316,0.19997447,141316,0.94222694,209.2
120,0,24.200175,5937.996449078,5937.996449078,ad,0.96626334,3.86505336,96614,0.19997447,96614,0.96626334,209.2
120,0,24.200175,5937.996449078,5937.996449078,bc,0.94222694,5.65336164,141316,0.19997447,141316,0.94222694,209.2
120,0,24.200175,5937.996449078,5937.996449078,bd,0.95184150,5.71104900,142758,0.19997447,142758,0.95184150,209.2
120,0,24.200175,5937.996449078,5937.996449078,vC,0.82204493,6.57635946,164388,0.19997447,164388,0.82204493,209.2
120,0,24.200175,5937.996449078,5937.996449078,vD,0.85569589,5.13417536,128338,0.19997447,128338,0.85569589,209.2
121,0,24.400192,5938.196466146,5938.196466146,uA,0.82186986,6.57495889,164388,0.20001707,164388,0.82186986,204.9
121,0,24.400192,5938.196466146,5938.196466146,uB,0.84590114,5.07540686,126896,0.20001707,126896,0.84590114,204.9
121,0,24.400192,5938.196466146,5938.196466146,ac,0.95163879,5.70983272,142758,0.20001707,142758,0.95163879,204.9
121,0,24.400192,5938.196466146,5938.196466146,ad,0.95163879,3.80655515,95172,0.20001707,95172,0.95163879,204.9
121,0,24.400192,5938.196466146,5938.196466146,bc,0.94202627,5.65215764,141316,0.20001707,141316,0.94202627,204.9
121,0,24.400192,5938.196466146,5938.196466146,bd,0.95163879,5.70983272,142758,0.20001707,142758,0.95163879,204.9
121,0,24.400192,5938.196466146,5938.196466146,vC,0.82907925,6.63263397,165830,0.20001707,165830,0.82907925,204.9
121,0,24.400192,5938.196466146,5938.196466146,vD,0.85551366,5.13308194,128338,0.20001707,128338,0.85551366,204.9
122,0,24.600195,5938.396469336,5938.396469336,uA,0.82192689,6.57541514,164388,0.20000319,164388,0.82192689,194.9
122,0,24.600195,5938.396469336,5938.396469336,uB,0.83634666,5.01807997,125454,0.20000319,125454,0.83634666,194.9
122,0,24.600195,5938.396469336,5938.396469336,ac,0.94209164,5.65254986,141316,0.20000319,141316,0.94209164,194.9
122,0,24.600195,5938.396469336,5938.396469336,ad,0.96612459,3.86449837,96614,0.20000319,96614,0.96612459,194.9
122,0,24.600195,5938.396469336,5938.396469336,bc,0.94209164,5.65254986,141316,0.20000319,141316,0.94209164,194.9
122,0,24.600195,5938.396469336,5938.396469336,bd,0.96131800,5.76790802,144200,0.20000319,144200,0.96131800,194.9
122,0,24.600195,5938.396469336,5938.396469336,vC,0.82192689,6.57541514,164388,0.20000319,164388,0.82192689,194.9
122,0,24.600195,5938.396469336,5938.396469336,vD,0.85557302,5.13343813,128338,0.20000319,128338,0.85557302,194.9
123,0,24.800173,5938.596447288,5938.596447288,uA,0.82203062,6.57624497,164388,0.19997795,164388,0.82203062,203.6
123,0,24.800173,5938.596447288,5938.596447288,uB,0.84606660,5.07639962,126896,0.19997795,126896,0.84606660,203.6
123,0,24.800173,5938.596447288,5938.596447288,ac,0.95182493,5.71094958,142758,0.19997795,142758,0.95182493,203.6
123,0,24.800173,5938.596447288,5938.596447288,ad,0.95182493,3.80729972,95172,0.19997795,95172,0.95182493,203.6
123,0,24.800173,5938.596447288,5938.596447288,bc,0.94221054,5.65326322,141316,0.19997795,141316,0.94221054,203.6
123,0,24.800173,5938.596447288,5938.596447288,bd,0.95182493,5.71094958,142758,0.19997795,142758,0.95182493,203.6
123,0,24.800173,5938.596447288,5938.596447288,vC,0.82203062,6.57624497,164388,0.19997795,164388,0.82203062,203.6
123,0,24.800173,5938.596447288,5938.596447288,vD,0.85568100,5.13408598,128338,0.19997795,128338,0.85568100,203.6
124,0,25.000199,5938.796473614,5938.796473614,uA,0.82904087,6.63232697,165830,0.20002633,165830,0.82904087,196.0
124,0,25.000199,5938.796473614,5938.796473614,uB,0.84586199,5.07517194,126896,0.20002633,126896,0.84586199,196.0
124,0,25.000199,5938.796473614,5938.796473614,ac,0.95159474,5.70956844,142758,0.20002633,142758,0.95159474,196.0
124,0,25.000199,5938.796473614,5938.796473614,ad,0.96601284,3.86405137,96614,0.20002633,96614,0.96601284,196.0
124,0,25.000199,5938.796473614,5938.796473614,bc,0.94198267,5.65189603,141316,0.20002633,141316,0.94198267,196.0
124,0,25.000199,5938.796473614,5938.796473614,bd,0.95159474,5.70956844,142758,0.20002633,142758,0.95159474,196.0
124,0,25.000199,5938.796473614,5938.796473614,vC,0.82904087,6.63232697,165830,0.20002633,165830,0.82904087,196.0
124,0,25.000199,5938.796473614,5938.796473614,vD,0.85547406,5.13284435,128338,0.20002633,128338,0.85547406,196.0
125,0,25.200190,5938.996464277,5938.996464277,uA,0.82197837,6.57582698,164388,0.19999066,164388,0.82197837,199.2
125,0,25.200190,5938.996464277,5938.996464277,uB,0.84601283,5.07607696,126896,0.19999066,126896,0.84601283,199.2
125,0,25.200190,5938.996464277,5938.996464277,ac,0.94215065,5.65290389,141316,0.19999066,141316,0.94215065,199.2
125,0,25.200190,5938.996464277,5938.996464277,ad,0.95176443,3.80705772,95172,0.19999066,95172,0.95176443,199.2
125,0,25.200190,5938.996464277,5938.996464277,bc,0.94215065,5.65290389,141316,0.19999066,141316,0.94215065,199.2
125,0,25.200190,5938.996464277,5938.996464277,bd,0.95176443,5.71058658,142758,0.19999066,142758,0.95176443,199.2
125,0,25.200190,5938.996464277,5938.996464277,vC,0.82197837,6.57582698,164388,0.19999066,164388,0.82197837,199.2
125,0,25.200190,5938.996464277,5938.996464277,vD,0.85562661,5.13375966,128338,0.19999066,128338,0.85562661,199.2
126,0,25.400162,5939.196436703,5939.196436703,uA,0.82205334,6.57642669,164388,0.19997243,164388,0.82205334,216.9
126,0,25.400162,5939.196436703,5939.196436703,uB,0.84608998,5.07653990,126896,0.19997243,126896,0.84608998,216.9
126,0,25.400162,5939.196436703,5939.196436703,ac,0.95185123,5.71110739,142758,0.19997243,142758,0.95185123,216.9
126,0,25.400162,5939.196436703,5939.196436703,ad,0.95185123,3.80740493,95172,0.19997243,95172,0.95185123,216.9
126,0,25.400162,5939.196436703,5939.196436703,bc,0.94223657,5.65341944,141316,0.19997243,141316,0.94223657,216.9
126,0,25.400162,5939.196436703,5939.196436703,bd,0.95185123,5.71110739,142758,0.19997243,142758,0.95185123,216.9
126,0,25.400162,5939.196436703,5939.196436703,vC,0.82205334,6.57642669,164388,0.19997243,164388,0.82205334,216.9
126,0,25.400162,5939.196436703,5939.196436703,vD,0.85570464,5.13422786,128338,0.19997243,128338,0.85570464,216.9
127,0,25.600230,5939.396504689,5939.396504689,uA,0.82886825,6.63094598,165830,0.20006799,165830,0.82886825,200.1
127,0,25.600230,5939.396504689,5939.396504689,uB,0.84568586,5.07411518,126896,0.20006799,126896,0.84568586,200.1
127,0,25.600230,5939.396504689,5939.396504689,ac,0.94178653,5.65071918,141316,0.20006799,141316,0.94178653,200.1
127,0,25.600230,5939.396504689,5939.396504689,ad,0.96581170,3.86324679,96614,0.20006799,96614,0.96581170,200.1
127,0,25.600230,5939.396504689,5939.396504689,bc,0.94178653,5.65071918,141316,0.20006799,141316,0.94178653,200.1
127,0,25.600230,5939.396504689,5939.396504689,bd,0.95139660,5.70837958,142758,0.20006799,142758,0.95139660,200.1
127,0,25.600230,5939.396504689,5939.396504689,vC,0.82166070,6.57328558,164388,0.20006799,164388,0.82166070,200.1
127,0,25.600230,5939.396504689,5939.396504689,vD,0.85529593,5.13177558,128338,0.20006799,128338,0.85529593,200.1
128,0,25.800214,5939.596488689,5939.596488689,uA,0.82200576,6.57604605,164388,0.19998400,164388,0.82200576,227.8
128,0,25.800214,5939.596488689,5939.596488689,uB,0.84604101,5.07624607,126896,0.19998400,126896,0.84604101,227.8
128,0,25.800214,5939.596488689,5939.596488689,ac,0.95179614,5.71077683,142758,0.19998400,142758,0.95179614,227.8
128,0,25.800214,5939.596488689,5939.596488689,ad,0.95179614,3.80718456,95172,0.19998400,95172,0.95179614,227.8
128,0,25.800214,5939.596488689,5939.596488689,bc,0.94218204,5.65309222,141316,0.19998400,141316,0.94218204,227.8
128,0,25.800214,5939.596488689,5939.596488689,bd,0.95179614,5.71077683,142758,0.19998400,142758,0.95179614,227.8
128,0,25.800214,5939.596488689,5939.596488689,vC,0.82921633,6.63373067,165830,0.19998400,165830,0.82921633,227.8
128,0,25.800214,5939.596488689,5939.596488689,vD,0.84604101,5.07624607,126896,0.19998400,126896,0.84604101,227.8
129,0,26.000217,5939.796491084,5939.796491084,uA,0.82193016,6.57544128,164388,0.20000239,164388,0.82193016,233.2
129,0,26.000217,5939.796491084,5939.796491084,uB,0.84596321,5.07577923,126896,0.20000239,126896,0.84596321,233.2
129,0,26.000217,5939.796491084,5939.796491084,ac,0.94209539,5.65257232,141316,0.20000239,141316,0.94209539,233.2
129,0,26.000217,5939.796491084,5939.796491084,ad,0.96612843,3.86451373,96614,0.20000239,96614,0.96612843,233.2
129,0,26.000217,5939.796491084,5939.796491084,bc,0.94209539,5.65257232,141316,0.20000239,141316,0.94209539,233.2
129,0,26.000217,5939.796491084,5939.796491084,bd,0.95170861,5.71025163,142758,0.20000239,142758,0.95170861,233.2
129,0,26.000217,5939.796491084,5939.796491084,vC,0.82193016,6.57544128,164388,0.20000239,164388,0.82193016,233.2
129,0,26.000217,5939.796491084,5939.796491084,vD,0.85557642,5.13345854,128338,0.20000239,128338,0.85557642,233.2
130,0,26.200196,5939.996470582,5939.996470582,uA,0.82202427,6.57619413,164388,0.19997950,164388,0.82202427,203.7
130,0,26.200196,5939.996470582,5939.996470582,uB,0.83644574,5.01867446,125454,0.19997950,125454,0.83644574,203.7
130,0,26.200196,5939.996470582,5939.996470582,ac,0.95181757,5.71090542,142758,0.19997950,142758,0.95181757,203.7
130,0,26.200196,5939.996470582,5939.996470582,ad,0.95181757,3.80727028,95172,0.19997950,95172,0.95181757,203.7
130,0,26.200196,5939.996470582,5939.996470582,bc,0.94220325,5.65321951,141316,0.19997950,141316,0.94220325,203.7
130,0,26.200196,5939.996470582,5939.996470582,bd,0.95181757,5.71090542,142758,0.19997950,142758,0.95181757,203.7
130,0,26.200196,5939.996470582,5939.996470582,vC,0.82202427,6.57619413,164388,0.19997950,164388,0.82202427,203.7
130,0,26.200196,5939.996470582,5939.996470582,vD,0.85567438,5.13404629,128338,0.19997950,128338,0.85567438,203.7
131,0,26.400228,5940.196501853,5940.196501853,uA,0.82902038,6.63216304,165830,0.20003127,165830,0.82902038,252.6
131,0,26.400228,5940.196501853,5940.196501853,uB,0.84584108,5.07504650,126896,0.20003127,126896,0.84584108,252.6
131,0,26.400228,5940.196501853,5940.196501853,ac,0.95157122,5.70942732,142758,0.20003127,142758,0.95157122,252.6
131,0,26.400228,5940.196501853,5940.196501853,ad,0.96598897,3.86395586,96614,0.20003127,96614,0.96598897,252.6
131,0,26.400228,5940.196501853,5940.196501853,bc,0.95157122,5.70942732,142758,0.20003127,142758,0.95157122,252.6
131,0,26.400228,5940.196501853,5940.196501853,bd,0.96118305,5.76709830,144200,0.20003127,144200,0.96118305,252.6
131,0,26.400228,5940.196501853,5940.196501853,vC,0.82902038,6.63216304,165830,0.20003127,165830,0.82902038,252.6
131,0,26.400228,5940.196501853,5940.196501853,vD,0.85545291,5.13271749,128338,0.20003127,128338,0.85545291,252.6
132,0,26.600202,5940.396476208,5940.396476208,uA,0.82204541,6.57636325,164388,0.19997435,164388,0.82204541,200.9
132,0,26.600202,5940.396476208,5940.396476208,uB,0.84608182,5.07649093,126896,0.19997435,126896,0.84608182,200.9
132,0,26.600202,5940.396476208,5940.396476208,ac,0.94222748,5.65336490,141316,0.19997435,141316,0.94222748,200.9
132,0,26.600202,5940.396476208,5940.396476208,ad,0.95184205,3.80736820,95172,0.19997435,95172,0.95184205,200.9
132,0,26.600202,5940.396476208,5940.396476208,bc,0.94222748,5.65336490,141316,0.19997435,141316,0.94222748,200.9
132,0,26.600202,5940.396476208,5940.396476208,bd,0.95184205,5.71105230,142758,0.19997435,142758,0.95184205,200.9
132,0,26.600202,5940.396476208,5940.396476208,vC,0.82204541,6.57636325,164388,0.19997435,164388,0.82204541,200.9
132,0,26.600202,5940.396476208,5940.396476208,vD,0.85569639,5.13417833,128338,0.19997435,128338,0.85569639,200.9
133,0,26.800210,5940.596484367,5940.596484367,uA,0.82190647,6.57525176,164388,0.20000816,164388,0.82190647,208.7
133,0,26.800210,5940.596484367,5940.596484367,uB,0.84593882,5.07563294,126896,0.20000816,126896,0.84593882,208.7
133,0,26.800210,5940.596484367,5940.596484367,ac,0.95168118,5.71008706,142758,0.20000816,142758,0.95168118,208.7
133,0,26.800210,5940.596484367,5940.596484367,ad,0.95168118,3.80672470,95172,0.20000816,95172,0.95168118,208.7
133,0,26.800210,5940.596484367,5940.596484367,bc,0.94206823,5.65240941,141316,0.20000816,141316,0.94206823,208.7
133,0,26.800210,5940.596484367,5940.596484367,bd,0.95168118,5.71008706,142758,0.20000816,142758,0.95168118,208.7
133,0,26.800210,5940.596484367,5940.596484367,vC,0.82190647,6.57525176,164388,0.20000816,164388,0.82190647,208.7
133,0,26.800210,5940.596484367,5940.596484367,vD,0.85555176,5.13331059,128338,0.20000816,128338,0.85555176,208.7
134,0,27.000202,5940.796476234,5940.796476234,uA,0.82918372,6.63346973,165830,0.19999187,165830,0.82918372,197.8
134,0,27.000202,5940.796476234,5940.796476234,uB,0.84600773,5.07604640,126896,0.19999187,126896,0.84600773,197.8
134,0,27.000202,5940.796476234,5940.796476234,ac,0.94214498,5.65286986,141316,0.19999187,141316,0.94214498,197.8
134,0,27.000202,5940.796476234,5940.796476234,ad,0.96617929,3.86471715,96614,0.19999187,96614,0.96617929,197.8
134,0,27.000202,5940.796476234,5940.796476234,bc,0.94214498,5.65286986,141316,0.19999187,141316,0.94214498,197.8
134,0,27.000202,5940.796476234,5940.796476234,bd,0.95175870,5.71055221,142758,0.19999187,142758,0.95175870,197.8
134,0,27.000202,5940.796476234,5940.796476234,vC,0.82197342,6.57578739,164388,0.19999187,164388,0.82197342,197.8
134,0,27.000202,5940.796476234,5940.796476234,vD,0.85562146,5.13372875,128338,0.19999187,128338,0.85562146,197.8
135,0,27.200222,5940.996496406,5940.996496406,uA,0.82185711,6.57485686,164388,0.20002017,164388,0.82185711,229.0
135,0,27.200222,5940.996496406,5940.996496406,uB,0.84588802,5.07532810,126896,0.20002017,126896,0.84588802,229.0
135,0,27.200222,5940.996496406,5940.996496406,ac,0.95162402,5.70974412,142758,0.20002017,142758,0.95162402,229.0
135,0,27.200222,5940.996496406,5940.996496406,ad,0.95162402,3.80649608,95172,0.20002017,95172,0.95162402,229.0
135,0,27.200222,5940.996496406,5940.996496406,bc,0.94201166,5.65206993,141316,0.20002017,141316,0.94201166,229.0
135,0,27.200222,5940.996496406,5940.996496406,bd,0.95162402,5.70974412,142758,0.20002017,142758,0.95162402,229.0
135,0,27.200222,5940.996496406,5940.996496406,vC,0.82906638,6.63253104,165830,0.20002017,165830,0.82906638,229.0
135,0,27.200222,5940.996496406,5940.996496406,vD,0.85550038,5.13300229,128338,0.20002017,128338,0.85550038,229.0
136,0,27.400219,5941.196493241,5941.196493241,uA,0.82195301,6.57562404,164388,0.19999684,164388,0.82195301,236.3
136,0,27.400219,5941.196493241,5941.196493241,uB,0.84598672,5.07592031,126896,0.19999684,126896,0.84598672,236.3
136,0,27.400219,5941.196493241,5941.196493241,ac,0.94212157,5.65272944,141316,0.19999684,141316,0.94212157,236.3
136,0,27.400219,5941.196493241,5941.196493241,ad,0.96615529,3.86462115,96614,0.19999684,96614,0.96615529,236.3
136,0,27.400219,5941.196493241,5941.196493241,bc,0.94212157,5.65272944,141316,0.19999684,141316,0.94212157,236.3
136,0,27.400219,5941.196493241,5941.196493241,bd,0.95173506,5.71041035,142758,0.19999684,142758,0.95173506,236.3
136,0,27.400219,5941.196493241,5941.196493241,vC,0.82195301,6.57562404,164388,0.19999684,164388,0.82195301,236.3
136,0,27.400219,5941.196493241,5941.196493241,vD,0.85560020,5.13360123,128338,0.19999684,128338,0.85560020,236.3
137,0,27.600228,5941.396501838,5941.396501838,uA,0.82190467,6.57523738,164388,0.20000860,164388,0.82190467,204.0
137,0,27.600228,5941.396501838,5941.396501838,uB,0.83632405,5.01794432,125454,0.20000860,125454,0.83632405,204.0
137,0,27.600228,5941.396501838,5941.396501838,ac,0.95167909,5.71007457,142758,0.20000860,142758,0.95167909,204.0
137,0,27.600228,5941.396501838,5941.396501838,ad,0.95167909,3.80671638,95172,0.20000860,95172,0.95167909,204.0
137,0,27.600228,5941.396501838,5941.396501838,bc,0.94206617,5.65239705,141316,0.20000860,141316,0.94206617,204.0
137,0,27.600228,5941.396501838,5941.396501838,bd,0.95167909,5.71007457,142758,0.20000860,142758,0.95167909,204.0
137,0,27.600228,5941.396501838,5941.396501838,vC,0.82190467,6.57523738,164388,0.20000860,164388,0.82190467,204.0
137,0,27.600228,5941.396501838,5941.396501838,vD,0.85554989,5.13329936,128338,0.20000860,128338,0.85554989,204.0
138,0,27.800206,5941.596480600,5941.596480600,uA,0.82923805,6.63390444,165830,0.19997876,165830,0.82923805,200.7
138,0,27.800206,5941.596480600,5941.596480600,uB,0.84606317,5.07637905,126896,0.19997876,126896,0.84606317,200.7
138,0,27.800206,5941.596480600,5941.596480600,ac,0.95182107,5.71092643,142758,0.19997876,142758,0.95182107,200.7
138,0,27.800206,5941.596480600,5941.596480600,ad,0.96624260,3.86497041,96614,0.19997876,96614,0.96624260,200.7
138,0,27.800206,5941.596480600,5941.596480600,bc,0.94220672,5.65324030,141316,0.19997876,141316,0.94220672,200.7
138,0,27.800206,5941.596480600,5941.596480600,bd,0.95182107,5.71092643,142758,0.19997876,142758,0.95182107,200.7
138,0,27.800206,5941.596480600,5941.596480600,vC,0.82923805,6.63390444,165830,0.19997876,165830,0.82923805,200.7
138,0,27.800206,5941.596480600,5941.596480600,vD,0.85567753,5.13406517,128338,0.19997876,128338,0.85567753,200.7
139,0,28.000205,5941.796479341,5941.796479341,uA,0.82194517,6.57556139,164388,0.19999874,164388,0.82194517,208.1
139,0,28.000205,5941.796479341,5941.796479341,uB,0.84597866,5.07587195,126896,0.19999874,126896,0.84597866,208.1
139,0,28.000205,5941.796479341,5941.796479341,ac,0.94211260,5.65267558,141316,0.19999874,141316,0.94211260,208.1
139,0,28.000205,5941.796479341,5941.796479341,ad,0.95172599,3.80690396,95172,0.19999874,95172,0.95172599,208.1
139,0,28.000205,5941.796479341,5941.796479341,bc,0.94211260,5.65267558,141316,0.19999874,141316,0.94211260,208.1
139,0,28.000205,5941.796479341,5941.796479341,bd,0.95172599,5.71035595,142758,0.19999874,142758,0.95172599,208.1
139,0,28.000205,5941.796479341,5941.796479341,vC,0.82194517,6.57556139,164388,0.19999874,164388,0.82194517,208.1
139,0,28.000205,5941.796479341,5941.796479341,vD,0.85559205,5.13355232,128338,0.19999874,128338,0.85559205,208.1
140,0,28.200185,5941.996459345,5941.996459345,uA,0.82202219,6.57617750,164388,0.19998000,164388,0.82202219,186.1
140,0,28.200185,5941.996459345,5941.996459345,uB,0.84605792,5.07634755,126896,0.19998000,126896,0.84605792,186.1
140,0,28.200185,5941.996459345,5941.996459345,ac,0.95181516,5.71089099,142758,0.19998000,142758,0.95181516,186.1
140,0,28.200185,5941.996459345,5941.996459345,ad,0.95181516,3.80726066,95172,0.19998000,95172,0.95181516,186.1
140,0,28.200185,5941.996459345,5941.996459345,bc,0.94220087,5.65320522,141316,0.19998000,141316,0.94220087,186.1
140,0,28.200185,5941.996459345,5941.996459345,bd,0.95181516,5.71089099,142758,0.19998000,142758,0.95181516,186.1
140,0,28.200185,5941.996459345,5941.996459345,vC,0.82202219,6.57617750,164388,0.19998000,164388,0.82202219,186.1
140,0,28.200185,5941.996459345,5941.996459345,vD,0.85567222,5.13403331,128338,0.19998000,128338,0.85567222,186.1
141,0,28.400235,5942.196508853,5942.196508853,uA,0.82894480,6.63155842,165830,0.20004951,165830,0.82894480,245.1
141,0,28.400235,5942.196508853,5942.196508853,uB,0.84576397,5.07458384,126896,0.20004951,126896,0.84576397,245.1
141,0,28.400235,5942.196508853,5942.196508853,ac,0.94187352,5.65124109,141316,0.20004951,141316,0.94187352,245.1
141,0,28.400235,5942.196508853,5942.196508853,ad,0.96590090,3.86360360,96614,0.20004951,96614,0.96590090,245.1
141,0,28.400235,5942.196508853,5942.196508853,bc,0.94187352,5.65124109,141316,0.20004951,141316,0.94187352,245.1
141,0,28.400235,5942.196508853,5942.196508853,bd,0.96109542,5.76657254,144200,0.20004951,144200,0.96109542,245.1
141,0,28.400235,5942.196508853,5942.196508853,vC,0.82173659,6.57389270,164388,0.20004951,164388,0.82173659,245.1
141,0,28.400235,5942.196508853,5942.196508853,vD,0.85537493,5.13224956,128338,0.20004951,128338,0.85537493,245.1
142,0,28.600207,5942.396481352,5942.396481352,uA,0.82205303,6.57642427,164388,0.19997250,164388,0.82205303,202.8
142,0,28.600207,5942.396481352,5942.396481352,uB,0.84608967,5.07653804,126896,0.19997250,126896,0.84608967,202.8
142,0,28.600207,5942.396481352,5942.396481352,ac,0.95185088,5.71110529,142758,0.19997250,142758,0.95185088,202.8
142,0,28.600207,5942.396481352,5942.396481352,ad,0.95185088,3.80740353,95172,0.19997250,95172,0.95185088,202.8
142,0,28.600207,5942.396481352,5942.396481352,bc,0.94223623,5.65341736,141316,0.19997250,141316,0.94223623,202.8
142,0,28.600207,5942.396481352,5942.396481352,bd,0.95185088,5.71110529,142758,0.19997250,142758,0.95185088,202.8
142,0,28.600207,5942.396481352,5942.396481352,vC,0.82926403,6.63411221,165830,0.19997250,165830,0.82926403,202.8
142,0,28.600207,5942.396481352,5942.396481352,vD,0.84608967,5.07653804,126896,0.19997250,126896,0.84608967,202.8
143,0,28.800200,5942.596474098,5942.596474098,uA,0.82196981,6.57575852,164388,0.19999275,164388,0.82196981,201.6
143,0,28.800200,5942.596474098,5942.596474098,uB,0.84600402,5.07602412,126896,0.19999275,126896,0.84600402,201.6
143,0,28.800200,5942.596474098,5942.596474098,ac,0.94214084,5.65284504,141316,0.19999275,141316,0.94214084,201.6
143,0,28.800200,5942.596474098,5942.596474098,ad,0.96617505,3.86470018,96614,0.19999275,96614,0.96617505,201.6
143,0,28.800200,5942.596474098,5942.596474098,bc,0.94214084,5.65284504,141316,0.19999275,141316,0.94214084,201.6
143,0,28.800200,5942.596474098,5942.596474098,bd,0.95175452,5.71052714,142758,0.19999275,142758,0.95175452,201.6
143,0,28.800200,5942.596474098,5942.596474098,vC,0.82196981,6.57575852,164388,0.19999275,164388,0.82196981,201.6
143,0,28.800200,5942.596474098,5942.596474098,vD,0.85561770,5.13370621,128338,0.19999275,128338,0.85561770,201.6
144,0,29.000207,5942.796481524,5942.796481524,uA,0.82190948,6.57527588,164388,0.20000743,164388,0.82190948,211.6
144,0,29.000207,5942.796481524,5942.796481524,uB,0.83632895,5.01797370,125454,0.20000743,125454,0.83632895,211.6
144,0,29.000207,5942.796481524,5942.796481524,ac,0.95168467,5.71010800,142758,0.20000743,142758,0.95168467,211.6
144,0,29.000207,5942.796481524,5942.796481524,ad,0.95168467,3.80673867,95172,0.20000743,95172,0.95168467,211.6
144,0,29.000207,5942.796481524,5942.796481524,bc,0.94207169,5.65243014,141316,0.20000743,141316,0.94207169,211.6
144,0,29.000207,5942.796481524,5942.796481524,bd,0.95168467,5.71010800,142758,0.20000743,142758,0.95168467,211.6
144,0,29.000207,5942.796481524,5942.796481524,vC,0.82190948,6.57527588,164388,0.20000743,164388,0.82190948,211.6
144,0,29.000207,5942.796481524,5942.796481524,vD,0.85555490,5.13332941,128338,0.20000743,128338,0.85555490,211.6
145,0,29.200227,5942.996500822,5942.996500822,uA,0.82907000,6.63256001,165830,0.20001930,165830,0.82907000,245.4
145,0,29.200227,5942.996500822,5942.996500822,uB,0.84589171,5.07535027,126896,0.20001930,126896,0.84589171,245.4
145,0,29.200227,5942.996500822,5942.996500822,ac,0.95162818,5.70976905,142758,0.20001930,142758,0.95162818,245.4
145,0,29.200227,5942.996500822,5942.996500822,ad,0.96604678,3.86418713,96614,0.20001930,96614,0.96604678,245.4
145,0,29.200227,5942.996500822,5942.996500822,bc,0.94201577,5.65209462,141316,0.20001930,141316,0.94201577,245.4
145,0,29.200227,5942.996500822,5942.996500822,bd,0.95162818,5.70976905,142758,0.20001930,142758,0.95162818,245.4
145,0,29.200227,5942.996500822,5942.996500822,vC,0.82907000,6.63256001,165830,0.20001930,165830,0.82907000,245.4
145,0,29.200227,5942.996500822,5942.996500822,vD,0.85550412,5.13302470,128338,0.20001930,128338,0.85550412,245.4
146,0,29.400200,5943.196473914,5943.196473914,uA,0.82205060,6.57640479,164388,0.19997309,164388,0.82205060,201.9
146,0,29.400200,5943.196473914,5943.196473914,uB,0.84608717,5.07652300,126896,0.19997309,126896,0.84608717,201.9
146,0,29.400200,5943.196473914,5943.196473914,ac,0.94223343,5.65340061,141316,0.19997309,141316,0.94223343,201.9
146,0,29.400200,5943.196473914,5943.196473914,ad,0.95184806,3.80739225,95172,0.19997309,95172,0.95184806,201.9
146,0,29.400200,5943.196473914,5943.196473914,bc,0.94223343,5.65340061,141316,0.19997309,141316,0.94223343,201.9
146,0,29.400200,5943.196473914,5943.196473914,bd,0.95184806,5.71108837,142758,0.19997309,142758,0.95184806,201.9
146,0,29.400200,5943.196473914,5943.196473914,vC,0.82205060,6.57640479,164388,0.19997309,164388,0.82205060,201.9
146,0,29.400200,5943.196473914,5943.196473914,vD,0.85570179,5.13421076,128338,0.19997309,128338,0.85570179,201.9
147,0,29.600212,5943.396486002,5943.396486002,uA,0.81468076,6.51744607,162946,0.20001209,162946,0.81468076,228.8
147,0,29.600212,5943.396486002,5943.396486002,uB,0.84592220,5.07553322,126896,0.20001209,126896,0.84592220,228.8
147,0,29.600212,5943.396486002,5943.396486002,ac,0.95166248,5.70997487,142758,0.20001209,142758,0.95166248,228.8
147,0,29.600212,5943.396486002,5943.396486002,ad,0.95166248,3.80664992,95172,0.20001209,95172,0.95166248,228.8
147,0,29.600212,5943.396486002,5943.396486002,bc,0.94204973,5.65229836,141316,0.20001209,141316,0.94204973,228.8
147,0,29.600212,5943.396486002,5943.396486002,bd,0.95166248,5.70997487,142758,0.20001209,142758,0.95166248,228.8
147,0,29.600212,5943.396486002,5943.396486002,vC,0.82189032,6.57512258,164388,0.20001209,164388,0.82189032,228.8
147,0,29.600212,5943.396486002,5943.396486002,vD,0.85553496,5.13320974,128338,0.20001209,128338,0.85553496,228.8
148,0,29.800201,5943.596474750,5943.596474750,uA,0.83640706,6.69125647,167272,0.19998875,167272,0.83640706,194.8
148,0,29.800201,5943.596474750,5943.596474750,uB,0.84602093,5.07612560,126896,0.19998875,126896,0.84602093,194.8
148,0,29.800201,5943.596474750,5943.596474750,ac,0.94215967,5.65295805,141316,0.19998875,141316,0.94215967,194.8
148,0,29.800201,5943.596474750,5943.596474750,ad,0.96619436,3.86477744,96614,0.19998875,96614,0.96619436,194.8
148,0,29.800201,5943.596474750,5943.596474750,bc,0.94215967,5.65295805,141316,0.19998875,141316,0.94215967,194.8
148,0,29.800201,5943.596474750,5943.596474750,bd,0.95177355,5.71064129,142758,0.19998875,142758,0.95177355,194.8
148,0,29.800201,5943.596474750,5943.596474750,vC,0.82198625,6.57588998,164388,0.19998875,164388,0.82198625,194.8
148,0,29.800201,5943.596474750,5943.596474750,vD,0.85563481,5.13380884,128338,0.19998875,128338,0.85563481,194.8
149,0,30.000202,5943.796476218,5943.796476218,uA,0.82193397,6.57547174,164388,0.20000147,164388,0.82193397,221.7
149,0,30.000202,5943.796476218,5943.796476218,uB,0.84596712,5.07580274,126896,0.20000147,126896,0.84596712,221.7
149,0,30.000202,5943.796476218,5943.796476218,ac,0.95171301,5.71027809,142758,0.20000147,142758,0.95171301,221.7
149,0,30.000202,5943.796476218,5943.796476218,ad,0.95171301,3.80685206,95172,0.20000147,95172,0.95171301,221.7
149,0,30.000202,5943.796476218,5943.796476218,bc,0.94209975,5.65259851,141316,0.20000147,141316,0.94209975,221.7
149,0,30.000202,5943.796476218,5943.796476218,bd,0.95171301,5.71027809,142758,0.20000147,142758,0.95171301,221.7
149,0,30.000202,5943.796476218,5943.796476218,vC,0.82914391,6.63315131,165830,0.20000147,165830,0.82914391,221.7
149,0,30.000202,5943.796476218,5943.796476218,vD,0.85558039,5.13348232,128338,0.20000147,128338,0.85558039,221.7
150,0,30.200197,5943.996471664,5943.996471664,uA,0.82195872,6.57566973,164388,0.19999545,164388,0.82195872,202.4
150,0,30.200197,5943.996471664,5943.996471664,uB,0.84599260,5.07595558,126896,0.19999545,126896,0.84599260,202.4
150,0,30.200197,5943.996471664,5943.996471664,ac,0.94212812,5.65276871,141316,0.19999545,141316,0.94212812,202.4
150,0,30.200197,5943.996471664,5943.996471664,ad,0.96616200,3.86464800,96614,0.19999545,96614,0.96616200,202.4
150,0,30.200197,5943.996471664,5943.996471664,bc,0.94212812,5.65276871,141316,0.19999545,141316,0.94212812,202.4
150,0,30.200197,5943.996471664,5943.996471664,bd,0.96135522,5.76813134,144200,0.19999545,144200,0.96135522,202.4
150,0,30.200197,5943.996471664,5943.996471664,vC,0.82195872,6.57566973,164388,0.19999545,164388,0.82195872,202.4
150,0,30.200197,5943.996471664,5943.996471664,vD,0.85560615,5.13363689,128338,0.19999545,128338,0.85560615,202.4
151,0,30.400202,5944.196476365,5944.196476365,uA,0.82192068,6.57536543,164388,0.20000470,164388,0.82192068,219.0
151,0,30.400202,5944.196476365,5944.196476365,uB,0.83634034,5.01804204,125454,0.20000470,125454,0.83634034,219.0
151,0,30.400202,5944.196476365,5944.196476365,ac,0.95169763,5.71018577,142758,0.20000470,142758,0.95169763,219.0
151,0,30.400202,5944.196476365,5944.196476365,ad,0.95169763,3.80679051,95172,0.20000470,95172,0.95169763,219.0
151,0,30.400202,5944.196476365,5944.196476365,bc,0.94208452,5.65250712,141316,0.20000470,141316,0.94208452,219.0
151,0,30.400202,5944.196476365,5944.196476365,bd,0.95169763,5.71018577,142758,0.20000470,142758,0.95169763,219.0
151,0,30.400202,5944.196476365,5944.196476365,vC,0.82192068,6.57536543,164388,0.20000470,164388,0.82192068,219.0
151,0,30.400202,5944.196476365,5944.196476365,vD,0.85556655,5.13339933,128338,0.20000470,128338,0.85556655,219.0
152,0,30.600196,5944.396469966,5944.396469966,uA,0.82917653,6.63341227,165830,0.19999360,165830,0.82917653,207.1
152,0,30.600196,5944.396469966,5944.396469966,uB,0.84600041,5.07600243,126896,0.19999360,126896,0.84600041,207.1
152,0,30.600196,5944.396469966,5944.396469966,ac,0.95175046,5.71050274,142758,0.19999360,142758,0.95175046,207.1
152,0,30.600196,5944.396469966,5944.396469966,ad,0.96617092,3.86468367,96614,0.19999360,96614,0.96617092,207.1
152,0,30.600196,5944.396469966,5944.396469966,bc,0.94213682,5.65282089,141316,0.19999360,141316,0.94213682,207.1
152,0,30.600196,5944.396469966,5944.396469966,bd,0.95175046,5.71050274,142758,0.19999360,142758,0.95175046,207.1
152,0,30.600196,5944.396469966,5944.396469966,vC,0.82917653,6.63341227,165830,0.19999360,165830,0.82917653,207.1
152,0,30.600196,5944.396469966,5944.396469966,vD,0.85561405,5.13368428,128338,0.19999360,128338,0.85561405,207.1
153,0,30.800188,5944.596462469,5944.596462469,uA,0.82197081,6.57576649,164388,0.19999250,164388,0.82197081,185.2
153,0,30.800188,5944.596462469,5944.596462469,uB,0.84600505,5.07603028,126896,0.19999250,126896,0.84600505,185.2
153,0,30.800188,5944.596462469,5944.596462469,ac,0.94214198,5.65285190,141316,0.19999250,141316,0.94214198,185.2
153,0,30.800188,5944.596462469,5944.596462469,ad,0.95175568,3.80702271,95172,0.19999250,95172,0.95175568,185.2
153,0,30.800188,5944.596462469,5944.596462469,bc,0.94214198,5.65285190,141316,0.19999250,141316,0.94214198,185.2
153,0,30.800188,5944.596462469,5944.596462469,bd,0.95175568,5.71053406,142758,0.19999250,142758,0.95175568,185.2
153,0,30.800188,5944.596462469,5944.596462469,vC,0.82197081,6.57576649,164388,0.19999250,164388,0.82197081,185.2
153,0,30.800188,5944.596462469,5944.596462469,vD,0.85561874,5.13371244,128338,0.19999250,128338,0.85561874,185.2
154,0,31.000197,5944.796470986,5944.796470986,uA,0.82190500,6.57523999,164388,0.20000852,164388,0.82190500,206.2
154,0,31.000197,5944.796470986,5944.796470986,uB,0.84593731,5.07562385,126896,0.20000852,126896,0.84593731,206.2
154,0,31.000197,5944.796470986,5944.796470986,ac,0.95167947,5.71007684,142758,0.20000852,142758,0.95167947,206.2
154,0,31.000197,5944.796470986,5944.796470986,ad,0.95167947,3.80671789,95172,0.20000852,95172,0.95167947,206.2
154,0,31.000197,5944.796470986,5944.796470986,bc,0.94206655,5.65239929,141316,0.20000852,141316,0.94206655,206.2
154,0,31.000197,5944.796470986,5944.796470986,bd,0.95167947,5.71007684,142758,0.20000852,142758,0.95167947,206.2
154,0,31.000197,5944.796470986,5944.796470986,vC,0.82190500,6.57523999,164388,0.20000852,164388,0.82190500,206.2
154,0,31.000197,5944.796470986,5944.796470986,vD,0.85555023,5.13330140,128338,0.20000852,128338,0.85555023,206.2
155,0,31.200208,5944.996482177,5944.996482177,uA,0.82910361,6.63282884,165830,0.20001119,165830,0.82910361,209.0
155,0,31.200208,5944.996482177,5944.996482177,uB,0.84592600,5.07555598,126896,0.20001119,126896,0.84592600,209.0
155,0,31.200208,5944.996482177,5944.996482177,ac,0.94205395,5.65232371,141316,0.20001119,141316,0.94205395,209.0
155,0,31.200208,5944.996482177,5944.996482177,ad,0.96608594,3.86434376,96614,0.20001119,96614,0.96608594,209.0
155,0,31.200208,5944.996482177,5944.996482177,bc,0.94205395,5.65232371,141316,0.20001119,141316,0.94205395,209.0
155,0,31.200208,5944.996482177,5944.996482177,bd,0.95166675,5.71000048,142758,0.20001119,142758,0.95166675,209.0
155,0,31.200208,5944.996482177,5944.996482177,vC,0.82189401,6.57515207,164388,0.20001119,164388,0.82189401,209.0
155,0,31.200208,5944.996482177,5944.996482177,vD,0.85553879,5.13323276,128338,0.20001119,128338,0.85553879,209.0
156,0,31.400220,5945.196494505,5945.196494505,uA,0.82188934,6.57511471,164388,0.20001233,164388,0.82188934,214.7
156,0,31.400220,5945.196494505,5945.196494505,uB,0.84592119,5.07552714,126896,0.20001233,126896,0.84592119,214.7
156,0,31.400220,5945.196494505,5945.196494505,ac,0.95166134,5.70996804,142758,0.20001233,142758,0.95166134,214.7
156,0,31.400220,5945.196494505,5945.196494505,ad,0.95166134,3.80664536,95172,0.20001233,95172,0.95166134,214.7
156,0,31.400220,5945.196494505,5945.196494505,bc,0.94204860,5.65229159,141316,0.20001233,141316,0.94204860,214.7
156,0,31.400220,5945.196494505,5945.196494505,bd,0.95166134,5.70996804,142758,0.20001233,142758,0.95166134,214.7
156,0,31.400220,5945.196494505,5945.196494505,vC,0.82909889,6.63279115,165830,0.20001233,165830,0.82909889,214.7
156,0,31.400220,5945.196494505,5945.196494505,vD,0.84592119,5.07552714,126896,0.20001233,126896,0.84592119,214.7
157,0,31.600198,5945.396471996,5945.396471996,uA,0.82203252,6.57626013,164388,0.19997749,164388,0.82203252,206.9
157,0,31.600198,5945.396471996,5945.396471996,uB,0.83645414,5.01872483,125454,0.19997749,125454,0.83645414,206.9
157,0,31.600198,5945.396471996,5945.396471996,ac,0.94221271,5.65327625,141316,0.19997749,141316,0.94221271,206.9
157,0,31.600198,5945.396471996,5945.396471996,ad,0.96624875,3.86499499,96614,0.19997749,96614,0.96624875,206.9
157,0,31.600198,5945.396471996,5945.396471996,bc,0.94221271,5.65327625,141316,0.19997749,141316,0.94221271,206.9
157,0,31.600198,5945.396471996,5945.396471996,bd,0.95182712,5.71096274,142758,0.19997749,142758,0.95182712,206.9
157,0,31.600198,5945.396471996,5945.396471996,vC,0.82203252,6.57626013,164388,0.19997749,164388,0.82203252,206.9
157,0,31.600198,5945.396471996,5945.396471996,vD,0.85568297,5.13409782,128338,0.19997749,128338,0.85568297,206.9
158,0,31.800190,5945.596464173,5945.596464173,uA,0.82197215,6.57577721,164388,0.19999218,164388,0.82197215,189.5
158,0,31.800190,5945.596464173,5945.596464173,uB,0.84600642,5.07603855,126896,0.19999218,126896,0.84600642,189.5
158,0,31.800190,5945.596464173,5945.596464173,ac,0.95175723,5.71054337,142758,0.19999218,142758,0.95175723,189.5
158,0,31.800190,5945.596464173,5945.596464173,ad,0.95175723,3.80702891,95172,0.19999218,95172,0.95175723,189.5
158,0,31.800190,5945.596464173,5945.596464173,bc,0.94214352,5.65286111,141316,0.19999218,141316,0.94214352,189.5
158,0,31.800190,5945.596464173,5945.596464173,bd,0.95175723,5.71054337,142758,0.19999218,142758,0.95175723,189.5
158,0,31.800190,5945.596464173,5945.596464173,vC,0.82197215,6.57577721,164388,0.19999218,164388,0.82197215,189.5
158,0,31.800190,5945.596464173,5945.596464173,vD,0.85562013,5.13372081,128338,0.19999218,128338,0.85562013,189.5
159,0,32.000210,5945.796483853,5945.796483853,uA,0.82906842,6.63254736,165830,0.20001968,165830,0.82906842,234.3
159,0,32.000210,5945.796483853,5945.796483853,uB,0.84589010,5.07534059,126896,0.20001968,126896,0.84589010,234.3
159,0,32.000210,5945.796483853,5945.796483853,ac,0.95162636,5.70975816,142758,0.20001968,142758,0.95162636,234.3
159,0,32.000210,5945.796483853,5945.796483853,ad,0.96604494,3.86417976,96614,0.20001968,96614,0.96604494,234.3
159,0,32.000210,5945.796483853,5945.796483853,bc,0.95162636,5.70975816,142758,0.20001968,142758,0.95162636,234.3
159,0,32.000210,5945.796483853,5945.796483853,bd,0.96123875,5.76743248,144200,0.20001968,144200,0.96123875,234.3
159,0,32.000210,5945.796483853,5945.796483853,vC,0.82906842,6.63254736,165830,0.20001968,165830,0.82906842,234.3
159,0,32.000210,5945.796483853,5945.796483853,vD,0.85550249,5.13301491,128338,0.20001968,128338,0.85550249,234.3
160,0,32.200204,5945.996478338,5945.996478338,uA,0.82196267,6.57570132,164388,0.19999448,164388,0.82196267,217.6
160,0,32.200204,5945.996478338,5945.996478338,uB,0.84599666,5.07597997,126896,0.19999448,126896,0.84599666,217.6
160,0,32.200204,5945.996478338,5945.996478338,ac,0.94213265,5.65279588,141316,0.19999448,141316,0.94213265,217.6
160,0,32.200204,5945.996478338,5945.996478338,ad,0.95174624,3.80698498,95172,0.19999448,95172,0.95174624,217.6
160,0,32.200204,5945.996478338,5945.996478338,bc,0.94213265,5.65279588,141316,0.19999448,141316,0.94213265,217.6
160,0,32.200204,5945.996478338,5945.996478338,bd,0.95174624,5.71047747,142758,0.19999448,142758,0.95174624,217.6
160,0,32.200204,5945.996478338,5945.996478338,vC,0.82196267,6.57570132,164388,0.19999448,164388,0.82196267,217.6
160,0,32.200204,5945.996478338,5945.996478338,vD,0.85561026,5.13366156,128338,0.19999448,128338,0.85561026,217.6
161,0,32.400202,5946.196475930,5946.196475930,uA,0.82194990,6.57559917,164388,0.19999759,164388,0.82194990,208.0
161,0,32.400202,5946.196475930,5946.196475930,uB,0.84598352,5.07590111,126896,0.19999759,126896,0.84598352,208.0
161,0,32.400202,5946.196475930,5946.196475930,ac,0.95173146,5.71038875,142758,0.19999759,142758,0.95173146,208.0
161,0,32.400202,5946.196475930,5946.196475930,ad,0.95173146,3.80692584,95172,0.19999759,95172,0.95173146,208.0
161,0,32.400202,5946.196475930,5946.196475930,bc,0.94211801,5.65270806,141316,0.19999759,141316,0.94211801,208.0
161,0,32.400202,5946.196475930,5946.196475930,bd,0.95173146,5.71038875,142758,0.19999759,142758,0.95173146,208.0
161,0,32.400202,5946.196475930,5946.196475930,vC,0.82194990,6.57559917,164388,0.19999759,164388,0.82194990,208.0
161,0,32.400202,5946.196475930,5946.196475930,vD,0.85559697,5.13358181,128338,0.19999759,128338,0.85559697,208.0
162,0,32.600196,5946.396470732,5946.396470732,uA,0.82917155,6.63337238,165830,0.19999480,165830,0.82917155,198.2
162,0,32.600196,5946.396470732,5946.396470732,uB,0.84599532,5.07597191,126896,0.19999480,126896,0.84599532,198.2
162,0,32.600196,5946.396470732,5946.396470732,ac,0.94213115,5.65278690,141316,0.19999480,141316,0.94213115,198.2
162,0,32.600196,5946.396470732,5946.396470732,ad,0.96616511,3.86466043,96614,0.19999480,96614,0.96616511,198.2
162,0,32.600196,5946.396470732,5946.396470732,bc,0.94213115,5.65278690,141316,0.19999480,141316,0.94213115,198.2
162,0,32.600196,5946.396470732,5946.396470732,bd,0.95174473,5.71046840,142758,0.19999480,142758,0.95174473,198.2
162,0,32.600196,5946.396470732,5946.396470732,vC,0.82196136,6.57569089,164388,0.19999480,164388,0.82196136,198.2
162,0,32.600196,5946.396470732,5946.396470732,vD,0.85560890,5.13365341,128338,0.19999480,128338,0.85560890,198.2
163,0,32.800188,5946.596462443,5946.596462443,uA,0.82197407,6.57579255,164388,0.19999171,164388,0.82197407,196.7
163,0,32.800188,5946.596462443,5946.596462443,uB,0.84600840,5.07605039,126896,0.19999171,126896,0.84600840,196.7
163,0,32.800188,5946.596462443,5946.596462443,ac,0.95175945,5.71055669,142758,0.19999171,142758,0.95175945,196.7
163,0,32.800188,5946.596462443,5946.596462443,ad,0.95175945,3.80703779,95172,0.19999171,95172,0.95175945,196.7
163,0,32.800188,5946.596462443,5946.596462443,bc,0.94214572,5.65287430,141316,0.19999171,141316,0.94214572,196.7
163,0,32.800188,5946.596462443,5946.596462443,bd,0.95175945,5.71055669,142758,0.19999171,142758,0.95175945,196.7
163,0,32.800188,5946.596462443,5946.596462443,vC,0.82918437,6.63347494,165830,0.19999171,165830,0.82918437,196.7
163,0,32.800188,5946.596462443,5946.596462443,vD,0.85562213,5.13373278,128338,0.19999171,128338,0.85562213,196.7
164,0,33.000202,5946.796475954,5946.796475954,uA,0.82188448,6.57507584,164388,0.20001351,164388,0.82188448,193.2
164,0,33.000202,5946.796475954,5946.796475954,uB,0.84591619,5.07549714,126896,0.20001351,126896,0.84591619,193.2
164,0,33.000202,5946.796475954,5946.796475954,ac,0.94204303,5.65225818,141316,0.20001351,141316,0.94204303,193.2
164,0,33.000202,5946.796475954,5946.796475954,ad,0.96607474,3.86429896,96614,0.20001351,96614,0.96607474,193.2
164,0,33.000202,5946.796475954,5946.796475954,bc,0.94204303,5.65225818,141316,0.20001351,141316,0.94204303,193.2
164,0,33.000202,5946.796475954,5946.796475954,bd,0.95165571,5.70993428,142758,0.20001351,142758,0.95165571,193.2
164,0,33.000202,5946.796475954,5946.796475954,vC,0.82188448,6.57507584,164388,0.20001351,164388,0.82188448,193.2
164,0,33.000202,5946.796475954,5946.796475954,vD,0.85552887,5.13317324,128338,0.20001351,128338,0.85552887,193.2
165,0,33.200204,5946.996478044,5946.996478044,uA,0.82193141,6.57545125,164388,0.20000209,164388,0.82193141,218.5
165,0,33.200204,5946.996478044,5946.996478044,uB,0.83635126,5.01810754,125454,0.20000209,125454,0.83635126,218.5
165,0,33.200204,5946.996478044,5946.996478044,ac,0.95171005,5.71026030,142758,0.20000209,142758,0.95171005,218.5
165,0,33.200204,5946.996478044,5946.996478044,ad,0.95171005,3.80684020,95172,0.20000209,95172,0.95171005,218.5
165,0,33.200204,5946.996478044,5946.996478044,bc,0.94209682,5.65258090,141316,0.20000209,141316,0.94209682,218.5
165,0,33.200204,5946.996478044,5946.996478044,bd,0.95171005,5.71026030,142758,0.20000209,142758,0.95171005,218.5
165,0,33.200204,5946.996478044,5946.996478044,vC,0.82193141,6.57545125,164388,0.20000209,164388,0.82193141,218.5
165,0,33.200204,5946.996478044,5946.996478044,vD,0.85557772,5.13346633,128338,0.20000209,128338,0.85557772,218.5
166,0,33.400259,5947.196533577,5947.196533577,uA,0.82891984,6.63135872,165830,0.20005553,165830,0.82891984,299.0
166,0,33.400259,5947.196533577,5947.196533577,uB,0.84573850,5.07443102,126896,0.20005553,126896,0.84573850,299.0
166,0,33.400259,5947.196533577,5947.196533577,ac,0.95145582,5.70873490,142758,0.20005553,142758,0.95145582,299.0
166,0,33.400259,5947.196533577,5947.196533577,ad,0.96587181,3.86348725,96614,0.20005553,96614,0.96587181,299.0
166,0,33.400259,5947.196533577,5947.196533577,bc,0.94184515,5.65107091,141316,0.20005553,141316,0.94184515,299.0
166,0,33.400259,5947.196533577,5947.196533577,bd,0.95145582,5.70873490,142758,0.20005553,142758,0.95145582,299.0
166,0,33.400259,5947.196533577,5947.196533577,vC,0.82891984,6.63135872,165830,0.20005553,165830,0.82891984,299.0
166,0,33.400259,5947.196533577,5947.196533577,vD,0.85534917,5.13209501,128338,0.20005553,128338,0.85534917,299.0
167,0,33.600201,5947.396475105,5947.396475105,uA,0.82218037,6.57744300,164388,0.19994153,164388,0.82218037,194.7
167,0,33.600201,5947.396475105,5947.396475105,uB,0.84622074,5.07732442,126896,0.19994153,126896,0.84622074,194.7
167,0,33.600201,5947.396475105,5947.396475105,ac,0.94238218,5.65429310,141316,0.19994153,141316,0.94238218,194.7
167,0,33.600201,5947.396475105,5947.396475105,ad,0.95199833,3.80799331,95172,0.19994153,95172,0.95199833,194.7
167,0,33.600201,5947.396475105,5947.396475105,bc,0.94238218,5.65429310,141316,0.19994153,141316,0.94238218,194.7
167,0,33.600201,5947.396475105,5947.396475105,bd,0.95199833,5.71198997,142758,0.19994153,142758,0.95199833,194.7
167,0,33.600201,5947.396475105,5947.396475105,vC,0.82218037,6.57744300,164388,0.19994153,164388,0.82218037,194.7
167,0,33.600201,5947.396475105,5947.396475105,vD,0.85583688,5.13502129,128338,0.19994153,128338,0.85583688,194.7
168,0,33.800194,5947.596468080,5947.596468080,uA,0.82196887,6.57575097,164388,0.19999297,164388,0.82196887,191.4
168,0,33.800194,5947.596468080,5947.596468080,uB,0.84600305,5.07601830,126896,0.19999297,126896,0.84600305,191.4
168,0,33.800194,5947.596468080,5947.596468080,ac,0.95175343,5.71052058,142758,0.19999297,142758,0.95175343,191.4
168,0,33.800194,5947.596468080,5947.596468080,ad,0.95175343,3.80701372,95172,0.19999297,95172,0.95175343,191.4
168,0,33.800194,5947.596468080,5947.596468080,bc,0.94213976,5.65283856,141316,0.19999297,141316,0.94213976,191.4
168,0,33.800194,5947.596468080,5947.596468080,bd,0.95175343,5.71052058,142758,0.19999297,142758,0.95175343,191.4
168,0,33.800194,5947.596468080,5947.596468080,vC,0.82196887,6.57575097,164388,0.19999297,164388,0.82196887,191.4
168,0,33.800194,5947.596468080,5947.596468080,vD,0.85561672,5.13370032,128338,0.19999297,128338,0.85561672,191.4
169,0,34.000211,5947.796485024,5947.796485024,uA,0.82907976,6.63263807,165830,0.20001694,165830,0.82907976,233.2
169,0,34.000211,5947.796485024,5947.796485024,uB,0.84590167,5.07541000,126896,0.20001694,126896,0.84590167,233.2
169,0,34.000211,5947.796485024,5947.796485024,ac,0.94202686,5.65216113,141316,0.20001694,141316,0.94202686,233.2
169,0,34.000211,5947.796485024,5947.796485024,ad,0.96605815,3.86423261,96614,0.20001694,96614,0.96605815,233.2
169,0,34.000211,5947.796485024,5947.796485024,bc,0.94202686,5.65216113,141316,0.20001694,141316,0.94202686,233.2
169,0,34.000211,5947.796485024,5947.796485024,bd,0.96125189,5.76751136,144200,0.20001694,144200,0.96125189,233.2
169,0,34.000211,5947.796485024,5947.796485024,vC,0.82187037,6.57496295,164388,0.20001694,164388,0.82187037,233.2
169,0,34.000211,5947.796485024,5947.796485024,vD,0.85551419,5.13308511,128338,0.20001694,128338,0.85551419,233.2
170,0,34.200190,5947.996463740,5947.996463740,uA,0.82202748,6.57621984,164388,0.19997872,164388,0.82202748,194.8
170,0,34.200190,5947.996463740,5947.996463740,uB,0.84606337,5.07638023,126896,0.19997872,126896,0.84606337,194.8
170,0,34.200190,5947.996463740,5947.996463740,ac,0.95182129,5.71092776,142758,0.19997872,142758,0.95182129,194.8
170,0,34.200190,5947.996463740,5947.996463740,ad,0.95182129,3.80728517,95172,0.19997872,95172,0.95182129,194.8
170,0,34.200190,5947.996463740,5947.996463740,bc,0.94220694,5.65324162,141316,0.19997872,141316,0.94220694,194.8
170,0,34.200190,5947.996463740,5947.996463740,bd,0.95182129,5.71092776,142758,0.19997872,142758,0.95182129,194.8
170,0,34.200190,5947.996463740,5947.996463740,vC,0.82923825,6.63390598,165830,0.19997872,165830,0.82923825,194.8
170,0,34.200190,5947.996463740,5947.996463740,vD,0.84606337,5.07638023,126896,0.19997872,126896,0.84606337,194.8
171,0,34.400193,5948.196467073,5948.196467073,uA,0.82192630,6.57541040,164388,0.20000333,164388,0.82192630,194.9
171,0,34.400193,5948.196467073,5948.196467073,uB,0.83634606,5.01807636,125454,0.20000333,125454,0.83634606,194.9
171,0,34.400193,5948.196467073,5948.196467073,ac,0.94209096,5.65254579,141316,0.20000333,141316,0.94209096,194.9
171,0,34.400193,5948.196467073,5948.196467073,ad,0.96612390,3.86449559,96614,0.20000333,96614,0.96612390,194.9
171,0,34.400193,5948.196467073,5948.196467073,bc,0.94209096,5.65254579,141316,0.20000333,141316,0.94209096,194.9
171,0,34.400193,5948.196467073,5948.196467073,bd,0.95170414,5.71022482,142758,0.20000333,142758,0.95170414,194.9
171,0,34.400193,5948.196467073,5948.196467073,vC,0.82192630,6.57541040,164388,0.20000333,164388,0.82192630,194.9
171,0,34.400193,5948.196467073,5948.196467073,vD,0.85557241,5.13343444,128338,0.20000333,128338,0.85557241,194.9
172,0,34.600200,5948.396474316,5948.396474316,uA,0.82191024,6.57528189,164388,0.20000724,164388,0.82191024,208.9
172,0,34.600200,5948.396474316,5948.396474316,uB,0.84594270,5.07565620,126896,0.20000724,126896,0.84594270,208.9
172,0,34.600200,5948.396474316,5948.396474316,ac,0.95168554,5.71011322,142758,0.20000724,142758,0.95168554,208.9
172,0,34.600200,5948.396474316,5948.396474316,ad,0.95168554,3.80674215,95172,0.20000724,95172,0.95168554,208.9
172,0,34.600200,5948.396474316,5948.396474316,bc,0.94207255,5.65243531,141316,0.20000724,141316,0.94207255,208.9
172,0,34.600200,5948.396474316,5948.396474316,bd,0.95168554,5.71011322,142758,0.20000724,142758,0.95168554,208.9
172,0,34.600200,5948.396474316,5948.396474316,vC,0.82191024,6.57528189,164388,0.20000724,164388,0.82191024,208.9
172,0,34.600200,5948.396474316,5948.396474316,vD,0.85555568,5.13333411,128338,0.20000724,128338,0.85555568,208.9
173,0,34.800213,5948.596487057,5948.596487057,uA,0.82909718,6.63277746,165830,0.20001274,165830,0.82909718,195.3
173,0,34.800213,5948.596487057,5948.596487057,uB,0.84591944,5.07551666,126896,0.20001274,126896,0.84591944,195.3
173,0,34.800213,5948.596487057,5948.596487057,ac,0.95165937,5.70995625,142758,0.20001274,142758,0.95165937,195.3
173,0,34.800213,5948.596487057,5948.596487057,ad,0.96607846,3.86431382,96614,0.20001274,96614,0.96607846,195.3
173,0,34.800213,5948.596487057,5948.596487057,bc,0.94204665,5.65227992,141316,0.20001274,141316,0.94204665,195.3
173,0,34.800213,5948.596487057,5948.596487057,bd,0.95165937,5.70995625,142758,0.20001274,142758,0.95165937,195.3
173,0,34.800213,5948.596487057,5948.596487057,vC,0.82909718,6.63277746,165830,0.20001274,165830,0.82909718,195.3
173,0,34.800213,5948.596487057,5948.596487057,vD,0.85553216,5.13319299,128338,0.20001274,128338,0.85553216,195.3
174,0,35.000204,5948.796478176,5948.796478176,uA,0.82197650,6.57581200,164388,0.19999112,164388,0.82197650,208.1
174,0,35.000204,5948.796478176,5948.796478176,uB,0.84601090,5.07606540,126896,0.19999112,126896,0.84601090,208.1
174,0,35.000204,5948.796478176,5948.796478176,ac,0.90369346,5.42216077,135548,0.19999112,135548,0.90369346,208.1
174,0,35.000204,5948.796478176,5948.796478176,ad,0.95176226,3.80704905,95172,0.19999112,95172,0.95176226,208.1
174,0,35.000204,5948.796478176,5948.796478176,bc,0.94214850,5.65289102,141316,0.19999112,141316,0.94214850,208.1
174,0,35.000204,5948.796478176,5948.796478176,bd,0.90369346,5.42216077,135548,0.19999112,135548,0.90369346,208.1
174,0,35.000204,5948.796478176,5948.796478176,vC,0.82197650,6.57581200,164388,0.19999112,164388,0.82197650,208.1
174,0,35.000204,5948.796478176,5948.796478176,vD,0.85562466,5.13374796,128338,0.19999112,128338,0.85562466,208.1
175,0,35.200209,5948.996482793,5948.996482793,uA,0.82192103,6.57536821,164388,0.20000462,164388,0.82192103,215.0
175,0,35.200209,5948.996482793,5948.996482793,uB,0.84595380,5.07572283,126896,0.20000462,126896,0.84595380,215.0
175,0,35.200209,5948.996482793,5948.996482793,ac,0.99015048,5.94090285,148526,0.20000462,148526,0.99015048,215.0
175,0,35.200209,5948.996482793,5948.996482793,ad,0.95169803,3.80679212,95172,0.20000462,95172,0.95169803,215.0
175,0,35.200209,5948.996482793,5948.996482793,bc,0.94208492,5.65250951,141316,0.20000462,141316,0.94208492,215.0
175,0,35.200209,5948.996482793,5948.996482793,bd,0.99976359,5.99858152,149968,0.20000462,149968,0.99976359,215.0
175,0,35.200209,5948.996482793,5948.996482793,vC,0.82192103,6.57536821,164388,0.20000462,164388,0.82192103,215.0
175,0,35.200209,5948.996482793,5948.996482793,vD,0.85556692,5.13340150,128338,0.20000462,128338,0.85556692,215.0
176,0,35.400217,5949.196491336,5949.196491336,uA,0.82911459,6.63291669,165830,0.20000854,165830,0.82911459,226.5
176,0,35.400217,5949.196491336,5949.196491336,uB,0.84593720,5.07562321,126896,0.20000854,126896,0.84593720,226.5
176,0,35.400217,5949.196491336,5949.196491336,ac,0.94206643,5.65239857,141316,0.20000854,141316,0.94206643,226.5
176,0,35.400217,5949.196491336,5949.196491336,ad,0.96609874,3.86439494,96614,0.20000854,96614,0.96609874,226.5
176,0,35.400217,5949.196491336,5949.196491336,bc,0.94206643,5.65239857,141316,0.20000854,141316,0.94206643,226.5
176,0,35.400217,5949.196491336,5949.196491336,bd,0.95167935,5.71007611,142758,0.20000854,142758,0.95167935,226.5
176,0,35.400217,5949.196491336,5949.196491336,vC,0.82190489,6.57523916,164388,0.20000854,164388,0.82190489,226.5
176,0,35.400217,5949.196491336,5949.196491336,vD,0.85555012,5.13330074,128338,0.20000854,128338,0.85555012,226.5
177,0,35.600195,5949.396469223,5949.396469223,uA,0.82203089,6.57624709,164388,0.19997789,164388,0.82203089,190.9
177,0,35.600195,5949.396469223,5949.396469223,uB,0.84606688,5.07640126,126896,0.19997789,126896,0.84606688,190.9
177,0,35.600195,5949.396469223,5949.396469223,ac,0.95182524,5.71095142,142758,0.19997789,142758,0.95182524,190.9
177,0,35.600195,5949.396469223,5949.396469223,ad,0.95182524,3.80730094,95172,0.19997789,95172,0.95182524,190.9
177,0,35.600195,5949.396469223,5949.396469223,bc,0.94221084,5.65326504,141316,0.19997789,141316,0.94221084,190.9
177,0,35.600195,5949.396469223,5949.396469223,bd,0.95182524,5.71095142,142758,0.19997789,142758,0.95182524,190.9
177,0,35.600195,5949.396469223,5949.396469223,vC,0.82924168,6.63393346,165830,0.19997789,165830,0.82924168,190.9
177,0,35.600195,5949.396469223,5949.396469223,vD,0.85568127,5.13408764,128338,0.19997789,128338,0.85568127,190.9
178,0,35.800236,5949.596510488,5949.596510488,uA,0.82177045,6.57416359,164388,0.20004126,164388,0.82177045,235.7
178,0,35.800236,5949.596510488,5949.596510488,uB,0.84579882,5.07479294,126896,0.20004126,126896,0.84579882,235.7
178,0,35.800236,5949.596510488,5949.596510488,ac,0.94191233,5.65147396,141316,0.20004126,141316,0.94191233,235.7
178,0,35.800236,5949.596510488,5949.596510488,ad,0.96594070,3.86376281,96614,0.20004126,96614,0.96594070,235.7
178,0,35.800236,5949.596510488,5949.596510488,bc,0.94191233,5.65147396,141316,0.20004126,141316,0.94191233,235.7
178,0,35.800236,5949.596510488,5949.596510488,bd,0.96113503,5.76681016,144200,0.20004126,144200,0.96113503,235.7
178,0,35.800236,5949.596510488,5949.596510488,vC,0.82177045,6.57416359,164388,0.20004126,164388,0.82177045,235.7
178,0,35.800236,5949.596510488,5949.596510488,vD,0.85541017,5.13246104,128338,0.20004126,128338,0.85541017,235.7
179,0,36.000206,5949.796480570,5949.796480570,uA,0.82206297,6.57650378,164388,0.19997008,164388,0.82206297,212.1
179,0,36.000206,5949.796480570,5949.796480570,uB,0.83648513,5.01891078,125454,0.19997008,125454,0.83648513,212.1
179,0,36.000206,5949.796480570,5949.796480570,ac,0.95186239,5.71117433,142758,0.19997008,142758,0.95186239,212.1
179,0,36.000206,5949.796480570,5949.796480570,ad,0.95186239,3.80744956,95172,0.19997008,95172,0.95186239,212.1
179,0,36.000206,5949.796480570,5949.796480570,bc,0.94224762,5.65348570,141316,0.19997008,141316,0.94224762,212.1
179,0,36.000206,5949.796480570,5949.796480570,bd,0.95186239,5.71117433,142758,0.19997008,142758,0.95186239,212.1
179,0,36.000206,5949.796480570,5949.796480570,vC,0.82206297,6.57650378,164388,0.19997008,164388,0.82206297,212.1
179,0,36.000206,5949.796480570,5949.796480570,vD,0.85571467,5.13428804,128338,0.19997008,128338,0.85571467,212.1
180,0,36.200201,5949.996474954,5949.996474954,uA,0.82917328,6.63338627,165830,0.19999438,165830,0.82917328,202.7
180,0,36.200201,5949.996474954,5949.996474954,uB,0.84599709,5.07598253,126896,0.19999438,126896,0.84599709,202.7
180,0,36.200201,5949.996474954,5949.996474954,ac,0.95174673,5.71048035,142758,0.19999438,142758,0.95174673,202.7
180,0,36.200201,5949.996474954,5949.996474954,ad,0.96616713,3.86466852,96614,0.19999438,96614,0.96616713,202.7
180,0,36.200201,5949.996474954,5949.996474954,bc,0.94213312,5.65279873,141316,0.19999438,141316,0.94213312,202.7
180,0,36.200201,5949.996474954,5949.996474954,bd,0.95174673,5.71048035,142758,0.19999438,142758,0.95174673,202.7
180,0,36.200201,5949.996474954,5949.996474954,vC,0.82917328,6.63338627,165830,0.19999438,165830,0.82917328,202.7
180,0,36.200201,5949.996474954,5949.996474954,vD,0.85561069,5.13366415,128338,0.19999438,128338,0.85561069,202.7
181,0,36.400207,5950.196481210,5950.196481210,uA,0.82191429,6.57531431,164388,0.20000626,164388,0.82191429,208.7
181,0,36.400207,5950.196481210,5950.196481210,uB,0.84594687,5.07568122,126896,0.20000626,126896,0.84594687,208.7
181,0,36.400207,5950.196481210,5950.196481210,ac,0.94207720,5.65246318,141316,0.20000626,141316,0.94207720,208.7
181,0,36.400207,5950.196481210,5950.196481210,ad,0.95169023,3.80676091,95172,0.20000626,95172,0.95169023,208.7
181,0,36.400207,5950.196481210,5950.196481210,bc,0.94207720,5.65246318,141316,0.20000626,141316,0.94207720,208.7
181,0,36.400207,5950.196481210,5950.196481210,bd,0.95169023,5.71014137,142758,0.20000626,142758,0.95169023,208.7
181,0,36.400207,5950.196481210,5950.196481210,vC,0.82191429,6.57531431,164388,0.20000626,164388,0.82191429,208.7
181,0,36.400207,5950.196481210,5950.196481210,vD,0.85555990,5.13335942,128338,0.20000626,128338,0.85555990,208.7
182,0,36.600223,5950.396497417,5950.396497417,uA,0.82187340,6.57498723,164388,0.20001621,164388,0.82187340,250.7
182,0,36.600223,5950.396497417,5950.396497417,uB,0.84590479,5.07542874,126896,0.20001621,126896,0.84590479,250.7
182,0,36.600223,5950.396497417,5950.396497417,ac,0.95164289,5.70985733,142758,0.20001621,142758,0.95164289,250.7
182,0,36.600223,5950.396497417,5950.396497417,ad,0.95164289,3.80657155,95172,0.20001621,95172,0.95164289,250.7
182,0,36.600223,5950.396497417,5950.396497417,bc,0.94203033,5.65218200,141316,0.20001621,141316,0.94203033,250.7
182,0,36.600223,5950.396497417,5950.396497417,bd,0.95164289,5.70985733,142758,0.20001621,142758,0.95164289,250.7
182,0,36.600223,5950.396497417,5950.396497417,vC,0.82187340,6.57498723,164388,0.20001621,164388,0.82187340,250.7
182,0,36.600223,5950.396497417,5950.396497417,vD,0.85551734,5.13310406,128338,0.20001621,128338,0.85551734,250.7
183,0,36.800220,5950.596494540,5950.596494540,uA,0.82916193,6.63329540,165830,0.19999712,165830,0.82916193,235.0
183,0,36.800220,5950.596494540,5950.596494540,uB,0.84598550,5.07591300,126896,0.19999712,126896,0.84598550,235.0
183,0,36.800220,5950.596494540,5950.596494540,ac,0.94212022,5.65272130,141316,0.19999712,141316,0.94212022,235.0
183,0,36.800220,5950.596494540,5950.596494540,ad,0.96615390,3.86461558,96614,0.19999712,96614,0.96615390,235.0
183,0,36.800220,5950.596494540,5950.596494540,bc,0.94212022,5.65272130,141316,0.19999712,141316,0.94212022,235.0
183,0,36.800220,5950.596494540,5950.596494540,bd,0.95173369,5.71040213,142758,0.19999712,142758,0.95173369,235.0
183,0,36.800220,5950.596494540,5950.596494540,vC,0.82195182,6.57561457,164388,0.19999712,164388,0.82195182,235.0
183,0,36.800220,5950.596494540,5950.596494540,vD,0.85559897,5.13359383,128338,0.19999712,128338,0.85559897,235.0
184,0,37.000209,5950.796482927,5950.796482927,uA,0.82198773,6.57590185,164388,0.19998839,164388,0.82198773,206.2
184,0,37.000209,5950.796482927,5950.796482927,uB,0.84602246,5.07613476,126896,0.19998839,126896,0.84602246,206.2
184,0,37.000209,5950.796482927,5950.796482927,ac,0.95177527,5.71065160,142758,0.19998839,142758,0.95177527,206.2
184,0,37.000209,5950.796482927,5950.796482927,ad,0.95177527,3.80710107,95172,0.19998839,95172,0.95177527,206.2
184,0,37.000209,5950.796482927,5950.796482927,bc,0.94216138,5.65296825,141316,0.19998839,141316,0.94216138,206.2
184,0,37.000209,5950.796482927,5950.796482927,bd,0.95177527,5.71065160,142758,0.19998839,142758,0.95177527,206.2
184,0,37.000209,5950.796482927,5950.796482927,vC,0.82919815,6.63358520,165830,0.19998839,165830,0.82919815,206.2
184,0,37.000209,5950.796482927,5950.796482927,vD,0.84602246,5.07613476,126896,0.19998839,126896,0.84602246,206.2
185,0,37.200237,5950.996511719,5950.996511719,uA,0.82182169,6.57457351,164388,0.20002879,164388,0.82182169,272.3
185,0,37.200237,5950.996511719,5950.996511719,uB,0.84585156,5.07510937,126896,0.20002879,126896,0.84585156,272.3
185,0,37.200237,5950.996511719,5950.996511719,ac,0.94197106,5.65182635,141316,0.20002879,141316,0.94197106,272.3
185,0,37.200237,5950.996511719,5950.996511719,ad,0.96600093,3.86400373,96614,0.20002879,96614,0.96600093,272.3
185,0,37.200237,5950.996511719,5950.996511719,bc,0.94197106,5.65182635,141316,0.20002879,141316,0.94197106,272.3
185,0,37.200237,5950.996511719,5950.996511719,bd,0.95158301,5.70949805,142758,0.20002879,142758,0.95158301,272.3
185,0,37.200237,5950.996511719,5950.996511719,vC,0.82182169,6.57457351,164388,0.20002879,164388,0.82182169,272.3
185,0,37.200237,5950.996511719,5950.996511719,vD,0.85546351,5.13278107,128338,0.20002879,128338,0.85546351,272.3
186,0,37.400233,5951.196507601,5951.196507601,uA,0.82195692,6.57565539,164388,0.19999588,164388,0.82195692,265.9
186,0,37.400233,5951.196507601,5951.196507601,uB,0.83637722,5.01826333,125454,0.19999588,125454,0.83637722,265.9
186,0,37.400233,5951.196507601,5951.196507601,ac,0.95173960,5.71043758,142758,0.19999588,142758,0.95173960,265.9
186,0,37.400233,5951.196507601,5951.196507601,ad,0.95173960,3.80695839,95172,0.19999588,95172,0.95173960,265.9
186,0,37.400233,5951.196507601,5951.196507601,bc,0.95173960,5.71043758,142758,0.19999588,142758,0.95173960,265.9
186,0,37.400233,5951.196507601,5951.196507601,bd,0.95173960,5.71043758,142758,0.19999588,142758,0.95173960,265.9
186,0,37.400233,5951.196507601,5951.196507601,vC,0.82195692,6.57565539,164388,0.19999588,164388,0.82195692,265.9
186,0,37.400233,5951.196507601,5951.196507601,vD,0.85560428,5.13362570,128338,0.19999588,128338,0.85560428,265.9
187,0,37.600241,5951.396515272,5951.396515272,uA,0.82911820,6.63294559,165830,0.20000767,165830,0.82911820,247.0
187,0,37.600241,5951.396515272,5951.396515272,uB,0.84594089,5.07564532,126896,0.20000767,126896,0.84594089,247.0
187,0,37.600241,5951.396515272,5951.396515272,ac,0.95168350,5.71010099,142758,0.20000767,142758,0.95168350,247.0
187,0,37.600241,5951.396515272,5951.396515272,ad,0.96610295,3.86441178,96614,0.20000767,96614,0.96610295,247.0
187,0,37.600241,5951.396515272,5951.396515272,bc,0.94207053,5.65242320,141316,0.20000767,141316,0.94207053,247.0
187,0,37.600241,5951.396515272,5951.396515272,bd,0.96129646,5.76777878,144200,0.20000767,144200,0.96129646,247.0
187,0,37.600241,5951.396515272,5951.396515272,vC,0.82911820,6.63294559,165830,0.20000767,165830,0.82911820,247.0
187,0,37.600241,5951.396515272,5951.396515272,vD,0.85555385,5.13332311,128338,0.20000767,128338,0.85555385,247.0
188,0,37.800212,5951.596486263,5951.596486263,uA,0.82205924,6.57647390,164388,0.19997099,164388,0.82205924,234.3
188,0,37.800212,5951.596486263,5951.596486263,uB,0.84609606,5.07657634,126896,0.19997099,126896,0.84609606,234.3
188,0,37.800212,5951.596486263,5951.596486263,ac,0.94224334,5.65346002,141316,0.19997099,141316,0.94224334,234.3
188,0,37.800212,5951.596486263,5951.596486263,ad,0.95185806,3.80743226,95172,0.19997099,95172,0.95185806,234.3
188,0,37.800212,5951.596486263,5951.596486263,bc,0.94224334,5.65346002,141316,0.19997099,141316,0.94224334,234.3
188,0,37.800212,5951.596486263,5951.596486263,bd,0.95185806,5.71114839,142758,0.19997099,142758,0.95185806,234.3
188,0,37.800212,5951.596486263,5951.596486263,vC,0.82205924,6.57647390,164388,0.19997099,164388,0.82205924,234.3
188,0,37.800212,5951.596486263,5951.596486263,vD,0.85571079,5.13426471,128338,0.19997099,128338,0.85571079,234.3
189,0,38.000211,5951.796485595,5951.796485595,uA,0.82194274,6.57554195,164388,0.19999933,164388,0.82194274,214.5
189,0,38.000211,5951.796485595,5951.796485595,uB,0.84597616,5.07585694,126896,0.19999933,126896,0.84597616,214.5
189,0,38.000211,5951.796485595,5951.796485595,ac,0.95172318,5.71033906,142758,0.19999933,142758,0.95172318,214.5
189,0,38.000211,5951.796485595,5951.796485595,ad,0.95172318,3.80689271,95172,0.19999933,95172,0.95172318,214.5
189,0,38.000211,5951.796485595,5951.796485595,bc,0.94210981,5.65265887,141316,0.19999933,141316,0.94210981,214.5
189,0,38.000211,5951.796485595,5951.796485595,bd,0.95172318,5.71033906,142758,0.19999933,142758,0.95172318,214.5
189,0,38.000211,5951.796485595,5951.796485595,vC,0.82194274,6.57554195,164388,0.19999933,164388,0.82194274,214.5
189,0,38.000211,5951.796485595,5951.796485595,vD,0.85558952,5.13353713,128338,0.19999933,128338,0.85558952,214.5
190,0,38.200225,5951.996498788,5951.996498788,uA,0.82909531,6.63276247,165830,0.20001319,165830,0.82909531,231.7
190,0,38.200225,5951.996498788,5951.996498788,uB,0.84591753,5.07550519,126896,0.20001319,126896,0.84591753,231.7
190,0,38.200225,5951.996498788,5951.996498788,ac,0.94204452,5.65226715,141316,0.20001319,141316,0.94204452,231.7
190,0,38.200225,5951.996498788,5951.996498788,ad,0.96607627,3.86430509,96614,0.20001319,96614,0.96607627,231.7
190,0,38.200225,5951.996498788,5951.996498788,bc,0.94204452,5.65226715,141316,0.20001319,141316,0.94204452,231.7
190,0,38.200225,5951.996498788,5951.996498788,bd,0.95165722,5.70994334,142758,0.20001319,142758,0.95165722,231.7
190,0,38.200225,5951.996498788,5951.996498788,vC,0.82188578,6.57508627,164388,0.20001319,164388,0.82188578,231.7
190,0,38.200225,5951.996498788,5951.996498788,vD,0.85553023,5.13318139,128338,0.20001319,128338,0.85553023,231.7
191,0,38.400238,5952.196512334,5952.196512334,uA,0.82188433,6.57507465,164388,0.20001355,164388,0.82188433,262.9
191,0,38.400238,5952.196512334,5952.196512334,uB,0.84591604,5.07549622,126896,0.20001355,126896,0.84591604,262.9
191,0,38.400238,5952.196512334,5952.196512334,ac,0.95165554,5.70993325,142758,0.20001355,142758,0.95165554,262.9
191,0,38.400238,5952.196512334,5952.196512334,ad,0.95165554,3.80662217,95172,0.20001355,95172,0.95165554,262.9
191,0,38.400238,5952.196512334,5952.196512334,bc,0.94204286,5.65225716,141316,0.20001355,141316,0.94204286,262.9
191,0,38.400238,5952.196512334,5952.196512334,bd,0.95165554,5.70993325,142758,0.20001355,142758,0.95165554,262.9
191,0,38.400238,5952.196512334,5952.196512334,vC,0.82909384,6.63275075,165830,0.20001355,165830,0.82909384,262.9
191,0,38.400238,5952.196512334,5952.196512334,vD,0.85552872,5.13317232,128338,0.20001355,128338,0.85552872,262.9
192,0,38.600205,5952.396479031,5952.396479031,uA,0.82207689,6.57661512,164388,0.19996670,164388,0.82207689,207.5
192,0,38.600205,5952.396479031,5952.396479031,uB,0.83649929,5.01899575,125454,0.19996670,125454,0.83649929,207.5
192,0,38.600205,5952.396479031,5952.396479031,ac,0.94226357,5.65358142,141316,0.19996670,141316,0.94226357,207.5
192,0,38.600205,5952.396479031,5952.396479031,ad,0.96630091,3.86520362,96614,0.19996670,96614,0.96630091,207.5
192,0,38.600205,5952.396479031,5952.396479031,bc,0.94226357,5.65358142,141316,0.19996670,141316,0.94226357,207.5
192,0,38.600205,5952.396479031,5952.396479031,bd,0.95187850,5.71127103,142758,0.19996670,142758,0.95187850,207.5
192,0,38.600205,5952.396479031,5952.396479031,vC,0.82207689,6.57661512,164388,0.19996670,164388,0.82207689,207.5
192,0,38.600205,5952.396479031,5952.396479031,vD,0.85572916,5.13437496,128338,0.19996670,128338,0.85572916,207.5
193,0,38.800214,5952.596488121,5952.596488121,uA,0.82190264,6.57522116,164388,0.20000909,164388,0.82190264,231.6
193,0,38.800214,5952.596488121,5952.596488121,uB,0.84593489,5.07560931,126896,0.20000909,126896,0.84593489,231.6
193,0,38.800214,5952.596488121,5952.596488121,ac,0.95167675,5.71006048,142758,0.20000909,142758,0.95167675,231.6
193,0,38.800214,5952.596488121,5952.596488121,ad,0.95167675,3.80670699,95172,0.20000909,95172,0.95167675,231.6
193,0,38.800214,5952.596488121,5952.596488121,bc,0.94206385,5.65238310,141316,0.20000909,141316,0.94206385,231.6
193,0,38.800214,5952.596488121,5952.596488121,bd,0.95167675,5.71006048,142758,0.20000909,142758,0.95167675,231.6
193,0,38.800214,5952.596488121,5952.596488121,vC,0.82190264,6.57522116,164388,0.20000909,164388,0.82190264,231.6
193,0,38.800214,5952.596488121,5952.596488121,vD,0.85554778,5.13328669,128338,0.20000909,128338,0.85554778,231.6
194,0,39.000197,5952.796471622,5952.796471622,uA,0.82921841,6.63374727,165830,0.19998350,165830,0.82921841,193.4
194,0,39.000197,5952.796471622,5952.796471622,uB,0.84604313,5.07625878,126896,0.19998350,126896,0.84604313,193.4
194,0,39.000197,5952.796471622,5952.796471622,ac,0.95179852,5.71079113,142758,0.19998350,142758,0.95179852,193.4
194,0,39.000197,5952.796471622,5952.796471622,ad,0.96621971,3.86487884,96614,0.19998350,96614,0.96621971,193.4
194,0,39.000197,5952.796471622,5952.796471622,bc,0.94218439,5.65310637,141316,0.19998350,141316,0.94218439,193.4
194,0,39.000197,5952.796471622,5952.796471622,bd,0.95179852,5.71079113,142758,0.19998350,142758,0.95179852,193.4
194,0,39.000197,5952.796471622,5952.796471622,vC,0.82921841,6.63374727,165830,0.19998350,165830,0.82921841,193.4
194,0,39.000197,5952.796471622,5952.796471622,vD,0.85565726,5.13394354,128338,0.19998350,128338,0.85565726,193.4
195,0,39.200196,5952.996470402,5952.996470402,uA,0.82194501,6.57556011,164388,0.19999878,164388,0.82194501,201.3
195,0,39.200196,5952.996470402,5952.996470402,uB,0.84597849,5.07587096,126896,0.19999878,126896,0.84597849,201.3
195,0,39.200196,5952.996470402,5952.996470402,ac,0.94211241,5.65267448,141316,0.19999878,141316,0.94211241,201.3
195,0,39.200196,5952.996470402,5952.996470402,ad,0.95172581,3.80690322,95172,0.19999878,95172,0.95172581,201.3
195,0,39.200196,5952.996470402,5952.996470402,bc,0.94211241,5.65267448,141316,0.19999878,141316,0.94211241,201.3
195,0,39.200196,5952.996470402,5952.996470402,bd,0.95172581,5.71035483,142758,0.19999878,142758,0.95172581,201.3
195,0,39.200196,5952.996470402,5952.996470402,vC,0.82194501,6.57556011,164388,0.19999878,164388,0.82194501,201.3
195,0,39.200196,5952.996470402,5952.996470402,vD,0.85559189,5.13355131,128338,0.19999878,128338,0.85559189,201.3
196,0,39.400224,5953.196498590,5953.196498590,uA,0.82182417,6.57459336,164388,0.20002819,164388,0.82182417,239.4
196,0,39.400224,5953.196498590,5953.196498590,uB,0.84585412,5.07512470,126896,0.20002819,126896,0.84585412,239.4
196,0,39.400224,5953.196498590,5953.196498590,ac,0.95158588,5.70951529,142758,0.20002819,142758,0.95158588,239.4
196,0,39.400224,5953.196498590,5953.196498590,ad,0.95158588,3.80634352,95172,0.20002819,95172,0.95158588,239.4
196,0,39.400224,5953.196498590,5953.196498590,bc,0.94197390,5.65184342,141316,0.20002819,141316,0.94197390,239.4
196,0,39.400224,5953.196498590,5953.196498590,bd,0.96119786,5.76718716,144200,0.20002819,144200,0.96119786,239.4
196,0,39.400224,5953.196498590,5953.196498590,vC,0.82182417,6.57459336,164388,0.20002819,164388,0.82182417,239.4
196,0,39.400224,5953.196498590,5953.196498590,vD,0.85546610,5.13279657,128338,0.20002819,128338,0.85546610,239.4
197,0,39.600304,5953.396577760,5953.396577760,uA,0.82882191,6.63057527,165830,0.20007917,165830,0.82882191,327.6
197,0,39.600304,5953.396577760,5953.396577760,uB,0.84563859,5.07383151,126896,0.20007917,126896,0.84563859,327.6
197,0,39.600304,5953.396577760,5953.396577760,ac,0.94173388,5.65040327,141316,0.20007917,141316,0.94173388,327.6
197,0,39.600304,5953.396577760,5953.396577760,ad,0.96575770,3.86303081,96614,0.20007917,96614,0.96575770,327.6
197,0,39.600304,5953.396577760,5953.396577760,bc,0.94173388,5.65040327,141316,0.20007917,141316,0.94173388,327.6
197,0,39.600304,5953.396577760,5953.396577760,bd,0.94173388,5.65040327,141316,0.20007917,141316,0.94173388,327.6
197,0,39.600304,5953.396577760,5953.396577760,vC,0.82161476,6.57291809,164388,0.20007917,164388,0.82161476,327.6
197,0,39.600304,5953.396577760,5953.396577760,vD,0.85524811,5.13148869,128338,0.20007917,128338,0.85524811,327.6
198,0,39.800210,5953.596484606,5953.596484606,uA,0.82232301,6.57858411,164388,0.19990685,164388,0.82232301,206.6
198,0,39.800210,5953.596484606,5953.596484606,uB,0.84636755,5.07820528,126896,0.19990685,126896,0.84636755,206.6
198,0,39.800210,5953.596484606,5953.596484606,ac,0.95216349,5.71298094,142758,0.19990685,142758,0.95216349,206.6
198,0,39.800210,5953.596484606,5953.596484606,ad,0.95216349,3.80865396,95172,0.19990685,95172,0.95216349,206.6
198,0,39.800210,5953.596484606,5953.596484606,bc,0.94254568,5.65527406,141316,0.19990685,141316,0.94254568,206.6
198,0,39.800210,5953.596484606,5953.596484606,bd,0.96178130,5.77068781,144200,0.19990685,144200,0.96178130,206.6
198,0,39.800210,5953.596484606,5953.596484606,vC,0.82953637,6.63629099,165830,0.19990685,165830,0.82953637,206.6
198,0,39.800210,5953.596484606,5953.596484606,vD,0.84636755,5.07820528,126896,0.19990685,126896,0.84636755,206.6
