sample_index,timestamp_s,monotonic_s,t_mono,cum_packets,cum_bytes,lag_s
0,0.000107,5782.055472170,5782.055472170,0,0,0.000000
1,0.010071,5782.065436091,5782.065436091,4,5600,0.000000
2,0.020066,5782.075431550,5782.075431550,9,12600,0.000000
3,0.030061,5782.085425876,5782.085425876,14,19600,0.000000
4,0.040068,5782.095433663,5782.095433663,19,26600,0.000000
5,0.050066,5782.105431339,5782.105431339,24,33600,0.000000
6,0.060065,5782.115429979,5782.115429979,29,40600,0.000000
7,0.070082,5782.125447249,5782.125447249,34,47600,0.000000
8,0.080063,5782.135428299,5782.135428299,39,54600,0.000000
9,0.090069,5782.145434769,5782.145434769,44,61600,0.000000
10,0.100090,5782.155454862,5782.155454862,49,68600,0.000000
11,0.110074,5782.165439712,5782.165439712,54,75600,0.000000
12,0.120063,5782.175428473,5782.175428473,59,82600,0.000000
13,0.130070,5782.185434964,5782.185434964,64,89600,0.000000
14,0.140067,5782.195431837,5782.195431837,69,96600,0.000000
15,0.150068,5782.205433203,5782.205433203,74,103600,0.000000
16,0.160069,5782.215434303,5782.215434303,79,110600,0.000000
17,0.170068,5782.225433472,5782.225433472,84,117600,0.000000
18,0.180064,5782.235429202,5782.235429202,89,124600,0.000000
19,0.190059,5782.245424222,5782.245424222,94,131600,0.000000
20,0.200061,5782.255426664,5782.255426664,99,138600,0.000000
21,0.210062,5782.265427743,5782.265427743,104,145600,0.000000
22,0.220033,5782.275398792,5782.275398792,109,152600,0.000000
23,0.230083,5782.285447950,5782.285447950,114,159600,0.000000
24,0.240067,5782.295432672,5782.295432672,118,165200,0.000000
25,0.250067,5782.305432447,5782.305432447,123,172200,0.000000
26,0.260070,5782.315435152,5782.315435152,128,179200,0.000000
27,0.270067,5782.325432646,5782.325432646,133,186200,0.000000
28,0.280069,5782.335434038,5782.335434038,138,193200,0.000000
29,0.290065,5782.345430761,5782.345430761,143,200200,0.000000
30,0.300073,5782.355438724,5782.355438724,148,207200,0.000000
31,0.310068,5782.365433202,5782.365433202,153,214200,0.000000
32,0.320069,5782.375434727,5782.375434727,158,221200,0.000000
33,0.330066,5782.385430988,5782.385430988,163,228200,0.000000
34,0.340063,5782.395428817,5782.395428817,168,235200,0.000000
35,0.350068,5782.405433271,5782.405433271,173,242200,0.000000
36,0.360067,5782.415431852,5782.415431852,178,249200,0.000000
37,0.370078,5782.425443076,5782.425443076,183,256200,0.000000
38,0.380072,5782.435437137,5782.435437137,188,263200,0.000000
39,0.390066,5782.445431521,5782.445431521,193,270200,0.000000
40,0.400063,5782.455428002,5782.455428002,198,277200,0.000000
41,0.410067,5782.465432082,5782.465432082,203,284200,0.000000
42,0.420068,5782.475432841,5782.475432841,208,291200,0.000000
43,0.430025,5782.485389852,5782.485389852,213,298200,0.000000
44,0.440058,5782.495423100,5782.495423100,218,305200,0.000000
45,0.450086,5782.505451386,5782.505451386,223,312200,0.000000
46,0.460064,5782.515429245,5782.515429245,227,317800,0.000000
47,0.470061,5782.525426266,5782.525426266,232,324800,0.000000
48,0.480061,5782.535426193,5782.535426193,237,331800,0.000000
49,0.490065,5782.545430795,5782.545430795,242,338800,0.000000
50,0.500067,5782.555432030,5782.555432030,247,345800,0.000000
51,0.510060,5782.565424846,5782.565424846,252,352800,0.000000
52,0.520069,5782.575434069,5782.575434069,257,359800,0.000000
53,0.530022,5782.585386877,5782.585386877,262,366800,0.000000
54,0.540063,5782.595428769,5782.595428769,267,373800,0.000000
55,0.550063,5782.605428819,5782.605428819,272,380800,0.000000
56,0.560074,5782.615439139,5782.615439139,277,387800,0.000000
57,0.570065,5782.625430292,5782.625430292,282,394800,0.000000
58,0.580064,5782.635429313,5782.635429313,287,401800,0.000000
59,0.590065,5782.645430684,5782.645430684,292,408800,0.000000
60,0.600065,5782.655430324,5782.655430324,297,415800,0.000000
61,0.610073,5782.665438272,5782.665438272,302,422800,0.000000
62,0.620067,5782.675432463,5782.675432463,307,429800,0.000000
63,0.630070,5782.685434997,5782.685434997,312,436800,0.000000
64,0.640062,5782.695426998,5782.695426998,317,443800,0.000000
65,0.650065,5782.705430235,5782.705430235,322,450800,0.000000
66,0.660072,5782.715437781,5782.715437781,327,457800,0.000000
67,0.670054,5782.725419116,5782.725419116,332,464800,0.000000
68,0.680083,5782.735448337,5782.735448337,337,471800,0.000000
69,0.690064,5782.745429177,5782.745429177,341,477400,0.000000
70,0.700066,5782.755431520,5782.755431520,346,484400,0.000000
71,0.710067,5782.765431831,5782.765431831,351,491400,0.000000
72,0.720068,5782.775433044,5782.775433044,356,498400,0.000000
73,0.730068,5782.785433791,5782.785433791,361,505400,0.000000
74,0.740067,5782.795432676,5782.795432676,366,512400,0.000000
75,0.750067,5782.805432507,5782.805432507,371,519400,0.000000
76,0.760068,5782.815433738,5782.815433738,376,526400,0.000000
77,0.770047,5782.825412561,5782.825412561,381,533400,0.000000
78,0.780067,5782.835431966,5782.835431966,386,540400,0.000000
79,0.790062,5782.845427802,5782.845427802,391,547400,0.000000
80,0.800068,5782.855433210,5782.855433210,396,554400,0.000000
81,0.810064,5782.865429277,5782.865429277,401,561400,0.000000
82,0.820063,5782.875427977,5782.875427977,406,568400,0.000000
83,0.830070,5782.885435316,5782.885435316,411,575400,0.000000
84,0.840066,5782.895431439,5782.895431439,416,582400,0.000000
85,0.850064,5782.905429379,5782.905429379,421,589400,0.000000
86,0.860063,5782.915427973,5782.915427973,426,596400,0.000000
87,0.870058,5782.925423639,5782.925423639,431,603400,0.000000
88,0.880043,5782.935408776,5782.935408776,436,610400,0.000000
89,0.890063,5782.945428498,5782.945428498,441,617400,0.000000
90,0.900081,5782.955446313,5782.955446313,446,624400,0.000000
91,0.910066,5782.965431634,5782.965431634,450,630000,0.000000
92,0.920062,5782.975427173,5782.975427173,455,637000,0.000000
93,0.930068,5782.985433282,5782.985433282,460,644000,0.000000
94,0.940068,5782.995433086,5782.995433086,465,651000,0.000000
95,0.950070,5783.005435688,5783.005435688,470,658000,0.000000
96,0.960059,5783.015424440,5783.015424440,475,665000,0.000000
97,0.970059,5783.025424630,5783.025424630,480,672000,0.000000
98,0.980048,5783.035413132,5783.035413132,485,679000,0.000000
99,0.990062,5783.045427191,5783.045427191,490,686000,0.000000
100,1.000068,5783.055433398,5783.055433398,495,693000,0.000000
101,1.010066,5783.065431821,5783.065431821,500,700000,0.000000
102,1.020064,5783.075429516,5783.075429516,505,707000,0.000000
103,1.030064,5783.085429814,5783.085429814,510,714000,0.000000
104,1.040073,5783.095438579,5783.095438579,515,721000,0.000000
105,1.050068,5783.105432976,5783.105432976,520,728000,0.000000
106,1.060068,5783.115432973,5783.115432973,525,735000,0.000000
107,1.070067,5783.125431965,5783.125431965,530,742000,0.000000
108,1.080062,5783.135427442,5783.135427442,535,749000,0.000000
109,1.090062,5783.145426909,5783.145426909,540,756000,0.000000
110,1.100066,5783.155431607,5783.155431607,545,763000,0.000000
111,1.110064,5783.165429647,5783.165429647,550,770000,0.000000
112,1.120074,5783.175438832,5783.175438832,555,777000,0.000000
113,1.130070,5783.185435472,5783.185435472,559,782600,0.000000
114,1.140040,5783.195404870,5783.195404870,564,789600,0.000000
115,1.150064,5783.205429659,5783.205429659,569,796600,0.000000
116,1.160071,5783.215436816,5783.215436816,574,803600,0.000000
117,1.170078,5783.225443171,5783.225443171,579,810600,0.000000
118,1.180068,5783.235433451,5783.235433451,584,817600,0.000000
119,1.190061,5783.245425935,5783.245425935,589,824600,0.000000
120,1.200063,5783.255428469,5783.255428469,594,831600,0.000000
121,1.210069,5783.265434357,5783.265434357,599,838600,0.000000
122,1.220070,5783.275435741,5783.275435741,604,845600,0.000000
123,1.230069,5783.285434611,5783.285434611,609,852600,0.000000
124,1.240065,5783.295430199,5783.295430199,614,859600,0.000000
125,1.250072,5783.305437387,5783.305437387,619,866600,0.000000
126,1.260073,5783.315438527,5783.315438527,624,873600,0.000000
127,1.270067,5783.325432390,5783.325432390,629,880600,0.000000
128,1.280070,5783.335435707,5783.335435707,634,887600,0.000000
129,1.290068,5783.345432941,5783.345432941,639,894600,0.000000
130,1.300058,5783.355423542,5783.355423542,644,901600,0.000000
131,1.310080,5783.365445387,5783.365445387,649,908600,0.000000
132,1.320058,5783.375423704,5783.375423704,654,915600,0.000000
133,1.330060,5783.385425573,5783.385425573,659,922600,0.000000
134,1.340060,5783.395425566,5783.395425566,664,929600,0.000000
135,1.350079,5783.405444714,5783.405444714,669,936600,0.000000
136,1.360067,5783.415432305,5783.415432305,673,942200,0.000000
137,1.370066,5783.425431268,5783.425431268,678,949200,0.000000
138,1.380058,5783.435423536,5783.435423536,683,956200,0.000000
139,1.390066,5783.445430890,5783.445430890,688,963200,0.000000
140,1.400066,5783.455431466,5783.455431466,693,970200,0.000000
141,1.410087,5783.465451945,5783.465451945,698,977200,0.000000
142,1.420064,5783.475429815,5783.475429815,703,984200,0.000000
143,1.430021,5783.485386021,5783.485386021,708,991200,0.000000
144,1.440066,5783.495431249,5783.495431249,713,998200,0.000000
145,1.450065,5783.505430136,5783.505430136,718,1005200,0.000000
146,1.460060,5783.515424915,5783.515424915,723,1012200,0.000000
147,1.470063,5783.525428199,5783.525428199,728,1019200,0.000000
148,1.480060,5783.535424961,5783.535424961,733,1026200,0.000000
149,1.490059,5783.545424191,5783.545424191,738,1033200,0.000000
150,1.500065,5783.555430283,5783.555430283,743,1040200,0.000000
151,1.510064,5783.565429656,5783.565429656,748,1047200,0.000000
152,1.520065,5783.575430389,5783.575430389,753,1054200,0.000000
153,1.530058,5783.585423226,5783.585423226,758,1061200,0.000000
154,1.540060,5783.595425166,5783.595425166,763,1068200,0.000000
155,1.550036,5783.605401561,5783.605401561,768,1075200,0.000000
156,1.560011,5783.615376213,5783.615376213,773,1082200,0.000000
157,1.570088,5783.625453544,5783.625453544,778,1089200,0.000000
158,1.580070,5783.635435339,5783.635435339,782,1094800,0.000000
159,1.590071,5783.645435876,5783.645435876,787,1101800,0.000000
160,1.600066,5783.655431255,5783.655431255,792,1108800,0.000000
161,1.610067,5783.665431875,5783.665431875,797,1115800,0.000000
162,1.620068,5783.675433592,5783.675433592,802,1122800,0.000000
163,1.630021,5783.685386178,5783.685386178,807,1129800,0.000000
164,1.640067,5783.695432093,5783.695432093,812,1136800,0.000000
165,1.650069,5783.705434715,5783.705434715,817,1143800,0.000000
166,1.660069,5783.715434438,5783.715434438,822,1150800,0.000000
167,1.670059,5783.725424449,5783.725424449,827,1157800,0.000000
168,1.680067,5783.735432729,5783.735432729,832,1164800,0.000000
169,1.690064,5783.745429234,5783.745429234,837,1171800,0.000000
170,1.700069,5783.755434131,5783.755434131,842,1178800,0.000000
171,1.710021,5783.765386154,5783.765386154,847,1185800,0.000000
172,1.720064,5783.775429440,5783.775429440,852,1192800,0.000000
173,1.730059,5783.785424751,5783.785424751,857,1199800,0.000000
174,1.740064,5783.795429580,5783.795429580,862,1206800,0.000000
175,1.750065,5783.805430491,5783.805430491,867,1213800,0.000000
176,1.760068,5783.815433069,5783.815433069,872,1220800,0.000000
177,1.770058,5783.825423739,5783.825423739,877,1227800,0.000000
178,1.780062,5783.835427201,5783.835427201,882,1234800,0.000000
179,1.790062,5783.845427163,5783.845427163,887,1241800,0.000000
180,1.800071,5783.855436298,5783.855436298,891,1247400,0.000000
181,1.810066,5783.865431172,5783.865431172,896,1254400,0.000000
182,1.820065,5783.875430228,5783.875430228,901,1261400,0.000000
183,1.830064,5783.885429682,5783.885429682,906,1268400,0.000000
184,1.840028,5783.895392876,5783.895392876,911,1275400,0.000000
185,1.850069,5783.905434549,5783.905434549,916,1282400,0.000000
186,1.860066,5783.915431727,5783.915431727,921,1289400,0.000000
187,1.870066,5783.925431529,5783.925431529,926,1296400,0.000000
188,1.880065,5783.935430658,5783.935430658,931,1303400,0.000000
189,1.890066,5783.945431373,5783.945431373,936,1310400,0.000000
190,1.900070,5783.955434940,5783.955434940,941,1317400,0.000000
191,1.910023,5783.965388595,5783.965388595,946,1324400,0.000000
192,1.920065,5783.975430594,5783.975430594,951,1331400,0.000000
193,1.930065,5783.985430110,5783.985430110,956,1338400,0.000000
194,1.940054,5783.995419646,5783.995419646,961,1345400,0.000000
195,1.950067,5784.005432628,5784.005432628,966,1352400,0.000000
196,1.960065,5784.015430214,5784.015430214,971,1359400,0.000000
197,1.970067,5784.025432765,5784.025432765,976,1366400,0.000000
198,1.980075,5784.035440778,5784.035440778,981,1373400,0.000000
199,1.990065,5784.045430041,5784.045430041,986,1380400,0.000000
200,2.000045,5784.055409881,5784.055409881,991,1387400,0.000000
201,2.010035,5784.065400403,5784.065400403,996,1394400,0.000000
202,2.020094,5784.075459249,5784.075459249,1001,1401400,0.000000
203,2.030074,5784.085439345,5784.085439345,1005,1407000,0.000000
204,2.040078,5784.095443785,5784.095443785,1010,1414000,0.000000
205,2.050070,5784.105435576,5784.105435576,1015,1421000,0.000000
206,2.060074,5784.115439106,5784.115439106,1020,1428000,0.000000
207,2.070071,5784.125436757,5784.125436757,1025,1435000,0.000000
208,2.080070,5784.135435163,5784.135435163,1030,1442000,0.000000
209,2.090072,5784.145437609,5784.145437609,1035,1449000,0.000000
210,2.100070,5784.155435533,5784.155435533,1040,1456000,0.000000
211,2.110068,5784.165432957,5784.165432957,1045,1463000,0.000000
212,2.120073,5784.175437903,5784.175437903,1050,1470000,0.000000
213,2.130073,5784.185438628,5784.185438628,1055,1477000,0.000000
214,2.140065,5784.195430510,5784.195430510,1060,1484000,0.000000
215,2.150067,5784.205431874,5784.205431874,1065,1491000,0.000000
216,2.160066,5784.215431007,5784.215431007,1070,1498000,0.000000
217,2.170091,5784.225456733,5784.225456733,1075,1505000,0.000000
218,2.180061,5784.235426150,5784.235426150,1080,1512000,0.000000
219,2.190058,5784.245423112,5784.245423112,1085,1519000,0.000000
220,2.200066,5784.255431429,5784.255431429,1090,1526000,0.000000
221,2.210062,5784.265427537,5784.265427537,1095,1533000,0.000000
222,2.220061,5784.275426531,5784.275426531,1100,1540000,0.000000
223,2.230063,5784.285428633,5784.285428633,1105,1547000,0.000000
224,2.240072,5784.295437798,5784.295437798,1110,1554000,0.000000
225,2.250067,5784.305432421,5784.305432421,1114,1559600,0.000000
226,2.260067,5784.315431986,5784.315431986,1119,1566600,0.000000
227,2.270064,5784.325429165,5784.325429165,1124,1573600,0.000000
228,2.280066,5784.335431500,5784.335431500,1129,1580600,0.000000
229,2.290065,5784.345430245,5784.345430245,1134,1587600,0.000000
230,2.300071,5784.355436201,5784.355436201,1139,1594600,0.000000
231,2.310067,5784.365431869,5784.365431869,1144,1601600,0.000000
232,2.320068,5784.375433443,5784.375433443,1149,1608600,0.000000
233,2.330060,5784.385425394,5784.385425394,1154,1615600,0.000000
234,2.340064,5784.395429270,5784.395429270,1159,1622600,0.000000
235,2.350065,5784.405430568,5784.405430568,1164,1629600,0.000000
236,2.360064,5784.415429011,5784.415429011,1169,1636600,0.000000
237,2.370087,5784.425452719,5784.425452719,1174,1643600,0.000000
238,2.380078,5784.435443513,5784.435443513,1179,1650600,0.000000
239,2.390064,5784.445429734,5784.445429734,1184,1657600,0.000000
240,2.400059,5784.455424612,5784.455424612,1189,1664600,0.000000
241,2.410059,5784.465424415,5784.465424415,1194,1671600,0.000000
242,2.420068,5784.475433366,5784.475433366,1199,1678600,0.000000
243,2.430058,5784.485423320,5784.485423320,1204,1685600,0.000000
244,2.440059,5784.495424229,5784.495424229,1209,1692600,0.000000
245,2.450059,5784.505423974,5784.505423974,1214,1699600,0.000000
246,2.460043,5784.515408404,5784.515408404,1219,1706600,0.000000
247,2.470075,5784.525440529,5784.525440529,1224,1713600,0.000000
248,2.480065,5784.535430673,5784.535430673,1228,1719200,0.000000
249,2.490064,5784.545429346,5784.545429346,1233,1726200,0.000000
250,2.500068,5784.555433467,5784.555433467,1238,1733200,0.000000
251,2.510060,5784.565425574,5784.565425574,1243,1740200,0.000000
252,2.520061,5784.575426130,5784.575426130,1248,1747200,0.000000
253,2.530065,5784.585430233,5784.585430233,1253,1754200,0.000000
254,2.540060,5784.595425812,5784.595425812,1258,1761200,0.000000
255,2.550076,5784.605441591,5784.605441591,1263,1768200,0.000000
256,2.560079,5784.615443988,5784.615443988,1268,1775200,0.000000
257,2.570065,5784.625430062,5784.625430062,1273,1782200,0.000000
258,2.580067,5784.635432730,5784.635432730,1278,1789200,0.000000
259,2.590065,5784.645429862,5784.645429862,1283,1796200,0.000000
260,2.600070,5784.655435100,5784.655435100,1288,1803200,0.000000
261,2.610028,5784.665393252,5784.665393252,1293,1810200,0.000000
262,2.620072,5784.675437052,5784.675437052,1298,1817200,0.000000
263,2.630077,5784.685442473,5784.685442473,1303,1824200,0.000000
264,2.640067,5784.695432688,5784.695432688,1308,1831200,0.000000
265,2.650063,5784.705428303,5784.705428303,1313,1838200,0.000000
266,2.660063,5784.715428234,5784.715428234,1318,1845200,0.000000
267,2.670060,5784.725424970,5784.725424970,1323,1852200,0.000000
268,2.680005,5784.735370069,5784.735370069,1328,1859200,0.000000
269,2.690076,5784.745440902,5784.745440902,1333,1866200,0.000000
270,2.700067,5784.755432812,5784.755432812,1337,1871800,0.000000
271,2.710065,5784.765430427,5784.765430427,1342,1878800,0.000000
272,2.720064,5784.775429747,5784.775429747,1347,1885800,0.000000
273,2.730065,5784.785429900,5784.785429900,1352,1892800,0.000000
274,2.740060,5784.795425221,5784.795425221,1357,1899800,0.000000
275,2.750065,5784.805430019,5784.805430019,1362,1906800,0.000000
276,2.760070,5784.815435041,5784.815435041,1367,1913800,0.000000
277,2.770069,5784.825434106,5784.825434106,1372,1920800,0.000000
278,2.780064,5784.835429547,5784.835429547,1377,1927800,0.000000
279,2.790075,5784.845440760,5784.845440760,1382,1934800,0.000000
280,2.800078,5784.855443588,5784.855443588,1387,1941800,0.000000
281,2.810067,5784.865432812,5784.865432812,1392,1948800,0.000000
282,2.820076,5784.875441547,5784.875441547,1397,1955800,0.000000
283,2.830067,5784.885432795,5784.885432795,1402,1962800,0.000000
284,2.840072,5784.895437770,5784.895437770,1407,1969800,0.000000
285,2.850067,5784.905432044,5784.905432044,1412,1976800,0.000000
286,2.860068,5784.915433526,5784.915433526,1417,1983800,0.000000
287,2.870062,5784.925427694,5784.925427694,1422,1990800,0.000000
288,2.880063,5784.935427871,5784.935427871,1427,1997800,0.000000
289,2.890065,5784.945430138,5784.945430138,1432,2004800,0.000000
290,2.900063,5784.955427931,5784.955427931,1437,2011800,0.000000
291,2.910020,5784.965385353,5784.965385353,1442,2018800,0.000000
292,2.920065,5784.975430793,5784.975430793,1446,2024400,0.000000
293,2.930070,5784.985435670,5784.985435670,1451,2031400,0.000000
294,2.940068,5784.995433166,5784.995433166,1456,2038400,0.000000
295,2.950070,5785.005435183,5785.005435183,1461,2045400,0.000000
296,2.960085,5785.015450077,5785.015450077,1466,2052400,0.000000
297,2.970066,5785.025431591,5785.025431591,1471,2059400,0.000000
298,2.980069,5785.035434251,5785.035434251,1476,2066400,0.000000
299,2.990064,5785.045429534,5785.045429534,1481,2073400,0.000000
300,3.000070,5785.055435015,5785.055435015,1486,2080400,0.000000
301,3.010078,5785.065443445,5785.065443445,1491,2087400,0.000000
302,3.020069,5785.075434347,5785.075434347,1496,2094400,0.000000
303,3.030060,5785.085424912,5785.085424912,1501,2101400,0.000000
304,3.040069,5785.095433868,5785.095433868,1506,2108400,0.000000
305,3.050063,5785.105428693,5785.105428693,1511,2115400,0.000000
306,3.060068,5785.115433421,5785.115433421,1516,2122400,0.000000
307,3.070091,5785.125456222,5785.125456222,1521,2129400,0.000000
308,3.080059,5785.135424176,5785.135424176,1526,2136400,0.000000
309,3.090063,5785.145428571,5785.145428571,1531,2143400,0.000000
310,3.100047,5785.155412348,5785.155412348,1536,2150400,0.000000
311,3.110062,5785.165427332,5785.165427332,1541,2157400,0.000000
312,3.120042,5785.175407298,5785.175407298,1546,2164400,0.000000
313,3.130049,5785.185413996,5785.185413996,1551,2171400,0.000000
314,3.140077,5785.195442500,5785.195442500,1556,2178400,0.000000
315,3.150067,5785.205431927,5785.205431927,1560,2184000,0.000000
316,3.160074,5785.215439583,5785.215439583,1565,2191000,0.000000
317,3.170070,5785.225435139,5785.225435139,1570,2198000,0.000000
318,3.180063,5785.235428540,5785.235428540,1575,2205000,0.000000
319,3.190067,5785.245431982,5785.245431982,1580,2212000,0.000000
320,3.200067,5785.255432612,5785.255432612,1585,2219000,0.000000
321,3.210066,5785.265430995,5785.265430995,1590,2226000,0.000000
322,3.220065,5785.275429982,5785.275429982,1595,2233000,0.000000
323,3.230068,5785.285433404,5785.285433404,1600,2240000,0.000000
324,3.240069,5785.295434782,5785.295434782,1605,2247000,0.000000
325,3.250065,5785.305430009,5785.305430009,1610,2254000,0.000000
326,3.260069,5785.315434774,5785.315434774,1615,2261000,0.000000
327,3.270072,5785.325437758,5785.325437758,1620,2268000,0.000000
328,3.280065,5785.335429924,5785.335429924,1625,2275000,0.000000
329,3.290065,5785.345430329,5785.345430329,1630,2282000,0.000000
330,3.300066,5785.355431589,5785.355431589,1635,2289000,0.000000
331,3.310063,5785.365428352,5785.365428352,1640,2296000,0.000000
332,3.320069,5785.375434018,5785.375434018,1645,2303000,0.000000
333,3.330057,5785.385422748,5785.385422748,1650,2310000,0.000000
334,3.340062,5785.395427077,5785.395427077,1655,2317000,0.000000
335,3.350012,5785.405377366,5785.405377366,1660,2324000,0.000000
336,3.360079,5785.415444583,5785.415444583,1665,2331000,0.000000
337,3.370070,5785.425435672,5785.425435672,1669,2336600,0.000000
338,3.380063,5785.435428666,5785.435428666,1674,2343600,0.000000
339,3.390068,5785.445433625,5785.445433625,1679,2350600,0.000000
340,3.400067,5785.455432666,5785.455432666,1684,2357600,0.000000
341,3.410064,5785.465428998,5785.465428998,1689,2364600,0.000000
342,3.420066,5785.475431776,5785.475431776,1694,2371600,0.000000
343,3.430065,5785.485429877,5785.485429877,1699,2378600,0.000000
344,3.440077,5785.495442033,5785.495442033,1704,2385600,0.000000
345,3.450027,5785.505391998,5785.505391998,1709,2392600,0.000000
346,3.460070,5785.515435578,5785.515435578,1714,2399600,0.000000
347,3.470071,5785.525436346,5785.525436346,1719,2406600,0.000000
348,3.480065,5785.535429848,5785.535429848,1724,2413600,0.000000
349,3.490064,5785.545429078,5785.545429078,1729,2420600,0.000000
350,3.500066,5785.555431394,5785.555431394,1734,2427600,0.000000
351,3.510065,5785.565430557,5785.565430557,1739,2434600,0.000000
352,3.520075,5785.575440658,5785.575440658,1744,2441600,0.000000
353,3.530067,5785.585432461,5785.585432461,1749,2448600,0.000000
354,3.540059,5785.595424118,5785.595424118,1754,2455600,0.000000
355,3.550063,5785.605428147,5785.605428147,1759,2462600,0.000000
356,3.560061,5785.615426520,5785.615426520,1764,2469600,0.000000
357,3.570062,5785.625427301,5785.625427301,1769,2476600,0.000000
358,3.580037,5785.635402338,5785.635402338,1774,2483600,0.000000
359,3.590045,5785.645410776,5785.645410776,1778,2489200,0.000000
360,3.600067,5785.655432349,5785.655432349,1783,2496200,0.000000
361,3.610069,5785.665433972,5785.665433972,1788,2503200,0.000000
362,3.620066,5785.675431242,5785.675431242,1793,2510200,0.000000
363,3.630064,5785.685429540,5785.685429540,1798,2517200,0.000000
364,3.640065,5785.695430025,5785.695430025,1803,2524200,0.000000
365,3.650065,5785.705430468,5785.705430468,1808,2531200,0.000000
366,3.660065,5785.715430074,5785.715430074,1813,2538200,0.000000
367,3.670071,5785.725436214,5785.725436214,1818,2545200,0.000000
368,3.680091,5785.735456164,5785.735456164,1823,2552200,0.000000
369,3.690062,5785.745427386,5785.745427386,1828,2559200,0.000000
370,3.700069,5785.755434284,5785.755434284,1833,2566200,0.000000
371,3.710066,5785.765430924,5785.765430924,1838,2573200,0.000000
372,3.720063,5785.775428593,5785.775428593,1843,2580200,0.000000
373,3.730059,5785.785424559,5785.785424559,1848,2587200,0.000000
374,3.740064,5785.795428997,5785.795428997,1853,2594200,0.000000
375,3.750063,5785.805428173,5785.805428173,1858,2601200,0.000000
376,3.760058,5785.815422985,5785.815422985,1863,2608200,0.000000
377,3.770026,5785.825391605,5785.825391605,1868,2615200,0.000000
378,3.780064,5785.835428965,5785.835428965,1873,2622200,0.000000
379,3.790045,5785.845410127,5785.845410127,1878,2629200,0.000000
380,3.800015,5785.855380792,5785.855380792,1883,2636200,0.000000
381,3.810077,5785.865442116,5785.865442116,1888,2643200,0.000000
382,3.820069,5785.875434389,5785.875434389,1892,2648800,0.000000
383,3.830069,5785.885434386,5785.885434386,1897,2655800,0.000000
384,3.840072,5785.895437432,5785.895437432,1902,2662800,0.000000
385,3.850069,5785.905434160,5785.905434160,1907,2669800,0.000000
386,3.860060,5785.915425206,5785.915425206,1912,2676800,0.000000
387,3.870062,5785.925427458,5785.925427458,1917,2683800,0.000000
388,3.880069,5785.935434605,5785.935434605,1922,2690800,0.000000
389,3.890067,5785.945431940,5785.945431940,1927,2697800,0.000000
390,3.900070,5785.955435588,5785.955435588,1932,2704800,0.000000
391,3.910068,5785.965433019,5785.965433019,1937,2711800,0.000000
392,3.920068,5785.975432883,5785.975432883,1942,2718800,0.000000
393,3.930067,5785.985432360,5785.985432360,1947,2725800,0.000000
394,3.940068,5785.995433502,5785.995433502,1952,2732800,0.000000
395,3.950069,5786.005434598,5786.005434598,1957,2739800,0.000000
396,3.960065,5786.015430568,5786.015430568,1962,2746800,0.000000
397,3.970064,5786.025429514,5786.025429514,1967,2753800,0.000000
398,3.980065,5786.035430408,5786.035430408,1972,2760800,0.000000
399,3.990063,5786.045428197,5786.045428197,1977,2767800,0.000000
400,4.000062,5786.055426950,5786.055426950,1982,2774800,0.000000
401,4.010063,5786.065428091,5786.065428091,1987,2781800,0.000000
402,4.020065,5786.075430276,5786.075430276,1992,2788800,0.000000
403,4.030055,5786.085420746,5786.085420746,1997,2795800,0.000000
404,4.040067,5786.095432680,5786.095432680,2001,2801400,0.000000
405,4.050067,5786.105432776,5786.105432776,2006,2808400,0.000000
406,4.060083,5786.115448225,5786.115448225,2011,2815400,0.000000
407,4.070074,5786.125439358,5786.125439358,2016,2822400,0.000000
408,4.080067,5786.135431998,5786.135431998,2021,2829400,0.000000
409,4.090067,5786.145431978,5786.145431978,2026,2836400,0.000000
410,4.100067,5786.155432139,5786.155432139,2031,2843400,0.000000
411,4.110068,5786.165433625,5786.165433625,2036,2850400,0.000000
412,4.120066,5786.175431665,5786.175431665,2041,2857400,0.000000
413,4.130071,5786.185436655,5786.185436655,2046,2864400,0.000000
414,4.140065,5786.195429892,5786.195429892,2051,2871400,0.000000
415,4.150012,5786.205377730,5786.205377730,2056,2878400,0.000000
416,4.160066,5786.215431339,5786.215431339,2061,2885400,0.000000
417,4.170065,5786.225430767,5786.225430767,2066,2892400,0.000000
418,4.180053,5786.235418289,5786.235418289,2071,2899400,0.000000
419,4.190071,5786.245436133,5786.245436133,2076,2906400,0.000000
420,4.200064,5786.255429146,5786.255429146,2081,2913400,0.000000
421,4.210065,5786.265429960,5786.265429960,2086,2920400,0.000000
422,4.220063,5786.275428145,5786.275428145,2091,2927400,0.000000
423,4.230068,5786.285433695,5786.285433695,2096,2934400,0.000000
424,4.240051,5786.295416766,5786.295416766,2101,2941400,0.000000
425,4.250024,5786.305388902,5786.305388902,2106,2948400,0.000000
426,4.260089,5786.315453850,5786.315453850,2111,2955400,0.000000
427,4.270069,5786.325434413,5786.325434413,2115,2961000,0.000000
428,4.280062,5786.335426867,5786.335426867,2120,2968000,0.000000
429,4.290070,5786.345435124,5786.345435124,2125,2975000,0.000000
430,4.300064,5786.355429572,5786.355429572,2130,2982000,0.000000
431,4.310070,5786.365435826,5786.365435826,2135,2989000,0.000000
432,4.320070,5786.375435323,5786.375435323,2140,2996000,0.000000
433,4.330061,5786.385426788,5786.385426788,2145,3003000,0.000000
434,4.340074,5786.395439139,5786.395439139,2150,3010000,0.000000
435,4.350070,5786.405435775,5786.405435775,2155,3017000,0.000000
436,4.360066,5786.415431056,5786.415431056,2160,3024000,0.000000
437,4.370064,5786.425429002,5786.425429002,2165,3031000,0.000000
438,4.380065,5786.435430649,5786.435430649,2170,3038000,0.000000
439,4.390064,5786.445429214,5786.445429214,2175,3045000,0.000000
440,4.400065,5786.455430049,5786.455430049,2180,3052000,0.000000
441,4.410068,5786.465433602,5786.465433602,2185,3059000,0.000000
442,4.420067,5786.475432805,5786.475432805,2190,3066000,0.000000
443,4.430068,5786.485432957,5786.485432957,2195,3073000,0.000000
444,4.440065,5786.495430241,5786.495430241,2200,3080000,0.000000
445,4.450059,5786.505424618,5786.505424618,2205,3087000,0.000000
446,4.460015,5786.515380275,5786.515380275,2210,3094000,0.000000
447,4.470010,5786.525374860,5786.525374860,2215,3101000,0.000000
448,4.480078,5786.535443222,5786.535443222,2220,3108000,0.000000
449,4.490082,5786.545447616,5786.545447616,2224,3113600,0.000000
450,4.500064,5786.555429732,5786.555429732,2229,3120600,0.000000
451,4.510066,5786.565431396,5786.565431396,2234,3127600,0.000000
452,4.520066,5786.575431578,5786.575431578,2239,3134600,0.000000
453,4.530064,5786.585429374,5786.585429374,2244,3141600,0.000000
454,4.540064,5786.595429697,5786.595429697,2249,3148600,0.000000
455,4.550063,5786.605428581,5786.605428581,2254,3155600,0.000000
456,4.560059,5786.615424543,5786.615424543,2259,3162600,0.000000
457,4.570024,5786.625389706,5786.625389706,2264,3169600,0.000000
458,4.580063,5786.635428379,5786.635428379,2269,3176600,0.000000
459,4.590066,5786.645430915,5786.645430915,2274,3183600,0.000000
460,4.600064,5786.655429032,5786.655429032,2279,3190600,0.000000
461,4.610066,5786.665431302,5786.665431302,2284,3197600,0.000000
462,4.620066,5786.675431128,5786.675431128,2289,3204600,0.000000
463,4.630064,5786.685429666,5786.685429666,2294,3211600,0.000000
464,4.640064,5786.695429336,5786.695429336,2299,3218600,0.000000
465,4.650064,5786.705428884,5786.705428884,2304,3225600,0.000000
466,4.660063,5786.715427949,5786.715427949,2309,3232600,0.000000
467,4.670062,5786.725427400,5786.725427400,2314,3239600,0.000000
468,4.680058,5786.735423176,5786.735423176,2319,3246600,0.000000
469,4.690064,5786.745429791,5786.745429791,2324,3253600,0.000000
470,4.700062,5786.755426981,5786.755426981,2329,3260600,0.000000
471,4.710068,5786.765433079,5786.765433079,2334,3267600,0.000000
472,4.720066,5786.775431089,5786.775431089,2338,3273200,0.000000
473,4.730064,5786.785429427,5786.785429427,2343,3280200,0.000000
474,4.740060,5786.795425215,5786.795425215,2348,3287200,0.000000
475,4.750062,5786.805427026,5786.805427026,2353,3294200,0.000000
476,4.760065,5786.815430250,5786.815430250,2358,3301200,0.000000
477,4.770065,5786.825430795,5786.825430795,2363,3308200,0.000000
478,4.780080,5786.835444886,5786.835444886,2368,3315200,0.000000
479,4.790096,5786.845461514,5786.845461514,2373,3322200,0.000000
480,4.800067,5786.855432362,5786.855432362,2378,3329200,0.000000
481,4.810032,5786.865397156,5786.865397156,2383,3336200,0.000000
482,4.820069,5786.875434196,5786.875434196,2388,3343200,0.000000
483,4.830068,5786.885433796,5786.885433796,2393,3350200,0.000000
484,4.840071,5786.895436160,5786.895436160,2398,3357200,0.000000
485,4.850066,5786.905430976,5786.905430976,2403,3364200,0.000000
486,4.860068,5786.915433347,5786.915433347,2408,3371200,0.000000
487,4.870066,5786.925431191,5786.925431191,2413,3378200,0.000000
488,4.880062,5786.935427827,5786.935427827,2418,3385200,0.000000
489,4.890064,5786.945429121,5786.945429121,2423,3392200,0.000000
490,4.900058,5786.955422837,5786.955422837,2428,3399200,0.000000
491,4.910022,5786.965387554,5786.965387554,2433,3406200,0.000000
492,4.920001,5786.975365958,5786.975365958,2438,3413200,0.000000
493,4.930076,5786.985441722,5786.985441722,2443,3420200,0.000000
494,4.940064,5786.995429632,5786.995429632,2447,3425800,0.000000
495,4.950068,5787.005433102,5787.005433102,2452,3432800,0.000000
496,4.960068,5787.015433266,5787.015433266,2457,3439800,0.000000
497,4.970059,5787.025424802,5787.025424802,2462,3446800,0.000000
498,4.980060,5787.035425735,5787.035425735,2467,3453800,0.000000
499,4.990066,5787.045431827,5787.045431827,2472,3460800,0.000000
500,5.000086,5787.055451736,5787.055451736,2477,3467800,0.000000
501,5.010059,5787.065424471,5787.065424471,2482,3474800,0.000000
502,5.020063,5787.075428266,5787.075428266,2487,3481800,0.000000
503,5.030066,5787.085430995,5787.085430995,2492,3488800,0.000000
504,5.040062,5787.095427609,5787.095427609,2497,3495800,0.000000
505,5.050066,5787.105431241,5787.105431241,2502,3502800,0.000000
506,5.060042,5787.115406959,5787.115406959,2507,3509800,0.000000
507,5.070064,5787.125429763,5787.125429763,2512,3516800,0.000000
508,5.080071,5787.135436036,5787.135436036,2517,3523800,0.000000
509,5.090067,5787.145432414,5787.145432414,2522,3530800,0.000000
510,5.100064,5787.155428949,5787.155428949,2527,3537800,0.000000
511,5.110063,5787.165427969,5787.165427969,2532,3544800,0.000000
512,5.120062,5787.175427093,5787.175427093,2537,3551800,0.000000
513,5.130032,5787.185397453,5787.185397453,2542,3558800,0.000000
514,5.140062,5787.195427439,5787.195427439,2547,3565800,0.000000
515,5.150057,5787.205422116,5787.205422116,2552,3572800,0.000000
516,5.160064,5787.215429662,5787.215429662,2556,3578400,0.000000
517,5.170071,5787.225435944,5787.225435944,2561,3585400,0.000000
518,5.180067,5787.235431870,5787.235431870,2566,3592400,0.000000
519,5.190066,5787.245431241,5787.245431241,2571,3599400,0.000000
520,5.200066,5787.255430987,5787.255430987,2576,3606400,0.000000
521,5.210072,5787.265437669,5787.265437669,2581,3613400,0.000000
522,5.220064,5787.275429244,5787.275429244,2586,3620400,0.000000
523,5.230062,5787.285427484,5787.285427484,2591,3627400,0.000000
524,5.240059,5787.295424776,5787.295424776,2596,3634400,0.000000
525,5.250063,5787.305428643,5787.305428643,2601,3641400,0.000000
526,5.260070,5787.315435251,5787.315435251,2606,3648400,0.000000
527,5.270064,5787.325429479,5787.325429479,2611,3655400,0.000000
528,5.280064,5787.335429625,5787.335429625,2616,3662400,0.000000
529,5.290072,5787.345437311,5787.345437311,2621,3669400,0.000000
530,5.300063,5787.355428251,5787.355428251,2626,3676400,0.000000
531,5.310059,5787.365424368,5787.365424368,2631,3683400,0.000000
532,5.320081,5787.375446427,5787.375446427,2636,3690400,0.000000
533,5.330064,5787.385429686,5787.385429686,2641,3697400,0.000000
534,5.340063,5787.395428694,5787.395428694,2646,3704400,0.000000
535,5.350063,5787.405427936,5787.405427936,2651,3711400,0.000000
536,5.360055,5787.415420191,5787.415420191,2656,3718400,0.000000
537,5.370062,5787.425427727,5787.425427727,2661,3725400,0.000000
538,5.380071,5787.435436318,5787.435436318,2666,3732400,0.000000
539,5.390063,5787.445428796,5787.445428796,2670,3738000,0.000000
540,5.400067,5787.455432548,5787.455432548,2675,3745000,0.000000
541,5.410064,5787.465429271,5787.465429271,2680,3752000,0.000000
542,5.420063,5787.475428512,5787.475428512,2685,3759000,0.000000
543,5.430064,5787.485429518,5787.485429518,2690,3766000,0.000000
544,5.440075,5787.495439927,5787.495439927,2695,3773000,0.000000
545,5.450065,5787.505430158,5787.505430158,2700,3780000,0.000000
546,5.460065,5787.515429998,5787.515429998,2705,3787000,0.000000
547,5.470064,5787.525429617,5787.525429617,2710,3794000,0.000000
548,5.480063,5787.535428797,5787.535428797,2715,3801000,0.000000
549,5.490064,5787.545428888,5787.545428888,2720,3808000,0.000000
550,5.500066,5787.555430893,5787.555430893,2725,3815000,0.000000
551,5.510062,5787.565427757,5787.565427757,2730,3822000,0.000000
552,5.520063,5787.575428068,5787.575428068,2735,3829000,0.000000
553,5.530059,5787.585424321,5787.585424321,2740,3836000,0.000000
554,5.540064,5787.595429725,5787.595429725,2745,3843000,0.000000
555,5.550062,5787.605427338,5787.605427338,2750,3850000,0.000000
556,5.560057,5787.615422737,5787.615422737,2755,3857000,0.000000
557,5.570062,5787.625427295,5787.625427295,2760,3864000,0.000000
558,5.580050,5787.635415274,5787.635415274,2765,3871000,0.000000
559,5.590067,5787.645432139,5787.645432139,2770,3878000,0.000000
560,5.600078,5787.655443495,5787.655443495,2775,3885000,0.000000
561,5.610064,5787.665429149,5787.665429149,2779,3890600,0.000000
562,5.620044,5787.675409180,5787.675409180,2784,3897600,0.000000
563,5.630020,5787.685385026,5787.685385026,2789,3904600,0.000000
564,5.640066,5787.695430842,5787.695430842,2794,3911600,0.000000
565,5.650031,5787.705395972,5787.705395972,2799,3918600,0.000000
566,5.660067,5787.715431852,5787.715431852,2804,3925600,0.000000
567,5.670066,5787.725431708,5787.725431708,2809,3932600,0.000000
568,5.680064,5787.735428900,5787.735428900,2814,3939600,0.000000
569,5.690063,5787.745428211,5787.745428211,2819,3946600,0.000000
570,5.700064,5787.755429507,5787.755429507,2824,3953600,0.000000
571,5.710027,5787.765391859,5787.765391859,2829,3960600,0.000000
572,5.720064,5787.775429088,5787.775429088,2834,3967600,0.000000
573,5.730064,5787.785428855,5787.785428855,2839,3974600,0.000000
574,5.740065,5787.795430808,5787.795430808,2844,3981600,0.000000
575,5.750064,5787.805429554,5787.805429554,2849,3988600,0.000000
576,5.760073,5787.815438551,5787.815438551,2854,3995600,0.000000
577,5.770066,5787.825431122,5787.825431122,2859,4002600,0.000000
578,5.780063,5787.835428062,5787.835428062,2864,4009600,0.000000
579,5.790062,5787.845426953,5787.845426953,2869,4016600,0.000000
580,5.800063,5787.855428458,5787.855428458,2874,4023600,0.000000
581,5.810076,5787.865441742,5787.865441742,2879,4030600,0.000000
582,5.820042,5787.875407064,5787.875407064,2884,4037600,0.000000
583,5.830075,5787.885439978,5787.885439978,2889,4044600,0.000000
584,5.840065,5787.895430558,5787.895430558,2893,4050200,0.000000
585,5.850061,5787.905425999,5787.905425999,2898,4057200,0.000000
586,5.860067,5787.915432022,5787.915432022,2903,4064200,0.000000
587,5.870067,5787.925432558,5787.925432558,2908,4071200,0.000000
588,5.880069,5787.935434362,5787.935434362,2913,4078200,0.000000
589,5.890065,5787.945430042,5787.945430042,2918,4085200,0.000000
590,5.900067,5787.955432700,5787.955432700,2923,4092200,0.000000
591,5.910064,5787.965429770,5787.965429770,2928,4099200,0.000000
592,5.920050,5787.975415089,5787.975415089,2933,4106200,0.000000
593,5.930064,5787.985429286,5787.985429286,2938,4113200,0.000000
594,5.940063,5787.995428041,5787.995428041,2943,4120200,0.000000
595,5.950064,5788.005428882,5788.005428882,2948,4127200,0.000000
596,5.960060,5788.015425415,5788.015425415,2953,4134200,0.000000
597,5.970066,5788.025430888,5788.025430888,2958,4141200,0.000000
598,5.980089,5788.035454257,5788.035454257,2963,4148200,0.000000
599,5.990064,5788.045429382,5788.045429382,2968,4155200,0.000000
600,6.000063,5788.055428410,5788.055428410,2973,4162200,0.000000
601,6.010047,5788.065412310,5788.065412310,2978,4169200,0.000000
602,6.020062,5788.075427638,5788.075427638,2983,4176200,0.000000
603,6.030033,5788.085398541,5788.085398541,2988,4183200,0.000000
604,6.040007,5788.095372697,5788.095372697,2993,4190200,0.000000
605,6.050076,5788.105440913,5788.105440913,2998,4197200,0.000000
606,6.060075,5788.115440416,5788.115440416,3002,4202800,0.000000
607,6.070063,5788.125428779,5788.125428779,3007,4209800,0.000000
608,6.080071,5788.135435962,5788.135435962,3012,4216800,0.000000
609,6.090063,5788.145428628,5788.145428628,3017,4223800,0.000000
610,6.100080,5788.155445803,5788.155445803,3022,4230800,0.000000
611,6.110064,5788.165429584,5788.165429584,3027,4237800,0.000000
612,6.120068,5788.175433162,5788.175433162,3032,4244800,0.000000
613,6.130088,5788.185453235,5788.185453235,3037,4251800,0.000000
614,6.140068,5788.195433250,5788.195433250,3042,4258800,0.000000
615,6.150080,5788.205444913,5788.205444913,3047,4265800,0.000000
616,6.160092,5788.215457465,5788.215457465,3052,4272800,0.000000
617,6.170070,5788.225435708,5788.225435708,3057,4279800,0.000000
618,6.180064,5788.235429381,5788.235429381,3062,4286800,0.000000
619,6.190065,5788.245430777,5788.245430777,3067,4293800,0.000000
620,6.200069,5788.255434184,5788.255434184,3072,4300800,0.000000
621,6.210068,5788.265433362,5788.265433362,3077,4307800,0.000000
622,6.220065,5788.275430602,5788.275430602,3082,4314800,0.000000
623,6.230065,5788.285430744,5788.285430744,3087,4321800,0.000000
624,6.240059,5788.295423894,5788.295423894,3092,4328800,0.000000
625,6.250034,5788.305399001,5788.305399001,3097,4335800,0.000000
626,6.260063,5788.315427962,5788.315427962,3102,4342800,0.000000
627,6.270060,5788.325425625,5788.325425625,3107,4349800,0.000000
628,6.280072,5788.335436880,5788.335436880,3111,4355400,0.000000
629,6.290068,5788.345433494,5788.345433494,3116,4362400,0.000000
630,6.300074,5788.355439235,5788.355439235,3121,4369400,0.000000
631,6.310072,5788.365437224,5788.365437224,3126,4376400,0.000000
632,6.320072,5788.375437750,5788.375437750,3131,4383400,0.000000
633,6.330069,5788.385434760,5788.385434760,3136,4390400,0.000000
634,6.340064,5788.395429396,5788.395429396,3141,4397400,0.000000
635,6.350068,5788.405433389,5788.405433389,3146,4404400,0.000000
636,6.360060,5788.415425122,5788.415425122,3151,4411400,0.000000
637,6.370064,5788.425429686,5788.425429686,3156,4418400,0.000000
638,6.380068,5788.435432899,5788.435432899,3161,4425400,0.000000
639,6.390064,5788.445429493,5788.445429493,3166,4432400,0.000000
640,6.400068,5788.455433197,5788.455433197,3171,4439400,0.000000
641,6.410074,5788.465438832,5788.465438832,3176,4446400,0.000000
642,6.420059,5788.475424794,5788.475424794,3181,4453400,0.000000
643,6.430084,5788.485449689,5788.485449689,3186,4460400,0.000000
644,6.440072,5788.495436833,5788.495436833,3191,4467400,0.000000
645,6.450066,5788.505431303,5788.505431303,3196,4474400,0.000000
646,6.460059,5788.515424320,5788.515424320,3201,4481400,0.000000
647,6.470061,5788.525425944,5788.525425944,3206,4488400,0.000000
648,6.480051,5788.535416572,5788.535416572,3211,4495400,0.000000
649,6.490025,5788.545389921,5788.545389921,3216,4502400,0.000000
650,6.500078,5788.555443452,5788.555443452,3221,4509400,0.000000
651,6.510068,5788.565432862,5788.565432862,3225,4515000,0.000000
652,6.520074,5788.575439064,5788.575439064,3230,4522000,0.000000
653,6.530062,5788.585427607,5788.585427607,3235,4529000,0.000000
654,6.540092,5788.595457063,5788.595457063,3240,4536000,0.000000
655,6.550101,5788.605466154,5788.605466154,3245,4543000,0.000000
656,6.560081,5788.615446042,5788.615446042,3250,4550000,0.000000
657,6.570067,5788.625431901,5788.625431901,3255,4557000,0.000000
658,6.580068,5788.635433244,5788.635433244,3260,4564000,0.000000
659,6.590067,5788.645432023,5788.645432023,3265,4571000,0.000000
660,6.600074,5788.655439328,5788.655439328,3270,4578000,0.000000
661,6.610070,5788.665434980,5788.665434980,3275,4585000,0.000000
662,6.620068,5788.675433710,5788.675433710,3280,4592000,0.000000
663,6.630069,5788.685434065,5788.685434065,3285,4599000,0.000000
664,6.640063,5788.695428077,5788.695428077,3290,4606000,0.000000
665,6.650066,5788.705430935,5788.705430935,3295,4613000,0.000000
666,6.660059,5788.715424478,5788.715424478,3300,4620000,0.000000
667,6.670070,5788.725435268,5788.725435268,3305,4627000,0.000000
668,6.680062,5788.735427716,5788.735427716,3310,4634000,0.000000
669,6.690059,5788.745424213,5788.745424213,3315,4641000,0.000000
670,6.700011,5788.755376574,5788.755376574,3320,4648000,0.000000
671,6.710003,5788.765367969,5788.765367969,3325,4655000,0.000000
672,6.720084,5788.775449030,5788.775449030,3330,4662000,0.000000
673,6.730068,5788.785433263,5788.785433263,3334,4667600,0.000000
674,6.740047,5788.795412478,5788.795412478,3339,4674600,0.000000
675,6.750066,5788.805431079,5788.805431079,3344,4681600,0.000000
676,6.760064,5788.815429335,5788.815429335,3349,4688600,0.000000
677,6.770069,5788.825434462,5788.825434462,3354,4695600,0.000000
678,6.780083,5788.835448525,5788.835448525,3359,4702600,0.000000
679,6.790065,5788.845430502,5788.845430502,3364,4709600,0.000000
680,6.800067,5788.855432613,5788.855432613,3369,4716600,0.000000
681,6.810069,5788.865434012,5788.865434012,3374,4723600,0.000000
682,6.820068,5788.875433649,5788.875433649,3379,4730600,0.000000
683,6.830063,5788.885428108,5788.885428108,3384,4737600,0.000000
684,6.840065,5788.895430327,5788.895430327,3389,4744600,0.000000
685,6.850063,5788.905428819,5788.905428819,3394,4751600,0.000000
686,6.860066,5788.915431594,5788.915431594,3399,4758600,0.000000
687,6.870068,5788.925433097,5788.925433097,3404,4765600,0.000000
688,6.880065,5788.935430774,5788.935430774,3409,4772600,0.000000
689,6.890065,5788.945430386,5788.945430386,3414,4779600,0.000000
690,6.900063,5788.955428386,5788.955428386,3419,4786600,0.000000
691,6.910063,5788.965428528,5788.965428528,3424,4793600,0.000000
692,6.920058,5788.975423162,5788.975423162,3429,4800600,0.000000
693,6.930062,5788.985426979,5788.985426979,3434,4807600,0.000000
694,6.940044,5788.995409699,5788.995409699,3439,4814600,0.000000
695,6.950081,5789.005445873,5789.005445873,3444,4821600,0.000000
696,6.960065,5789.015430295,5789.015430295,3448,4827200,0.000000
697,6.970066,5789.025431113,5789.025431113,3453,4834200,0.000000
698,6.980066,5789.035431820,5789.035431820,3458,4841200,0.000000
699,6.990060,5789.045425532,5789.045425532,3463,4848200,0.000000
700,7.000066,5789.055431564,5789.055431564,3468,4855200,0.000000
701,7.010066,5789.065431131,5789.065431131,3473,4862200,0.000000
702,7.020065,5789.075430037,5789.075430037,3478,4869200,0.000000
703,7.030069,5789.085434683,5789.085434683,3483,4876200,0.000000
704,7.040077,5789.095442685,5789.095442685,3488,4883200,0.000000
705,7.050065,5789.105430687,5789.105430687,3493,4890200,0.000000
706,7.060078,5789.115442944,5789.115442944,3498,4897200,0.000000
707,7.070046,5789.125410918,5789.125410918,3503,4904200,0.000000
708,7.080075,5789.135440440,5789.135440440,3508,4911200,0.000000
709,7.090071,5789.145435863,5789.145435863,3513,4918200,0.000000
710,7.100064,5789.155429798,5789.155429798,3518,4925200,0.000000
711,7.110065,5789.165430788,5789.165430788,3523,4932200,0.000000
712,7.120064,5789.175429244,5789.175429244,3528,4939200,0.000000
713,7.130063,5789.185428374,5789.185428374,3533,4946200,0.000000
714,7.140062,5789.195427688,5789.195427688,3538,4953200,0.000000
715,7.150030,5789.205394945,5789.205394945,3543,4960200,0.000000
716,7.160026,5789.215391587,5789.215391587,3548,4967200,0.000000
717,7.170077,5789.225441837,5789.225441837,3553,4974200,0.000000
718,7.180069,5789.235434333,5789.235434333,3557,4979800,0.000000
719,7.190069,5789.245434071,5789.245434071,3562,4986800,0.000000
720,7.200071,5789.255436330,5789.255436330,3567,4993800,0.000000
721,7.210069,5789.265434816,5789.265434816,3572,5000800,0.000000
722,7.220089,5789.275454041,5789.275454041,3577,5007800,0.000000
723,7.230073,5789.285438717,5789.285438717,3582,5014800,0.000000
724,7.240067,5789.295432746,5789.295432746,3587,5021800,0.000000
725,7.250066,5789.305431315,5789.305431315,3592,5028800,0.000000
726,7.260068,5789.315433197,5789.315433197,3597,5035800,0.000000
727,7.270066,5789.325431100,5789.325431100,3602,5042800,0.000000
728,7.280066,5789.335430891,5789.335430891,3607,5049800,0.000000
729,7.290068,5789.345433359,5789.345433359,3612,5056800,0.000000
730,7.300067,5789.355431973,5789.355431973,3617,5063800,0.000000
731,7.310065,5789.365430570,5789.365430570,3622,5070800,0.000000
732,7.320066,5789.375431027,5789.375431027,3627,5077800,0.000000
733,7.330070,5789.385435096,5789.385435096,3632,5084800,0.000000
734,7.340066,5789.395431056,5789.395431056,3637,5091800,0.000000
735,7.350064,5789.405429364,5789.405429364,3642,5098800,0.000000
736,7.360064,5789.415428850,5789.415428850,3647,5105800,0.000000
737,7.370063,5789.425428550,5789.425428550,3652,5112800,0.000000
738,7.380062,5789.435427482,5789.435427482,3657,5119800,0.000000
739,7.390056,5789.445421756,5789.445421756,3662,5126800,0.000000
740,7.400070,5789.455435346,5789.455435346,3666,5132400,0.000000
741,7.410065,5789.465430768,5789.465430768,3671,5139400,0.000000
742,7.420069,5789.475434431,5789.475434431,3676,5146400,0.000000
743,7.430059,5789.485423998,5789.485423998,3681,5153400,0.000000
744,7.440045,5789.495410610,5789.495410610,3686,5160400,0.000000
745,7.450067,5789.505432240,5789.505432240,3691,5167400,0.000000
746,7.460067,5789.515432158,5789.515432158,3696,5174400,0.000000
747,7.470071,5789.525435851,5789.525435851,3701,5181400,0.000000
748,7.480066,5789.535431369,5789.535431369,3706,5188400,0.000000
749,7.490066,5789.545430985,5789.545430985,3711,5195400,0.000000
750,7.500066,5789.555431008,5789.555431008,3716,5202400,0.000000
751,7.510068,5789.565433007,5789.565433007,3721,5209400,0.000000
752,7.520065,5789.575430526,5789.575430526,3726,5216400,0.000000
753,7.530065,5789.585430672,5789.585430672,3731,5223400,0.000000
754,7.540064,5789.595428899,5789.595428899,3736,5230400,0.000000
755,7.550063,5789.605428783,5789.605428783,3741,5237400,0.000000
756,7.560064,5789.615429663,5789.615429663,3746,5244400,0.000000
757,7.570064,5789.625429700,5789.625429700,3751,5251400,0.000000
758,7.580047,5789.635412125,5789.635412125,3756,5258400,0.000000
759,7.590064,5789.645429610,5789.645429610,3761,5265400,0.000000
760,7.600043,5789.655408309,5789.655408309,3766,5272400,0.000000
761,7.610024,5789.665389052,5789.665389052,3771,5279400,0.000000
762,7.620084,5789.675449366,5789.675449366,3776,5286400,0.000000
763,7.630093,5789.685457931,5789.685457931,3780,5292000,0.000000
764,7.640068,5789.695433157,5789.695433157,3785,5299000,0.000000
765,7.650070,5789.705435503,5789.705435503,3790,5306000,0.000000
766,7.660073,5789.715438743,5789.715438743,3795,5313000,0.000000
767,7.670068,5789.725433794,5789.725433794,3800,5320000,0.000000
768,7.680065,5789.735430677,5789.735430677,3805,5327000,0.000000
769,7.690067,5789.745432704,5789.745432704,3810,5334000,0.000000
770,7.700068,5789.755433225,5789.755433225,3815,5341000,0.000000
771,7.710067,5789.765432682,5789.765432682,3820,5348000,0.000000
772,7.720068,5789.775433178,5789.775433178,3825,5355000,0.000000
773,7.730067,5789.785431925,5789.785431925,3830,5362000,0.000000
774,7.740063,5789.795428091,5789.795428091,3835,5369000,0.000000
775,7.750064,5789.805429677,5789.805429677,3840,5376000,0.000000
776,7.760065,5789.815430233,5789.815430233,3845,5383000,0.000000
777,7.770065,5789.825430517,5789.825430517,3850,5390000,0.000000
778,7.780059,5789.835423923,5789.835423923,3855,5397000,0.000000
779,7.790015,5789.845380771,5789.845380771,3860,5404000,0.000000
780,7.800063,5789.855428127,5789.855428127,3865,5411000,0.000000
781,7.810063,5789.865428657,5789.865428657,3870,5418000,0.000000
782,7.820058,5789.875423022,5789.875423022,3875,5425000,0.000000
783,7.830065,5789.885430576,5789.885430576,3880,5432000,0.000000
784,7.840075,5789.895440493,5789.895440493,3885,5439000,0.000000
785,7.850077,5789.905442180,5789.905442180,3889,5444600,0.000000
786,7.860074,5789.915439226,5789.915439226,3894,5451600,0.000000
787,7.870063,5789.925428327,5789.925428327,3899,5458600,0.000000
788,7.880064,5789.935429750,5789.935429750,3904,5465600,0.000000
789,7.890068,5789.945433112,5789.945433112,3909,5472600,0.000000
790,7.900065,5789.955430756,5789.955430756,3914,5479600,0.000000
791,7.910066,5789.965431686,5789.965431686,3919,5486600,0.000000
792,7.920073,5789.975438157,5789.975438157,3924,5493600,0.000000
793,7.930069,5789.985433872,5789.985433872,3929,5500600,0.000000
794,7.940087,5789.995452028,5789.995452028,3934,5507600,0.000000
795,7.950071,5790.005436350,5790.005436350,3939,5514600,0.000000
796,7.960067,5790.015432781,5790.015432781,3944,5521600,0.000000
797,7.970058,5790.025423772,5790.025423772,3949,5528600,0.000000
798,7.980065,5790.035430714,5790.035430714,3954,5535600,0.000000
799,7.990059,5790.045424769,5790.045424769,3959,5542600,0.000000
800,8.000043,5790.055408755,5790.055408755,3964,5549600,0.000000
801,8.010077,5790.065442247,5790.065442247,3969,5556600,0.000000
802,8.020062,5790.075427428,5790.075427428,3974,5563600,0.000000
803,8.030059,5790.085423850,5790.085423850,3979,5570600,0.000000
804,8.040058,5790.095422884,5790.095422884,3984,5577600,0.000000
805,8.050059,5790.105424700,5790.105424700,3989,5584600,0.000000
806,8.060001,5790.115366497,5790.115366497,3994,5591600,0.000000
807,8.070072,5790.125437545,5790.125437545,3999,5598600,0.000000
808,8.080066,5790.135431515,5790.135431515,4003,5604200,0.000000
809,8.090065,5790.145429911,5790.145429911,4008,5611200,0.000000
810,8.100067,5790.155432811,5790.155432811,4013,5618200,0.000000
811,8.110068,5790.165433193,5790.165433193,4018,5625200,0.000000
812,8.120068,5790.175433402,5790.175433402,4023,5632200,0.000000
813,8.130067,5790.185432686,5790.185432686,4028,5639200,0.000000
814,8.140092,5790.195457380,5790.195457380,4033,5646200,0.000000
815,8.150074,5790.205439292,5790.205439292,4038,5653200,0.000000
816,8.160059,5790.215424363,5790.215424363,4043,5660200,0.000000
817,8.170039,5790.225404283,5790.225404283,4048,5667200,0.000000
818,8.180068,5790.235433703,5790.235433703,4053,5674200,0.000000
819,8.190064,5790.245429371,5790.245429371,4058,5681200,0.000000
820,8.200064,5790.255429718,5790.255429718,4063,5688200,0.000000
821,8.210059,5790.265423845,5790.265423845,4068,5695200,0.000000
822,8.220065,5790.275430105,5790.275430105,4073,5702200,0.000000
823,8.230064,5790.285429295,5790.285429295,4078,5709200,0.000000
824,8.240062,5790.295427752,5790.295427752,4083,5716200,0.000000
825,8.250071,5790.305436015,5790.305436015,4088,5723200,0.000000
826,8.260058,5790.315423076,5790.315423076,4093,5730200,0.000000
827,8.270019,5790.325384544,5790.325384544,4098,5737200,0.000000
828,8.280001,5790.335366304,5790.335366304,4103,5744200,0.000000
829,8.290075,5790.345440410,5790.345440410,4108,5751200,0.000000
830,8.300064,5790.355429633,5790.355429633,4112,5756800,0.000000
831,8.310066,5790.365431737,5790.365431737,4117,5763800,0.000000
832,8.320070,5790.375434849,5790.375434849,4122,5770800,0.000000
833,8.330068,5790.385433814,5790.385433814,4127,5777800,0.000000
834,8.340065,5790.395430079,5790.395430079,4132,5784800,0.000000
835,8.350061,5790.405426351,5790.405426351,4137,5791800,0.000000
836,8.360065,5790.415430372,5790.415430372,4142,5798800,0.000000
837,8.370077,5790.425442237,5790.425442237,4147,5805800,0.000000
838,8.380070,5790.435435094,5790.435435094,4152,5812800,0.000000
839,8.390067,5790.445432578,5790.445432578,4157,5819800,0.000000
840,8.400076,5790.455441617,5790.455441617,4162,5826800,0.000000
841,8.410076,5790.465441132,5790.465441132,4167,5833800,0.000000
842,8.420058,5790.475422963,5790.475422963,4172,5840800,0.000000
843,8.430062,5790.485427395,5790.485427395,4177,5847800,0.000000
844,8.440073,5790.495438162,5790.495438162,4182,5854800,0.000000
845,8.450065,5790.505430809,5790.505430809,4187,5861800,0.000000
846,8.460063,5790.515428411,5790.515428411,4192,5868800,0.000000
847,8.470064,5790.525429224,5790.525429224,4197,5875800,0.000000
848,8.480062,5790.535427079,5790.535427079,4202,5882800,0.000000
849,8.490017,5790.545382230,5790.545382230,4207,5889800,0.000000
850,8.500058,5790.555423772,5790.555423772,4212,5896800,0.000000
851,8.510070,5790.565435396,5790.565435396,4217,5903800,0.000000
852,8.520074,5790.575439168,5790.575439168,4221,5909400,0.002018
853,8.530069,5790.585433975,5790.585433975,4226,5916400,0.000000
854,8.540066,5790.595431135,5790.595431135,4231,5923400,0.000000
855,8.550065,5790.605430565,5790.605430565,4236,5930400,0.000000
856,8.560016,5790.615381373,5790.615381373,4241,5937400,0.000000
857,8.570066,5790.625431598,5790.625431598,4246,5944400,0.000000
858,8.580061,5790.635426236,5790.635426236,4251,5951400,0.000000
859,8.590065,5790.645430302,5790.645430302,4256,5958400,0.000000
860,8.600063,5790.655428032,5790.655428032,4261,5965400,0.000000
861,8.610080,5790.665445509,5790.665445509,4266,5972400,0.000000
862,8.620066,5790.675431549,5790.675431549,4271,5979400,0.000000
863,8.630089,5790.685454246,5790.685454246,4276,5986400,0.000000
864,8.640071,5790.695435955,5790.695435955,4281,5993400,0.000000
865,8.650060,5790.705425006,5790.705425006,4286,6000400,0.000000
866,8.660066,5790.715431267,5790.715431267,4291,6007400,0.000000
867,8.670069,5790.725433852,5790.725433852,4296,6014400,0.000000
868,8.680067,5790.735432179,5790.735432179,4301,6021400,0.000000
869,8.690063,5790.745428063,5790.745428063,4306,6028400,0.000000
870,8.700068,5790.755433422,5790.755433422,4311,6035400,0.000000
871,8.710066,5790.765431808,5790.765431808,4316,6042400,0.000000
872,8.720050,5790.775415492,5790.775415492,4321,6049400,0.000000
873,8.730025,5790.785390665,5790.785390665,4326,6056400,0.000000
874,8.740083,5790.795448474,5790.795448474,4331,6063400,0.000000
875,8.750088,5790.805453742,5790.805453742,4335,6069000,0.000000
876,8.760072,5790.815437092,5790.815437092,4340,6076000,0.000000
877,8.770066,5790.825431079,5790.825431079,4345,6083000,0.000000
878,8.780066,5790.835431035,5790.835431035,4350,6090000,0.000000
879,8.790065,5790.845430263,5790.845430263,4355,6097000,0.000000
880,8.800066,5790.855431596,5790.855431596,4360,6104000,0.000000
881,8.810067,5790.865432680,5790.865432680,4365,6111000,0.000000
882,8.820066,5790.875431147,5790.875431147,4370,6118000,0.000000
883,8.830090,5790.885455746,5790.885455746,4375,6125000,0.000000
884,8.840075,5790.895440211,5790.895440211,4380,6132000,0.000000
885,8.850069,5790.905434072,5790.905434072,4385,6139000,0.000000
886,8.860070,5790.915435168,5790.915435168,4390,6146000,0.000000
887,8.870063,5790.925428399,5790.925428399,4395,6153000,0.000000
888,8.880062,5790.935427676,5790.935427676,4400,6160000,0.000000
889,8.890065,5790.945430388,5790.945430388,4405,6167000,0.000000
890,8.900063,5790.955428535,5790.955428535,4410,6174000,0.000000
891,8.910068,5790.965433323,5790.965433323,4415,6181000,0.000000
892,8.920065,5790.975429944,5790.975429944,4420,6188000,0.000000
893,8.930074,5790.985439250,5790.985439250,4425,6195000,0.000000
894,8.940018,5790.995382871,5790.995382871,4430,6202000,0.000000
895,8.950065,5791.005430257,5791.005430257,4435,6209000,0.000000
896,8.960109,5791.015474645,5791.015474645,4440,6216000,0.000000
897,8.970063,5791.025428827,5791.025428827,4444,6221600,0.000000
898,8.980092,5791.035457672,5791.035457672,4449,6228600,0.000000
899,8.990067,5791.045432531,5791.045432531,4454,6235600,0.000000
900,9.000066,5791.055431255,5791.055431255,4459,6242600,0.000000
901,9.010063,5791.065428594,5791.065428594,4464,6249600,0.000000
902,9.020068,5791.075433372,5791.075433372,4469,6256600,0.000000
903,9.030065,5791.085430444,5791.085430444,4474,6263600,0.000000
904,9.040069,5791.095434378,5791.095434378,4479,6270600,0.000000
905,9.050070,5791.105435371,5791.105435371,4484,6277600,0.000000
906,9.060065,5791.115430013,5791.115430013,4489,6284600,0.000000
907,9.070067,5791.125431864,5791.125431864,4494,6291600,0.000000
908,9.080072,5791.135437110,5791.135437110,4499,6298600,0.000000
909,9.090066,5791.145430843,5791.145430843,4504,6305600,0.000000
910,9.100064,5791.155429447,5791.155429447,4509,6312600,0.000000
911,9.110058,5791.165423648,5791.165423648,4514,6319600,0.000000
912,9.120062,5791.175427681,5791.175427681,4519,6326600,0.000000
913,9.130065,5791.185430131,5791.185430131,4524,6333600,0.000000
914,9.140064,5791.195429034,5791.195429034,4529,6340600,0.000000
915,9.150064,5791.205429125,5791.205429125,4534,6347600,0.000000
916,9.160069,5791.215434425,5791.215434425,4539,6354600,0.000000
917,9.170047,5791.225412257,5791.225412257,4544,6361600,0.000000
918,9.180039,5791.235404484,5791.235404484,4549,6368600,0.000000
919,9.190083,5791.245448662,5791.245448662,4554,6375600,0.000000
920,9.200067,5791.255432050,5791.255432050,4558,6381200,0.000000
921,9.210075,5791.265440255,5791.265440255,4563,6388200,0.000000
922,9.220084,5791.275449159,5791.275449159,4568,6395200,0.000000
923,9.230063,5791.285428710,5791.285428710,4573,6402200,0.000000
924,9.240087,5791.295451968,5791.295451968,4578,6409200,0.000000
925,9.250064,5791.305429382,5791.305429382,4583,6416200,0.000000
926,9.260064,5791.315429647,5791.315429647,4588,6423200,0.000000
927,9.270051,5791.325415873,5791.325415873,4593,6430200,0.000000
928,9.280068,5791.335433571,5791.335433571,4598,6437200,0.000000
929,9.290066,5791.345431819,5791.345431819,4603,6444200,0.000000
930,9.300070,5791.355435773,5791.355435773,4608,6451200,0.000000
931,9.310067,5791.365432142,5791.365432142,4613,6458200,0.000000
932,9.320068,5791.375433319,5791.375433319,4618,6465200,0.000000
933,9.330064,5791.385429529,5791.385429529,4623,6472200,0.000000
934,9.340065,5791.395429971,5791.395429971,4628,6479200,0.000000
935,9.350067,5791.405432021,5791.405432021,4633,6486200,0.000000
936,9.360059,5791.415424735,5791.415424735,4638,6493200,0.000000
937,9.370064,5791.425429103,5791.425429103,4643,6500200,0.000000
938,9.380073,5791.435437929,5791.435437929,4648,6507200,0.000000
939,9.390027,5791.445392277,5791.445392277,4653,6514200,0.000000
940,9.400015,5791.455380125,5791.455380125,4658,6521200,0.000000
941,9.410088,5791.465453297,5791.465453297,4663,6528200,0.000000
942,9.420072,5791.475437060,5791.475437060,4667,6533800,0.000000
943,9.430085,5791.485450543,5791.485450543,4672,6540800,0.000000
944,9.440075,5791.495440368,5791.495440368,4677,6547800,0.000000
945,9.450065,5791.505430489,5791.505430489,4682,6554800,0.000000
946,9.460064,5791.515429447,5791.515429447,4687,6561800,0.000000
947,9.470061,5791.525426210,5791.525426210,4692,6568800,0.000000
948,9.480059,5791.535424084,5791.535424084,4697,6575800,0.000000
949,9.490028,5791.545393699,5791.545393699,4702,6582800,0.000000
950,9.500023,5791.555388374,5791.555388374,4707,6589800,0.000000
951,9.510066,5791.565431199,5791.565431199,4712,6596800,0.000000
952,9.520074,5791.575438979,5791.575438979,4717,6603800,0.000000
953,9.530061,5791.585426723,5791.585426723,4722,6610800,0.000000
954,9.540064,5791.595429082,5791.595429082,4727,6617800,0.000000
955,9.550067,5791.605432124,5791.605432124,4732,6624800,0.000000
956,9.560067,5791.615432751,5791.615432751,4737,6631800,0.000000
957,9.570091,5791.625456058,5791.625456058,4742,6638800,0.000000
958,9.580069,5791.635434312,5791.635434312,4747,6645800,0.000000
959,9.590064,5791.645429375,5791.645429375,4752,6652800,0.000000
960,9.600067,5791.655432700,5791.655432700,4757,6659800,0.000000
961,9.610060,5791.665424938,5791.665424938,4762,6666800,0.000000
962,9.620065,5791.675430590,5791.675430590,4767,6673800,0.000000
963,9.630070,5791.685435066,5791.685435066,4772,6680800,0.000000
964,9.640069,5791.695434139,5791.695434139,4776,6686400,0.000000
965,9.650068,5791.705432963,5791.705432963,4781,6693400,0.000000
966,9.660066,5791.715431697,5791.715431697,4786,6700400,0.000000
967,9.670065,5791.725429887,5791.725429887,4791,6707400,0.000000
968,9.680065,5791.735430470,5791.735430470,4796,6714400,0.000000
969,9.690066,5791.745431234,5791.745431234,4801,6721400,0.000000
970,9.700068,5791.755433482,5791.755433482,4806,6728400,0.000000
971,9.710068,5791.765432862,5791.765432862,4811,6735400,0.000000
972,9.720075,5791.775440535,5791.775440535,4816,6742400,0.000000
973,9.730067,5791.785432615,5791.785432615,4821,6749400,0.000000
974,9.740068,5791.795433308,5791.795433308,4826,6756400,0.000000
975,9.750059,5791.805424673,5791.805424673,4831,6763400,0.000000
976,9.760065,5791.815429906,5791.815429906,4836,6770400,0.000000
977,9.770064,5791.825429504,5791.825429504,4841,6777400,0.000000
978,9.780061,5791.835426339,5791.835426339,4846,6784400,0.000000
979,9.790069,5791.845434237,5791.845434237,4851,6791400,0.000000
980,9.800063,5791.855428734,5791.855428734,4856,6798400,0.000000
981,9.810064,5791.865429741,5791.865429741,4861,6805400,0.000000
982,9.820058,5791.875423351,5791.875423351,4866,6812400,0.000000
983,9.830066,5791.885431630,5791.885431630,4871,6819400,0.000000
984,9.840043,5791.895408507,5791.895408507,4876,6826400,0.000000
985,9.850036,5791.905401281,5791.905401281,4881,6833400,0.000000
986,9.860084,5791.915449486,5791.915449486,4886,6840400,0.000000
987,9.870075,5791.925440238,5791.925440238,4890,6846000,0.000000
988,9.880068,5791.935433715,5791.935433715,4895,6853000,0.000000
989,9.890062,5791.945427232,5791.945427232,4900,6860000,0.000000
990,9.900066,5791.955431505,5791.955431505,4905,6867000,0.000000
991,9.910066,5791.965431253,5791.965431253,4910,6874000,0.000000
992,9.920066,5791.975430947,5791.975430947,4915,6881000,0.000000
993,9.930069,5791.985434302,5791.985434302,4920,6888000,0.000000
994,9.940067,5791.995432406,5791.995432406,4925,6895000,0.000000
995,9.950069,5792.005433981,5792.005433981,4930,6902000,0.000000
996,9.960060,5792.015425721,5792.015425721,4935,6909000,0.000000
997,9.970066,5792.025431520,5792.025431520,4940,6916000,0.000000
998,9.980071,5792.035435874,5792.035435874,4945,6923000,0.000000
999,9.990067,5792.045431905,5792.045431905,4950,6930000,0.000000
1000,10.000064,5792.055429097,5792.055429097,4955,6937000,0.000000
1001,10.010067,5792.065431834,5792.065431834,4960,6944000,0.000000
1002,10.020062,5792.075427076,5792.075427076,4965,6951000,0.000000
1003,10.030063,5792.085428359,5792.085428359,4970,6958000,0.000000
1004,10.040062,5792.095427275,5792.095427275,4975,6965000,0.000000
1005,10.050058,5792.105423781,5792.105423781,4980,6972000,0.000000
1006,10.060061,5792.115426420,5792.115426420,4985,6979000,0.000000
1007,10.070065,5792.125430497,5792.125430497,4990,6986000,0.000000
1008,10.080076,5792.135441010,5792.135441010,4995,6993000,0.000000
1009,10.090066,5792.145431506,5792.145431506,4999,6998600,0.000000
1010,10.100052,5792.155417127,5792.155417127,5004,7005600,0.000000
1011,10.110066,5792.165430999,5792.165430999,5009,7012600,0.000000
1012,10.120065,5792.175430729,5792.175430729,5014,7019600,0.000000
1013,10.130065,5792.185430279,5792.185430279,5019,7026600,0.000000
1014,10.140069,5792.195434657,5792.195434657,5024,7033600,0.000000
1015,10.150066,5792.205431178,5792.205431178,5029,7040600,0.000000
1016,10.160067,5792.215432526,5792.215432526,5034,7047600,0.000000
1017,10.170070,5792.225435703,5792.225435703,5039,7054600,0.000000
1018,10.180069,5792.235434272,5792.235434272,5044,7061600,0.000000
1019,10.190067,5792.245432172,5792.245432172,5049,7068600,0.000000
1020,10.200065,5792.255430580,5792.255430580,5054,7075600,0.000000
1021,10.210069,5792.265434227,5792.265434227,5059,7082600,0.000000
1022,10.220066,5792.275431169,5792.275431169,5064,7089600,0.000000
1023,10.230067,5792.285432580,5792.285432580,5069,7096600,0.000000
1024,10.240078,5792.295443760,5792.295443760,5074,7103600,0.000000
1025,10.250063,5792.305428545,5792.305428545,5079,7110600,0.000000
1026,10.260074,5792.315439628,5792.315439628,5084,7117600,0.000000
1027,10.270069,5792.325434732,5792.325434732,5089,7124600,0.000000
1028,10.280061,5792.335426494,5792.335426494,5094,7131600,0.000000
1029,10.290068,5792.345433182,5792.345433182,5099,7138600,0.000000
1030,10.300049,5792.355414109,5792.355414109,5104,7145600,0.000000
1031,10.310083,5792.365448805,5792.365448805,5109,7152600,0.000000
1032,10.320068,5792.375433678,5792.375433678,5113,7158200,0.000000
1033,10.330070,5792.385435553,5792.385435553,5118,7165200,0.000000
1034,10.340091,5792.395456193,5792.395456193,5123,7172200,0.000000
1035,10.350061,5792.405425913,5792.405425913,5128,7179200,0.000000
1036,10.360069,5792.415434329,5792.415434329,5133,7186200,0.000000
1037,10.370069,5792.425434140,5792.425434140,5138,7193200,0.000000
1038,10.380040,5792.435405805,5792.435405805,5143,7200200,0.000000
1039,10.390079,5792.445444409,5792.445444409,5148,7207200,0.000000
1040,10.400073,5792.455438188,5792.455438188,5153,7214200,0.000000
1041,10.410063,5792.465428107,5792.465428107,5158,7221200,0.000000
1042,10.420066,5792.475430910,5792.475430910,5163,7228200,0.000000
1043,10.430066,5792.485431331,5792.485431331,5168,7235200,0.000000
1044,10.440062,5792.495427395,5792.495427395,5173,7242200,0.000000
1045,10.450064,5792.505429445,5792.505429445,5178,7249200,0.000000
1046,10.460083,5792.515448108,5792.515448108,5183,7256200,0.000000
1047,10.470069,5792.525434471,5792.525434471,5188,7263200,0.000000
1048,10.480073,5792.535438184,5792.535438184,5193,7270200,0.000000
1049,10.490062,5792.545427752,5792.545427752,5198,7277200,0.000000
1050,10.500063,5792.555427829,5792.555427829,5203,7284200,0.000000
1051,10.510029,5792.565394225,5792.565394225,5208,7291200,0.000000
1052,10.520011,5792.575376107,5792.575376107,5213,7298200,0.000000
1053,10.530089,5792.585454395,5792.585454395,5218,7305200,0.000000
1054,10.540065,5792.595430544,5792.595430544,5222,7310800,0.000000
1055,10.550070,5792.605435682,5792.605435682,5227,7317800,0.000000
1056,10.560065,5792.615429865,5792.615429865,5232,7324800,0.000000
1057,10.570061,5792.625426620,5792.625426620,5237,7331800,0.000000
1058,10.580069,5792.635434284,5792.635434284,5242,7338800,0.000000
1059,10.590072,5792.645437036,5792.645437036,5247,7345800,0.000000
1060,10.600087,5792.655452524,5792.655452524,5252,7352800,0.000000
1061,10.610064,5792.665429822,5792.665429822,5257,7359800,0.000000
1062,10.620072,5792.675437640,5792.675437640,5262,7366800,0.000000
1063,10.630082,5792.685447021,5792.685447021,5267,7373800,0.000000
1064,10.640059,5792.695424625,5792.695424625,5272,7380800,0.000000
1065,10.650064,5792.705429656,5792.705429656,5277,7387800,0.000000
1066,10.660068,5792.715433311,5792.715433311,5282,7394800,0.000000
1067,10.670069,5792.725433907,5792.725433907,5287,7401800,0.000000
1068,10.680067,5792.735432541,5792.735432541,5292,7408800,0.000000
1069,10.690063,5792.745428555,5792.745428555,5297,7415800,0.000000
1070,10.700067,5792.755432076,5792.755432076,5302,7422800,0.000000
1071,10.710064,5792.765429398,5792.765429398,5307,7429800,0.000000
1072,10.720064,5792.775429251,5792.775429251,5312,7436800,0.000000
1073,10.730066,5792.785431552,5792.785431552,5317,7443800,0.000000
1074,10.740062,5792.795427786,5792.795427786,5322,7450800,0.000000
1075,10.750061,5792.805426008,5792.805426008,5327,7457800,0.000000
1076,10.760073,5792.815437978,5792.815437978,5331,7463400,0.002018
1077,10.770071,5792.825436719,5792.825436719,5336,7470400,0.000000
1078,10.780070,5792.835434851,5792.835434851,5341,7477400,0.000000
1079,10.790075,5792.845440486,5792.845440486,5346,7484400,0.000000
1080,10.800072,5792.855437654,5792.855437654,5351,7491400,0.000000
1081,10.810078,5792.865443024,5792.865443024,5356,7498400,0.000000
1082,10.820068,5792.875433501,5792.875433501,5361,7505400,0.000000
1083,10.830069,5792.885434507,5792.885434507,5366,7512400,0.000000
1084,10.840068,5792.895433436,5792.895433436,5371,7519400,0.000000
1085,10.850068,5792.905433623,5792.905433623,5376,7526400,0.000000
1086,10.860067,5792.915432192,5792.915432192,5381,7533400,0.000000
1087,10.870068,5792.925433715,5792.925433715,5386,7540400,0.000000
1088,10.880069,5792.935434727,5792.935434727,5391,7547400,0.000000
1089,10.890076,5792.945441173,5792.945441173,5396,7554400,0.000000
1090,10.900063,5792.955428401,5792.955428401,5401,7561400,0.000000
1091,10.910076,5792.965441279,5792.965441279,5406,7568400,0.000000
1092,10.920069,5792.975434524,5792.975434524,5411,7575400,0.000000
1093,10.930063,5792.985428065,5792.985428065,5416,7582400,0.000000
1094,10.940089,5792.995454619,5792.995454619,5421,7589400,0.000000
1095,10.950072,5793.005436930,5793.005436930,5426,7596400,0.000000
1096,10.960046,5793.015410918,5793.015410918,5431,7603400,0.000000
1097,10.970024,5793.025389778,5793.025389778,5436,7610400,0.000000
1098,10.980084,5793.035449562,5793.035449562,5441,7617400,0.000000
1099,10.990066,5793.045431103,5793.045431103,5445,7623000,0.000000
1100,11.000072,5793.055436941,5793.055436941,5450,7630000,0.000000
1101,11.010071,5793.065436263,5793.065436263,5455,7637000,0.000000
1102,11.020069,5793.075434103,5793.075434103,5460,7644000,0.000000
1103,11.030062,5793.085427721,5793.085427721,5465,7651000,0.000000
1104,11.040067,5793.095431999,5793.095431999,5470,7658000,0.000000
1105,11.050061,5793.105426365,5793.105426365,5475,7665000,0.000000
1106,11.060074,5793.115438988,5793.115438988,5480,7672000,0.000000
1107,11.070060,5793.125425007,5793.125425007,5485,7679000,0.000000
1108,11.080062,5793.135427696,5793.135427696,5490,7686000,0.000000
1109,11.090063,5793.145428350,5793.145428350,5495,7693000,0.000000
1110,11.100068,5793.155432957,5793.155432957,5500,7700000,0.000000
1111,11.110066,5793.165431075,5793.165431075,5505,7707000,0.000000
1112,11.120065,5793.175429967,5793.175429967,5510,7714000,0.000000
1113,11.130108,5793.185473093,5793.185473093,5515,7721000,0.000000
1114,11.140098,5793.195462863,5793.195462863,5520,7728000,0.000000
1115,11.150066,5793.205431103,5793.205431103,5525,7735000,0.000000
1116,11.160064,5793.215429395,5793.215429395,5530,7742000,0.000000
1117,11.170058,5793.225423260,5793.225423260,5535,7749000,0.000000
1118,11.180016,5793.235380855,5793.235380855,5540,7756000,0.000000
1119,11.190004,5793.245369802,5793.245369802,5545,7763000,0.000000
1120,11.200087,5793.255452625,5793.255452625,5550,7770000,0.000000
1121,11.210060,5793.265425479,5793.265425479,5554,7775600,0.000000
1122,11.220067,5793.275432122,5793.275432122,5559,7782600,0.000000
1123,11.230065,5793.285430376,5793.285430376,5564,7789600,0.000000
1124,11.240068,5793.295432947,5793.295432947,5569,7796600,0.000000
1125,11.250082,5793.305447057,5793.305447057,5574,7803600,0.000000
1126,11.260071,5793.315436519,5793.315436519,5579,7810600,0.000000
1127,11.270077,5793.325441886,5793.325441886,5584,7817600,0.000000
1128,11.280074,5793.335438884,5793.335438884,5589,7824600,0.000000
1129,11.290067,5793.345431938,5793.345431938,5594,7831600,0.000000
1130,11.300064,5793.355429083,5793.355429083,5599,7838600,0.000000
1131,11.310063,5793.365428138,5793.365428138,5604,7845600,0.000000
1132,11.320067,5793.375432118,5793.375432118,5609,7852600,0.000000
1133,11.330065,5793.385429985,5793.385429985,5614,7859600,0.000000
1134,11.340077,5793.395442821,5793.395442821,5619,7866600,0.000000
1135,11.350084,5793.405449823,5793.405449823,5624,7873600,0.000000
1136,11.360073,5793.415438293,5793.415438293,5629,7880600,0.000000
1137,11.370071,5793.425436030,5793.425436030,5634,7887600,0.000000
1138,11.380063,5793.435428490,5793.435428490,5639,7894600,0.000000
1139,11.390063,5793.445428391,5793.445428391,5644,7901600,0.000000
1140,11.400063,5793.455428777,5793.455428777,5649,7908600,0.000000
1141,11.410059,5793.465424299,5793.465424299,5654,7915600,0.000000
1142,11.420038,5793.475403583,5793.475403583,5659,7922600,0.000000
1143,11.430077,5793.485442786,5793.485442786,5664,7929600,0.000000
1144,11.440074,5793.495438909,5793.495438909,5668,7935200,0.000000
1145,11.450068,5793.505433775,5793.505433775,5673,7942200,0.000000
1146,11.460065,5793.515430370,5793.515430370,5678,7949200,0.000000
1147,11.470067,5793.525432052,5793.525432052,5683,7956200,0.000000
1148,11.480072,5793.535437299,5793.535437299,5688,7963200,0.000000
1149,11.490071,5793.545436316,5793.545436316,5693,7970200,0.000000
1150,11.500066,5793.555430982,5793.555430982,5698,7977200,0.000000
1151,11.510070,5793.565434916,5793.565434916,5703,7984200,0.000000
1152,11.520066,5793.575431119,5793.575431119,5708,7991200,0.000000
1153,11.530060,5793.585425191,5793.585425191,5713,7998200,0.000000
1154,11.540067,5793.595431939,5793.595431939,5718,8005200,0.000000
1155,11.550064,5793.605429541,5793.605429541,5723,8012200,0.000000
1156,11.560061,5793.615426583,5793.615426583,5728,8019200,0.000000
1157,11.570017,5793.625382697,5793.625382697,5733,8026200,0.000000
1158,11.580065,5793.635430089,5793.635430089,5738,8033200,0.000000
1159,11.590064,5793.645429246,5793.645429246,5743,8040200,0.000000
1160,11.600065,5793.655430014,5793.655430014,5748,8047200,0.000000
1161,11.610062,5793.665427395,5793.665427395,5753,8054200,0.000000
1162,11.620062,5793.675427300,5793.675427300,5758,8061200,0.000000
1163,11.630035,5793.685400585,5793.685400585,5763,8068200,0.000000
1164,11.640011,5793.695376449,5793.695376449,5768,8075200,0.000000
1165,11.650081,5793.705446592,5793.705446592,5773,8082200,0.000000
1166,11.660072,5793.715437187,5793.715437187,5777,8087800,0.000000
1167,11.670073,5793.725438671,5793.725438671,5782,8094800,0.000000
1168,11.680065,5793.735429853,5793.735429853,5787,8101800,0.000000
1169,11.690064,5793.745429366,5793.745429366,5792,8108800,0.000000
1170,11.700064,5793.755428919,5793.755428919,5797,8115800,0.000000
1171,11.710073,5793.765437963,5793.765437963,5802,8122800,0.000000
1172,11.720058,5793.775423536,5793.775423536,5807,8129800,0.000000
1173,11.730015,5793.785380633,5793.785380633,5812,8136800,0.000000
1174,11.740062,5793.795427660,5793.795427660,5817,8143800,0.000000
1175,11.750086,5793.805450921,5793.805450921,5822,8150800,0.000000
1176,11.760063,5793.815428783,5793.815428783,5827,8157800,0.000000
1177,11.770063,5793.825428270,5793.825428270,5832,8164800,0.000000
1178,11.780064,5793.835429112,5793.835429112,5837,8171800,0.000000
1179,11.790082,5793.845447240,5793.845447240,5842,8178800,0.000000
1180,11.800064,5793.855429659,5793.855429659,5847,8185800,0.000000
1181,11.810063,5793.865428408,5793.865428408,5852,8192800,0.000000
1182,11.820066,5793.875430923,5793.875430923,5857,8199800,0.000000
1183,11.830064,5793.885429387,5793.885429387,5862,8206800,0.000000
1184,11.840060,5793.895425159,5793.895425159,5867,8213800,0.000000
1185,11.850021,5793.905385829,5793.905385829,5872,8220800,0.000000
1186,11.860062,5793.915427022,5793.915427022,5877,8227800,0.000000
1187,11.870072,5793.925436946,5793.925436946,5882,8234800,0.000000
1188,11.880067,5793.935432102,5793.935432102,5886,8240400,0.000000
1189,11.890063,5793.945427930,5793.945427930,5891,8247400,0.000000
1190,11.900066,5793.955431129,5793.955431129,5896,8254400,0.000000
1191,11.910060,5793.965425358,5793.965425358,5901,8261400,0.000000
1192,11.920070,5793.975435045,5793.975435045,5906,8268400,0.000000
1193,11.930064,5793.985428889,5793.985428889,5911,8275400,0.000000
1194,11.940061,5793.995426238,5793.995426238,5916,8282400,0.000000
1195,11.950068,5794.005433243,5794.005433243,5921,8289400,0.000000
1196,11.960058,5794.015423775,5794.015423775,5926,8296400,0.000000
1197,11.970064,5794.025429554,5794.025429554,5931,8303400,0.000000
1198,11.980066,5794.035431180,5794.035431180,5936,8310400,0.000000
1199,11.990070,5794.045435677,5794.045435677,5941,8317400,0.000000
1200,12.000071,5794.055436654,5794.055436654,5946,8324400,0.000000
1201,12.010067,5794.065432111,5794.065432111,5951,8331400,0.000000
1202,12.020073,5794.075438159,5794.075438159,5956,8338400,0.000000
1203,12.030068,5794.085433504,5794.085433504,5961,8345400,0.000000
1204,12.040064,5794.095429652,5794.095429652,5966,8352400,0.000000
1205,12.050064,5794.105429816,5794.105429816,5971,8359400,0.000000
1206,12.060063,5794.115428655,5794.115428655,5976,8366400,0.000000
1207,12.070068,5794.125433827,5794.125433827,5981,8373400,0.000000
1208,12.080041,5794.135406332,5794.135406332,5986,8380400,0.000000
1209,12.090028,5794.145393479,5794.145393479,5991,8387400,0.000000
1210,12.100078,5794.155443648,5794.155443648,5996,8394400,0.000000
1211,12.110066,5794.165431210,5794.165431210,6000,8400000,0.000000
1212,12.120057,5794.175422568,5794.175422568,6005,8407000,0.000000
1213,12.130038,5794.185403697,5794.185403697,6010,8414000,0.000000
1214,12.140068,5794.195433221,5794.195433221,6015,8421000,0.000000
1215,12.150064,5794.205429189,5794.205429189,6020,8428000,0.000000
1216,12.160064,5794.215429477,5794.215429477,6025,8435000,0.000000
1217,12.170066,5794.225431790,5794.225431790,6030,8442000,0.000000
1218,12.180064,5794.235429084,5794.235429084,6035,8449000,0.000000
1219,12.190065,5794.245430551,5794.245430551,6040,8456000,0.000000
1220,12.200066,5794.255431395,5794.255431395,6045,8463000,0.000000
1221,12.210062,5794.265427624,5794.265427624,6050,8470000,0.000000
1222,12.220070,5794.275435363,5794.275435363,6055,8477000,0.000000
1223,12.230064,5794.285429740,5794.285429740,6060,8484000,0.000000
1224,12.240069,5794.295434612,5794.295434612,6065,8491000,0.000000
1225,12.250074,5794.305439288,5794.305439288,6070,8498000,0.000000
1226,12.260071,5794.315436627,5794.315436627,6075,8505000,0.000000
1227,12.270067,5794.325431979,5794.325431979,6080,8512000,0.000000
1228,12.280061,5794.335426210,5794.335426210,6085,8519000,0.000000
1229,12.290061,5794.345426001,5794.345426001,6090,8526000,0.000000
1230,12.300066,5794.355431734,5794.355431734,6095,8533000,0.000000
1231,12.310061,5794.365426533,5794.365426533,6100,8540000,0.000000
1232,12.320062,5794.375426860,5794.375426860,6105,8547000,0.000000
1233,12.330059,5794.385423898,5794.385423898,6109,8552600,0.000000
1234,12.340043,5794.395408040,5794.395408040,6114,8559600,0.000000
1235,12.350067,5794.405432116,5794.405432116,6119,8566600,0.000000
1236,12.360072,5794.415436833,5794.415436833,6124,8573600,0.000000
1237,12.370071,5794.425436053,5794.425436053,6129,8580600,0.000000
1238,12.380079,5794.435444692,5794.435444692,6134,8587600,0.000000
1239,12.390075,5794.445440798,5794.445440798,6139,8594600,0.000000
1240,12.400074,5794.455438884,5794.455438884,6144,8601600,0.000000
1241,12.410064,5794.465428931,5794.465428931,6149,8608600,0.000000
1242,12.420067,5794.475432638,5794.475432638,6154,8615600,0.000000
1243,12.430067,5794.485432195,5794.485432195,6159,8622600,0.000000
1244,12.440063,5794.495428324,5794.495428324,6164,8629600,0.000000
1245,12.450069,5794.505434653,5794.505434653,6169,8636600,0.000000
1246,12.460065,5794.515429886,5794.515429886,6174,8643600,0.000000
1247,12.470067,5794.525432478,5794.525432478,6179,8650600,0.000000
1248,12.480063,5794.535428749,5794.535428749,6184,8657600,0.000000
1249,12.490063,5794.545428827,5794.545428827,6189,8664600,0.000000
1250,12.500070,5794.555435084,5794.555435084,6194,8671600,0.000000
1251,12.510063,5794.565428315,5794.565428315,6199,8678600,0.000000
1252,12.520058,5794.575423089,5794.575423089,6204,8685600,0.000000
1253,12.530066,5794.585431214,5794.585431214,6209,8692600,0.000000
1254,12.540040,5794.595404970,5794.595404970,6214,8699600,0.000000
1255,12.550072,5794.605437045,5794.605437045,6219,8706600,0.000000
1256,12.560065,5794.615430769,5794.615430769,6223,8712200,0.000000
1257,12.570064,5794.625429609,5794.625429609,6228,8719200,0.000000
1258,12.580070,5794.635435026,5794.635435026,6233,8726200,0.000000
1259,12.590068,5794.645433073,5794.645433073,6238,8733200,0.000000
1260,12.600067,5794.655432298,5794.655432298,6243,8740200,0.000000
1261,12.610068,5794.665433125,5794.665433125,6248,8747200,0.000000
1262,12.620069,5794.675434106,5794.675434106,6253,8754200,0.000000
1263,12.630068,5794.685433212,5794.685433212,6258,8761200,0.000000
1264,12.640064,5794.695429261,5794.695429261,6263,8768200,0.000000
1265,12.650041,5794.705406396,5794.705406396,6268,8775200,0.000000
1266,12.660064,5794.715428949,5794.715428949,6273,8782200,0.000000
1267,12.670064,5794.725429330,5794.725429330,6278,8789200,0.000000
1268,12.680037,5794.735402272,5794.735402272,6283,8796200,0.000000
1269,12.690074,5794.745439501,5794.745439501,6288,8803200,0.000000
1270,12.700067,5794.755431999,5794.755431999,6293,8810200,0.000000
1271,12.710064,5794.765428929,5794.765428929,6298,8817200,0.000000
1272,12.720081,5794.775446066,5794.775446066,6303,8824200,0.000000
1273,12.730087,5794.785451905,5794.785451905,6308,8831200,0.000000
1274,12.740064,5794.795429749,5794.795429749,6313,8838200,0.000000
1275,12.750036,5794.805401481,5794.805401481,6318,8845200,0.000000
1276,12.760012,5794.815376943,5794.815376943,6323,8852200,0.000000
1277,12.770073,5794.825438003,5794.825438003,6328,8859200,0.000000
1278,12.780070,5794.835435058,5794.835435058,6332,8864800,0.000000
1279,12.790071,5794.845436701,5794.845436701,6337,8871800,0.000000
1280,12.800067,5794.855432228,5794.855432228,6342,8878800,0.000000
1281,12.810067,5794.865432683,5794.865432683,6347,8885800,0.000000
1282,12.820067,5794.875432547,5794.875432547,6352,8892800,0.000000
1283,12.830064,5794.885428847,5794.885428847,6357,8899800,0.000000
1284,12.840069,5794.895434704,5794.895434704,6362,8906800,0.000000
1285,12.850067,5794.905432327,5794.905432327,6367,8913800,0.000000
1286,12.860071,5794.915436074,5794.915436074,6372,8920800,0.000000
1287,12.870059,5794.925424041,5794.925424041,6377,8927800,0.000000
1288,12.880065,5794.935430437,5794.935430437,6382,8934800,0.000000
1289,12.890062,5794.945426848,5794.945426848,6387,8941800,0.000000
1290,12.900063,5794.955428778,5794.955428778,6392,8948800,0.000000
1291,12.910070,5794.965434985,5794.965434985,6397,8955800,0.000000
1292,12.920068,5794.975433293,5794.975433293,6402,8962800,0.000000
1293,12.930059,5794.985424730,5794.985424730,6407,8969800,0.000000
1294,12.940064,5794.995429271,5794.995429271,6412,8976800,0.000000
1295,12.950064,5795.005429214,5795.005429214,6417,8983800,0.000000
1296,12.960064,5795.015428843,5795.015428843,6422,8990800,0.000000
1297,12.970024,5795.025389577,5795.025389577,6427,8997800,0.000000
1298,12.980062,5795.035427046,5795.035427046,6432,9004800,0.000000
1299,12.990056,5795.045421115,5795.045421115,6437,9011800,0.000000
1300,13.000068,5795.055433640,5795.055433640,6441,9017400,0.000000
1301,13.010060,5795.065425410,5795.065425410,6446,9024400,0.000000
1302,13.020073,5795.075438100,5795.075438100,6451,9031400,0.000000
1303,13.030065,5795.085429976,5795.085429976,6456,9038400,0.000000
1304,13.040061,5795.095425857,5795.095425857,6461,9045400,0.000000
1305,13.050063,5795.105428767,5795.105428767,6466,9052400,0.000000
1306,13.060063,5795.115428650,5795.115428650,6471,9059400,0.000000
1307,13.070065,5795.125430492,5795.125430492,6476,9066400,0.000000
1308,13.080064,5795.135429177,5795.135429177,6481,9073400,0.000000
1309,13.090069,5795.145434594,5795.145434594,6486,9080400,0.000000
1310,13.100066,5795.155430867,5795.155430867,6491,9087400,0.000000
1311,13.110066,5795.165431724,5795.165431724,6496,9094400,0.000000
1312,13.120066,5795.175431084,5795.175431084,6501,9101400,0.000000
1313,13.130065,5795.185430300,5795.185430300,6506,9108400,0.000000
1314,13.140068,5795.195433021,5795.195433021,6511,9115400,0.000000
1315,13.150066,5795.205431092,5795.205431092,6516,9122400,0.000000
1316,13.160068,5795.215432900,5795.215432900,6521,9129400,0.000000
1317,13.170066,5795.225431336,5795.225431336,6526,9136400,0.000000
1318,13.180062,5795.235427598,5795.235427598,6531,9143400,0.000000
1319,13.190072,5795.245437373,5795.245437373,6536,9150400,0.000000
1320,13.200043,5795.255408821,5795.255408821,6541,9157400,0.000000
1321,13.210025,5795.265390563,5795.265390563,6546,9164400,0.000000
1322,13.220074,5795.275439484,5795.275439484,6551,9171400,0.000000
1323,13.230067,5795.285432522,5795.285432522,6555,9177000,0.000000
1324,13.240038,5795.295403014,5795.295403014,6560,9184000,0.000000
1325,13.250067,5795.305432366,5795.305432366,6565,9191000,0.000000
1326,13.260067,5795.315432435,5795.315432435,6570,9198000,0.000000
1327,13.270065,5795.325430301,5795.325430301,6575,9205000,0.000000
1328,13.280066,5795.335431450,5795.335431450,6580,9212000,0.000000
1329,13.290069,5795.345434209,5795.345434209,6585,9219000,0.000000
1330,13.300073,5795.355437903,5795.355437903,6590,9226000,0.000000
1331,13.310062,5795.365427512,5795.365427512,6595,9233000,0.000000
1332,13.320066,5795.375430959,5795.375430959,6600,9240000,0.000000
1333,13.330065,5795.385430575,5795.385430575,6605,9247000,0.000000
1334,13.340067,5795.395432209,5795.395432209,6610,9254000,0.000000
1335,13.350066,5795.405431168,5795.405431168,6615,9261000,0.000000
1336,13.360067,5795.415432268,5795.415432268,6620,9268000,0.000000
1337,13.370068,5795.425433252,5795.425433252,6625,9275000,0.000000
1338,13.380065,5795.435430817,5795.435430817,6630,9282000,0.000000
1339,13.390064,5795.445429571,5795.445429571,6635,9289000,0.000000
1340,13.400063,5795.455428350,5795.455428350,6640,9296000,0.000000
1341,13.410062,5795.465427437,5795.465427437,6645,9303000,0.000000
1342,13.420066,5795.475431762,5795.475431762,6650,9310000,0.000000
1343,13.430062,5795.485427221,5795.485427221,6655,9317000,0.000000
1344,13.440077,5795.495442120,5795.495442120,6660,9324000,0.000000
1345,13.450067,5795.505432136,5795.505432136,6664,9329600,0.000000
1346,13.460065,5795.515430042,5795.515430042,6669,9336600,0.000000
1347,13.470074,5795.525439073,5795.525439073,6674,9343600,0.000000
1348,13.480065,5795.535429861,5795.535429861,6679,9350600,0.000000
1349,13.490066,5795.545431281,5795.545431281,6684,9357600,0.000000
1350,13.500064,5795.555428855,5795.555428855,6689,9364600,0.000000
1351,13.510063,5795.565428513,5795.565428513,6694,9371600,0.000000
1352,13.520066,5795.575431722,5795.575431722,6699,9378600,0.000000
1353,13.530036,5795.585401799,5795.585401799,6704,9385600,0.000000
1354,13.540069,5795.595434156,5795.595434156,6709,9392600,0.000000
1355,13.550063,5795.605428754,5795.605428754,6714,9399600,0.000000
1356,13.560065,5795.615430372,5795.615430372,6719,9406600,0.000000
1357,13.570066,5795.625431671,5795.625431671,6724,9413600,0.000000
1358,13.580066,5795.635431371,5795.635431371,6729,9420600,0.000000
1359,13.590063,5795.645428388,5795.645428388,6734,9427600,0.000000
1360,13.600064,5795.655429294,5795.655429294,6739,9434600,0.000000
1361,13.610067,5795.665432301,5795.665432301,6744,9441600,0.000000
1362,13.620061,5795.675426711,5795.675426711,6749,9448600,0.000000
1363,13.630064,5795.685429513,5795.685429513,6754,9455600,0.000000
1364,13.640064,5795.695429504,5795.695429504,6759,9462600,0.000000
1365,13.650064,5795.705429154,5795.705429154,6764,9469600,0.000000
1366,13.660040,5795.715405695,5795.715405695,6769,9476600,0.000000
1367,13.670072,5795.725437516,5795.725437516,6774,9483600,0.000000
1368,13.680065,5795.735430703,5795.735430703,6778,9489200,0.000000
1369,13.690067,5795.745432007,5795.745432007,6783,9496200,0.000000
1370,13.700073,5795.755438111,5795.755438111,6788,9503200,0.000000
1371,13.710072,5795.765437285,5795.765437285,6793,9510200,0.000000
1372,13.720068,5795.775433362,5795.775433362,6798,9517200,0.000000
1373,13.730066,5795.785431682,5795.785431682,6803,9524200,0.000000
1374,13.740064,5795.795429807,5795.795429807,6808,9531200,0.000000
1375,13.750070,5795.805435322,5795.805435322,6813,9538200,0.000000
1376,13.760066,5795.815431148,5795.815431148,6818,9545200,0.000000
1377,13.770066,5795.825431321,5795.825431321,6823,9552200,0.000000
1378,13.780067,5795.835432241,5795.835432241,6828,9559200,0.000000
1379,13.790064,5795.845429611,5795.845429611,6833,9566200,0.000000
1380,13.800068,5795.855433182,5795.855433182,6838,9573200,0.000000
1381,13.810067,5795.865431982,5795.865431982,6843,9580200,0.000000
1382,13.820065,5795.875429963,5795.875429963,6848,9587200,0.000000
1383,13.830069,5795.885434504,5795.885434504,6853,9594200,0.000000
1384,13.840067,5795.895432634,5795.895432634,6858,9601200,0.000000
1385,13.850071,5795.905436476,5795.905436476,6863,9608200,0.000000
1386,13.860058,5795.915423181,5795.915423181,6868,9615200,0.000000
1387,13.870028,5795.925393552,5795.925393552,6873,9622200,0.000000
1388,13.880021,5795.935386228,5795.935386228,6878,9629200,0.000000
1389,13.890079,5795.945443996,5795.945443996,6883,9636200,0.000000
1390,13.900072,5795.955437242,5795.955437242,6887,9641800,0.000000
1391,13.910075,5795.965440339,5795.965440339,6892,9648800,0.000000
1392,13.920074,5795.975439268,5795.975439268,6897,9655800,0.000000
1393,13.930066,5795.985431074,5795.985431074,6902,9662800,0.000000
1394,13.940069,5795.995433846,5795.995433846,6907,9669800,0.000000
1395,13.950067,5796.005432489,5796.005432489,6912,9676800,0.000000
1396,13.960070,5796.015435814,5796.015435814,6917,9683800,0.000000
1397,13.970064,5796.025428950,5796.025428950,6922,9690800,0.000000
1398,13.980064,5796.035429697,5796.035429697,6927,9697800,0.000000
1399,13.990068,5796.045433072,5796.045433072,6932,9704800,0.000000
1400,14.000071,5796.055436529,5796.055436529,6937,9711800,0.000000
1401,14.010059,5796.065424090,5796.065424090,6942,9718800,0.000000
1402,14.020040,5796.075405514,5796.075405514,6947,9725800,0.000000
1403,14.030066,5796.085431513,5796.085431513,6952,9732800,0.000000
1404,14.040068,5796.095433461,5796.095433461,6957,9739800,0.000000
1405,14.050068,5796.105433101,5796.105433101,6962,9746800,0.000000
1406,14.060065,5796.115430225,5796.115430225,6967,9753800,0.000000
1407,14.070064,5796.125428937,5796.125428937,6972,9760800,0.000000
1408,14.080060,5796.135424978,5796.135424978,6977,9767800,0.000000
1409,14.090068,5796.145433414,5796.145433414,6982,9774800,0.000000
1410,14.100062,5796.155427190,5796.155427190,6987,9781800,0.000000
1411,14.110063,5796.165428660,5796.165428660,6992,9788800,0.000000
1412,14.120073,5796.175438639,5796.175438639,6996,9794400,0.002018
1413,14.130101,5796.185466158,5796.185466158,7001,9801400,0.000000
1414,14.140069,5796.195434217,5796.195434217,7006,9808400,0.000000
1415,14.150090,5796.205455662,5796.205455662,7011,9815400,0.000000
1416,14.160066,5796.215431381,5796.215431381,7016,9822400,0.000000
1417,14.170070,5796.225435757,5796.225435757,7021,9829400,0.000000
1418,14.180070,5796.235434857,5796.235434857,7026,9836400,0.000000
1419,14.190065,5796.245430600,5796.245430600,7031,9843400,0.000000
1420,14.200064,5796.255429771,5796.255429771,7036,9850400,0.000000
1421,14.210069,5796.265434718,5796.265434718,7041,9857400,0.000000
1422,14.220066,5796.275431318,5796.275431318,7046,9864400,0.000000
1423,14.230065,5796.285430092,5796.285430092,7051,9871400,0.000000
1424,14.240069,5796.295434534,5796.295434534,7056,9878400,0.000000
1425,14.250069,5796.305434629,5796.305434629,7061,9885400,0.000000
1426,14.260069,5796.315434420,5796.315434420,7066,9892400,0.000000
1427,14.270102,5796.325467510,5796.325467510,7071,9899400,0.000000
1428,14.280074,5796.335439188,5796.335439188,7076,9906400,0.000000
1429,14.290065,5796.345430555,5796.345430555,7081,9913400,0.000000
1430,14.300066,5796.355431817,5796.355431817,7086,9920400,0.000000
1431,14.310064,5796.365429417,5796.365429417,7091,9927400,0.000000
1432,14.320071,5796.375436736,5796.375436736,7096,9934400,0.000000
1433,14.330028,5796.385392890,5796.385392890,7101,9941400,0.000000
1434,14.340076,5796.395441737,5796.395441737,7106,9948400,0.000000
1435,14.350070,5796.405434984,5796.405434984,7110,9954000,0.000000
1436,14.360079,5796.415444792,5796.415444792,7115,9961000,0.000000
1437,14.370066,5796.425431051,5796.425431051,7120,9968000,0.000000
1438,14.380069,5796.435434527,5796.435434527,7125,9975000,0.000000
1439,14.390067,5796.445432659,5796.445432659,7130,9982000,0.000000
1440,14.400079,5796.455444200,5796.455444200,7135,9989000,0.000000
1441,14.410076,5796.465441482,5796.465441482,7140,9996000,0.000000
1442,14.420065,5796.475430486,5796.475430486,7145,10003000,0.000000
1443,14.430064,5796.485429660,5796.485429660,7150,10010000,0.000000
1444,14.440060,5796.495425085,5796.495425085,7155,10017000,0.000000
1445,14.450070,5796.505434966,5796.505434966,7160,10024000,0.000000
1446,14.460069,5796.515433868,5796.515433868,7165,10031000,0.000000
1447,14.470064,5796.525429346,5796.525429346,7170,10038000,0.000000
1448,14.480058,5796.535423695,5796.535423695,7175,10045000,0.000000
1449,14.490065,5796.545430792,5796.545430792,7180,10052000,0.000000
1450,14.500067,5796.555431939,5796.555431939,7185,10059000,0.000000
1451,14.510071,5796.565436425,5796.565436425,7190,10066000,0.000000
1452,14.520064,5796.575429112,5796.575429112,7195,10073000,0.000000
1453,14.530063,5796.585428621,5796.585428621,7200,10080000,0.000000
1454,14.540058,5796.595423617,5796.595423617,7205,10087000,0.000000
1455,14.550063,5796.605428282,5796.605428282,7210,10094000,0.000000
1456,14.560078,5796.615443749,5796.615443749,7215,10101000,0.000000
1457,14.570066,5796.625431281,5796.625431281,7219,10106600,0.000000
1458,14.580069,5796.635434440,5796.635434440,7224,10113600,0.000000
1459,14.590066,5796.645431668,5796.645431668,7229,10120600,0.000000
1460,14.600079,5796.655444731,5796.655444731,7234,10127600,0.000000
1461,14.610065,5796.665430603,5796.665430603,7239,10134600,0.000000
1462,14.620072,5796.675436990,5796.675436990,7244,10141600,0.000000
1463,14.630096,5796.685461474,5796.685461474,7249,10148600,0.000000
1464,14.640066,5796.695431737,5796.695431737,7254,10155600,0.000000
1465,14.650067,5796.705432446,5796.705432446,7259,10162600,0.000000
1466,14.660065,5796.715430402,5796.715430402,7264,10169600,0.000000
1467,14.670042,5796.725407690,5796.725407690,7269,10176600,0.000000
1468,14.680068,5796.735433823,5796.735433823,7274,10183600,0.000000
1469,14.690068,5796.745433618,5796.745433618,7279,10190600,0.000000
1470,14.700063,5796.755428049,5796.755428049,7284,10197600,0.000000
1471,14.710066,5796.765431063,5796.765431063,7289,10204600,0.000000
1472,14.720047,5796.775412320,5796.775412320,7294,10211600,0.000000
1473,14.730070,5796.785435438,5796.785435438,7299,10218600,0.000000
1474,14.740062,5796.795427600,5796.795427600,7304,10225600,0.000000
1475,14.750064,5796.805429133,5796.805429133,7309,10232600,0.000000
1476,14.760065,5796.815430390,5796.815430390,7314,10239600,0.000000
1477,14.770070,5796.825435453,5796.825435453,7319,10246600,0.000000
1478,14.780047,5796.835412719,5796.835412719,7324,10253600,0.000000
1479,14.790078,5796.845443370,5796.845443370,7329,10260600,0.000000
1480,14.800074,5796.855439212,5796.855439212,7333,10266200,0.000000
1481,14.810067,5796.865432553,5796.865432553,7338,10273200,0.000000
1482,14.820089,5796.875454767,5796.875454767,7343,10280200,0.000000
1483,14.830041,5796.885406321,5796.885406321,7348,10287200,0.000000
1484,14.840069,5796.895433865,5796.895433865,7353,10294200,0.000000
1485,14.850069,5796.905434079,5796.905434079,7358,10301200,0.000000
1486,14.860053,5796.915417852,5796.915417852,7363,10308200,0.000000
1487,14.870072,5796.925437314,5796.925437314,7368,10315200,0.000000
1488,14.880075,5796.935440000,5796.935440000,7373,10322200,0.000000
1489,14.890069,5796.945433982,5796.945433982,7378,10329200,0.000000
1490,14.900065,5796.955430513,5796.955430513,7383,10336200,0.000000
1491,14.910067,5796.965432183,5796.965432183,7388,10343200,0.000000
1492,14.920068,5796.975433376,5796.975433376,7393,10350200,0.000000
1493,14.930065,5796.985430157,5796.985430157,7398,10357200,0.000000
1494,14.940065,5796.995430137,5796.995430137,7403,10364200,0.000000
1495,14.950065,5797.005429955,5797.005429955,7408,10371200,0.000000
1496,14.960058,5797.015423499,5797.015423499,7413,10378200,0.000000
1497,14.970031,5797.025395893,5797.025395893,7418,10385200,0.000000
1498,14.980058,5797.035423050,5797.035423050,7423,10392200,0.000000
1499,14.990019,5797.045384326,5797.045384326,7428,10399200,0.000000
1500,15.000002,5797.055367503,5797.055367503,7433,10406200,0.000000
1501,15.010072,5797.065437630,5797.065437630,7438,10413200,0.000000
1502,15.020064,5797.075429778,5797.075429778,7442,10418800,0.000000
1503,15.030064,5797.085429564,5797.085429564,7447,10425800,0.000000
1504,15.040078,5797.095443426,5797.095443426,7452,10432800,0.000000
1505,15.050071,5797.105435937,5797.105435937,7457,10439800,0.000000
1506,15.060073,5797.115437901,5797.115437901,7462,10446800,0.000000
1507,15.070069,5797.125433899,5797.125433899,7467,10453800,0.000000
1508,15.080086,5797.135451734,5797.135451734,7472,10460800,0.000000
1509,15.090065,5797.145430153,5797.145430153,7477,10467800,0.000000
1510,15.100081,5797.155446519,5797.155446519,7482,10474800,0.000000
1511,15.110067,5797.165432133,5797.165432133,7487,10481800,0.000000
1512,15.120084,5797.175449630,5797.175449630,7492,10488800,0.000000
1513,15.130096,5797.185461142,5797.185461142,7497,10495800,0.000000
1514,15.140073,5797.195438033,5797.195438033,7502,10502800,0.000000
1515,15.150073,5797.205438763,5797.205438763,7507,10509800,0.000000
1516,15.160064,5797.215429477,5797.215429477,7512,10516800,0.000000
1517,15.170066,5797.225431680,5797.225431680,7517,10523800,0.000000
1518,15.180059,5797.235423950,5797.235423950,7522,10530800,0.000000
1519,15.190062,5797.245427705,5797.245427705,7527,10537800,0.000000
1520,15.200066,5797.255431103,5797.255431103,7532,10544800,0.000000
1521,15.210062,5797.265427065,5797.265427065,7537,10551800,0.000000
1522,15.220064,5797.275429060,5797.275429060,7542,10558800,0.000000
1523,15.230070,5797.285435098,5797.285435098,7547,10565800,0.000000
1524,15.240068,5797.295433280,5797.295433280,7551,10571400,0.000000
1525,15.250069,5797.305434386,5797.305434386,7556,10578400,0.000000
1526,15.260065,5797.315430091,5797.315430091,7561,10585400,0.000000
1527,15.270070,5797.325434968,5797.325434968,7566,10592400,0.000000
1528,15.280072,5797.335437435,5797.335437435,7571,10599400,0.000000
1529,15.290069,5797.345434449,5797.345434449,7576,10606400,0.000000
1530,15.300069,5797.355434107,5797.355434107,7581,10613400,0.000000
1531,15.310069,5797.365434409,5797.365434409,7586,10620400,0.000000
1532,15.320063,5797.375428261,5797.375428261,7591,10627400,0.000000
1533,15.330064,5797.385429567,5797.385429567,7596,10634400,0.000000
1534,15.340069,5797.395434074,5797.395434074,7601,10641400,0.000000
1535,15.350089,5797.405453921,5797.405453921,7606,10648400,0.000000
1536,15.360074,5797.415438870,5797.415438870,7611,10655400,0.000000
1537,15.370074,5797.425439792,5797.425439792,7616,10662400,0.000000
1538,15.380085,5797.435450742,5797.435450742,7621,10669400,0.000000
1539,15.390096,5797.445461650,5797.445461650,7626,10676400,0.000000
1540,15.400071,5797.455436483,5797.455436483,7631,10683400,0.000000
1541,15.410082,5797.465447334,5797.465447334,7636,10690400,0.000000
1542,15.420063,5797.475428155,5797.475428155,7641,10697400,0.000000
1543,15.430070,5797.485435165,5797.485435165,7646,10704400,0.000000
1544,15.440047,5797.495412162,5797.495412162,7651,10711400,0.000000
1545,15.450051,5797.505416241,5797.505416241,7656,10718400,0.000000
1546,15.460078,5797.515443782,5797.515443782,7661,10725400,0.000000
1547,15.470067,5797.525432806,5797.525432806,7665,10731000,0.000000
1548,15.480069,5797.535433909,5797.535433909,7670,10738000,0.000000
1549,15.490082,5797.545447582,5797.545447582,7675,10745000,0.000000
1550,15.500071,5797.555436521,5797.555436521,7680,10752000,0.000000
1551,15.510068,5797.565433261,5797.565433261,7685,10759000,0.000000
1552,15.520072,5797.575437656,5797.575437656,7690,10766000,0.000000
1553,15.530089,5797.585454690,5797.585454690,7695,10773000,0.000000
1554,15.540070,5797.595435500,5797.595435500,7700,10780000,0.000000
1555,15.550066,5797.605431730,5797.605431730,7705,10787000,0.000000
1556,15.560069,5797.615434078,5797.615434078,7710,10794000,0.000000
1557,15.570082,5797.625447079,5797.625447079,7715,10801000,0.000000
1558,15.580068,5797.635433460,5797.635433460,7720,10808000,0.000000
1559,15.590086,5797.645451174,5797.645451174,7725,10815000,0.000000
1560,15.600024,5797.655389133,5797.655389133,7730,10822000,0.000000
1561,15.610068,5797.665433615,5797.665433615,7735,10829000,0.000000
1562,15.620066,5797.675431181,5797.675431181,7740,10836000,0.000000
1563,15.630070,5797.685434982,5797.685434982,7745,10843000,0.000000
1564,15.640077,5797.695441866,5797.695441866,7750,10850000,0.000000
1565,15.650058,5797.705423652,5797.705423652,7755,10857000,0.000000
1566,15.660043,5797.715408265,5797.715408265,7760,10864000,0.000000
1567,15.670003,5797.725368133,5797.725368133,7765,10871000,0.000000
1568,15.680078,5797.735443050,5797.735443050,7770,10878000,0.000000
1569,15.690068,5797.745433027,5797.745433027,7774,10883600,0.000000
1570,15.700069,5797.755434148,5797.755434148,7779,10890600,0.000000
1571,15.710071,5797.765436289,5797.765436289,7784,10897600,0.000000
1572,15.720066,5797.775431777,5797.775431777,7789,10904600,0.000000
1573,15.730076,5797.785441157,5797.785441157,7794,10911600,0.000000
1574,15.740060,5797.795425670,5797.795425670,7799,10918600,0.000000
1575,15.750060,5797.805424892,5797.805424892,7804,10925600,0.000000
1576,15.760071,5797.815435888,5797.815435888,7809,10932600,0.000000
1577,15.770064,5797.825429065,5797.825429065,7814,10939600,0.000000
1578,15.780064,5797.835429428,5797.835429428,7819,10946600,0.000000
1579,15.790069,5797.845434749,5797.845434749,7824,10953600,0.000000
1580,15.800093,5797.855457970,5797.855457970,7829,10960600,0.000000
1581,15.810063,5797.865428494,5797.865428494,7834,10967600,0.000000
1582,15.820064,5797.875429297,5797.875429297,7839,10974600,0.000000
1583,15.830058,5797.885423356,5797.885423356,7844,10981600,0.000000
1584,15.840050,5797.895415691,5797.895415691,7849,10988600,0.000000
1585,15.850077,5797.905442740,5797.905442740,7854,10995600,0.000000
1586,15.860063,5797.915427829,5797.915427829,7859,11002600,0.000000
1587,15.870063,5797.925428063,5797.925428063,7864,11009600,0.000000
1588,15.880061,5797.935426677,5797.935426677,7869,11016600,0.000000
1589,15.890058,5797.945423027,5797.945423027,7874,11023600,0.000000
1590,15.900040,5797.955405102,5797.955405102,7879,11030600,0.000000
1591,15.910081,5797.965446031,5797.965446031,7884,11037600,0.000000
1592,15.920073,5797.975438431,5797.975438431,7888,11043200,0.000000
1593,15.930068,5797.985432858,5797.985432858,7893,11050200,0.000000
1594,15.940073,5797.995438274,5797.995438274,7898,11057200,0.000000
1595,15.950082,5798.005447016,5798.005447016,7903,11064200,0.000000
1596,15.960071,5798.015436318,5798.015436318,7908,11071200,0.000000
1597,15.970067,5798.025432119,5798.025432119,7913,11078200,0.000000
1598,15.980074,5798.035438866,5798.035438866,7918,11085200,0.000000
1599,15.990069,5798.045434315,5798.045434315,7923,11092200,0.000000
1600,16.000067,5798.055432783,5798.055432783,7928,11099200,0.000000
1601,16.010069,5798.065433941,5798.065433941,7933,11106200,0.000000
1602,16.020067,5798.075432176,5798.075432176,7938,11113200,0.000000
1603,16.030066,5798.085431325,5798.085431325,7943,11120200,0.000000
1604,16.040069,5798.095434783,5798.095434783,7948,11127200,0.000000
1605,16.050067,5798.105432209,5798.105432209,7953,11134200,0.000000
1606,16.060070,5798.115435211,5798.115435211,7958,11141200,0.000000
1607,16.070067,5798.125431943,5798.125431943,7963,11148200,0.000000
1608,16.080068,5798.135433589,5798.135433589,7968,11155200,0.000000
1609,16.090061,5798.145426531,5798.145426531,7973,11162200,0.000000
1610,16.100068,5798.155433338,5798.155433338,7978,11169200,0.000000
1611,16.110038,5798.165403272,5798.165403272,7983,11176200,0.000000
1612,16.120031,5798.175396252,5798.175396252,7988,11183200,0.000000
1613,16.130111,5798.185476781,5798.185476781,7993,11190200,0.000000
1614,16.140073,5798.195437849,5798.195437849,7997,11195800,0.000000
1615,16.150075,5798.205440505,5798.205440505,8002,11202800,0.000000
1616,16.160071,5798.215436508,5798.215436508,8007,11209800,0.000000
1617,16.170067,5798.225432172,5798.225432172,8012,11216800,0.000000
1618,16.180067,5798.235432785,5798.235432785,8017,11223800,0.000000
1619,16.190070,5798.245435396,5798.245435396,8022,11230800,0.000000
1620,16.200070,5798.255434931,5798.255434931,8027,11237800,0.000000
1621,16.210065,5798.265430248,5798.265430248,8032,11244800,0.000000
1622,16.220081,5798.275446285,5798.275446285,8037,11251800,0.000000
1623,16.230069,5798.285434330,5798.285434330,8042,11258800,0.000000
1624,16.240071,5798.295436087,5798.295436087,8047,11265800,0.000000
1625,16.250073,5798.305438281,5798.305438281,8052,11272800,0.000000
1626,16.260070,5798.315434830,5798.315434830,8057,11279800,0.000000
1627,16.270091,5798.325456639,5798.325456639,8062,11286800,0.000000
1628,16.280069,5798.335434127,5798.335434127,8067,11293800,0.000000
1629,16.290065,5798.345430711,5798.345430711,8072,11300800,0.000000
1630,16.300070,5798.355435391,5798.355435391,8077,11307800,0.000000
1631,16.310065,5798.365430511,5798.365430511,8082,11314800,0.000000
1632,16.320059,5798.375424299,5798.375424299,8087,11321800,0.000000
1633,16.330059,5798.385424371,5798.385424371,8092,11328800,0.000000
1634,16.340062,5798.395427344,5798.395427344,8097,11335800,0.000000
1635,16.350059,5798.405423905,5798.405423905,8102,11342800,0.000000
1636,16.360101,5798.415466234,5798.415466234,8107,11349800,0.000000
1637,16.370073,5798.425438352,5798.425438352,8111,11355400,0.000000
1638,16.380065,5798.435430549,5798.435430549,8116,11362400,0.000000
1639,16.390082,5798.445447141,5798.445447141,8121,11369400,0.000000
1640,16.400068,5798.455433273,5798.455433273,8126,11376400,0.000000
1641,16.410064,5798.465429514,5798.465429514,8131,11383400,0.000000
1642,16.420067,5798.475432524,5798.475432524,8136,11390400,0.000000
1643,16.430065,5798.485430163,5798.485430163,8141,11397400,0.000000
1644,16.440074,5798.495438941,5798.495438941,8146,11404400,0.000000
1645,16.450077,5798.505442244,5798.505442244,8151,11411400,0.000000
1646,16.460066,5798.515431212,5798.515431212,8156,11418400,0.000000
1647,16.470072,5798.525437329,5798.525437329,8161,11425400,0.000000
1648,16.480078,5798.535443743,5798.535443743,8166,11432400,0.000000
1649,16.490068,5798.545433526,5798.545433526,8171,11439400,0.000000
1650,16.500073,5798.555437947,5798.555437947,8176,11446400,0.000000
1651,16.510069,5798.565434674,5798.565434674,8181,11453400,0.000000
1652,16.520066,5798.575431054,5798.575431054,8186,11460400,0.000000
1653,16.530065,5798.585430003,5798.585430003,8191,11467400,0.000000
1654,16.540088,5798.595453693,5798.595453693,8196,11474400,0.000000
1655,16.550066,5798.605431813,5798.605431813,8201,11481400,0.000000
1656,16.560092,5798.615457405,5798.615457405,8206,11488400,0.000000
1657,16.570027,5798.625392630,5798.625392630,8211,11495400,0.000000
1658,16.580091,5798.635456798,5798.635456798,8216,11502400,0.000000
1659,16.590070,5798.645435724,5798.645435724,8220,11508000,0.000000
1660,16.600093,5798.655458186,5798.655458186,8225,11515000,0.000000
1661,16.610069,5798.665434667,5798.665434667,8230,11522000,0.000000
1662,16.620065,5798.675430776,5798.675430776,8235,11529000,0.000000
1663,16.630072,5798.685437827,5798.685437827,8240,11536000,0.000000
1664,16.640088,5798.695453258,5798.695453258,8245,11543000,0.000000
1665,16.650064,5798.705429736,5798.705429736,8250,11550000,0.000000
1666,16.660071,5798.715436064,5798.715436064,8255,11557000,0.000000
1667,16.670068,5798.725432991,5798.725432991,8260,11564000,0.000000
1668,16.680069,5798.735433932,5798.735433932,8265,11571000,0.000000
1669,16.690061,5798.745426791,5798.745426791,8270,11578000,0.000000
1670,16.700065,5798.755430205,5798.755430205,8275,11585000,0.000000
1671,16.710066,5798.765430989,5798.765430989,8280,11592000,0.000000
1672,16.720063,5798.775428675,5798.775428675,8285,11599000,0.000000
1673,16.730067,5798.785432318,5798.785432318,8290,11606000,0.000000
1674,16.740064,5798.795429683,5798.795429683,8295,11613000,0.000000
1675,16.750069,5798.805434360,5798.805434360,8300,11620000,0.000000
1676,16.760059,5798.815424557,5798.815424557,8305,11627000,0.000000
1677,16.770063,5798.825428024,5798.825428024,8310,11634000,0.000000
1678,16.780059,5798.835424388,5798.835424388,8315,11641000,0.000000
1679,16.790017,5798.845382205,5798.845382205,8320,11648000,0.000000
1680,16.800095,5798.855460648,5798.855460648,8325,11655000,0.000000
1681,16.810074,5798.865439262,5798.865439262,8329,11660600,0.000000
1682,16.820071,5798.875436788,5798.875436788,8334,11667600,0.000000
1683,16.830076,5798.885441029,5798.885441029,8339,11674600,0.000000
1684,16.840070,5798.895435722,5798.895435722,8344,11681600,0.000000
1685,16.850066,5798.905431801,5798.905431801,8349,11688600,0.000000
1686,16.860064,5798.915429624,5798.915429624,8354,11695600,0.000000
1687,16.870073,5798.925438621,5798.925438621,8359,11702600,0.000000
1688,16.880038,5798.935403191,5798.935403191,8364,11709600,0.000000
1689,16.890040,5798.945405266,5798.945405266,8369,11716600,0.000000
1690,16.900063,5798.955427934,5798.955427934,8374,11723600,0.000000
1691,16.910064,5798.965428888,5798.965428888,8379,11730600,0.000000
1692,16.920065,5798.975430123,5798.975430123,8384,11737600,0.000000
1693,16.930033,5798.985398036,5798.985398036,8389,11744600,0.000000
1694,16.940065,5798.995429858,5798.995429858,8394,11751600,0.000000
1695,16.950064,5799.005429241,5799.005429241,8399,11758600,0.000000
1696,16.960069,5799.015433935,5799.015433935,8404,11765600,0.000000
1697,16.970064,5799.025429583,5799.025429583,8409,11772600,0.000000
1698,16.980062,5799.035427566,5799.035427566,8414,11779600,0.000000
1699,16.990058,5799.045422891,5799.045422891,8419,11786600,0.000000
1700,17.000061,5799.055426564,5799.055426564,8424,11793600,0.000000
1701,17.010062,5799.065427721,5799.065427721,8429,11800600,0.000000
1702,17.020042,5799.075407419,5799.075407419,8434,11807600,0.000000
1703,17.030082,5799.085447642,5799.085447642,8439,11814600,0.000000
1704,17.040075,5799.095440693,5799.095440693,8443,11820200,0.000000
1705,17.050072,5799.105437578,5799.105437578,8448,11827200,0.000000
1706,17.060057,5799.115422238,5799.115422238,8453,11834200,0.000000
1707,17.070056,5799.125421080,5799.125421080,8458,11841200,0.000000
1708,17.080071,5799.135436431,5799.135436431,8463,11848200,0.000000
1709,17.090066,5799.145431493,5799.145431493,8468,11855200,0.000000
1710,17.100064,5799.155429288,5799.155429288,8473,11862200,0.000000
1711,17.110068,5799.165433546,5799.165433546,8478,11869200,0.000000
1712,17.120069,5799.175433869,5799.175433869,8483,11876200,0.000000
1713,17.130100,5799.185465005,5799.185465005,8488,11883200,0.000000
1714,17.140066,5799.195431298,5799.195431298,8493,11890200,0.000000
1715,17.150067,5799.205431988,5799.205431988,8498,11897200,0.000000
1716,17.160066,5799.215431240,5799.215431240,8503,11904200,0.000000
1717,17.170059,5799.225424066,5799.225424066,8508,11911200,0.000000
1718,17.180065,5799.235430126,5799.235430126,8513,11918200,0.000000
1719,17.190064,5799.245429319,5799.245429319,8518,11925200,0.000000
1720,17.200064,5799.255429408,5799.255429408,8523,11932200,0.000000
1721,17.210019,5799.265384740,5799.265384740,8528,11939200,0.000000
1722,17.220057,5799.275422655,5799.275422655,8533,11946200,0.000000
1723,17.230021,5799.285386218,5799.285386218,8538,11953200,0.000000
1724,17.240006,5799.295371699,5799.295371699,8543,11960200,0.000000
1725,17.250078,5799.305443292,5799.305443292,8548,11967200,0.000000
1726,17.260072,5799.315437732,5799.315437732,8552,11972800,0.000000
1727,17.270066,5799.325431462,5799.325431462,8557,11979800,0.000000
1728,17.280066,5799.335431234,5799.335431234,8562,11986800,0.000000
1729,17.290060,5799.345425386,5799.345425386,8567,11993800,0.000000
1730,17.300066,5799.355430982,5799.355430982,8572,12000800,0.000000
1731,17.310067,5799.365432661,5799.365432661,8577,12007800,0.000000
1732,17.320028,5799.375393452,5799.375393452,8582,12014800,0.000000
1733,17.330066,5799.385430831,5799.385430831,8587,12021800,0.000000
1734,17.340060,5799.395425213,5799.395425213,8592,12028800,0.000000
1735,17.350065,5799.405430187,5799.405430187,8597,12035800,0.000000
1736,17.360053,5799.415418670,5799.415418670,8602,12042800,0.000000
1737,17.370066,5799.425431308,5799.425431308,8607,12049800,0.000000
1738,17.380038,5799.435402875,5799.435402875,8612,12056800,0.000000
1739,17.390058,5799.445423644,5799.445423644,8617,12063800,0.000000
1740,17.400064,5799.455429634,5799.455429634,8622,12070800,0.000000
1741,17.410060,5799.465425224,5799.465425224,8627,12077800,0.000000
1742,17.420043,5799.475408469,5799.475408469,8632,12084800,0.000000
1743,17.430066,5799.485431239,5799.485431239,8637,12091800,0.000000
1744,17.440066,5799.495431439,5799.495431439,8642,12098800,0.000000
1745,17.450029,5799.505394660,5799.505394660,8647,12105800,0.000000
1746,17.460062,5799.515427125,5799.515427125,8652,12112800,0.000000
1747,17.470053,5799.525418132,5799.525418132,8657,12119800,0.000000
1748,17.480065,5799.535430080,5799.535430080,8661,12125400,0.000000
1749,17.490063,5799.545427862,5799.545427862,8666,12132400,0.000000
1750,17.500076,5799.555441596,5799.555441596,8671,12139400,0.000000
1751,17.510065,5799.565429990,5799.565429990,8676,12146400,0.000000
1752,17.520048,5799.575413534,5799.575413534,8681,12153400,0.000000
1753,17.530067,5799.585432095,5799.585432095,8686,12160400,0.000000
1754,17.540072,5799.595437476,5799.595437476,8691,12167400,0.000000
1755,17.550072,5799.605437147,5799.605437147,8696,12174400,0.000000
1756,17.560075,5799.615440237,5799.615440237,8701,12181400,0.000000
1757,17.570068,5799.625433605,5799.625433605,8706,12188400,0.000000
1758,17.580066,5799.635431753,5799.635431753,8711,12195400,0.000000
1759,17.590060,5799.645425088,5799.645425088,8716,12202400,0.000000
1760,17.600078,5799.655443336,5799.655443336,8721,12209400,0.000000
1761,17.610065,5799.665429914,5799.665429914,8726,12216400,0.000000
1762,17.620069,5799.675434650,5799.675434650,8731,12223400,0.000000
1763,17.630055,5799.685420424,5799.685420424,8736,12230400,0.000000
1764,17.640073,5799.695437935,5799.695437935,8741,12237400,0.000000
1765,17.650062,5799.705427723,5799.705427723,8746,12244400,0.000000
1766,17.660058,5799.715423111,5799.715423111,8751,12251400,0.000000
1767,17.670062,5799.725427599,5799.725427599,8756,12258400,0.000000
1768,17.680050,5799.735415739,5799.735415739,8761,12265400,0.000000
1769,17.690022,5799.745386864,5799.745386864,8766,12272400,0.000000
1770,17.700081,5799.755446678,5799.755446678,8771,12279400,0.000000
1771,17.710073,5799.765437992,5799.765437992,8775,12285000,0.000000
1772,17.720075,5799.775440291,5799.775440291,8780,12292000,0.000000
1773,17.730075,5799.785439981,5799.785439981,8785,12299000,0.000000
1774,17.740085,5799.795450661,5799.795450661,8790,12306000,0.000000
1775,17.750075,5799.805440449,5799.805440449,8795,12313000,0.000000
1776,17.760069,5799.815434759,5799.815434759,8800,12320000,0.000000
1777,17.770062,5799.825426975,5799.825426975,8805,12327000,0.000000
1778,17.780067,5799.835432310,5799.835432310,8810,12334000,0.000000
1779,17.790067,5799.845431909,5799.845431909,8815,12341000,0.000000
1780,17.800068,5799.855433128,5799.855433128,8820,12348000,0.000000
1781,17.810077,5799.865442764,5799.865442764,8825,12355000,0.000000
1782,17.820068,5799.875433216,5799.875433216,8830,12362000,0.000000
1783,17.830093,5799.885458332,5799.885458332,8835,12369000,0.000000
1784,17.840074,5799.895439416,5799.895439416,8840,12376000,0.000000
1785,17.850069,5799.905434205,5799.905434205,8845,12383000,0.000000
1786,17.860072,5799.915437717,5799.915437717,8850,12390000,0.000000
1787,17.870063,5799.925428823,5799.925428823,8855,12397000,0.000000
1788,17.880063,5799.935428137,5799.935428137,8860,12404000,0.000000
1789,17.890057,5799.945422459,5799.945422459,8865,12411000,0.000000
1790,17.900058,5799.955423738,5799.955423738,8870,12418000,0.000000
1791,17.910061,5799.965426017,5799.965426017,8875,12425000,0.000000
1792,17.920089,5799.975454808,5799.975454808,8880,12432000,0.000000
1793,17.930074,5799.985439778,5799.985439778,8884,12437600,0.000000
1794,17.940066,5799.995430880,5799.995430880,8889,12444600,0.000000
1795,17.950064,5800.005429600,5800.005429600,8894,12451600,0.000000
1796,17.960071,5800.015436719,5800.015436719,8899,12458600,0.000000
1797,17.970075,5800.025440323,5800.025440323,8904,12465600,0.000000
1798,17.980076,5800.035441319,5800.035441319,8909,12472600,0.000000
1799,17.990067,5800.045432345,5800.045432345,8914,12479600,0.000000
1800,18.000065,5800.055430041,5800.055430041,8919,12486600,0.000000
1801,18.010062,5800.065427439,5800.065427439,8924,12493600,0.000000
1802,18.020067,5800.075432641,5800.075432641,8929,12500600,0.000000
1803,18.030020,5800.085385024,5800.085385024,8934,12507600,0.000000
1804,18.040072,5800.095437359,5800.095437359,8939,12514600,0.000000
1805,18.050067,5800.105432156,5800.105432156,8944,12521600,0.000000
1806,18.060081,5800.115446587,5800.115446587,8949,12528600,0.000000
1807,18.070067,5800.125432238,5800.125432238,8954,12535600,0.000000
1808,18.080064,5800.135429176,5800.135429176,8959,12542600,0.000000
1809,18.090064,5800.145429516,5800.145429516,8964,12549600,0.000000
1810,18.100068,5800.155433368,5800.155433368,8969,12556600,0.000000
1811,18.110063,5800.165428119,5800.165428119,8974,12563600,0.000000
1812,18.120066,5800.175431561,5800.175431561,8979,12570600,0.000000
1813,18.130093,5800.185458205,5800.185458205,8984,12577600,0.000000
1814,18.140061,5800.195426801,5800.195426801,8989,12584600,0.000000
1815,18.150073,5800.205438208,5800.205438208,8994,12591600,0.000000
1816,18.160065,5800.215430302,5800.215430302,8998,12597200,0.000000
1817,18.170073,5800.225438388,5800.225438388,9003,12604200,0.000000
1818,18.180065,5800.235430082,5800.235430082,9008,12611200,0.000000
1819,18.190067,5800.245432173,5800.245432173,9013,12618200,0.000000
1820,18.200072,5800.255437435,5800.255437435,9018,12625200,0.000000
1821,18.210072,5800.265436941,5800.265436941,9023,12632200,0.000000
1822,18.220040,5800.275405093,5800.275405093,9028,12639200,0.000000
1823,18.230038,5800.285403536,5800.285403536,9033,12646200,0.000000
1824,18.240064,5800.295428930,5800.295428930,9038,12653200,0.000000
1825,18.250065,5800.305429940,5800.305429940,9043,12660200,0.000000
1826,18.260064,5800.315429530,5800.315429530,9048,12667200,0.000000
1827,18.270076,5800.325441056,5800.325441056,9053,12674200,0.000000
1828,18.280069,5800.335434544,5800.335434544,9058,12681200,0.000000
1829,18.290066,5800.345431758,5800.345431758,9063,12688200,0.000000
1830,18.300073,5800.355438297,5800.355438297,9068,12695200,0.000000
1831,18.310065,5800.365429924,5800.365429924,9073,12702200,0.000000
1832,18.320065,5800.375429937,5800.375429937,9078,12709200,0.000000
1833,18.330028,5800.385393618,5800.385393618,9083,12716200,0.000000
1834,18.340067,5800.395432663,5800.395432663,9088,12723200,0.000000
1835,18.350028,5800.405393062,5800.405393062,9093,12730200,0.000000
1836,18.360015,5800.415380383,5800.415380383,9098,12737200,0.000000
1837,18.370080,5800.425445824,5800.425445824,9103,12744200,0.000000
1838,18.380064,5800.435429243,5800.435429243,9107,12749800,0.000000
1839,18.390067,5800.445432003,5800.445432003,9112,12756800,0.000000
1840,18.400064,5800.455429539,5800.455429539,9117,12763800,0.000000
1841,18.410066,5800.465431164,5800.465431164,9122,12770800,0.000000
1842,18.420066,5800.475431355,5800.475431355,9127,12777800,0.000000
1843,18.430073,5800.485438365,5800.485438365,9132,12784800,0.000000
1844,18.440071,5800.495435993,5800.495435993,9137,12791800,0.000000
1845,18.450065,5800.505430483,5800.505430483,9142,12798800,0.000000
1846,18.460066,5800.515431798,5800.515431798,9147,12805800,0.000000
1847,18.470066,5800.525431604,5800.525431604,9152,12812800,0.000000
1848,18.480086,5800.535451644,5800.535451644,9157,12819800,0.000000
1849,18.490073,5800.545438027,5800.545438027,9162,12826800,0.000000
1850,18.500066,5800.555431824,5800.555431824,9167,12833800,0.000000
1851,18.510059,5800.565424393,5800.565424393,9172,12840800,0.000000
1852,18.520066,5800.575431386,5800.575431386,9177,12847800,0.000000
1853,18.530060,5800.585425495,5800.585425495,9182,12854800,0.000000
1854,18.540066,5800.595431617,5800.595431617,9187,12861800,0.000000
1855,18.550065,5800.605430188,5800.605430188,9192,12868800,0.000000
1856,18.560035,5800.615400099,5800.615400099,9197,12875800,0.000000
1857,18.570020,5800.625384929,5800.625384929,9202,12882800,0.000000
1858,18.580057,5800.635422778,5800.635422778,9207,12889800,0.000000
1859,18.590057,5800.645422245,5800.645422245,9212,12896800,0.000000
1860,18.600064,5800.655429621,5800.655429621,9216,12902400,0.000000
1861,18.610090,5800.665455257,5800.665455257,9221,12909400,0.000000
1862,18.620072,5800.675437446,5800.675437446,9226,12916400,0.000000
1863,18.630067,5800.685432250,5800.685432250,9231,12923400,0.000000
1864,18.640067,5800.695432515,5800.695432515,9236,12930400,0.000000
1865,18.650066,5800.705431009,5800.705431009,9241,12937400,0.000000
1866,18.660068,5800.715433820,5800.715433820,9246,12944400,0.000000
1867,18.670066,5800.725431581,5800.725431581,9251,12951400,0.000000
1868,18.680058,5800.735423589,5800.735423589,9256,12958400,0.000000
1869,18.690075,5800.745440355,5800.745440355,9261,12965400,0.000000
1870,18.700067,5800.755431890,5800.755431890,9266,12972400,0.000000
1871,18.710059,5800.765423849,5800.765423849,9271,12979400,0.000000
1872,18.720059,5800.775424074,5800.775424074,9276,12986400,0.000000
1873,18.730065,5800.785429900,5800.785429900,9281,12993400,0.000000
1874,18.740059,5800.795423890,5800.795423890,9286,13000400,0.000000
1875,18.750077,5800.805442596,5800.805442596,9291,13007400,0.000000
1876,18.760063,5800.815428119,5800.815428119,9296,13014400,0.000000
1877,18.770061,5800.825426806,5800.825426806,9301,13021400,0.000000
1878,18.780067,5800.835432074,5800.835432074,9306,13028400,0.000000
1879,18.790063,5800.845428327,5800.845428327,9311,13035400,0.000000
1880,18.800053,5800.855418476,5800.855418476,9316,13042400,0.000000
1881,18.810056,5800.865421603,5800.865421603,9321,13049400,0.000000
1882,18.820084,5800.875449292,5800.875449292,9326,13056400,0.000000
1883,18.830070,5800.885435267,5800.885435267,9330,13062000,0.000000
1884,18.840061,5800.895426249,5800.895426249,9335,13069000,0.000000
1885,18.850072,5800.905437151,5800.905437151,9340,13076000,0.000000
1886,18.860701,5800.916066348,5800.916066348,9346,13084400,0.000000
1887,18.870090,5800.925455283,5800.925455283,9350,13090000,0.000000
1888,18.880067,5800.935432318,5800.935432318,9355,13097000,0.000000
1889,18.890060,5800.945425432,5800.945425432,9360,13104000,0.000000
1890,18.900067,5800.955432313,5800.955432313,9365,13111000,0.000000
1891,18.910087,5800.965452371,5800.965452371,9370,13118000,0.000000
1892,18.920069,5800.975434372,5800.975434372,9375,13125000,0.000000
1893,18.930065,5800.985430127,5800.985430127,9380,13132000,0.000000
1894,18.940066,5800.995431511,5800.995431511,9385,13139000,0.000000
1895,18.950066,5801.005431418,5801.005431418,9390,13146000,0.000000
1896,18.960068,5801.015433381,5801.015433381,9395,13153000,0.000000
1897,18.970065,5801.025430824,5801.025430824,9400,13160000,0.000000
1898,18.980066,5801.035431450,5801.035431450,9405,13167000,0.000000
1899,18.990058,5801.045423778,5801.045423778,9410,13174000,0.000000
1900,19.000073,5801.055437858,5801.055437858,9415,13181000,0.000000
1901,19.010062,5801.065427589,5801.065427589,9420,13188000,0.000000
1902,19.020019,5801.075384237,5801.075384237,9425,13195000,0.000000
1903,19.030064,5801.085429452,5801.085429452,9430,13202000,0.000000
1904,19.040076,5801.095441402,5801.095441402,9435,13209000,0.000000
1905,19.050062,5801.105427517,5801.105427517,9439,13214600,0.000000
1906,19.060074,5801.115439537,5801.115439537,9444,13221600,0.000000
1907,19.070076,5801.125441544,5801.125441544,9449,13228600,0.000000
1908,19.080067,5801.135432144,5801.135432144,9454,13235600,0.000000
1909,19.090068,5801.145433324,5801.145433324,9459,13242600,0.000000
1910,19.100068,5801.155433265,5801.155433265,9464,13249600,0.000000
1911,19.110073,5801.165438523,5801.165438523,9469,13256600,0.000000
1912,19.120068,5801.175433106,5801.175433106,9474,13263600,0.000000
1913,19.130065,5801.185430362,5801.185430362,9479,13270600,0.000000
1914,19.140066,5801.195431065,5801.195431065,9484,13277600,0.000000
1915,19.150080,5801.205445411,5801.205445411,9489,13284600,0.000000
1916,19.160068,5801.215433587,5801.215433587,9494,13291600,0.000000
1917,19.170070,5801.225435300,5801.225435300,9499,13298600,0.000000
1918,19.180067,5801.235432786,5801.235432786,9504,13305600,0.000000
1919,19.190066,5801.245431597,5801.245431597,9509,13312600,0.000000
1920,19.200063,5801.255428178,5801.255428178,9514,13319600,0.000000
1921,19.210063,5801.265428296,5801.265428296,9519,13326600,0.000000
1922,19.220065,5801.275430453,5801.275430453,9524,13333600,0.000000
1923,19.230064,5801.285429578,5801.285429578,9529,13340600,0.000000
1924,19.240058,5801.295423458,5801.295423458,9534,13347600,0.000000
1925,19.250069,5801.305434247,5801.305434247,9539,13354600,0.000000
1926,19.260067,5801.315432226,5801.315432226,9544,13361600,0.000000
1927,19.270082,5801.325446890,5801.325446890,9549,13368600,0.000000
1928,19.280075,5801.335439966,5801.335439966,9553,13374200,0.000000
1929,19.290064,5801.345429226,5801.345429226,9558,13381200,0.000000
1930,19.300073,5801.355438515,5801.355438515,9563,13388200,0.000000
1931,19.310072,5801.365436987,5801.365436987,9568,13395200,0.000000
1932,19.320065,5801.375430434,5801.375430434,9573,13402200,0.000000
1933,19.330069,5801.385434745,5801.385434745,9578,13409200,0.000000
1934,19.340069,5801.395434347,5801.395434347,9583,13416200,0.000000
1935,19.350070,5801.405435755,5801.405435755,9588,13423200,0.000000
1936,19.360070,5801.415435283,5801.415435283,9593,13430200,0.000000
1937,19.370076,5801.425441410,5801.425441410,9598,13437200,0.000000
1938,19.380065,5801.435430561,5801.435430561,9603,13444200,0.000000
1939,19.390060,5801.445424895,5801.445424895,9608,13451200,0.000000
1940,19.400057,5801.455422143,5801.455422143,9613,13458200,0.000000
1941,19.410067,5801.465432104,5801.465432104,9618,13465200,0.000000
1942,19.420073,5801.475438015,5801.475438015,9623,13472200,0.000000
1943,19.430063,5801.485428320,5801.485428320,9628,13479200,0.000000
1944,19.440064,5801.495429143,5801.495429143,9633,13486200,0.000000
1945,19.450058,5801.505423091,5801.505423091,9638,13493200,0.000000
1946,19.460062,5801.515427220,5801.515427220,9643,13500200,0.000000
1947,19.470028,5801.525393483,5801.525393483,9648,13507200,0.000000
1948,19.480004,5801.535368926,5801.535368926,9653,13514200,0.000000
1949,19.490076,5801.545440942,5801.545440942,9658,13521200,0.000000
1950,19.500064,5801.555428973,5801.555428973,9662,13526800,0.000000
1951,19.510066,5801.565431179,5801.565431179,9667,13533800,0.000000
1952,19.520069,5801.575434422,5801.575434422,9672,13540800,0.000000
1953,19.530063,5801.585428553,5801.585428553,9677,13547800,0.000000
1954,19.540062,5801.595427031,5801.595427031,9682,13554800,0.000000
1955,19.550019,5801.605384090,5801.605384090,9687,13561800,0.000000
1956,19.560066,5801.615431562,5801.615431562,9692,13568800,0.000000
1957,19.570065,5801.625430511,5801.625430511,9697,13575800,0.000000
1958,19.580065,5801.635430477,5801.635430477,9702,13582800,0.000000
1959,19.590063,5801.645428164,5801.645428164,9707,13589800,0.000000
1960,19.600072,5801.655436920,5801.655436920,9712,13596800,0.000000
1961,19.610068,5801.665432992,5801.665432992,9717,13603800,0.000000
1962,19.620065,5801.675430460,5801.675430460,9722,13610800,0.000000
1963,19.630062,5801.685427202,5801.685427202,9727,13617800,0.000000
1964,19.640070,5801.695435575,5801.695435575,9732,13624800,0.000000
1965,19.650064,5801.705428898,5801.705428898,9737,13631800,0.000000
1966,19.660072,5801.715437240,5801.715437240,9742,13638800,0.000000
1967,19.670038,5801.725402860,5801.725402860,9747,13645800,0.000000
1968,19.680063,5801.735428100,5801.735428100,9752,13652800,0.000000
1969,19.690058,5801.745422890,5801.745422890,9757,13659800,0.000000
1970,19.700063,5801.755427907,5801.755427907,9762,13666800,0.000000
1971,19.710056,5801.765421258,5801.765421258,9767,13673800,0.000000
1972,19.720066,5801.775430927,5801.775430927,9771,13679400,0.000000
1973,19.730027,5801.785392328,5801.785392328,9776,13686400,0.000000
1974,19.740065,5801.795430464,5801.795430464,9781,13693400,0.000000
1975,19.750065,5801.805429874,5801.805429874,9786,13700400,0.000000
1976,19.760071,5801.815435908,5801.815435908,9791,13707400,0.000000
1977,19.770066,5801.825431484,5801.825431484,9796,13714400,0.000000
1978,19.780066,5801.835431351,5801.835431351,9801,13721400,0.000000
1979,19.790063,5801.845428786,5801.845428786,9806,13728400,0.000000
1980,19.800068,5801.855433177,5801.855433177,9811,13735400,0.000000
1981,19.810070,5801.865435311,5801.865435311,9816,13742400,0.000000
1982,19.820065,5801.875430229,5801.875430229,9821,13749400,0.000000
1983,19.830067,5801.885432705,5801.885432705,9826,13756400,0.000000
1984,19.840064,5801.895429244,5801.895429244,9831,13763400,0.000000
1985,19.850064,5801.905429620,5801.905429620,9836,13770400,0.000000
1986,19.860068,5801.915433075,5801.915433075,9841,13777400,0.000000
1987,19.870067,5801.925432056,5801.925432056,9846,13784400,0.000000
1988,19.880064,5801.935429591,5801.935429591,9851,13791400,0.000000
1989,19.890065,5801.945429951,5801.945429951,9856,13798400,0.000000
1990,19.900064,5801.955429282,5801.955429282,9861,13805400,0.000000
1991,19.910065,5801.965430452,5801.965430452,9866,13812400,0.000000
1992,19.920047,5801.975411960,5801.975411960,9871,13819400,0.000000
1993,19.930024,5801.985389244,5801.985389244,9876,13826400,0.000000
1994,19.940077,5801.995442804,5801.995442804,9881,13833400,0.000000
1995,19.950067,5802.005431852,5802.005431852,9885,13839000,0.000000
1996,19.960051,5802.015416695,5802.015416695,9890,13846000,0.000000
1997,19.970024,5802.025388853,5802.025388853,9895,13853000,0.000000
1998,19.980067,5802.035432068,5802.035432068,9900,13860000,0.000000
1999,19.990069,5802.045433996,5802.045433996,9905,13867000,0.000000
2000,20.000065,5802.055430725,5802.055430725,9910,13874000,0.000000
2001,20.010065,5802.065430317,5802.065430317,9915,13881000,0.000000
2002,20.020072,5802.075437192,5802.075437192,9920,13888000,0.000000
2003,20.030069,5802.085434427,5802.085434427,9925,13895000,0.000000
2004,20.040066,5802.095431135,5802.095431135,9930,13902000,0.000000
2005,20.050063,5802.105428413,5802.105428413,9935,13909000,0.000000
2006,20.060027,5802.115392159,5802.115392159,9940,13916000,0.000000
2007,20.070062,5802.125427812,5802.125427812,9945,13923000,0.000000
2008,20.080062,5802.135426964,5802.135426964,9950,13930000,0.000000
2009,20.090062,5802.145427696,5802.145427696,9955,13937000,0.000000
2010,20.100032,5802.155397812,5802.155397812,9960,13944000,0.000000
2011,20.110065,5802.165430731,5802.165430731,9965,13951000,0.000000
2012,20.120062,5802.175427070,5802.175427070,9970,13958000,0.000000
2013,20.130063,5802.185428671,5802.185428671,9975,13965000,0.000000
2014,20.140015,5802.195380092,5802.195380092,9980,13972000,0.000000
2015,20.150063,5802.205427876,5802.205427876,9985,13979000,0.000000
2016,20.160069,5802.215434599,5802.215434599,9990,13986000,0.000000
2017,20.170067,5802.225432801,5802.225432801,9994,13991600,0.000000
2018,20.180042,5802.235407207,5802.235407207,9999,13998600,0.000000
2019,20.190070,5802.245435434,5802.245435434,10004,14005600,0.000000
2020,20.200068,5802.255433626,5802.255433626,10009,14012600,0.000000
2021,20.210065,5802.265430242,5802.265430242,10014,14019600,0.000000
2022,20.220066,5802.275431744,5802.275431744,10019,14026600,0.000000
2023,20.230069,5802.285434567,5802.285434567,10024,14033600,0.000000
2024,20.240066,5802.295431332,5802.295431332,10029,14040600,0.000000
2025,20.250068,5802.305433069,5802.305433069,10034,14047600,0.000000
2026,20.260060,5802.315425749,5802.315425749,10039,14054600,0.000000
2027,20.270048,5802.325413652,5802.325413652,10044,14061600,0.000000
2028,20.280065,5802.335430548,5802.335430548,10049,14068600,0.000000
2029,20.290026,5802.345391256,5802.345391256,10054,14075600,0.000000
2030,20.300065,5802.355430338,5802.355430338,10059,14082600,0.000000
2031,20.310068,5802.365432904,5802.365432904,10064,14089600,0.000000
2032,20.320068,5802.375433647,5802.375433647,10069,14096600,0.000000
2033,20.330065,5802.385430727,5802.385430727,10074,14103600,0.000000
2034,20.340064,5802.395429687,5802.395429687,10079,14110600,0.000000
2035,20.350065,5802.405430375,5802.405430375,10084,14117600,0.000000
2036,20.360063,5802.415428649,5802.415428649,10089,14124600,0.000000
2037,20.370014,5802.425379823,5802.425379823,10094,14131600,0.000000
2038,20.380005,5802.435370492,5802.435370492,10099,14138600,0.000000
2039,20.390028,5802.445393238,5802.445393238,10103,14144200,0.000000
2040,20.400066,5802.455431354,5802.455431354,10108,14151200,0.000000
2041,20.410067,5802.465432415,5802.465432415,10113,14158200,0.000000
2042,20.420067,5802.475431833,5802.475431833,10118,14165200,0.000000
2043,20.430086,5802.485451288,5802.485451288,10123,14172200,0.000000
2044,20.440066,5802.495431576,5802.495431576,10128,14179200,0.000000
2045,20.450068,5802.505433767,5802.505433767,10133,14186200,0.000000
2046,20.460067,5802.515432501,5802.515432501,10138,14193200,0.000000
2047,20.470068,5802.525433499,5802.525433499,10143,14200200,0.000000
2048,20.480064,5802.535429821,5802.535429821,10148,14207200,0.000000
2049,20.490065,5802.545430008,5802.545430008,10153,14214200,0.000000
2050,20.500070,5802.555435587,5802.555435587,10158,14221200,0.000000
2051,20.510063,5802.565428405,5802.565428405,10163,14228200,0.000000
2052,20.520070,5802.575435628,5802.575435628,10168,14235200,0.000000
2053,20.530059,5802.585424731,5802.585424731,10173,14242200,0.000000
2054,20.540066,5802.595431820,5802.595431820,10178,14249200,0.000000
2055,20.550066,5802.605431152,5802.605431152,10183,14256200,0.000000
2056,20.560058,5802.615423654,5802.615423654,10188,14263200,0.000000
2057,20.570059,5802.625423917,5802.625423917,10193,14270200,0.000000
2058,20.580066,5802.635431715,5802.635431715,10198,14277200,0.000000
2059,20.590031,5802.645396490,5802.645396490,10203,14284200,0.000000
2060,20.600005,5802.655369979,5802.655369979,10208,14291200,0.000000
2061,20.610081,5802.665446603,5802.665446603,10213,14298200,0.000000
2062,20.620065,5802.675430819,5802.675430819,10217,14303800,0.000000
2063,20.630067,5802.685432176,5802.685432176,10222,14310800,0.000000
2064,20.640061,5802.695426005,5802.695426005,10227,14317800,0.000000
2065,20.650042,5802.705407736,5802.705407736,10232,14324800,0.000000
2066,20.660065,5802.715430270,5802.715430270,10237,14331800,0.000000
2067,20.670018,5802.725383284,5802.725383284,10242,14338800,0.000000
2068,20.680036,5802.735401541,5802.735401541,10247,14345800,0.000000
2069,20.690065,5802.745429907,5802.745429907,10252,14352800,0.000000
2070,20.700065,5802.755430821,5802.755430821,10257,14359800,0.000000
2071,20.710064,5802.765429194,5802.765429194,10262,14366800,0.000000
2072,20.720068,5802.775433589,5802.775433589,10267,14373800,0.000000
2073,20.730064,5802.785429387,5802.785429387,10272,14380800,0.000000
2074,20.740039,5802.795404538,5802.795404538,10277,14387800,0.000000
2075,20.750065,5802.805429949,5802.805429949,10282,14394800,0.000000
2076,20.760064,5802.815429662,5802.815429662,10287,14401800,0.000000
2077,20.770058,5802.825423615,5802.825423615,10292,14408800,0.000000
2078,20.780047,5802.835411828,5802.835411828,10297,14415800,0.000000
2079,20.790062,5802.845427217,5802.845427217,10302,14422800,0.000000
2080,20.800060,5802.855425620,5802.855425620,10307,14429800,0.000000
2081,20.810058,5802.865423240,5802.865423240,10312,14436800,0.000000
2082,20.820069,5802.875433978,5802.875433978,10317,14443800,0.000000
2083,20.830056,5802.885421347,5802.885421347,10322,14450800,0.000000
2084,20.840066,5802.895431687,5802.895431687,10326,14456400,0.000000
2085,20.850065,5802.905429995,5802.905429995,10331,14463400,0.000000
2086,20.860067,5802.915431838,5802.915431838,10336,14470400,0.000000
2087,20.870065,5802.925430122,5802.925430122,10341,14477400,0.000000
2088,20.880066,5802.935430911,5802.935430911,10346,14484400,0.000000
2089,20.890066,5802.945430901,5802.945430901,10351,14491400,0.000000
2090,20.900066,5802.955430911,5802.955430911,10356,14498400,0.000000
2091,20.910075,5802.965440315,5802.965440315,10361,14505400,0.000000
2092,20.920071,5802.975436731,5802.975436731,10366,14512400,0.000000
2093,20.930050,5802.985415280,5802.985415280,10371,14519400,0.000000
2094,20.940066,5802.995431459,5802.995431459,10376,14526400,0.000000
2095,20.950065,5803.005430260,5803.005430260,10381,14533400,0.000000
2096,20.960076,5803.015441202,5803.015441202,10386,14540400,0.000000
2097,20.970062,5803.025427015,5803.025427015,10391,14547400,0.000000
2098,20.980056,5803.035421223,5803.035421223,10396,14554400,0.000000
2099,20.990066,5803.045431464,5803.045431464,10401,14561400,0.000000
2100,21.000067,5803.055432047,5803.055432047,10406,14568400,0.000000
2101,21.010065,5803.065430012,5803.065430012,10411,14575400,0.000000
2102,21.020061,5803.075426525,5803.075426525,10416,14582400,0.000000
2103,21.030018,5803.085383214,5803.085383214,10421,14589400,0.000000
2104,21.040050,5803.095415160,5803.095415160,10426,14596400,0.000000
2105,21.050023,5803.105388741,5803.105388741,10431,14603400,0.000000
2106,21.060073,5803.115438110,5803.115438110,10436,14610400,0.000000
2107,21.070057,5803.125422600,5803.125422600,10440,14616000,0.000000
2108,21.080042,5803.135407480,5803.135407480,10445,14623000,0.000000
2109,21.090070,5803.145434927,5803.145434927,10450,14630000,0.000000
2110,21.100072,5803.155437071,5803.155437071,10455,14637000,0.000000
2111,21.110065,5803.165430752,5803.165430752,10460,14644000,0.000000
2112,21.120065,5803.175430814,5803.175430814,10465,14651000,0.000000
2113,21.130091,5803.185456655,5803.185456655,10470,14658000,0.000000
2114,21.140073,5803.195438345,5803.195438345,10475,14665000,0.000000
2115,21.150076,5803.205440843,5803.205440843,10480,14672000,0.000000
2116,21.160070,5803.215435357,5803.215435357,10485,14679000,0.000000
2117,21.170073,5803.225438184,5803.225438184,10490,14686000,0.000000
2118,21.180069,5803.235434524,5803.235434524,10495,14693000,0.000000
2119,21.190072,5803.245437526,5803.245437526,10500,14700000,0.000000
2120,21.200076,5803.255441575,5803.255441575,10505,14707000,0.000000
2121,21.210067,5803.265432389,5803.265432389,10510,14714000,0.000000
2122,21.220066,5803.275431681,5803.275431681,10515,14721000,0.000000
2123,21.230064,5803.285429497,5803.285429497,10520,14728000,0.000000
2124,21.240065,5803.295430631,5803.295430631,10525,14735000,0.000000
2125,21.250061,5803.305426799,5803.305426799,10530,14742000,0.000000
2126,21.260015,5803.315380445,5803.315380445,10535,14749000,0.000000
2127,21.270062,5803.325427172,5803.325427172,10540,14756000,0.000000
2128,21.280094,5803.335459554,5803.335459554,10545,14763000,0.000000
2129,21.290061,5803.345426649,5803.345426649,10549,14768600,0.000000
2130,21.300079,5803.355444707,5803.355444707,10554,14775600,0.000000
2131,21.310050,5803.365415317,5803.365415317,10559,14782600,0.000000
2132,21.320136,5803.375501235,5803.375501235,10564,14789600,0.000000
2133,21.330062,5803.385427534,5803.385427534,10569,14796600,0.000000
2134,21.340069,5803.395434167,5803.395434167,10574,14803600,0.000000
2135,21.350068,5803.405433231,5803.405433231,10579,14810600,0.000000
2136,21.360068,5803.415433115,5803.415433115,10584,14817600,0.000000
2137,21.370087,5803.425452355,5803.425452355,10589,14824600,0.000000
2138,21.380068,5803.435433712,5803.435433712,10594,14831600,0.000000
2139,21.390063,5803.445428647,5803.445428647,10599,14838600,0.000000
2140,21.400068,5803.455433535,5803.455433535,10604,14845600,0.000000
2141,21.410065,5803.465429968,5803.465429968,10609,14852600,0.000000
2142,21.420067,5803.475432799,5803.475432799,10614,14859600,0.000000
2143,21.430063,5803.485428474,5803.485428474,10619,14866600,0.000000
2144,21.440059,5803.495424515,5803.495424515,10624,14873600,0.000000
2145,21.450063,5803.505428633,5803.505428633,10629,14880600,0.000000
2146,21.460063,5803.515428171,5803.515428171,10634,14887600,0.000000
2147,21.470064,5803.525429153,5803.525429153,10639,14894600,0.000000
2148,21.480061,5803.535426222,5803.535426222,10644,14901600,0.000000
2149,21.490064,5803.545429804,5803.545429804,10649,14908600,0.000000
2150,21.500046,5803.555411286,5803.555411286,10654,14915600,0.000000
2151,21.510082,5803.565447626,5803.565447626,10659,14922600,0.000000
2152,21.520067,5803.575432418,5803.575432418,10663,14928200,0.000000
2153,21.530068,5803.585432991,5803.585432991,10668,14935200,0.000000
2154,21.540068,5803.595433652,5803.595433652,10673,14942200,0.000000
2155,21.550084,5803.605449200,5803.605449200,10678,14949200,0.000000
2156,21.560081,5803.615446431,5803.615446431,10683,14956200,0.000000
2157,21.570068,5803.625433001,5803.625433001,10688,14963200,0.000000
2158,21.580069,5803.635434096,5803.635434096,10693,14970200,0.000000
2159,21.590067,5803.645432748,5803.645432748,10698,14977200,0.000000
2160,21.600071,5803.655436356,5803.655436356,10703,14984200,0.000000
2161,21.610066,5803.665431227,5803.665431227,10708,14991200,0.000000
2162,21.620068,5803.675433109,5803.675433109,10713,14998200,0.000000
2163,21.630094,5803.685459206,5803.685459206,10718,15005200,0.000000
2164,21.640044,5803.695409472,5803.695409472,10723,15012200,0.000000
2165,21.650065,5803.705430562,5803.705430562,10728,15019200,0.000000
2166,21.660067,5803.715432299,5803.715432299,10733,15026200,0.000000
2167,21.670064,5803.725429621,5803.725429621,10738,15033200,0.000000
2168,21.680080,5803.735445534,5803.735445534,10743,15040200,0.000000
2169,21.690067,5803.745432075,5803.745432075,10748,15047200,0.000000
2170,21.700063,5803.755427864,5803.755427864,10753,15054200,0.000000
2171,21.710034,5803.765398947,5803.765398947,10758,15061200,0.000000
2172,21.720006,5803.775370976,5803.775370976,10763,15068200,0.000000
2173,21.730077,5803.785441872,5803.785441872,10768,15075200,0.000000
2174,21.740068,5803.795433318,5803.795433318,10772,15080800,0.000000
2175,21.750072,5803.805437158,5803.805437158,10777,15087800,0.000000
2176,21.760071,5803.815436671,5803.815436671,10782,15094800,0.000000
2177,21.770074,5803.825438883,5803.825438883,10787,15101800,0.000000
2178,21.780067,5803.835432686,5803.835432686,10792,15108800,0.000000
2179,21.790060,5803.845425049,5803.845425049,10797,15115800,0.000000
2180,21.800067,5803.855431934,5803.855431934,10802,15122800,0.000000
2181,21.810067,5803.865432000,5803.865432000,10807,15129800,0.000000
2182,21.820053,5803.875418550,5803.875418550,10812,15136800,0.000000
2183,21.830065,5803.885429991,5803.885429991,10817,15143800,0.000000
2184,21.840063,5803.895428119,5803.895428119,10822,15150800,0.000000
2185,21.850064,5803.905429664,5803.905429664,10827,15157800,0.000000
2186,21.860063,5803.915428107,5803.915428107,10832,15164800,0.000000
2187,21.870066,5803.925431517,5803.925431517,10837,15171800,0.000000
2188,21.880064,5803.935429170,5803.935429170,10842,15178800,0.000000
2189,21.890065,5803.945429903,5803.945429903,10847,15185800,0.000000
2190,21.900070,5803.955435168,5803.955435168,10852,15192800,0.000000
2191,21.910065,5803.965430480,5803.965430480,10857,15199800,0.000000
2192,21.920064,5803.975429118,5803.975429118,10862,15206800,0.000000
2193,21.930067,5803.985432463,5803.985432463,10867,15213800,0.000000
2194,21.940063,5803.995428281,5803.995428281,10872,15220800,0.000000
2195,21.950052,5804.005417803,5804.005417803,10877,15227800,0.000000
2196,21.960066,5804.015431473,5804.015431473,10881,15233400,0.000000
2197,21.970068,5804.025432832,5804.025432832,10886,15240400,0.000000
2198,21.980067,5804.035432190,5804.035432190,10891,15247400,0.000000
2199,21.990060,5804.045425181,5804.045425181,10896,15254400,0.000000
2200,22.000072,5804.055437151,5804.055437151,10901,15261400,0.000000
2201,22.010066,5804.065431387,5804.065431387,10906,15268400,0.000000
2202,22.020069,5804.075433918,5804.075433918,10911,15275400,0.000000
2203,22.030067,5804.085432367,5804.085432367,10916,15282400,0.000000
2204,22.040071,5804.095435914,5804.095435914,10921,15289400,0.000000
2205,22.050066,5804.105431035,5804.105431035,10926,15296400,0.000000
2206,22.060064,5804.115429008,5804.115429008,10931,15303400,0.000000
2207,22.070067,5804.125432758,5804.125432758,10936,15310400,0.000000
2208,22.080065,5804.135430261,5804.135430261,10941,15317400,0.000000
2209,22.090065,5804.145430546,5804.145430546,10946,15324400,0.000000
2210,22.100068,5804.155433563,5804.155433563,10951,15331400,0.000000
2211,22.110072,5804.165437690,5804.165437690,10956,15338400,0.000000
2212,22.120066,5804.175431262,5804.175431262,10961,15345400,0.000000
2213,22.130077,5804.185442243,5804.185442243,10966,15352400,0.000000
2214,22.140066,5804.195431371,5804.195431371,10971,15359400,0.000000
2215,22.150068,5804.205433283,5804.205433283,10976,15366400,0.000000
2216,22.160044,5804.215409587,5804.215409587,10981,15373400,0.000000
2217,22.170063,5804.225428441,5804.225428441,10986,15380400,0.000000
2218,22.180076,5804.235441601,5804.235441601,10991,15387400,0.000000
2219,22.190067,5804.245432732,5804.245432732,10995,15393000,0.000000
2220,22.200079,5804.255444266,5804.255444266,11000,15400000,0.000000
2221,22.210064,5804.265429700,5804.265429700,11005,15407000,0.000000
2222,22.220064,5804.275429214,5804.275429214,11010,15414000,0.000000
2223,22.230066,5804.285431233,5804.285431233,11015,15421000,0.000000
2224,22.240061,5804.295426336,5804.295426336,11020,15428000,0.000000
2225,22.250067,5804.305432075,5804.305432075,11025,15435000,0.000000
2226,22.260032,5804.315397218,5804.315397218,11030,15442000,0.000000
2227,22.270060,5804.325425065,5804.325425065,11035,15449000,0.000000
2228,22.280066,5804.335431209,5804.335431209,11040,15456000,0.000000
2229,22.290067,5804.345432270,5804.345432270,11045,15463000,0.000000
2230,22.300073,5804.355438184,5804.355438184,11050,15470000,0.000000
2231,22.310086,5804.365451523,5804.365451523,11055,15477000,0.000000
2232,22.320062,5804.375427325,5804.375427325,11060,15484000,0.000000
2233,22.330058,5804.385423479,5804.385423479,11065,15491000,0.000000
2234,22.340063,5804.395428607,5804.395428607,11070,15498000,0.000000
2235,22.350065,5804.405430314,5804.405430314,11075,15505000,0.000000
2236,22.360065,5804.415430148,5804.415430148,11080,15512000,0.000000
2237,22.370079,5804.425444260,5804.425444260,11085,15519000,0.000000
2238,22.380048,5804.435412966,5804.435412966,11090,15526000,0.000000
2239,22.390063,5804.445427971,5804.445427971,11095,15533000,0.000000
2240,22.400076,5804.455441548,5804.455441548,11100,15540000,0.000000
2241,22.410067,5804.465431892,5804.465431892,11104,15545600,0.000000
2242,22.420070,5804.475435230,5804.475435230,11109,15552600,0.000000
2243,22.430068,5804.485433725,5804.485433725,11114,15559600,0.000000
2244,22.440066,5804.495430878,5804.495430878,11119,15566600,0.000000
2245,22.450064,5804.505429351,5804.505429351,11124,15573600,0.000000
2246,22.460064,5804.515429106,5804.515429106,11129,15580600,0.000000
2247,22.470065,5804.525430552,5804.525430552,11134,15587600,0.000000
2248,22.480064,5804.535429311,5804.535429311,11139,15594600,0.000000
2249,22.490067,5804.545432796,5804.545432796,11144,15601600,0.000000
2250,22.500069,5804.555434371,5804.555434371,11149,15608600,0.000000
2251,22.510067,5804.565432597,5804.565432597,11154,15615600,0.000000
2252,22.520067,5804.575432583,5804.575432583,11159,15622600,0.000000
2253,22.530063,5804.585428629,5804.585428629,11164,15629600,0.000000
2254,22.540064,5804.595429493,5804.595429493,11169,15636600,0.000000
2255,22.550062,5804.605427536,5804.605427536,11174,15643600,0.000000
2256,22.560060,5804.615425816,5804.615425816,11179,15650600,0.000000
2257,22.570107,5804.625472018,5804.625472018,11184,15657600,0.000000
2258,22.580063,5804.635428543,5804.635428543,11189,15664600,0.000000
2259,22.590059,5804.645424390,5804.645424390,11194,15671600,0.000000
2260,22.600058,5804.655423484,5804.655423484,11199,15678600,0.000000
2261,22.610063,5804.665428545,5804.665428545,11204,15685600,0.000000
2262,22.620038,5804.675403335,5804.675403335,11209,15692600,0.000000
2263,22.630076,5804.685441246,5804.685441246,11214,15699600,0.000000
2264,22.640079,5804.695443896,5804.695443896,11218,15705200,0.000000
2265,22.650067,5804.705432199,5804.705432199,11223,15712200,0.000000
2266,22.660060,5804.715425009,5804.715425009,11228,15719200,0.000000
2267,22.670063,5804.725428602,5804.725428602,11233,15726200,0.000000
2268,22.680071,5804.735436603,5804.735436603,11238,15733200,0.000000
2269,22.690065,5804.745430781,5804.745430781,11243,15740200,0.000000
2270,22.700062,5804.755427310,5804.755427310,11248,15747200,0.000000
2271,22.710075,5804.765439893,5804.765439893,11253,15754200,0.000000
2272,22.720037,5804.775402605,5804.775402605,11258,15761200,0.000000
2273,22.730063,5804.785428025,5804.785428025,11263,15768200,0.000000
2274,22.740062,5804.795427011,5804.795427011,11268,15775200,0.000000
2275,22.750064,5804.805429631,5804.805429631,11273,15782200,0.000000
2276,22.760076,5804.815441738,5804.815441738,11278,15789200,0.000000
2277,22.770084,5804.825448836,5804.825448836,11283,15796200,0.000000
2278,22.780072,5804.835437661,5804.835437661,11288,15803200,0.000000
2279,22.790073,5804.845438391,5804.845438391,11293,15810200,0.000000
2280,22.800066,5804.855431271,5804.855431271,11298,15817200,0.000000
2281,22.810063,5804.865428576,5804.865428576,11303,15824200,0.000000
2282,22.820073,5804.875438545,5804.875438545,11308,15831200,0.000000
2283,22.830024,5804.885388943,5804.885388943,11313,15838200,0.000000
2284,22.840001,5804.895366682,5804.895366682,11318,15845200,0.000000
2285,22.850080,5804.905445553,5804.905445553,11323,15852200,0.000000
2286,22.860065,5804.915430465,5804.915430465,11327,15857800,0.000000
2287,22.870064,5804.925429773,5804.925429773,11332,15864800,0.000000
2288,22.880064,5804.935429764,5804.935429764,11337,15871800,0.000000
2289,22.890060,5804.945425599,5804.945425599,11342,15878800,0.000000
2290,22.900061,5804.955426348,5804.955426348,11347,15885800,0.000000
2291,22.910064,5804.965429816,5804.965429816,11352,15892800,0.000000
2292,22.920065,5804.975430405,5804.975430405,11357,15899800,0.000000
2293,22.930024,5804.985389246,5804.985389246,11362,15906800,0.000000
2294,22.940067,5804.995432583,5804.995432583,11367,15913800,0.000000
2295,22.950066,5805.005431016,5805.005431016,11372,15920800,0.000000
2296,22.960063,5805.015428422,5805.015428422,11377,15927800,0.000000
2297,22.970065,5805.025430587,5805.025430587,11382,15934800,0.000000
2298,22.980034,5805.035399145,5805.035399145,11387,15941800,0.000000
2299,22.990081,5805.045446720,5805.045446720,11392,15948800,0.000000
2300,23.000075,5805.055439900,5805.055439900,11397,15955800,0.000000
2301,23.010065,5805.065430457,5805.065430457,11402,15962800,0.000000
2302,23.020082,5805.075447039,5805.075447039,11407,15969800,0.000000
2303,23.030067,5805.085432420,5805.085432420,11412,15976800,0.000000
2304,23.040063,5805.095428633,5805.095428633,11417,15983800,0.000000
2305,23.050064,5805.105429030,5805.105429030,11422,15990800,0.000000
2306,23.060072,5805.115437377,5805.115437377,11427,15997800,0.000000
2307,23.070009,5805.125374781,5805.125374781,11432,16004800,0.000000
2308,23.080073,5805.135438175,5805.135438175,11436,16010400,0.002018
2309,23.090069,5805.145434572,5805.145434572,11441,16017400,0.000000
2310,23.100066,5805.155431773,5805.155431773,11446,16024400,0.000000
2311,23.110064,5805.165429585,5805.165429585,11451,16031400,0.000000
2312,23.120066,5805.175431659,5805.175431659,11456,16038400,0.000000
2313,23.130064,5805.185429773,5805.185429773,11461,16045400,0.000000
2314,23.140067,5805.195432147,5805.195432147,11466,16052400,0.000000
2315,23.150066,5805.205430987,5805.205430987,11471,16059400,0.000000
2316,23.160060,5805.215424921,5805.215424921,11476,16066400,0.000000
2317,23.170048,5805.225413102,5805.225413102,11481,16073400,0.000000
2318,23.180064,5805.235429106,5805.235429106,11486,16080400,0.000000
2319,23.190072,5805.245437231,5805.245437231,11491,16087400,0.000000
2320,23.200059,5805.255424172,5805.255424172,11496,16094400,0.000000
2321,23.210071,5805.265435948,5805.265435948,11501,16101400,0.000000
2322,23.220078,5805.275443234,5805.275443234,11506,16108400,0.000000
2323,23.230060,5805.285425012,5805.285425012,11511,16115400,0.000000
2324,23.240074,5805.295439460,5805.295439460,11516,16122400,0.000000
2325,23.250062,5805.305427578,5805.305427578,11521,16129400,0.000000
2326,23.260062,5805.315426953,5805.315426953,11526,16136400,0.000000
2327,23.270058,5805.325423266,5805.325423266,11531,16143400,0.000000
2328,23.280040,5805.335405158,5805.335405158,11536,16150400,0.000000
2329,23.290062,5805.345427243,5805.345427243,11541,16157400,0.000000
2330,23.300079,5805.355444125,5805.355444125,11546,16164400,0.000000
2331,23.310066,5805.365431612,5805.365431612,11550,16170000,0.000000
2332,23.320075,5805.375439871,5805.375439871,11555,16177000,0.000000
2333,23.330073,5805.385438262,5805.385438262,11560,16184000,0.000000
2334,23.340063,5805.395428767,5805.395428767,11565,16191000,0.000000
2335,23.350064,5805.405429642,5805.405429642,11570,16198000,0.000000
2336,23.360061,5805.415426616,5805.415426616,11575,16205000,0.000000
2337,23.370092,5805.425456984,5805.425456984,11580,16212000,0.000000
2338,23.380086,5805.435451735,5805.435451735,11585,16219000,0.000000
2339,23.390019,5805.445384025,5805.445384025,11590,16226000,0.000000
2340,23.400090,5805.455455153,5805.455455153,11595,16233000,0.000000
2341,23.410073,5805.465438281,5805.465438281,11600,16240000,0.000000
2342,23.420065,5805.475430148,5805.475430148,11605,16247000,0.000000
2343,23.430063,5805.485428438,5805.485428438,11610,16254000,0.000000
2344,23.440080,5805.495445495,5805.495445495,11615,16261000,0.000000
2345,23.450066,5805.505430861,5805.505430861,11620,16268000,0.000000
2346,23.460064,5805.515428968,5805.515428968,11625,16275000,0.000000
2347,23.470063,5805.525428803,5805.525428803,11630,16282000,0.000000
2348,23.480074,5805.535439732,5805.535439732,11635,16289000,0.000000
2349,23.490065,5805.545430193,5805.545430193,11640,16296000,0.000000
2350,23.500017,5805.555382797,5805.555382797,11645,16303000,0.000000
2351,23.510060,5805.565425491,5805.565425491,11650,16310000,0.000000
2352,23.520078,5805.575443195,5805.575443195,11655,16317000,0.000000
2353,23.530066,5805.585430842,5805.585430842,11659,16322600,0.000000
2354,23.540053,5805.595418338,5805.595418338,11664,16329600,0.000000
2355,23.550075,5805.605440495,5805.605440495,11669,16336600,0.000000
2356,23.560074,5805.615439283,5805.615439283,11674,16343600,0.000000
2357,23.570065,5805.625430644,5805.625430644,11679,16350600,0.000000
2358,23.580066,5805.635431782,5805.635431782,11684,16357600,0.000000
2359,23.590064,5805.645428957,5805.645428957,11689,16364600,0.000000
2360,23.600063,5805.655427946,5805.655427946,11694,16371600,0.000000
2361,23.610083,5805.665448508,5805.665448508,11699,16378600,0.000000
2362,23.620069,5805.675434611,5805.675434611,11704,16385600,0.000000
2363,23.630068,5805.685433257,5805.685433257,11709,16392600,0.000000
2364,23.640066,5805.695431174,5805.695431174,11714,16399600,0.000000
2365,23.650064,5805.705429812,5805.705429812,11719,16406600,0.000000
2366,23.660064,5805.715429106,5805.715429106,11724,16413600,0.000000
2367,23.670066,5805.725431543,5805.725431543,11729,16420600,0.000000
2368,23.680048,5805.735413655,5805.735413655,11734,16427600,0.000000
2369,23.690068,5805.745433660,5805.745433660,11739,16434600,0.000000
2370,23.700064,5805.755429482,5805.755429482,11744,16441600,0.000000
2371,23.710063,5805.765428454,5805.765428454,11749,16448600,0.000000
2372,23.720063,5805.775428693,5805.775428693,11754,16455600,0.000000
2373,23.730061,5805.785426315,5805.785426315,11759,16462600,0.000000
2374,23.740039,5805.795404625,5805.795404625,11764,16469600,0.000000
2375,23.750077,5805.805442550,5805.805442550,11769,16476600,0.000000
2376,23.760065,5805.815430127,5805.815430127,11773,16482200,0.000000
2377,23.770069,5805.825434144,5805.825434144,11778,16489200,0.000000
2378,23.780069,5805.835434104,5805.835434104,11783,16496200,0.000000
2379,23.790073,5805.845438750,5805.845438750,11788,16503200,0.000000
2380,23.800073,5805.855438451,5805.855438451,11793,16510200,0.000000
2381,23.810067,5805.865432780,5805.865432780,11798,16517200,0.000000
2382,23.820045,5805.875410583,5805.875410583,11803,16524200,0.000000
2383,23.830058,5805.885423716,5805.885423716,11808,16531200,0.000000
2384,23.840046,5805.895411081,5805.895411081,11813,16538200,0.000000
2385,23.850064,5805.905428985,5805.905428985,11818,16545200,0.000000
2386,23.860067,5805.915432233,5805.915432233,11823,16552200,0.000000
2387,23.870064,5805.925429564,5805.925429564,11828,16559200,0.000000
2388,23.880058,5805.935423726,5805.935423726,11833,16566200,0.000000
2389,23.890065,5805.945430070,5805.945430070,11838,16573200,0.000000
2390,23.900064,5805.955429738,5805.955429738,11843,16580200,0.000000
2391,23.910065,5805.965429938,5805.965429938,11848,16587200,0.000000
2392,23.920058,5805.975423604,5805.975423604,11853,16594200,0.000000
2393,23.930068,5805.985432849,5805.985432849,11858,16601200,0.000000
2394,23.940065,5805.995429986,5805.995429986,11863,16608200,0.000000
2395,23.950021,5806.005386717,5806.005386717,11868,16615200,0.000000
2396,23.960001,5806.015366371,5806.015366371,11873,16622200,0.000000
2397,23.970084,5806.025449388,5806.025449388,11878,16629200,0.000000
2398,23.980068,5806.035432944,5806.035432944,11882,16634800,0.000000
2399,23.990061,5806.045426445,5806.045426445,11887,16641800,0.000000
2400,24.000066,5806.055431408,5806.055431408,11892,16648800,0.000000
2401,24.010065,5806.065430475,5806.065430475,11897,16655800,0.000000
2402,24.020068,5806.075433163,5806.075433163,11902,16662800,0.000000
2403,24.030067,5806.085432117,5806.085432117,11907,16669800,0.000000
2404,24.040059,5806.095423971,5806.095423971,11912,16676800,0.000000
2405,24.050027,5806.105392152,5806.105392152,11917,16683800,0.000000
2406,24.060063,5806.115428063,5806.115428063,11922,16690800,0.000000
2407,24.070069,5806.125434222,5806.125434222,11927,16697800,0.000000
2408,24.080064,5806.135429136,5806.135429136,11932,16704800,0.000000
2409,24.090065,5806.145430415,5806.145430415,11937,16711800,0.000000
2410,24.100065,5806.155430456,5806.155430456,11942,16718800,0.000000
2411,24.110060,5806.165424913,5806.165424913,11947,16725800,0.000000
2412,24.120066,5806.175431661,5806.175431661,11952,16732800,0.000000
2413,24.130065,5806.185430156,5806.185430156,11957,16739800,0.000000
2414,24.140067,5806.195432216,5806.195432216,11962,16746800,0.000000
2415,24.150066,5806.205431462,5806.205431462,11967,16753800,0.000000
2416,24.160067,5806.215432514,5806.215432514,11972,16760800,0.000000
2417,24.170062,5806.225426939,5806.225426939,11977,16767800,0.000000
2418,24.180062,5806.235427662,5806.235427662,11982,16774800,0.000000
2419,24.190065,5806.245430494,5806.245430494,11987,16781800,0.000000
2420,24.200071,5806.255436555,5806.255436555,11991,16787400,0.000000
2421,24.210069,5806.265434328,5806.265434328,11996,16794400,0.000000
2422,24.220067,5806.275432197,5806.275432197,12001,16801400,0.000000
2423,24.230067,5806.285432191,5806.285432191,12006,16808400,0.000000
2424,24.240070,5806.295435163,5806.295435163,12011,16815400,0.000000
2425,24.250077,5806.305442265,5806.305442265,12016,16822400,0.000000
2426,24.260059,5806.315424718,5806.315424718,12021,16829400,0.000000
2427,24.270060,5806.325425490,5806.325425490,12026,16836400,0.000000
2428,24.280066,5806.335431579,5806.335431579,12031,16843400,0.000000
2429,24.290052,5806.345417648,5806.345417648,12036,16850400,0.000000
2430,24.300063,5806.355428545,5806.355428545,12041,16857400,0.000000
2431,24.310067,5806.365432228,5806.365432228,12046,16864400,0.000000
2432,24.320070,5806.375435663,5806.375435663,12051,16871400,0.000000
2433,24.330067,5806.385432297,5806.385432297,12056,16878400,0.000000
2434,24.340062,5806.395427335,5806.395427335,12061,16885400,0.000000
2435,24.350069,5806.405434270,5806.405434270,12066,16892400,0.000000
2436,24.360077,5806.415442301,5806.415442301,12071,16899400,0.000000
2437,24.370064,5806.425429009,5806.425429009,12076,16906400,0.000000
2438,24.380071,5806.435436444,5806.435436444,12081,16913400,0.000000
2439,24.390063,5806.445428591,5806.445428591,12086,16920400,0.000000
2440,24.400034,5806.455399361,5806.455399361,12091,16927400,0.000000
2441,24.410028,5806.465393513,5806.465393513,12096,16934400,0.000000
2442,24.420088,5806.475453726,5806.475453726,12101,16941400,0.000000
2443,24.430073,5806.485437873,5806.485437873,12105,16947000,0.000000
2444,24.440070,5806.495434872,5806.495434872,12110,16954000,0.000000
2445,24.450046,5806.505411809,5806.505411809,12115,16961000,0.000000
2446,24.460073,5806.515437927,5806.515437927,12120,16968000,0.000000
2447,24.470068,5806.525433585,5806.525433585,12125,16975000,0.000000
2448,24.480060,5806.535425162,5806.535425162,12130,16982000,0.000000
2449,24.490059,5806.545424627,5806.545424627,12135,16989000,0.000000
2450,24.500042,5806.555407759,5806.555407759,12140,16996000,0.000000
2451,24.510063,5806.565428759,5806.565428759,12145,17003000,0.000000
2452,24.520068,5806.575433519,5806.575433519,12150,17010000,0.000000
2453,24.530068,5806.585433458,5806.585433458,12155,17017000,0.000000
2454,24.540080,5806.595445386,5806.595445386,12160,17024000,0.000000
2455,24.550064,5806.605429575,5806.605429575,12165,17031000,0.000000
2456,24.560066,5806.615430874,5806.615430874,12170,17038000,0.000000
2457,24.570065,5806.625430334,5806.625430334,12175,17045000,0.000000
2458,24.580066,5806.635431640,5806.635431640,12180,17052000,0.000000
2459,24.590029,5806.645394736,5806.645394736,12185,17059000,0.000000
2460,24.600066,5806.655430932,5806.655430932,12190,17066000,0.000000
2461,24.610059,5806.665424004,5806.665424004,12195,17073000,0.000000
2462,24.620012,5806.675376949,5806.675376949,12200,17080000,0.000000
2463,24.630060,5806.685425371,5806.685425371,12205,17087000,0.000000
2464,24.640072,5806.695437640,5806.695437640,12210,17094000,0.000000
2465,24.650073,5806.705438564,5806.705438564,12214,17099600,0.000000
2466,24.660039,5806.715404341,5806.715404341,12219,17106600,0.000000
2467,24.670022,5806.725387149,5806.725387149,12224,17113600,0.000000
2468,24.680065,5806.735430154,5806.735430154,12229,17120600,0.000000
2469,24.690065,5806.745430754,5806.745430754,12234,17127600,0.000000
2470,24.700071,5806.755435902,5806.755435902,12239,17134600,0.000000
2471,24.710071,5806.765436624,5806.765436624,12244,17141600,0.000000
2472,24.720069,5806.775433947,5806.775433947,12249,17148600,0.000000
2473,24.730075,5806.785440224,5806.785440224,12254,17155600,0.000000
2474,24.740077,5806.795442520,5806.795442520,12259,17162600,0.000000
2475,24.750067,5806.805432477,5806.805432477,12264,17169600,0.000000
2476,24.760059,5806.815424307,5806.815424307,12269,17176600,0.000000
2477,24.770062,5806.825427665,5806.825427665,12274,17183600,0.000000
2478,24.780064,5806.835428908,5806.835428908,12279,17190600,0.000000
2479,24.790069,5806.845434330,5806.845434330,12284,17197600,0.000000
2480,24.800069,5806.855433889,5806.855433889,12289,17204600,0.000000
2481,24.810067,5806.865432181,5806.865432181,12294,17211600,0.000000
2482,24.820059,5806.875424420,5806.875424420,12299,17218600,0.000000
2483,24.830060,5806.885424941,5806.885424941,12304,17225600,0.000000
2484,24.840061,5806.895426416,5806.895426416,12309,17232600,0.000000
2485,24.850059,5806.905424521,5806.905424521,12314,17239600,0.000000
2486,24.860038,5806.915403141,5806.915403141,12319,17246600,0.000000
2487,24.870088,5806.925453703,5806.925453703,12324,17253600,0.000000
2488,24.880060,5806.935425389,5806.935425389,12328,17259200,0.000000
2489,24.890075,5806.945440756,5806.945440756,12333,17266200,0.000000
2490,24.900054,5806.955419390,5806.955419390,12338,17273200,0.000000
2491,24.910064,5806.965429464,5806.965429464,12343,17280200,0.000000
2492,24.920063,5806.975428759,5806.975428759,12348,17287200,0.000000
2493,24.930073,5806.985437865,5806.985437865,12353,17294200,0.000000
2494,24.940062,5806.995427438,5806.995427438,12358,17301200,0.000000
2495,24.950078,5807.005443659,5807.005443659,12363,17308200,0.000000
2496,24.960043,5807.015408677,5807.015408677,12368,17315200,0.000000
2497,24.970071,5807.025436815,5807.025436815,12373,17322200,0.000000
2498,24.980067,5807.035432649,5807.035432649,12378,17329200,0.000000
2499,24.990064,5807.045429502,5807.045429502,12383,17336200,0.000000
2500,25.000064,5807.055428902,5807.055428902,12388,17343200,0.000000
2501,25.010068,5807.065433256,5807.065433256,12393,17350200,0.000000
2502,25.020065,5807.075430356,5807.075430356,12398,17357200,0.000000
2503,25.030065,5807.085430486,5807.085430486,12403,17364200,0.000000
2504,25.040049,5807.095414679,5807.095414679,12408,17371200,0.000000
2505,25.050070,5807.105435455,5807.105435455,12413,17378200,0.000000
2506,25.060070,5807.115435584,5807.115435584,12418,17385200,0.000000
2507,25.070043,5807.125408753,5807.125408753,12423,17392200,0.000000
2508,25.080023,5807.135387971,5807.135387971,12428,17399200,0.000000
2509,25.090101,5807.145466551,5807.145466551,12433,17406200,0.000000
2510,25.100072,5807.155437421,5807.155437421,12437,17411800,0.000000
2511,25.110065,5807.165430167,5807.165430167,12442,17418800,0.000000
2512,25.120063,5807.175428587,5807.175428587,12447,17425800,0.000000
2513,25.130067,5807.185432305,5807.185432305,12452,17432800,0.000000
2514,25.140066,5807.195430855,5807.195430855,12457,17439800,0.000000
2515,25.150059,5807.205423911,5807.205423911,12462,17446800,0.000000
2516,25.160064,5807.215429768,5807.215429768,12467,17453800,0.000000
2517,25.170059,5807.225423999,5807.225423999,12472,17460800,0.000000
2518,25.180061,5807.235426333,5807.235426333,12477,17467800,0.000000
2519,25.190065,5807.245430638,5807.245430638,12482,17474800,0.000000
2520,25.200071,5807.255436433,5807.255436433,12487,17481800,0.000000
2521,25.210071,5807.265435957,5807.265435957,12492,17488800,0.000000
2522,25.220065,5807.275430433,5807.275430433,12497,17495800,0.000000
2523,25.230065,5807.285430459,5807.285430459,12502,17502800,0.000000
2524,25.240063,5807.295428698,5807.295428698,12507,17509800,0.000000
2525,25.250066,5807.305431610,5807.305431610,12512,17516800,0.000000
2526,25.260062,5807.315427318,5807.315427318,12517,17523800,0.000000
2527,25.270065,5807.325429957,5807.325429957,12522,17530800,0.000000
2528,25.280062,5807.335427601,5807.335427601,12527,17537800,0.000000
2529,25.290023,5807.345388111,5807.345388111,12532,17544800,0.000000
2530,25.300063,5807.355428005,5807.355428005,12537,17551800,0.000000
2531,25.310058,5807.365423058,5807.365423058,12542,17558800,0.000000
2532,25.320066,5807.375431529,5807.375431529,12546,17564400,0.000000
2533,25.330066,5807.385431683,5807.385431683,12551,17571400,0.000000
2534,25.340065,5807.395430496,5807.395430496,12556,17578400,0.000000
2535,25.350065,5807.405430032,5807.405430032,12561,17585400,0.000000
2536,25.360039,5807.415404115,5807.415404115,12566,17592400,0.000000
2537,25.370063,5807.425428791,5807.425428791,12571,17599400,0.000000
2538,25.380061,5807.435426084,5807.435426084,12576,17606400,0.000000
2539,25.390064,5807.445428986,5807.445428986,12581,17613400,0.000000
2540,25.400068,5807.455432920,5807.455432920,12586,17620400,0.000000
2541,25.410061,5807.465426406,5807.465426406,12591,17627400,0.000000
2542,25.420067,5807.475432177,5807.475432177,12596,17634400,0.000000
2543,25.430064,5807.485429707,5807.485429707,12601,17641400,0.000000
2544,25.440067,5807.495431917,5807.495431917,12606,17648400,0.000000
2545,25.450065,5807.505429943,5807.505429943,12611,17655400,0.000000
2546,25.460036,5807.515401178,5807.515401178,12616,17662400,0.000000
2547,25.470073,5807.525438329,5807.525438329,12621,17669400,0.000000
2548,25.480075,5807.535440172,5807.535440172,12626,17676400,0.000000
2549,25.490063,5807.545428517,5807.545428517,12631,17683400,0.000000
2550,25.500063,5807.555427994,5807.555427994,12636,17690400,0.000000
2551,25.510066,5807.565431704,5807.565431704,12641,17697400,0.000000
2552,25.520046,5807.575411164,5807.575411164,12646,17704400,0.000000
2553,25.530022,5807.585387527,5807.585387527,12651,17711400,0.000000
2554,25.540074,5807.595438871,5807.595438871,12656,17718400,0.000000
2555,25.550064,5807.605429027,5807.605429027,12660,17724000,0.000000
2556,25.560063,5807.615428015,5807.615428015,12665,17731000,0.000000
2557,25.570068,5807.625433337,5807.625433337,12670,17738000,0.000000
2558,25.580066,5807.635431287,5807.635431287,12675,17745000,0.000000
2559,25.590066,5807.645430877,5807.645430877,12680,17752000,0.000000
2560,25.600068,5807.655433140,5807.655433140,12685,17759000,0.000000
2561,25.610066,5807.665431341,5807.665431341,12690,17766000,0.000000
2562,25.620064,5807.675429394,5807.675429394,12695,17773000,0.000000
2563,25.630067,5807.685432640,5807.685432640,12700,17780000,0.000000
2564,25.640067,5807.695432448,5807.695432448,12705,17787000,0.000000
2565,25.650067,5807.705431974,5807.705431974,12710,17794000,0.000000
2566,25.660065,5807.715430388,5807.715430388,12715,17801000,0.000000
2567,25.670066,5807.725431264,5807.725431264,12720,17808000,0.000000
2568,25.680065,5807.735429849,5807.735429849,12725,17815000,0.000000
2569,25.690064,5807.745429332,5807.745429332,12730,17822000,0.000000
2570,25.700065,5807.755430014,5807.755430014,12735,17829000,0.000000
2571,25.710064,5807.765429460,5807.765429460,12740,17836000,0.000000
2572,25.720064,5807.775429745,5807.775429745,12745,17843000,0.000000
2573,25.730058,5807.785423294,5807.785423294,12750,17850000,0.000000
2574,25.740015,5807.795380343,5807.795380343,12755,17857000,0.000000
2575,25.750062,5807.805427112,5807.805427112,12760,17864000,0.000000
2576,25.760095,5807.815460722,5807.815460722,12765,17871000,0.000000
2577,25.770062,5807.825427758,5807.825427758,12769,17876600,0.000000
2578,25.780069,5807.835434599,5807.835434599,12774,17883600,0.000000
2579,25.790060,5807.845424948,5807.845424948,12779,17890600,0.000000
2580,25.800068,5807.855433721,5807.855433721,12784,17897600,0.000000
2581,25.810069,5807.865434273,5807.865434273,12789,17904600,0.000000
2582,25.820069,5807.875434608,5807.875434608,12794,17911600,0.000000
2583,25.830065,5807.885430436,5807.885430436,12799,17918600,0.000000
2584,25.840065,5807.895430750,5807.895430750,12804,17925600,0.000000
2585,25.850074,5807.905439051,5807.905439051,12809,17932600,0.000000
2586,25.860065,5807.915430486,5807.915430486,12814,17939600,0.000000
2587,25.870045,5807.925410677,5807.925410677,12819,17946600,0.000000
2588,25.880066,5807.935431466,5807.935431466,12824,17953600,0.000000
2589,25.890064,5807.945429497,5807.945429497,12829,17960600,0.000000
2590,25.900070,5807.955435522,5807.955435522,12834,17967600,0.000000
2591,25.910068,5807.965432911,5807.965432911,12839,17974600,0.000000
2592,25.920068,5807.975433055,5807.975433055,12844,17981600,0.000000
2593,25.930063,5807.985428401,5807.985428401,12849,17988600,0.000000
2594,25.940063,5807.995427957,5807.995427957,12854,17995600,0.000000
2595,25.950064,5808.005429373,5808.005429373,12859,18002600,0.000000
2596,25.960064,5808.015429421,5808.015429421,12864,18009600,0.000000
2597,25.970062,5808.025427618,5808.025427618,12869,18016600,0.000000
2598,25.980041,5808.035406487,5808.035406487,12874,18023600,0.000000
2599,25.990084,5808.045448900,5808.045448900,12879,18030600,0.000000
2600,26.000068,5808.055432989,5808.055432989,12883,18036200,0.000000
2601,26.010071,5808.065436804,5808.065436804,12888,18043200,0.000000
2602,26.020070,5808.075435163,5808.075435163,12893,18050200,0.000000
2603,26.030076,5808.085440939,5808.085440939,12898,18057200,0.000000
2604,26.040070,5808.095434920,5808.095434920,12903,18064200,0.000000
2605,26.050068,5808.105433454,5808.105433454,12908,18071200,0.000000
2606,26.060064,5808.115429483,5808.115429483,12913,18078200,0.000000
2607,26.070072,5808.125437503,5808.125437503,12918,18085200,0.000000
2608,26.080068,5808.135432946,5808.135432946,12923,18092200,0.000000
2609,26.090066,5808.145431449,5808.145431449,12928,18099200,0.000000
2610,26.100067,5808.155432630,5808.155432630,12933,18106200,0.000000
2611,26.110063,5808.165428490,5808.165428490,12938,18113200,0.000000
2612,26.120071,5808.175436579,5808.175436579,12943,18120200,0.000000
2613,26.130066,5808.185430983,5808.185430983,12948,18127200,0.000000
2614,26.140107,5808.195472083,5808.195472083,12953,18134200,0.000000
2615,26.150065,5808.205430463,5808.205430463,12958,18141200,0.000000
2616,26.160065,5808.215430809,5808.215430809,12963,18148200,0.000000
2617,26.170068,5808.225433546,5808.225433546,12968,18155200,0.000000
2618,26.180058,5808.235423027,5808.235423027,12973,18162200,0.000000
2619,26.190030,5808.245395762,5808.245395762,12978,18169200,0.000000
2620,26.200006,5808.255371199,5808.255371199,12983,18176200,0.000000
2621,26.210116,5808.265481645,5808.265481645,12988,18183200,0.000000
2622,26.220065,5808.275430367,5808.275430367,12992,18188800,0.000000
2623,26.230067,5808.285432086,5808.285432086,12997,18195800,0.000000
2624,26.240061,5808.295425857,5808.295425857,13002,18202800,0.000000
2625,26.250077,5808.305441964,5808.305441964,13007,18209800,0.000000
2626,26.260069,5808.315434160,5808.315434160,13012,18216800,0.000000
2627,26.270082,5808.325447424,5808.325447424,13017,18223800,0.000000
2628,26.280075,5808.335440806,5808.335440806,13022,18230800,0.000000
2629,26.290065,5808.345430564,5808.345430564,13027,18237800,0.000000
2630,26.300074,5808.355439771,5808.355439771,13032,18244800,0.000000
2631,26.310072,5808.365437314,5808.365437314,13037,18251800,0.000000
2632,26.320063,5808.375428196,5808.375428196,13042,18258800,0.000000
2633,26.330064,5808.385428907,5808.385428907,13047,18265800,0.000000
2634,26.340044,5808.395409064,5808.395409064,13052,18272800,0.000000
2635,26.350066,5808.405431555,5808.405431555,13057,18279800,0.000000
2636,26.360064,5808.415429233,5808.415429233,13062,18286800,0.000000
2637,26.370068,5808.425433308,5808.425433308,13067,18293800,0.000000
2638,26.380075,5808.435440178,5808.435440178,13072,18300800,0.000000
2639,26.390072,5808.445436850,5808.445436850,13077,18307800,0.000000
2640,26.400059,5808.455424187,5808.455424187,13082,18314800,0.000000
2641,26.410062,5808.465427227,5808.465427227,13087,18321800,0.000000
2642,26.420062,5808.475427309,5808.475427309,13092,18328800,0.000000
2643,26.430056,5808.485421710,5808.485421710,13097,18335800,0.000000
2644,26.440070,5808.495435481,5808.495435481,13101,18341400,0.000000
2645,26.450071,5808.505436042,5808.505436042,13106,18348400,0.000000
2646,26.460065,5808.515430548,5808.515430548,13111,18355400,0.000000
2647,26.470067,5808.525432801,5808.525432801,13116,18362400,0.000000
2648,26.480080,5808.535445369,5808.535445369,13121,18369400,0.000000
2649,26.490070,5808.545434936,5808.545434936,13126,18376400,0.000000
2650,26.500069,5808.555434538,5808.555434538,13131,18383400,0.000000
2651,26.510072,5808.565437178,5808.565437178,13136,18390400,0.000000
2652,26.520068,5808.575433399,5808.575433399,13141,18397400,0.000000
2653,26.530069,5808.585433876,5808.585433876,13146,18404400,0.000000
2654,26.540066,5808.595430993,5808.595430993,13151,18411400,0.000000
2655,26.550065,5808.605430005,5808.605430005,13156,18418400,0.000000
2656,26.560067,5808.615432125,5808.615432125,13161,18425400,0.000000
2657,26.570076,5808.625441689,5808.625441689,13166,18432400,0.000000
2658,26.580068,5808.635433009,5808.635433009,13171,18439400,0.000000
2659,26.590070,5808.645435347,5808.645435347,13176,18446400,0.000000
2660,26.600076,5808.655441292,5808.655441292,13181,18453400,0.000000
2661,26.610072,5808.665437590,5808.665437590,13186,18460400,0.000000
2662,26.620068,5808.675432851,5808.675432851,13191,18467400,0.000000
2663,26.630062,5808.685427653,5808.685427653,13196,18474400,0.000000
2664,26.640058,5808.695423504,5808.695423504,13201,18481400,0.000000
2665,26.650048,5808.705412993,5808.705412993,13206,18488400,0.000000
2666,26.660083,5808.715448002,5808.715448002,13211,18495400,0.000000
2667,26.670068,5808.725433243,5808.725433243,13215,18501000,0.000000
2668,26.680072,5808.735437265,5808.735437265,13220,18508000,0.000000
2669,26.690042,5808.745407793,5808.745407793,13225,18515000,0.000000
2670,26.700071,5808.755436134,5808.755436134,13230,18522000,0.000000
2671,26.710068,5808.765432847,5808.765432847,13235,18529000,0.000000
2672,26.720076,5808.775441778,5808.775441778,13240,18536000,0.000000
2673,26.730072,5808.785437754,5808.785437754,13245,18543000,0.000000
2674,26.740080,5808.795445578,5808.795445578,13250,18550000,0.000000
2675,26.750066,5808.805431268,5808.805431268,13255,18557000,0.000000
2676,26.760046,5808.815411397,5808.815411397,13260,18564000,0.000000
2677,26.770070,5808.825435558,5808.825435558,13265,18571000,0.000000
2678,26.780078,5808.835443417,5808.835443417,13270,18578000,0.000000
2679,26.790066,5808.845431481,5808.845431481,13275,18585000,0.000000
2680,26.800065,5808.855429923,5808.855429923,13280,18592000,0.000000
2681,26.810064,5808.865429365,5808.865429365,13285,18599000,0.000000
2682,26.820060,5808.875425281,5808.875425281,13290,18606000,0.000000
2683,26.830055,5808.885420095,5808.885420095,13295,18613000,0.000000
2684,26.840065,5808.895430131,5808.895430131,13300,18620000,0.000000
2685,26.850065,5808.905430395,5808.905430395,13305,18627000,0.000000
2686,26.860014,5808.915379818,5808.915379818,13310,18634000,0.000000
2687,26.870021,5808.925386208,5808.925386208,13315,18641000,0.000000
2688,26.880078,5808.935443611,5808.935443611,13320,18648000,0.000000
2689,26.890071,5808.945436591,5808.945436591,13324,18653600,0.000000
2690,26.900071,5808.955436241,5808.955436241,13329,18660600,0.000000
2691,26.910066,5808.965431163,5808.965431163,13334,18667600,0.000000
2692,26.920069,5808.975434593,5808.975434593,13339,18674600,0.000000
2693,26.930068,5808.985433576,5808.985433576,13344,18681600,0.000000
2694,26.940074,5808.995439446,5808.995439446,13349,18688600,0.000000
2695,26.950068,5809.005432959,5809.005432959,13354,18695600,0.000000
2696,26.960064,5809.015428841,5809.015428841,13359,18702600,0.000000
2697,26.970070,5809.025435137,5809.025435137,13364,18709600,0.000000
2698,26.980067,5809.035432618,5809.035432618,13369,18716600,0.000000
2699,26.990063,5809.045428794,5809.045428794,13374,18723600,0.000000
2700,27.000073,5809.055438095,5809.055438095,13379,18730600,0.000000
2701,27.010066,5809.065431205,5809.065431205,13384,18737600,0.000000
2702,27.020064,5809.075429670,5809.075429670,13389,18744600,0.000000
2703,27.030062,5809.085427113,5809.085427113,13394,18751600,0.000000
2704,27.040060,5809.095425686,5809.095425686,13399,18758600,0.000000
2705,27.050069,5809.105433974,5809.105433974,13404,18765600,0.000000
2706,27.060065,5809.115429904,5809.115429904,13409,18772600,0.000000
2707,27.070060,5809.125425174,5809.125425174,13414,18779600,0.000000
2708,27.080058,5809.135423623,5809.135423623,13419,18786600,0.000000
2709,27.090063,5809.145427930,5809.145427930,13424,18793600,0.000000
2710,27.100040,5809.155404858,5809.155404858,13429,18800600,0.000000
2711,27.110089,5809.165454578,5809.165454578,13434,18807600,0.000000
2712,27.120063,5809.175428164,5809.175428164,13438,18813200,0.000000
2713,27.130070,5809.185435399,5809.185435399,13443,18820200,0.000000
2714,27.140071,5809.195436699,5809.195436699,13448,18827200,0.000000
2715,27.150075,5809.205440154,5809.205440154,13453,18834200,0.000000
2716,27.160065,5809.215429881,5809.215429881,13458,18841200,0.000000
2717,27.170065,5809.225430327,5809.225430327,13463,18848200,0.000000
2718,27.180066,5809.235431696,5809.235431696,13468,18855200,0.000000
2719,27.190072,5809.245437816,5809.245437816,13473,18862200,0.000000
2720,27.200065,5809.255429859,5809.255429859,13478,18869200,0.000000
2721,27.210064,5809.265429456,5809.265429456,13483,18876200,0.000000
2722,27.220066,5809.275431333,5809.275431333,13488,18883200,0.000000
2723,27.230064,5809.285429333,5809.285429333,13493,18890200,0.000000
2724,27.240061,5809.295426124,5809.295426124,13498,18897200,0.000000
2725,27.250059,5809.305424048,5809.305424048,13503,18904200,0.000000
2726,27.260065,5809.315430237,5809.315430237,13508,18911200,0.000000
2727,27.270065,5809.325429896,5809.325429896,13513,18918200,0.000000
2728,27.280064,5809.335429530,5809.335429530,13518,18925200,0.000000
2729,27.290020,5809.345385590,5809.345385590,13523,18932200,0.000000
2730,27.300073,5809.355438766,5809.355438766,13528,18939200,0.000000
2731,27.310024,5809.365389666,5809.365389666,13533,18946200,0.000000
2732,27.320009,5809.375374215,5809.375374215,13538,18953200,0.000000
2733,27.330077,5809.385442299,5809.385442299,13543,18960200,0.000000
2734,27.340067,5809.395432647,5809.395432647,13547,18965800,0.000000
2735,27.350068,5809.405433389,5809.405433389,13552,18972800,0.000000
2736,27.360066,5809.415430960,5809.415430960,13557,18979800,0.000000
2737,27.370064,5809.425428996,5809.425428996,13562,18986800,0.000000
2738,27.380061,5809.435426004,5809.435426004,13567,18993800,0.000000
2739,27.390059,5809.445424183,5809.445424183,13572,19000800,0.000000
2740,27.400073,5809.455437960,5809.455437960,13577,19007800,0.000000
2741,27.410072,5809.465437588,5809.465437588,13582,19014800,0.000000
2742,27.420072,5809.475437773,5809.475437773,13587,19021800,0.000000
2743,27.430069,5809.485434764,5809.485434764,13592,19028800,0.000000
2744,27.440063,5809.495428634,5809.495428634,13597,19035800,0.000000
2745,27.450066,5809.505431534,5809.505431534,13602,19042800,0.000000
2746,27.460067,5809.515432645,5809.515432645,13607,19049800,0.000000
2747,27.470059,5809.525424153,5809.525424153,13612,19056800,0.000000
2748,27.480064,5809.535429299,5809.535429299,13617,19063800,0.000000
2749,27.490058,5809.545423827,5809.545423827,13622,19070800,0.000000
2750,27.500065,5809.555430572,5809.555430572,13627,19077800,0.000000
2751,27.510063,5809.565427848,5809.565427848,13632,19084800,0.000000
2752,27.520075,5809.575440708,5809.575440708,13637,19091800,0.000000
2753,27.530058,5809.585422839,5809.585422839,13642,19098800,0.000000
2754,27.540062,5809.595427738,5809.595427738,13647,19105800,0.000000
2755,27.550011,5809.605376278,5809.605376278,13652,19112800,0.000000
2756,27.560072,5809.615437739,5809.615437739,13656,19118400,0.002018
2757,27.570074,5809.625439223,5809.625439223,13661,19125400,0.000000
2758,27.580065,5809.635430709,5809.635430709,13666,19132400,0.000000
2759,27.590066,5809.645431765,5809.645431765,13671,19139400,0.000000
2760,27.600065,5809.655430687,5809.655430687,13676,19146400,0.000000
2761,27.610065,5809.665430231,5809.665430231,13681,19153400,0.000000
2762,27.620063,5809.675428324,5809.675428324,13686,19160400,0.000000
2763,27.630064,5809.685429400,5809.685429400,13691,19167400,0.000000
2764,27.640063,5809.695428295,5809.695428295,13696,19174400,0.000000
2765,27.650071,5809.705436056,5809.705436056,13701,19181400,0.000000
2766,27.660066,5809.715431630,5809.715431630,13706,19188400,0.000000
2767,27.670063,5809.725428175,5809.725428175,13711,19195400,0.000000
2768,27.680067,5809.735432725,5809.735432725,13716,19202400,0.000000
2769,27.690063,5809.745428192,5809.745428192,13721,19209400,0.000000
2770,27.700037,5809.755402278,5809.755402278,13726,19216400,0.000000
2771,27.710071,5809.765436677,5809.765436677,13731,19223400,0.000000
2772,27.720068,5809.775432907,5809.775432907,13736,19230400,0.000000
2773,27.730065,5809.785430051,5809.785430051,13741,19237400,0.000000
2774,27.740065,5809.795430505,5809.795430505,13746,19244400,0.000000
2775,27.750061,5809.805425859,5809.805425859,13751,19251400,0.000000
2776,27.760046,5809.815411444,5809.815411444,13756,19258400,0.000000
2777,27.770027,5809.825392462,5809.825392462,13761,19265400,0.000000
2778,27.780078,5809.835443569,5809.835443569,13766,19272400,0.000000
2779,27.790064,5809.845429156,5809.845429156,13770,19278000,0.000000
2780,27.800061,5809.855426391,5809.855426391,13775,19285000,0.000000
2781,27.810066,5809.865431605,5809.865431605,13780,19292000,0.000000
2782,27.820063,5809.875428412,5809.875428412,13785,19299000,0.000000
2783,27.830063,5809.885428534,5809.885428534,13790,19306000,0.000000
2784,27.840039,5809.895404692,5809.895404692,13795,19313000,0.000000
2785,27.850070,5809.905435497,5809.905435497,13800,19320000,0.000000
2786,27.860063,5809.915427958,5809.915427958,13805,19327000,0.000000
2787,27.870073,5809.925438052,5809.925438052,13810,19334000,0.000000
2788,27.880067,5809.935432090,5809.935432090,13815,19341000,0.000000
2789,27.890064,5809.945428839,5809.945428839,13820,19348000,0.000000
2790,27.900065,5809.955430287,5809.955430287,13825,19355000,0.000000
2791,27.910067,5809.965432178,5809.965432178,13830,19362000,0.000000
2792,27.920066,5809.975431121,5809.975431121,13835,19369000,0.000000
2793,27.930064,5809.985429172,5809.985429172,13840,19376000,0.000000
2794,27.940066,5809.995431330,5809.995431330,13845,19383000,0.000000
2795,27.950062,5810.005427585,5810.005427585,13850,19390000,0.000000
2796,27.960064,5810.015428950,5810.015428950,13855,19397000,0.000000
2797,27.970064,5810.025429540,5810.025429540,13860,19404000,0.000000
2798,27.980059,5810.035424091,5810.035424091,13865,19411000,0.000000
2799,27.990061,5810.045426346,5810.045426346,13870,19418000,0.000000
2800,28.000076,5810.055441569,5810.055441569,13875,19425000,0.000000
2801,28.010066,5810.065431666,5810.065431666,13879,19430600,0.000000
2802,28.020070,5810.075435102,5810.075435102,13884,19437600,0.000000
2803,28.030068,5810.085433193,5810.085433193,13889,19444600,0.000000
2804,28.040066,5810.095431465,5810.095431465,13894,19451600,0.000000
2805,28.050065,5810.105430354,5810.105430354,13899,19458600,0.000000
2806,28.060066,5810.115431506,5810.115431506,13904,19465600,0.000000
2807,28.070068,5810.125433659,5810.125433659,13909,19472600,0.000000
2808,28.080073,5810.135437953,5810.135437953,13914,19479600,0.000000
2809,28.090065,5810.145429853,5810.145429853,13919,19486600,0.000000
2810,28.100068,5810.155433179,5810.155433179,13924,19493600,0.000000
2811,28.110067,5810.165432452,5810.165432452,13929,19500600,0.000000
2812,28.120063,5810.175428796,5810.175428796,13934,19507600,0.000000
2813,28.130065,5810.185430811,5810.185430811,13939,19514600,0.000000
2814,28.140066,5810.195431576,5810.195431576,13944,19521600,0.000000
2815,28.150066,5810.205430943,5810.205430943,13949,19528600,0.000000
2816,28.160068,5810.215433557,5810.215433557,13954,19535600,0.000000
2817,28.170064,5810.225429736,5810.225429736,13959,19542600,0.000000
2818,28.180062,5810.235427162,5810.235427162,13964,19549600,0.000000
2819,28.190063,5810.245427874,5810.245427874,13969,19556600,0.000000
2820,28.200062,5810.255427552,5810.255427552,13974,19563600,0.000000
2821,28.210062,5810.265427036,5810.265427036,13979,19570600,0.000000
2822,28.220041,5810.275406543,5810.275406543,13984,19577600,0.000000
2823,28.230074,5810.285438864,5810.285438864,13989,19584600,0.000000
2824,28.240068,5810.295433402,5810.295433402,13993,19590200,0.000000
2825,28.250082,5810.305447129,5810.305447129,13998,19597200,0.000000
2826,28.260064,5810.315429149,5810.315429149,14003,19604200,0.000000
2827,28.270068,5810.325433665,5810.325433665,14008,19611200,0.000000
2828,28.280066,5810.335430897,5810.335430897,14013,19618200,0.000000
2829,28.290066,5810.345431413,5810.345431413,14018,19625200,0.000000
2830,28.300066,5810.355431211,5810.355431211,14023,19632200,0.000000
2831,28.310070,5810.365434989,5810.365434989,14028,19639200,0.000000
2832,28.320071,5810.375436072,5810.375436072,14033,19646200,0.000000
2833,28.330066,5810.385430952,5810.385430952,14038,19653200,0.000000
2834,28.340067,5810.395432763,5810.395432763,14043,19660200,0.000000
2835,28.350064,5810.405428888,5810.405428888,14048,19667200,0.000000
2836,28.360066,5810.415431136,5810.415431136,14053,19674200,0.000000
2837,28.370063,5810.425427954,5810.425427954,14058,19681200,0.000000
2838,28.380022,5810.435386998,5810.435386998,14063,19688200,0.000000
2839,28.390064,5810.445429714,5810.445429714,14068,19695200,0.000000
2840,28.400063,5810.455428188,5810.455428188,14073,19702200,0.000000
2841,28.410064,5810.465428960,5810.465428960,14078,19709200,0.000000
2842,28.420062,5810.475427671,5810.475427671,14083,19716200,0.000000
2843,28.430025,5810.485390188,5810.485390188,14088,19723200,0.000000
2844,28.440005,5810.495370364,5810.495370364,14093,19730200,0.000000
2845,28.450078,5810.505442957,5810.505442957,14098,19737200,0.000000
2846,28.460067,5810.515432304,5810.515432304,14102,19742800,0.000000
2847,28.470064,5810.525429761,5810.525429761,14107,19749800,0.000000
2848,28.480065,5810.535430015,5810.535430015,14112,19756800,0.000000
2849,28.490060,5810.545425153,5810.545425153,14117,19763800,0.000000
2850,28.500061,5810.555426352,5810.555426352,14122,19770800,0.000000
2851,28.510059,5810.565424583,5810.565424583,14127,19777800,0.000000
2852,28.520037,5810.575402435,5810.575402435,14132,19784800,0.000000
2853,28.530064,5810.585429744,5810.585429744,14137,19791800,0.000000
2854,28.540063,5810.595428140,5810.595428140,14142,19798800,0.000000
2855,28.550065,5810.605430183,5810.605430183,14147,19805800,0.000000
2856,28.560075,5810.615440718,5810.615440718,14152,19812800,0.000000
2857,28.570069,5810.625434402,5810.625434402,14157,19819800,0.000000
2858,28.580067,5810.635432239,5810.635432239,14162,19826800,0.000000
2859,28.590066,5810.645431180,5810.645431180,14167,19833800,0.000000
2860,28.600064,5810.655428989,5810.655428989,14172,19840800,0.000000
2861,28.610067,5810.665432106,5810.665432106,14177,19847800,0.000000
2862,28.620064,5810.675429139,5810.675429139,14182,19854800,0.000000
2863,28.630063,5810.685427921,5810.685427921,14187,19861800,0.000000
2864,28.640062,5810.695427428,5810.695427428,14192,19868800,0.000000
2865,28.650066,5810.705431564,5810.705431564,14197,19875800,0.000000
2866,28.660071,5810.715436730,5810.715436730,14202,19882800,0.000000
2867,28.670058,5810.725423824,5810.725423824,14207,19889800,0.000000
2868,28.680067,5810.735432269,5810.735432269,14211,19895400,0.000000
2869,28.690065,5810.745430199,5810.745430199,14216,19902400,0.000000
2870,28.700064,5810.755429280,5810.755429280,14221,19909400,0.000000
2871,28.710063,5810.765427961,5810.765427961,14226,19916400,0.000000
2872,28.720059,5810.775424737,5810.775424737,14231,19923400,0.000000
2873,28.730066,5810.785431107,5810.785431107,14236,19930400,0.000000
2874,28.740060,5810.795424937,5810.795424937,14241,19937400,0.000000
2875,28.750067,5810.805431949,5810.805431949,14246,19944400,0.000000
2876,28.760066,5810.815431398,5810.815431398,14251,19951400,0.000000
2877,28.770063,5810.825428449,5810.825428449,14256,19958400,0.000000
2878,28.780059,5810.835424615,5810.835424615,14261,19965400,0.000000
2879,28.790070,5810.845435089,5810.845435089,14266,19972400,0.000000
2880,28.800066,5810.855431358,5810.855431358,14271,19979400,0.000000
2881,28.810066,5810.865431440,5810.865431440,14276,19986400,0.000000
2882,28.820041,5810.875406500,5810.875406500,14281,19993400,0.000000
2883,28.830054,5810.885418883,5810.885418883,14286,20000400,0.000000
2884,28.840066,5810.895431818,5810.895431818,14291,20007400,0.000000
2885,28.850067,5810.905432321,5810.905432321,14296,20014400,0.000000
2886,28.860063,5810.915428249,5810.915428249,14301,20021400,0.000000
2887,28.870068,5810.925432980,5810.925432980,14306,20028400,0.000000
2888,28.880040,5810.935405108,5810.935405108,14311,20035400,0.000000
2889,28.890022,5810.945387128,5810.945387128,14316,20042400,0.000000
2890,28.900080,5810.955445111,5810.955445111,14321,20049400,0.000000
2891,28.910066,5810.965431718,5810.965431718,14325,20055000,0.000000
2892,28.920009,5810.975373894,5810.975373894,14330,20062000,0.000000
2893,28.930069,5810.985434740,5810.985434740,14335,20069000,0.000000
2894,28.940069,5810.995434133,5810.995434133,14340,20076000,0.000000
2895,28.950065,5811.005430800,5811.005430800,14345,20083000,0.000000
2896,28.960075,5811.015440377,5811.015440377,14350,20090000,0.000000
2897,28.970067,5811.025431860,5811.025431860,14355,20097000,0.000000
2898,28.980086,5811.035451750,5811.035451750,14360,20104000,0.000000
2899,28.990029,5811.045394592,5811.045394592,14365,20111000,0.000000
2900,29.000065,5811.055429905,5811.055429905,14370,20118000,0.000000
2901,29.010064,5811.065428895,5811.065428895,14375,20125000,0.000000
2902,29.020065,5811.075430419,5811.075430419,14380,20132000,0.000000
2903,29.030068,5811.085433521,5811.085433521,14385,20139000,0.000000
2904,29.040064,5811.095429712,5811.095429712,14390,20146000,0.000000
2905,29.050027,5811.105392066,5811.105392066,14395,20153000,0.000000
2906,29.060063,5811.115428750,5811.115428750,14400,20160000,0.000000
2907,29.070063,5811.125428400,5811.125428400,14405,20167000,0.000000
2908,29.080065,5811.135430153,5811.135430153,14410,20174000,0.000000
2909,29.090062,5811.145427197,5811.145427197,14415,20181000,0.000000
2910,29.100020,5811.155385152,5811.155385152,14420,20188000,0.000000
2911,29.110064,5811.165429363,5811.165429363,14425,20195000,0.000000
2912,29.120074,5811.175438925,5811.175438925,14430,20202000,0.000000
2913,29.130067,5811.185432695,5811.185432695,14434,20207600,0.000000
2914,29.140064,5811.195429252,5811.195429252,14439,20214600,0.000000
2915,29.150063,5811.205428519,5811.205428519,14444,20221600,0.000000
2916,29.160063,5811.215428403,5811.215428403,14449,20228600,0.000000
2917,29.170065,5811.225430037,5811.225430037,14454,20235600,0.000000
2918,29.180060,5811.235425000,5811.235425000,14459,20242600,0.000000
2919,29.190055,5811.245420653,5811.245420653,14464,20249600,0.000000
2920,29.200079,5811.255444285,5811.255444285,14469,20256600,0.000000
2921,29.210067,5811.265431967,5811.265431967,14474,20263600,0.000000
2922,29.220067,5811.275432650,5811.275432650,14479,20270600,0.000000
2923,29.230077,5811.285442777,5811.285442777,14484,20277600,0.000000
2924,29.240066,5811.295431638,5811.295431638,14489,20284600,0.000000
2925,29.250066,5811.305430888,5811.305430888,14494,20291600,0.000000
2926,29.260067,5811.315432306,5811.315432306,14499,20298600,0.000000
2927,29.270070,5811.325434871,5811.325434871,14504,20305600,0.000000
2928,29.280068,5811.335433399,5811.335433399,14509,20312600,0.000000
2929,29.290068,5811.345432922,5811.345432922,14514,20319600,0.000000
2930,29.300065,5811.355429873,5811.355429873,14519,20326600,0.000000
2931,29.310070,5811.365435502,5811.365435502,14524,20333600,0.000000
2932,29.320057,5811.375422583,5811.375422583,14529,20340600,0.000000
2933,29.330067,5811.385432681,5811.385432681,14534,20347600,0.000000
2934,29.340052,5811.395417797,5811.395417797,14539,20354600,0.000000
2935,29.350074,5811.405439726,5811.405439726,14544,20361600,0.000000
2936,29.360067,5811.415432679,5811.415432679,14548,20367200,0.000000
2937,29.370064,5811.425428947,5811.425428947,14553,20374200,0.000000
2938,29.380069,5811.435434312,5811.435434312,14558,20381200,0.000000
2939,29.390064,5811.445429354,5811.445429354,14563,20388200,0.000000
2940,29.400067,5811.455432241,5811.455432241,14568,20395200,0.000000
2941,29.410066,5811.465431040,5811.465431040,14573,20402200,0.000000
2942,29.420032,5811.475397212,5811.475397212,14578,20409200,0.000000
2943,29.430070,5811.485435380,5811.485435380,14583,20416200,0.000000
2944,29.440067,5811.495432168,5811.495432168,14588,20423200,0.000000
2945,29.450064,5811.505429608,5811.505429608,14593,20430200,0.000000
2946,29.460078,5811.515443405,5811.515443405,14598,20437200,0.000000
2947,29.470080,5811.525445538,5811.525445538,14603,20444200,0.000000
2948,29.480091,5811.535456602,5811.535456602,14608,20451200,0.000000
2949,29.490061,5811.545426444,5811.545426444,14613,20458200,0.000000
2950,29.500064,5811.555429439,5811.555429439,14618,20465200,0.000000
2951,29.510064,5811.565429537,5811.565429537,14623,20472200,0.000000
2952,29.520060,5811.575425360,5811.575425360,14628,20479200,0.000000
2953,29.530068,5811.585433415,5811.585433415,14633,20486200,0.000000
2954,29.540062,5811.595427591,5811.595427591,14638,20493200,0.000000
2955,29.550027,5811.605391944,5811.605391944,14643,20500200,0.000000
2956,29.560009,5811.615374374,5811.615374374,14648,20507200,0.000000
2957,29.570075,5811.625440061,5811.625440061,14653,20514200,0.000000
2958,29.580067,5811.635432339,5811.635432339,14657,20519800,0.000000
2959,29.590064,5811.645429129,5811.645429129,14662,20526800,0.000000
2960,29.600065,5811.655430201,5811.655430201,14667,20533800,0.000000
2961,29.610067,5811.665431926,5811.665431926,14672,20540800,0.000000
2962,29.620069,5811.675433980,5811.675433980,14677,20547800,0.000000
2963,29.630069,5811.685434216,5811.685434216,14682,20554800,0.000000
2964,29.640072,5811.695437472,5811.695437472,14687,20561800,0.000000
2965,29.650071,5811.705436434,5811.705436434,14692,20568800,0.000000
2966,29.660070,5811.715435802,5811.715435802,14697,20575800,0.000000
2967,29.670072,5811.725436940,5811.725436940,14702,20582800,0.000000
2968,29.680066,5811.735431020,5811.735431020,14707,20589800,0.000000
2969,29.690066,5811.745431720,5811.745431720,14712,20596800,0.000000
2970,29.700064,5811.755429664,5811.755429664,14717,20603800,0.000000
2971,29.710090,5811.765455108,5811.765455108,14722,20610800,0.000000
2972,29.720075,5811.775440224,5811.775440224,14727,20617800,0.000000
2973,29.730064,5811.785429288,5811.785429288,14732,20624800,0.000000
2974,29.740067,5811.795432037,5811.795432037,14737,20631800,0.000000
2975,29.750065,5811.805429953,5811.805429953,14742,20638800,0.000000
2976,29.760065,5811.815430509,5811.815430509,14747,20645800,0.000000
2977,29.770062,5811.825427655,5811.825427655,14752,20652800,0.000000
2978,29.780063,5811.835428493,5811.835428493,14757,20659800,0.000000
2979,29.790060,5811.845425092,5811.845425092,14762,20666800,0.000000
2980,29.800068,5811.855433295,5811.855433295,14766,20672400,0.000000
2981,29.810070,5811.865435708,5811.865435708,14771,20679400,0.000000
2982,29.820068,5811.875433765,5811.875433765,14776,20686400,0.000000
2983,29.830066,5811.885431801,5811.885431801,14781,20693400,0.000000
2984,29.840071,5811.895436423,5811.895436423,14786,20700400,0.000000
2985,29.850066,5811.905431385,5811.905431385,14791,20707400,0.000000
2986,29.860067,5811.915432798,5811.915432798,14796,20714400,0.000000
2987,29.870064,5811.925429088,5811.925429088,14801,20721400,0.000000
2988,29.880066,5811.935430965,5811.935430965,14806,20728400,0.000000
2989,29.890065,5811.945429948,5811.945429948,14811,20735400,0.000000
2990,29.900064,5811.955429472,5811.955429472,14816,20742400,0.000000
2991,29.910064,5811.965428932,5811.965428932,14821,20749400,0.000000
2992,29.920063,5811.975428604,5811.975428604,14826,20756400,0.000000
2993,29.930068,5811.985433818,5811.985433818,14831,20763400,0.000000
2994,29.940071,5811.995436183,5811.995436183,14836,20770400,0.000000
2995,29.950059,5812.005424377,5812.005424377,14841,20777400,0.000000
2996,29.960066,5812.015431734,5812.015431734,14846,20784400,0.000000
2997,29.970065,5812.025430604,5812.025430604,14851,20791400,0.000000
2998,29.980065,5812.035430279,5812.035430279,14856,20798400,0.000000
2999,29.990069,5812.045434035,5812.045434035,14861,20805400,0.000000
3000,30.000044,5812.055409699,5812.055409699,14866,20812400,0.000000
3001,30.010020,5812.065384881,5812.065384881,14871,20819400,0.000000
3002,30.020077,5812.075442303,5812.075442303,14876,20826400,0.000000
3003,30.030064,5812.085429134,5812.085429134,14880,20832000,0.000000
3004,30.040060,5812.095425379,5812.095425379,14885,20839000,0.000000
3005,30.050069,5812.105434238,5812.105434238,14890,20846000,0.000000
3006,30.060065,5812.115430600,5812.115430600,14895,20853000,0.000000
3007,30.070064,5812.125429495,5812.125429495,14900,20860000,0.000000
3008,30.080065,5812.135429904,5812.135429904,14905,20867000,0.000000
3009,30.090073,5812.145437915,5812.145437915,14910,20874000,0.000000
3010,30.100069,5812.155434194,5812.155434194,14915,20881000,0.000000
3011,30.110069,5812.165434225,5812.165434225,14920,20888000,0.000000
3012,30.120068,5812.175433529,5812.175433529,14925,20895000,0.000000
3013,30.130063,5812.185428126,5812.185428126,14930,20902000,0.000000
3014,30.140069,5812.195434530,5812.195434530,14935,20909000,0.000000
3015,30.150052,5812.205417472,5812.205417472,14940,20916000,0.000000
3016,30.160062,5812.215427611,5812.215427611,14945,20923000,0.000000
3017,30.170060,5812.225425248,5812.225425248,14950,20930000,0.000000
3018,30.180065,5812.235430095,5812.235430095,14955,20937000,0.000000
3019,30.190062,5812.245427265,5812.245427265,14960,20944000,0.000000
3020,30.200063,5812.255428576,5812.255428576,14965,20951000,0.000000
3021,30.210062,5812.265427597,5812.265427597,14970,20958000,0.000000
3022,30.220058,5812.275423444,5812.275423444,14975,20965000,0.000000
3023,30.230064,5812.285429789,5812.285429789,14980,20972000,0.000000
3024,30.240089,5812.295454723,5812.295454723,14985,20979000,0.000000
3025,30.250069,5812.305434143,5812.305434143,14989,20984600,0.000000
3026,30.260068,5812.315433683,5812.315433683,14994,20991600,0.000000
3027,30.270071,5812.325436483,5812.325436483,14999,20998600,0.000000
3028,30.280065,5812.335430373,5812.335430373,15004,21005600,0.000000
3029,30.290065,5812.345430815,5812.345430815,15009,21012600,0.000000
3030,30.300060,5812.355425806,5812.355425806,15014,21019600,0.000000
3031,30.310065,5812.365430641,5812.365430641,15019,21026600,0.000000
3032,30.320071,5812.375436745,5812.375436745,15024,21033600,0.000000
3033,30.330071,5812.385436810,5812.385436810,15029,21040600,0.000000
3034,30.340064,5812.395429454,5812.395429454,15034,21047600,0.000000
3035,30.350063,5812.405428362,5812.405428362,15039,21054600,0.000000
3036,30.360064,5812.415428846,5812.415428846,15044,21061600,0.000000
3037,30.370021,5812.425386078,5812.425386078,15049,21068600,0.000000
3038,30.380064,5812.435429564,5812.435429564,15054,21075600,0.000000
3039,30.390061,5812.445425999,5812.445425999,15059,21082600,0.000000
3040,30.400069,5812.455434393,5812.455434393,15064,21089600,0.000000
3041,30.410090,5812.465455083,5812.465455083,15069,21096600,0.000000
3042,30.420063,5812.475428163,5812.475428163,15074,21103600,0.000000
3043,30.430063,5812.485428728,5812.485428728,15079,21110600,0.000000
3044,30.440059,5812.495424284,5812.495424284,15084,21117600,0.000000
3045,30.450059,5812.505424380,5812.505424380,15089,21124600,0.000000
3046,30.460061,5812.515426468,5812.515426468,15094,21131600,0.000000
3047,30.470020,5812.525385765,5812.525385765,15098,21137200,0.000000
3048,30.480066,5812.535431630,5812.535431630,15103,21144200,0.000000
3049,30.490065,5812.545430433,5812.545430433,15108,21151200,0.000000
3050,30.500054,5812.555419623,5812.555419623,15113,21158200,0.000000
3051,30.510071,5812.565435899,5812.565435899,15118,21165200,0.000000
3052,30.520068,5812.575432857,5812.575432857,15123,21172200,0.000000
3053,30.530065,5812.585430580,5812.585430580,15128,21179200,0.000000
3054,30.540059,5812.595424315,5812.595424315,15133,21186200,0.000000
3055,30.550049,5812.605414107,5812.605414107,15138,21193200,0.000000
3056,30.560065,5812.615430548,5812.615430548,15143,21200200,0.000000
3057,30.570065,5812.625430042,5812.625430042,15148,21207200,0.000000
3058,30.580080,5812.635445722,5812.635445722,15153,21214200,0.000000
3059,30.590068,5812.645433197,5812.645433197,15158,21221200,0.000000
3060,30.600066,5812.655431217,5812.655431217,15163,21228200,0.000000
3061,30.610059,5812.665424027,5812.665424027,15168,21235200,0.000000
3062,30.620069,5812.675434315,5812.675434315,15173,21242200,0.000000
3063,30.630066,5812.685431172,5812.685431172,15178,21249200,0.000000
3064,30.640065,5812.695430019,5812.695430019,15183,21256200,0.000000
3065,30.650058,5812.705423163,5812.705423163,15188,21263200,0.000000
3066,30.660067,5812.715431865,5812.715431865,15193,21270200,0.000000
3067,30.670042,5812.725407807,5812.725407807,15198,21277200,0.000000
3068,30.680005,5812.735370128,5812.735370128,15203,21284200,0.000000
3069,30.690082,5812.745447255,5812.745447255,15208,21291200,0.000000
3070,30.700066,5812.755431255,5812.755431255,15212,21296800,0.000000
3071,30.710066,5812.765431828,5812.765431828,15217,21303800,0.000000
3072,30.720067,5812.775432256,5812.775432256,15222,21310800,0.000000
3073,30.730065,5812.785430343,5812.785430343,15227,21317800,0.000000
3074,30.740060,5812.795425628,5812.795425628,15232,21324800,0.000000
3075,30.750062,5812.805427729,5812.805427729,15237,21331800,0.000000
3076,30.760036,5812.815401526,5812.815401526,15242,21338800,0.000000
3077,30.770079,5812.825444044,5812.825444044,15247,21345800,0.000000
3078,30.780072,5812.835436994,5812.835436994,15252,21352800,0.000000
3079,30.790059,5812.845423944,5812.845423944,15257,21359800,0.000000
3080,30.800067,5812.855432603,5812.855432603,15262,21366800,0.000000
3081,30.810072,5812.865437567,5812.865437567,15267,21373800,0.000000
3082,30.820062,5812.875427745,5812.875427745,15272,21380800,0.000000
3083,30.830068,5812.885433195,5812.885433195,15277,21387800,0.000000
3084,30.840066,5812.895431447,5812.895431447,15282,21394800,0.000000
3085,30.850070,5812.905435308,5812.905435308,15287,21401800,0.000000
3086,30.860063,5812.915428254,5812.915428254,15292,21408800,0.000000
3087,30.870066,5812.925431363,5812.925431363,15297,21415800,0.000000
3088,30.880062,5812.935427671,5812.935427671,15302,21422800,0.000000
3089,30.890018,5812.945383165,5812.945383165,15307,21429800,0.000000
3090,30.900063,5812.955428084,5812.955428084,15312,21436800,0.000000
3091,30.910088,5812.965453529,5812.965453529,15317,21443800,0.000000
3092,30.920070,5812.975434958,5812.975434958,15321,21449400,0.000000
3093,30.930070,5812.985435069,5812.985435069,15326,21456400,0.000000
3094,30.940071,5812.995436211,5812.995436211,15331,21463400,0.000000
3095,30.950069,5813.005434284,5813.005434284,15336,21470400,0.000000
3096,30.960073,5813.015438021,5813.015438021,15341,21477400,0.000000
3097,30.970067,5813.025432203,5813.025432203,15346,21484400,0.000000
3098,30.980068,5813.035433173,5813.035433173,15351,21491400,0.000000
3099,30.990067,5813.045431861,5813.045431861,15356,21498400,0.000000
3100,31.000064,5813.055429605,5813.055429605,15361,21505400,0.000000
3101,31.010066,5813.065431513,5813.065431513,15366,21512400,0.000000
3102,31.020063,5813.075428714,5813.075428714,15371,21519400,0.000000
3103,31.030026,5813.085391568,5813.085391568,15376,21526400,0.000000
3104,31.040066,5813.095430893,5813.095430893,15381,21533400,0.000000
3105,31.050065,5813.105430802,5813.105430802,15386,21540400,0.000000
3106,31.060065,5813.115429841,5813.115429841,15391,21547400,0.000000
3107,31.070066,5813.125430905,5813.125430905,15396,21554400,0.000000
3108,31.080067,5813.135432261,5813.135432261,15401,21561400,0.000000
3109,31.090066,5813.145431413,5813.145431413,15406,21568400,0.000000
3110,31.100060,5813.155425376,5813.155425376,15411,21575400,0.000000
3111,31.110070,5813.165435462,5813.165435462,15416,21582400,0.000000
3112,31.120040,5813.175405760,5813.175405760,15421,21589400,0.000000
3113,31.130034,5813.185399078,5813.185399078,15426,21596400,0.000000
3114,31.140088,5813.195453347,5813.195453347,15431,21603400,0.000000
3115,31.150066,5813.205431212,5813.205431212,15435,21609000,0.000000
3116,31.160044,5813.215409103,5813.215409103,15440,21616000,0.000000
3117,31.170064,5813.225429729,5813.225429729,15445,21623000,0.000000
3118,31.180068,5813.235433399,5813.235433399,15450,21630000,0.000000
3119,31.190065,5813.245430246,5813.245430246,15455,21637000,0.000000
3120,31.200066,5813.255431304,5813.255431304,15460,21644000,0.000000
3121,31.210063,5813.265428195,5813.265428195,15465,21651000,0.000000
3122,31.220073,5813.275438004,5813.275438004,15470,21658000,0.000000
3123,31.230069,5813.285434286,5813.285434286,15475,21665000,0.000000
3124,31.240076,5813.295441570,5813.295441570,15480,21672000,0.000000
3125,31.250073,5813.305438742,5813.305438742,15485,21679000,0.000000
3126,31.260049,5813.315414785,5813.315414785,15490,21686000,0.000000
3127,31.270069,5813.325434785,5813.325434785,15495,21693000,0.000000
3128,31.280058,5813.335423655,5813.335423655,15500,21700000,0.000000
3129,31.290066,5813.345431341,5813.345431341,15505,21707000,0.000000
3130,31.300069,5813.355434453,5813.355434453,15510,21714000,0.000000
3131,31.310063,5813.365428527,5813.365428527,15515,21721000,0.000000
3132,31.320061,5813.375426677,5813.375426677,15520,21728000,0.000000
3133,31.330062,5813.385426941,5813.385426941,15525,21735000,0.000000
3134,31.340063,5813.395428107,5813.395428107,15530,21742000,0.000000
3135,31.350063,5813.405428581,5813.405428581,15535,21749000,0.000000
3136,31.360068,5813.415433018,5813.415433018,15540,21756000,0.000000
3137,31.370068,5813.425433807,5813.425433807,15544,21761600,0.000000
3138,31.380063,5813.435428336,5813.435428336,15549,21768600,0.000000
3139,31.390067,5813.445432394,5813.445432394,15554,21775600,0.000000
3140,31.400065,5813.455430799,5813.455430799,15559,21782600,0.000000
3141,31.410064,5813.465429695,5813.465429695,15564,21789600,0.000000
3142,31.420068,5813.475433794,5813.475433794,15569,21796600,0.000000
3143,31.430073,5813.485438528,5813.485438528,15574,21803600,0.000000
3144,31.440055,5813.495420432,5813.495420432,15579,21810600,0.000000
3145,31.450069,5813.505433830,5813.505433830,15584,21817600,0.000000
3146,31.460065,5813.515430382,5813.515430382,15589,21824600,0.000000
3147,31.470070,5813.525435388,5813.525435388,15594,21831600,0.000000
3148,31.480065,5813.535430494,5813.535430494,15599,21838600,0.000000
3149,31.490069,5813.545433932,5813.545433932,15604,21845600,0.000000
3150,31.500068,5813.555433428,5813.555433428,15609,21852600,0.000000
3151,31.510060,5813.565425172,5813.565425172,15614,21859600,0.000000
3152,31.520054,5813.575418957,5813.575418957,15619,21866600,0.000000
3153,31.530066,5813.585431433,5813.585431433,15624,21873600,0.000000
3154,31.540065,5813.595430761,5813.595430761,15629,21880600,0.000000
3155,31.550065,5813.605430559,5813.605430559,15634,21887600,0.000000
3156,31.560067,5813.615432803,5813.615432803,15639,21894600,0.000000
3157,31.570066,5813.625431628,5813.625431628,15644,21901600,0.000000
3158,31.580007,5813.635372241,5813.635372241,15649,21908600,0.000000
3159,31.590027,5813.645392010,5813.645392010,15653,21914200,0.000000
3160,31.600071,5813.655436121,5813.655436121,15658,21921200,0.000000
3161,31.610072,5813.665437705,5813.665437705,15663,21928200,0.000000
3162,31.620065,5813.675430167,5813.675430167,15668,21935200,0.000000
3163,31.630062,5813.685427282,5813.685427282,15673,21942200,0.000000
3164,31.640063,5813.695428145,5813.695428145,15678,21949200,0.000000
3165,31.650072,5813.705437149,5813.705437149,15683,21956200,0.000000
3166,31.660043,5813.715408229,5813.715408229,15688,21963200,0.000000
3167,31.670074,5813.725438947,5813.725438947,15693,21970200,0.000000
3168,31.680077,5813.735442408,5813.735442408,15698,21977200,0.000000
3169,31.690066,5813.745430892,5813.745430892,15703,21984200,0.000000
3170,31.700075,5813.755440313,5813.755440313,15708,21991200,0.000000
3171,31.710068,5813.765433423,5813.765433423,15713,21998200,0.000000
3172,31.720077,5813.775442368,5813.775442368,15718,22005200,0.000000
3173,31.730029,5813.785394461,5813.785394461,15723,22012200,0.000000
3174,31.740064,5813.795429607,5813.795429607,15728,22019200,0.000000
3175,31.750068,5813.805433326,5813.805433326,15733,22026200,0.000000
3176,31.760065,5813.815430497,5813.815430497,15738,22033200,0.000000
3177,31.770068,5813.825432858,5813.825432858,15743,22040200,0.000000
3178,31.780068,5813.835432916,5813.835432916,15748,22047200,0.000000
3179,31.790013,5813.845378421,5813.845378421,15753,22054200,0.000000
3180,31.800007,5813.855372431,5813.855372431,15758,22061200,0.000000
3181,31.810072,5813.865437004,5813.865437004,15763,22068200,0.000000
3182,31.820067,5813.875432060,5813.875432060,15767,22073800,0.000000
3183,31.830067,5813.885432080,5813.885432080,15772,22080800,0.000000
3184,31.840063,5813.895427936,5813.895427936,15777,22087800,0.000000
3185,31.850068,5813.905433436,5813.905433436,15782,22094800,0.000000
3186,31.860068,5813.915432871,5813.915432871,15787,22101800,0.000000
3187,31.870063,5813.925428333,5813.925428333,15792,22108800,0.000000
3188,31.880065,5813.935430167,5813.935430167,15797,22115800,0.000000
3189,31.890072,5813.945437281,5813.945437281,15802,22122800,0.000000
3190,31.900066,5813.955430875,5813.955430875,15807,22129800,0.000000
3191,31.910061,5813.965426387,5813.965426387,15812,22136800,0.000000
3192,31.920066,5813.975431149,5813.975431149,15817,22143800,0.000000
3193,31.930065,5813.985429829,5813.985429829,15822,22150800,0.000000
3194,31.940042,5813.995407616,5813.995407616,15827,22157800,0.000000
3195,31.950084,5814.005449109,5814.005449109,15832,22164800,0.000000
3196,31.960067,5814.015432531,5814.015432531,15837,22171800,0.000000
3197,31.970068,5814.025433601,5814.025433601,15842,22178800,0.000000
3198,31.980066,5814.035430983,5814.035430983,15847,22185800,0.000000
3199,31.990061,5814.045426767,5814.045426767,15852,22192800,0.000000
3200,32.000063,5814.055428784,5814.055428784,15857,22199800,0.000000
3201,32.010061,5814.065426465,5814.065426465,15862,22206800,0.000000
3202,32.020067,5814.075432687,5814.075432687,15867,22213800,0.000000
3203,32.030053,5814.085418106,5814.085418106,15872,22220800,0.000000
3204,32.040068,5814.095432866,5814.095432866,15876,22226400,0.000000
3205,32.050066,5814.105431659,5814.105431659,15881,22233400,0.000000
3206,32.060063,5814.115428812,5814.115428812,15886,22240400,0.000000
3207,32.070073,5814.125438724,5814.125438724,15891,22247400,0.000000
3208,32.080091,5814.135456107,5814.135456107,15896,22254400,0.000000
3209,32.090074,5814.145439060,5814.145439060,15901,22261400,0.000000
3210,32.100065,5814.155430217,5814.155430217,15906,22268400,0.000000
3211,32.110062,5814.165427126,5814.165427126,15911,22275400,0.000000
3212,32.120063,5814.175428552,5814.175428552,15916,22282400,0.000000
3213,32.130080,5814.185445361,5814.185445361,15921,22289400,0.000000
3214,32.140066,5814.195431508,5814.195431508,15926,22296400,0.000000
3215,32.150068,5814.205433354,5814.205433354,15931,22303400,0.000000
3216,32.160064,5814.215429373,5814.215429373,15936,22310400,0.000000
3217,32.170064,5814.225429424,5814.225429424,15941,22317400,0.000000
3218,32.180076,5814.235440965,5814.235440965,15946,22324400,0.000000
3219,32.190063,5814.245428638,5814.245428638,15951,22331400,0.000000
3220,32.200062,5814.255427646,5814.255427646,15956,22338400,0.000000
3221,32.210063,5814.265427914,5814.265427914,15961,22345400,0.000000
3222,32.220064,5814.275428882,5814.275428882,15966,22352400,0.000000
3223,32.230065,5814.285430606,5814.285430606,15971,22359400,0.000000
3224,32.240044,5814.295409120,5814.295409120,15976,22366400,0.000000
3225,32.250062,5814.305426897,5814.305426897,15981,22373400,0.000000
3226,32.260076,5814.315441718,5814.315441718,15986,22380400,0.000000
3227,32.270065,5814.325429958,5814.325429958,15990,22386000,0.000000
3228,32.280080,5814.335444871,5814.335444871,15995,22393000,0.000000
3229,32.290067,5814.345432074,5814.345432074,16000,22400000,0.000000
3230,32.300068,5814.355432843,5814.355432843,16005,22407000,0.000000
3231,32.310069,5814.365434753,5814.365434753,16010,22414000,0.000000
3232,32.320090,5814.375454912,5814.375454912,16015,22421000,0.000000
3233,32.330065,5814.385430595,5814.385430595,16020,22428000,0.000000
3234,32.340067,5814.395432206,5814.395432206,16025,22435000,0.000000
3235,32.350060,5814.405425820,5814.405425820,16030,22442000,0.000000
3236,32.360064,5814.415429374,5814.415429374,16035,22449000,0.000000
3237,32.370064,5814.425428907,5814.425428907,16040,22456000,0.000000
3238,32.380065,5814.435430054,5814.435430054,16045,22463000,0.000000
3239,32.390066,5814.445430916,5814.445430916,16050,22470000,0.000000
3240,32.400069,5814.455434430,5814.455434430,16055,22477000,0.000000
3241,32.410063,5814.465428111,5814.465428111,16060,22484000,0.000000
3242,32.420068,5814.475433687,5814.475433687,16065,22491000,0.000000
3243,32.430065,5814.485429868,5814.485429868,16070,22498000,0.000000
3244,32.440063,5814.495428051,5814.495428051,16075,22505000,0.000000
3245,32.450062,5814.505427272,5814.505427272,16080,22512000,0.000000
3246,32.460058,5814.515423795,5814.515423795,16085,22519000,0.000000
3247,32.470062,5814.525427672,5814.525427672,16090,22526000,0.000000
3248,32.480076,5814.535441366,5814.535441366,16095,22533000,0.000000
3249,32.490072,5814.545436876,5814.545436876,16099,22538600,0.000000
3250,32.500044,5814.555409681,5814.555409681,16104,22545600,0.000000
3251,32.510072,5814.565437114,5814.565437114,16109,22552600,0.000000
3252,32.520065,5814.575430026,5814.575430026,16114,22559600,0.000000
3253,32.530065,5814.585430141,5814.585430141,16119,22566600,0.000000
3254,32.540069,5814.595434139,5814.595434139,16124,22573600,0.000000
3255,32.550074,5814.605439574,5814.605439574,16129,22580600,0.000000
3256,32.560072,5814.615437455,5814.615437455,16134,22587600,0.000000
3257,32.570070,5814.625435350,5814.625435350,16139,22594600,0.000000
3258,32.580067,5814.635432295,5814.635432295,16144,22601600,0.000000
3259,32.590066,5814.645431530,5814.645431530,16149,22608600,0.000000
3260,32.600066,5814.655431048,5814.655431048,16154,22615600,0.000000
3261,32.610009,5814.665374511,5814.665374511,16159,22622600,0.000000
3262,32.620073,5814.675438252,5814.675438252,16164,22629600,0.000000
3263,32.630061,5814.685426191,5814.685426191,16169,22636600,0.000000
3264,32.640065,5814.695429841,5814.695429841,16174,22643600,0.000000
3265,32.650064,5814.705429405,5814.705429405,16179,22650600,0.000000
3266,32.660063,5814.715428225,5814.715428225,16184,22657600,0.000000
3267,32.670061,5814.725426599,5814.725426599,16189,22664600,0.000000
3268,32.680061,5814.735426035,5814.735426035,16194,22671600,0.000000
3269,32.690065,5814.745430002,5814.745430002,16199,22678600,0.000000
3270,32.700005,5814.755370486,5814.755370486,16204,22685600,0.000000
3271,32.710030,5814.765395740,5814.765395740,16208,22691200,0.000000
3272,32.720066,5814.775430832,5814.775430832,16213,22698200,0.000000
3273,32.730064,5814.785429407,5814.785429407,16218,22705200,0.000000
3274,32.740071,5814.795435907,5814.795435907,16223,22712200,0.000000
3275,32.750082,5814.805447558,5814.805447558,16228,22719200,0.000000
3276,32.760066,5814.815431545,5814.815431545,16233,22726200,0.000000
3277,32.770065,5814.825430279,5814.825430279,16238,22733200,0.000000
3278,32.780068,5814.835433009,5814.835433009,16243,22740200,0.000000
3279,32.790016,5814.845381115,5814.845381115,16248,22747200,0.000000
3280,32.800069,5814.855434723,5814.855434723,16253,22754200,0.000000
3281,32.810092,5814.865457385,5814.865457385,16258,22761200,0.000000
3282,32.820065,5814.875430498,5814.875430498,16263,22768200,0.000000
3283,32.830094,5814.885458978,5814.885458978,16268,22775200,0.000000
3284,32.840066,5814.895430986,5814.895430986,16273,22782200,0.000000
3285,32.850064,5814.905429081,5814.905429081,16278,22789200,0.000000
3286,32.860065,5814.915430586,5814.915430586,16283,22796200,0.000000
3287,32.870073,5814.925437995,5814.925437995,16288,22803200,0.000000
3288,32.880064,5814.935428914,5814.935428914,16293,22810200,0.000000
3289,32.890063,5814.945428687,5814.945428687,16298,22817200,0.000000
3290,32.900074,5814.955439758,5814.955439758,16303,22824200,0.000000
3291,32.910058,5814.965422829,5814.965422829,16308,22831200,0.000000
3292,32.920038,5814.975403244,5814.975403244,16313,22838200,0.000000
3293,32.930099,5814.985464488,5814.985464488,16318,22845200,0.000000
3294,32.940069,5814.995434240,5814.995434240,16322,22850800,0.000000
3295,32.950075,5815.005439850,5815.005439850,16327,22857800,0.000000
3296,32.960066,5815.015431216,5815.015431216,16332,22864800,0.000000
3297,32.970069,5815.025434236,5815.025434236,16337,22871800,0.000000
3298,32.980064,5815.035429803,5815.035429803,16342,22878800,0.000000
3299,32.990080,5815.045445306,5815.045445306,16347,22885800,0.000000
3300,33.000065,5815.055430620,5815.055430620,16352,22892800,0.000000
3301,33.010069,5815.065433898,5815.065433898,16357,22899800,0.000000
3302,33.020074,5815.075439532,5815.075439532,16362,22906800,0.000000
3303,33.030060,5815.085425671,5815.085425671,16367,22913800,0.000000
3304,33.040071,5815.095436208,5815.095436208,16372,22920800,0.000000
3305,33.050068,5815.105433488,5815.105433488,16377,22927800,0.000000
3306,33.060068,5815.115433547,5815.115433547,16382,22934800,0.000000
3307,33.070066,5815.125431761,5815.125431761,16387,22941800,0.000000
3308,33.080075,5815.135439954,5815.135439954,16392,22948800,0.000000
3309,33.090073,5815.145438164,5815.145438164,16397,22955800,0.000000
3310,33.100068,5815.155433437,5815.155433437,16402,22962800,0.000000
3311,33.110082,5815.165447090,5815.165447090,16407,22969800,0.000000
3312,33.120059,5815.175424575,5815.175424575,16412,22976800,0.000000
3313,33.130063,5815.185428015,5815.185428015,16417,22983800,0.000000
3314,33.140063,5815.195428191,5815.195428191,16422,22990800,0.000000
3315,33.150057,5815.205422059,5815.205422059,16427,22997800,0.000000
3316,33.160071,5815.215436117,5815.215436117,16431,23003400,0.000000
3317,33.170084,5815.225449781,5815.225449781,16436,23010400,0.000000
3318,33.180092,5815.235457420,5815.235457420,16441,23017400,0.000000
3319,33.190089,5815.245454281,5815.245454281,16446,23024400,0.000000
3320,33.200070,5815.255435016,5815.255435016,16451,23031400,0.000000
3321,33.210070,5815.265435207,5815.265435207,16456,23038400,0.000000
3322,33.220070,5815.275435491,5815.275435491,16461,23045400,0.000000
3323,33.230071,5815.285436050,5815.285436050,16466,23052400,0.000000
3324,33.240062,5815.295426984,5815.295426984,16471,23059400,0.000000
3325,33.250085,5815.305450174,5815.305450174,16476,23066400,0.000000
3326,33.260062,5815.315427011,5815.315427011,16481,23073400,0.000000
3327,33.270064,5815.325429022,5815.325429022,16486,23080400,0.000000
3328,33.280074,5815.335439774,5815.335439774,16491,23087400,0.000000
3329,33.290067,5815.345432760,5815.345432760,16496,23094400,0.000000
3330,33.300079,5815.355444129,5815.355444129,16501,23101400,0.000000
3331,33.310060,5815.365425183,5815.365425183,16506,23108400,0.000000
3332,33.320063,5815.375427905,5815.375427905,16511,23115400,0.000000
3333,33.330062,5815.385427619,5815.385427619,16516,23122400,0.000000
3334,33.340032,5815.395397684,5815.395397684,16521,23129400,0.000000
3335,33.350067,5815.405432736,5815.405432736,16526,23136400,0.000000
3336,33.360043,5815.415408061,5815.415408061,16531,23143400,0.000000
3337,33.370062,5815.425427802,5815.425427802,16536,23150400,0.000000
3338,33.380080,5815.435445111,5815.435445111,16541,23157400,0.000000
3339,33.390069,5815.445434113,5815.445434113,16545,23163000,0.000000
3340,33.400070,5815.455435298,5815.455435298,16550,23170000,0.000000
3341,33.410070,5815.465435559,5815.465435559,16555,23177000,0.000000
3342,33.420073,5815.475438603,5815.475438603,16560,23184000,0.000000
3343,33.430066,5815.485431353,5815.485431353,16565,23191000,0.000000
3344,33.440064,5815.495428915,5815.495428915,16570,23198000,0.000000
3345,33.450064,5815.505429584,5815.505429584,16575,23205000,0.000000
3346,33.460066,5815.515431714,5815.515431714,16580,23212000,0.000000
3347,33.470066,5815.525431225,5815.525431225,16585,23219000,0.000000
3348,33.480066,5815.535431479,5815.535431479,16590,23226000,0.000000
3349,33.490063,5815.545428754,5815.545428754,16595,23233000,0.000000
3350,33.500068,5815.555432857,5815.555432857,16600,23240000,0.000000
3351,33.510070,5815.565435674,5815.565435674,16605,23247000,0.000000
3352,33.520066,5815.575431180,5815.575431180,16610,23254000,0.000000
3353,33.530068,5815.585433293,5815.585433293,16615,23261000,0.000000
3354,33.540064,5815.595428930,5815.595428930,16620,23268000,0.000000
3355,33.550064,5815.605429134,5815.605429134,16625,23275000,0.000000
3356,33.560064,5815.615429269,5815.615429269,16630,23282000,0.000000
3357,33.570061,5815.625426798,5815.625426798,16635,23289000,0.000000
3358,33.580011,5815.635376358,5815.635376358,16640,23296000,0.000000
3359,33.590059,5815.645424479,5815.645424479,16645,23303000,0.000000
3360,33.600077,5815.655441850,5815.655441850,16650,23310000,0.000000
3361,33.610069,5815.665434164,5815.665434164,16654,23315600,0.000000
3362,33.620041,5815.675406604,5815.675406604,16659,23322600,0.000000
3363,33.630067,5815.685432621,5815.685432621,16664,23329600,0.000000
3364,33.640093,5815.695458239,5815.695458239,16669,23336600,0.000000
3365,33.650063,5815.705428203,5815.705428203,16674,23343600,0.000000
3366,33.660068,5815.715433489,5815.715433489,16679,23350600,0.000000
3367,33.670068,5815.725432959,5815.725432959,16684,23357600,0.000000
3368,33.680071,5815.735436633,5815.735436633,16689,23364600,0.000000
3369,33.690073,5815.745437992,5815.745437992,16694,23371600,0.000000
3370,33.700068,5815.755433779,5815.755433779,16699,23378600,0.000000
3371,33.710083,5815.765448724,5815.765448724,16704,23385600,0.000000
3372,33.720065,5815.775430377,5815.775430377,16709,23392600,0.000000
3373,33.730071,5815.785436512,5815.785436512,16714,23399600,0.000000
3374,33.740062,5815.795427294,5815.795427294,16719,23406600,0.000000
3375,33.750062,5815.805427072,5815.805427072,16724,23413600,0.000000
3376,33.760062,5815.815427498,5815.815427498,16729,23420600,0.000000
3377,33.770062,5815.825426973,5815.825426973,16734,23427600,0.000000
3378,33.780064,5815.835429239,5815.835429239,16739,23434600,0.000000
3379,33.790061,5815.845426667,5815.845426667,16744,23441600,0.000000
3380,33.800058,5815.855423159,5815.855423159,16749,23448600,0.000000
3381,33.810057,5815.865422654,5815.865422654,16754,23455600,0.000000
3382,33.820040,5815.875404868,5815.875404868,16759,23462600,0.000000
3383,33.830073,5815.885437964,5815.885437964,16764,23469600,0.000000
3384,33.840064,5815.895429392,5815.895429392,16768,23475200,0.000000
3385,33.850068,5815.905433206,5815.905433206,16773,23482200,0.000000
3386,33.860066,5815.915431104,5815.915431104,16778,23489200,0.000000
3387,33.870060,5815.925425713,5815.925425713,16783,23496200,0.000000
3388,33.880063,5815.935428099,5815.935428099,16788,23503200,0.000000
3389,33.890064,5815.945428895,5815.945428895,16793,23510200,0.000000
3390,33.900061,5815.955426662,5815.955426662,16798,23517200,0.000000
3391,33.910069,5815.965434489,5815.965434489,16803,23524200,0.000000
3392,33.920067,5815.975432766,5815.975432766,16808,23531200,0.000000
3393,33.930064,5815.985428985,5815.985428985,16813,23538200,0.000000
3394,33.940068,5815.995433448,5815.995433448,16818,23545200,0.000000
3395,33.950075,5816.005440095,5816.005440095,16823,23552200,0.000000
3396,33.960064,5816.015429825,5816.015429825,16828,23559200,0.000000
3397,33.970066,5816.025431004,5816.025431004,16833,23566200,0.000000
3398,33.980079,5816.035444233,5816.035444233,16838,23573200,0.000000
3399,33.990066,5816.045431362,5816.045431362,16843,23580200,0.000000
3400,34.000034,5816.055399323,5816.055399323,16848,23587200,0.000000
3401,34.010023,5816.065388694,5816.065388694,16853,23594200,0.000000
3402,34.020063,5816.075428344,5816.075428344,16858,23601200,0.000000
3403,34.030039,5816.085404286,5816.085404286,16863,23608200,0.000000
3404,34.040010,5816.095375218,5816.095375218,16868,23615200,0.000000
3405,34.050082,5816.105447765,5816.105447765,16873,23622200,0.000000
3406,34.060066,5816.115431780,5816.115431780,16877,23627800,0.000000
3407,34.070069,5816.125434076,5816.125434076,16882,23634800,0.000000
3408,34.080075,5816.135440121,5816.135440121,16887,23641800,0.000000
3409,34.090065,5816.145430084,5816.145430084,16892,23648800,0.000000
3410,34.100064,5816.155429690,5816.155429690,16897,23655800,0.000000
3411,34.110059,5816.165424613,5816.165424613,16902,23662800,0.000000
3412,34.120081,5816.175445994,5816.175445994,16907,23669800,0.000000
3413,34.130066,5816.185431717,5816.185431717,16912,23676800,0.000000
3414,34.140078,5816.195443474,5816.195443474,16917,23683800,0.000000
3415,34.150059,5816.205424191,5816.205424191,16922,23690800,0.000000
3416,34.160063,5816.215428796,5816.215428796,16927,23697800,0.000000
3417,34.170063,5816.225428000,5816.225428000,16932,23704800,0.000000
3418,34.180034,5816.235398923,5816.235398923,16937,23711800,0.000000
3419,34.190062,5816.245427315,5816.245427315,16942,23718800,0.000000
3420,34.200064,5816.255429006,5816.255429006,16947,23725800,0.000000
3421,34.210045,5816.265410782,5816.265410782,16952,23732800,0.000000
3422,34.220064,5816.275429281,5816.275429281,16957,23739800,0.000000
3423,34.230065,5816.285430700,5816.285430700,16962,23746800,0.000000
3424,34.240064,5816.295429453,5816.295429453,16967,23753800,0.000000
3425,34.250030,5816.305395552,5816.305395552,16972,23760800,0.000000
3426,34.260063,5816.315427897,5816.315427897,16977,23767800,0.000000
3427,34.270059,5816.325424286,5816.325424286,16982,23774800,0.000000
3428,34.280076,5816.335441311,5816.335441311,16986,23780400,0.002018
3429,34.290054,5816.345419392,5816.345419392,16991,23787400,0.000000
3430,34.300071,5816.355436485,5816.355436485,16996,23794400,0.000000
3431,34.310068,5816.365433264,5816.365433264,17001,23801400,0.000000
3432,34.320062,5816.375427002,5816.375427002,17006,23808400,0.000000
3433,34.330068,5816.385433808,5816.385433808,17011,23815400,0.000000
3434,34.340085,5816.395450225,5816.395450225,17016,23822400,0.000000
3435,34.350070,5816.405435019,5816.405435019,17021,23829400,0.000000
3436,34.360070,5816.415435333,5816.415435333,17026,23836400,0.000000
3437,34.370070,5816.425435087,5816.425435087,17031,23843400,0.000000
3438,34.380030,5816.435395571,5816.435395571,17036,23850400,0.000000
3439,34.390041,5816.445406137,5816.445406137,17041,23857400,0.000000
3440,34.400068,5816.455432940,5816.455432940,17046,23864400,0.000000
3441,34.410069,5816.465434654,5816.465434654,17051,23871400,0.000000
3442,34.420057,5816.475422755,5816.475422755,17056,23878400,0.000000
3443,34.430069,5816.485434615,5816.485434615,17061,23885400,0.000000
3444,34.440060,5816.495425816,5816.495425816,17066,23892400,0.000000
3445,34.450065,5816.505430322,5816.505430322,17071,23899400,0.000000
3446,34.460049,5816.515414002,5816.515414002,17076,23906400,0.000000
3447,34.470063,5816.525428229,5816.525428229,17081,23913400,0.000000
3448,34.480042,5816.535407484,5816.535407484,17086,23920400,0.000000
3449,34.490063,5816.545428140,5816.545428140,17091,23927400,0.000000
3450,34.500080,5816.555445266,5816.555445266,17096,23934400,0.000000
3451,34.510073,5816.565437942,5816.565437942,17100,23940000,0.000000
3452,34.520073,5816.575438287,5816.575438287,17105,23947000,0.000000
3453,34.530086,5816.585451393,5816.585451393,17110,23954000,0.000000
3454,34.540068,5816.595433660,5816.595433660,17115,23961000,0.000000
3455,34.550066,5816.605431190,5816.605431190,17120,23968000,0.000000
3456,34.560064,5816.615429786,5816.615429786,17125,23975000,0.000000
3457,34.570067,5816.625432452,5816.625432452,17130,23982000,0.000000
3458,34.580068,5816.635432981,5816.635432981,17135,23989000,0.000000
3459,34.590066,5816.645431537,5816.645431537,17140,23996000,0.000000
3460,34.600059,5816.655424026,5816.655424026,17145,24003000,0.000000
3461,34.610064,5816.665429362,5816.665429362,17150,24010000,0.000000
3462,34.620066,5816.675431549,5816.675431549,17155,24017000,0.000000
3463,34.630072,5816.685437159,5816.685437159,17160,24024000,0.000000
3464,34.640072,5816.695437067,5816.695437067,17165,24031000,0.000000
3465,34.650057,5816.705422358,5816.705422358,17170,24038000,0.000000
3466,34.660074,5816.715439251,5816.715439251,17175,24045000,0.000000
3467,34.670063,5816.725428257,5816.725428257,17180,24052000,0.000000
3468,34.680066,5816.735431813,5816.735431813,17185,24059000,0.000000
3469,34.690058,5816.745422854,5816.745422854,17190,24066000,0.000000
3470,34.700024,5816.755389310,5816.755389310,17195,24073000,0.000000
3471,34.710061,5816.765426655,5816.765426655,17200,24080000,0.000000
3472,34.720072,5816.775437804,5816.775437804,17205,24087000,0.000000
3473,34.730066,5816.785431157,5816.785431157,17209,24092600,0.000000
3474,34.740072,5816.795437487,5816.795437487,17214,24099600,0.000000
3475,34.750072,5816.805437643,5816.805437643,17219,24106600,0.000000
3476,34.760067,5816.815431962,5816.815431962,17224,24113600,0.000000
3477,34.770064,5816.825429426,5816.825429426,17229,24120600,0.000000
3478,34.780066,5816.835431663,5816.835431663,17234,24127600,0.000000
3479,34.790069,5816.845433958,5816.845433958,17239,24134600,0.000000
3480,34.800066,5816.855431677,5816.855431677,17244,24141600,0.000000
3481,34.810063,5816.865428667,5816.865428667,17249,24148600,0.000000
3482,34.820063,5816.875428377,5816.875428377,17254,24155600,0.000000
3483,34.830070,5816.885435241,5816.885435241,17259,24162600,0.000000
3484,34.840065,5816.895430350,5816.895430350,17264,24169600,0.000000
3485,34.850070,5816.905435420,5816.905435420,17269,24176600,0.000000
3486,34.860073,5816.915438558,5816.915438558,17274,24183600,0.000000
3487,34.870065,5816.925430494,5816.925430494,17279,24190600,0.000000
3488,34.880066,5816.935431622,5816.935431622,17284,24197600,0.000000
3489,34.890066,5816.945431382,5816.945431382,17289,24204600,0.000000
3490,34.900063,5816.955428031,5816.955428031,17294,24211600,0.000000
3491,34.910062,5816.965427313,5816.965427313,17299,24218600,0.000000
3492,34.920066,5816.975431627,5816.975431627,17304,24225600,0.000000
3493,34.930066,5816.985431187,5816.985431187,17309,24232600,0.000000
3494,34.940046,5816.995411105,5816.995411105,17314,24239600,0.000000
3495,34.950082,5817.005446951,5817.005446951,17319,24246600,0.000000
3496,34.960069,5817.015434040,5817.015434040,17323,24252200,0.000000
3497,34.970072,5817.025437128,5817.025437128,17328,24259200,0.000000
3498,34.980067,5817.035432380,5817.035432380,17333,24266200,0.000000
3499,34.990071,5817.045436091,5817.045436091,17338,24273200,0.000000
3500,35.000067,5817.055432239,5817.055432239,17343,24280200,0.000000
3501,35.010066,5817.065431547,5817.065431547,17348,24287200,0.000000
3502,35.020068,5817.075433291,5817.075433291,17353,24294200,0.000000
3503,35.030070,5817.085435692,5817.085435692,17358,24301200,0.000000
3504,35.040066,5817.095431609,5817.095431609,17363,24308200,0.000000
3505,35.050066,5817.105430964,5817.105430964,17368,24315200,0.000000
3506,35.060066,5817.115430994,5817.115430994,17373,24322200,0.000000
3507,35.070065,5817.125430762,5817.125430762,17378,24329200,0.000000
3508,35.080075,5817.135440442,5817.135440442,17383,24336200,0.000000
3509,35.090058,5817.145423428,5817.145423428,17388,24343200,0.000000
3510,35.100067,5817.155432821,5817.155432821,17393,24350200,0.000000
3511,35.110067,5817.165431889,5817.165431889,17398,24357200,0.000000
3512,35.120069,5817.175434247,5817.175434247,17403,24364200,0.000000
3513,35.130069,5817.185433857,5817.185433857,17408,24371200,0.000000
3514,35.140058,5817.195422987,5817.195422987,17413,24378200,0.000000
3515,35.150026,5817.205391303,5817.205391303,17418,24385200,0.000000
3516,35.160004,5817.215369740,5817.215369740,17423,24392200,0.000000
3517,35.170083,5817.225448046,5817.225448046,17428,24399200,0.000000
3518,35.180066,5817.235431199,5817.235431199,17432,24404800,0.000000
3519,35.190067,5817.245432118,5817.245432118,17437,24411800,0.000000
3520,35.200065,5817.255430355,5817.255430355,17442,24418800,0.000000
3521,35.210064,5817.265429330,5817.265429330,17447,24425800,0.000000
3522,35.220063,5817.275428498,5817.275428498,17452,24432800,0.000000
3523,35.230064,5817.285429391,5817.285429391,17457,24439800,0.000000
3524,35.240066,5817.295431168,5817.295431168,17462,24446800,0.000000
3525,35.250065,5817.305430287,5817.305430287,17467,24453800,0.000000
3526,35.260060,5817.315425646,5817.315425646,17472,24460800,0.000000
3527,35.270063,5817.325428067,5817.325428067,17477,24467800,0.000000
3528,35.280064,5817.335429058,5817.335429058,17482,24474800,0.000000
3529,35.290067,5817.345432725,5817.345432725,17487,24481800,0.000000
3530,35.300065,5817.355430095,5817.355430095,17492,24488800,0.000000
3531,35.310065,5817.365429860,5817.365429860,17497,24495800,0.000000
3532,35.320066,5817.375431314,5817.375431314,17502,24502800,0.000000
3533,35.330066,5817.385431168,5817.385431168,17507,24509800,0.000000
3534,35.340064,5817.395429359,5817.395429359,17512,24516800,0.000000
3535,35.350063,5817.405428776,5817.405428776,17517,24523800,0.000000
3536,35.360058,5817.415423630,5817.415423630,17522,24530800,0.000000
3537,35.370058,5817.425423206,5817.425423206,17527,24537800,0.000000
3538,35.380062,5817.435427270,5817.435427270,17532,24544800,0.000000
3539,35.390059,5817.445424229,5817.445424229,17537,24551800,0.000000
3540,35.400072,5817.455437148,5817.455437148,17541,24557400,0.000000
3541,35.410073,5817.465438176,5817.465438176,17546,24564400,0.000000
3542,35.420065,5817.475430052,5817.475430052,17551,24571400,0.000000
3543,35.430067,5817.485432158,5817.485432158,17556,24578400,0.000000
3544,35.440044,5817.495408931,5817.495408931,17561,24585400,0.000000
3545,35.450074,5817.505439077,5817.505439077,17566,24592400,0.000000
3546,35.460068,5817.515432859,5817.515432859,17571,24599400,0.000000
3547,35.470063,5817.525428520,5817.525428520,17576,24606400,0.000000
3548,35.480065,5817.535429958,5817.535429958,17581,24613400,0.000000
3549,35.490066,5817.545431093,5817.545431093,17586,24620400,0.000000
3550,35.500067,5817.555432562,5817.555432562,17591,24627400,0.000000
3551,35.510065,5817.565430446,5817.565430446,17596,24634400,0.000000
3552,35.520067,5817.575432445,5817.575432445,17601,24641400,0.000000
3553,35.530065,5817.585430098,5817.585430098,17606,24648400,0.000000
3554,35.540027,5817.595392756,5817.595392756,17611,24655400,0.000000
3555,35.550063,5817.605428178,5817.605428178,17616,24662400,0.000000
3556,35.560063,5817.615427978,5817.615427978,17621,24669400,0.000000
3557,35.570063,5817.625428567,5817.625428567,17626,24676400,0.000000
3558,35.580063,5817.635428033,5817.635428033,17631,24683400,0.000000
3559,35.590069,5817.645433885,5817.645433885,17636,24690400,0.000000
3560,35.600042,5817.655407583,5817.655407583,17641,24697400,0.000000
3561,35.610024,5817.665389382,5817.665389382,17646,24704400,0.000000
3562,35.620078,5817.675443212,5817.675443212,17651,24711400,0.000000
3563,35.630065,5817.685430732,5817.685430732,17655,24717000,0.000000
3564,35.640068,5817.695433482,5817.695433482,17660,24724000,0.000000
3565,35.650065,5817.705430360,5817.705430360,17665,24731000,0.000000
3566,35.660064,5817.715429464,5817.715429464,17670,24738000,0.000000
3567,35.670064,5817.725429798,5817.725429798,17675,24745000,0.000000
3568,35.680063,5817.735428821,5817.735428821,17680,24752000,0.000000
3569,35.690088,5817.745452888,5817.745452888,17685,24759000,0.000000
3570,35.700065,5817.755429912,5817.755429912,17690,24766000,0.000000
3571,35.710067,5817.765431835,5817.765431835,17695,24773000,0.000000
3572,35.720065,5817.775430613,5817.775430613,17700,24780000,0.000000
3573,35.730068,5817.785433173,5817.785433173,17705,24787000,0.000000
3574,35.740067,5817.795432631,5817.795432631,17710,24794000,0.000000
3575,35.750068,5817.805433693,5817.805433693,17715,24801000,0.000000
3576,35.760067,5817.815431920,5817.815431920,17720,24808000,0.000000
3577,35.770072,5817.825437490,5817.825437490,17725,24815000,0.000000
3578,35.780068,5817.835433455,5817.835433455,17730,24822000,0.000000
3579,35.790066,5817.845431233,5817.845431233,17735,24829000,0.000000
3580,35.800062,5817.855427465,5817.855427465,17740,24836000,0.000000
3581,35.810062,5817.865426874,5817.865426874,17745,24843000,0.000000
3582,35.820013,5817.875378622,5817.875378622,17750,24850000,0.000000
3583,35.830062,5817.885427271,5817.885427271,17755,24857000,0.000000
3584,35.840080,5817.895445754,5817.895445754,17760,24864000,0.000000
3585,35.850069,5817.905434310,5817.905434310,17764,24869600,0.000000
3586,35.860062,5817.915427810,5817.915427810,17769,24876600,0.000000
3587,35.870066,5817.925431552,5817.925431552,17774,24883600,0.000000
3588,35.880067,5817.935432262,5817.935432262,17779,24890600,0.000000
3589,35.890068,5817.945432830,5817.945432830,17784,24897600,0.000000
3590,35.900069,5817.955434083,5817.955434083,17789,24904600,0.000000
3591,35.910066,5817.965431069,5817.965431069,17794,24911600,0.000000
3592,35.920064,5817.975429054,5817.975429054,17799,24918600,0.000000
3593,35.930063,5817.985428567,5817.985428567,17804,24925600,0.000000
3594,35.940067,5817.995432503,5817.995432503,17809,24932600,0.000000
3595,35.950064,5818.005428859,5818.005428859,17814,24939600,0.000000
3596,35.960066,5818.015431023,5818.015431023,17819,24946600,0.000000
3597,35.970066,5818.025431474,5818.025431474,17824,24953600,0.000000
3598,35.980065,5818.035430054,5818.035430054,17829,24960600,0.000000
3599,35.990061,5818.045425972,5818.045425972,17834,24967600,0.000000
3600,36.000041,5818.055405942,5818.055405942,17839,24974600,0.000000
3601,36.010081,5818.065446783,5818.065446783,17844,24981600,0.000000
3602,36.020063,5818.075428105,5818.075428105,17849,24988600,0.000000
3603,36.030063,5818.085428696,5818.085428696,17854,24995600,0.000000
3604,36.040063,5818.095428211,5818.095428211,17859,25002600,0.000000
3605,36.050062,5818.105427627,5818.105427627,17864,25009600,0.000000
3606,36.060040,5818.115405695,5818.115405695,17869,25016600,0.000000
3607,36.070078,5818.125443240,5818.125443240,17874,25023600,0.000000
3608,36.080066,5818.135431013,5818.135431013,17878,25029200,0.000000
3609,36.090067,5818.145432363,5818.145432363,17883,25036200,0.000000
3610,36.100056,5818.155421166,5818.155421166,17888,25043200,0.000000
3611,36.110068,5818.165433563,5818.165433563,17893,25050200,0.000000
3612,36.120068,5818.175433664,5818.175433664,17898,25057200,0.000000
3613,36.130066,5818.185431528,5818.185431528,17903,25064200,0.000000
3614,36.140065,5818.195430178,5818.195430178,17908,25071200,0.000000
3615,36.150077,5818.205442159,5818.205442159,17913,25078200,0.000000
3616,36.160072,5818.215437298,5818.215437298,17918,25085200,0.000000
3617,36.170064,5818.225429710,5818.225429710,17923,25092200,0.000000
3618,36.180065,5818.235430631,5818.235430631,17928,25099200,0.000000
3619,36.190063,5818.245428649,5818.245428649,17933,25106200,0.000000
3620,36.200064,5818.255429163,5818.255429163,17938,25113200,0.000000
3621,36.210060,5818.265425437,5818.265425437,17943,25120200,0.000000
3622,36.220066,5818.275430854,5818.275430854,17948,25127200,0.000000
3623,36.230064,5818.285429288,5818.285429288,17953,25134200,0.000000
3624,36.240071,5818.295436468,5818.295436468,17958,25141200,0.000000
3625,36.250046,5818.305411746,5818.305411746,17963,25148200,0.000000
3626,36.260062,5818.315426971,5818.315426971,17968,25155200,0.000000
3627,36.270028,5818.325393815,5818.325393815,17973,25162200,0.000000
3628,36.280061,5818.335426710,5818.335426710,17978,25169200,0.000000
3629,36.290089,5818.345454289,5818.345454289,17983,25176200,0.000000
3630,36.300068,5818.355433553,5818.355433553,17987,25181800,0.000000
3631,36.310077,5818.365441877,5818.365441877,17992,25188800,0.000000
3632,36.320074,5818.375439017,5818.375439017,17997,25195800,0.000000
3633,36.330066,5818.385430838,5818.385430838,18002,25202800,0.000000
3634,36.340065,5818.395430274,5818.395430274,18007,25209800,0.000000
3635,36.350066,5818.405431263,5818.405431263,18012,25216800,0.000000
3636,36.360069,5818.415434790,5818.415434790,18017,25223800,0.000000
3637,36.370063,5818.425428469,5818.425428469,18022,25230800,0.000000
3638,36.380061,5818.435426614,5818.435426614,18027,25237800,0.000000
3639,36.390103,5818.445468480,5818.445468480,18032,25244800,0.000000
3640,36.400065,5818.455430723,5818.455430723,18037,25251800,0.000000
3641,36.410072,5818.465437301,5818.465437301,18042,25258800,0.000000
3642,36.420077,5818.475442168,5818.475442168,18047,25265800,0.000000
3643,36.430076,5818.485441350,5818.485441350,18052,25272800,0.000000
3644,36.440064,5818.495429755,5818.495429755,18057,25279800,0.000000
3645,36.450065,5818.505430794,5818.505430794,18062,25286800,0.000000
3646,36.460064,5818.515429255,5818.515429255,18067,25293800,0.000000
3647,36.470062,5818.525427824,5818.525427824,18072,25300800,0.000000
3648,36.480066,5818.535431151,5818.535431151,18077,25307800,0.000000
3649,36.490062,5818.545426913,5818.545426913,18082,25314800,0.000000
3650,36.500062,5818.555427579,5818.555427579,18087,25321800,0.000000
3651,36.510057,5818.565422813,5818.565422813,18092,25328800,0.000000
3652,36.520072,5818.575437146,5818.575437146,18096,25334400,0.000000
3653,36.530063,5818.585428479,5818.585428479,18101,25341400,0.000000
3654,36.540071,5818.595436509,5818.595436509,18106,25348400,0.000000
3655,36.550065,5818.605430675,5818.605430675,18111,25355400,0.000000
3656,36.560064,5818.615428934,5818.615428934,18116,25362400,0.000000
3657,36.570065,5818.625430072,5818.625430072,18121,25369400,0.000000
3658,36.580067,5818.635432684,5818.635432684,18126,25376400,0.000000
3659,36.590061,5818.645426724,5818.645426724,18131,25383400,0.000000
3660,36.600068,5818.655433463,5818.655433463,18136,25390400,0.000000
3661,36.610071,5818.665435969,5818.665435969,18141,25397400,0.000000
3662,36.620068,5818.675433625,5818.675433625,18146,25404400,0.000000
3663,36.630061,5818.685426543,5818.685426543,18151,25411400,0.000000
3664,36.640067,5818.695432003,5818.695432003,18156,25418400,0.000000
3665,36.650078,5818.705442899,5818.705442899,18161,25425400,0.000000
3666,36.660085,5818.715450121,5818.715450121,18166,25432400,0.000000
3667,36.670076,5818.725441063,5818.725441063,18171,25439400,0.000000
3668,36.680065,5818.735430056,5818.735430056,18176,25446400,0.000000
3669,36.690066,5818.745430972,5818.745430972,18181,25453400,0.000000
3670,36.700076,5818.755441331,5818.755441331,18186,25460400,0.000000
3671,36.710069,5818.765434221,5818.765434221,18191,25467400,0.000000
3672,36.720046,5818.775411806,5818.775411806,18196,25474400,0.000000
3673,36.730028,5818.785393688,5818.785393688,18201,25481400,0.000000
3674,36.740078,5818.795443602,5818.795443602,18206,25488400,0.000000
3675,36.750064,5818.805429540,5818.805429540,18210,25494000,0.000000
3676,36.760081,5818.815446697,5818.815446697,18215,25501000,0.000000
3677,36.770063,5818.825428111,5818.825428111,18220,25508000,0.000000
3678,36.780070,5818.835435624,5818.835435624,18225,25515000,0.000000
3679,36.790065,5818.845429955,5818.845429955,18230,25522000,0.000000
3680,36.800068,5818.855433692,5818.855433692,18235,25529000,0.000000
3681,36.810066,5818.865431388,5818.865431388,18240,25536000,0.000000
3682,36.820078,5818.875443195,5818.875443195,18245,25543000,0.000000
3683,36.830041,5818.885406050,5818.885406050,18250,25550000,0.000000
3684,36.840068,5818.895433114,5818.895433114,18255,25557000,0.000000
3685,36.850064,5818.905429189,5818.905429189,18260,25564000,0.000000
3686,36.860065,5818.915430132,5818.915430132,18265,25571000,0.000000
3687,36.870064,5818.925429393,5818.925429393,18270,25578000,0.000000
3688,36.880066,5818.935431750,5818.935431750,18275,25585000,0.000000
3689,36.890065,5818.945430386,5818.945430386,18280,25592000,0.000000
3690,36.900066,5818.955431504,5818.955431504,18285,25599000,0.000000
3691,36.910064,5818.965429392,5818.965429392,18290,25606000,0.000000
3692,36.920064,5818.975429580,5818.975429580,18295,25613000,0.000000
3693,36.930064,5818.985429160,5818.985429160,18300,25620000,0.000000
3694,36.940062,5818.995427728,5818.995427728,18305,25627000,0.000000
3695,36.950066,5819.005431034,5819.005431034,18310,25634000,0.000000
3696,36.960077,5819.015442050,5819.015442050,18315,25641000,0.000000
3697,36.970069,5819.025434115,5819.025434115,18319,25646600,0.000000
3698,36.980066,5819.035431615,5819.035431615,18324,25653600,0.000000
3699,36.990071,5819.045435836,5819.045435836,18329,25660600,0.000000
3700,37.000069,5819.055434257,5819.055434257,18334,25667600,0.000000
3701,37.010066,5819.065430920,5819.065430920,18339,25674600,0.000000
3702,37.020070,5819.075435828,5819.075435828,18344,25681600,0.000000
3703,37.030066,5819.085431134,5819.085431134,18349,25688600,0.000000
3704,37.040068,5819.095433240,5819.095433240,18354,25695600,0.000000
3705,37.050073,5819.105438753,5819.105438753,18359,25702600,0.000000
3706,37.060066,5819.115431353,5819.115431353,18364,25709600,0.000000
3707,37.070078,5819.125442856,5819.125442856,18369,25716600,0.000000
3708,37.080064,5819.135429251,5819.135429251,18374,25723600,0.000000
3709,37.090070,5819.145434881,5819.145434881,18379,25730600,0.000000
3710,37.100071,5819.155435898,5819.155435898,18384,25737600,0.000000
3711,37.110064,5819.165429246,5819.165429246,18389,25744600,0.000000
3712,37.120026,5819.175391244,5819.175391244,18394,25751600,0.000000
3713,37.130067,5819.185432535,5819.185432535,18399,25758600,0.000000
3714,37.140064,5819.195429032,5819.195429032,18404,25765600,0.000000
3715,37.150063,5819.205428437,5819.205428437,18409,25772600,0.000000
3716,37.160061,5819.215426075,5819.215426075,18414,25779600,0.000000
3717,37.170068,5819.225433348,5819.225433348,18419,25786600,0.000000
3718,37.180051,5819.235416385,5819.235416385,18424,25793600,0.000000
3719,37.190075,5819.245439930,5819.245439930,18429,25800600,0.000000
3720,37.200064,5819.255429568,5819.255429568,18433,25806200,0.000000
3721,37.210066,5819.265431581,5819.265431581,18438,25813200,0.000000
3722,37.220066,5819.275430950,5819.275430950,18443,25820200,0.000000
3723,37.230078,5819.285443400,5819.285443400,18448,25827200,0.000000
3724,37.240063,5819.295428472,5819.295428472,18453,25834200,0.000000
3725,37.250064,5819.305428973,5819.305428973,18458,25841200,0.000000
3726,37.260067,5819.315432197,5819.315432197,18463,25848200,0.000000
3727,37.270070,5819.325435329,5819.325435329,18468,25855200,0.000000
3728,37.280049,5819.335414525,5819.335414525,18473,25862200,0.000000
3729,37.290073,5819.345438073,5819.345438073,18478,25869200,0.000000
3730,37.300068,5819.355432849,5819.355432849,18483,25876200,0.000000
3731,37.310074,5819.365439204,5819.365439204,18488,25883200,0.000000
3732,37.320066,5819.375431441,5819.375431441,18493,25890200,0.000000
3733,37.330063,5819.385428424,5819.385428424,18498,25897200,0.000000
3734,37.340063,5819.395428812,5819.395428812,18503,25904200,0.000000
3735,37.350069,5819.405434247,5819.405434247,18508,25911200,0.000000
3736,37.360063,5819.415428226,5819.415428226,18513,25918200,0.000000
3737,37.370069,5819.425434493,5819.425434493,18518,25925200,0.000000
3738,37.380063,5819.435428385,5819.435428385,18523,25932200,0.000000
3739,37.390032,5819.445397640,5819.445397640,18528,25939200,0.000000
3740,37.400007,5819.455372734,5819.455372734,18533,25946200,0.000000
3741,37.410085,5819.465450254,5819.465450254,18538,25953200,0.000000
3742,37.420062,5819.475427664,5819.475427664,18542,25958800,0.000000
3743,37.430067,5819.485432803,5819.485432803,18547,25965800,0.000000
3744,37.440067,5819.495431888,5819.495431888,18552,25972800,0.000000
3745,37.450072,5819.505437502,5819.505437502,18557,25979800,0.000000
3746,37.460068,5819.515433561,5819.515433561,18562,25986800,0.000000
3747,37.470065,5819.525430439,5819.525430439,18567,25993800,0.000000
3748,37.480065,5819.535429895,5819.535429895,18572,26000800,0.000000
3749,37.490061,5819.545426232,5819.545426232,18577,26007800,0.000000
3750,37.500062,5819.555427001,5819.555427001,18582,26014800,0.000000
3751,37.510076,5819.565441593,5819.565441593,18587,26021800,0.000000
3752,37.520065,5819.575430681,5819.575430681,18592,26028800,0.000000
3753,37.530064,5819.585429226,5819.585429226,18597,26035800,0.000000
3754,37.540063,5819.595428473,5819.595428473,18602,26042800,0.000000
3755,37.550074,5819.605439743,5819.605439743,18607,26049800,0.000000
3756,37.560064,5819.615429024,5819.615429024,18612,26056800,0.000000
3757,37.570059,5819.625424083,5819.625424083,18617,26063800,0.000000
3758,37.580069,5819.635434146,5819.635434146,18622,26070800,0.000000
3759,37.590064,5819.645429263,5819.645429263,18627,26077800,0.000000
3760,37.600067,5819.655432266,5819.655432266,18632,26084800,0.000000
3761,37.610067,5819.665432083,5819.665432083,18637,26091800,0.000000
3762,37.620058,5819.675423566,5819.675423566,18642,26098800,0.000000
3763,37.630072,5819.685437040,5819.685437040,18647,26105800,0.000000
3764,37.640072,5819.695437032,5819.695437032,18651,26111400,0.000000
3765,37.650069,5819.705434020,5819.705434020,18656,26118400,0.000000
3766,37.660068,5819.715432832,5819.715432832,18661,26125400,0.000000
3767,37.670071,5819.725436546,5819.725436546,18666,26132400,0.000000
3768,37.680066,5819.735431326,5819.735431326,18671,26139400,0.000000
3769,37.690067,5819.745432474,5819.745432474,18676,26146400,0.000000
3770,37.700063,5819.755427846,5819.755427846,18681,26153400,0.000000
3771,37.710061,5819.765426438,5819.765426438,18686,26160400,0.000000
3772,37.720061,5819.775426535,5819.775426535,18691,26167400,0.000000
3773,37.730065,5819.785430255,5819.785430255,18696,26174400,0.000000
3774,37.740065,5819.795430521,5819.795430521,18701,26181400,0.000000
3775,37.750066,5819.805431089,5819.805431089,18706,26188400,0.000000
3776,37.760067,5819.815432357,5819.815432357,18711,26195400,0.000000
3777,37.770066,5819.825431751,5819.825431751,18716,26202400,0.000000
3778,37.780064,5819.835429573,5819.835429573,18721,26209400,0.000000
3779,37.790064,5819.845428951,5819.845428951,18726,26216400,0.000000
3780,37.800063,5819.855427900,5819.855427900,18731,26223400,0.000000
3781,37.810062,5819.865427341,5819.865427341,18736,26230400,0.000000
3782,37.820062,5819.875427314,5819.875427314,18741,26237400,0.000000
3783,37.830059,5819.885424794,5819.885424794,18746,26244400,0.000000
3784,37.840072,5819.895436967,5819.895436967,18751,26251400,0.000000
3785,37.850031,5819.905395874,5819.905395874,18756,26258400,0.000000
3786,37.860074,5819.915439025,5819.915439025,18761,26265400,0.000000
3787,37.870064,5819.925428871,5819.925428871,18765,26271000,0.000000
3788,37.880078,5819.935443186,5819.935443186,18770,26278000,0.000000
3789,37.890065,5819.945430202,5819.945430202,18775,26285000,0.000000
3790,37.900065,5819.955430162,5819.955430162,18780,26292000,0.000000
3791,37.910065,5819.965430520,5819.965430520,18785,26299000,0.000000
3792,37.920069,5819.975434434,5819.975434434,18790,26306000,0.000000
3793,37.930058,5819.985423404,5819.985423404,18795,26313000,0.000000
3794,37.940068,5819.995433221,5819.995433221,18800,26320000,0.000000
3795,37.950090,5820.005455358,5820.005455358,18805,26327000,0.000000
3796,37.960066,5820.015431660,5820.015431660,18810,26334000,0.000000
3797,37.970071,5820.025435877,5820.025435877,18815,26341000,0.000000
3798,37.980023,5820.035388397,5820.035388397,18820,26348000,0.000000
3799,37.990066,5820.045431279,5820.045431279,18825,26355000,0.000000
3800,38.000066,5820.055431536,5820.055431536,18830,26362000,0.000000
3801,38.010062,5820.065427276,5820.065427276,18835,26369000,0.000000
3802,38.020066,5820.075431158,5820.075431158,18840,26376000,0.000000
3803,38.030061,5820.085426722,5820.085426722,18845,26383000,0.000000
3804,38.040064,5820.095429155,5820.095429155,18850,26390000,0.000000
3805,38.050057,5820.105422772,5820.105422772,18855,26397000,0.000000
3806,38.060061,5820.115426162,5820.115426162,18860,26404000,0.000000
3807,38.070061,5820.125426249,5820.125426249,18865,26411000,0.000000
3808,38.080068,5820.135432897,5820.135432897,18870,26418000,0.000000
3809,38.090080,5820.145445564,5820.145445564,18874,26423600,0.000000
3810,38.100062,5820.155427425,5820.155427425,18879,26430600,0.000000
3811,38.110062,5820.165427048,5820.165427048,18884,26437600,0.000000
3812,38.120065,5820.175430355,5820.175430355,18889,26444600,0.000000
3813,38.130068,5820.185433564,5820.185433564,18894,26451600,0.000000
3814,38.140069,5820.195434332,5820.195434332,18899,26458600,0.000000
3815,38.150065,5820.205430260,5820.205430260,18904,26465600,0.000000
3816,38.160061,5820.215425945,5820.215425945,18909,26472600,0.000000
3817,38.170062,5820.225427207,5820.225427207,18914,26479600,0.000000
3818,38.180086,5820.235451749,5820.235451749,18919,26486600,0.000000
3819,38.190063,5820.245428473,5820.245428473,18924,26493600,0.000000
3820,38.200066,5820.255431294,5820.255431294,18929,26500600,0.000000
3821,38.210063,5820.265428295,5820.265428295,18934,26507600,0.000000
3822,38.220096,5820.275461549,5820.275461549,18939,26514600,0.000000
3823,38.230088,5820.285453001,5820.285453001,18944,26521600,0.000000
3824,38.240067,5820.295432693,5820.295432693,18949,26528600,0.000000
3825,38.250069,5820.305434774,5820.305434774,18954,26535600,0.000000
3826,38.260059,5820.315424106,5820.315424106,18959,26542600,0.000000
3827,38.270062,5820.325427466,5820.325427466,18964,26549600,0.000000
3828,38.280064,5820.335429828,5820.335429828,18969,26556600,0.000000
3829,38.290058,5820.345422949,5820.345422949,18974,26563600,0.000000
3830,38.300045,5820.355410452,5820.355410452,18979,26570600,0.000000
3831,38.310076,5820.365441472,5820.365441472,18984,26577600,0.000000
3832,38.320068,5820.375433698,5820.375433698,18988,26583200,0.000000
3833,38.330064,5820.385429650,5820.385429650,18993,26590200,0.000000
3834,38.340063,5820.395428268,5820.395428268,18998,26597200,0.000000
3835,38.350059,5820.405424020,5820.405424020,19003,26604200,0.000000
3836,38.360066,5820.415431162,5820.415431162,19008,26611200,0.000000
3837,38.370065,5820.425430494,5820.425430494,19013,26618200,0.000000
3838,38.380032,5820.435397231,5820.435397231,19018,26625200,0.000000
3839,38.390064,5820.445429159,5820.445429159,19023,26632200,0.000000
3840,38.400066,5820.455431490,5820.455431490,19028,26639200,0.000000
3841,38.410066,5820.465431213,5820.465431213,19033,26646200,0.000000
3842,38.420059,5820.475424561,5820.475424561,19038,26653200,0.000000
3843,38.430065,5820.485430151,5820.485430151,19043,26660200,0.000000
3844,38.440024,5820.495389580,5820.495389580,19048,26667200,0.000000
3845,38.450067,5820.505432718,5820.505432718,19053,26674200,0.000000
3846,38.460068,5820.515433035,5820.515433035,19058,26681200,0.000000
3847,38.470066,5820.525431279,5820.525431279,19063,26688200,0.000000
3848,38.480063,5820.535428484,5820.535428484,19068,26695200,0.000000
3849,38.490062,5820.545426871,5820.545426871,19073,26702200,0.000000
3850,38.500062,5820.555427781,5820.555427781,19078,26709200,0.000000
3851,38.510038,5820.565402833,5820.565402833,19083,26716200,0.000000
3852,38.520012,5820.575377822,5820.575377822,19088,26723200,0.000000
3853,38.530093,5820.585458669,5820.585458669,19093,26730200,0.000000
3854,38.540067,5820.595432657,5820.595432657,19097,26735800,0.000000
3855,38.550065,5820.605430534,5820.605430534,19102,26742800,0.000000
3856,38.560067,5820.615431921,5820.615431921,19107,26749800,0.000000
3857,38.570066,5820.625430836,5820.625430836,19112,26756800,0.000000
3858,38.580065,5820.635430486,5820.635430486,19117,26763800,0.000000
3859,38.590059,5820.645424423,5820.645424423,19122,26770800,0.000000
3860,38.600086,5820.655450863,5820.655450863,19127,26777800,0.000000
3861,38.610062,5820.665427569,5820.665427569,19132,26784800,0.000000
3862,38.620072,5820.675437054,5820.675437054,19137,26791800,0.000000
3863,38.630065,5820.685429850,5820.685429850,19142,26798800,0.000000
3864,38.640063,5820.695428542,5820.695428542,19147,26805800,0.000000
3865,38.650064,5820.705429335,5820.705429335,19152,26812800,0.000000
3866,38.660039,5820.715404120,5820.715404120,19157,26819800,0.000000
3867,38.670072,5820.725437433,5820.725437433,19162,26826800,0.000000
3868,38.680062,5820.735427172,5820.735427172,19167,26833800,0.000000
3869,38.690064,5820.745429250,5820.745429250,19172,26840800,0.000000
3870,38.700064,5820.755428940,5820.755428940,19177,26847800,0.000000
3871,38.710064,5820.765429524,5820.765429524,19182,26854800,0.000000
3872,38.720060,5820.775425000,5820.775425000,19187,26861800,0.000000
3873,38.730019,5820.785384359,5820.785384359,19192,26868800,0.000000
3874,38.740118,5820.795483133,5820.795483133,19197,26875800,0.000000
3875,38.750057,5820.805422481,5820.805422481,19202,26882800,0.000000
3876,38.760067,5820.815432375,5820.815432375,19206,26888400,0.000000
3877,38.770066,5820.825431349,5820.825431349,19211,26895400,0.000000
3878,38.780070,5820.835435622,5820.835435622,19216,26902400,0.000000
3879,38.790065,5820.845430261,5820.845430261,19221,26909400,0.000000
3880,38.800068,5820.855433161,5820.855433161,19226,26916400,0.000000
3881,38.810064,5820.865429761,5820.865429761,19231,26923400,0.000000
3882,38.820064,5820.875429379,5820.875429379,19236,26930400,0.000000
3883,38.830065,5820.885430285,5820.885430285,19241,26937400,0.000000
3884,38.840063,5820.895427943,5820.895427943,19246,26944400,0.000000
3885,38.850065,5820.905430321,5820.905430321,19251,26951400,0.000000
3886,38.860060,5820.915425283,5820.915425283,19256,26958400,0.000000
3887,38.870068,5820.925433058,5820.925433058,19261,26965400,0.000000
3888,38.880066,5820.935431515,5820.935431515,19266,26972400,0.000000
3889,38.890065,5820.945430820,5820.945430820,19271,26979400,0.000000
3890,38.900028,5820.955392940,5820.955392940,19276,26986400,0.000000
3891,38.910071,5820.965436819,5820.965436819,19281,26993400,0.000000
3892,38.920066,5820.975430911,5820.975430911,19286,27000400,0.000000
3893,38.930063,5820.985427922,5820.985427922,19291,27007400,0.000000
3894,38.940063,5820.995428720,5820.995428720,19296,27014400,0.000000
3895,38.950070,5821.005435552,5821.005435552,19301,27021400,0.000000
3896,38.960045,5821.015410116,5821.015410116,19306,27028400,0.000000
3897,38.970018,5821.025382830,5821.025382830,19311,27035400,0.000000
3898,38.980077,5821.035442549,5821.035442549,19316,27042400,0.000000
3899,38.990064,5821.045429625,5821.045429625,19320,27048000,0.000000
3900,39.000068,5821.055433280,5821.055433280,19325,27055000,0.000000
3901,39.010065,5821.065430218,5821.065430218,19330,27062000,0.000000
3902,39.020063,5821.075428614,5821.075428614,19335,27069000,0.000000
3903,39.030064,5821.085429502,5821.085429502,19340,27076000,0.000000
3904,39.040065,5821.095430057,5821.095430057,19345,27083000,0.000000
3905,39.050064,5821.105429519,5821.105429519,19350,27090000,0.000000
3906,39.060038,5821.115403189,5821.115403189,19355,27097000,0.000000
3907,39.070062,5821.125427793,5821.125427793,19360,27104000,0.000000
3908,39.080031,5821.135396425,5821.135396425,19365,27111000,0.000000
3909,39.090076,5821.145441224,5821.145441224,19370,27118000,0.000000
3910,39.100066,5821.155431200,5821.155431200,19375,27125000,0.000000
3911,39.110066,5821.165431765,5821.165431765,19380,27132000,0.000000
3912,39.120067,5821.175432371,5821.175432371,19385,27139000,0.000000
3913,39.130059,5821.185423998,5821.185423998,19390,27146000,0.000000
3914,39.140061,5821.195425938,5821.195425938,19395,27153000,0.000000
3915,39.150063,5821.205428266,5821.205428266,19400,27160000,0.000000
3916,39.160063,5821.215428144,5821.215428144,19405,27167000,0.000000
3917,39.170062,5821.225427208,5821.225427208,19410,27174000,0.000000
3918,39.180058,5821.235423776,5821.235423776,19415,27181000,0.000000
3919,39.190057,5821.245422740,5821.245422740,19420,27188000,0.000000
3920,39.200074,5821.255439301,5821.255439301,19425,27195000,0.000000
3921,39.210071,5821.265436750,5821.265436750,19429,27200600,0.000000
3922,39.220041,5821.275406587,5821.275406587,19434,27207600,0.000000
3923,39.230064,5821.285429480,5821.285429480,19439,27214600,0.000000
3924,39.240065,5821.295430288,5821.295430288,19444,27221600,0.000000
3925,39.250072,5821.305436943,5821.305436943,19449,27228600,0.000000
3926,39.260070,5821.315435733,5821.315435733,19454,27235600,0.000000
3927,39.270065,5821.325430173,5821.325430173,19459,27242600,0.000000
3928,39.280071,5821.335436105,5821.335436105,19464,27249600,0.000000
3929,39.290072,5821.345437134,5821.345437134,19469,27256600,0.000000
3930,39.300064,5821.355429361,5821.355429361,19474,27263600,0.000000
3931,39.310067,5821.365432286,5821.365432286,19479,27270600,0.000000
3932,39.320066,5821.375430830,5821.375430830,19484,27277600,0.000000
3933,39.330066,5821.385431175,5821.385431175,19489,27284600,0.000000
3934,39.340065,5821.395430447,5821.395430447,19494,27291600,0.000000
3935,39.350064,5821.405428846,5821.405428846,19499,27298600,0.000000
3936,39.360069,5821.415433832,5821.415433832,19504,27305600,0.000000
3937,39.370067,5821.425431987,5821.425431987,19509,27312600,0.000000
3938,39.380063,5821.435428132,5821.435428132,19514,27319600,0.000000
3939,39.390063,5821.445427966,5821.445427966,19519,27326600,0.000000
3940,39.400062,5821.455427433,5821.455427433,19524,27333600,0.000000
3941,39.410066,5821.465431756,5821.465431756,19529,27340600,0.000000
3942,39.420038,5821.475403689,5821.475403689,19534,27347600,0.000000
3943,39.430072,5821.485437690,5821.485437690,19539,27354600,0.000000
3944,39.440066,5821.495430962,5821.495430962,19543,27360200,0.000000
3945,39.450069,5821.505434752,5821.505434752,19548,27367200,0.000000
3946,39.460066,5821.515431633,5821.515431633,19553,27374200,0.000000
3947,39.470064,5821.525428863,5821.525428863,19558,27381200,0.000000
3948,39.480070,5821.535435616,5821.535435616,19563,27388200,0.000000
3949,39.490065,5821.545430433,5821.545430433,19568,27395200,0.000000
3950,39.500061,5821.555426704,5821.555426704,19573,27402200,0.000000
3951,39.510019,5821.565384782,5821.565384782,19578,27409200,0.000000
3952,39.520067,5821.575432434,5821.575432434,19583,27416200,0.000000
3953,39.530078,5821.585443759,5821.585443759,19588,27423200,0.000000
3954,39.540061,5821.595425990,5821.595425990,19593,27430200,0.000000
3955,39.550064,5821.605429287,5821.605429287,19598,27437200,0.000000
3956,39.560021,5821.615386101,5821.615386101,19603,27444200,0.000000
3957,39.570067,5821.625431920,5821.625431920,19608,27451200,0.000000
3958,39.580062,5821.635427658,5821.635427658,19613,27458200,0.000000
3959,39.590063,5821.645428610,5821.645428610,19618,27465200,0.000000
3960,39.600063,5821.655428086,5821.655428086,19623,27472200,0.000000
3961,39.610068,5821.665433052,5821.665433052,19628,27479200,0.000000
3962,39.620062,5821.675427072,5821.675427072,19633,27486200,0.000000
3963,39.630026,5821.685391469,5821.685391469,19638,27493200,0.000000
3964,39.640003,5821.695368444,5821.695368444,19643,27500200,0.000000
3965,39.650077,5821.705442033,5821.705442033,19648,27507200,0.000000
3966,39.660066,5821.715431691,5821.715431691,19652,27512800,0.000000
3967,39.670067,5821.725432560,5821.725432560,19657,27519800,0.000000
3968,39.680077,5821.735442012,5821.735442012,19662,27526800,0.000000
3969,39.690067,5821.745431998,5821.745431998,19667,27533800,0.000000
3970,39.700062,5821.755427668,5821.755427668,19672,27540800,0.000000
3971,39.710062,5821.765427546,5821.765427546,19677,27547800,0.000000
3972,39.720040,5821.775405691,5821.775405691,19682,27554800,0.000000
3973,39.730065,5821.785429886,5821.785429886,19687,27561800,0.000000
3974,39.740070,5821.795435173,5821.795435173,19692,27568800,0.000000
3975,39.750065,5821.805430015,5821.805430015,19697,27575800,0.000000
3976,39.760073,5821.815438608,5821.815438608,19702,27582800,0.000000
3977,39.770064,5821.825429205,5821.825429205,19707,27589800,0.000000
3978,39.780071,5821.835436045,5821.835436045,19712,27596800,0.000000
3979,39.790071,5821.845436283,5821.845436283,19717,27603800,0.000000
3980,39.800065,5821.855430819,5821.855430819,19722,27610800,0.000000
3981,39.810066,5821.865431472,5821.865431472,19727,27617800,0.000000
3982,39.820089,5821.875454269,5821.875454269,19732,27624800,0.000000
3983,39.830068,5821.885433135,5821.885433135,19737,27631800,0.000000
3984,39.840068,5821.895433238,5821.895433238,19742,27638800,0.000000
3985,39.850069,5821.905434589,5821.905434589,19747,27645800,0.000000
3986,39.860058,5821.915423385,5821.915423385,19752,27652800,0.000000
3987,39.870057,5821.925422569,5821.925422569,19757,27659800,0.000000
3988,39.880069,5821.935434651,5821.935434651,19761,27665400,0.000000
3989,39.890077,5821.945442624,5821.945442624,19766,27672400,0.000000
3990,39.900078,5821.955443111,5821.955443111,19771,27679400,0.000000
3991,39.910064,5821.965429029,5821.965429029,19776,27686400,0.000000
3992,39.920070,5821.975435300,5821.975435300,19781,27693400,0.000000
3993,39.930066,5821.985431725,5821.985431725,19786,27700400,0.000000
3994,39.940065,5821.995430570,5821.995430570,19791,27707400,0.000000
3995,39.950066,5822.005431732,5822.005431732,19796,27714400,0.000000
3996,39.960068,5822.015433751,5822.015433751,19801,27721400,0.000000
3997,39.970084,5822.025449778,5822.025449778,19806,27728400,0.000000
3998,39.980065,5822.035430579,5822.035430579,19811,27735400,0.000000
3999,39.990060,5822.045425124,5822.045425124,19816,27742400,0.000000
4000,40.000068,5822.055433395,5822.055433395,19821,27749400,0.000000
4001,40.010065,5822.065430059,5822.065430059,19826,27756400,0.000000
4002,40.020092,5822.075457573,5822.075457573,19831,27763400,0.000000
4003,40.030076,5822.085441678,5822.085441678,19836,27770400,0.000000
4004,40.040065,5822.095430565,5822.095430565,19841,27777400,0.000000
4005,40.050059,5822.105423942,5822.105423942,19846,27784400,0.000000
4006,40.060064,5822.115429085,5822.115429085,19851,27791400,0.000000
4007,40.070072,5822.125437287,5822.125437287,19856,27798400,0.000000
4008,40.080043,5822.135408737,5822.135408737,19861,27805400,0.000000
4009,40.090021,5822.145386350,5822.145386350,19866,27812400,0.000000
4010,40.100087,5822.155452138,5822.155452138,19871,27819400,0.000000
4011,40.110069,5822.165434079,5822.165434079,19875,27825000,0.000000
4012,40.120075,5822.175440690,5822.175440690,19880,27832000,0.000000
4013,40.130068,5822.185433313,5822.185433313,19885,27839000,0.000000
4014,40.140065,5822.195430030,5822.195430030,19890,27846000,0.000000
4015,40.150067,5822.205432814,5822.205432814,19895,27853000,0.000000
4016,40.160082,5822.215447344,5822.215447344,19900,27860000,0.000000
4017,40.170067,5822.225431932,5822.225431932,19905,27867000,0.000000
4018,40.180067,5822.235432815,5822.235432815,19910,27874000,0.000000
4019,40.190068,5822.245432957,5822.245432957,19915,27881000,0.000000
4020,40.200068,5822.255433608,5822.255433608,19920,27888000,0.000000
4021,40.210069,5822.265434133,5822.265434133,19925,27895000,0.000000
4022,40.220063,5822.275428658,5822.275428658,19930,27902000,0.000000
4023,40.230055,5822.285420813,5822.285420813,19935,27909000,0.000000
4024,40.240065,5822.295429982,5822.295429982,19940,27916000,0.000000
4025,40.250073,5822.305438602,5822.305438602,19945,27923000,0.000000
4026,40.260068,5822.315433414,5822.315433414,19950,27930000,0.000000
4027,40.270068,5822.325432978,5822.325432978,19955,27937000,0.000000
4028,40.280065,5822.335430129,5822.335430129,19960,27944000,0.000000
4029,40.290062,5822.345427409,5822.345427409,19965,27951000,0.000000
4030,40.300062,5822.355427474,5822.355427474,19970,27958000,0.000000
4031,40.310063,5822.365428310,5822.365428310,19975,27965000,0.000000
4032,40.320079,5822.375444180,5822.375444180,19980,27972000,0.000000
4033,40.330059,5822.385424146,5822.385424146,19984,27977600,0.000000
4034,40.340072,5822.395436830,5822.395436830,19989,27984600,0.000000
4035,40.350069,5822.405434559,5822.405434559,19994,27991600,0.000000
4036,40.360065,5822.415430295,5822.415430295,19999,27998600,0.000000
4037,40.370068,5822.425433306,5822.425433306,20004,28005600,0.000000
4038,40.380068,5822.435433075,5822.435433075,20009,28012600,0.000000
4039,40.390071,5822.445436566,5822.445436566,20014,28019600,0.000000
4040,40.400069,5822.455434600,5822.455434600,20019,28026600,0.000000
4041,40.410066,5822.465431777,5822.465431777,20024,28033600,0.000000
4042,40.420063,5822.475427991,5822.475427991,20029,28040600,0.000000
4043,40.430066,5822.485431260,5822.485431260,20034,28047600,0.000000
4044,40.440070,5822.495434924,5822.495434924,20039,28054600,0.000000
4045,40.450066,5822.505430897,5822.505430897,20044,28061600,0.000000
4046,40.460065,5822.515430409,5822.515430409,20049,28068600,0.000000
4047,40.470067,5822.525432141,5822.525432141,20054,28075600,0.000000
4048,40.480067,5822.535432486,5822.535432486,20059,28082600,0.000000
4049,40.490072,5822.545436872,5822.545436872,20064,28089600,0.000000
4050,40.500064,5822.555429525,5822.555429525,20069,28096600,0.000000
4051,40.510063,5822.565427979,5822.565427979,20074,28103600,0.000000
4052,40.520057,5822.575422801,5822.575422801,20079,28110600,0.000000
4053,40.530065,5822.585430552,5822.585430552,20084,28117600,0.000000
4054,40.540037,5822.595402135,5822.595402135,20089,28124600,0.000000
4055,40.550082,5822.605447715,5822.605447715,20094,28131600,0.000000
4056,40.560070,5822.615434957,5822.615434957,20098,28137200,0.000000
4057,40.570068,5822.625433278,5822.625433278,20103,28144200,0.000000
4058,40.580067,5822.635432131,5822.635432131,20108,28151200,0.000000
4059,40.590068,5822.645433188,5822.645433188,20113,28158200,0.000000
4060,40.600068,5822.655433514,5822.655433514,20118,28165200,0.000000
4061,40.610069,5822.665434040,5822.665434040,20123,28172200,0.000000
4062,40.620058,5822.675422897,5822.675422897,20128,28179200,0.000000
4063,40.630070,5822.685435487,5822.685435487,20133,28186200,0.000000
4064,40.640067,5822.695432234,5822.695432234,20138,28193200,0.000000
4065,40.650067,5822.705432259,5822.705432259,20143,28200200,0.000000
4066,40.660074,5822.715438897,5822.715438897,20148,28207200,0.000000
4067,40.670066,5822.725431530,5822.725431530,20153,28214200,0.000000
4068,40.680063,5822.735428814,5822.735428814,20158,28221200,0.000000
4069,40.690070,5822.745434936,5822.745434936,20163,28228200,0.000000
4070,40.700066,5822.755431476,5822.755431476,20168,28235200,0.000000
4071,40.710067,5822.765432745,5822.765432745,20173,28242200,0.000000
4072,40.720068,5822.775433067,5822.775433067,20178,28249200,0.000000
4073,40.730066,5822.785431732,5822.785431732,20183,28256200,0.000000
4074,40.740058,5822.795423370,5822.795423370,20188,28263200,0.000000
4075,40.750020,5822.805385466,5822.805385466,20193,28270200,0.000000
4076,40.760000,5822.815365719,5822.815365719,20198,28277200,0.000000
4077,40.770075,5822.825439846,5822.825439846,20203,28284200,0.000000
4078,40.780077,5822.835442738,5822.835442738,20207,28289800,0.000000
4079,40.790068,5822.845433794,5822.845433794,20212,28296800,0.000000
4080,40.800067,5822.855432543,5822.855432543,20217,28303800,0.000000
4081,40.810065,5822.865429877,5822.865429877,20222,28310800,0.000000
4082,40.820065,5822.875429831,5822.875429831,20227,28317800,0.000000
4083,40.830065,5822.885430646,5822.885430646,20232,28324800,0.000000
4084,40.840034,5822.895398971,5822.895398971,20237,28331800,0.000000
4085,40.850065,5822.905430703,5822.905430703,20242,28338800,0.000000
4086,40.860063,5822.915428163,5822.915428163,20247,28345800,0.000000
4087,40.870064,5822.925429036,5822.925429036,20252,28352800,0.000000
4088,40.880065,5822.935429911,5822.935429911,20257,28359800,0.000000
4089,40.890065,5822.945430231,5822.945430231,20262,28366800,0.000000
4090,40.900065,5822.955429848,5822.955429848,20267,28373800,0.000000
4091,40.910063,5822.965428742,5822.965428742,20272,28380800,0.000000
4092,40.920067,5822.975432069,5822.975432069,20277,28387800,0.000000
4093,40.930064,5822.985428894,5822.985428894,20282,28394800,0.000000
4094,40.940062,5822.995427334,5822.995427334,20287,28401800,0.000000
4095,40.950065,5823.005430131,5823.005430131,20292,28408800,0.000000
4096,40.960060,5823.015425153,5823.015425153,20297,28415800,0.000000
4097,40.970067,5823.025432482,5823.025432482,20302,28422800,0.000000
4098,40.980005,5823.035370393,5823.035370393,20307,28429800,0.000000
4099,40.990064,5823.045429343,5823.045429343,20312,28436800,0.000000
4100,41.000068,5823.055433610,5823.055433610,20316,28442400,0.000000
4101,41.010068,5823.065433797,5823.065433797,20321,28449400,0.000000
4102,41.020065,5823.075430567,5823.075430567,20326,28456400,0.000000
4103,41.030066,5823.085431492,5823.085431492,20331,28463400,0.000000
4104,41.040053,5823.095418608,5823.095418608,20336,28470400,0.000000
4105,41.050069,5823.105434262,5823.105434262,20341,28477400,0.000000
4106,41.060071,5823.115436401,5823.115436401,20346,28484400,0.000000
4107,41.070067,5823.125432084,5823.125432084,20351,28491400,0.000000
4108,41.080064,5823.135429489,5823.135429489,20356,28498400,0.000000
4109,41.090065,5823.145430178,5823.145430178,20361,28505400,0.000000
4110,41.100065,5823.155430162,5823.155430162,20366,28512400,0.000000
4111,41.110065,5823.165430198,5823.165430198,20371,28519400,0.000000
4112,41.120065,5823.175430285,5823.175430285,20376,28526400,0.000000
4113,41.130064,5823.185428862,5823.185428862,20381,28533400,0.000000
4114,41.140072,5823.195437808,5823.195437808,20386,28540400,0.000000
4115,41.150070,5823.205435492,5823.205435492,20391,28547400,0.000000
4116,41.160067,5823.215431897,5823.215431897,20396,28554400,0.000000
4117,41.170062,5823.225427454,5823.225427454,20401,28561400,0.000000
4118,41.180062,5823.235426886,5823.235426886,20406,28568400,0.000000
4119,41.190021,5823.245385922,5823.245385922,20411,28575400,0.000000
4120,41.200047,5823.255412327,5823.255412327,20416,28582400,0.000000
4121,41.210026,5823.265391490,5823.265391490,20421,28589400,0.000000
4122,41.220078,5823.275443756,5823.275443756,20426,28596400,0.000000
4123,41.230064,5823.285429215,5823.285429215,20430,28602000,0.000000
4124,41.240052,5823.295417060,5823.295417060,20435,28609000,0.000000
4125,41.250045,5823.305410381,5823.305410381,20440,28616000,0.000000
4126,41.260070,5823.315434890,5823.315434890,20445,28623000,0.000000
4127,41.270066,5823.325431462,5823.325431462,20450,28630000,0.000000
4128,41.280064,5823.335429013,5823.335429013,20455,28637000,0.000000
4129,41.290064,5823.345429502,5823.345429502,20460,28644000,0.000000
4130,41.300062,5823.355427427,5823.355427427,20465,28651000,0.000000
4131,41.310062,5823.365427075,5823.365427075,20470,28658000,0.000000
4132,41.320047,5823.375412578,5823.375412578,20475,28665000,0.000000
4133,41.330071,5823.385436594,5823.385436594,20480,28672000,0.000000
4134,41.340686,5823.396051102,5823.396051102,20485,28679000,0.000000
4135,41.350067,5823.405431865,5823.405431865,20490,28686000,0.000000
4136,41.360068,5823.415433015,5823.415433015,20495,28693000,0.000000
4137,41.370068,5823.425432888,5823.425432888,20500,28700000,0.000000
4138,41.380066,5823.435431101,5823.435431101,20505,28707000,0.000000
4139,41.390064,5823.445429128,5823.445429128,20510,28714000,0.000000
4140,41.400062,5823.455427335,5823.455427335,20515,28721000,0.000000
4141,41.410057,5823.465422745,5823.465422745,20520,28728000,0.000000
4142,41.420012,5823.475377794,5823.475377794,20525,28735000,0.000000
4143,41.430062,5823.485427488,5823.485427488,20530,28742000,0.000000
4144,41.440076,5823.495441570,5823.495441570,20535,28749000,0.000000
4145,41.450089,5823.505454719,5823.505454719,20539,28754600,0.000000
4146,41.460064,5823.515429816,5823.515429816,20544,28761600,0.000000
4147,41.470066,5823.525431677,5823.525431677,20549,28768600,0.000000
4148,41.480066,5823.535431369,5823.535431369,20554,28775600,0.000000
4149,41.490063,5823.545428034,5823.545428034,20559,28782600,0.000000
4150,41.500064,5823.555428884,5823.555428884,20564,28789600,0.000000
4151,41.510087,5823.565452688,5823.565452688,20569,28796600,0.000000
4152,41.520065,5823.575430219,5823.575430219,20574,28803600,0.000000
4153,41.530073,5823.585438145,5823.585438145,20579,28810600,0.000000
4154,41.540065,5823.595430669,5823.595430669,20584,28817600,0.000000
4155,41.550065,5823.605430747,5823.605430747,20589,28824600,0.000000
4156,41.560061,5823.615426520,5823.615426520,20594,28831600,0.000000
4157,41.570078,5823.625443456,5823.625443456,20599,28838600,0.000000
4158,41.580076,5823.635440899,5823.635440899,20604,28845600,0.000000
4159,41.590067,5823.645432062,5823.645432062,20609,28852600,0.000000
4160,41.600063,5823.655428780,5823.655428780,20614,28859600,0.000000
4161,41.610070,5823.665435311,5823.665435311,20619,28866600,0.000000
4162,41.620074,5823.675438915,5823.675438915,20624,28873600,0.000000
4163,41.630062,5823.685427054,5823.685427054,20629,28880600,0.000000
4164,41.640061,5823.695426600,5823.695426600,20634,28887600,0.000000
4165,41.650061,5823.705426587,5823.705426587,20639,28894600,0.000000
4166,41.660034,5823.715399313,5823.715399313,20644,28901600,0.000000
4167,41.670072,5823.725437193,5823.725437193,20649,28908600,0.000000
4168,41.680063,5823.735428810,5823.735428810,20653,28914200,0.000000
4169,41.690067,5823.745431854,5823.745431854,20658,28921200,0.000000
4170,41.700066,5823.755431284,5823.755431284,20663,28928200,0.000000
4171,41.710060,5823.765425454,5823.765425454,20668,28935200,0.000000
4172,41.720069,5823.775434353,5823.775434353,20673,28942200,0.000000
4173,41.730064,5823.785429216,5823.785429216,20678,28949200,0.000000
4174,41.740059,5823.795424107,5823.795424107,20683,28956200,0.000000
4175,41.750056,5823.805421241,5823.805421241,20688,28963200,0.000000
4176,41.760070,5823.815435364,5823.815435364,20693,28970200,0.000000
4177,41.770065,5823.825430814,5823.825430814,20698,28977200,0.000000
4178,41.780064,5823.835429499,5823.835429499,20703,28984200,0.000000
4179,41.790064,5823.845429698,5823.845429698,20708,28991200,0.000000
4180,41.800069,5823.855434227,5823.855434227,20713,28998200,0.000000
4181,41.810058,5823.865423561,5823.865423561,20718,29005200,0.000000
4182,41.820067,5823.875432219,5823.875432219,20723,29012200,0.000000
4183,41.830066,5823.885430995,5823.885430995,20728,29019200,0.000000
4184,41.840063,5823.895428169,5823.895428169,20733,29026200,0.000000
4185,41.850062,5823.905427602,5823.905427602,20738,29033200,0.000000
4186,41.860064,5823.915429695,5823.915429695,20743,29040200,0.000000
4187,41.870027,5823.925392574,5823.925392574,20748,29047200,0.000000
4188,41.880003,5823.935368553,5823.935368553,20753,29054200,0.000000
4189,41.890074,5823.945438831,5823.945438831,20758,29061200,0.000000
4190,41.900065,5823.955430745,5823.955430745,20762,29066800,0.000000
4191,41.910064,5823.965429347,5823.965429347,20767,29073800,0.000000
4192,41.920067,5823.975432301,5823.975432301,20772,29080800,0.000000
4193,41.930064,5823.985429581,5823.985429581,20777,29087800,0.000000
4194,41.940064,5823.995429681,5823.995429681,20782,29094800,0.000000
4195,41.950066,5824.005431438,5824.005431438,20787,29101800,0.000000
4196,41.960064,5824.015429536,5824.015429536,20792,29108800,0.000000
4197,41.970063,5824.025428425,5824.025428425,20797,29115800,0.000000
4198,41.980072,5824.035437445,5824.035437445,20802,29122800,0.000000
4199,41.990065,5824.045430638,5824.045430638,20807,29129800,0.000000
