sample_index,timestamp_s,monotonic_s,t_mono,cum_packets,cum_bytes,lag_s
0,0.000097,5676.844281220,5676.844281220,0,0,0.000000
1,0.010060,5676.854244122,5676.854244122,5,7000,0.000000
2,0.020058,5676.864242261,5676.864242261,11,15400,0.000000
3,0.030059,5676.874242578,5676.874242578,17,23800,0.000000
4,0.040058,5676.884242287,5676.884242287,22,30800,0.000000
5,0.050058,5676.894242077,5676.894242077,28,39200,0.000000
6,0.060110,5676.904294382,5676.904294382,34,47600,0.000000
7,0.070071,5676.914255133,5676.914255133,40,56000,0.000000
8,0.080128,5676.924312330,5676.924312330,45,63000,0.000000
9,0.090063,5676.934247211,5676.934247211,51,71400,0.000000
10,0.100062,5676.944246069,5676.944246069,57,79800,0.000000
11,0.110063,5676.954247007,5676.954247007,62,86800,0.000000
12,0.120060,5676.964243957,5676.964243957,68,95200,0.000000
13,0.130062,5676.974245905,5676.974245905,74,103600,0.000000
14,0.141048,5676.985231817,5676.985231817,80,112000,0.000000
15,0.151128,5676.995311984,5676.995311984,86,120400,0.000000
16,0.160070,5677.004253651,5677.004253651,91,127400,0.000000
17,0.170062,5677.014245924,5677.014245924,97,135800,0.000000
18,0.180065,5677.024249450,5677.024249450,102,142800,0.000000
19,0.190064,5677.034247912,5677.034247912,108,151200,0.000000
20,0.200065,5677.044249214,5677.044249214,114,159600,0.000000
21,0.210079,5677.054263050,5677.054263050,120,168000,0.000000
22,0.220068,5677.064251590,5677.064251590,125,175000,0.000000
23,0.230068,5677.074251495,5677.074251495,131,183400,0.000000
24,0.240065,5677.084249055,5677.084249055,137,191800,0.000000
25,0.250068,5677.094252388,5677.094252388,142,198800,0.000000
26,0.260063,5677.104246656,5677.104246656,148,207200,0.000000
27,0.270080,5677.114264185,5677.114264185,154,215600,0.000000
28,0.280070,5677.124253566,5677.124253566,160,224000,0.000000
29,0.290067,5677.134251350,5677.134251350,165,231000,0.000000
30,0.300060,5677.144244127,5677.144244127,171,239400,0.000000
31,0.310773,5677.154957251,5677.154957251,177,247800,0.000000
32,0.320061,5677.164244944,5677.164244944,182,254800,0.000000
33,0.330070,5677.174253760,5677.174253760,188,263200,0.000000
34,0.340075,5677.184258982,5677.184258982,194,271600,0.000000
35,0.350070,5677.194253654,5677.194253654,200,280000,0.000000
36,0.360060,5677.204243933,5677.204243933,205,287000,0.000000
37,0.370063,5677.214246958,5677.214246958,211,295400,0.000000
38,0.380064,5677.224247918,5677.224247918,217,303800,0.000000
39,0.390068,5677.234251802,5677.234251802,222,310800,0.000000
40,0.400068,5677.244251713,5677.244251713,228,319200,0.000000
41,0.410045,5677.254229061,5677.254229061,234,327600,0.000000
42,0.420090,5677.264273926,5677.264273926,240,336000,0.000000
43,0.430072,5677.274255753,5677.274255753,245,343000,0.000000
44,0.440062,5677.284245714,5677.284245714,251,351400,0.000000
45,0.451904,5677.296088133,5677.296088133,258,361200,0.000000
46,0.460059,5677.304243444,5677.304243444,262,366800,0.000000
47,0.470059,5677.314243202,5677.314243202,268,375200,0.000000
48,0.480059,5677.324242855,5677.324242855,274,383600,0.000000
49,0.490068,5677.334252302,5677.334252302,280,392000,0.000000
50,0.500060,5677.344244238,5677.344244238,285,399000,0.000000
51,0.510060,5677.354244196,5677.354244196,291,407400,0.000000
52,0.520065,5677.364248522,5677.364248522,297,415800,0.000000
53,0.530060,5677.374243609,5677.374243609,302,422800,0.000000
54,0.540060,5677.384244142,5677.384244142,308,431200,0.000000
55,0.550056,5677.394239837,5677.394239837,314,439600,0.000000
56,0.560074,5677.404258448,5677.404258448,320,448000,0.000000
57,0.570046,5677.414229591,5677.414229591,325,455000,0.000000
58,0.580132,5677.424316049,5677.424316049,331,463400,0.000000
59,0.590063,5677.434246735,5677.434246735,337,471800,0.000000
60,0.600068,5677.444251715,5677.444251715,342,478800,0.000000
61,0.610068,5677.454251476,5677.454251476,348,487200,0.000000
62,0.620033,5677.464217083,5677.464217083,354,495600,0.000000
63,0.630069,5677.474252466,5677.474252466,360,504000,0.000000
64,0.640052,5677.484236344,5677.484236344,365,511000,0.000000
65,0.650064,5677.494247787,5677.494247787,371,519400,0.000000
66,0.660068,5677.504251937,5677.504251937,377,527800,0.000000
67,0.670074,5677.514257600,5677.514257600,382,534800,0.000000
68,0.680078,5677.524262158,5677.524262158,388,543200,0.000000
69,0.690076,5677.534259944,5677.534259944,394,551600,0.000000
70,0.700071,5677.544254889,5677.544254889,400,560000,0.000000
71,0.710060,5677.554244397,5677.554244397,405,567000,0.000000
72,0.720064,5677.564248032,5677.564248032,411,575400,0.000000
73,0.730062,5677.574245916,5677.574245916,417,583800,0.000000
74,0.740065,5677.584249283,5677.584249283,422,590800,0.000000
75,0.750069,5677.594253441,5677.594253441,428,599200,0.000000
76,0.760067,5677.604251213,5677.604251213,434,607600,0.000000
77,0.770040,5677.614223683,5677.614223683,440,616000,0.000000
78,0.780064,5677.624247799,5677.624247799,445,623000,0.000000
79,0.790063,5677.634246773,5677.634246773,451,631400,0.000000
80,0.800079,5677.644263278,5677.644263278,457,639800,0.000000
81,0.810069,5677.654253098,5677.654253098,462,646800,0.000000
82,0.820063,5677.664247036,5677.664247036,468,655200,0.000000
83,0.830058,5677.674242142,5677.674242142,474,663600,0.000000
84,0.840074,5677.684258367,5677.684258367,480,672000,0.000000
85,0.850063,5677.694246802,5677.694246802,485,679000,0.000000
86,0.860069,5677.704253278,5677.704253278,491,687400,0.000000
87,0.870063,5677.714246756,5677.714246756,497,695800,0.000000
88,0.880069,5677.724253447,5677.724253447,502,702800,0.000000
89,0.890066,5677.734250315,5677.734250315,508,711200,0.000000
90,0.900065,5677.744248911,5677.744248911,514,719600,0.000000
91,0.910080,5677.754263679,5677.754263679,520,728000,0.000000
92,0.920066,5677.764249538,5677.764249538,525,735000,0.000000
93,0.930076,5677.774259996,5677.774259996,531,743400,0.000000
94,0.940062,5677.784246083,5677.784246083,537,751800,0.000000
95,0.950064,5677.794247942,5677.794247942,542,758800,0.000000
96,0.960058,5677.804242157,5677.804242157,548,767200,0.000000
97,0.970072,5677.814255582,5677.814255582,554,775600,0.000000
98,0.980071,5677.824254714,5677.824254714,560,784000,0.000000
99,0.990065,5677.834249334,5677.834249334,565,791000,0.000000
100,1.000066,5677.844249727,5677.844249727,571,799400,0.000000
101,1.010062,5677.854245793,5677.854245793,577,807800,0.000000
102,1.020067,5677.864251369,5677.864251369,582,814800,0.000000
103,1.030067,5677.874250636,5677.874250636,588,823200,0.000000
104,1.040063,5677.884247279,5677.884247279,594,831600,0.000000
105,1.050073,5677.894257238,5677.894257238,600,840000,0.000000
106,1.060070,5677.904253774,5677.904253774,605,847000,0.000000
107,1.070066,5677.914249462,5677.914249462,611,855400,0.000000
108,1.080062,5677.924245912,5677.924245912,617,863800,0.000000
109,1.090066,5677.934249687,5677.934249687,622,870800,0.000000
110,1.100066,5677.944250325,5677.944250325,628,879200,0.000000
111,1.110064,5677.954247871,5677.954247871,634,887600,0.000000
112,1.120076,5677.964260408,5677.964260408,640,896000,0.000000
113,1.130071,5677.974254721,5677.974254721,645,903000,0.000000
114,1.140067,5677.984251353,5677.984251353,651,911400,0.000000
115,1.150063,5677.994246536,5677.994246536,657,919800,0.000000
116,1.160066,5678.004250319,5678.004250319,662,926800,0.000000
117,1.170066,5678.014250012,5678.014250012,668,935200,0.000000
118,1.180068,5678.024251947,5678.024251947,674,943600,0.000000
119,1.190088,5678.034272253,5678.034272253,680,952000,0.000000
120,1.200082,5678.044265646,5678.044265646,685,959000,0.000000
121,1.210066,5678.054249621,5678.054249621,691,967400,0.000000
122,1.220065,5678.064249263,5678.064249263,697,975800,0.000000
123,1.230067,5678.074250557,5678.074250557,702,982800,0.000000
124,1.240064,5678.084248051,5678.084248051,708,991200,0.000000
125,1.250063,5678.094247350,5678.094247350,714,999600,0.000000
126,1.260077,5678.104261248,5678.104261248,720,1008000,0.000000
127,1.270064,5678.114248335,5678.114248335,725,1015000,0.000000
128,1.280072,5678.124255730,5678.124255730,731,1023400,0.000000
129,1.290058,5678.134242155,5678.134242155,737,1031800,0.000000
130,1.300077,5678.144260898,5678.144260898,742,1038800,0.000000
131,1.310066,5678.154250096,5678.154250096,748,1047200,0.000000
132,1.320070,5678.164253730,5678.164253730,754,1055600,0.000000
133,1.330081,5678.174264731,5678.174264731,760,1064000,0.000000
134,1.340105,5678.184289243,5678.184289243,765,1071000,0.000000
135,1.350065,5678.194248560,5678.194248560,771,1079400,0.000000
136,1.360070,5678.204253598,5678.204253598,777,1087800,0.000000
137,1.370064,5678.214248027,5678.214248027,782,1094800,0.000000
138,1.380067,5678.224250484,5678.224250484,788,1103200,0.000000
139,1.390088,5678.234272271,5678.234272271,794,1111600,0.000000
140,1.400056,5678.244239646,5678.244239646,800,1120000,0.000000
141,1.410064,5678.254247645,5678.254247645,805,1127000,0.000000
142,1.420065,5678.264248683,5678.264248683,811,1135400,0.000000
143,1.430062,5678.274246006,5678.274246006,817,1143800,0.000000
144,1.440064,5678.284248229,5678.284248229,822,1150800,0.000000
145,1.450066,5678.294250303,5678.294250303,828,1159200,0.000000
146,1.460062,5678.304246344,5678.304246344,834,1167600,0.000000
147,1.470068,5678.314252429,5678.314252429,840,1176000,0.000000
148,1.480067,5678.324250740,5678.324250740,845,1183000,0.000000
149,1.490063,5678.334247078,5678.334247078,851,1191400,0.000000
150,1.500063,5678.344247390,5678.344247390,857,1199800,0.000000
151,1.510067,5678.354251149,5678.354251149,862,1206800,0.000000
152,1.520059,5678.364243154,5678.364243154,868,1215200,0.000000
153,1.530060,5678.374244382,5678.374244382,874,1223600,0.000000
154,1.540075,5678.384259032,5678.384259032,880,1232000,0.000000
155,1.550063,5678.394247241,5678.394247241,885,1239000,0.000000
156,1.560060,5678.404243557,5678.404243557,891,1247400,0.000000
157,1.570049,5678.414233199,5678.414233199,897,1255800,0.000000
158,1.580069,5678.424252833,5678.424252833,902,1262800,0.000000
159,1.590065,5678.434249045,5678.434249045,908,1271200,0.000000
160,1.600064,5678.444247848,5678.444247848,914,1279600,0.000000
161,1.610074,5678.454258282,5678.454258282,920,1288000,0.000000
162,1.620066,5678.464249675,5678.464249675,925,1295000,0.000000
163,1.630065,5678.474248844,5678.474248844,931,1303400,0.000000
164,1.640062,5678.484246038,5678.484246038,937,1311800,0.000000
165,1.650072,5678.494255695,5678.494255695,942,1318800,0.000000
166,1.660065,5678.504249004,5678.504249004,948,1327200,0.000000
167,1.670069,5678.514252897,5678.514252897,954,1335600,0.000000
168,1.680074,5678.524258206,5678.524258206,960,1344000,0.000000
169,1.690064,5678.534247603,5678.534247603,965,1351000,0.000000
170,1.700063,5678.544247083,5678.544247083,971,1359400,0.000000
171,1.710061,5678.554245331,5678.554245331,977,1367800,0.000000
172,1.720056,5678.564240165,5678.564240165,982,1374800,0.000000
173,1.730084,5678.574268128,5678.574268128,988,1383200,0.000000
174,1.740064,5678.584248284,5678.584248284,994,1391600,0.000000
175,1.750081,5678.594264519,5678.594264519,1000,1400000,0.000000
176,1.760068,5678.604252056,5678.604252056,1005,1407000,0.000000
177,1.770082,5678.614265796,5678.614265796,1011,1415400,0.000000
178,1.780058,5678.624241942,5678.624241942,1017,1423800,0.000000
179,1.790067,5678.634251013,5678.634251013,1022,1430800,0.000000
180,1.800061,5678.644244693,5678.644244693,1028,1439200,0.000000
181,1.810070,5678.654254441,5678.654254441,1034,1447600,0.000000
182,1.820079,5678.664262629,5678.664262629,1040,1456000,0.000000
183,1.830072,5678.674256024,5678.674256024,1045,1463000,0.000000
184,1.840060,5678.684243610,5678.684243610,1051,1471400,0.000000
185,1.850064,5678.694248199,5678.694248199,1057,1479800,0.000000
186,1.860073,5678.704256995,5678.704256995,1062,1486800,0.000000
187,1.870067,5678.714250776,5678.714250776,1068,1495200,0.000000
188,1.880068,5678.724252197,5678.724252197,1074,1503600,0.000000
189,1.890072,5678.734255905,5678.734255905,1080,1512000,0.000000
190,1.900067,5678.744250810,5678.744250810,1085,1519000,0.000000
191,1.910054,5678.754238215,5678.754238215,1091,1527400,0.000000
192,1.920064,5678.764248182,5678.764248182,1097,1535800,0.000000
193,1.930065,5678.774249062,5678.774249062,1102,1542800,0.000000
194,1.940066,5678.784249488,5678.784249488,1108,1551200,0.000000
195,1.950073,5678.794256956,5678.794256956,1114,1559600,0.000000
196,1.960076,5678.804260441,5678.804260441,1120,1568000,0.000000
197,1.970065,5678.814248982,5678.814248982,1125,1575000,0.000000
198,1.980062,5678.824246193,5678.824246193,1131,1583400,0.000000
199,1.990078,5678.834262228,5678.834262228,1137,1591800,0.000000
200,2.000064,5678.844247745,5678.844247745,1142,1598800,0.000000
201,2.010076,5678.854260401,5678.854260401,1148,1607200,0.000000
202,2.020070,5678.864253525,5678.864253525,1154,1615600,0.000000
203,2.030075,5678.874258974,5678.874258974,1160,1624000,0.000000
204,2.040065,5678.884249147,5678.884249147,1165,1631000,0.000000
205,2.050066,5678.894250139,5678.894250139,1171,1639400,0.000000
206,2.060063,5678.904247070,5678.904247070,1177,1647800,0.000000
207,2.070066,5678.914249626,5678.914249626,1182,1654800,0.000000
208,2.080066,5678.924250160,5678.924250160,1188,1663200,0.000000
209,2.090073,5678.934256612,5678.934256612,1194,1671600,0.000000
210,2.100075,5678.944258461,5678.944258461,1200,1680000,0.000000
211,2.110067,5678.954251187,5678.954251187,1205,1687000,0.000000
212,2.120067,5678.964250737,5678.964250737,1211,1695400,0.000000
213,2.130062,5678.974246409,5678.974246409,1217,1703800,0.000000
214,2.140059,5678.984243361,5678.984243361,1222,1710800,0.000000
215,2.150066,5678.994249972,5678.994249972,1228,1719200,0.000000
216,2.160071,5679.004254519,5679.004254519,1234,1727600,0.000000
217,2.170048,5679.014231655,5679.014231655,1240,1736000,0.000000
218,2.180073,5679.024257441,5679.024257441,1245,1743000,0.000000
219,2.190090,5679.034273698,5679.034273698,1251,1751400,0.000000
220,2.200062,5679.044246095,5679.044246095,1257,1759800,0.000000
221,2.210065,5679.054249009,5679.054249009,1262,1766800,0.000000
222,2.220066,5679.064250154,5679.064250154,1268,1775200,0.000000
223,2.230076,5679.074260036,5679.074260036,1274,1783600,0.000000
224,2.240092,5679.084275705,5679.084275705,1280,1792000,0.000000
225,2.250064,5679.094248241,5679.094248241,1285,1799000,0.000000
226,2.260066,5679.104249809,5679.104249809,1291,1807400,0.000000
227,2.270058,5679.114242093,5679.114242093,1297,1815800,0.000000
228,2.280066,5679.124249533,5679.124249533,1302,1822800,0.000000
229,2.290065,5679.134248946,5679.134248946,1308,1831200,0.000000
230,2.300075,5679.144258778,5679.144258778,1314,1839600,0.000000
231,2.310066,5679.154250035,5679.154250035,1320,1848000,0.000000
232,2.320075,5679.164258701,5679.164258701,1325,1855000,0.000000
233,2.330068,5679.174252168,5679.174252168,1331,1863400,0.000000
234,2.340065,5679.184249373,5679.184249373,1337,1871800,0.000000
235,2.350063,5679.194247041,5679.194247041,1342,1878800,0.000000
236,2.360066,5679.204249901,5679.204249901,1348,1887200,0.000000
237,2.370070,5679.214253462,5679.214253462,1354,1895600,0.000000
238,2.380102,5679.224286045,5679.224286045,1360,1904000,0.000000
239,2.390060,5679.234243887,5679.234243887,1365,1911000,0.000000
240,2.400070,5679.244254113,5679.244254113,1371,1919400,0.000000
241,2.410062,5679.254246438,5679.254246438,1377,1927800,0.000000
242,2.420066,5679.264249694,5679.264249694,1382,1934800,0.000000
243,2.430067,5679.274250733,5679.274250733,1388,1943200,0.000000
244,2.440072,5679.284256222,5679.284256222,1394,1951600,0.000000
245,2.450075,5679.294258771,5679.294258771,1400,1960000,0.000000
246,2.460064,5679.304248385,5679.304248385,1405,1967000,0.000000
247,2.470030,5679.314213461,5679.314213461,1411,1975400,0.000000
248,2.480068,5679.324251903,5679.324251903,1417,1983800,0.000000
249,2.490016,5679.334200140,5679.334200140,1422,1990800,0.000000
250,2.500073,5679.344256465,5679.344256465,1428,1999200,0.000000
251,2.510066,5679.354249461,5679.354249461,1434,2007600,0.000000
252,2.520078,5679.364262041,5679.364262041,1440,2016000,0.000000
253,2.530066,5679.374249481,5679.374249481,1445,2023000,0.000000
254,2.540066,5679.384250219,5679.384250219,1451,2031400,0.000000
255,2.550064,5679.394248417,5679.394248417,1457,2039800,0.000000
256,2.560071,5679.404254717,5679.404254717,1462,2046800,0.000000
257,2.570071,5679.414254685,5679.414254685,1468,2055200,0.000000
258,2.580061,5679.424245335,5679.424245335,1474,2063600,0.000000
259,2.590069,5679.434252899,5679.434252899,1480,2072000,0.000000
260,2.600067,5679.444251267,5679.444251267,1485,2079000,0.000000
261,2.610070,5679.454253606,5679.454253606,1491,2087400,0.000000
262,2.620036,5679.464219712,5679.464219712,1497,2095800,0.000000
263,2.630065,5679.474248840,5679.474248840,1502,2102800,0.000000
264,2.640069,5679.484253180,5679.484253180,1508,2111200,0.000000
265,2.650067,5679.494250986,5679.494250986,1514,2119600,0.000000
266,2.660084,5679.504267794,5679.504267794,1520,2128000,0.000000
267,2.670070,5679.514253661,5679.514253661,1525,2135000,0.000000
268,2.680066,5679.524249771,5679.524249771,1531,2143400,0.000000
269,2.690064,5679.534247495,5679.534247495,1537,2151800,0.000000
270,2.700038,5679.544221506,5679.544221506,1542,2158800,0.000000
271,2.710058,5679.554242185,5679.554242185,1548,2167200,0.000000
272,2.720064,5679.564248420,5679.564248420,1554,2175600,0.000000
273,2.730042,5679.574225849,5679.574225849,1560,2184000,0.000000
274,2.740069,5679.584253375,5679.584253375,1565,2191000,0.000000
275,2.750065,5679.594249128,5679.594249128,1571,2199400,0.000000
276,2.760064,5679.604247558,5679.604247558,1577,2207800,0.000000
277,2.770065,5679.614248613,5679.614248613,1582,2214800,0.000000
278,2.780066,5679.624250081,5679.624250081,1588,2223200,0.000000
279,2.790062,5679.634246292,5679.634246292,1594,2231600,0.000000
280,2.800029,5679.644213440,5679.644213440,1600,2240000,0.000000
281,2.810065,5679.654248817,5679.654248817,1605,2247000,0.000000
282,2.820063,5679.664246991,5679.664246991,1611,2255400,0.000000
283,2.830012,5679.674196261,5679.674196261,1617,2263800,0.000000
284,2.840068,5679.684251858,5679.684251858,1622,2270800,0.000000
285,2.850066,5679.694250094,5679.694250094,1628,2279200,0.000000
286,2.860059,5679.704243436,5679.704243436,1634,2287600,0.000000
287,2.870075,5679.714258817,5679.714258817,1640,2296000,0.000000
288,2.880069,5679.724253074,5679.724253074,1645,2303000,0.000000
289,2.890064,5679.734248032,5679.734248032,1651,2311400,0.000000
290,2.900064,5679.744248018,5679.744248018,1657,2319800,0.000000
291,2.910069,5679.754253327,5679.754253327,1662,2326800,0.000000
292,2.920065,5679.764248961,5679.764248961,1668,2335200,0.000000
293,2.930065,5679.774248790,5679.774248790,1674,2343600,0.000000
294,2.940077,5679.784260995,5679.784260995,1680,2352000,0.000000
295,2.950063,5679.794246792,5679.794246792,1685,2359000,0.000000
296,2.960066,5679.804249693,5679.804249693,1691,2367400,0.000000
297,2.970062,5679.814246042,5679.814246042,1697,2375800,0.000000
298,2.980065,5679.824248680,5679.824248680,1702,2382800,0.000000
299,2.990064,5679.834247485,5679.834247485,1708,2391200,0.000000
300,3.000059,5679.844242656,5679.844242656,1714,2399600,0.000000
301,3.010074,5679.854258405,5679.854258405,1720,2408000,0.000000
302,3.020064,5679.864248171,5679.864248171,1725,2415000,0.000000
303,3.030066,5679.874250063,5679.874250063,1731,2423400,0.000000
304,3.040036,5679.884219533,5679.884219533,1737,2431800,0.000000
305,3.050069,5679.894252738,5679.894252738,1742,2438800,0.000000
306,3.060067,5679.904250710,5679.904250710,1748,2447200,0.000000
307,3.070060,5679.914243763,5679.914243763,1754,2455600,0.000000
308,3.080072,5679.924255689,5679.924255689,1760,2464000,0.000000
309,3.090067,5679.934251032,5679.934251032,1765,2471000,0.000000
310,3.100059,5679.944242716,5679.944242716,1771,2479400,0.000000
311,3.110058,5679.954241918,5679.954241918,1777,2487800,0.000000
312,3.120065,5679.964249100,5679.964249100,1782,2494800,0.000000
313,3.130059,5679.974243268,5679.974243268,1788,2503200,0.000000
314,3.140064,5679.984248285,5679.984248285,1794,2511600,0.000000
315,3.150050,5679.994233671,5679.994233671,1800,2520000,0.000000
316,3.160067,5680.004251130,5680.004251130,1805,2527000,0.000000
317,3.170065,5680.014248537,5680.014248537,1811,2535400,0.000000
318,3.180063,5680.024246672,5680.024246672,1817,2543800,0.000000
319,3.190120,5680.034303745,5680.034303745,1822,2550800,0.000000
320,3.200068,5680.044251610,5680.044251610,1828,2559200,0.000000
321,3.210071,5680.054254847,5680.054254847,1834,2567600,0.000000
322,3.220079,5680.064262677,5680.064262677,1840,2576000,0.000000
323,3.230065,5680.074249359,5680.074249359,1845,2583000,0.000000
324,3.240065,5680.084249231,5680.084249231,1851,2591400,0.000000
325,3.250061,5680.094245294,5680.094245294,1857,2599800,0.000000
326,3.260066,5680.104250081,5680.104250081,1862,2606800,0.000000
327,3.270067,5680.114250758,5680.114250758,1868,2615200,0.000000
328,3.280068,5680.124251911,5680.124251911,1874,2623600,0.000000
329,3.290080,5680.134264330,5680.134264330,1880,2632000,0.000000
330,3.300065,5680.144249235,5680.144249235,1885,2639000,0.000000
331,3.310066,5680.154250114,5680.154250114,1891,2647400,0.000000
332,3.320064,5680.164247807,5680.164247807,1897,2655800,0.000000
333,3.330066,5680.174250190,5680.174250190,1902,2662800,0.000000
334,3.340065,5680.184248799,5680.184248799,1908,2671200,0.000000
335,3.350070,5680.194254011,5680.194254011,1914,2679600,0.000000
336,3.360072,5680.204255865,5680.204255865,1920,2688000,0.000000
337,3.370067,5680.214250681,5680.214250681,1925,2695000,0.000000
338,3.380064,5680.224247850,5680.224247850,1931,2703400,0.000000
339,3.390028,5680.234212175,5680.234212175,1937,2711800,0.000000
340,3.400070,5680.244253591,5680.244253591,1942,2718800,0.000000
341,3.410065,5680.254248760,5680.254248760,1948,2727200,0.000000
342,3.420067,5680.264250518,5680.264250518,1954,2735600,0.000000
343,3.430048,5680.274231478,5680.274231478,1960,2744000,0.000000
344,3.440058,5680.284241467,5680.284241467,1965,2751000,0.000000
345,3.450066,5680.294249606,5680.294249606,1971,2759400,0.000000
346,3.460066,5680.304249776,5680.304249776,1977,2767800,0.000000
347,3.470068,5680.314252347,5680.314252347,1982,2774800,0.000000
348,3.480069,5680.324252625,5680.324252625,1988,2783200,0.000000
349,3.490061,5680.334244503,5680.334244503,1994,2791600,0.000000
350,3.500073,5680.344256708,5680.344256708,2000,2800000,0.000000
351,3.510066,5680.354249760,5680.354249760,2005,2807000,0.000000
352,3.520070,5680.364254407,5680.364254407,2011,2815400,0.000000
353,3.530062,5680.374245564,5680.374245564,2017,2823800,0.000000
354,3.540069,5680.384252608,5680.384252608,2022,2830800,0.000000
355,3.550063,5680.394247156,5680.394247156,2028,2839200,0.000000
356,3.560066,5680.404250255,5680.404250255,2034,2847600,0.000000
357,3.570072,5680.414255637,5680.414255637,2040,2856000,0.000000
358,3.580065,5680.424248475,5680.424248475,2045,2863000,0.000000
359,3.590026,5680.434209599,5680.434209599,2051,2871400,0.000000
360,3.600067,5680.444251133,5680.444251133,2057,2879800,0.000000
361,3.610021,5680.454204645,5680.454204645,2062,2886800,0.000000
362,3.620064,5680.464248310,5680.464248310,2068,2895200,0.000000
363,3.630065,5680.474248514,5680.474248514,2074,2903600,0.000000
364,3.640077,5680.484260778,5680.484260778,2080,2912000,0.000000
365,3.650066,5680.494250382,5680.494250382,2085,2919000,0.000000
366,3.660066,5680.504250107,5680.504250107,2091,2927400,0.000000
367,3.670020,5680.514204108,5680.514204108,2097,2935800,0.000000
368,3.680068,5680.524252395,5680.524252395,2102,2942800,0.000000
369,3.690065,5680.534248598,5680.534248598,2108,2951200,0.000000
370,3.700067,5680.544250479,5680.544250479,2114,2959600,0.000000
371,3.710075,5680.554258974,5680.554258974,2120,2968000,0.000000
372,3.720064,5680.564248176,5680.564248176,2125,2975000,0.000000
373,3.730066,5680.574249727,5680.574249727,2131,2983400,0.000000
374,3.740062,5680.584245895,5680.584245895,2137,2991800,0.000000
375,3.750066,5680.594250211,5680.594250211,2142,2998800,0.000000
376,3.760068,5680.604251628,5680.604251628,2148,3007200,0.000000
377,3.770073,5680.614257215,5680.614257215,2154,3015600,0.000000
378,3.780054,5680.624238239,5680.624238239,2160,3024000,0.000000
379,3.790070,5680.634254059,5680.634254059,2165,3031000,0.000000
380,3.800065,5680.644248899,5680.644248899,2171,3039400,0.000000
381,3.810064,5680.654247640,5680.654247640,2177,3047800,0.000000
382,3.820069,5680.664252706,5680.664252706,2182,3054800,0.000000
383,3.830068,5680.674251762,5680.674251762,2188,3063200,0.000000
384,3.840067,5680.684251396,5680.684251396,2194,3071600,0.000000
385,3.850075,5680.694258838,5680.694258838,2200,3080000,0.000000
386,3.860067,5680.704250544,5680.704250544,2205,3087000,0.000000
387,3.870076,5680.714260120,5680.714260120,2211,3095400,0.000000
388,3.880062,5680.724245476,5680.724245476,2217,3103800,0.000000
389,3.890062,5680.734246036,5680.734246036,2222,3110800,0.000000
390,3.900068,5680.744251482,5680.744251482,2228,3119200,0.000000
391,3.910062,5680.754246170,5680.754246170,2234,3127600,0.000000
392,3.920072,5680.764256017,5680.764256017,2240,3136000,0.000000
393,3.930065,5680.774248965,5680.774248965,2245,3143000,0.000000
394,3.940064,5680.784247885,5680.784247885,2251,3151400,0.000000
395,3.950016,5680.794200252,5680.794200252,2257,3159800,0.000000
396,3.960069,5680.804253240,5680.804253240,2262,3166800,0.000000
397,3.970065,5680.814249429,5680.814249429,2268,3175200,0.000000
398,3.980068,5680.824252445,5680.824252445,2274,3183600,0.000000
399,3.990075,5680.834258563,5680.834258563,2280,3192000,0.000000
400,4.000069,5680.844253170,5680.844253170,2285,3199000,0.000000
401,4.010071,5680.854254879,5680.854254879,2291,3207400,0.000000
402,4.020062,5680.864246067,5680.864246067,2297,3215800,0.000000
403,4.030070,5680.874253746,5680.874253746,2302,3222800,0.000000
404,4.040064,5680.884247707,5680.884247707,2308,3231200,0.000000
405,4.050064,5680.894248068,5680.894248068,2314,3239600,0.000000
406,4.060068,5680.904252420,5680.904252420,2320,3248000,0.000000
407,4.070065,5680.914249038,5680.914249038,2325,3255000,0.000000
408,4.080065,5680.924248737,5680.924248737,2331,3263400,0.000000
409,4.090066,5680.934249984,5680.934249984,2337,3271800,0.000000
410,4.100068,5680.944252350,5680.944252350,2342,3278800,0.000000
411,4.110064,5680.954247834,5680.954247834,2348,3287200,0.000000
412,4.120068,5680.964251877,5680.964251877,2354,3295600,0.000000
413,4.130074,5680.974258347,5680.974258347,2360,3304000,0.000000
414,4.140064,5680.984247890,5680.984247890,2365,3311000,0.000000
415,4.150064,5680.994247756,5680.994247756,2371,3319400,0.000000
416,4.160059,5681.004242729,5681.004242729,2377,3327800,0.000000
417,4.170063,5681.014247293,5681.014247293,2382,3334800,0.000000
418,4.180067,5681.024250938,5681.024250938,2388,3343200,0.000000
419,4.190067,5681.034250522,5681.034250522,2394,3351600,0.000000
420,4.200047,5681.044230743,5681.044230743,2400,3360000,0.000000
421,4.210065,5681.054249137,5681.054249137,2405,3367000,0.000000
422,4.220067,5681.064250756,5681.064250756,2411,3375400,0.000000
423,4.230065,5681.074249279,5681.074249279,2417,3383800,0.000000
424,4.240069,5681.084252545,5681.084252545,2422,3390800,0.000000
425,4.250063,5681.094247086,5681.094247086,2428,3399200,0.000000
426,4.260065,5681.104249337,5681.104249337,2434,3407600,0.000000
427,4.270087,5681.114270926,5681.114270926,2440,3416000,0.000000
428,4.280068,5681.124251861,5681.124251861,2445,3423000,0.000000
429,4.290060,5681.134244432,5681.134244432,2451,3431400,0.000000
430,4.300074,5681.144258288,5681.144258288,2457,3439800,0.000000
431,4.310067,5681.154251046,5681.154251046,2462,3446800,0.000000
432,4.320062,5681.164245876,5681.164245876,2468,3455200,0.000000
433,4.330068,5681.174251482,5681.174251482,2474,3463600,0.000000
434,4.340099,5681.184282932,5681.184282932,2480,3472000,0.000000
435,4.350066,5681.194250029,5681.194250029,2485,3479000,0.000000
436,4.360069,5681.204252573,5681.204252573,2491,3487400,0.000000
437,4.370071,5681.214254618,5681.214254618,2497,3495800,0.000000
438,4.380069,5681.224253269,5681.224253269,2502,3502800,0.000000
439,4.390065,5681.234248911,5681.234248911,2508,3511200,0.000000
440,4.400063,5681.244246725,5681.244246725,2514,3519600,0.000000
441,4.410050,5681.254234319,5681.254234319,2520,3528000,0.000000
442,4.420069,5681.264252479,5681.264252479,2525,3535000,0.000000
443,4.430061,5681.274245015,5681.274245015,2531,3543400,0.000000
444,4.440062,5681.284245502,5681.284245502,2537,3551800,0.000000
445,4.450069,5681.294253239,5681.294253239,2542,3558800,0.000000
446,4.460064,5681.304247951,5681.304247951,2548,3567200,0.000000
447,4.470066,5681.314249631,5681.314249631,2554,3575600,0.000000
448,4.480080,5681.324263520,5681.324263520,2560,3584000,0.000000
449,4.490066,5681.334250057,5681.334250057,2565,3591000,0.000000
450,4.500067,5681.344250968,5681.344250968,2571,3599400,0.000000
451,4.510067,5681.354250809,5681.354250809,2577,3607800,0.000000
452,4.520070,5681.364253892,5681.364253892,2582,3614800,0.000000
453,4.530070,5681.374253790,5681.374253790,2588,3623200,0.000000
454,4.540067,5681.384250471,5681.384250471,2594,3631600,0.000000
455,4.550079,5681.394262783,5681.394262783,2600,3640000,0.000000
456,4.560083,5681.404267296,5681.404267296,2605,3647000,0.000000
457,4.570065,5681.414249080,5681.414249080,2611,3655400,0.000000
458,4.580061,5681.424245043,5681.424245043,2617,3663800,0.000000
459,4.590066,5681.434249519,5681.434249519,2622,3670800,0.000000
460,4.600065,5681.444248758,5681.444248758,2628,3679200,0.000000
461,4.610064,5681.454247854,5681.454247854,2634,3687600,0.000000
462,4.620081,5681.464265386,5681.464265386,2640,3696000,0.000000
463,4.630068,5681.474251856,5681.474251856,2645,3703000,0.000000
464,4.640065,5681.484248627,5681.484248627,2651,3711400,0.000000
465,4.650069,5681.494253002,5681.494253002,2657,3719800,0.000000
466,4.660060,5681.504243779,5681.504243779,2662,3726800,0.000000
467,4.670069,5681.514252660,5681.514252660,2668,3735200,0.000000
468,4.680064,5681.524248226,5681.524248226,2674,3743600,0.000000
469,4.690083,5681.534266566,5681.534266566,2680,3752000,0.000000
470,4.700067,5681.544250801,5681.544250801,2685,3759000,0.000000
471,4.710066,5681.554250255,5681.554250255,2691,3767400,0.000000
472,4.720069,5681.564252641,5681.564252641,2697,3775800,0.000000
473,4.730069,5681.574253178,5681.574253178,2702,3782800,0.000000
474,4.740068,5681.584252374,5681.584252374,2708,3791200,0.000000
475,4.750071,5681.594254460,5681.594254460,2714,3799600,0.000000
476,4.760083,5681.604266701,5681.604266701,2720,3808000,0.000000
477,4.770065,5681.614248905,5681.614248905,2725,3815000,0.000000
478,4.780059,5681.624243159,5681.624243159,2731,3823400,0.000000
479,4.790065,5681.634249399,5681.634249399,2737,3831800,0.000000
480,4.800072,5681.644255831,5681.644255831,2742,3838800,0.000000
481,4.810068,5681.654251601,5681.654251601,2748,3847200,0.000000
482,4.820067,5681.664250851,5681.664250851,2754,3855600,0.000000
483,4.830074,5681.674257914,5681.674257914,2760,3864000,0.000000
484,4.840059,5681.684242740,5681.684242740,2765,3871000,0.000000
485,4.850065,5681.694248874,5681.694248874,2771,3879400,0.000000
486,4.860062,5681.704246439,5681.704246439,2777,3887800,0.000000
487,4.870066,5681.714249491,5681.714249491,2782,3894800,0.000000
488,4.880067,5681.724250779,5681.724250779,2788,3903200,0.000000
489,4.890059,5681.734242970,5681.734242970,2794,3911600,0.000000
490,4.900077,5681.744260998,5681.744260998,2800,3920000,0.000000
491,4.910060,5681.754244128,5681.754244128,2805,3927000,0.000000
492,4.920065,5681.764249140,5681.764249140,2811,3935400,0.000000
493,4.930074,5681.774257906,5681.774257906,2817,3943800,0.000000
494,4.940071,5681.784255108,5681.784255108,2822,3950800,0.000000
495,4.950069,5681.794253400,5681.794253400,2828,3959200,0.000000
496,4.960070,5681.804254377,5681.804254377,2834,3967600,0.000000
497,4.970047,5681.814231118,5681.814231118,2840,3976000,0.000000
498,4.980072,5681.824255518,5681.824255518,2845,3983000,0.000000
499,4.990070,5681.834253951,5681.834253951,2851,3991400,0.000000
500,5.000071,5681.844254495,5681.844254495,2857,3999800,0.000000
501,5.010042,5681.854226148,5681.854226148,2862,4006800,0.000000
502,5.020065,5681.864249103,5681.864249103,2868,4015200,0.000000
503,5.030067,5681.874251070,5681.874251070,2874,4023600,0.000000
504,5.040082,5681.884266386,5681.884266386,2880,4032000,0.000000
505,5.050066,5681.894250275,5681.894250275,2885,4039000,0.000000
506,5.060066,5681.904250253,5681.904250253,2891,4047400,0.000000
507,5.070019,5681.914202704,5681.914202704,2897,4055800,0.000000
508,5.080068,5681.924251587,5681.924251587,2902,4062800,0.000000
509,5.090076,5681.934260320,5681.934260320,2908,4071200,0.000000
510,5.100061,5681.944245091,5681.944245091,2914,4079600,0.000000
511,5.110039,5681.954222893,5681.954222893,2920,4088000,0.000000
512,5.120075,5681.964258572,5681.964258572,2925,4095000,0.000000
513,5.130066,5681.974249625,5681.974249625,2931,4103400,0.000000
514,5.140020,5681.984204174,5681.984204174,2937,4111800,0.000000
515,5.150071,5681.994254629,5681.994254629,2942,4118800,0.000000
516,5.160068,5682.004251488,5682.004251488,2948,4127200,0.000000
517,5.170064,5682.014248453,5682.014248453,2954,4135600,0.000000
518,5.180078,5682.024262088,5682.024262088,2960,4144000,0.000000
519,5.190060,5682.034243621,5682.034243621,2965,4151000,0.000000
520,5.200066,5682.044250182,5682.044250182,2971,4159400,0.000000
521,5.210059,5682.054242983,5682.054242983,2977,4167800,0.000000
522,5.220066,5682.064249762,5682.064249762,2982,4174800,0.000000
523,5.230067,5682.074250651,5682.074250651,2988,4183200,0.000000
524,5.240059,5682.084243187,5682.084243187,2994,4191600,0.000000
525,5.250072,5682.094256294,5682.094256294,3000,4200000,0.000000
526,5.260066,5682.104250459,5682.104250459,3005,4207000,0.000000
527,5.270069,5682.114253333,5682.114253333,3011,4215400,0.000000
528,5.280063,5682.124247227,5682.124247227,3017,4223800,0.000000
529,5.290066,5682.134250308,5682.134250308,3022,4230800,0.000000
530,5.300067,5682.144250575,5682.144250575,3028,4239200,0.000000
531,5.310067,5682.154250973,5682.154250973,3034,4247600,0.000000
532,5.320081,5682.164265401,5682.164265401,3040,4256000,0.000000
533,5.330067,5682.174251237,5682.174251237,3045,4263000,0.000000
534,5.340060,5682.184243572,5682.184243572,3051,4271400,0.000000
535,5.350015,5682.194199300,5682.194199300,3057,4279800,0.000000
536,5.360067,5682.204250461,5682.204250461,3062,4286800,0.000000
537,5.370070,5682.214253509,5682.214253509,3068,4295200,0.000000
538,5.380068,5682.224251793,5682.224251793,3074,4303600,0.000000
539,5.390112,5682.234296107,5682.234296107,3080,4312000,0.000000
540,5.400067,5682.244250750,5682.244250750,3085,4319000,0.000000
541,5.410068,5682.254251629,5682.254251629,3091,4327400,0.000000
542,5.420063,5682.264246619,5682.264246619,3097,4335800,0.000000
543,5.430068,5682.274252264,5682.274252264,3102,4342800,0.000000
544,5.440065,5682.284248874,5682.284248874,3108,4351200,0.000000
545,5.450068,5682.294252187,5682.294252187,3114,4359600,0.000000
546,5.460079,5682.304263383,5682.304263383,3120,4368000,0.000000
547,5.470063,5682.314247132,5682.314247132,3125,4375000,0.000000
548,5.480067,5682.324250879,5682.324250879,3131,4383400,0.000000
549,5.490059,5682.334243379,5682.334243379,3137,4391800,0.000000
550,5.500064,5682.344248243,5682.344248243,3142,4398800,0.000000
551,5.510067,5682.354250515,5682.354250515,3148,4407200,0.000000
552,5.520067,5682.364250749,5682.364250749,3154,4415600,0.000000
553,5.530080,5682.374264417,5682.374264417,3160,4424000,0.000000
554,5.540065,5682.384249231,5682.384249231,3165,4431000,0.000000
555,5.550068,5682.394251636,5682.394251636,3171,4439400,0.000000
556,5.560062,5682.404246300,5682.404246300,3177,4447800,0.000000
557,5.570073,5682.414256790,5682.414256790,3182,4454800,0.000000
558,5.580068,5682.424251891,5682.424251891,3188,4463200,0.000000
559,5.590065,5682.434248713,5682.434248713,3194,4471600,0.000000
560,5.600073,5682.444256688,5682.444256688,3200,4480000,0.000000
561,5.610064,5682.454247785,5682.454247785,3205,4487000,0.000000
562,5.620066,5682.464249724,5682.464249724,3211,4495400,0.000000
563,5.630012,5682.474195834,5682.474195834,3217,4503800,0.000000
564,5.640067,5682.484251127,5682.484251127,3222,4510800,0.000000
565,5.650070,5682.494253489,5682.494253489,3228,4519200,0.000000
566,5.660066,5682.504250222,5682.504250222,3234,4527600,0.000000
567,5.670075,5682.514258493,5682.514258493,3240,4536000,0.000000
568,5.680066,5682.524249492,5682.524249492,3245,4543000,0.000000
569,5.690065,5682.534248737,5682.534248737,3251,4551400,0.000000
570,5.700062,5682.544246365,5682.544246365,3257,4559800,0.000000
571,5.710059,5682.554243294,5682.554243294,3262,4566800,0.000000
572,5.720062,5682.564246401,5682.564246401,3268,4575200,0.000000
573,5.730058,5682.574241912,5682.574241912,3274,4583600,0.000000
574,5.740071,5682.584255433,5682.584255433,3280,4592000,0.000000
575,5.750059,5682.594242573,5682.594242573,3285,4599000,0.000000
576,5.760064,5682.604247842,5682.604247842,3291,4607400,0.000000
577,5.770058,5682.614241788,5682.614241788,3297,4615800,0.000000
578,5.780064,5682.624248268,5682.624248268,3302,4622800,0.000000
579,5.790068,5682.634251786,5682.634251786,3308,4631200,0.000000
580,5.800067,5682.644250888,5682.644250888,3314,4639600,0.000000
581,5.810055,5682.654239456,5682.654239456,3320,4648000,0.000000
582,5.820071,5682.664254631,5682.664254631,3325,4655000,0.000000
583,5.830064,5682.674247985,5682.674247985,3331,4663400,0.000000
584,5.840059,5682.684242492,5682.684242492,3337,4671800,0.000000
585,5.850065,5682.694248649,5682.694248649,3342,4678800,0.000000
586,5.860063,5682.704246557,5682.704246557,3348,4687200,0.000000
587,5.870061,5682.714244860,5682.714244860,3354,4695600,0.000000
588,5.880073,5682.724257252,5682.724257252,3360,4704000,0.000000
589,5.890065,5682.734249244,5682.734249244,3365,4711000,0.000000
590,5.900065,5682.744249208,5682.744249208,3371,4719400,0.000000
591,5.910017,5682.754200828,5682.754200828,3377,4727800,0.000000
592,5.920064,5682.764247969,5682.764247969,3382,4734800,0.000000
593,5.930065,5682.774249347,5682.774249347,3388,4743200,0.000000
594,5.940066,5682.784249851,5682.784249851,3394,4751600,0.000000
595,5.950076,5682.794260383,5682.794260383,3400,4760000,0.000000
596,5.960065,5682.804248849,5682.804248849,3405,4767000,0.000000
597,5.970064,5682.814248360,5682.814248360,3411,4775400,0.000000
598,5.980063,5682.824247370,5682.824247370,3417,4783800,0.000000
599,5.990065,5682.834249297,5682.834249297,3422,4790800,0.000000
600,6.000067,5682.844251166,5682.844251166,3428,4799200,0.000000
601,6.010070,5682.854254405,5682.854254405,3434,4807600,0.000000
602,6.020077,5682.864261223,5682.864261223,3440,4816000,0.000000
603,6.030069,5682.874253290,5682.874253290,3445,4823000,0.000000
604,6.040063,5682.884247286,5682.884247286,3451,4831400,0.000000
605,6.050063,5682.894247322,5682.894247322,3457,4839800,0.000000
606,6.060067,5682.904250934,5682.904250934,3462,4846800,0.000000
607,6.070064,5682.914247962,5682.914247962,3468,4855200,0.000000
608,6.080058,5682.924241980,5682.924241980,3474,4863600,0.000000
609,6.090045,5682.934229426,5682.934229426,3480,4872000,0.000000
610,6.100068,5682.944251806,5682.944251806,3485,4879000,0.000000
611,6.110061,5682.954244677,5682.954244677,3491,4887400,0.000000
612,6.120062,5682.964246078,5682.964246078,3497,4895800,0.000000
613,6.130055,5682.974238511,5682.974238511,3502,4902800,0.000000
614,6.140072,5682.984255975,5682.984255975,3508,4911200,0.000000
615,6.150073,5682.994257213,5682.994257213,3514,4919600,0.000000
616,6.160078,5683.004262319,5683.004262319,3520,4928000,0.000000
617,6.170062,5683.014246413,5683.014246413,3525,4935000,0.000000
618,6.180065,5683.024249091,5683.024249091,3531,4943400,0.000000
619,6.190008,5683.034191711,5683.034191711,3537,4951800,0.000000
620,6.200066,5683.044250361,5683.044250361,3542,4958800,0.000000
621,6.210060,5683.054244213,5683.054244213,3548,4967200,0.000000
622,6.220062,5683.064246323,5683.064246323,3554,4975600,0.000000
623,6.230079,5683.074262519,5683.074262519,3560,4984000,0.000000
624,6.240059,5683.084243153,5683.084243153,3565,4991000,0.000000
625,6.250072,5683.094255557,5683.094255557,3571,4999400,0.000000
626,6.260077,5683.104260781,5683.104260781,3577,5007800,0.000000
627,6.270066,5683.114250046,5683.114250046,3582,5014800,0.000000
628,6.280066,5683.124249571,5683.124249571,3588,5023200,0.000000
629,6.290065,5683.134248504,5683.134248504,3594,5031600,0.000000
630,6.300099,5683.144282669,5683.144282669,3600,5040000,0.000000
631,6.310068,5683.154252460,5683.154252460,3605,5047000,0.000000
632,6.320067,5683.164250557,5683.164250557,3611,5055400,0.000000
633,6.330063,5683.174247397,5683.174247397,3617,5063800,0.000000
634,6.340088,5683.184271711,5683.184271711,3622,5070800,0.000000
635,6.350072,5683.194255823,5683.194255823,3628,5079200,0.000000
636,6.360062,5683.204246024,5683.204246024,3634,5087600,0.000000
637,6.370074,5683.214258329,5683.214258329,3640,5096000,0.000000
638,6.380067,5683.224251020,5683.224251020,3645,5103000,0.000000
639,6.390059,5683.234242475,5683.234242475,3651,5111400,0.000000
640,6.400061,5683.244245349,5683.244245349,3657,5119800,0.000000
641,6.410059,5683.254242669,5683.254242669,3662,5126800,0.000000
642,6.420063,5683.264247373,5683.264247373,3668,5135200,0.000000
643,6.430059,5683.274242700,5683.274242700,3674,5143600,0.000000
644,6.440070,5683.284253529,5683.284253529,3680,5152000,0.000000
645,6.450064,5683.294248432,5683.294248432,3685,5159000,0.000000
646,6.460072,5683.304255741,5683.304255741,3691,5167400,0.000000
647,6.470064,5683.314248184,5683.314248184,3697,5175800,0.000000
648,6.480064,5683.324248054,5683.324248054,3702,5182800,0.000000
649,6.490062,5683.334246192,5683.334246192,3708,5191200,0.000000
650,6.500066,5683.344249791,5683.344249791,3714,5199600,0.000000
651,6.510076,5683.354260436,5683.354260436,3720,5208000,0.000000
652,6.520061,5683.364244770,5683.364244770,3725,5215000,0.000000
653,6.530065,5683.374249343,5683.374249343,3731,5223400,0.000000
654,6.540062,5683.384245968,5683.384245968,3737,5231800,0.000000
655,6.550088,5683.394272172,5683.394272172,3742,5238800,0.000000
656,6.560060,5683.404244085,5683.404244085,3748,5247200,0.000000
657,6.570064,5683.414248365,5683.414248365,3754,5255600,0.000000
658,6.580079,5683.424263193,5683.424263193,3760,5264000,0.000000
659,6.590063,5683.434247032,5683.434247032,3765,5271000,0.000000
660,6.600064,5683.444248432,5683.444248432,3771,5279400,0.000000
661,6.610063,5683.454246829,5683.454246829,3777,5287800,0.000000
662,6.620070,5683.464253797,5683.464253797,3782,5294800,0.000000
663,6.630068,5683.474252190,5683.474252190,3788,5303200,0.000000
664,6.640070,5683.484253574,5683.484253574,3794,5311600,0.000000
665,6.650054,5683.494237602,5683.494237602,3800,5320000,0.000000
666,6.660070,5683.504253703,5683.504253703,3805,5327000,0.000000
667,6.670064,5683.514248395,5683.514248395,3811,5335400,0.000000
668,6.680063,5683.524247121,5683.524247121,3817,5343800,0.000000
669,6.690071,5683.534255008,5683.534255008,3822,5350800,0.000000
670,6.700064,5683.544247782,5683.544247782,3828,5359200,0.000000
671,6.710060,5683.554244320,5683.554244320,3834,5367600,0.000000
672,6.720079,5683.564262822,5683.564262822,3840,5376000,0.000000
673,6.730064,5683.574248274,5683.574248274,3845,5383000,0.000000
674,6.740064,5683.584247631,5683.584247631,3851,5391400,0.000000
675,6.750020,5683.594203514,5683.594203514,3857,5399800,0.000000
676,6.760065,5683.604249211,5683.604249211,3862,5406800,0.000000
677,6.770062,5683.614246351,5683.614246351,3868,5415200,0.000000
678,6.780085,5683.624269381,5683.624269381,3874,5423600,0.000000
679,6.790068,5683.634251844,5683.634251844,3880,5432000,0.000000
680,6.800067,5683.644250758,5683.644250758,3885,5439000,0.000000
681,6.810066,5683.654249622,5683.654249622,3891,5447400,0.000000
682,6.820062,5683.664246095,5683.664246095,3897,5455800,0.000000
683,6.830066,5683.674249559,5683.674249559,3902,5462800,0.000000
684,6.840067,5683.684250705,5683.684250705,3908,5471200,0.000000
685,6.850070,5683.694253619,5683.694253619,3914,5479600,0.000000
686,6.860080,5683.704263801,5683.704263801,3920,5488000,0.000000
687,6.870033,5683.714217057,5683.714217057,3925,5495000,0.000000
688,6.880065,5683.724249368,5683.724249368,3931,5503400,0.000000
689,6.890060,5683.734243722,5683.734243722,3937,5511800,0.000000
690,6.900067,5683.744250736,5683.744250736,3942,5518800,0.000000
691,6.910068,5683.754251981,5683.754251981,3948,5527200,0.000000
692,6.920073,5683.764256972,5683.764256972,3954,5535600,0.000000
693,6.930043,5683.774226736,5683.774226736,3960,5544000,0.000000
694,6.940070,5683.784254363,5683.784254363,3965,5551000,0.000000
695,6.950059,5683.794242666,5683.794242666,3971,5559400,0.000000
696,6.960069,5683.804252531,5683.804252531,3977,5567800,0.000000
697,6.970037,5683.814221261,5683.814221261,3982,5574800,0.000000
698,6.980070,5683.824253801,5683.824253801,3988,5583200,0.000000
699,6.990069,5683.834252473,5683.834252473,3994,5591600,0.000000
700,7.000099,5683.844282910,5683.844282910,4000,5600000,0.000000
701,7.010073,5683.854257314,5683.854257314,4005,5607000,0.000000
702,7.020085,5683.864269265,5683.864269265,4011,5615400,0.000000
703,7.030059,5683.874243089,5683.874243089,4017,5623800,0.000000
704,7.040068,5683.884252121,5683.884252121,4022,5630800,0.000000
705,7.050069,5683.894252637,5683.894252637,4028,5639200,0.000000
706,7.060064,5683.904248433,5683.904248433,4034,5647600,0.000000
707,7.070075,5683.914258735,5683.914258735,4040,5656000,0.000000
708,7.080070,5683.924253643,5683.924253643,4045,5663000,0.000000
709,7.090064,5683.934247927,5683.934247927,4051,5671400,0.000000
710,7.100060,5683.944243736,5683.944243736,4057,5679800,0.000000
711,7.110066,5683.954250274,5683.954250274,4062,5686800,0.000000
712,7.120071,5683.964254517,5683.964254517,4068,5695200,0.000000
713,7.130072,5683.974256458,5683.974256458,4074,5703600,0.000000
714,7.140081,5683.984264527,5683.984264527,4080,5712000,0.000000
715,7.150064,5683.994247596,5683.994247596,4085,5719000,0.000000
716,7.160065,5684.004248806,5684.004248806,4091,5727400,0.000000
717,7.170058,5684.014242243,5684.014242243,4097,5735800,0.000000
718,7.180062,5684.024246247,5684.024246247,4102,5742800,0.000000
719,7.190070,5684.034254150,5684.034254150,4108,5751200,0.000000
720,7.200068,5684.044252355,5684.044252355,4114,5759600,0.000000
721,7.210076,5684.054259669,5684.054259669,4120,5768000,0.000000
722,7.220069,5684.064253359,5684.064253359,4125,5775000,0.000000
723,7.230066,5684.074249807,5684.074249807,4131,5783400,0.000000
724,7.240058,5684.084242085,5684.084242085,4137,5791800,0.000000
725,7.250060,5684.094244456,5684.094244456,4142,5798800,0.000000
726,7.260065,5684.104249417,5684.104249417,4148,5807200,0.000000
727,7.270046,5684.114229841,5684.114229841,4154,5815600,0.000000
728,7.280076,5684.124259681,5684.124259681,4160,5824000,0.000000
729,7.290064,5684.134247834,5684.134247834,4165,5831000,0.000000
730,7.300064,5684.144248121,5684.144248121,4171,5839400,0.000000
731,7.310058,5684.154242165,5684.154242165,4177,5847800,0.000000
732,7.320065,5684.164249193,5684.164249193,4182,5854800,0.000000
733,7.330066,5684.174249637,5684.174249637,4188,5863200,0.000000
734,7.340018,5684.184201544,5684.184201544,4194,5871600,0.000000
735,7.350076,5684.194259895,5684.194259895,4200,5880000,0.000000
736,7.360057,5684.204240609,5684.204240609,4205,5887000,0.000000
737,7.370064,5684.214247666,5684.214247666,4211,5895400,0.000000
738,7.380067,5684.224250951,5684.224250951,4217,5903800,0.000000
739,7.390066,5684.234249757,5684.234249757,4222,5910800,0.000000
740,7.400066,5684.244250249,5684.244250249,4228,5919200,0.000000
741,7.410061,5684.254245326,5684.254245326,4234,5927600,0.000000
742,7.420084,5684.264267942,5684.264267942,4240,5936000,0.000000
743,7.430072,5684.274256069,5684.274256069,4245,5943000,0.000000
744,7.440064,5684.284247983,5684.284247983,4251,5951400,0.000000
745,7.450058,5684.294242065,5684.294242065,4257,5959800,0.000000
746,7.460063,5684.304247211,5684.304247211,4262,5966800,0.000000
747,7.470082,5684.314266173,5684.314266173,4268,5975200,0.000000
748,7.480065,5684.324249002,5684.324249002,4274,5983600,0.000000
749,7.490077,5684.334261195,5684.334261195,4280,5992000,0.000000
750,7.500066,5684.344250248,5684.344250248,4285,5999000,0.000000
751,7.510059,5684.354243288,5684.354243288,4291,6007400,0.000000
752,7.520062,5684.364245937,5684.364245937,4297,6015800,0.000000
753,7.530070,5684.374253899,5684.374253899,4302,6022800,0.000000
754,7.540064,5684.384247890,5684.384247890,4308,6031200,0.000000
755,7.550065,5684.394249181,5684.394249181,4314,6039600,0.000000
756,7.560073,5684.404256693,5684.404256693,4320,6048000,0.000000
757,7.570064,5684.414248138,5684.414248138,4325,6055000,0.000000
758,7.580064,5684.424248224,5684.424248224,4331,6063400,0.000000
759,7.590063,5684.434247436,5684.434247436,4337,6071800,0.000000
760,7.600069,5684.444253054,5684.444253054,4342,6078800,0.000000
761,7.610064,5684.454247914,5684.454247914,4348,6087200,0.000000
762,7.620068,5684.464252247,5684.464252247,4354,6095600,0.000000
763,7.630078,5684.474262381,5684.474262381,4360,6104000,0.000000
764,7.640081,5684.484264682,5684.484264682,4365,6111000,0.000000
765,7.650066,5684.494249703,5684.494249703,4371,6119400,0.000000
766,7.660064,5684.504247479,5684.504247479,4377,6127800,0.000000
767,7.670070,5684.514253814,5684.514253814,4382,6134800,0.000000
768,7.680080,5684.524263974,5684.524263974,4388,6143200,0.000000
769,7.690068,5684.534251510,5684.534251510,4394,6151600,0.000000
770,7.700078,5684.544261846,5684.544261846,4400,6160000,0.000000
771,7.710060,5684.554243996,5684.554243996,4405,6167000,0.000000
772,7.720066,5684.564249605,5684.564249605,4411,6175400,0.000000
773,7.730058,5684.574242216,5684.574242216,4417,6183800,0.000000
774,7.740069,5684.584253295,5684.584253295,4422,6190800,0.000000
775,7.750071,5684.594254516,5684.594254516,4428,6199200,0.000000
776,7.760065,5684.604248618,5684.604248618,4434,6207600,0.000000
777,7.770087,5684.614270542,5684.614270542,4440,6216000,0.000000
778,7.780066,5684.624250067,5684.624250067,4445,6223000,0.000000
779,7.790069,5684.634253405,5684.634253405,4451,6231400,0.000000
780,7.800066,5684.644250324,5684.644250324,4457,6239800,0.000000
781,7.810068,5684.654251961,5684.654251961,4462,6246800,0.000000
782,7.820074,5684.664258317,5684.664258317,4468,6255200,0.000000
783,7.830067,5684.674251089,5684.674251089,4474,6263600,0.000000
784,7.840108,5684.684292401,5684.684292401,4480,6272000,0.000000
785,7.850067,5684.694250609,5684.694250609,4485,6279000,0.000000
786,7.860066,5684.704249493,5684.704249493,4491,6287400,0.000000
787,7.870060,5684.714243555,5684.714243555,4497,6295800,0.000000
788,7.880065,5684.724249196,5684.724249196,4502,6302800,0.000000
789,7.890066,5684.734250171,5684.734250171,4508,6311200,0.000000
790,7.900067,5684.744250574,5684.744250574,4514,6319600,0.000000
791,7.910074,5684.754257803,5684.754257803,4520,6328000,0.000000
792,7.920071,5684.764254610,5684.764254610,4525,6335000,0.000000
793,7.930068,5684.774252196,5684.774252196,4531,6343400,0.000000
794,7.940031,5684.784214886,5684.784214886,4537,6351800,0.000000
795,7.950067,5684.794250951,5684.794250951,4542,6358800,0.000000
796,7.960066,5684.804249632,5684.804249632,4548,6367200,0.000000
797,7.970068,5684.814252263,5684.814252263,4554,6375600,0.000000
798,7.980091,5684.824275285,5684.824275285,4560,6384000,0.000000
799,7.990077,5684.834260827,5684.834260827,4565,6391000,0.000000
800,8.000079,5684.844262818,5684.844262818,4571,6399400,0.000000
801,8.010069,5684.854253249,5684.854253249,4577,6407800,0.000000
802,8.020067,5684.864250789,5684.864250789,4582,6414800,0.000000
803,8.030081,5684.874265137,5684.874265137,4588,6423200,0.000000
804,8.040071,5684.884255406,5684.884255406,4594,6431600,0.000000
805,8.050059,5684.894242972,5684.894242972,4600,6440000,0.000000
806,8.060070,5684.904253477,5684.904253477,4605,6447000,0.000000
807,8.070064,5684.914247977,5684.914247977,4611,6455400,0.000000
808,8.080068,5684.924251788,5684.924251788,4617,6463800,0.000000
809,8.090067,5684.934251316,5684.934251316,4622,6470800,0.000000
810,8.100068,5684.944251642,5684.944251642,4628,6479200,0.000000
811,8.110065,5684.954249271,5684.954249271,4634,6487600,0.000000
812,8.120079,5684.964263352,5684.964263352,4640,6496000,0.000000
813,8.130066,5684.974250243,5684.974250243,4645,6503000,0.000000
814,8.140065,5684.984249249,5684.984249249,4651,6511400,0.000000
815,8.150065,5684.994248544,5684.994248544,4657,6519800,0.000000
816,8.160067,5685.004251124,5685.004251124,4662,6526800,0.000000
817,8.170066,5685.014249762,5685.014249762,4668,6535200,0.000000
818,8.180092,5685.024275484,5685.024275484,4674,6543600,0.000000
819,8.190076,5685.034259593,5685.034259593,4680,6552000,0.000000
820,8.200068,5685.044251989,5685.044251989,4685,6559000,0.000000
821,8.210065,5685.054248739,5685.054248739,4691,6567400,0.000000
822,8.220065,5685.064249017,5685.064249017,4697,6575800,0.000000
823,8.230069,5685.074252480,5685.074252480,4702,6582800,0.000000
824,8.240070,5685.084253546,5685.084253546,4708,6591200,0.000000
825,8.250065,5685.094249265,5685.094249265,4714,6599600,0.000000
826,8.260080,5685.104264451,5685.104264451,4720,6608000,0.000000
827,8.270064,5685.114247841,5685.114247841,4725,6615000,0.000000
828,8.280064,5685.124248399,5685.124248399,4731,6623400,0.000000
829,8.290061,5685.134245430,5685.134245430,4737,6631800,0.000000
830,8.300065,5685.144248598,5685.144248598,4742,6638800,0.000000
831,8.310067,5685.154250943,5685.154250943,4748,6647200,0.000000
832,8.320066,5685.164249507,5685.164249507,4754,6655600,0.000000
833,8.330074,5685.174258260,5685.174258260,4760,6664000,0.000000
834,8.340066,5685.184249553,5685.184249553,4765,6671000,0.000000
835,8.350061,5685.194245389,5685.194245389,4771,6679400,0.000000
836,8.360065,5685.204249150,5685.204249150,4777,6687800,0.000000
837,8.370050,5685.214234111,5685.214234111,4782,6694800,0.000000
838,8.380063,5685.224247011,5685.224247011,4788,6703200,0.000000
839,8.390059,5685.234242947,5685.234242947,4794,6711600,0.000000
840,8.400072,5685.244255601,5685.244255601,4800,6720000,0.000000
841,8.410070,5685.254253568,5685.254253568,4805,6727000,0.000000
842,8.420067,5685.264250768,5685.264250768,4811,6735400,0.000000
843,8.430024,5685.274207513,5685.274207513,4817,6743800,0.000000
844,8.440066,5685.284250306,5685.284250306,4822,6750800,0.000000
845,8.450065,5685.294249446,5685.294249446,4828,6759200,0.000000
846,8.460065,5685.304249369,5685.304249369,4834,6767600,0.000000
847,8.470075,5685.314259267,5685.314259267,4840,6776000,0.000000
848,8.480028,5685.324212315,5685.324212315,4845,6783000,0.000000
849,8.490067,5685.334251005,5685.334251005,4851,6791400,0.000000
850,8.500066,5685.344249479,5685.344249479,4857,6799800,0.000000
851,8.510071,5685.354255432,5685.354255432,4862,6806800,0.000000
852,8.520062,5685.364246216,5685.364246216,4868,6815200,0.000000
853,8.530059,5685.374243084,5685.374243084,4874,6823600,0.000000
854,8.540074,5685.384258456,5685.384258456,4880,6832000,0.000000
855,8.550065,5685.394248658,5685.394248658,4885,6839000,0.000000
856,8.560064,5685.404247929,5685.404247929,4891,6847400,0.000000
857,8.570062,5685.414246395,5685.414246395,4897,6855800,0.000000
858,8.580041,5685.424225037,5685.424225037,4902,6862800,0.000000
859,8.590069,5685.434253017,5685.434253017,4908,6871200,0.000000
860,8.600070,5685.444253996,5685.444253996,4914,6879600,0.000000
861,8.610078,5685.454261692,5685.454261692,4920,6888000,0.000000
862,8.620066,5685.464249594,5685.464249594,4925,6895000,0.000000
863,8.630064,5685.474248023,5685.474248023,4931,6903400,0.000000
864,8.640066,5685.484250374,5685.484250374,4937,6911800,0.000000
865,8.650065,5685.494249322,5685.494249322,4942,6918800,0.000000
866,8.660064,5685.504247487,5685.504247487,4948,6927200,0.000000
867,8.670072,5685.514256095,5685.514256095,4954,6935600,0.000000
868,8.680047,5685.524230963,5685.524230963,4960,6944000,0.000000
869,8.690066,5685.534249478,5685.534249478,4965,6951000,0.000000
870,8.700064,5685.544247570,5685.544247570,4971,6959400,0.000000
871,8.710064,5685.554247645,5685.554247645,4977,6967800,0.000000
872,8.720091,5685.564274993,5685.564274993,4982,6974800,0.000000
873,8.730066,5685.574250168,5685.574250168,4988,6983200,0.000000
874,8.740065,5685.584248862,5685.584248862,4994,6991600,0.000000
875,8.750075,5685.594258722,5685.594258722,5000,7000000,0.000000
876,8.760063,5685.604246619,5685.604246619,5005,7007000,0.000000
877,8.770063,5685.614247414,5685.614247414,5011,7015400,0.000000
878,8.780063,5685.624246857,5685.624246857,5017,7023800,0.000000
879,8.790064,5685.634247887,5685.634247887,5022,7030800,0.000000
880,8.800066,5685.644249698,5685.644249698,5028,7039200,0.000000
881,8.810059,5685.654243219,5685.654243219,5034,7047600,0.000000
882,8.820069,5685.664252612,5685.664252612,5040,7056000,0.000000
883,8.830066,5685.674250091,5685.674250091,5045,7063000,0.000000
884,8.840066,5685.684249812,5685.684249812,5051,7071400,0.000000
885,8.850058,5685.694242321,5685.694242321,5057,7079800,0.000000
886,8.860068,5685.704251858,5685.704251858,5062,7086800,0.000000
887,8.870067,5685.714250731,5685.714250731,5068,7095200,0.000000
888,8.880064,5685.724248337,5685.724248337,5074,7103600,0.000000
889,8.890083,5685.734267377,5685.734267377,5080,7112000,0.000000
890,8.900088,5685.744271700,5685.744271700,5085,7119000,0.000000
891,8.910062,5685.754245695,5685.754245695,5091,7127400,0.000000
892,8.920064,5685.764247861,5685.764247861,5097,7135800,0.000000
893,8.930069,5685.774253306,5685.774253306,5102,7142800,0.000000
894,8.940063,5685.784247285,5685.784247285,5108,7151200,0.000000
895,8.950064,5685.794247504,5685.794247504,5114,7159600,0.000000
896,8.960070,5685.804253929,5685.804253929,5120,7168000,0.000000
897,8.970068,5685.814252046,5685.814252046,5125,7175000,0.000000
898,8.980069,5685.824252670,5685.824252670,5131,7183400,0.000000
899,8.990060,5685.834244009,5685.834244009,5137,7191800,0.000000
900,9.000076,5685.844259856,5685.844259856,5142,7198800,0.000000
901,9.010065,5685.854248542,5685.854248542,5148,7207200,0.000000
902,9.020070,5685.864254373,5685.864254373,5154,7215600,0.000000
903,9.030082,5685.874266185,5685.874266185,5160,7224000,0.000000
904,9.040094,5685.884277544,5685.884277544,5165,7231000,0.000000
905,9.050069,5685.894252537,5685.894252537,5171,7239400,0.000000
906,9.060058,5685.904242079,5685.904242079,5177,7247800,0.000000
907,9.070073,5685.914256617,5685.914256617,5182,7254800,0.000000
908,9.080066,5685.924250456,5685.924250456,5188,7263200,0.000000
909,9.090067,5685.934250968,5685.934250968,5194,7271600,0.000000
910,9.100075,5685.944259122,5685.944259122,5200,7280000,0.000000
911,9.110060,5685.954243963,5685.954243963,5205,7287000,0.000000
912,9.120064,5685.964247711,5685.964247711,5211,7295400,0.000000
913,9.130067,5685.974251459,5685.974251459,5217,7303800,0.000000
914,9.140059,5685.984243000,5685.984243000,5222,7310800,0.000000
915,9.150066,5685.994250097,5685.994250097,5228,7319200,0.000000
916,9.160066,5686.004249961,5686.004249961,5234,7327600,0.000000
917,9.170043,5686.014226725,5686.014226725,5240,7336000,0.000000
918,9.180071,5686.024254566,5686.024254566,5245,7343000,0.000000
919,9.190065,5686.034249264,5686.034249264,5251,7351400,0.000000
920,9.200063,5686.044247126,5686.044247126,5257,7359800,0.000000
921,9.210066,5686.054250454,5686.054250454,5262,7366800,0.000000
922,9.220065,5686.064249359,5686.064249359,5268,7375200,0.000000
923,9.230061,5686.074244577,5686.074244577,5274,7383600,0.000000
924,9.240079,5686.084263053,5686.084263053,5280,7392000,0.000000
925,9.250066,5686.094249584,5686.094249584,5285,7399000,0.000000
926,9.260064,5686.104248296,5686.104248296,5291,7407400,0.000000
927,9.270013,5686.114197020,5686.114197020,5297,7415800,0.000000
928,9.280060,5686.124244181,5686.124244181,5302,7422800,0.000000
929,9.290068,5686.134251827,5686.134251827,5308,7431200,0.000000
930,9.300070,5686.144253819,5686.144253819,5314,7439600,0.000000
931,9.310080,5686.154263950,5686.154263950,5320,7448000,0.000000
932,9.320064,5686.164248321,5686.164248321,5325,7455000,0.000000
933,9.330056,5686.174240176,5686.174240176,5331,7463400,0.000000
934,9.340063,5686.184246545,5686.184246545,5337,7471800,0.000000
935,9.350067,5686.194251104,5686.194251104,5342,7478800,0.000000
936,9.360069,5686.204253299,5686.204253299,5348,7487200,0.000000
937,9.370069,5686.214253441,5686.214253441,5354,7495600,0.000000
938,9.380082,5686.224265915,5686.224265915,5360,7504000,0.000000
939,9.390054,5686.234237936,5686.234237936,5365,7511000,0.000000
940,9.400064,5686.244248197,5686.244248197,5371,7519400,0.000000
941,9.410059,5686.254242756,5686.254242756,5377,7527800,0.000000
942,9.420035,5686.264218525,5686.264218525,5382,7534800,0.000000
943,9.430064,5686.274248277,5686.274248277,5388,7543200,0.000000
944,9.440067,5686.284251309,5686.284251309,5394,7551600,0.000000
945,9.450072,5686.294256414,5686.294256414,5400,7560000,0.000000
946,9.460086,5686.304270252,5686.304270252,5405,7567000,0.000000
947,9.470065,5686.314248808,5686.314248808,5411,7575400,0.000000
948,9.480064,5686.324247503,5686.324247503,5417,7583800,0.000000
949,9.490072,5686.334255971,5686.334255971,5422,7590800,0.000000
950,9.500066,5686.344249526,5686.344249526,5428,7599200,0.000000
951,9.510061,5686.354245323,5686.354245323,5434,7607600,0.000000
952,9.520082,5686.364266346,5686.364266346,5440,7616000,0.000000
953,9.530067,5686.374251108,5686.374251108,5445,7623000,0.000000
954,9.540065,5686.384248750,5686.384248750,5451,7631400,0.000000
955,9.550017,5686.394200706,5686.394200706,5457,7639800,0.000000
956,9.560069,5686.404253364,5686.404253364,5462,7646800,0.000000
957,9.570064,5686.414248438,5686.414248438,5468,7655200,0.000000
958,9.580069,5686.424252627,5686.424252627,5474,7663600,0.000000
959,9.590113,5686.434296930,5686.434296930,5480,7672000,0.000000
960,9.600062,5686.444245918,5686.444245918,5485,7679000,0.000000
961,9.610066,5686.454249866,5686.454249866,5491,7687400,0.000000
962,9.620063,5686.464246541,5686.464246541,5497,7695800,0.000000
963,9.630068,5686.474252257,5686.474252257,5502,7702800,0.000000
964,9.640067,5686.484250722,5686.484250722,5508,7711200,0.000000
965,9.650072,5686.494255522,5686.494255522,5514,7719600,0.000000
966,9.660113,5686.504296532,5686.504296532,5520,7728000,0.000000
967,9.670073,5686.514256665,5686.514256665,5525,7735000,0.000000
968,9.680065,5686.524249405,5686.524249405,5531,7743400,0.000000
969,9.690060,5686.534243776,5686.534243776,5537,7751800,0.000000
970,9.700067,5686.544251228,5686.544251228,5542,7758800,0.000000
971,9.710070,5686.554253898,5686.554253898,5548,7767200,0.000000
972,9.720050,5686.564234216,5686.564234216,5554,7775600,0.000000
973,9.730073,5686.574257111,5686.574257111,5560,7784000,0.000000
974,9.740066,5686.584250442,5686.584250442,5565,7791000,0.000000
975,9.750063,5686.594246586,5686.594246586,5571,7799400,0.000000
976,9.760065,5686.604249213,5686.604249213,5577,7807800,0.000000
977,9.770065,5686.614248730,5686.614248730,5582,7814800,0.000000
978,9.780064,5686.624247948,5686.624247948,5588,7823200,0.000000
979,9.790068,5686.634251463,5686.634251463,5594,7831600,0.000000
980,9.800081,5686.644265267,5686.644265267,5600,7840000,0.000000
981,9.810067,5686.654251195,5686.654251195,5605,7847000,0.000000
982,9.820065,5686.664248815,5686.664248815,5611,7855400,0.000000
983,9.830018,5686.674202213,5686.674202213,5617,7863800,0.000000
984,9.840072,5686.684255545,5686.684255545,5622,7870800,0.000000
985,9.850066,5686.694249812,5686.694249812,5628,7879200,0.000000
986,9.860065,5686.704249313,5686.704249313,5634,7887600,0.000000
987,9.870102,5686.714286439,5686.714286439,5640,7896000,0.000000
988,9.880069,5686.724252776,5686.724252776,5645,7903000,0.000000
989,9.890066,5686.734250092,5686.734250092,5651,7911400,0.000000
990,9.900064,5686.744247561,5686.744247561,5657,7919800,0.000000
991,9.910063,5686.754246706,5686.754246706,5662,7926800,0.000000
992,9.920065,5686.764248619,5686.764248619,5668,7935200,0.000000
993,9.930060,5686.774243473,5686.774243473,5674,7943600,0.000000
994,9.940075,5686.784258480,5686.784258480,5680,7952000,0.000000
995,9.950066,5686.794249606,5686.794249606,5685,7959000,0.000000
996,9.960066,5686.804249650,5686.804249650,5691,7967400,0.000000
997,9.970062,5686.814246357,5686.814246357,5697,7975800,0.000000
998,9.980066,5686.824249967,5686.824249967,5702,7982800,0.000000
999,9.990066,5686.834249862,5686.834249862,5708,7991200,0.000000
1000,10.000066,5686.844250385,5686.844250385,5714,7999600,0.000000
1001,10.010070,5686.854253477,5686.854253477,5720,8008000,0.000000
1002,10.020070,5686.864254051,5686.864254051,5725,8015000,0.000000
1003,10.030064,5686.874248421,5686.874248421,5731,8023400,0.000000
1004,10.040065,5686.884248766,5686.884248766,5737,8031800,0.000000
1005,10.050068,5686.894251792,5686.894251792,5742,8038800,0.000000
1006,10.060059,5686.904242540,5686.904242540,5748,8047200,0.000000
1007,10.070070,5686.914254192,5686.914254192,5754,8055600,0.000000
1008,10.080079,5686.924263288,5686.924263288,5760,8064000,0.000000
1009,10.090067,5686.934250468,5686.934250468,5765,8071000,0.000000
1010,10.100066,5686.944249571,5686.944249571,5771,8079400,0.000000
1011,10.110063,5686.954247384,5686.954247384,5777,8087800,0.000000
1012,10.120065,5686.964249273,5686.964249273,5782,8094800,0.000000
1013,10.130068,5686.974252161,5686.974252161,5788,8103200,0.000000
1014,10.140065,5686.984249058,5686.984249058,5794,8111600,0.000000
1015,10.150078,5686.994261768,5686.994261768,5800,8120000,0.000000
1016,10.160066,5687.004249893,5687.004249893,5805,8127000,0.000000
1017,10.170075,5687.014258601,5687.014258601,5811,8135400,0.000000
1018,10.180063,5687.024246642,5687.024246642,5817,8143800,0.000000
1019,10.190068,5687.034252240,5687.034252240,5822,8150800,0.000000
1020,10.200064,5687.044247902,5687.044247902,5828,8159200,0.000000
1021,10.210061,5687.054245341,5687.054245341,5834,8167600,0.000000
1022,10.220076,5687.064259543,5687.064259543,5840,8176000,0.000000
1023,10.230065,5687.074248991,5687.074248991,5845,8183000,0.000000
1024,10.240065,5687.084249365,5687.084249365,5851,8191400,0.000000
1025,10.250104,5687.094287930,5687.094287930,5857,8199800,0.000000
1026,10.260068,5687.104251973,5687.104251973,5862,8206800,0.000000
1027,10.270066,5687.114250277,5687.114250277,5868,8215200,0.000000
1028,10.280069,5687.124252939,5687.124252939,5874,8223600,0.000000
1029,10.290081,5687.134264660,5687.134264660,5880,8232000,0.000000
1030,10.300065,5687.144249312,5687.144249312,5885,8239000,0.000000
1031,10.310074,5687.154257841,5687.154257841,5891,8247400,0.000000
1032,10.320059,5687.164242558,5687.164242558,5897,8255800,0.000000
1033,10.330067,5687.174251373,5687.174251373,5902,8262800,0.000000
1034,10.340064,5687.184248451,5687.184248451,5908,8271200,0.000000
1035,10.350068,5687.194251475,5687.194251475,5914,8279600,0.000000
1036,10.360078,5687.204262433,5687.204262433,5920,8288000,0.000000
1037,10.370066,5687.214250124,5687.214250124,5925,8295000,0.000000
1038,10.380067,5687.224250522,5687.224250522,5931,8303400,0.000000
1039,10.390065,5687.234249306,5687.234249306,5937,8311800,0.000000
1040,10.400069,5687.244252492,5687.244252492,5942,8318800,0.000000
1041,10.410063,5687.254247458,5687.254247458,5948,8327200,0.000000
1042,10.420065,5687.264248859,5687.264248859,5954,8335600,0.000000
1043,10.430041,5687.274225156,5687.274225156,5960,8344000,0.000000
1044,10.440063,5687.284246494,5687.284246494,5965,8351000,0.000000
1045,10.450074,5687.294257841,5687.294257841,5971,8359400,0.000000
1046,10.460063,5687.304247078,5687.304247078,5977,8367800,0.000000
1047,10.470065,5687.314249138,5687.314249138,5982,8374800,0.000000
1048,10.480065,5687.324248652,5687.324248652,5988,8383200,0.000000
1049,10.490066,5687.334249694,5687.334249694,5994,8391600,0.000000
1050,10.500082,5687.344266009,5687.344266009,6000,8400000,0.000000
1051,10.510069,5687.354253122,5687.354253122,6005,8407000,0.000000
1052,10.520068,5687.364251908,5687.364251908,6011,8415400,0.000000
1053,10.530064,5687.374247662,5687.374247662,6017,8423800,0.000000
1054,10.540071,5687.384254636,5687.384254636,6022,8430800,0.000000
1055,10.550064,5687.394248403,5687.394248403,6028,8439200,0.000000
1056,10.560065,5687.404249282,5687.404249282,6034,8447600,0.000000
1057,10.570075,5687.414259439,5687.414259439,6040,8456000,0.000000
1058,10.580067,5687.424251013,5687.424251013,6045,8463000,0.000000
1059,10.590033,5687.434216664,5687.434216664,6051,8471400,0.000000
1060,10.600058,5687.444242099,5687.444242099,6057,8479800,0.000000
1061,10.610065,5687.454249131,5687.454249131,6062,8486800,0.000000
1062,10.620066,5687.464250376,5687.464250376,6068,8495200,0.000000
1063,10.630066,5687.474249828,5687.474249828,6074,8503600,0.000000
1064,10.640079,5687.484263433,5687.484263433,6080,8512000,0.000000
1065,10.650067,5687.494250562,5687.494250562,6085,8519000,0.000000
1066,10.660067,5687.504250686,5687.504250686,6091,8527400,0.000000
1067,10.670018,5687.514202020,5687.514202020,6097,8535800,0.000000
1068,10.680068,5687.524251514,5687.524251514,6102,8542800,0.000000
1069,10.690066,5687.534250037,5687.534250037,6108,8551200,0.000000
1070,10.700065,5687.544249365,5687.544249365,6114,8559600,0.000000
1071,10.710079,5687.554262476,5687.554262476,6120,8568000,0.000000
1072,10.720068,5687.564252082,5687.564252082,6125,8575000,0.000000
1073,10.730072,5687.574256081,5687.574256081,6131,8583400,0.000000
1074,10.740063,5687.584246858,5687.584246858,6137,8591800,0.000000
1075,10.750070,5687.594254157,5687.594254157,6142,8598800,0.000000
1076,10.760064,5687.604248196,5687.604248196,6148,8607200,0.000000
1077,10.770069,5687.614252650,5687.614252650,6154,8615600,0.000000
1078,10.780084,5687.624267631,5687.624267631,6160,8624000,0.000000
1079,10.790066,5687.634250172,5687.634250172,6165,8631000,0.000000
1080,10.800068,5687.644251960,5687.644251960,6171,8639400,0.000000
1081,10.810063,5687.654247202,5687.654247202,6177,8647800,0.000000
1082,10.820072,5687.664255761,5687.664255761,6182,8654800,0.000000
1083,10.830075,5687.674258706,5687.674258706,6188,8663200,0.000000
1084,10.840070,5687.684253649,5687.684253649,6194,8671600,0.000000
1085,10.850096,5687.694280160,5687.694280160,6200,8680000,0.000000
1086,10.860068,5687.704251632,5687.704251632,6205,8687000,0.000000
1087,10.870063,5687.714247169,5687.714247169,6211,8695400,0.000000
1088,10.880059,5687.724242827,5687.724242827,6217,8703800,0.000000
1089,10.890078,5687.734261501,5687.734261501,6222,8710800,0.000000
1090,10.900071,5687.744254753,5687.744254753,6228,8719200,0.000000
1091,10.910068,5687.754251601,5687.754251601,6234,8727600,0.000000
1092,10.920057,5687.764241051,5687.764241051,6240,8736000,0.000000
1093,10.930065,5687.774249317,5687.774249317,6245,8743000,0.000000
1094,10.940060,5687.784244222,5687.784244222,6251,8751400,0.000000
1095,10.950062,5687.794246066,5687.794246066,6257,8759800,0.000000
1096,10.960064,5687.804247822,5687.804247822,6262,8766800,0.000000
1097,10.970068,5687.814251516,5687.814251516,6268,8775200,0.000000
1098,10.980065,5687.824248990,5687.824248990,6274,8783600,0.000000
1099,10.990077,5687.834260938,5687.834260938,6280,8792000,0.000000
1100,11.000064,5687.844248092,5687.844248092,6285,8799000,0.000000
1101,11.010067,5687.854250951,5687.854250951,6291,8807400,0.000000
1102,11.020071,5687.864255195,5687.864255195,6297,8815800,0.000000
1103,11.030066,5687.874249527,5687.874249527,6302,8822800,0.000000
1104,11.040062,5687.884245924,5687.884245924,6308,8831200,0.000000
1105,11.050059,5687.894242719,5687.894242719,6314,8839600,0.000000
1106,11.060075,5687.904258803,5687.904258803,6320,8848000,0.000000
1107,11.070064,5687.914247680,5687.914247680,6325,8855000,0.000000
1108,11.080064,5687.924248398,5687.924248398,6331,8863400,0.000000
1109,11.090062,5687.934246058,5687.934246058,6337,8871800,0.000000
1110,11.100064,5687.944247927,5687.944247927,6342,8878800,0.000000
1111,11.110065,5687.954248822,5687.954248822,6348,8887200,0.000000
1112,11.120066,5687.964249627,5687.964249627,6354,8895600,0.000000
1113,11.130074,5687.974257961,5687.974257961,6360,8904000,0.000000
1114,11.140064,5687.984247658,5687.984247658,6365,8911000,0.000000
1115,11.150065,5687.994248950,5687.994248950,6371,8919400,0.000000
1116,11.160070,5688.004254144,5688.004254144,6377,8927800,0.000000
1117,11.170070,5688.014253538,5688.014253538,6382,8934800,0.000000
1118,11.180066,5688.024250387,5688.024250387,6388,8943200,0.000000
1119,11.190065,5688.034249350,5688.034249350,6394,8951600,0.000000
1120,11.200076,5688.044260368,5688.044260368,6400,8960000,0.000000
1121,11.210064,5688.054247768,5688.054247768,6405,8967000,0.000000
1122,11.220066,5688.064249902,5688.064249902,6411,8975400,0.000000
1123,11.230073,5688.074256580,5688.074256580,6417,8983800,0.000000
1124,11.240064,5688.084247941,5688.084247941,6422,8990800,0.000000
1125,11.250066,5688.094249585,5688.094249585,6428,8999200,0.000000
1126,11.260066,5688.104249763,5688.104249763,6434,9007600,0.000000
1127,11.270080,5688.114263586,5688.114263586,6440,9016000,0.000000
1128,11.280061,5688.124244948,5688.124244948,6445,9023000,0.000000
1129,11.290063,5688.134247153,5688.134247153,6451,9031400,0.000000
1130,11.300063,5688.144246743,5688.144246743,6457,9039800,0.000000
1131,11.310066,5688.154249710,5688.154249710,6462,9046800,0.000000
1132,11.320065,5688.164248640,5688.164248640,6468,9055200,0.000000
1133,11.330069,5688.174252530,5688.174252530,6474,9063600,0.000000
1134,11.340103,5688.184287197,5688.184287197,6480,9072000,0.000000
1135,11.350064,5688.194247994,5688.194247994,6485,9079000,0.000000
1136,11.360066,5688.204249594,5688.204249594,6491,9087400,0.000000
1137,11.370063,5688.214246779,5688.214246779,6497,9095800,0.000000
1138,11.380069,5688.224252654,5688.224252654,6502,9102800,0.000000
1139,11.390071,5688.234254788,5688.234254788,6508,9111200,0.000000
1140,11.400066,5688.244250259,5688.244250259,6514,9119600,0.000000
1141,11.410086,5688.254270359,5688.254270359,6520,9128000,0.000000
1142,11.420069,5688.264252847,5688.264252847,6525,9135000,0.000000
1143,11.430065,5688.274248532,5688.274248532,6531,9143400,0.000000
1144,11.440069,5688.284253137,5688.284253137,6537,9151800,0.000000
1145,11.450065,5688.294249276,5688.294249276,6542,9158800,0.000000
1146,11.460065,5688.304249232,5688.304249232,6548,9167200,0.000000
1147,11.470057,5688.314241192,5688.314241192,6554,9175600,0.000000
1148,11.480077,5688.324260696,5688.324260696,6560,9184000,0.000000
1149,11.490065,5688.334248967,5688.334248967,6565,9191000,0.000000
1150,11.500067,5688.344251044,5688.344251044,6571,9199400,0.000000
1151,11.510010,5688.354194290,5688.354194290,6577,9207800,0.000000
1152,11.520064,5688.364247586,5688.364247586,6582,9214800,0.000000
1153,11.530065,5688.374248966,5688.374248966,6588,9223200,0.000000
1154,11.540065,5688.384248717,5688.384248717,6594,9231600,0.000000
1155,11.550080,5688.394263532,5688.394263532,6600,9240000,0.000000
1156,11.560068,5688.404252218,5688.404252218,6605,9247000,0.000000
1157,11.570065,5688.414249084,5688.414249084,6611,9255400,0.000000
1158,11.580058,5688.424241784,5688.424241784,6617,9263800,0.000000
1159,11.590067,5688.434250610,5688.434250610,6622,9270800,0.000000
1160,11.600067,5688.444250995,5688.444250995,6628,9279200,0.000000
1161,11.610061,5688.454245392,5688.454245392,6634,9287600,0.000000
1162,11.620083,5688.464266976,5688.464266976,6640,9296000,0.000000
1163,11.630067,5688.474250684,5688.474250684,6645,9303000,0.000000
1164,11.640072,5688.484256224,5688.484256224,6651,9311400,0.000000
1165,11.650058,5688.494242404,5688.494242404,6657,9319800,0.000000
1166,11.660072,5688.504255904,5688.504255904,6662,9326800,0.000000
1167,11.670066,5688.514250088,5688.514250088,6668,9335200,0.000000
1168,11.680069,5688.524252557,5688.524252557,6674,9343600,0.000000
1169,11.690087,5688.534270781,5688.534270781,6680,9352000,0.000000
1170,11.700071,5688.544255088,5688.544255088,6685,9359000,0.000000
1171,11.710071,5688.554254617,5688.554254617,6691,9367400,0.000000
1172,11.720062,5688.564245765,5688.564245765,6697,9375800,0.000000
1173,11.730066,5688.574249792,5688.574249792,6702,9382800,0.000000
1174,11.740065,5688.584248771,5688.584248771,6708,9391200,0.000000
1175,11.750064,5688.594248111,5688.594248111,6714,9399600,0.000000
1176,11.760076,5688.604260455,5688.604260455,6720,9408000,0.000000
1177,11.770068,5688.614251831,5688.614251831,6725,9415000,0.000000
1178,11.780066,5688.624250062,5688.624250062,6731,9423400,0.000000
1179,11.790059,5688.634243335,5688.634243335,6737,9431800,0.000000
1180,11.800059,5688.644243344,5688.644243344,6742,9438800,0.000000
1181,11.810058,5688.654242357,5688.654242357,6748,9447200,0.000000
1182,11.820065,5688.664248551,5688.664248551,6754,9455600,0.000000
1183,11.830072,5688.674255863,5688.674255863,6760,9464000,0.000000
1184,11.840063,5688.684247098,5688.684247098,6765,9471000,0.000000
1185,11.850065,5688.694248580,5688.694248580,6771,9479400,0.000000
1186,11.860062,5688.704246057,5688.704246057,6777,9487800,0.000000
1187,11.870067,5688.714250853,5688.714250853,6782,9494800,0.000000
1188,11.880067,5688.724250564,5688.724250564,6788,9503200,0.000000
1189,11.890073,5688.734256872,5688.734256872,6794,9511600,0.000000
1190,11.900095,5688.744278471,5688.744278471,6800,9520000,0.000000
1191,11.910074,5688.754258320,5688.754258320,6805,9527000,0.000000
1192,11.920068,5688.764251899,5688.764251899,6811,9535400,0.000000
1193,11.930058,5688.774242395,5688.774242395,6817,9543800,0.000000
1194,11.940068,5688.784252143,5688.784252143,6822,9550800,0.000000
1195,11.950065,5688.794248787,5688.794248787,6828,9559200,0.000000
1196,11.960035,5688.804219357,5688.804219357,6834,9567600,0.000000
1197,11.970078,5688.814262321,5688.814262321,6840,9576000,0.000000
1198,11.980065,5688.824249014,5688.824249014,6845,9583000,0.000000
1199,11.990064,5688.834248055,5688.834248055,6851,9591400,0.000000
1200,12.000059,5688.844243015,5688.844243015,6857,9599800,0.000000
1201,12.010072,5688.854255583,5688.854255583,6862,9606800,0.000000
1202,12.020068,5688.864251834,5688.864251834,6868,9615200,0.000000
1203,12.030069,5688.874252931,5688.874252931,6874,9623600,0.000000
1204,12.040090,5688.884274320,5688.884274320,6880,9632000,0.000000
1205,12.050067,5688.894251034,5688.894251034,6885,9639000,0.000000
1206,12.060061,5688.904245447,5688.904245447,6891,9647400,0.000000
1207,12.070017,5688.914200677,5688.914200677,6897,9655800,0.000000
1208,12.080070,5688.924253978,5688.924253978,6902,9662800,0.000000
1209,12.090078,5688.934261770,5688.934261770,6908,9671200,0.000000
1210,12.100065,5688.944248603,5688.944248603,6914,9679600,0.000000
1211,12.110077,5688.954260589,5688.954260589,6920,9688000,0.000000
1212,12.120066,5688.964250347,5688.964250347,6925,9695000,0.000000
1213,12.130071,5688.974254803,5688.974254803,6931,9703400,0.000000
1214,12.140063,5688.984247333,5688.984247333,6937,9711800,0.000000
1215,12.150067,5688.994250830,5688.994250830,6942,9718800,0.000000
1216,12.160072,5689.004255755,5689.004255755,6948,9727200,0.000000
1217,12.170059,5689.014242661,5689.014242661,6954,9735600,0.000000
1218,12.180092,5689.024275629,5689.024275629,6960,9744000,0.000000
1219,12.190076,5689.034259836,5689.034259836,6965,9751000,0.000000
1220,12.200072,5689.044255930,5689.044255930,6971,9759400,0.000000
1221,12.210063,5689.054247098,5689.054247098,6977,9767800,0.000000
1222,12.220078,5689.064262181,5689.064262181,6982,9774800,0.000000
1223,12.230067,5689.074251042,5689.074251042,6988,9783200,0.000000
1224,12.240066,5689.084249618,5689.084249618,6994,9791600,0.000000
1225,12.250081,5689.094264838,5689.094264838,7000,9800000,0.000000
1226,12.260066,5689.104250076,5689.104250076,7005,9807000,0.000000
1227,12.270061,5689.114244560,5689.114244560,7011,9815400,0.000000
1228,12.280063,5689.124246512,5689.124246512,7017,9823800,0.000000
1229,12.290067,5689.134251092,5689.134251092,7022,9830800,0.000000
1230,12.300072,5689.144256072,5689.144256072,7028,9839200,0.000000
1231,12.310077,5689.154260939,5689.154260939,7034,9847600,0.000000
1232,12.320081,5689.164264642,5689.164264642,7040,9856000,0.000000
1233,12.330065,5689.174248502,5689.174248502,7045,9863000,0.000000
1234,12.340067,5689.184251265,5689.184251265,7051,9871400,0.000000
1235,12.350061,5689.194245456,5689.194245456,7057,9879800,0.000000
1236,12.360090,5689.204274142,5689.204274142,7062,9886800,0.000000
1237,12.370060,5689.214244026,5689.214244026,7068,9895200,0.000000
1238,12.380068,5689.224252247,5689.224252247,7074,9903600,0.000000
1239,12.390089,5689.234272709,5689.234272709,7080,9912000,0.000000
1240,12.400072,5689.244256078,5689.244256078,7085,9919000,0.000000
1241,12.410069,5689.254252612,5689.254252612,7091,9927400,0.000000
1242,12.420058,5689.264242235,5689.264242235,7097,9935800,0.000000
1243,12.430084,5689.274268401,5689.274268401,7102,9942800,0.000000
1244,12.440072,5689.284256046,5689.284256046,7108,9951200,0.000000
1245,12.450066,5689.294250313,5689.294250313,7114,9959600,0.000000
1246,12.460085,5689.304268525,5689.304268525,7120,9968000,0.000000
1247,12.470091,5689.314275003,5689.314275003,7125,9975000,0.000000
1248,12.480089,5689.324273033,5689.324273033,7131,9983400,0.000000
1249,12.490060,5689.334244397,5689.334244397,7137,9991800,0.000000
1250,12.500063,5689.344247137,5689.344247137,7142,9998800,0.000000
1251,12.510081,5689.354264502,5689.354264502,7148,10007200,0.000000
1252,12.520068,5689.364251900,5689.364251900,7154,10015600,0.000000
1253,12.530085,5689.374268690,5689.374268690,7160,10024000,0.000000
1254,12.540067,5689.384250861,5689.384250861,7165,10031000,0.000000
1255,12.550063,5689.394246725,5689.394246725,7171,10039400,0.000000
1256,12.560059,5689.404243073,5689.404243073,7177,10047800,0.000000
1257,12.570054,5689.414238235,5689.414238235,7182,10054800,0.000000
1258,12.580109,5689.424292601,5689.424292601,7188,10063200,0.000000
1259,12.590060,5689.434243582,5689.434243582,7194,10071600,0.000000
1260,12.600099,5689.444282631,5689.444282631,7200,10080000,0.000000
1261,12.610070,5689.454253911,5689.454253911,7205,10087000,0.000000
1262,12.620129,5689.464312816,5689.464312816,7211,10095400,0.000000
1263,12.630078,5689.474261746,5689.474261746,7217,10103800,0.000000
1264,12.640067,5689.484250927,5689.484250927,7222,10110800,0.000000
1265,12.650064,5689.494248366,5689.494248366,7228,10119200,0.000000
1266,12.660065,5689.504248487,5689.504248487,7234,10127600,0.000000
1267,12.670087,5689.514271038,5689.514271038,7240,10136000,0.000000
1268,12.680098,5689.524282007,5689.524282007,7245,10143000,0.000000
1269,12.690069,5689.534252637,5689.534252637,7251,10151400,0.000000
1270,12.700059,5689.544243025,5689.544243025,7257,10159800,0.000000
1271,12.710065,5689.554248567,5689.554248567,7262,10166800,0.000000
1272,12.720067,5689.564250991,5689.564250991,7268,10175200,0.000000
1273,12.730065,5689.574249449,5689.574249449,7274,10183600,0.000000
1274,12.740074,5689.584258128,5689.584258128,7280,10192000,0.000000
1275,12.750053,5689.594237443,5689.594237443,7285,10199000,0.000000
1276,12.760067,5689.604250592,5689.604250592,7291,10207400,0.000000
1277,12.770066,5689.614249977,5689.614249977,7297,10215800,0.000000
1278,12.780026,5689.624210060,5689.624210060,7302,10222800,0.000000
1279,12.790088,5689.634272260,5689.634272260,7308,10231200,0.000000
1280,12.800070,5689.644253791,5689.644253791,7314,10239600,0.000000
1281,12.810044,5689.654228372,5689.654228372,7320,10248000,0.000000
1282,12.820070,5689.664253791,5689.664253791,7325,10255000,0.000000
1283,12.830059,5689.674243154,5689.674243154,7331,10263400,0.000000
1284,12.840066,5689.684249903,5689.684249903,7337,10271800,0.000000
1285,12.850053,5689.694236576,5689.694236576,7342,10278800,0.000000
1286,12.860067,5689.704250730,5689.704250730,7348,10287200,0.000000
1287,12.870032,5689.714216130,5689.714216130,7354,10295600,0.000000
1288,12.880094,5689.724278354,5689.724278354,7360,10304000,0.000000
1289,12.890069,5689.734252526,5689.734252526,7365,10311000,0.000000
1290,12.900064,5689.744248342,5689.744248342,7371,10319400,0.000000
1291,12.910058,5689.754242347,5689.754242347,7377,10327800,0.000000
1292,12.920065,5689.764249340,5689.764249340,7382,10334800,0.000000
1293,12.930066,5689.774249564,5689.774249564,7388,10343200,0.000000
1294,12.940064,5689.784247572,5689.784247572,7394,10351600,0.000000
1295,12.950081,5689.794265387,5689.794265387,7400,10360000,0.000000
1296,12.960103,5689.804287298,5689.804287298,7405,10367000,0.000000
1297,12.970068,5689.814252079,5689.814252079,7411,10375400,0.000000
1298,12.980080,5689.824263531,5689.824263531,7417,10383800,0.000000
1299,12.990071,5689.834254511,5689.834254511,7422,10390800,0.000000
1300,13.000073,5689.844256577,5689.844256577,7428,10399200,0.000000
1301,13.010066,5689.854250258,5689.854250258,7434,10407600,0.000000
1302,13.020079,5689.864262761,5689.864262761,7440,10416000,0.000000
1303,13.030065,5689.874249236,5689.874249236,7445,10423000,0.000000
1304,13.040067,5689.884251341,5689.884251341,7451,10431400,0.000000
1305,13.050063,5689.894247226,5689.894247226,7457,10439800,0.000000
1306,13.060039,5689.904223183,5689.904223183,7462,10446800,0.000000
1307,13.070059,5689.914243338,5689.914243338,7468,10455200,0.000000
1308,13.080072,5689.924255780,5689.924255780,7474,10463600,0.000000
1309,13.090080,5689.934264131,5689.934264131,7480,10472000,0.000000
1310,13.100064,5689.944248321,5689.944248321,7485,10479000,0.000000
1311,13.110067,5689.954250768,5689.954250768,7491,10487400,0.000000
1312,13.120059,5689.964242912,5689.964242912,7497,10495800,0.000000
1313,13.130070,5689.974254024,5689.974254024,7502,10502800,0.000000
1314,13.140076,5689.984259852,5689.984259852,7508,10511200,0.000000
1315,13.150068,5689.994252269,5689.994252269,7514,10519600,0.000000
1316,13.160078,5690.004262308,5690.004262308,7520,10528000,0.000000
1317,13.170075,5690.014258473,5690.014258473,7525,10535000,0.000000
1318,13.180076,5690.024260069,5690.024260069,7531,10543400,0.000000
1319,13.190039,5690.034223424,5690.034223424,7537,10551800,0.000000
1320,13.200198,5690.044382292,5690.044382292,7542,10558800,0.000000
1321,13.210069,5690.054252815,5690.054252815,7548,10567200,0.000000
1322,13.220066,5690.064249880,5690.064249880,7554,10575600,0.000000
1323,13.230035,5690.074219089,5690.074219089,7560,10584000,0.000000
1324,13.240071,5690.084255199,5690.084255199,7565,10591000,0.000000
1325,13.250067,5690.094250570,5690.094250570,7571,10599400,0.000000
1326,13.260058,5690.104241872,5690.104241872,7577,10607800,0.000000
1327,13.270063,5690.114247283,5690.114247283,7582,10614800,0.000000
1328,13.280060,5690.124244068,5690.124244068,7588,10623200,0.000000
1329,13.290071,5690.134254699,5690.134254699,7594,10631600,0.000000
1330,13.300079,5690.144262967,5690.144262967,7600,10640000,0.000000
1331,13.310065,5690.154248542,5690.154248542,7605,10647000,0.000000
1332,13.320066,5690.164249562,5690.164249562,7611,10655400,0.000000
1333,13.330058,5690.174242435,5690.174242435,7617,10663800,0.000000
1334,13.340083,5690.184267333,5690.184267333,7622,10670800,0.000000
1335,13.350073,5690.194257264,5690.194257264,7628,10679200,0.000000
1336,13.360070,5690.204253679,5690.204253679,7634,10687600,0.000000
1337,13.370078,5690.214261638,5690.214261638,7640,10696000,0.000000
1338,13.380066,5690.224250096,5690.224250096,7645,10703000,0.000000
1339,13.390070,5690.234253726,5690.234253726,7651,10711400,0.000000
1340,13.400064,5690.244247525,5690.244247525,7657,10719800,0.000000
1341,13.410072,5690.254255956,5690.254255956,7662,10726800,0.000000
1342,13.420073,5690.264256517,5690.264256517,7668,10735200,0.000000
1343,13.430069,5690.274252482,5690.274252482,7674,10743600,0.000000
1344,13.440081,5690.284264975,5690.284264975,7680,10752000,0.000000
1345,13.450067,5690.294250750,5690.294250750,7685,10759000,0.000000
1346,13.460063,5690.304246808,5690.304246808,7691,10767400,0.000000
1347,13.470063,5690.314246932,5690.314246932,7697,10775800,0.000000
1348,13.480064,5690.324247550,5690.324247550,7702,10782800,0.000000
1349,13.490064,5690.334247851,5690.334247851,7708,10791200,0.000000
1350,13.500067,5690.344250699,5690.344250699,7714,10799600,0.000000
1351,13.510041,5690.354224619,5690.354224619,7720,10808000,0.000000
1352,13.520073,5690.364256899,5690.364256899,7725,10815000,0.000000
1353,13.530065,5690.374249091,5690.374249091,7731,10823400,0.000000
1354,13.540062,5690.384246178,5690.384246178,7737,10831800,0.000000
1355,13.550064,5690.394248066,5690.394248066,7742,10838800,0.000000
1356,13.560063,5690.404246543,5690.404246543,7748,10847200,0.000000
1357,13.570075,5690.414259228,5690.414259228,7754,10855600,0.000000
1358,13.580111,5690.424294820,5690.424294820,7760,10864000,0.000000
1359,13.590076,5690.434259580,5690.434259580,7765,10871000,0.000000
1360,13.600075,5690.444258853,5690.444258853,7771,10879400,0.000000
1361,13.610062,5690.454245822,5690.454245822,7777,10887800,0.000000
1362,13.620069,5690.464252877,5690.464252877,7782,10894800,0.000000
1363,13.630074,5690.474257577,5690.474257577,7788,10903200,0.000000
1364,13.640069,5690.484252704,5690.484252704,7794,10911600,0.000000
1365,13.650053,5690.494237281,5690.494237281,7800,10920000,0.000000
1366,13.660075,5690.504259326,5690.504259326,7805,10927000,0.000000
1367,13.670068,5690.514252123,5690.514252123,7811,10935400,0.000000
1368,13.680062,5690.524246213,5690.524246213,7817,10943800,0.000000
1369,13.690077,5690.534260627,5690.534260627,7822,10950800,0.000000
1370,13.700075,5690.544258539,5690.544258539,7828,10959200,0.000000
1371,13.710075,5690.554258777,5690.554258777,7834,10967600,0.000000
1372,13.720087,5690.564271322,5690.564271322,7840,10976000,0.000000
1373,13.730063,5690.574246951,5690.574246951,7845,10983000,0.000000
1374,13.740063,5690.584247032,5690.584247032,7851,10991400,0.000000
1375,13.750011,5690.594195094,5690.594195094,7857,10999800,0.000000
1376,13.760066,5690.604250045,5690.604250045,7862,11006800,0.000000
1377,13.770059,5690.614243230,5690.614243230,7868,11015200,0.000000
1378,13.780065,5690.624249056,5690.624249056,7874,11023600,0.000000
1379,13.790077,5690.634261433,5690.634261433,7880,11032000,0.000000
1380,13.800061,5690.644244875,5690.644244875,7885,11039000,0.000000
1381,13.810068,5690.654252440,5690.654252440,7891,11047400,0.000000
1382,13.820062,5690.664245684,5690.664245684,7897,11055800,0.000000
1383,13.830068,5690.674251588,5690.674251588,7902,11062800,0.000000
1384,13.840064,5690.684248013,5690.684248013,7908,11071200,0.000000
1385,13.850065,5690.694248719,5690.694248719,7914,11079600,0.000000
1386,13.860099,5690.704283455,5690.704283455,7920,11088000,0.000000
1387,13.870064,5690.714248431,5690.714248431,7925,11095000,0.000000
1388,13.880068,5690.724252177,5690.724252177,7931,11103400,0.000000
1389,13.890062,5690.734246311,5690.734246311,7937,11111800,0.000000
1390,13.900069,5690.744252924,5690.744252924,7942,11118800,0.000000
1391,13.910066,5690.754249844,5690.754249844,7948,11127200,0.000000
1392,13.920064,5690.764247853,5690.764247853,7954,11135600,0.000000
1393,13.930075,5690.774258717,5690.774258717,7960,11144000,0.000000
1394,13.940077,5690.784260824,5690.784260824,7965,11151000,0.000000
1395,13.950068,5690.794252453,5690.794252453,7971,11159400,0.000000
1396,13.960065,5690.804248697,5690.804248697,7977,11167800,0.000000
1397,13.970076,5690.814260258,5690.814260258,7982,11174800,0.000000
1398,13.980067,5690.824251072,5690.824251072,7988,11183200,0.000000
1399,13.990067,5690.834250700,5690.834250700,7994,11191600,0.000000
1400,14.000088,5690.844272027,5690.844272027,8000,11200000,0.000000
1401,14.010088,5690.854272413,5690.854272413,8005,11207000,0.000000
1402,14.020066,5690.864249534,5690.864249534,8011,11215400,0.000000
1403,14.030022,5690.874205575,5690.874205575,8017,11223800,0.000000
1404,14.040067,5690.884251412,5690.884251412,8022,11230800,0.000000
1405,14.050066,5690.894249614,5690.894249614,8028,11239200,0.000000
1406,14.060065,5690.904249129,5690.904249129,8034,11247600,0.000000
1407,14.070049,5690.914233375,5690.914233375,8040,11256000,0.000000
1408,14.080093,5690.924276661,5690.924276661,8045,11263000,0.000000
1409,14.090070,5690.934253751,5690.934253751,8051,11271400,0.000000
1410,14.100063,5690.944247448,5690.944247448,8057,11279800,0.000000
1411,14.110078,5690.954262282,5690.954262282,8062,11286800,0.000000
1412,14.120070,5690.964253729,5690.964253729,8068,11295200,0.000000
1413,14.130059,5690.974242580,5690.974242580,8074,11303600,0.000000
1414,14.140076,5690.984259746,5690.984259746,8080,11312000,0.000000
1415,14.150067,5690.994250874,5690.994250874,8085,11319000,0.000000
1416,14.160066,5691.004250099,5691.004250099,8091,11327400,0.000000
1417,14.170066,5691.014249960,5691.014249960,8097,11335800,0.000000
1418,14.180068,5691.024252057,5691.024252057,8102,11342800,0.000000
1419,14.190067,5691.034251338,5691.034251338,8108,11351200,0.000000
1420,14.200066,5691.044250445,5691.044250445,8114,11359600,0.000000
1421,14.210075,5691.054258993,5691.054258993,8120,11368000,0.000000
1422,14.220067,5691.064251235,5691.064251235,8125,11375000,0.000000
1423,14.230067,5691.074250925,5691.074250925,8131,11383400,0.000000
1424,14.240066,5691.084249714,5691.084249714,8137,11391800,0.000000
1425,14.250068,5691.094252030,5691.094252030,8142,11398800,0.000000
1426,14.260067,5691.104250576,5691.104250576,8148,11407200,0.000000
1427,14.270076,5691.114260023,5691.114260023,8154,11415600,0.000000
1428,14.280082,5691.124266355,5691.124266355,8160,11424000,0.000000
1429,14.290065,5691.134249089,5691.134249089,8165,11431000,0.000000
1430,14.300073,5691.144257207,5691.144257207,8171,11439400,0.000000
1431,14.310036,5691.154219578,5691.154219578,8177,11447800,0.000000
1432,14.320073,5691.164257021,5691.164257021,8182,11454800,0.000000
1433,14.330059,5691.174242864,5691.174242864,8188,11463200,0.000000
1434,14.340070,5691.184254246,5691.184254246,8194,11471600,0.000000
1435,14.350090,5691.194273574,5691.194273574,8200,11480000,0.000000
1436,14.360067,5691.204251317,5691.204251317,8205,11487000,0.000000
1437,14.370065,5691.214249014,5691.214249014,8211,11495400,0.000000
1438,14.380065,5691.224249295,5691.224249295,8217,11503800,0.000000
1439,14.390069,5691.234252517,5691.234252517,8222,11510800,0.000000
1440,14.400068,5691.244252309,5691.244252309,8228,11519200,0.000000
1441,14.410059,5691.254242484,5691.254242484,8234,11527600,0.000000
1442,14.420076,5691.264259763,5691.264259763,8240,11536000,0.000000
1443,14.430066,5691.274249732,5691.274249732,8245,11543000,0.000000
1444,14.440066,5691.284249542,5691.284249542,8251,11551400,0.000000
1445,14.450063,5691.294247370,5691.294247370,8257,11559800,0.000000
1446,14.460062,5691.304246297,5691.304246297,8262,11566800,0.000000
1447,14.470066,5691.314249864,5691.314249864,8268,11575200,0.000000
1448,14.480066,5691.324249600,5691.324249600,8274,11583600,0.000000
1449,14.490073,5691.334256681,5691.334256681,8280,11592000,0.000000
1450,14.500065,5691.344249288,5691.344249288,8285,11599000,0.000000
1451,14.510066,5691.354249905,5691.354249905,8291,11607400,0.000000
1452,14.520063,5691.364247078,5691.364247078,8297,11615800,0.000000
1453,14.530065,5691.374249452,5691.374249452,8302,11622800,0.000000
1454,14.540064,5691.384248107,5691.384248107,8308,11631200,0.000000
1455,14.550066,5691.394249985,5691.394249985,8314,11639600,0.000000
1456,14.560074,5691.404258285,5691.404258285,8320,11648000,0.000000
1457,14.570066,5691.414250380,5691.414250380,8325,11655000,0.000000
1458,14.580067,5691.424251327,5691.424251327,8331,11663400,0.000000
1459,14.590018,5691.434202256,5691.434202256,8337,11671800,0.000000
1460,14.600065,5691.444249005,5691.444249005,8342,11678800,0.000000
1461,14.610073,5691.454256547,5691.454256547,8348,11687200,0.000000
1462,14.620066,5691.464249709,5691.464249709,8354,11695600,0.000000
1463,14.630085,5691.474268882,5691.474268882,8360,11704000,0.000000
1464,14.640070,5691.484254343,5691.484254343,8365,11711000,0.000000
1465,14.650083,5691.494267090,5691.494267090,8371,11719400,0.000000
1466,14.660066,5691.504249754,5691.504249754,8377,11727800,0.000000
1467,14.670066,5691.514249607,5691.514249607,8382,11734800,0.000000
1468,14.680064,5691.524248428,5691.524248428,8388,11743200,0.000000
1469,14.690068,5691.534251619,5691.534251619,8394,11751600,0.000000
1470,14.700080,5691.544263731,5691.544263731,8400,11760000,0.000000
1471,14.710052,5691.554235876,5691.554235876,8405,11767000,0.000000
1472,14.720073,5691.564257243,5691.564257243,8411,11775400,0.000000
1473,14.730063,5691.574247176,5691.574247176,8417,11783800,0.000000
1474,14.740066,5691.584250370,5691.584250370,8422,11790800,0.000000
1475,14.750012,5691.594195604,5691.594195604,8428,11799200,0.000000
1476,14.760066,5691.604249986,5691.604249986,8434,11807600,0.000000
1477,14.770043,5691.614226999,5691.614226999,8440,11816000,0.000000
1478,14.780069,5691.624252681,5691.624252681,8445,11823000,0.000000
1479,14.790066,5691.634249772,5691.634249772,8451,11831400,0.000000
1480,14.800063,5691.644246832,5691.644246832,8457,11839800,0.000000
1481,14.810074,5691.654257808,5691.654257808,8462,11846800,0.000000
1482,14.820065,5691.664248794,5691.664248794,8468,11855200,0.000000
1483,14.830064,5691.674248098,5691.674248098,8474,11863600,0.000000
1484,14.840077,5691.684260921,5691.684260921,8480,11872000,0.000000
1485,14.850075,5691.694259308,5691.694259308,8485,11879000,0.000000
1486,14.860069,5691.704252590,5691.704252590,8491,11887400,0.000000
1487,14.870062,5691.714245672,5691.714245672,8497,11895800,0.000000
1488,14.880071,5691.724254725,5691.724254725,8502,11902800,0.000000
1489,14.890070,5691.734253738,5691.734253738,8508,11911200,0.000000
1490,14.900085,5691.744269364,5691.744269364,8514,11919600,0.000000
1491,14.910078,5691.754261764,5691.754261764,8520,11928000,0.000000
1492,14.920078,5691.764261575,5691.764261575,8525,11935000,0.000000
1493,14.930066,5691.774250275,5691.774250275,8531,11943400,0.000000
1494,14.940061,5691.784244603,5691.784244603,8537,11951800,0.000000
1495,14.950065,5691.794249010,5691.794249010,8542,11958800,0.000000
1496,14.960044,5691.804228074,5691.804228074,8548,11967200,0.000000
1497,14.970064,5691.814248241,5691.814248241,8554,11975600,0.000000
1498,14.980087,5691.824271420,5691.824271420,8560,11984000,0.000000
1499,14.990072,5691.834256256,5691.834256256,8565,11991000,0.000000
1500,15.000088,5691.844272331,5691.844272331,8571,11999400,0.000000
1501,15.010061,5691.854244984,5691.854244984,8577,12007800,0.000000
1502,15.020073,5691.864256952,5691.864256952,8582,12014800,0.000000
1503,15.030069,5691.874252812,5691.874252812,8588,12023200,0.000000
1504,15.040060,5691.884244178,5691.884244178,8594,12031600,0.000000
1505,15.050078,5691.894261710,5691.894261710,8600,12040000,0.000000
1506,15.060067,5691.904250648,5691.904250648,8605,12047000,0.000000
1507,15.070062,5691.914245714,5691.914245714,8611,12055400,0.000000
1508,15.080065,5691.924248847,5691.924248847,8617,12063800,0.000000
1509,15.090066,5691.934250329,5691.934250329,8622,12070800,0.000000
1510,15.100065,5691.944249247,5691.944249247,8628,12079200,0.000000
1511,15.110063,5691.954246772,5691.954246772,8634,12087600,0.000000
1512,15.120082,5691.964265752,5691.964265752,8640,12096000,0.000000
1513,15.130065,5691.974249034,5691.974249034,8645,12103000,0.000000
1514,15.140064,5691.984248144,5691.984248144,8651,12111400,0.000000
1515,15.150021,5691.994204620,5691.994204620,8657,12119800,0.000000
1516,15.160067,5692.004250547,5692.004250547,8662,12126800,0.000000
1517,15.170064,5692.014248448,5692.014248448,8668,12135200,0.000000
1518,15.180066,5692.024249744,5692.024249744,8674,12143600,0.000000
1519,15.190075,5692.034258469,5692.034258469,8680,12152000,0.000000
1520,15.200074,5692.044257503,5692.044257503,8685,12159000,0.000000
1521,15.210069,5692.054252823,5692.054252823,8691,12167400,0.000000
1522,15.220064,5692.064248272,5692.064248272,8697,12175800,0.000000
1523,15.230065,5692.074249227,5692.074249227,8702,12182800,0.000000
1524,15.240062,5692.084246166,5692.084246166,8708,12191200,0.000000
1525,15.250066,5692.094250270,5692.094250270,8714,12199600,0.000000
1526,15.260078,5692.104262305,5692.104262305,8720,12208000,0.000000
1527,15.270064,5692.114248188,5692.114248188,8725,12215000,0.000000
1528,15.280065,5692.124248904,5692.124248904,8731,12223400,0.000000
1529,15.290061,5692.134245248,5692.134245248,8737,12231800,0.000000
1530,15.300033,5692.144216896,5692.144216896,8742,12238800,0.000000
1531,15.310094,5692.154277764,5692.154277764,8748,12247200,0.000000
1532,15.320065,5692.164248686,5692.164248686,8754,12255600,0.000000
1533,15.330075,5692.174259432,5692.174259432,8760,12264000,0.000000
1534,15.340067,5692.184250817,5692.184250817,8765,12271000,0.000000
1535,15.350064,5692.194247864,5692.194247864,8771,12279400,0.000000
1536,15.360067,5692.204251420,5692.204251420,8777,12287800,0.000000
1537,15.370066,5692.214249800,5692.214249800,8782,12294800,0.000000
1538,15.380066,5692.224250130,5692.224250130,8788,12303200,0.000000
1539,15.390064,5692.234247830,5692.234247830,8794,12311600,0.000000
1540,15.400090,5692.244273986,5692.244273986,8800,12320000,0.000000
1541,15.410060,5692.254244046,5692.254244046,8805,12327000,0.000000
1542,15.420058,5692.264242400,5692.264242400,8811,12335400,0.000000
1543,15.430062,5692.274245846,5692.274245846,8817,12343800,0.000000
1544,15.440073,5692.284256653,5692.284256653,8822,12350800,0.000000
1545,15.450065,5692.294248529,5692.294248529,8828,12359200,0.000000
1546,15.460088,5692.304272211,5692.304272211,8834,12367600,0.000000
1547,15.470078,5692.314261816,5692.314261816,8840,12376000,0.000000
1548,15.480059,5692.324242570,5692.324242570,8845,12383000,0.000000
1549,15.490065,5692.334248566,5692.334248566,8851,12391400,0.000000
1550,15.500061,5692.344245138,5692.344245138,8857,12399800,0.000000
1551,15.510067,5692.354251360,5692.354251360,8862,12406800,0.000000
1552,15.520064,5692.364247992,5692.364247992,8868,12415200,0.000000
1553,15.530059,5692.374242975,5692.374242975,8874,12423600,0.000000
1554,15.540074,5692.384257940,5692.384257940,8880,12432000,0.000000
1555,15.550063,5692.394247383,5692.394247383,8885,12439000,0.000000
1556,15.560064,5692.404247858,5692.404247858,8891,12447400,0.000000
1557,15.570058,5692.414241786,5692.414241786,8897,12455800,0.000000
1558,15.580069,5692.424253074,5692.424253074,8902,12462800,0.000000
1559,15.590064,5692.434248279,5692.434248279,8908,12471200,0.000000
1560,15.600069,5692.444253047,5692.444253047,8914,12479600,0.000000
1561,15.610091,5692.454274461,5692.454274461,8920,12488000,0.000000
1562,15.620064,5692.464248231,5692.464248231,8925,12495000,0.000000
1563,15.630061,5692.474244907,5692.474244907,8931,12503400,0.000000
1564,15.640058,5692.484241937,5692.484241937,8937,12511800,0.000000
1565,15.650051,5692.494235234,5692.494235234,8942,12518800,0.000000
1566,15.660064,5692.504248114,5692.504248114,8948,12527200,0.000000
1567,15.670062,5692.514246297,5692.514246297,8954,12535600,0.000000
1568,15.680073,5692.524257283,5692.524257283,8960,12544000,0.000000
1569,15.690064,5692.534247932,5692.534247932,8965,12551000,0.000000
1570,15.700065,5692.544249330,5692.544249330,8971,12559400,0.000000
1571,15.710058,5692.554242163,5692.554242163,8977,12567800,0.000000
1572,15.720064,5692.564247526,5692.564247526,8982,12574800,0.000000
1573,15.730067,5692.574250512,5692.574250512,8988,12583200,0.000000
1574,15.740071,5692.584254736,5692.584254736,8994,12591600,0.000000
1575,15.750069,5692.594253460,5692.594253460,9000,12600000,0.000000
1576,15.760064,5692.604248104,5692.604248104,9005,12607000,0.000000
1577,15.770060,5692.614244052,5692.614244052,9011,12615400,0.000000
1578,15.780058,5692.624242303,5692.624242303,9017,12623800,0.000000
1579,15.790069,5692.634252753,5692.634252753,9022,12630800,0.000000
1580,15.800062,5692.644246128,5692.644246128,9028,12639200,0.000000
1581,15.810064,5692.654247765,5692.654247765,9034,12647600,0.000000
1582,15.820077,5692.664261333,5692.664261333,9040,12656000,0.000000
1583,15.830067,5692.674250789,5692.674250789,9045,12663000,0.000000
1584,15.840065,5692.684249002,5692.684249002,9051,12671400,0.000000
1585,15.850058,5692.694241981,5692.694241981,9057,12679800,0.000000
1586,15.860067,5692.704251198,5692.704251198,9062,12686800,0.000000
1587,15.870063,5692.714246969,5692.714246969,9068,12695200,0.000000
1588,15.880065,5692.724249429,5692.724249429,9074,12703600,0.000000
1589,15.890068,5692.734251701,5692.734251701,9080,12712000,0.000000
1590,15.900064,5692.744248344,5692.744248344,9085,12719000,0.000000
1591,15.910066,5692.754250242,5692.754250242,9091,12727400,0.000000
1592,15.920035,5692.764218750,5692.764218750,9097,12735800,0.000000
1593,15.930068,5692.774251895,5692.774251895,9102,12742800,0.000000
1594,15.940064,5692.784248031,5692.784248031,9108,12751200,0.000000
1595,15.950064,5692.794248017,5692.794248017,9114,12759600,0.000000
1596,15.960071,5692.804254647,5692.804254647,9120,12768000,0.000000
1597,15.970066,5692.814249858,5692.814249858,9125,12775000,0.000000
1598,15.980064,5692.824247819,5692.824247819,9131,12783400,0.000000
1599,15.990059,5692.834242580,5692.834242580,9137,12791800,0.000000
1600,16.000065,5692.844249457,5692.844249457,9142,12798800,0.000000
1601,16.010061,5692.854245023,5692.854245023,9148,12807200,0.000000
1602,16.020065,5692.864248487,5692.864248487,9154,12815600,0.000000
1603,16.030077,5692.874260802,5692.874260802,9160,12824000,0.000000
1604,16.040069,5692.884252778,5692.884252778,9165,12831000,0.000000
1605,16.050067,5692.894250579,5692.894250579,9171,12839400,0.000000
1606,16.060058,5692.904241534,5692.904241534,9177,12847800,0.000000
1607,16.070065,5692.914248561,5692.914248561,9182,12854800,0.000000
1608,16.080053,5692.924237218,5692.924237218,9188,12863200,0.000000
1609,16.090067,5692.934250736,5692.934250736,9194,12871600,0.000000
1610,16.100080,5692.944263766,5692.944263766,9200,12880000,0.000000
1611,16.110068,5692.954252066,5692.954252066,9205,12887000,0.000000
1612,16.120066,5692.964249602,5692.964249602,9211,12895400,0.000000
1613,16.130058,5692.974241859,5692.974241859,9217,12903800,0.000000
1614,16.140066,5692.984249702,5692.984249702,9222,12910800,0.000000
1615,16.150067,5692.994250812,5692.994250812,9228,12919200,0.000000
1616,16.160065,5693.004248589,5693.004248589,9234,12927600,0.000000
1617,16.170075,5693.014258958,5693.014258958,9240,12936000,0.000000
1618,16.180073,5693.024256559,5693.024256559,9245,12943000,0.000000
1619,16.190064,5693.034248245,5693.034248245,9251,12951400,0.000000
1620,16.200063,5693.044246819,5693.044246819,9257,12959800,0.000000
1621,16.210065,5693.054249363,5693.054249363,9262,12966800,0.000000
1622,16.220067,5693.064250468,5693.064250468,9268,12975200,0.000000
1623,16.230066,5693.074249503,5693.074249503,9274,12983600,0.000000
1624,16.240082,5693.084265774,5693.084265774,9280,12992000,0.000000
1625,16.250067,5693.094250620,5693.094250620,9285,12999000,0.000000
1626,16.260066,5693.104249892,5693.104249892,9291,13007400,0.000000
1627,16.270059,5693.114243002,5693.114243002,9297,13015800,0.000000
1628,16.280070,5693.124254455,5693.124254455,9302,13022800,0.000000
1629,16.290064,5693.134247855,5693.134247855,9308,13031200,0.000000
1630,16.300065,5693.144248759,5693.144248759,9314,13039600,0.000000
1631,16.310054,5693.154237714,5693.154237714,9320,13048000,0.000000
1632,16.320068,5693.164252260,5693.164252260,9325,13055000,0.000000
1633,16.330053,5693.174237291,5693.174237291,9331,13063400,0.000000
1634,16.340064,5693.184247723,5693.184247723,9337,13071800,0.000000
1635,16.350072,5693.194255570,5693.194255570,9342,13078800,0.000000
1636,16.360059,5693.204242701,5693.204242701,9348,13087200,0.000000
1637,16.370065,5693.214248608,5693.214248608,9354,13095600,0.000000
1638,16.380076,5693.224260249,5693.224260249,9360,13104000,0.000000
1639,16.390071,5693.234254877,5693.234254877,9365,13111000,0.000000
1640,16.400067,5693.244251128,5693.244251128,9371,13119400,0.000000
1641,16.410063,5693.254246538,5693.254246538,9377,13127800,0.000000
1642,16.420072,5693.264255848,5693.264255848,9382,13134800,0.000000
1643,16.430066,5693.274249991,5693.274249991,9388,13143200,0.000000
1644,16.440066,5693.284250295,5693.284250295,9394,13151600,0.000000
1645,16.450075,5693.294259149,5693.294259149,9400,13160000,0.000000
1646,16.460064,5693.304248315,5693.304248315,9405,13167000,0.000000
1647,16.470065,5693.314249401,5693.314249401,9411,13175400,0.000000
1648,16.480047,5693.324230665,5693.324230665,9417,13183800,0.000000
1649,16.490066,5693.334250171,5693.334250171,9422,13190800,0.000000
1650,16.500063,5693.344247129,5693.344247129,9428,13199200,0.000000
1651,16.510059,5693.354243224,5693.354243224,9434,13207600,0.000000
1652,16.520076,5693.364260403,5693.364260403,9440,13216000,0.000000
1653,16.530048,5693.374232180,5693.374232180,9445,13223000,0.000000
1654,16.540064,5693.384247836,5693.384247836,9451,13231400,0.000000
1655,16.550064,5693.394248322,5693.394248322,9457,13239800,0.000000
1656,16.560068,5693.404251889,5693.404251889,9462,13246800,0.000000
1657,16.570061,5693.414245265,5693.414245265,9468,13255200,0.000000
1658,16.580081,5693.424264552,5693.424264552,9474,13263600,0.000000
1659,16.590073,5693.434256587,5693.434256587,9480,13272000,0.000000
1660,16.600059,5693.444242643,5693.444242643,9485,13279000,0.000000
1661,16.610065,5693.454248798,5693.454248798,9491,13287400,0.000000
1662,16.620063,5693.464246906,5693.464246906,9497,13295800,0.000000
1663,16.630064,5693.474248175,5693.474248175,9502,13302800,0.000000
1664,16.640065,5693.484248979,5693.484248979,9508,13311200,0.000000
1665,16.650065,5693.494249087,5693.494249087,9514,13319600,0.000000
1666,16.660073,5693.504256777,5693.504256777,9520,13328000,0.000000
1667,16.670065,5693.514249423,5693.514249423,9525,13335000,0.000000
1668,16.680067,5693.524250473,5693.524250473,9531,13343400,0.000000
1669,16.690062,5693.534246281,5693.534246281,9537,13351800,0.000000
1670,16.700062,5693.544246087,5693.544246087,9542,13358800,0.000000
1671,16.710063,5693.554247051,5693.554247051,9548,13367200,0.000000
1672,16.720066,5693.564249730,5693.564249730,9554,13375600,0.000000
1673,16.730072,5693.574255913,5693.574255913,9560,13384000,0.000000
1674,16.740060,5693.584244396,5693.584244396,9565,13391000,0.000000
1675,16.750013,5693.594196988,5693.594196988,9571,13399400,0.000000
1676,16.760064,5693.604247507,5693.604247507,9577,13407800,0.000000
1677,16.770072,5693.614256250,5693.614256250,9582,13414800,0.000000
1678,16.780076,5693.624260260,5693.624260260,9588,13423200,0.000000
1679,16.790060,5693.634243753,5693.634243753,9594,13431600,0.000000
1680,16.800076,5693.644260226,5693.644260226,9600,13440000,0.000000
1681,16.810071,5693.654254692,5693.654254692,9605,13447000,0.000000
1682,16.820065,5693.664249254,5693.664249254,9611,13455400,0.000000
1683,16.830059,5693.674242914,5693.674242914,9617,13463800,0.000000
1684,16.840071,5693.684254631,5693.684254631,9622,13470800,0.000000
1685,16.850066,5693.694249781,5693.694249781,9628,13479200,0.000000
1686,16.860066,5693.704250454,5693.704250454,9634,13487600,0.000000
1687,16.870097,5693.714280744,5693.714280744,9640,13496000,0.000000
1688,16.880068,5693.724251699,5693.724251699,9645,13503000,0.000000
1689,16.890065,5693.734248800,5693.734248800,9651,13511400,0.000000
1690,16.900065,5693.744249345,5693.744249345,9657,13519800,0.000000
1691,16.910061,5693.754244575,5693.754244575,9662,13526800,0.000000
1692,16.920074,5693.764258030,5693.764258030,9668,13535200,0.000000
1693,16.930068,5693.774252015,5693.774252015,9674,13543600,0.000000
1694,16.940073,5693.784256966,5693.784256966,9680,13552000,0.000000
1695,16.950060,5693.794243962,5693.794243962,9685,13559000,0.000000
1696,16.960064,5693.804248121,5693.804248121,9691,13567400,0.000000
1697,16.970062,5693.814246058,5693.814246058,9697,13575800,0.000000
1698,16.980060,5693.824244224,5693.824244224,9702,13582800,0.000000
1699,16.990068,5693.834252239,5693.834252239,9708,13591200,0.000000
1700,17.000071,5693.844254716,5693.844254716,9714,13599600,0.000000
1701,17.010079,5693.854263060,5693.854263060,9720,13608000,0.000000
1702,17.020066,5693.864249575,5693.864249575,9725,13615000,0.000000
1703,17.030065,5693.874248849,5693.874248849,9731,13623400,0.000000
1704,17.040064,5693.884248331,5693.884248331,9737,13631800,0.000000
1705,17.050019,5693.894202559,5693.894202559,9742,13638800,0.000000
1706,17.060071,5693.904254708,5693.904254708,9748,13647200,0.000000
1707,17.070085,5693.914269455,5693.914269455,9754,13655600,0.000000
1708,17.080083,5693.924267357,5693.924267357,9760,13664000,0.000000
1709,17.090070,5693.934253622,5693.934253622,9765,13671000,0.000000
1710,17.100068,5693.944251526,5693.944251526,9771,13679400,0.000000
1711,17.110023,5693.954207227,5693.954207227,9777,13687800,0.000000
1712,17.120070,5693.964253596,5693.964253596,9782,13694800,0.000000
1713,17.130059,5693.974242717,5693.974242717,9788,13703200,0.000000
1714,17.140072,5693.984255979,5693.984255979,9794,13711600,0.000000
1715,17.150091,5693.994275234,5693.994275234,9800,13720000,0.000000
1716,17.160067,5694.004251351,5694.004251351,9805,13727000,0.000000
1717,17.170067,5694.014251214,5694.014251214,9811,13735400,0.000000
1718,17.180058,5694.024242102,5694.024242102,9817,13743800,0.000000
1719,17.190072,5694.034255484,5694.034255484,9822,13750800,0.000000
1720,17.200066,5694.044249605,5694.044249605,9828,13759200,0.000000
1721,17.210069,5694.054252484,5694.054252484,9834,13767600,0.000000
1722,17.220080,5694.064263911,5694.064263911,9840,13776000,0.000000
1723,17.230071,5694.074254996,5694.074254996,9845,13783000,0.000000
1724,17.240073,5694.084256966,5694.084256966,9851,13791400,0.000000
1725,17.250059,5694.094242980,5694.094242980,9857,13799800,0.000000
1726,17.260076,5694.104259556,5694.104259556,9862,13806800,0.000000
1727,17.270067,5694.114250862,5694.114250862,9868,13815200,0.000000
1728,17.280066,5694.124249909,5694.124249909,9874,13823600,0.000000
1729,17.290083,5694.134266623,5694.134266623,9880,13832000,0.000000
1730,17.300068,5694.144252095,5694.144252095,9885,13839000,0.000000
1731,17.310070,5694.154253463,5694.154253463,9891,13847400,0.000000
1732,17.320065,5694.164248604,5694.164248604,9897,13855800,0.000000
1733,17.330072,5694.174255942,5694.174255942,9902,13862800,0.000000
1734,17.340068,5694.184252138,5694.184252138,9908,13871200,0.000000
1735,17.350063,5694.194246539,5694.194246539,9914,13879600,0.000000
1736,17.360101,5694.204285017,5694.204285017,9920,13888000,0.000000
1737,17.370067,5694.214251138,5694.214251138,9925,13895000,0.000000
1738,17.380067,5694.224250763,5694.224250763,9931,13903400,0.000000
1739,17.390018,5694.234201957,5694.234201957,9937,13911800,0.000000
1740,17.400066,5694.244249693,5694.244249693,9942,13918800,0.000000
1741,17.410063,5694.254246745,5694.254246745,9948,13927200,0.000000
1742,17.420062,5694.264245812,5694.264245812,9954,13935600,0.000000
1743,17.430075,5694.274259232,5694.274259232,9960,13944000,0.000000
1744,17.440055,5694.284238686,5694.284238686,9965,13951000,0.000000
1745,17.450067,5694.294250889,5694.294250889,9971,13959400,0.000000
1746,17.460066,5694.304250448,5694.304250448,9977,13967800,0.000000
1747,17.470064,5694.314247503,5694.314247503,9982,13974800,0.000000
1748,17.480068,5694.324251920,5694.324251920,9988,13983200,0.000000
1749,17.490059,5694.334242939,5694.334242939,9994,13991600,0.000000
1750,17.500076,5694.344259785,5694.344259785,10000,14000000,0.000000
1751,17.510067,5694.354250744,5694.354250744,10005,14007000,0.000000
1752,17.520068,5694.364251474,5694.364251474,10011,14015400,0.000000
1753,17.530062,5694.374246074,5694.374246074,10017,14023800,0.000000
1754,17.540072,5694.384255793,5694.384255793,10022,14030800,0.000000
1755,17.550073,5694.394256975,5694.394256975,10028,14039200,0.000000
1756,17.560060,5694.404243792,5694.404243792,10034,14047600,0.000000
1757,17.570073,5694.414257289,5694.414257289,10040,14056000,0.000000
1758,17.580067,5694.424250461,5694.424250461,10045,14063000,0.000000
1759,17.590062,5694.434246450,5694.434246450,10051,14071400,0.000000
1760,17.600063,5694.444247209,5694.444247209,10057,14079800,0.000000
1761,17.610062,5694.454246376,5694.454246376,10062,14086800,0.000000
1762,17.620073,5694.464256572,5694.464256572,10068,14095200,0.000000
1763,17.630058,5694.474241639,5694.474241639,10074,14103600,0.000000
1764,17.640072,5694.484256268,5694.484256268,10080,14112000,0.000000
1765,17.650076,5694.494260261,5694.494260261,10085,14119000,0.000000
1766,17.660085,5694.504268474,5694.504268474,10091,14127400,0.000000
1767,17.670067,5694.514251039,5694.514251039,10097,14135800,0.000000
1768,17.680064,5694.524248284,5694.524248284,10102,14142800,0.000000
1769,17.690063,5694.534246875,5694.534246875,10108,14151200,0.000000
1770,17.700063,5694.544247133,5694.544247133,10114,14159600,0.000000
1771,17.710076,5694.554259891,5694.554259891,10120,14168000,0.000000
1772,17.720069,5694.564253288,5694.564253288,10125,14175000,0.000000
1773,17.730063,5694.574247347,5694.574247347,10131,14183400,0.000000
1774,17.740061,5694.584245237,5694.584245237,10137,14191800,0.000000
1775,17.750066,5694.594249810,5694.594249810,10142,14198800,0.000000
1776,17.760068,5694.604251501,5694.604251501,10148,14207200,0.000000
1777,17.770059,5694.614243133,5694.614243133,10154,14215600,0.000000
1778,17.780075,5694.624258663,5694.624258663,10160,14224000,0.000000
1779,17.790066,5694.634250174,5694.634250174,10165,14231000,0.000000
1780,17.800065,5694.644248716,5694.644248716,10171,14239400,0.000000
1781,17.810058,5694.654241579,5694.654241579,10177,14247800,0.000000
1782,17.820069,5694.664253443,5694.664253443,10182,14254800,0.000000
1783,17.830065,5694.674248661,5694.674248661,10188,14263200,0.000000
1784,17.840067,5694.684250780,5694.684250780,10194,14271600,0.000000
1785,17.850074,5694.694257954,5694.694257954,10200,14280000,0.000000
1786,17.860077,5694.704260870,5694.704260870,10205,14287000,0.000000
1787,17.870076,5694.714259521,5694.714259521,10211,14295400,0.000000
1788,17.880084,5694.724267905,5694.724267905,10217,14303800,0.000000
1789,17.890082,5694.734265525,5694.734265525,10222,14310800,0.000000
1790,17.900068,5694.744252317,5694.744252317,10228,14319200,0.000000
1791,17.910059,5694.754242964,5694.754242964,10234,14327600,0.000000
1792,17.920081,5694.764265145,5694.764265145,10240,14336000,0.000000
1793,17.930072,5694.774256303,5694.774256303,10245,14343000,0.000000
1794,17.940068,5694.784251674,5694.784251674,10251,14351400,0.000000
1795,17.950058,5694.794242229,5694.794242229,10257,14359800,0.000000
1796,17.960071,5694.804254733,5694.804254733,10262,14366800,0.000000
1797,17.970069,5694.814252589,5694.814252589,10268,14375200,0.000000
1798,17.980069,5694.824253145,5694.824253145,10274,14383600,0.000000
1799,17.990076,5694.834260201,5694.834260201,10280,14392000,0.000000
1800,18.000066,5694.844250067,5694.844250067,10285,14399000,0.000000
1801,18.010065,5694.854248565,5694.854248565,10291,14407400,0.000000
1802,18.020063,5694.864246565,5694.864246565,10297,14415800,0.000000
1803,18.030066,5694.874249822,5694.874249822,10302,14422800,0.000000
1804,18.040065,5694.884248931,5694.884248931,10308,14431200,0.000000
1805,18.050065,5694.894248661,5694.894248661,10314,14439600,0.000000
1806,18.060076,5694.904260184,5694.904260184,10320,14448000,0.000000
1807,18.070068,5694.914251530,5694.914251530,10325,14455000,0.000000
1808,18.080074,5694.924257982,5694.924257982,10331,14463400,0.000000
1809,18.090062,5694.934245946,5694.934245946,10337,14471800,0.000000
1810,18.100068,5694.944252456,5694.944252456,10342,14478800,0.000000
1811,18.110064,5694.954248394,5694.954248394,10348,14487200,0.000000
1812,18.120066,5694.964249667,5694.964249667,10354,14495600,0.000000
1813,18.130086,5694.974269616,5694.974269616,10360,14504000,0.000000
1814,18.140069,5694.984253170,5694.984253170,10365,14511000,0.000000
1815,18.150038,5694.994221791,5694.994221791,10371,14519400,0.000000
1816,18.160059,5695.004242881,5695.004242881,10377,14527800,0.000000
1817,18.170020,5695.014204097,5695.014204097,10382,14534800,0.000000
1818,18.180067,5695.024251026,5695.024251026,10388,14543200,0.000000
1819,18.190077,5695.034261194,5695.034261194,10394,14551600,0.000000
1820,18.200085,5695.044269155,5695.044269155,10400,14560000,0.000000
1821,18.210065,5695.054248866,5695.054248866,10405,14567000,0.000000
1822,18.220064,5695.064248203,5695.064248203,10411,14575400,0.000000
1823,18.230059,5695.074242612,5695.074242612,10417,14583800,0.000000
1824,18.240071,5695.084254595,5695.084254595,10422,14590800,0.000000
1825,18.250064,5695.094248028,5695.094248028,10428,14599200,0.000000
1826,18.260099,5695.104283226,5695.104283226,10434,14607600,0.000000
1827,18.270089,5695.114273304,5695.114273304,10440,14616000,0.000000
1828,18.280082,5695.124266280,5695.124266280,10445,14623000,0.000000
1829,18.290064,5695.134247876,5695.134247876,10451,14631400,0.000000
1830,18.300073,5695.144256764,5695.144256764,10457,14639800,0.000000
1831,18.310060,5695.154243705,5695.154243705,10462,14646800,0.000000
1832,18.320065,5695.164249276,5695.164249276,10468,14655200,0.000000
1833,18.330077,5695.174261268,5695.174261268,10474,14663600,0.000000
1834,18.340098,5695.184282252,5695.184282252,10480,14672000,0.000000
1835,18.350067,5695.194251357,5695.194251357,10485,14679000,0.000000
1836,18.360076,5695.204260300,5695.204260300,10491,14687400,0.000000
1837,18.370066,5695.214249798,5695.214249798,10497,14695800,0.000000
1838,18.380091,5695.224274543,5695.224274543,10502,14702800,0.000000
1839,18.390066,5695.234249934,5695.234249934,10508,14711200,0.000000
1840,18.400063,5695.244246683,5695.244246683,10514,14719600,0.000000
1841,18.410090,5695.254274357,5695.254274357,10520,14728000,0.000000
1842,18.420077,5695.264260883,5695.264260883,10525,14735000,0.000000
1843,18.430067,5695.274250993,5695.274250993,10531,14743400,0.000000
1844,18.440063,5695.284246643,5695.284246643,10537,14751800,0.000000
1845,18.450071,5695.294254808,5695.294254808,10542,14758800,0.000000
1846,18.460065,5695.304248853,5695.304248853,10548,14767200,0.000000
1847,18.470069,5695.314252482,5695.314252482,10554,14775600,0.000000
1848,18.480084,5695.324268201,5695.324268201,10560,14784000,0.000000
1849,18.490071,5695.334255255,5695.334255255,10565,14791000,0.000000
1850,18.500068,5695.344251470,5695.344251470,10571,14799400,0.000000
1851,18.510067,5695.354251325,5695.354251325,10577,14807800,0.000000
1852,18.520070,5695.364254113,5695.364254113,10582,14814800,0.000000
1853,18.530067,5695.374250506,5695.374250506,10588,14823200,0.000000
1854,18.540069,5695.384253168,5695.384253168,10594,14831600,0.000000
1855,18.550089,5695.394272484,5695.394272484,10600,14840000,0.000000
1856,18.560067,5695.404251226,5695.404251226,10605,14847000,0.000000
1857,18.570067,5695.414250821,5695.414250821,10611,14855400,0.000000
1858,18.580059,5695.424243031,5695.424243031,10617,14863800,0.000000
1859,18.590071,5695.434255229,5695.434255229,10622,14870800,0.000000
1860,18.600064,5695.444248373,5695.444248373,10628,14879200,0.000000
1861,18.610071,5695.454254823,5695.454254823,10634,14887600,0.000000
1862,18.620070,5695.464254036,5695.464254036,10640,14896000,0.000000
1863,18.630066,5695.474249908,5695.474249908,10645,14903000,0.000000
1864,18.640067,5695.484251146,5695.484251146,10651,14911400,0.000000
1865,18.650063,5695.494246857,5695.494246857,10657,14919800,0.000000
1866,18.660074,5695.504258310,5695.504258310,10662,14926800,0.000000
1867,18.670065,5695.514248619,5695.514248619,10668,14935200,0.000000
1868,18.680067,5695.524250735,5695.524250735,10674,14943600,0.000000
1869,18.690072,5695.534255805,5695.534255805,10680,14952000,0.000000
1870,18.700070,5695.544254292,5695.544254292,10685,14959000,0.000000
1871,18.710064,5695.554247489,5695.554247489,10691,14967400,0.000000
1872,18.720062,5695.564245753,5695.564245753,10697,14975800,0.000000
1873,18.730065,5695.574249105,5695.574249105,10702,14982800,0.000000
1874,18.740073,5695.584256972,5695.584256972,10708,14991200,0.000000
1875,18.750060,5695.594244365,5695.594244365,10714,14999600,0.000000
1876,18.760066,5695.604249618,5695.604249618,10720,15008000,0.000000
1877,18.770065,5695.614249124,5695.614249124,10725,15015000,0.000000
1878,18.780065,5695.624248568,5695.624248568,10731,15023400,0.000000
1879,18.790017,5695.634200542,5695.634200542,10737,15031800,0.000000
1880,18.800065,5695.644248507,5695.644248507,10742,15038800,0.000000
1881,18.810061,5695.654245312,5695.654245312,10748,15047200,0.000000
1882,18.820065,5695.664248654,5695.664248654,10754,15055600,0.000000
1883,18.830082,5695.674266231,5695.674266231,10760,15064000,0.000000
1884,18.840069,5695.684252529,5695.684252529,10765,15071000,0.000000
1885,18.850063,5695.694247439,5695.694247439,10771,15079400,0.000000
1886,18.860065,5695.704249016,5695.704249016,10777,15087800,0.000000
1887,18.870070,5695.714254040,5695.714254040,10782,15094800,0.000000
1888,18.880063,5695.724247458,5695.724247458,10788,15103200,0.000000
1889,18.890058,5695.734242234,5695.734242234,10794,15111600,0.000000
1890,18.900031,5695.744214595,5695.744214595,10800,15120000,0.000000
1891,18.910061,5695.754245381,5695.754245381,10805,15127000,0.000000
1892,18.920063,5695.764247305,5695.764247305,10811,15135400,0.000000
1893,18.930058,5695.774242111,5695.774242111,10817,15143800,0.000000
1894,18.940062,5695.784246081,5695.784246081,10822,15150800,0.000000
1895,18.950066,5695.794250017,5695.794250017,10828,15159200,0.000000
1896,18.960065,5695.804248505,5695.804248505,10834,15167600,0.000000
1897,18.970073,5695.814257307,5695.814257307,10840,15176000,0.000000
1898,18.980066,5695.824249980,5695.824249980,10845,15183000,0.000000
1899,18.990065,5695.834248858,5695.834248858,10851,15191400,0.000000
1900,19.000062,5695.844246113,5695.844246113,10857,15199800,0.000000
1901,19.010063,5695.854247090,5695.854247090,10862,15206800,0.000000
1902,19.020065,5695.864249288,5695.864249288,10868,15215200,0.000000
1903,19.030060,5695.874244404,5695.874244404,10874,15223600,0.000000
1904,19.040026,5695.884209775,5695.884209775,10880,15232000,0.000000
1905,19.050065,5695.894248984,5695.894248984,10885,15239000,0.000000
1906,19.060064,5695.904248041,5695.904248041,10891,15247400,0.000000
1907,19.070062,5695.914246316,5695.914246316,10897,15255800,0.000000
1908,19.080068,5695.924251761,5695.924251761,10902,15262800,0.000000
1909,19.090065,5695.934248689,5695.934248689,10908,15271200,0.000000
1910,19.100064,5695.944248044,5695.944248044,10914,15279600,0.000000
1911,19.110082,5695.954266360,5695.954266360,10920,15288000,0.000000
1912,19.120070,5695.964254107,5695.964254107,10925,15295000,0.000000
1913,19.130071,5695.974254899,5695.974254899,10931,15303400,0.000000
1914,19.140087,5695.984270709,5695.984270709,10937,15311800,0.000000
1915,19.150064,5695.994248333,5695.994248333,10942,15318800,0.000000
1916,19.160064,5696.004248046,5696.004248046,10948,15327200,0.000000
1917,19.170066,5696.014250439,5696.014250439,10954,15335600,0.000000
1918,19.180112,5696.024296159,5696.024296159,10960,15344000,0.000000
1919,19.190064,5696.034247752,5696.034247752,10965,15351000,0.000000
1920,19.200066,5696.044250262,5696.044250262,10971,15359400,0.000000
1921,19.210062,5696.054246416,5696.054246416,10977,15367800,0.000000
1922,19.220066,5696.064250196,5696.064250196,10982,15374800,0.000000
1923,19.230067,5696.074250828,5696.074250828,10988,15383200,0.000000
1924,19.240065,5696.084249305,5696.084249305,10994,15391600,0.000000
1925,19.250076,5696.094259551,5696.094259551,11000,15400000,0.000000
1926,19.260065,5696.104248662,5696.104248662,11005,15407000,0.000000
1927,19.270065,5696.114248749,5696.114248749,11011,15415400,0.000000
1928,19.280089,5696.124272643,5696.124272643,11017,15423800,0.000000
1929,19.290062,5696.134246040,5696.134246040,11022,15430800,0.000000
1930,19.300063,5696.144246974,5696.144246974,11028,15439200,0.000000
1931,19.310064,5696.154248416,5696.154248416,11034,15447600,0.000000
1932,19.320071,5696.164255330,5696.164255330,11040,15456000,0.000000
1933,19.330059,5696.174242590,5696.174242590,11045,15463000,0.000000
1934,19.340033,5696.184216893,5696.184216893,11051,15471400,0.000000
1935,19.350061,5696.194244856,5696.194244856,11057,15479800,0.000000
1936,19.360066,5696.204250121,5696.204250121,11062,15486800,0.000000
1937,19.370012,5696.214195961,5696.214195961,11068,15495200,0.000000
1938,19.380066,5696.224249654,5696.224249654,11074,15503600,0.000000
1939,19.390073,5696.234256703,5696.234256703,11080,15512000,0.000000
1940,19.400065,5696.244249047,5696.244249047,11085,15519000,0.000000
1941,19.410066,5696.254249900,5696.254249900,11091,15527400,0.000000
1942,19.420071,5696.264254608,5696.264254608,11097,15535800,0.000000
1943,19.430067,5696.274251266,5696.274251266,11102,15542800,0.000000
1944,19.440064,5696.284247698,5696.284247698,11108,15551200,0.000000
1945,19.450068,5696.294251765,5696.294251765,11114,15559600,0.000000
1946,19.460070,5696.304254111,5696.304254111,11120,15568000,0.000000
1947,19.470063,5696.314247017,5696.314247017,11125,15575000,0.000000
1948,19.480064,5696.324247743,5696.324247743,11131,15583400,0.000000
1949,19.490057,5696.334241197,5696.334241197,11137,15591800,0.000000
1950,19.500073,5696.344257454,5696.344257454,11142,15598800,0.000000
1951,19.510064,5696.354248045,5696.354248045,11148,15607200,0.000000
1952,19.520064,5696.364248375,5696.364248375,11154,15615600,0.000000
1953,19.530072,5696.374255639,5696.374255639,11160,15624000,0.000000
1954,19.540068,5696.384251499,5696.384251499,11165,15631000,0.000000
1955,19.550068,5696.394251546,5696.394251546,11171,15639400,0.000000
1956,19.560075,5696.404258821,5696.404258821,11177,15647800,0.000000
1957,19.570076,5696.414259767,5696.414259767,11182,15654800,0.000000
1958,19.580077,5696.424261217,5696.424261217,11188,15663200,0.000000
1959,19.590064,5696.434247921,5696.434247921,11194,15671600,0.000000
1960,19.600072,5696.444255525,5696.444255525,11200,15680000,0.000000
1961,19.610069,5696.454252615,5696.454252615,11205,15687000,0.000000
1962,19.620062,5696.464246286,5696.464246286,11211,15695400,0.000000
1963,19.630061,5696.474244897,5696.474244897,11217,15703800,0.000000
1964,19.640063,5696.484247200,5696.484247200,11222,15710800,0.000000
1965,19.650063,5696.494247392,5696.494247392,11228,15719200,0.000000
1966,19.660067,5696.504251340,5696.504251340,11234,15727600,0.000000
1967,19.670073,5696.514256727,5696.514256727,11240,15736000,0.000000
1968,19.680063,5696.524247425,5696.524247425,11245,15743000,0.000000
1969,19.690069,5696.534252623,5696.534252623,11251,15751400,0.000000
1970,19.700058,5696.544241739,5696.544241739,11257,15759800,0.000000
1971,19.710068,5696.554252276,5696.554252276,11262,15766800,0.000000
1972,19.720071,5696.564254896,5696.564254896,11268,15775200,0.000000
1973,19.730064,5696.574248405,5696.574248405,11274,15783600,0.000000
1974,19.740080,5696.584263743,5696.584263743,11280,15792000,0.000000
1975,19.750065,5696.594249219,5696.594249219,11285,15799000,0.000000
1976,19.760067,5696.604251458,5696.604251458,11291,15807400,0.000000
1977,19.770063,5696.614247453,5696.614247453,11297,15815800,0.000000
1978,19.780068,5696.624252283,5696.624252283,11302,15822800,0.000000
1979,19.790069,5696.634252976,5696.634252976,11308,15831200,0.000000
1980,19.800066,5696.644249895,5696.644249895,11314,15839600,0.000000
1981,19.810075,5696.654258882,5696.654258882,11320,15848000,0.000000
1982,19.820066,5696.664250089,5696.664250089,11325,15855000,0.000000
1983,19.830065,5696.674248900,5696.674248900,11331,15863400,0.000000
1984,19.840059,5696.684242668,5696.684242668,11337,15871800,0.000000
1985,19.850072,5696.694256021,5696.694256021,11342,15878800,0.000000
1986,19.860069,5696.704253077,5696.704253077,11348,15887200,0.000000
1987,19.870064,5696.714248124,5696.714248124,11354,15895600,0.000000
1988,19.880079,5696.724262469,5696.724262469,11360,15904000,0.000000
1989,19.890069,5696.734253337,5696.734253337,11365,15911000,0.000000
1990,19.900066,5696.744249485,5696.744249485,11371,15919400,0.000000
1991,19.910021,5696.754204819,5696.754204819,11377,15927800,0.000000
1992,19.920073,5696.764257410,5696.764257410,11382,15934800,0.000000
1993,19.930066,5696.774250207,5696.774250207,11388,15943200,0.000000
1994,19.940065,5696.784248710,5696.784248710,11394,15951600,0.000000
1995,19.950076,5696.794260168,5696.794260168,11400,15960000,0.000000
1996,19.960067,5696.804250655,5696.804250655,11405,15967000,0.000000
1997,19.970065,5696.814248963,5696.814248963,11411,15975400,0.000000
1998,19.980062,5696.824246343,5696.824246343,11417,15983800,0.000000
1999,19.990066,5696.834250026,5696.834250026,11422,15990800,0.000000
2000,20.000066,5696.844250321,5696.844250321,11428,15999200,0.000000
2001,20.010064,5696.854247891,5696.854247891,11434,16007600,0.000000
2002,20.020075,5696.864259001,5696.864259001,11440,16016000,0.000000
2003,20.030068,5696.874251755,5696.874251755,11445,16023000,0.000000
2004,20.040066,5696.884249947,5696.884249947,11451,16031400,0.000000
2005,20.050062,5696.894245898,5696.894245898,11457,16039800,0.000000
2006,20.060064,5696.904247881,5696.904247881,11462,16046800,0.000000
2007,20.070068,5696.914252217,5696.914252217,11468,16055200,0.000000
2008,20.080084,5696.924268070,5696.924268070,11474,16063600,0.000000
2009,20.090083,5696.934266861,5696.934266861,11480,16072000,0.000000
2010,20.100067,5696.944250734,5696.944250734,11485,16079000,0.000000
2011,20.110072,5696.954255473,5696.954255473,11491,16087400,0.000000
2012,20.120058,5696.964242268,5696.964242268,11497,16095800,0.000000
2013,20.130066,5696.974249586,5696.974249586,11502,16102800,0.000000
2014,20.140068,5696.984252022,5696.984252022,11508,16111200,0.000000
2015,20.150064,5696.994248253,5696.994248253,11514,16119600,0.000000
2016,20.160069,5697.004252595,5697.004252595,11520,16128000,0.000000
2017,20.170066,5697.014249580,5697.014249580,11525,16135000,0.000000
2018,20.180065,5697.024249004,5697.024249004,11531,16143400,0.000000
2019,20.190010,5697.034194393,5697.034194393,11537,16151800,0.000000
2020,20.200072,5697.044256028,5697.044256028,11542,16158800,0.000000
2021,20.210076,5697.054260018,5697.054260018,11548,16167200,0.000000
2022,20.220075,5697.064259341,5697.064259341,11554,16175600,0.000000
2023,20.230074,5697.074258161,5697.074258161,11560,16184000,0.000000
2024,20.240066,5697.084249915,5697.084249915,11565,16191000,0.000000
2025,20.250064,5697.094247852,5697.094247852,11571,16199400,0.000000
2026,20.260071,5697.104254541,5697.104254541,11577,16207800,0.000000
2027,20.270070,5697.114253970,5697.114253970,11582,16214800,0.000000
2028,20.280068,5697.124251928,5697.124251928,11588,16223200,0.000000
2029,20.290072,5697.134256117,5697.134256117,11594,16231600,0.000000
2030,20.300073,5697.144256839,5697.144256839,11600,16240000,0.000000
2031,20.310085,5697.154269244,5697.154269244,11605,16247000,0.000000
2032,20.320065,5697.164249249,5697.164249249,11611,16255400,0.000000
2033,20.330066,5697.174249704,5697.174249704,11617,16263800,0.000000
2034,20.340108,5697.184291804,5697.184291804,11622,16270800,0.000000
2035,20.350065,5697.194248942,5697.194248942,11628,16279200,0.000000
2036,20.360070,5697.204254309,5697.204254309,11634,16287600,0.000000
2037,20.370097,5697.214281059,5697.214281059,11640,16296000,0.000000
2038,20.380073,5697.224256969,5697.224256969,11645,16303000,0.000000
2039,20.390068,5697.234252059,5697.234252059,11651,16311400,0.000000
2040,20.400067,5697.244250753,5697.244250753,11657,16319800,0.000000
2041,20.410066,5697.254250253,5697.254250253,11662,16326800,0.000000
2042,20.420069,5697.264253206,5697.264253206,11668,16335200,0.000000
2043,20.430060,5697.274244349,5697.274244349,11674,16343600,0.000000
2044,20.440093,5697.284276777,5697.284276777,11680,16352000,0.000000
2045,20.450073,5697.294256925,5697.294256925,11685,16359000,0.000000
2046,20.460064,5697.304248333,5697.304248333,11691,16367400,0.000000
2047,20.470017,5697.314201121,5697.314201121,11697,16375800,0.000000
2048,20.480063,5697.324247009,5697.324247009,11702,16382800,0.000000
2049,20.490068,5697.334251634,5697.334251634,11708,16391200,0.000000
2050,20.500065,5697.344249189,5697.344249189,11714,16399600,0.000000
2051,20.510080,5697.354263871,5697.354263871,11720,16408000,0.000000
2052,20.520066,5697.364249611,5697.364249611,11725,16415000,0.000000
2053,20.530068,5697.374251883,5697.374251883,11731,16423400,0.000000
2054,20.540090,5697.384273867,5697.384273867,11737,16431800,0.000000
2055,20.550070,5697.394254376,5697.394254376,11742,16438800,0.000000
2056,20.560094,5697.404277937,5697.404277937,11748,16447200,0.000000
2057,20.570067,5697.414251423,5697.414251423,11754,16455600,0.000000
2058,20.580077,5697.424260671,5697.424260671,11760,16464000,0.000000
2059,20.590064,5697.434247648,5697.434247648,11765,16471000,0.000000
2060,20.600068,5697.444251878,5697.444251878,11771,16479400,0.000000
2061,20.610065,5697.454248639,5697.454248639,11777,16487800,0.000000
2062,20.620067,5697.464251132,5697.464251132,11782,16494800,0.000000
2063,20.630065,5697.474249346,5697.474249346,11788,16503200,0.000000
2064,20.640064,5697.484247791,5697.484247791,11794,16511600,0.000000
2065,20.650076,5697.494259516,5697.494259516,11800,16520000,0.000000
2066,20.660067,5697.504250704,5697.504250704,11805,16527000,0.000000
2067,20.670068,5697.514251502,5697.514251502,11811,16535400,0.000000
2068,20.680065,5697.524248612,5697.524248612,11817,16543800,0.000000
2069,20.690064,5697.534247647,5697.534247647,11822,16550800,0.000000
2070,20.700066,5697.544249755,5697.544249755,11828,16559200,0.000000
2071,20.710056,5697.554239494,5697.554239494,11834,16567600,0.000000
2072,20.720096,5697.564279520,5697.564279520,11840,16576000,0.000000
2073,20.730065,5697.574248771,5697.574248771,11845,16583000,0.000000
2074,20.740070,5697.584253544,5697.584253544,11851,16591400,0.000000
2075,20.750023,5697.594206763,5697.594206763,11857,16599800,0.000000
2076,20.760065,5697.604249068,5697.604249068,11862,16606800,0.000000
2077,20.770065,5697.614248836,5697.614248836,11868,16615200,0.000000
2078,20.780067,5697.624251011,5697.624251011,11874,16623600,0.000000
2079,20.790086,5697.634269603,5697.634269603,11880,16632000,0.000000
2080,20.800068,5697.644251581,5697.644251581,11885,16639000,0.000000
2081,20.810066,5697.654250153,5697.654250153,11891,16647400,0.000000
2082,20.820066,5697.664250171,5697.664250171,11897,16655800,0.000000
2083,20.830067,5697.674250518,5697.674250518,11902,16662800,0.000000
2084,20.840065,5697.684248797,5697.684248797,11908,16671200,0.000000
2085,20.850074,5697.694258169,5697.694258169,11914,16679600,0.000000
2086,20.860068,5697.704251719,5697.704251719,11920,16688000,0.000000
2087,20.870075,5697.714258638,5697.714258638,11925,16695000,0.000000
2088,20.880064,5697.724248395,5697.724248395,11931,16703400,0.000000
2089,20.890059,5697.734242860,5697.734242860,11937,16711800,0.000000
2090,20.900070,5697.744253947,5697.744253947,11942,16718800,0.000000
2091,20.910059,5697.754243398,5697.754243398,11948,16727200,0.000000
2092,20.920064,5697.764247700,5697.764247700,11954,16735600,0.000000
2093,20.930069,5697.774252725,5697.774252725,11960,16744000,0.000000
2094,20.940064,5697.784247995,5697.784247995,11965,16751000,0.000000
2095,20.950066,5697.794249649,5697.794249649,11971,16759400,0.000000
2096,20.960064,5697.804248015,5697.804248015,11977,16767800,0.000000
2097,20.970068,5697.814251659,5697.814251659,11982,16774800,0.000000
2098,20.980064,5697.824248084,5697.824248084,11988,16783200,0.000000
2099,20.990066,5697.834249612,5697.834249612,11994,16791600,0.000000
2100,21.000075,5697.844258699,5697.844258699,12000,16800000,0.000000
2101,21.010061,5697.854245278,5697.854245278,12005,16807000,0.000000
2102,21.020064,5697.864247960,5697.864247960,12011,16815400,0.000000
2103,21.030061,5697.874245232,5697.874245232,12017,16823800,0.000000
2104,21.040066,5697.884249938,5697.884249938,12022,16830800,0.000000
2105,21.050068,5697.894251606,5697.894251606,12028,16839200,0.000000
2106,21.060066,5697.904249715,5697.904249715,12034,16847600,0.000000
2107,21.070051,5697.914235355,5697.914235355,12040,16856000,0.000000
2108,21.080066,5697.924250329,5697.924250329,12045,16863000,0.000000
2109,21.090065,5697.934248794,5697.934248794,12051,16871400,0.000000
2110,21.100062,5697.944245893,5697.944245893,12057,16879800,0.000000
2111,21.110062,5697.954246338,5697.954246338,12062,16886800,0.000000
2112,21.120065,5697.964249303,5697.964249303,12068,16895200,0.000000
2113,21.130062,5697.974245918,5697.974245918,12074,16903600,0.000000
2114,21.140085,5697.984268564,5697.984268564,12080,16912000,0.000000
2115,21.150068,5697.994252040,5697.994252040,12085,16919000,0.000000
2116,21.160069,5698.004252833,5698.004252833,12091,16927400,0.000000
2117,21.170065,5698.014249325,5698.014249325,12097,16935800,0.000000
2118,21.180068,5698.024251471,5698.024251471,12102,16942800,0.000000
2119,21.190066,5698.034250360,5698.034250360,12108,16951200,0.000000
2120,21.200059,5698.044243405,5698.044243405,12114,16959600,0.000000
2121,21.210076,5698.054260010,5698.054260010,12120,16968000,0.000000
2122,21.220066,5698.064250211,5698.064250211,12125,16975000,0.000000
2123,21.230068,5698.074251506,5698.074251506,12131,16983400,0.000000
2124,21.240063,5698.084246959,5698.084246959,12137,16991800,0.000000
2125,21.250073,5698.094256649,5698.094256649,12142,16998800,0.000000
2126,21.260067,5698.104250813,5698.104250813,12148,17007200,0.000000
2127,21.270064,5698.114248279,5698.114248279,12154,17015600,0.000000
2128,21.280079,5698.124262595,5698.124262595,12160,17024000,0.000000
2129,21.290068,5698.134252203,5698.134252203,12165,17031000,0.000000
2130,21.300067,5698.144250757,5698.144250757,12171,17039400,0.000000
2131,21.310059,5698.154242915,5698.154242915,12177,17047800,0.000000
2132,21.320074,5698.164257837,5698.164257837,12182,17054800,0.000000
2133,21.330069,5698.174252918,5698.174252918,12188,17063200,0.000000
2134,21.340069,5698.184252618,5698.184252618,12194,17071600,0.000000
2135,21.350037,5698.194220552,5698.194220552,12200,17080000,0.000000
2136,21.360069,5698.204252812,5698.204252812,12205,17087000,0.000000
2137,21.370066,5698.214250152,5698.214250152,12211,17095400,0.000000
2138,21.380081,5698.224265270,5698.224265270,12217,17103800,0.000000
2139,21.390075,5698.234258968,5698.234258968,12222,17110800,0.000000
2140,21.400069,5698.244252705,5698.244252705,12228,17119200,0.000000
2141,21.410064,5698.254247559,5698.254247559,12234,17127600,0.000000
2142,21.420072,5698.264255675,5698.264255675,12240,17136000,0.000000
2143,21.430068,5698.274251761,5698.274251761,12245,17143000,0.000000
2144,21.440066,5698.284249803,5698.284249803,12251,17151400,0.000000
2145,21.450063,5698.294247306,5698.294247306,12257,17159800,0.000000
2146,21.460068,5698.304251805,5698.304251805,12262,17166800,0.000000
2147,21.470064,5698.314247996,5698.314247996,12268,17175200,0.000000
2148,21.480066,5698.324249741,5698.324249741,12274,17183600,0.000000
2149,21.490072,5698.334256350,5698.334256350,12280,17192000,0.000000
2150,21.500074,5698.344257879,5698.344257879,12285,17199000,0.000000
2151,21.510074,5698.354257606,5698.354257606,12291,17207400,0.000000
2152,21.520065,5698.364249118,5698.364249118,12297,17215800,0.000000
2153,21.530065,5698.374248759,5698.374248759,12302,17222800,0.000000
2154,21.540072,5698.384256447,5698.384256447,12308,17231200,0.000000
2155,21.550068,5698.394251998,5698.394251998,12314,17239600,0.000000
2156,21.560071,5698.404254973,5698.404254973,12320,17248000,0.000000
2157,21.570067,5698.414250641,5698.414250641,12325,17255000,0.000000
2158,21.580064,5698.424247675,5698.424247675,12331,17263400,0.000000
2159,21.590019,5698.434203339,5698.434203339,12337,17271800,0.000000
2160,21.600067,5698.444250734,5698.444250734,12342,17278800,0.000000
2161,21.610068,5698.454251925,5698.454251925,12348,17287200,0.000000
2162,21.620070,5698.464254062,5698.464254062,12354,17295600,0.000000
2163,21.630079,5698.474263138,5698.474263138,12360,17304000,0.000000
2164,21.640066,5698.484249611,5698.484249611,12365,17311000,0.000000
2165,21.650065,5698.494248613,5698.494248613,12371,17319400,0.000000
2166,21.660062,5698.504246385,5698.504246385,12377,17327800,0.000000
2167,21.670069,5698.514253009,5698.514253009,12382,17334800,0.000000
2168,21.680077,5698.524261453,5698.524261453,12388,17343200,0.000000
2169,21.690069,5698.534253155,5698.534253155,12394,17351600,0.000000
2170,21.700080,5698.544263897,5698.544263897,12400,17360000,0.000000
2171,21.710067,5698.554251320,5698.554251320,12405,17367000,0.000000
2172,21.720069,5698.564252593,5698.564252593,12411,17375400,0.000000
2173,21.730064,5698.574247720,5698.574247720,12417,17383800,0.000000
2174,21.740065,5698.584249212,5698.584249212,12422,17390800,0.000000
2175,21.750069,5698.594253252,5698.594253252,12428,17399200,0.000000
2176,21.760065,5698.604249239,5698.604249239,12434,17407600,0.000000
2177,21.770043,5698.614227007,5698.614227007,12440,17416000,0.000000
2178,21.780067,5698.624251409,5698.624251409,12445,17423000,0.000000
2179,21.790064,5698.634248332,5698.634248332,12451,17431400,0.000000
2180,21.800065,5698.644248763,5698.644248763,12457,17439800,0.000000
2181,21.810067,5698.654251051,5698.654251051,12462,17446800,0.000000
2182,21.820067,5698.664250563,5698.664250563,12468,17455200,0.000000
2183,21.830023,5698.674207428,5698.674207428,12474,17463600,0.000000
2184,21.840077,5698.684260483,5698.684260483,12480,17472000,0.000000
2185,21.850064,5698.694247877,5698.694247877,12485,17479000,0.000000
2186,21.860066,5698.704249655,5698.704249655,12491,17487400,0.000000
2187,21.870016,5698.714199742,5698.714199742,12497,17495800,0.000000
2188,21.880064,5698.724247509,5698.724247509,12502,17502800,0.000000
2189,21.890066,5698.734249565,5698.734249565,12508,17511200,0.000000
2190,21.900076,5698.744259964,5698.744259964,12514,17519600,0.000000
2191,21.910081,5698.754264736,5698.754264736,12520,17528000,0.000000
2192,21.920070,5698.764253935,5698.764253935,12525,17535000,0.000000
2193,21.930066,5698.774250068,5698.774250068,12531,17543400,0.000000
2194,21.940067,5698.784250544,5698.784250544,12537,17551800,0.000000
2195,21.950066,5698.794249807,5698.794249807,12542,17558800,0.000000
2196,21.960063,5698.804247121,5698.804247121,12548,17567200,0.000000
2197,21.970067,5698.814251303,5698.814251303,12554,17575600,0.000000
2198,21.980078,5698.824261488,5698.824261488,12560,17584000,0.000000
2199,21.990070,5698.834253511,5698.834253511,12565,17591000,0.000000
2200,22.000067,5698.844251240,5698.844251240,12571,17599400,0.000000
2201,22.010062,5698.854245696,5698.854245696,12577,17607800,0.000000
2202,22.020063,5698.864247355,5698.864247355,12582,17614800,0.000000
2203,22.030065,5698.874248956,5698.874248956,12588,17623200,0.000000
2204,22.040065,5698.884248985,5698.884248985,12594,17631600,0.000000
2205,22.050077,5698.894261039,5698.894261039,12600,17640000,0.000000
2206,22.060067,5698.904250615,5698.904250615,12605,17647000,0.000000
2207,22.070064,5698.914247541,5698.914247541,12611,17655400,0.000000
2208,22.080062,5698.924245530,5698.924245530,12617,17663800,0.000000
2209,22.090066,5698.934250287,5698.934250287,12622,17670800,0.000000
2210,22.100068,5698.944251885,5698.944251885,12628,17679200,0.000000
2211,22.110067,5698.954250535,5698.954250535,12634,17687600,0.000000
2212,22.120076,5698.964259910,5698.964259910,12640,17696000,0.000000
2213,22.130063,5698.974246961,5698.974246961,12645,17703000,0.000000
2214,22.140064,5698.984248373,5698.984248373,12651,17711400,0.000000
2215,22.150061,5698.994245040,5698.994245040,12657,17719800,0.000000
2216,22.160067,5699.004250575,5699.004250575,12662,17726800,0.000000
2217,22.170064,5699.014247975,5699.014247975,12668,17735200,0.000000
2218,22.180066,5699.024250129,5699.024250129,12674,17743600,0.000000
2219,22.190077,5699.034261416,5699.034261416,12680,17752000,0.000000
2220,22.200068,5699.044251831,5699.044251831,12685,17759000,0.000000
2221,22.210089,5699.054273385,5699.054273385,12691,17767400,0.000000
2222,22.220063,5699.064247399,5699.064247399,12697,17775800,0.000000
2223,22.230065,5699.074248644,5699.074248644,12702,17782800,0.000000
2224,22.240060,5699.084243699,5699.084243699,12708,17791200,0.000000
2225,22.250062,5699.094245646,5699.094245646,12714,17799600,0.000000
2226,22.260074,5699.104257797,5699.104257797,12720,17808000,0.000000
2227,22.270066,5699.114249623,5699.114249623,12725,17815000,0.000000
2228,22.280064,5699.124248340,5699.124248340,12731,17823400,0.000000
2229,22.290058,5699.134242457,5699.134242457,12737,17831800,0.000000
2230,22.300065,5699.144248515,5699.144248515,12742,17838800,0.000000
2231,22.310071,5699.154254834,5699.154254834,12748,17847200,0.000000
2232,22.320066,5699.164250056,5699.164250056,12754,17855600,0.000000
2233,22.330074,5699.174258184,5699.174258184,12760,17864000,0.000000
2234,22.340093,5699.184276563,5699.184276563,12765,17871000,0.000000
2235,22.350067,5699.194250752,5699.194250752,12771,17879400,0.000000
2236,22.360060,5699.204244221,5699.204244221,12777,17887800,0.000000
2237,22.370071,5699.214254730,5699.214254730,12782,17894800,0.000000
2238,22.380088,5699.224271497,5699.224271497,12788,17903200,0.000000
2239,22.390070,5699.234253546,5699.234253546,12794,17911600,0.000000
2240,22.400093,5699.244277264,5699.244277264,12800,17920000,0.000000
2241,22.410068,5699.254252453,5699.254252453,12805,17927000,0.000000
2242,22.420066,5699.264249516,5699.264249516,12811,17935400,0.000000
2243,22.430062,5699.274245996,5699.274245996,12817,17943800,0.000000
2244,22.440087,5699.284270999,5699.284270999,12822,17950800,0.000000
2245,22.450064,5699.294248155,5699.294248155,12828,17959200,0.000000
2246,22.460067,5699.304250572,5699.304250572,12834,17967600,0.000000
2247,22.470079,5699.314263009,5699.314263009,12840,17976000,0.000000
2248,22.480067,5699.324250590,5699.324250590,12845,17983000,0.000000
2249,22.490056,5699.334239821,5699.334239821,12851,17991400,0.000000
2250,22.500062,5699.344246389,5699.344246389,12857,17999800,0.000000
2251,22.510065,5699.354249177,5699.354249177,12862,18006800,0.000000
2252,22.520069,5699.364253190,5699.364253190,12868,18015200,0.000000
2253,22.530067,5699.374250781,5699.374250781,12874,18023600,0.000000
2254,22.540071,5699.384254667,5699.384254667,12880,18032000,0.000000
2255,22.550059,5699.394242853,5699.394242853,12885,18039000,0.000000
2256,22.560070,5699.404254403,5699.404254403,12891,18047400,0.000000
2257,22.570065,5699.414248572,5699.414248572,12897,18055800,0.000000
2258,22.580065,5699.424248819,5699.424248819,12902,18062800,0.000000
2259,22.590073,5699.434257284,5699.434257284,12908,18071200,0.000000
2260,22.600071,5699.444254988,5699.444254988,12914,18079600,0.000000
2261,22.610081,5699.454264723,5699.454264723,12920,18088000,0.000000
2262,22.620077,5699.464261340,5699.464261340,12925,18095000,0.000000
2263,22.630067,5699.474251326,5699.474251326,12931,18103400,0.000000
2264,22.640063,5699.484246529,5699.484246529,12937,18111800,0.000000
2265,22.650066,5699.494250189,5699.494250189,12942,18118800,0.000000
2266,22.660070,5699.504253622,5699.504253622,12948,18127200,0.000000
2267,22.670069,5699.514252738,5699.514252738,12954,18135600,0.000000
2268,22.680077,5699.524261419,5699.524261419,12960,18144000,0.000000
2269,22.690084,5699.534268219,5699.534268219,12965,18151000,0.000000
2270,22.700064,5699.544247877,5699.544247877,12971,18159400,0.000000
2271,22.710063,5699.554246486,5699.554246486,12977,18167800,0.000000
2272,22.720067,5699.564251342,5699.564251342,12982,18174800,0.000000
2273,22.730063,5699.574246949,5699.574246949,12988,18183200,0.000000
2274,22.740068,5699.584251708,5699.584251708,12994,18191600,0.000000
2275,22.750091,5699.594274985,5699.594274985,13000,18200000,0.000000
2276,22.760065,5699.604248847,5699.604248847,13005,18207000,0.000000
2277,22.770059,5699.614242531,5699.614242531,13011,18215400,0.000000
2278,22.780066,5699.624250380,5699.624250380,13017,18223800,0.000000
2279,22.790066,5699.634250356,5699.634250356,13022,18230800,0.000000
2280,22.800067,5699.644251436,5699.644251436,13028,18239200,0.000000
2281,22.810063,5699.654246863,5699.654246863,13034,18247600,0.000000
2282,22.820075,5699.664259148,5699.664259148,13040,18256000,0.000000
2283,22.830066,5699.674249564,5699.674249564,13045,18263000,0.000000
2284,22.840067,5699.684251023,5699.684251023,13051,18271400,0.000000
2285,22.850059,5699.694243265,5699.694243265,13057,18279800,0.000000
2286,22.860061,5699.704245375,5699.704245375,13062,18286800,0.000000
2287,22.870065,5699.714248778,5699.714248778,13068,18295200,0.000000
2288,22.880065,5699.724248973,5699.724248973,13074,18303600,0.000000
2289,22.890075,5699.734258982,5699.734258982,13080,18312000,0.000000
2290,22.900069,5699.744252929,5699.744252929,13085,18319000,0.000000
2291,22.910065,5699.754249066,5699.754249066,13091,18327400,0.000000
2292,22.920065,5699.764248850,5699.764248850,13097,18335800,0.000000
2293,22.930071,5699.774254682,5699.774254682,13102,18342800,0.000000
2294,22.940067,5699.784250714,5699.784250714,13108,18351200,0.000000
2295,22.950027,5699.794210965,5699.794210965,13114,18359600,0.000000
2296,22.960067,5699.804250605,5699.804250605,13120,18368000,0.000000
2297,22.970064,5699.814248150,5699.814248150,13125,18375000,0.000000
2298,22.980064,5699.824247801,5699.824247801,13131,18383400,0.000000
2299,22.990062,5699.834246317,5699.834246317,13137,18391800,0.000000
2300,23.000066,5699.844249826,5699.844249826,13142,18398800,0.000000
2301,23.010068,5699.854252056,5699.854252056,13148,18407200,0.000000
2302,23.020066,5699.864250320,5699.864250320,13154,18415600,0.000000
2303,23.030080,5699.874263719,5699.874263719,13160,18424000,0.000000
2304,23.040063,5699.884246752,5699.884246752,13165,18431000,0.000000
2305,23.050064,5699.894248365,5699.894248365,13171,18439400,0.000000
2306,23.060065,5699.904249014,5699.904249014,13177,18447800,0.000000
2307,23.070038,5699.914222391,5699.914222391,13182,18454800,0.000000
2308,23.080064,5699.924248117,5699.924248117,13188,18463200,0.000000
2309,23.090064,5699.934247610,5699.934247610,13194,18471600,0.000000
2310,23.100079,5699.944263334,5699.944263334,13200,18480000,0.000000
2311,23.110065,5699.954248981,5699.954248981,13205,18487000,0.000000
2312,23.120064,5699.964248218,5699.964248218,13211,18495400,0.000000
2313,23.130062,5699.974245897,5699.974245897,13217,18503800,0.000000
2314,23.140064,5699.984248248,5699.984248248,13222,18510800,0.000000
2315,23.150064,5699.994247942,5699.994247942,13228,18519200,0.000000
2316,23.160059,5700.004243170,5700.004243170,13234,18527600,0.000000
2317,23.170073,5700.014256508,5700.014256508,13240,18536000,0.000000
2318,23.180067,5700.024250860,5700.024250860,13245,18543000,0.000000
2319,23.190066,5700.034249724,5700.034249724,13251,18551400,0.000000
2320,23.200061,5700.044245267,5700.044245267,13257,18559800,0.000000
2321,23.210068,5700.054252130,5700.054252130,13262,18566800,0.000000
2322,23.220069,5700.064252635,5700.064252635,13268,18575200,0.000000
2323,23.230063,5700.074246737,5700.074246737,13274,18583600,0.000000
2324,23.240086,5700.084270187,5700.084270187,13280,18592000,0.000000
2325,23.250060,5700.094244060,5700.094244060,13285,18599000,0.000000
2326,23.260081,5700.104265457,5700.104265457,13291,18607400,0.000000
2327,23.270049,5700.114232963,5700.114232963,13297,18615800,0.000000
2328,23.280073,5700.124256563,5700.124256563,13302,18622800,0.000000
2329,23.290060,5700.134244027,5700.134244027,13308,18631200,0.000000
2330,23.300064,5700.144248365,5700.144248365,13314,18639600,0.000000
2331,23.310089,5700.154272674,5700.154272674,13320,18648000,0.000000
2332,23.320081,5700.164264694,5700.164264694,13325,18655000,0.000000
2333,23.330064,5700.174248436,5700.174248436,13331,18663400,0.000000
2334,23.340066,5700.184249767,5700.184249767,13337,18671800,0.000000
2335,23.350069,5700.194253334,5700.194253334,13342,18678800,0.000000
2336,23.360062,5700.204245568,5700.204245568,13348,18687200,0.000000
2337,23.370045,5700.214229375,5700.214229375,13354,18695600,0.000000
2338,23.380082,5700.224266265,5700.224266265,13360,18704000,0.000000
2339,23.390065,5700.234248947,5700.234248947,13365,18711000,0.000000
2340,23.400074,5700.244258300,5700.244258300,13371,18719400,0.000000
2341,23.410062,5700.254245598,5700.254245598,13377,18727800,0.000000
2342,23.420070,5700.264253888,5700.264253888,13382,18734800,0.000000
2343,23.430073,5700.274257067,5700.274257067,13388,18743200,0.000000
2344,23.440065,5700.284248464,5700.284248464,13394,18751600,0.000000
2345,23.450075,5700.294259356,5700.294259356,13400,18760000,0.000000
2346,23.460066,5700.304250388,5700.304250388,13405,18767000,0.000000
2347,23.470025,5700.314209005,5700.314209005,13411,18775400,0.000000
2348,23.480064,5700.324247553,5700.324247553,13417,18783800,0.000000
2349,23.490074,5700.334257827,5700.334257827,13422,18790800,0.000000
2350,23.500073,5700.344256843,5700.344256843,13428,18799200,0.000000
2351,23.510064,5700.354248396,5700.354248396,13434,18807600,0.000000
2352,23.520076,5700.364260425,5700.364260425,13440,18816000,0.000000
2353,23.530070,5700.374253481,5700.374253481,13445,18823000,0.000000
2354,23.540068,5700.384251608,5700.384251608,13451,18831400,0.000000
2355,23.550037,5700.394221187,5700.394221187,13457,18839800,0.000000
2356,23.560068,5700.404251736,5700.404251736,13462,18846800,0.000000
2357,23.570067,5700.414250754,5700.414250754,13468,18855200,0.000000
2358,23.580071,5700.424255432,5700.424255432,13474,18863600,0.000000
2359,23.590108,5700.434292055,5700.434292055,13480,18872000,0.000000
2360,23.600073,5700.444257200,5700.444257200,13485,18879000,0.000000
2361,23.610076,5700.454259549,5700.454259549,13491,18887400,0.000000
2362,23.620063,5700.464246547,5700.464246547,13497,18895800,0.000000
2363,23.630091,5700.474274484,5700.474274484,13502,18902800,0.000000
2364,23.640069,5700.484253375,5700.484253375,13508,18911200,0.000000
2365,23.650069,5700.494253249,5700.494253249,13514,18919600,0.000000
2366,23.660089,5700.504272941,5700.504272941,13520,18928000,0.000000
2367,23.670070,5700.514253531,5700.514253531,13525,18935000,0.000000
2368,23.680064,5700.524248089,5700.524248089,13531,18943400,0.000000
2369,23.690082,5700.534265565,5700.534265565,13537,18951800,0.000000
2370,23.700066,5700.544250068,5700.544250068,13542,18958800,0.000000
2371,23.710069,5700.554252508,5700.554252508,13548,18967200,0.000000
2372,23.720061,5700.564245190,5700.564245190,13554,18975600,0.000000
2373,23.730071,5700.574255346,5700.574255346,13560,18984000,0.000000
2374,23.740068,5700.584251554,5700.584251554,13565,18991000,0.000000
2375,23.750043,5700.594226906,5700.594226906,13571,18999400,0.000000
2376,23.760038,5700.604221809,5700.604221809,13577,19007800,0.000000
2377,23.770069,5700.614253107,5700.614253107,13582,19014800,0.000000
2378,23.780063,5700.624246815,5700.624246815,13588,19023200,0.000000
2379,23.790066,5700.634249619,5700.634249619,13594,19031600,0.000000
2380,23.800075,5700.644259050,5700.644259050,13600,19040000,0.000000
2381,23.810072,5700.654256315,5700.654256315,13605,19047000,0.000000
2382,23.820064,5700.664247853,5700.664247853,13611,19055400,0.000000
2383,23.830065,5700.674249121,5700.674249121,13617,19063800,0.000000
2384,23.840084,5700.684268070,5700.684268070,13622,19070800,0.000000
2385,23.850020,5700.694204334,5700.694204334,13628,19079200,0.000000
2386,23.860065,5700.704248799,5700.704248799,13634,19087600,0.000000
2387,23.870076,5700.714259818,5700.714259818,13640,19096000,0.000000
2388,23.880029,5700.724212997,5700.724212997,13645,19103000,0.000000
2389,23.890062,5700.734246147,5700.734246147,13651,19111400,0.000000
2390,23.900062,5700.744246336,5700.744246336,13657,19119800,0.000000
2391,23.910032,5700.754215690,5700.754215690,13662,19126800,0.000000
2392,23.920063,5700.764246486,5700.764246486,13668,19135200,0.000000
2393,23.930065,5700.774249202,5700.774249202,13674,19143600,0.000000
2394,23.940082,5700.784266189,5700.784266189,13680,19152000,0.000000
2395,23.950065,5700.794249069,5700.794249069,13685,19159000,0.000000
2396,23.960064,5700.804247884,5700.804247884,13691,19167400,0.000000
2397,23.970062,5700.814246103,5700.814246103,13697,19175800,0.000000
2398,23.980069,5700.824253039,5700.824253039,13702,19182800,0.000000
2399,23.990066,5700.834250325,5700.834250325,13708,19191200,0.000000
2400,24.000066,5700.844250283,5700.844250283,13714,19199600,0.000000
2401,24.010077,5700.854261236,5700.854261236,13720,19208000,0.000000
2402,24.020070,5700.864253827,5700.864253827,13725,19215000,0.000000
2403,24.030067,5700.874250804,5700.874250804,13731,19223400,0.000000
2404,24.040064,5700.884248422,5700.884248422,13737,19231800,0.000000
2405,24.050066,5700.894250402,5700.894250402,13742,19238800,0.000000
2406,24.060067,5700.904251230,5700.904251230,13748,19247200,0.000000
2407,24.070067,5700.914251424,5700.914251424,13754,19255600,0.000000
2408,24.080074,5700.924257463,5700.924257463,13760,19264000,0.000000
2409,24.090064,5700.934247862,5700.934247862,13765,19271000,0.000000
2410,24.100063,5700.944246961,5700.944246961,13771,19279400,0.000000
2411,24.110048,5700.954232339,5700.954232339,13777,19287800,0.000000
2412,24.120068,5700.964251988,5700.964251988,13782,19294800,0.000000
2413,24.130065,5700.974249167,5700.974249167,13788,19303200,0.000000
2414,24.140068,5700.984251792,5700.984251792,13794,19311600,0.000000
2415,24.150070,5700.994253947,5700.994253947,13800,19320000,0.000000
2416,24.160063,5701.004247436,5701.004247436,13805,19327000,0.000000
2417,24.170067,5701.014251071,5701.014251071,13811,19335400,0.000000
2418,24.180067,5701.024251018,5701.024251018,13817,19343800,0.000000
2419,24.190071,5701.034254873,5701.034254873,13822,19350800,0.000000
2420,24.200070,5701.044253543,5701.044253543,13828,19359200,0.000000
2421,24.210117,5701.054301273,5701.054301273,13834,19367600,0.000000
2422,24.220075,5701.064258525,5701.064258525,13840,19376000,0.000000
2423,24.230063,5701.074247142,5701.074247142,13845,19383000,0.000000
2424,24.240068,5701.084252129,5701.084252129,13851,19391400,0.000000
2425,24.250071,5701.094254583,5701.094254583,13857,19399800,0.000000
2426,24.260089,5701.104272714,5701.104272714,13862,19406800,0.000000
2427,24.270067,5701.114250930,5701.114250930,13868,19415200,0.000000
2428,24.280074,5701.124258376,5701.124258376,13874,19423600,0.000000
2429,24.290084,5701.134267709,5701.134267709,13880,19432000,0.000000
2430,24.300066,5701.144249659,5701.144249659,13885,19439000,0.000000
2431,24.310069,5701.154252497,5701.154252497,13891,19447400,0.000000
2432,24.320063,5701.164246980,5701.164246980,13897,19455800,0.000000
2433,24.330067,5701.174251181,5701.174251181,13902,19462800,0.000000
2434,24.340075,5701.184258781,5701.184258781,13908,19471200,0.000000
2435,24.350059,5701.194243373,5701.194243373,13914,19479600,0.000000
2436,24.360081,5701.204265364,5701.204265364,13920,19488000,0.000000
2437,24.370066,5701.214250063,5701.214250063,13925,19495000,0.000000
2438,24.380069,5701.224253045,5701.224253045,13931,19503400,0.000000
2439,24.390081,5701.234265305,5701.234265305,13937,19511800,0.000000
2440,24.400066,5701.244249628,5701.244249628,13942,19518800,0.000000
2441,24.410080,5701.254264183,5701.254264183,13948,19527200,0.000000
2442,24.420069,5701.264252541,5701.264252541,13954,19535600,0.000000
2443,24.430082,5701.274265892,5701.274265892,13960,19544000,0.000000
2444,24.440069,5701.284253455,5701.284253455,13965,19551000,0.000000
2445,24.450064,5701.294247656,5701.294247656,13971,19559400,0.000000
2446,24.460058,5701.304242085,5701.304242085,13977,19567800,0.000000
2447,24.470064,5701.314248229,5701.314248229,13982,19574800,0.000000
2448,24.480063,5701.324247286,5701.324247286,13988,19583200,0.000000
2449,24.490059,5701.334242896,5701.334242896,13994,19591600,0.000000
2450,24.500077,5701.344261172,5701.344261172,14000,19600000,0.000000
2451,24.510064,5701.354247551,5701.354247551,14005,19607000,0.000000
2452,24.520066,5701.364250013,5701.364250013,14011,19615400,0.000000
2453,24.530062,5701.374245965,5701.374245965,14017,19623800,0.000000
2454,24.540069,5701.384252695,5701.384252695,14022,19630800,0.000000
2455,24.550067,5701.394251074,5701.394251074,14028,19639200,0.000000
2456,24.560068,5701.404251814,5701.404251814,14034,19647600,0.000000
2457,24.570077,5701.414260950,5701.414260950,14040,19656000,0.000000
2458,24.580069,5701.424253345,5701.424253345,14045,19663000,0.000000
2459,24.590062,5701.434246103,5701.434246103,14051,19671400,0.000000
2460,24.600058,5701.444241918,5701.444241918,14057,19679800,0.000000
2461,24.610069,5701.454253016,5701.454253016,14062,19686800,0.000000
2462,24.620073,5701.464256496,5701.464256496,14068,19695200,0.000000
2463,24.630069,5701.474253293,5701.474253293,14074,19703600,0.000000
2464,24.640075,5701.484259427,5701.484259427,14080,19712000,0.000000
2465,24.650065,5701.494248515,5701.494248515,14085,19719000,0.000000
2466,24.660068,5701.504251516,5701.504251516,14091,19727400,0.000000
2467,24.670034,5701.514218081,5701.514218081,14097,19735800,0.000000
2468,24.680090,5701.524273480,5701.524273480,14102,19742800,0.000000
2469,24.690067,5701.534250518,5701.534250518,14108,19751200,0.000000
2470,24.700064,5701.544247576,5701.544247576,14114,19759600,0.000000
2471,24.710074,5701.554257544,5701.554257544,14120,19768000,0.000000
2472,24.720064,5701.564247974,5701.564247974,14125,19775000,0.000000
2473,24.730064,5701.574247925,5701.574247925,14131,19783400,0.000000
2474,24.740062,5701.584245850,5701.584245850,14137,19791800,0.000000
2475,24.750065,5701.594249390,5701.594249390,14142,19798800,0.000000
2476,24.760066,5701.604250010,5701.604250010,14148,19807200,0.000000
2477,24.770069,5701.614252482,5701.614252482,14154,19815600,0.000000
2478,24.780074,5701.624257935,5701.624257935,14160,19824000,0.000000
2479,24.790069,5701.634252714,5701.634252714,14165,19831000,0.000000
2480,24.800066,5701.644249532,5701.644249532,14171,19839400,0.000000
2481,24.810062,5701.654246057,5701.654246057,14177,19847800,0.000000
2482,24.820066,5701.664250424,5701.664250424,14182,19854800,0.000000
2483,24.830071,5701.674254596,5701.674254596,14188,19863200,0.000000
2484,24.840069,5701.684252918,5701.684252918,14194,19871600,0.000000
2485,24.850078,5701.694261583,5701.694261583,14200,19880000,0.000000
2486,24.860064,5701.704248433,5701.704248433,14205,19887000,0.000000
2487,24.870065,5701.714249411,5701.714249411,14211,19895400,0.000000
2488,24.880062,5701.724245960,5701.724245960,14217,19903800,0.000000
2489,24.890068,5701.734251738,5701.734251738,14222,19910800,0.000000
2490,24.900069,5701.744252730,5701.744252730,14228,19919200,0.000000
2491,24.910065,5701.754248924,5701.754248924,14234,19927600,0.000000
2492,24.920076,5701.764260126,5701.764260126,14240,19936000,0.000000
2493,24.930067,5701.774251309,5701.774251309,14245,19943000,0.000000
2494,24.940069,5701.784253128,5701.784253128,14251,19951400,0.000000
2495,24.950064,5701.794247653,5701.794247653,14257,19959800,0.000000
2496,24.960067,5701.804250798,5701.804250798,14262,19966800,0.000000
2497,24.970066,5701.814250001,5701.814250001,14268,19975200,0.000000
2498,24.980064,5701.824247783,5701.824247783,14274,19983600,0.000000
2499,24.990077,5701.834261100,5701.834261100,14280,19992000,0.000000
2500,25.000069,5701.844253135,5701.844253135,14285,19999000,0.000000
2501,25.010066,5701.854249470,5701.854249470,14291,20007400,0.000000
2502,25.020071,5701.864254957,5701.864254957,14297,20015800,0.000000
2503,25.030067,5701.874250711,5701.874250711,14302,20022800,0.000000
2504,25.040070,5701.884253799,5701.884253799,14308,20031200,0.000000
2505,25.050070,5701.894253980,5701.894253980,14314,20039600,0.000000
2506,25.060082,5701.904266341,5701.904266341,14320,20048000,0.000000
2507,25.070069,5701.914253270,5701.914253270,14325,20055000,0.000000
2508,25.080066,5701.924249689,5701.924249689,14331,20063400,0.000000
2509,25.090064,5701.934247671,5701.934247671,14337,20071800,0.000000
2510,25.100069,5701.944252697,5701.944252697,14342,20078800,0.000000
2511,25.110066,5701.954249951,5701.954249951,14348,20087200,0.000000
2512,25.120065,5701.964248843,5701.964248843,14354,20095600,0.000000
2513,25.130080,5701.974263900,5701.974263900,14360,20104000,0.000000
2514,25.140067,5701.984250533,5701.984250533,14365,20111000,0.000000
2515,25.150072,5701.994255753,5701.994255753,14371,20119400,0.000000
2516,25.160080,5702.004264366,5702.004264366,14377,20127800,0.000000
2517,25.170070,5702.014254218,5702.014254218,14382,20134800,0.000000
2518,25.180067,5702.024251322,5702.024251322,14388,20143200,0.000000
2519,25.190068,5702.034252285,5702.034252285,14394,20151600,0.000000
2520,25.200075,5702.044259421,5702.044259421,14400,20160000,0.000000
2521,25.210065,5702.054248461,5702.054248461,14405,20167000,0.000000
2522,25.220067,5702.064251264,5702.064251264,14411,20175400,0.000000
2523,25.230016,5702.074199867,5702.074199867,14417,20183800,0.000000
2524,25.240068,5702.084251539,5702.084251539,14422,20190800,0.000000
2525,25.250068,5702.094251591,5702.094251591,14428,20199200,0.000000
2526,25.260075,5702.104258793,5702.104258793,14434,20207600,0.000000
2527,25.270086,5702.114269796,5702.114269796,14440,20216000,0.000000
2528,25.280074,5702.124257624,5702.124257624,14445,20223000,0.000000
2529,25.290075,5702.134258542,5702.134258542,14451,20231400,0.000000
2530,25.300023,5702.144207347,5702.144207347,14457,20239800,0.000000
2531,25.310082,5702.154265931,5702.154265931,14462,20246800,0.000000
2532,25.320071,5702.164254816,5702.164254816,14468,20255200,0.000000
2533,25.330064,5702.174247981,5702.174247981,14474,20263600,0.000000
2534,25.340087,5702.184271190,5702.184271190,14480,20272000,0.000000
2535,25.350066,5702.194250323,5702.194250323,14485,20279000,0.000000
2536,25.360066,5702.204249797,5702.204249797,14491,20287400,0.000000
2537,25.370061,5702.214244906,5702.214244906,14497,20295800,0.000000
2538,25.380066,5702.224249783,5702.224249783,14502,20302800,0.000000
2539,25.390066,5702.234249897,5702.234249897,14508,20311200,0.000000
2540,25.400067,5702.244250735,5702.244250735,14514,20319600,0.000000
2541,25.410081,5702.254264774,5702.254264774,14520,20328000,0.000000
2542,25.420065,5702.264248640,5702.264248640,14525,20335000,0.000000
2543,25.430064,5702.274247998,5702.274247998,14531,20343400,0.000000
2544,25.440058,5702.284242133,5702.284242133,14537,20351800,0.000000
2545,25.450068,5702.294251824,5702.294251824,14542,20358800,0.000000
2546,25.460066,5702.304249760,5702.304249760,14548,20367200,0.000000
2547,25.470059,5702.314242989,5702.314242989,14554,20375600,0.000000
2548,25.480075,5702.324258721,5702.324258721,14560,20384000,0.000000
2549,25.490068,5702.334251577,5702.334251577,14565,20391000,0.000000
2550,25.500064,5702.344247533,5702.344247533,14571,20399400,0.000000
2551,25.510062,5702.354246448,5702.354246448,14577,20407800,0.000000
2552,25.520067,5702.364251052,5702.364251052,14582,20414800,0.000000
2553,25.530068,5702.374251468,5702.374251468,14588,20423200,0.000000
2554,25.540067,5702.384250878,5702.384250878,14594,20431600,0.000000
2555,25.550109,5702.394293357,5702.394293357,14600,20440000,0.000000
2556,25.560076,5702.404259808,5702.404259808,14605,20447000,0.000000
2557,25.570064,5702.414248239,5702.414248239,14611,20455400,0.000000
2558,25.580061,5702.424244947,5702.424244947,14617,20463800,0.000000
2559,25.590065,5702.434248523,5702.434248523,14622,20470800,0.000000
2560,25.600057,5702.444240523,5702.444240523,14628,20479200,0.000000
2561,25.610060,5702.454243790,5702.454243790,14634,20487600,0.000000
2562,25.620079,5702.464262864,5702.464262864,14640,20496000,0.000000
2563,25.630066,5702.474250229,5702.474250229,14645,20503000,0.000000
2564,25.640064,5702.484247934,5702.484247934,14651,20511400,0.000000
2565,25.650062,5702.494246181,5702.494246181,14657,20519800,0.000000
2566,25.660065,5702.504248491,5702.504248491,14662,20526800,0.000000
2567,25.670060,5702.514243600,5702.514243600,14668,20535200,0.000000
2568,25.680067,5702.524250527,5702.524250527,14674,20543600,0.000000
2569,25.690073,5702.534257429,5702.534257429,14680,20552000,0.000000
2570,25.700067,5702.544251247,5702.544251247,14685,20559000,0.000000
2571,25.710065,5702.554249246,5702.554249246,14691,20567400,0.000000
2572,25.720063,5702.564246925,5702.564246925,14697,20575800,0.000000
2573,25.730065,5702.574248852,5702.574248852,14702,20582800,0.000000
2574,25.740065,5702.584248987,5702.584248987,14708,20591200,0.000000
2575,25.750064,5702.594247880,5702.594247880,14714,20599600,0.000000
2576,25.760095,5702.604279255,5702.604279255,14720,20608000,0.000000
2577,25.770066,5702.614249763,5702.614249763,14725,20615000,0.000000
2578,25.780064,5702.624247816,5702.624247816,14731,20623400,0.000000
2579,25.790018,5702.634201700,5702.634201700,14737,20631800,0.000000
2580,25.800067,5702.644251089,5702.644251089,14742,20638800,0.000000
2581,25.810067,5702.654250587,5702.654250587,14748,20647200,0.000000
2582,25.820063,5702.664246947,5702.664246947,14754,20655600,0.000000
2583,25.830076,5702.674260085,5702.674260085,14760,20664000,0.000000
2584,25.840066,5702.684249462,5702.684249462,14765,20671000,0.000000
2585,25.850066,5702.694250228,5702.694250228,14771,20679400,0.000000
2586,25.860063,5702.704246734,5702.704246734,14777,20687800,0.000000
2587,25.870067,5702.714250808,5702.714250808,14782,20694800,0.000000
2588,25.880067,5702.724250571,5702.724250571,14788,20703200,0.000000
2589,25.890067,5702.734250927,5702.734250927,14794,20711600,0.000000
2590,25.900077,5702.744261132,5702.744261132,14800,20720000,0.000000
2591,25.910066,5702.754250327,5702.754250327,14805,20727000,0.000000
2592,25.920065,5702.764248793,5702.764248793,14811,20735400,0.000000
2593,25.930058,5702.774241790,5702.774241790,14817,20743800,0.000000
2594,25.940064,5702.784247599,5702.784247599,14822,20750800,0.000000
2595,25.950066,5702.794249912,5702.794249912,14828,20759200,0.000000
2596,25.960064,5702.804248240,5702.804248240,14834,20767600,0.000000
2597,25.970085,5702.814269087,5702.814269087,14840,20776000,0.000000
2598,25.980067,5702.824251382,5702.824251382,14845,20783000,0.000000
2599,25.990073,5702.834256548,5702.834256548,14851,20791400,0.000000
2600,26.000067,5702.844251424,5702.844251424,14857,20799800,0.000000
2601,26.010069,5702.854253278,5702.854253278,14862,20806800,0.000000
2602,26.020073,5702.864256522,5702.864256522,14868,20815200,0.000000
2603,26.030063,5702.874247261,5702.874247261,14874,20823600,0.000000
2604,26.040076,5702.884259973,5702.884259973,14880,20832000,0.000000
2605,26.050066,5702.894249770,5702.894249770,14885,20839000,0.000000
2606,26.060066,5702.904249630,5702.904249630,14891,20847400,0.000000
2607,26.070062,5702.914245941,5702.914245941,14897,20855800,0.000000
2608,26.080072,5702.924255509,5702.924255509,14902,20862800,0.000000
2609,26.090070,5702.934254404,5702.934254404,14908,20871200,0.000000
2610,26.100066,5702.944250412,5702.944250412,14914,20879600,0.000000
2611,26.110078,5702.954261913,5702.954261913,14920,20888000,0.000000
2612,26.120069,5702.964253175,5702.964253175,14925,20895000,0.000000
2613,26.130066,5702.974249761,5702.974249761,14931,20903400,0.000000
2614,26.140062,5702.984245566,5702.984245566,14937,20911800,0.000000
2615,26.150067,5702.994250567,5702.994250567,14942,20918800,0.000000
2616,26.160060,5703.004243837,5703.004243837,14948,20927200,0.000000
2617,26.170042,5703.014225927,5703.014225927,14954,20935600,0.000000
2618,26.180075,5703.024258590,5703.024258590,14960,20944000,0.000000
2619,26.190065,5703.034248660,5703.034248660,14965,20951000,0.000000
2620,26.200068,5703.044251493,5703.044251493,14971,20959400,0.000000
2621,26.210065,5703.054248830,5703.054248830,14977,20967800,0.000000
2622,26.220068,5703.064252407,5703.064252407,14982,20974800,0.000000
2623,26.230067,5703.074250709,5703.074250709,14988,20983200,0.000000
2624,26.240062,5703.084246406,5703.084246406,14994,20991600,0.000000
2625,26.250078,5703.094262273,5703.094262273,15000,21000000,0.000000
2626,26.260069,5703.104252509,5703.104252509,15005,21007000,0.000000
2627,26.270071,5703.114254763,5703.114254763,15011,21015400,0.000000
2628,26.280058,5703.124241627,5703.124241627,15017,21023800,0.000000
2629,26.290090,5703.134273700,5703.134273700,15022,21030800,0.000000
2630,26.300064,5703.144247580,5703.144247580,15028,21039200,0.000000
2631,26.310063,5703.154246998,5703.154246998,15034,21047600,0.000000
2632,26.320070,5703.164253897,5703.164253897,15040,21056000,0.000000
2633,26.330066,5703.174249800,5703.174249800,15045,21063000,0.000000
2634,26.340063,5703.184247075,5703.184247075,15051,21071400,0.000000
2635,26.350009,5703.194192573,5703.194192573,15057,21079800,0.000000
2636,26.360066,5703.204249987,5703.204249987,15062,21086800,0.000000
2637,26.370064,5703.214248105,5703.214248105,15068,21095200,0.000000
2638,26.380059,5703.224242679,5703.224242679,15074,21103600,0.000000
2639,26.390074,5703.234257651,5703.234257651,15080,21112000,0.000000
2640,26.400060,5703.244244414,5703.244244414,15085,21119000,0.000000
2641,26.410063,5703.254247422,5703.254247422,15091,21127400,0.000000
2642,26.420074,5703.264257723,5703.264257723,15097,21135800,0.000000
2643,26.430065,5703.274249163,5703.274249163,15102,21142800,0.000000
2644,26.440063,5703.284247105,5703.284247105,15108,21151200,0.000000
2645,26.450062,5703.294246026,5703.294246026,15114,21159600,0.000000
2646,26.460072,5703.304256399,5703.304256399,15120,21168000,0.000000
2647,26.470064,5703.314247777,5703.314247777,15125,21175000,0.000000
2648,26.480068,5703.324252186,5703.324252186,15131,21183400,0.000000
2649,26.490063,5703.334247313,5703.334247313,15137,21191800,0.000000
2650,26.500068,5703.344252147,5703.344252147,15142,21198800,0.000000
2651,26.510070,5703.354253508,5703.354253508,15148,21207200,0.000000
2652,26.520065,5703.364249224,5703.364249224,15154,21215600,0.000000
2653,26.530073,5703.374256753,5703.374256753,15160,21224000,0.000000
2654,26.540066,5703.384249938,5703.384249938,15165,21231000,0.000000
2655,26.550065,5703.394248933,5703.394248933,15171,21239400,0.000000
2656,26.560070,5703.404253826,5703.404253826,15177,21247800,0.000000
2657,26.570084,5703.414268334,5703.414268334,15182,21254800,0.000000
2658,26.580077,5703.424260509,5703.424260509,15188,21263200,0.000000
2659,26.590070,5703.434254019,5703.434254019,15194,21271600,0.000000
2660,26.600078,5703.444262386,5703.444262386,15200,21280000,0.000000
2661,26.610075,5703.454258718,5703.454258718,15205,21287000,0.000000
2662,26.620071,5703.464255078,5703.464255078,15211,21295400,0.000000
2663,26.630068,5703.474252379,5703.474252379,15217,21303800,0.000000
2664,26.640074,5703.484257837,5703.484257837,15222,21310800,0.000000
2665,26.650077,5703.494261282,5703.494261282,15228,21319200,0.000000
2666,26.660068,5703.504251910,5703.504251910,15234,21327600,0.000000
2667,26.670084,5703.514267560,5703.514267560,15240,21336000,0.000000
2668,26.680071,5703.524254531,5703.524254531,15245,21343000,0.000000
2669,26.690066,5703.534249664,5703.534249664,15251,21351400,0.000000
2670,26.700062,5703.544245509,5703.544245509,15257,21359800,0.000000
2671,26.710065,5703.554248803,5703.554248803,15262,21366800,0.000000
2672,26.720065,5703.564249078,5703.564249078,15268,21375200,0.000000
2673,26.730081,5703.574264746,5703.574264746,15274,21383600,0.000000
2674,26.740065,5703.584249393,5703.584249393,15280,21392000,0.000000
2675,26.750065,5703.594249315,5703.594249315,15285,21399000,0.000000
2676,26.760065,5703.604249279,5703.604249279,15291,21407400,0.000000
2677,26.770064,5703.614247655,5703.614247655,15297,21415800,0.000000
2678,26.780070,5703.624253572,5703.624253572,15302,21422800,0.000000
2679,26.790073,5703.634256885,5703.634256885,15308,21431200,0.000000
2680,26.800072,5703.644255903,5703.644255903,15314,21439600,0.000000
2681,26.810074,5703.654258349,5703.654258349,15320,21448000,0.000000
2682,26.820063,5703.664247369,5703.664247369,15325,21455000,0.000000
2683,26.830077,5703.674261422,5703.674261422,15331,21463400,0.000000
2684,26.840063,5703.684246870,5703.684246870,15337,21471800,0.000000
2685,26.850067,5703.694250823,5703.694250823,15342,21478800,0.000000
2686,26.860063,5703.704247441,5703.704247441,15348,21487200,0.000000
2687,26.870064,5703.714248388,5703.714248388,15354,21495600,0.000000
2688,26.880058,5703.724242299,5703.724242299,15360,21504000,0.000000
2689,26.890067,5703.734250914,5703.734250914,15365,21511000,0.000000
2690,26.900065,5703.744248605,5703.744248605,15371,21519400,0.000000
2691,26.910061,5703.754244577,5703.754244577,15377,21527800,0.000000
2692,26.920069,5703.764253258,5703.764253258,15382,21534800,0.000000
2693,26.930073,5703.774257007,5703.774257007,15388,21543200,0.000000
2694,26.940070,5703.784254114,5703.784254114,15394,21551600,0.000000
2695,26.950074,5703.794258123,5703.794258123,15400,21560000,0.000000
2696,26.960051,5703.804234594,5703.804234594,15405,21567000,0.000000
2697,26.970072,5703.814256248,5703.814256248,15411,21575400,0.000000
2698,26.980065,5703.824249261,5703.824249261,15417,21583800,0.000000
2699,26.990070,5703.834254361,5703.834254361,15422,21590800,0.000000
2700,27.000065,5703.844248569,5703.844248569,15428,21599200,0.000000
2701,27.010070,5703.854253925,5703.854253925,15434,21607600,0.000000
2702,27.020094,5703.864277870,5703.864277870,15440,21616000,0.000000
2703,27.030075,5703.874259050,5703.874259050,15445,21623000,0.000000
2704,27.040065,5703.884249119,5703.884249119,15451,21631400,0.000000
2705,27.050062,5703.894245656,5703.894245656,15457,21639800,0.000000
2706,27.060071,5703.904255106,5703.904255106,15462,21646800,0.000000
2707,27.070065,5703.914248708,5703.914248708,15468,21655200,0.000000
2708,27.080068,5703.924251707,5703.924251707,15474,21663600,0.000000
2709,27.090077,5703.934260991,5703.934260991,15480,21672000,0.000000
2710,27.100066,5703.944249728,5703.944249728,15485,21679000,0.000000
2711,27.110061,5703.954244841,5703.954244841,15491,21687400,0.000000
2712,27.120058,5703.964242454,5703.964242454,15497,21695800,0.000000
2713,27.130079,5703.974263309,5703.974263309,15502,21702800,0.000000
2714,27.140065,5703.984249390,5703.984249390,15508,21711200,0.000000
2715,27.150064,5703.994247464,5703.994247464,15514,21719600,0.000000
2716,27.160079,5704.004262658,5704.004262658,15520,21728000,0.000000
2717,27.170070,5704.014253893,5704.014253893,15525,21735000,0.000000
2718,27.180066,5704.024249579,5704.024249579,15531,21743400,0.000000
2719,27.190035,5704.034218983,5704.034218983,15537,21751800,0.000000
2720,27.200066,5704.044249917,5704.044249917,15542,21758800,0.000000
2721,27.210076,5704.054260067,5704.054260067,15548,21767200,0.000000
2722,27.220066,5704.064249642,5704.064249642,15554,21775600,0.000000
2723,27.230074,5704.074258179,5704.074258179,15560,21784000,0.000000
2724,27.240068,5704.084251723,5704.084251723,15565,21791000,0.000000
2725,27.250064,5704.094248222,5704.094248222,15571,21799400,0.000000
2726,27.260063,5704.104246481,5704.104246481,15577,21807800,0.000000
2727,27.270066,5704.114249735,5704.114249735,15582,21814800,0.000000
2728,27.280066,5704.124249724,5704.124249724,15588,21823200,0.000000
2729,27.290071,5704.134254576,5704.134254576,15594,21831600,0.000000
2730,27.300078,5704.144262033,5704.144262033,15600,21840000,0.000000
2731,27.310064,5704.154247606,5704.154247606,15605,21847000,0.000000
2732,27.320064,5704.164248406,5704.164248406,15611,21855400,0.000000
2733,27.330062,5704.174246388,5704.174246388,15617,21863800,0.000000
2734,27.340073,5704.184256950,5704.184256950,15622,21870800,0.000000
2735,27.350066,5704.194249636,5704.194249636,15628,21879200,0.000000
2736,27.360092,5704.204275922,5704.204275922,15634,21887600,0.000000
2737,27.370080,5704.214264048,5704.214264048,15640,21896000,0.000000
2738,27.380066,5704.224250002,5704.224250002,15645,21903000,0.000000
2739,27.390071,5704.234255333,5704.234255333,15651,21911400,0.000000
2740,27.400059,5704.244243341,5704.244243341,15657,21919800,0.000000
2741,27.410066,5704.254249705,5704.254249705,15662,21926800,0.000000
2742,27.420064,5704.264247909,5704.264247909,15668,21935200,0.000000
2743,27.430065,5704.274249452,5704.274249452,15674,21943600,0.000000
2744,27.440074,5704.284258216,5704.284258216,15680,21952000,0.000000
2745,27.450064,5704.294248238,5704.294248238,15685,21959000,0.000000
2746,27.460066,5704.304250140,5704.304250140,15691,21967400,0.000000
2747,27.470059,5704.314242528,5704.314242528,15697,21975800,0.000000
2748,27.480070,5704.324254280,5704.324254280,15702,21982800,0.000000
2749,27.490079,5704.334263408,5704.334263408,15708,21991200,0.000000
2750,27.500066,5704.344250173,5704.344250173,15714,21999600,0.000000
2751,27.510076,5704.354259968,5704.354259968,15720,22008000,0.000000
2752,27.520067,5704.364251232,5704.364251232,15725,22015000,0.000000
2753,27.530069,5704.374252566,5704.374252566,15731,22023400,0.000000
2754,27.540059,5704.384242523,5704.384242523,15737,22031800,0.000000
2755,27.550081,5704.394264467,5704.394264467,15742,22038800,0.000000
2756,27.560069,5704.404253161,5704.404253161,15748,22047200,0.000000
2757,27.570070,5704.414253578,5704.414253578,15754,22055600,0.000000
2758,27.580072,5704.424256120,5704.424256120,15760,22064000,0.000000
2759,27.590066,5704.434249492,5704.434249492,15765,22071000,0.000000
2760,27.600066,5704.444249991,5704.444249991,15771,22079400,0.000000
2761,27.610060,5704.454243926,5704.454243926,15777,22087800,0.000000
2762,27.620079,5704.464263302,5704.464263302,15782,22094800,0.000000
2763,27.630065,5704.474249243,5704.474249243,15788,22103200,0.000000
2764,27.640068,5704.484251883,5704.484251883,15794,22111600,0.000000
2765,27.650078,5704.494261913,5704.494261913,15800,22120000,0.000000
2766,27.660061,5704.504245119,5704.504245119,15805,22127000,0.000000
2767,27.670067,5704.514250990,5704.514250990,15811,22135400,0.000000
2768,27.680064,5704.524247484,5704.524247484,15817,22143800,0.000000
2769,27.690067,5704.534251021,5704.534251021,15822,22150800,0.000000
2770,27.700067,5704.544251156,5704.544251156,15828,22159200,0.000000
2771,27.710063,5704.554247449,5704.554247449,15834,22167600,0.000000
2772,27.720078,5704.564262250,5704.564262250,15840,22176000,0.000000
2773,27.730067,5704.574251453,5704.574251453,15845,22183000,0.000000
2774,27.740066,5704.584250209,5704.584250209,15851,22191400,0.000000
2775,27.750020,5704.594203869,5704.594203869,15857,22199800,0.000000
2776,27.760067,5704.604251250,5704.604251250,15862,22206800,0.000000
2777,27.770066,5704.614250394,5704.614250394,15868,22215200,0.000000
2778,27.780067,5704.624250566,5704.624250566,15874,22223600,0.000000
2779,27.790079,5704.634262601,5704.634262601,15880,22232000,0.000000
2780,27.800065,5704.644249452,5704.644249452,15885,22239000,0.000000
2781,27.810067,5704.654250772,5704.654250772,15891,22247400,0.000000
2782,27.820062,5704.664245670,5704.664245670,15897,22255800,0.000000
2783,27.830068,5704.674252102,5704.674252102,15902,22262800,0.000000
2784,27.840067,5704.684250725,5704.684250725,15908,22271200,0.000000
2785,27.850073,5704.694257351,5704.694257351,15914,22279600,0.000000
2786,27.860084,5704.704267466,5704.704267466,15920,22288000,0.000000
2787,27.870063,5704.714247199,5704.714247199,15925,22295000,0.000000
2788,27.880065,5704.724248526,5704.724248526,15931,22303400,0.000000
2789,27.890064,5704.734247490,5704.734247490,15937,22311800,0.000000
2790,27.900064,5704.744248068,5704.744248068,15942,22318800,0.000000
2791,27.910061,5704.754244507,5704.754244507,15948,22327200,0.000000
2792,27.920064,5704.764248199,5704.764248199,15954,22335600,0.000000
2793,27.930086,5704.774270046,5704.774270046,15960,22344000,0.000000
2794,27.940079,5704.784262466,5704.784262466,15965,22351000,0.000000
2795,27.950066,5704.794249819,5704.794249819,15971,22359400,0.000000
2796,27.960059,5704.804242844,5704.804242844,15977,22367800,0.000000
2797,27.970067,5704.814250521,5704.814250521,15982,22374800,0.000000
2798,27.980030,5704.824213596,5704.824213596,15988,22383200,0.000000
2799,27.990060,5704.834244310,5704.834244310,15994,22391600,0.000000
2800,28.000099,5704.844283258,5704.844283258,16000,22400000,0.000000
2801,28.010070,5704.854253705,5704.854253705,16005,22407000,0.000000
2802,28.020066,5704.864250219,5704.864250219,16011,22415400,0.000000
2803,28.030083,5704.874266772,5704.874266772,16017,22423800,0.000000
2804,28.040071,5704.884254641,5704.884254641,16022,22430800,0.000000
2805,28.050066,5704.894249897,5704.894249897,16028,22439200,0.000000
2806,28.060060,5704.904244222,5704.904244222,16034,22447600,0.000000
2807,28.070071,5704.914254578,5704.914254578,16040,22456000,0.000000
2808,28.080059,5704.924243455,5704.924243455,16045,22463000,0.000000
2809,28.090058,5704.934242190,5704.934242190,16051,22471400,0.000000
2810,28.100063,5704.944246846,5704.944246846,16057,22479800,0.000000
2811,28.110066,5704.954249483,5704.954249483,16062,22486800,0.000000
2812,28.120064,5704.964247566,5704.964247566,16068,22495200,0.000000
2813,28.130064,5704.974248442,5704.974248442,16074,22503600,0.000000
2814,28.140073,5704.984256507,5704.984256507,16080,22512000,0.000000
2815,28.150065,5704.994248597,5704.994248597,16085,22519000,0.000000
2816,28.160065,5705.004248488,5705.004248488,16091,22527400,0.000000
2817,28.170064,5705.014247539,5705.014247539,16097,22535800,0.000000
2818,28.180066,5705.024249854,5705.024249854,16102,22542800,0.000000
2819,28.190067,5705.034250928,5705.034250928,16108,22551200,0.000000
2820,28.200084,5705.044267835,5705.044267835,16114,22559600,0.000000
2821,28.210075,5705.054259097,5705.054259097,16120,22568000,0.000000
2822,28.220066,5705.064249756,5705.064249756,16125,22575000,0.000000
2823,28.230065,5705.074249223,5705.074249223,16131,22583400,0.000000
2824,28.240058,5705.084242357,5705.084242357,16137,22591800,0.000000
2825,28.250065,5705.094248976,5705.094248976,16142,22598800,0.000000
2826,28.260060,5705.104243934,5705.104243934,16148,22607200,0.000000
2827,28.270064,5705.114248037,5705.114248037,16154,22615600,0.000000
2828,28.280074,5705.124258121,5705.124258121,16160,22624000,0.000000
2829,28.290080,5705.134263560,5705.134263560,16165,22631000,0.000000
2830,28.300065,5705.144248592,5705.144248592,16171,22639400,0.000000
2831,28.310027,5705.154211352,5705.154211352,16177,22647800,0.000000
2832,28.320070,5705.164254135,5705.164254135,16182,22654800,0.000000
2833,28.330065,5705.174248654,5705.174248654,16188,22663200,0.000000
2834,28.340061,5705.184245312,5705.184245312,16194,22671600,0.000000
2835,28.350098,5705.194282054,5705.194282054,16200,22680000,0.000000
2836,28.360069,5705.204253406,5705.204253406,16205,22687000,0.000000
2837,28.370063,5705.214246587,5705.214246587,16211,22695400,0.000000
2838,28.380062,5705.224245572,5705.224245572,16217,22703800,0.000000
2839,28.390065,5705.234249344,5705.234249344,16222,22710800,0.000000
2840,28.400056,5705.244240011,5705.244240011,16228,22719200,0.000000
2841,28.410059,5705.254242999,5705.254242999,16234,22727600,0.000000
2842,28.420030,5705.264213562,5705.264213562,16240,22736000,0.000000
2843,28.430066,5705.274249792,5705.274249792,16245,22743000,0.000000
2844,28.440066,5705.284250090,5705.284250090,16251,22751400,0.000000
2845,28.450069,5705.294252494,5705.294252494,16257,22759800,0.000000
2846,28.460062,5705.304245952,5705.304245952,16262,22766800,0.000000
2847,28.470070,5705.314253575,5705.314253575,16268,22775200,0.000000
2848,28.480066,5705.324249755,5705.324249755,16274,22783600,0.000000
2849,28.490081,5705.334265373,5705.334265373,16280,22792000,0.000000
2850,28.500064,5705.344248353,5705.344248353,16285,22799000,0.000000
2851,28.510067,5705.354251266,5705.354251266,16291,22807400,0.000000
2852,28.520062,5705.364246100,5705.364246100,16297,22815800,0.000000
2853,28.530046,5705.374230054,5705.374230054,16302,22822800,0.000000
2854,28.540067,5705.384251077,5705.384251077,16308,22831200,0.000000
2855,28.550059,5705.394242490,5705.394242490,16314,22839600,0.000000
2856,28.560073,5705.404257393,5705.404257393,16320,22848000,0.000000
2857,28.570066,5705.414249496,5705.414249496,16325,22855000,0.000000
2858,28.580065,5705.424248602,5705.424248602,16331,22863400,0.000000
2859,28.590058,5705.434242373,5705.434242373,16337,22871800,0.000000
2860,28.600061,5705.444245449,5705.444245449,16342,22878800,0.000000
2861,28.610064,5705.454247640,5705.454247640,16348,22887200,0.000000
2862,28.620060,5705.464244061,5705.464244061,16354,22895600,0.000000
2863,28.630081,5705.474264617,5705.474264617,16360,22904000,0.000000
2864,28.640065,5705.484248910,5705.484248910,16365,22911000,0.000000
2865,28.650066,5705.494249691,5705.494249691,16371,22919400,0.000000
2866,28.660062,5705.504246039,5705.504246039,16377,22927800,0.000000
2867,28.670066,5705.514249977,5705.514249977,16382,22934800,0.000000
2868,28.680064,5705.524247766,5705.524247766,16388,22943200,0.000000
2869,28.690064,5705.534248280,5705.534248280,16394,22951600,0.000000
2870,28.700071,5705.544254753,5705.544254753,16400,22960000,0.000000
2871,28.710065,5705.554249138,5705.554249138,16405,22967000,0.000000
2872,28.720066,5705.564249583,5705.564249583,16411,22975400,0.000000
2873,28.730062,5705.574245679,5705.574245679,16417,22983800,0.000000
2874,28.740064,5705.584248217,5705.584248217,16422,22990800,0.000000
2875,28.750060,5705.594244259,5705.594244259,16428,22999200,0.000000
2876,28.760059,5705.604243311,5705.604243311,16434,23007600,0.000000
2877,28.770060,5705.614244168,5705.614244168,16440,23016000,0.000000
2878,28.780071,5705.624254954,5705.624254954,16445,23023000,0.000000
2879,28.790066,5705.634250108,5705.634250108,16451,23031400,0.000000
2880,28.800067,5705.644251392,5705.644251392,16457,23039800,0.000000
2881,28.810067,5705.654250782,5705.654250782,16462,23046800,0.000000
2882,28.820067,5705.664250893,5705.664250893,16468,23055200,0.000000
2883,28.830059,5705.674243071,5705.674243071,16474,23063600,0.000000
2884,28.840051,5705.684234935,5705.684234935,16480,23072000,0.000000
2885,28.850067,5705.694250709,5705.694250709,16485,23079000,0.000000
2886,28.860066,5705.704249827,5705.704249827,16491,23087400,0.000000
2887,28.870014,5705.714198365,5705.714198365,16497,23095800,0.000000
2888,28.880084,5705.724267759,5705.724267759,16502,23102800,0.000000
2889,28.890022,5705.734205804,5705.734205804,16508,23111200,0.000000
2890,28.900060,5705.744244128,5705.744244128,16514,23119600,0.000000
2891,28.910090,5705.754273825,5705.754273825,16520,23128000,0.000000
2892,28.920067,5705.764251149,5705.764251149,16525,23135000,0.000000
2893,28.930060,5705.774244276,5705.774244276,16531,23143400,0.000000
2894,28.940059,5705.784242908,5705.784242908,16537,23151800,0.000000
2895,28.950069,5705.794253359,5705.794253359,16542,23158800,0.000000
2896,28.960071,5705.804255015,5705.804255015,16548,23167200,0.000000
2897,28.970061,5705.814244467,5705.814244467,16554,23175600,0.000000
2898,28.980073,5705.824256744,5705.824256744,16560,23184000,0.000000
2899,28.990072,5705.834255955,5705.834255955,16565,23191000,0.000000
2900,29.000071,5705.844255001,5705.844255001,16571,23199400,0.000000
2901,29.010064,5705.854247992,5705.854247992,16577,23207800,0.000000
2902,29.020069,5705.864253230,5705.864253230,16582,23214800,0.000000
2903,29.030062,5705.874245696,5705.874245696,16588,23223200,0.000000
2904,29.040059,5705.884243410,5705.884243410,16594,23231600,0.000000
2905,29.050076,5705.894259896,5705.894259896,16600,23240000,0.000000
2906,29.060067,5705.904250525,5705.904250525,16605,23247000,0.000000
2907,29.070067,5705.914250526,5705.914250526,16611,23255400,0.000000
2908,29.080062,5705.924246416,5705.924246416,16617,23263800,0.000000
2909,29.090069,5705.934252559,5705.934252559,16622,23270800,0.000000
2910,29.100068,5705.944251633,5705.944251633,16628,23279200,0.000000
2911,29.110077,5705.954260888,5705.954260888,16634,23287600,0.000000
2912,29.120049,5705.964233101,5705.964233101,16640,23296000,0.000000
2913,29.130065,5705.974249089,5705.974249089,16645,23303000,0.000000
2914,29.140064,5705.984248167,5705.984248167,16651,23311400,0.000000
2915,29.150063,5705.994246520,5705.994246520,16657,23319800,0.000000
2916,29.160069,5706.004253067,5706.004253067,16662,23326800,0.000000
2917,29.170076,5706.014260306,5706.014260306,16668,23335200,0.000000
2918,29.180072,5706.024255735,5706.024255735,16674,23343600,0.000000
2919,29.190072,5706.034255661,5706.034255661,16680,23352000,0.000000
2920,29.200065,5706.044248541,5706.044248541,16685,23359000,0.000000
2921,29.210071,5706.054255380,5706.054255380,16691,23367400,0.000000
2922,29.220071,5706.064255021,5706.064255021,16697,23375800,0.000000
2923,29.230068,5706.074252394,5706.074252394,16702,23382800,0.000000
2924,29.240066,5706.084249482,5706.084249482,16708,23391200,0.000000
2925,29.250062,5706.094245490,5706.094245490,16714,23399600,0.000000
2926,29.260076,5706.104259551,5706.104259551,16720,23408000,0.000000
2927,29.270058,5706.114242316,5706.114242316,16725,23415000,0.000000
2928,29.280070,5706.124253754,5706.124253754,16731,23423400,0.000000
2929,29.290062,5706.134245985,5706.134245985,16737,23431800,0.000000
2930,29.300066,5706.144250080,5706.144250080,16742,23438800,0.000000
2931,29.310066,5706.154249667,5706.154249667,16748,23447200,0.000000
2932,29.320066,5706.164250299,5706.164250299,16754,23455600,0.000000
2933,29.330073,5706.174257384,5706.174257384,16760,23464000,0.000000
2934,29.340073,5706.184257382,5706.184257382,16765,23471000,0.000000
2935,29.350020,5706.194203545,5706.194203545,16771,23479400,0.000000
2936,29.360057,5706.204241335,5706.204241335,16777,23487800,0.000000
2937,29.370058,5706.214242345,5706.214242345,16782,23494800,0.000000
2938,29.380065,5706.224248996,5706.224248996,16788,23503200,0.000000
2939,29.390066,5706.234249689,5706.234249689,16794,23511600,0.000000
2940,29.400089,5706.244272861,5706.244272861,16800,23520000,0.000000
2941,29.410061,5706.254244739,5706.254244739,16805,23527000,0.000000
2942,29.420077,5706.264261082,5706.264261082,16811,23535400,0.000000
2943,29.430056,5706.274240302,5706.274240302,16817,23543800,0.000000
2944,29.440068,5706.284251811,5706.284251811,16822,23550800,0.000000
2945,29.450017,5706.294200750,5706.294200750,16828,23559200,0.000000
2946,29.460071,5706.304254656,5706.304254656,16834,23567600,0.000000
2947,29.470092,5706.314275460,5706.314275460,16840,23576000,0.000000
2948,29.480040,5706.324224177,5706.324224177,16845,23583000,0.000000
2949,29.490071,5706.334255090,5706.334255090,16851,23591400,0.000000
2950,29.500060,5706.344243475,5706.344243475,16857,23599800,0.000000
2951,29.510070,5706.354253821,5706.354253821,16862,23606800,0.000000
2952,29.520072,5706.364256291,5706.364256291,16868,23615200,0.000000
2953,29.530078,5706.374261520,5706.374261520,16874,23623600,0.000000
2954,29.540078,5706.384262241,5706.384262241,16880,23632000,0.000000
2955,29.550071,5706.394255433,5706.394255433,16885,23639000,0.000000
2956,29.560076,5706.404260338,5706.404260338,16891,23647400,0.000000
2957,29.570062,5706.414246191,5706.414246191,16897,23655800,0.000000
2958,29.580028,5706.424212405,5706.424212405,16902,23662800,0.000000
2959,29.590065,5706.434249235,5706.434249235,16908,23671200,0.000000
2960,29.600063,5706.444246818,5706.444246818,16914,23679600,0.000000
2961,29.610076,5706.454260343,5706.454260343,16920,23688000,0.000000
2962,29.620069,5706.464252841,5706.464252841,16925,23695000,0.000000
2963,29.630064,5706.474247996,5706.474247996,16931,23703400,0.000000
2964,29.640068,5706.484251699,5706.484251699,16937,23711800,0.000000
2965,29.650057,5706.494241105,5706.494241105,16942,23718800,0.000000
2966,29.660063,5706.504247062,5706.504247062,16948,23727200,0.000000
2967,29.670013,5706.514196752,5706.514196752,16954,23735600,0.000000
2968,29.680083,5706.524266470,5706.524266470,16960,23744000,0.000000
2969,29.690065,5706.534248504,5706.534248504,16965,23751000,0.000000
2970,29.700065,5706.544249214,5706.544249214,16971,23759400,0.000000
2971,29.710019,5706.554203434,5706.554203434,16977,23767800,0.000000
2972,29.720068,5706.564251871,5706.564251871,16982,23774800,0.000000
2973,29.730065,5706.574249025,5706.574249025,16988,23783200,0.000000
2974,29.740067,5706.584251445,5706.584251445,16994,23791600,0.000000
2975,29.750083,5706.594267136,5706.594267136,17000,23800000,0.000000
2976,29.760071,5706.604254490,5706.604254490,17005,23807000,0.000000
2977,29.770067,5706.614251212,5706.614251212,17011,23815400,0.000000
2978,29.780064,5706.624247837,5706.624247837,17017,23823800,0.000000
2979,29.790077,5706.634261371,5706.634261371,17022,23830800,0.000000
2980,29.800067,5706.644251303,5706.644251303,17028,23839200,0.000000
2981,29.810070,5706.654254407,5706.654254407,17034,23847600,0.000000
2982,29.820079,5706.664262735,5706.664262735,17040,23856000,0.000000
2983,29.830068,5706.674251761,5706.674251761,17045,23863000,0.000000
2984,29.840069,5706.684252867,5706.684252867,17051,23871400,0.000000
2985,29.850065,5706.694249325,5706.694249325,17057,23879800,0.000000
2986,29.860073,5706.704257329,5706.704257329,17062,23886800,0.000000
2987,29.870067,5706.714251406,5706.714251406,17068,23895200,0.000000
2988,29.880068,5706.724251632,5706.724251632,17074,23903600,0.000000
2989,29.890076,5706.734260197,5706.734260197,17080,23912000,0.000000
2990,29.900067,5706.744250614,5706.744250614,17085,23919000,0.000000
2991,29.910067,5706.754251342,5706.754251342,17091,23927400,0.000000
2992,29.920064,5706.764247971,5706.764247971,17097,23935800,0.000000
2993,29.930068,5706.774252186,5706.774252186,17102,23942800,0.000000
2994,29.940068,5706.784251560,5706.784251560,17108,23951200,0.000000
2995,29.950069,5706.794252865,5706.794252865,17114,23959600,0.000000
2996,29.960081,5706.804265226,5706.804265226,17120,23968000,0.000000
2997,29.970067,5706.814250779,5706.814250779,17125,23975000,0.000000
2998,29.980068,5706.824251553,5706.824251553,17131,23983400,0.000000
2999,29.990058,5706.834241590,5706.834241590,17137,23991800,0.000000
3000,30.000072,5706.844256364,5706.844256364,17142,23998800,0.000000
3001,30.010059,5706.854242818,5706.854242818,17148,24007200,0.000000
3002,30.020068,5706.864251482,5706.864251482,17154,24015600,0.000000
3003,30.030075,5706.874258706,5706.874258706,17160,24024000,0.000000
3004,30.040067,5706.884250803,5706.884250803,17165,24031000,0.000000
3005,30.050066,5706.894250151,5706.894250151,17171,24039400,0.000000
3006,30.060065,5706.904248577,5706.904248577,17177,24047800,0.000000
3007,30.070069,5706.914253364,5706.914253364,17182,24054800,0.000000
3008,30.080068,5706.924251543,5706.924251543,17188,24063200,0.000000
3009,30.090070,5706.934253665,5706.934253665,17194,24071600,0.000000
3010,30.100072,5706.944256128,5706.944256128,17200,24080000,0.000000
3011,30.110065,5706.954249132,5706.954249132,17205,24087000,0.000000
3012,30.120085,5706.964268944,5706.964268944,17211,24095400,0.000000
3013,30.130064,5706.974247972,5706.974247972,17217,24103800,0.000000
3014,30.140067,5706.984250544,5706.984250544,17222,24110800,0.000000
3015,30.150067,5706.994250640,5706.994250640,17228,24119200,0.000000
3016,30.160072,5707.004256044,5707.004256044,17234,24127600,0.000000
3017,30.170079,5707.014262881,5707.014262881,17240,24136000,0.000000
3018,30.180066,5707.024249767,5707.024249767,17245,24143000,0.000000
3019,30.190068,5707.034252407,5707.034252407,17251,24151400,0.000000
3020,30.200060,5707.044243691,5707.044243691,17257,24159800,0.000000
3021,30.210069,5707.054252754,5707.054252754,17262,24166800,0.000000
3022,30.220067,5707.064251457,5707.064251457,17268,24175200,0.000000
3023,30.230069,5707.074252814,5707.074252814,17274,24183600,0.000000
3024,30.240081,5707.084265053,5707.084265053,17280,24192000,0.000000
3025,30.250084,5707.094267963,5707.094267963,17285,24199000,0.000000
3026,30.260065,5707.104249409,5707.104249409,17291,24207400,0.000000
3027,30.270059,5707.114242884,5707.114242884,17297,24215800,0.000000
3028,30.280068,5707.124252024,5707.124252024,17302,24222800,0.000000
3029,30.290066,5707.134250103,5707.134250103,17308,24231200,0.000000
3030,30.300066,5707.144250285,5707.144250285,17314,24239600,0.000000
3031,30.310081,5707.154264983,5707.154264983,17320,24248000,0.000000
3032,30.320069,5707.164252789,5707.164252789,17325,24255000,0.000000
3033,30.330064,5707.174248330,5707.174248330,17331,24263400,0.000000
3034,30.340060,5707.184243795,5707.184243795,17337,24271800,0.000000
3035,30.350067,5707.194250502,5707.194250502,17342,24278800,0.000000
3036,30.360076,5707.204259710,5707.204259710,17348,24287200,0.000000
3037,30.370069,5707.214252747,5707.214252747,17354,24295600,0.000000
3038,30.380078,5707.224262445,5707.224262445,17360,24304000,0.000000
3039,30.390066,5707.234250382,5707.234250382,17365,24311000,0.000000
3040,30.400065,5707.244249153,5707.244249153,17371,24319400,0.000000
3041,30.410063,5707.254246661,5707.254246661,17377,24327800,0.000000
3042,30.420065,5707.264249391,5707.264249391,17382,24334800,0.000000
3043,30.430067,5707.274250723,5707.274250723,17388,24343200,0.000000
3044,30.440070,5707.284253521,5707.284253521,17394,24351600,0.000000
3045,30.450112,5707.294296222,5707.294296222,17400,24360000,0.000000
3046,30.460087,5707.304271383,5707.304271383,17405,24367000,0.000000
3047,30.470069,5707.314253266,5707.314253266,17411,24375400,0.000000
3048,30.480063,5707.324246518,5707.324246518,17417,24383800,0.000000
3049,30.490064,5707.334247553,5707.334247553,17422,24390800,0.000000
3050,30.500068,5707.344252460,5707.344252460,17428,24399200,0.000000
3051,30.510063,5707.354247114,5707.354247114,17434,24407600,0.000000
3052,30.520074,5707.364258196,5707.364258196,17440,24416000,0.000000
3053,30.530067,5707.374251433,5707.374251433,17445,24423000,0.000000
3054,30.540069,5707.384252677,5707.384252677,17451,24431400,0.000000
3055,30.550034,5707.394218342,5707.394218342,17457,24439800,0.000000
3056,30.560070,5707.404254078,5707.404254078,17462,24446800,0.000000
3057,30.570065,5707.414248812,5707.414248812,17468,24455200,0.000000
3058,30.580072,5707.424255658,5707.424255658,17474,24463600,0.000000
3059,30.590084,5707.434267851,5707.434267851,17480,24472000,0.000000
3060,30.600073,5707.444257107,5707.444257107,17485,24479000,0.000000
3061,30.610069,5707.454253245,5707.454253245,17491,24487400,0.000000
3062,30.620062,5707.464246227,5707.464246227,17497,24495800,0.000000
3063,30.630066,5707.474249984,5707.474249984,17502,24502800,0.000000
3064,30.640066,5707.484250001,5707.484250001,17508,24511200,0.000000
3065,30.650063,5707.494247052,5707.494247052,17514,24519600,0.000000
3066,30.660077,5707.504260470,5707.504260470,17520,24528000,0.000000
3067,30.670067,5707.514251083,5707.514251083,17525,24535000,0.000000
3068,30.680065,5707.524249167,5707.524249167,17531,24543400,0.000000
3069,30.690062,5707.534245710,5707.534245710,17537,24551800,0.000000
3070,30.700064,5707.544247938,5707.544247938,17542,24558800,0.000000
3071,30.710069,5707.554252612,5707.554252612,17548,24567200,0.000000
3072,30.720066,5707.564249693,5707.564249693,17554,24575600,0.000000
3073,30.730078,5707.574261865,5707.574261865,17560,24584000,0.000000
3074,30.740066,5707.584250209,5707.584250209,17565,24591000,0.000000
3075,30.750064,5707.594248159,5707.594248159,17571,24599400,0.000000
3076,30.760061,5707.604245360,5707.604245360,17577,24607800,0.000000
3077,30.770064,5707.614247922,5707.614247922,17582,24614800,0.000000
3078,30.780067,5707.624251440,5707.624251440,17588,24623200,0.000000
3079,30.790065,5707.634249224,5707.634249224,17594,24631600,0.000000
3080,30.800078,5707.644262365,5707.644262365,17600,24640000,0.000000
3081,30.810068,5707.654251619,5707.654251619,17605,24647000,0.000000
3082,30.820062,5707.664246436,5707.664246436,17611,24655400,0.000000
3083,30.830064,5707.674247771,5707.674247771,17617,24663800,0.000000
3084,30.840066,5707.684249842,5707.684249842,17622,24670800,0.000000
3085,30.850065,5707.694249431,5707.694249431,17628,24679200,0.000000
3086,30.860069,5707.704252753,5707.704252753,17634,24687600,0.000000
3087,30.870082,5707.714265529,5707.714265529,17640,24696000,0.000000
3088,30.880063,5707.724246620,5707.724246620,17645,24703000,0.000000
3089,30.890065,5707.734249092,5707.734249092,17651,24711400,0.000000
3090,30.900063,5707.744246967,5707.744246967,17657,24719800,0.000000
3091,30.910067,5707.754250658,5707.754250658,17662,24726800,0.000000
3092,30.920067,5707.764250636,5707.764250636,17668,24735200,0.000000
3093,30.930061,5707.774245362,5707.774245362,17674,24743600,0.000000
3094,30.940076,5707.784260286,5707.784260286,17680,24752000,0.000000
3095,30.950066,5707.794249941,5707.794249941,17685,24759000,0.000000
3096,30.960066,5707.804249743,5707.804249743,17691,24767400,0.000000
3097,30.970062,5707.814246253,5707.814246253,17697,24775800,0.000000
3098,30.980068,5707.824251771,5707.824251771,17702,24782800,0.000000
3099,30.990066,5707.834250429,5707.834250429,17708,24791200,0.000000
3100,31.000067,5707.844250616,5707.844250616,17714,24799600,0.000000
3101,31.010075,5707.854259430,5707.854259430,17720,24808000,0.000000
3102,31.020071,5707.864254832,5707.864254832,17725,24815000,0.000000
3103,31.030070,5707.874253707,5707.874253707,17731,24823400,0.000000
3104,31.040062,5707.884246407,5707.884246407,17737,24831800,0.000000
3105,31.050067,5707.894251108,5707.894251108,17742,24838800,0.000000
3106,31.060065,5707.904248902,5707.904248902,17748,24847200,0.000000
3107,31.070065,5707.914249319,5707.914249319,17754,24855600,0.000000
3108,31.080080,5707.924263525,5707.924263525,17760,24864000,0.000000
3109,31.090068,5707.934252029,5707.934252029,17765,24871000,0.000000
3110,31.100067,5707.944251302,5707.944251302,17771,24879400,0.000000
3111,31.110011,5707.954195080,5707.954195080,17777,24887800,0.000000
3112,31.120067,5707.964251358,5707.964251358,17782,24894800,0.000000
3113,31.130067,5707.974251069,5707.974251069,17788,24903200,0.000000
3114,31.140066,5707.984250292,5707.984250292,17794,24911600,0.000000
3115,31.150078,5707.994261700,5707.994261700,17800,24920000,0.000000
3116,31.160063,5708.004247174,5708.004247174,17805,24927000,0.000000
3117,31.170065,5708.014249196,5708.014249196,17811,24935400,0.000000
3118,31.180058,5708.024242265,5708.024242265,17817,24943800,0.000000
3119,31.190074,5708.034257653,5708.034257653,17822,24950800,0.000000
3120,31.200068,5708.044252299,5708.044252299,17828,24959200,0.000000
3121,31.210068,5708.054251744,5708.054251744,17834,24967600,0.000000
3122,31.220088,5708.064272173,5708.064272173,17840,24976000,0.000000
3123,31.230064,5708.074247974,5708.074247974,17845,24983000,0.000000
3124,31.240066,5708.084249565,5708.084249565,17851,24991400,0.000000
3125,31.250058,5708.094242042,5708.094242042,17857,24999800,0.000000
3126,31.260080,5708.104263760,5708.104263760,17862,25006800,0.000000
3127,31.270079,5708.114262743,5708.114262743,17868,25015200,0.000000
3128,31.280089,5708.124272821,5708.124272821,17874,25023600,0.000000
3129,31.290077,5708.134260809,5708.134260809,17880,25032000,0.000000
3130,31.300086,5708.144269934,5708.144269934,17885,25039000,0.000000
3131,31.310064,5708.154248134,5708.154248134,17891,25047400,0.000000
3132,31.320064,5708.164247523,5708.164247523,17897,25055800,0.000000
3133,31.330053,5708.174236552,5708.174236552,17902,25062800,0.000000
3134,31.340064,5708.184248310,5708.184248310,17908,25071200,0.000000
3135,31.350026,5708.194210012,5708.194210012,17914,25079600,0.000000
3136,31.360080,5708.204264021,5708.204264021,17920,25088000,0.000000
3137,31.370068,5708.214251836,5708.214251836,17925,25095000,0.000000
3138,31.380077,5708.224260693,5708.224260693,17931,25103400,0.000000
3139,31.390067,5708.234250608,5708.234250608,17937,25111800,0.000000
3140,31.400070,5708.244254224,5708.244254224,17942,25118800,0.000000
3141,31.410070,5708.254253764,5708.254253764,17948,25127200,0.000000
3142,31.420022,5708.264206336,5708.264206336,17954,25135600,0.000000
3143,31.430088,5708.274272126,5708.274272126,17960,25144000,0.000000
3144,31.440064,5708.284247754,5708.284247754,17965,25151000,0.000000
3145,31.450065,5708.294249152,5708.294249152,17971,25159400,0.000000
3146,31.460060,5708.304244423,5708.304244423,17977,25167800,0.000000
3147,31.470068,5708.314252015,5708.314252015,17982,25174800,0.000000
3148,31.480065,5708.324249256,5708.324249256,17988,25183200,0.000000
3149,31.490068,5708.334252452,5708.334252452,17994,25191600,0.000000
3150,31.500085,5708.344269076,5708.344269076,18000,25200000,0.000000
3151,31.510079,5708.354263102,5708.354263102,18005,25207000,0.000000
3152,31.520066,5708.364250395,5708.364250395,18011,25215400,0.000000
3153,31.530064,5708.374248074,5708.374248074,18017,25223800,0.000000
3154,31.540067,5708.384251223,5708.384251223,18022,25230800,0.000000
3155,31.550066,5708.394250298,5708.394250298,18028,25239200,0.000000
3156,31.560068,5708.404252085,5708.404252085,18034,25247600,0.000000
3157,31.570050,5708.414233563,5708.414233563,18040,25256000,0.000000
3158,31.580065,5708.424248728,5708.424248728,18045,25263000,0.000000
3159,31.590064,5708.434248286,5708.434248286,18051,25271400,0.000000
3160,31.600062,5708.444246254,5708.444246254,18057,25279800,0.000000
3161,31.610060,5708.454244377,5708.454244377,18062,25286800,0.000000
3162,31.620066,5708.464249562,5708.464249562,18068,25295200,0.000000
3163,31.630066,5708.474250134,5708.474250134,18074,25303600,0.000000
3164,31.640076,5708.484260013,5708.484260013,18080,25312000,0.000000
3165,31.650070,5708.494254140,5708.494254140,18085,25319000,0.000000
3166,31.660067,5708.504251131,5708.504251131,18091,25327400,0.000000
3167,31.670058,5708.514242020,5708.514242020,18097,25335800,0.000000
3168,31.680064,5708.524248435,5708.524248435,18102,25342800,0.000000
3169,31.690060,5708.534243786,5708.534243786,18108,25351200,0.000000
3170,31.700073,5708.544256905,5708.544256905,18114,25359600,0.000000
3171,31.710097,5708.554281283,5708.554281283,18120,25368000,0.000000
3172,31.720068,5708.564252066,5708.564252066,18125,25375000,0.000000
3173,31.730069,5708.574252742,5708.574252742,18131,25383400,0.000000
3174,31.740059,5708.584243022,5708.584243022,18137,25391800,0.000000
3175,31.750069,5708.594252761,5708.594252761,18142,25398800,0.000000
3176,31.760066,5708.604249472,5708.604249472,18148,25407200,0.000000
3177,31.770068,5708.614251519,5708.614251519,18154,25415600,0.000000
3178,31.780077,5708.624261165,5708.624261165,18160,25424000,0.000000
3179,31.790065,5708.634249042,5708.634249042,18165,25431000,0.000000
3180,31.800066,5708.644250448,5708.644250448,18171,25439400,0.000000
3181,31.810059,5708.654243050,5708.654243050,18177,25447800,0.000000
3182,31.820063,5708.664246643,5708.664246643,18182,25454800,0.000000
3183,31.830067,5708.674250932,5708.674250932,18188,25463200,0.000000
3184,31.840065,5708.684249420,5708.684249420,18194,25471600,0.000000
3185,31.850077,5708.694261438,5708.694261438,18200,25480000,0.000000
3186,31.860068,5708.704251821,5708.704251821,18205,25487000,0.000000
3187,31.870065,5708.714249111,5708.714249111,18211,25495400,0.000000
3188,31.880063,5708.724246511,5708.724246511,18217,25503800,0.000000
3189,31.890066,5708.734250355,5708.734250355,18222,25510800,0.000000
3190,31.900064,5708.744248063,5708.744248063,18228,25519200,0.000000
3191,31.910059,5708.754243040,5708.754243040,18234,25527600,0.000000
3192,31.920073,5708.764257275,5708.764257275,18240,25536000,0.000000
3193,31.930066,5708.774250298,5708.774250298,18245,25543000,0.000000
3194,31.940066,5708.784249649,5708.784249649,18251,25551400,0.000000
3195,31.950063,5708.794246982,5708.794246982,18257,25559800,0.000000
3196,31.960070,5708.804253718,5708.804253718,18262,25566800,0.000000
3197,31.970064,5708.814247955,5708.814247955,18268,25575200,0.000000
3198,31.980070,5708.824254431,5708.824254431,18274,25583600,0.000000
3199,31.990083,5708.834266832,5708.834266832,18280,25592000,0.000000
3200,32.000071,5708.844254513,5708.844254513,18285,25599000,0.000000
3201,32.010071,5708.854254604,5708.854254604,18291,25607400,0.000000
3202,32.020062,5708.864245980,5708.864245980,18297,25615800,0.000000
3203,32.030074,5708.874257871,5708.874257871,18302,25622800,0.000000
3204,32.040064,5708.884248066,5708.884248066,18308,25631200,0.000000
3205,32.050076,5708.894259507,5708.894259507,18314,25639600,0.000000
3206,32.060078,5708.904261851,5708.904261851,18320,25648000,0.000000
3207,32.070065,5708.914248671,5708.914248671,18325,25655000,0.000000
3208,32.080065,5708.924248500,5708.924248500,18331,25663400,0.000000
3209,32.090066,5708.934250264,5708.934250264,18337,25671800,0.000000
3210,32.100069,5708.944253116,5708.944253116,18342,25678800,0.000000
3211,32.110068,5708.954252117,5708.954252117,18348,25687200,0.000000
3212,32.120065,5708.964249183,5708.964249183,18354,25695600,0.000000
3213,32.130079,5708.974262868,5708.974262868,18360,25704000,0.000000
3214,32.140068,5708.984251621,5708.984251621,18365,25711000,0.000000
3215,32.150062,5708.994246383,5708.994246383,18371,25719400,0.000000
3216,32.160072,5709.004255717,5709.004255717,18377,25727800,0.000000
3217,32.170070,5709.014253932,5709.014253932,18382,25734800,0.000000
3218,32.180070,5709.024253783,5709.024253783,18388,25743200,0.000000
3219,32.190071,5709.034254880,5709.034254880,18394,25751600,0.000000
3220,32.200077,5709.044261279,5709.044261279,18400,25760000,0.000000
3221,32.210076,5709.054259825,5709.054259825,18405,25767000,0.000000
3222,32.220064,5709.064247481,5709.064247481,18411,25775400,0.000000
3223,32.230024,5709.074207888,5709.074207888,18417,25783800,0.000000
3224,32.240067,5709.084250940,5709.084250940,18422,25790800,0.000000
3225,32.250071,5709.094254506,5709.094254506,18428,25799200,0.000000
3226,32.260067,5709.104251070,5709.104251070,18434,25807600,0.000000
3227,32.270074,5709.114257691,5709.114257691,18440,25816000,0.000000
3228,32.280068,5709.124251491,5709.124251491,18445,25823000,0.000000
3229,32.290066,5709.134249880,5709.134249880,18451,25831400,0.000000
3230,32.300059,5709.144242655,5709.144242655,18457,25839800,0.000000
3231,32.310067,5709.154251010,5709.154251010,18462,25846800,0.000000
3232,32.320062,5709.164245895,5709.164245895,18468,25855200,0.000000
3233,32.330058,5709.174242270,5709.174242270,18474,25863600,0.000000
3234,32.340098,5709.184281807,5709.184281807,18480,25872000,0.000000
3235,32.350067,5709.194251237,5709.194251237,18485,25879000,0.000000
3236,32.360064,5709.204247789,5709.204247789,18491,25887400,0.000000
3237,32.370064,5709.214247503,5709.214247503,18497,25895800,0.000000
3238,32.380065,5709.224248708,5709.224248708,18502,25902800,0.000000
3239,32.390067,5709.234250469,5709.234250469,18508,25911200,0.000000
3240,32.400068,5709.244251759,5709.244251759,18514,25919600,0.000000
3241,32.410083,5709.254267244,5709.254267244,18520,25928000,0.000000
3242,32.420067,5709.264250621,5709.264250621,18525,25935000,0.000000
3243,32.430044,5709.274228102,5709.274228102,18531,25943400,0.000000
3244,32.440067,5709.284250480,5709.284250480,18537,25951800,0.000000
3245,32.450073,5709.294257023,5709.294257023,18542,25958800,0.000000
3246,32.460065,5709.304248742,5709.304248742,18548,25967200,0.000000
3247,32.470063,5709.314247209,5709.314247209,18554,25975600,0.000000
3248,32.480079,5709.324262583,5709.324262583,18560,25984000,0.000000
3249,32.490073,5709.334256540,5709.334256540,18565,25991000,0.000000
3250,32.500068,5709.344251603,5709.344251603,18571,25999400,0.000000
3251,32.510019,5709.354203440,5709.354203440,18577,26007800,0.000000
3252,32.520069,5709.364252614,5709.364252614,18582,26014800,0.000000
3253,32.530057,5709.374240587,5709.374240587,18588,26023200,0.000000
3254,32.540066,5709.384249819,5709.384249819,18594,26031600,0.000000
3255,32.550121,5709.394305190,5709.394305190,18600,26040000,0.000000
3256,32.560079,5709.404263209,5709.404263209,18605,26047000,0.000000
3257,32.570066,5709.414250163,5709.414250163,18611,26055400,0.000000
3258,32.580064,5709.424247849,5709.424247849,18617,26063800,0.000000
3259,32.590085,5709.434268907,5709.434268907,18622,26070800,0.000000
3260,32.600064,5709.444247563,5709.444247563,18628,26079200,0.000000
3261,32.610065,5709.454249266,5709.454249266,18634,26087600,0.000000
3262,32.620077,5709.464260813,5709.464260813,18640,26096000,0.000000
3263,32.630065,5709.474248878,5709.474248878,18645,26103000,0.000000
3264,32.640067,5709.484250639,5709.484250639,18651,26111400,0.000000
3265,32.650063,5709.494247379,5709.494247379,18657,26119800,0.000000
3266,32.660072,5709.504255531,5709.504255531,18662,26126800,0.000000
3267,32.670066,5709.514249929,5709.514249929,18668,26135200,0.000000
3268,32.680066,5709.524250300,5709.524250300,18674,26143600,0.000000
3269,32.690075,5709.534258585,5709.534258585,18680,26152000,0.000000
3270,32.700073,5709.544257094,5709.544257094,18685,26159000,0.000000
3271,32.710025,5709.554208641,5709.554208641,18691,26167400,0.000000
3272,32.720060,5709.564244371,5709.564244371,18697,26175800,0.000000
3273,32.730023,5709.574206574,5709.574206574,18702,26182800,0.000000
3274,32.740066,5709.584249908,5709.584249908,18708,26191200,0.000000
3275,32.750064,5709.594248118,5709.594248118,18714,26199600,0.000000
3276,32.760074,5709.604258026,5709.604258026,18720,26208000,0.000000
3277,32.770070,5709.614254417,5709.614254417,18725,26215000,0.000000
3278,32.780064,5709.624247569,5709.624247569,18731,26223400,0.000000
3279,32.790059,5709.634243339,5709.634243339,18737,26231800,0.000000
3280,32.800069,5709.644253200,5709.644253200,18742,26238800,0.000000
3281,32.810063,5709.654247025,5709.654247025,18748,26247200,0.000000
3282,32.820066,5709.664250227,5709.664250227,18754,26255600,0.000000
3283,32.830043,5709.674227004,5709.674227004,18760,26264000,0.000000
3284,32.840095,5709.684279421,5709.684279421,18765,26271000,0.000000
3285,32.850062,5709.694246212,5709.694246212,18771,26279400,0.000000
3286,32.860063,5709.704246530,5709.704246530,18777,26287800,0.000000
3287,32.870067,5709.714250469,5709.714250469,18782,26294800,0.000000
3288,32.880066,5709.724249475,5709.724249475,18788,26303200,0.000000
3289,32.890065,5709.734249167,5709.734249167,18794,26311600,0.000000
3290,32.900080,5709.744264231,5709.744264231,18800,26320000,0.000000
3291,32.910063,5709.754247182,5709.754247182,18805,26327000,0.000000
3292,32.920067,5709.764250937,5709.764250937,18811,26335400,0.000000
3293,32.930066,5709.774250062,5709.774250062,18817,26343800,0.000000
3294,32.940074,5709.784257806,5709.784257806,18822,26350800,0.000000
3295,32.950068,5709.794252239,5709.794252239,18828,26359200,0.000000
3296,32.960065,5709.804248797,5709.804248797,18834,26367600,0.000000
3297,32.970038,5709.814222119,5709.814222119,18840,26376000,0.000000
3298,32.980071,5709.824254741,5709.824254741,18845,26383000,0.000000
3299,32.990068,5709.834252407,5709.834252407,18851,26391400,0.000000
3300,33.000061,5709.844244571,5709.844244571,18857,26399800,0.000000
3301,33.010075,5709.854258867,5709.854258867,18862,26406800,0.000000
3302,33.020065,5709.864249280,5709.864249280,18868,26415200,0.000000
3303,33.030067,5709.874251412,5709.874251412,18874,26423600,0.000000
3304,33.040082,5709.884265687,5709.884265687,18880,26432000,0.000000
3305,33.050065,5709.894249284,5709.894249284,18885,26439000,0.000000
3306,33.060064,5709.904248167,5709.904248167,18891,26447400,0.000000
3307,33.070061,5709.914245183,5709.914245183,18897,26455800,0.000000
3308,33.080069,5709.924252502,5709.924252502,18902,26462800,0.000000
3309,33.090064,5709.934248034,5709.934248034,18908,26471200,0.000000
3310,33.100069,5709.944253296,5709.944253296,18914,26479600,0.000000
3311,33.110092,5709.954275635,5709.954275635,18920,26488000,0.000000
3312,33.120069,5709.964253333,5709.964253333,18925,26495000,0.000000
3313,33.130070,5709.974253776,5709.974253776,18931,26503400,0.000000
3314,33.140063,5709.984246597,5709.984246597,18937,26511800,0.000000
3315,33.150073,5709.994257265,5709.994257265,18942,26518800,0.000000
3316,33.160073,5710.004257347,5710.004257347,18948,26527200,0.000000
3317,33.170068,5710.014251551,5710.014251551,18954,26535600,0.000000
3318,33.180078,5710.024261599,5710.024261599,18960,26544000,0.000000
3319,33.190065,5710.034249329,5710.034249329,18965,26551000,0.000000
3320,33.200068,5710.044251553,5710.044251553,18971,26559400,0.000000
3321,33.210063,5710.054247438,5710.054247438,18977,26567800,0.000000
3322,33.220070,5710.064254175,5710.064254175,18982,26574800,0.000000
3323,33.230065,5710.074248756,5710.074248756,18988,26583200,0.000000
3324,33.240068,5710.084251651,5710.084251651,18994,26591600,0.000000
3325,33.250081,5710.094265083,5710.094265083,19000,26600000,0.000000
3326,33.260071,5710.104254621,5710.104254621,19005,26607000,0.000000
3327,33.270064,5710.114247488,5710.114247488,19011,26615400,0.000000
3328,33.280068,5710.124251534,5710.124251534,19017,26623800,0.000000
3329,33.290068,5710.134251770,5710.134251770,19022,26630800,0.000000
3330,33.300068,5710.144252026,5710.144252026,19028,26639200,0.000000
3331,33.310065,5710.154248493,5710.154248493,19034,26647600,0.000000
3332,33.320080,5710.164264003,5710.164264003,19040,26656000,0.000000
3333,33.330065,5710.174249359,5710.174249359,19045,26663000,0.000000
3334,33.340068,5710.184251559,5710.184251559,19051,26671400,0.000000
3335,33.350067,5710.194251197,5710.194251197,19057,26679800,0.000000
3336,33.360065,5710.204249455,5710.204249455,19062,26686800,0.000000
3337,33.370069,5710.214252710,5710.214252710,19068,26695200,0.000000
3338,33.380070,5710.224254160,5710.224254160,19074,26703600,0.000000
3339,33.390078,5710.234261942,5710.234261942,19080,26712000,0.000000
3340,33.400068,5710.244251849,5710.244251849,19085,26719000,0.000000
3341,33.410070,5710.254253854,5710.254253854,19091,26727400,0.000000
3342,33.420063,5710.264247020,5710.264247020,19097,26735800,0.000000
3343,33.430071,5710.274254669,5710.274254669,19102,26742800,0.000000
3344,33.440071,5710.284255153,5710.284255153,19108,26751200,0.000000
3345,33.450067,5710.294250471,5710.294250471,19114,26759600,0.000000
3346,33.460079,5710.304263220,5710.304263220,19120,26768000,0.000000
3347,33.470066,5710.314249515,5710.314249515,19125,26775000,0.000000
3348,33.480067,5710.324251375,5710.324251375,19131,26783400,0.000000
3349,33.490063,5710.334247311,5710.334247311,19137,26791800,0.000000
3350,33.500074,5710.344258151,5710.344258151,19142,26798800,0.000000
3351,33.510065,5710.354249260,5710.354249260,19148,26807200,0.000000
3352,33.520070,5710.364254022,5710.364254022,19154,26815600,0.000000
3353,33.530057,5710.374240712,5710.374240712,19160,26824000,0.000000
3354,33.540072,5710.384255665,5710.384255665,19165,26831000,0.000000
3355,33.550069,5710.394252946,5710.394252946,19171,26839400,0.000000
3356,33.560063,5710.404246947,5710.404246947,19177,26847800,0.000000
3357,33.570057,5710.414241034,5710.414241034,19182,26854800,0.000000
3358,33.580036,5710.424219480,5710.424219480,19188,26863200,0.000000
3359,33.590068,5710.434251811,5710.434251811,19194,26871600,0.000000
3360,33.600070,5710.444254148,5710.444254148,19200,26880000,0.000000
3361,33.610069,5710.454253208,5710.454253208,19205,26887000,0.000000
3362,33.620075,5710.464258516,5710.464258516,19211,26895400,0.000000
3363,33.630059,5710.474242770,5710.474242770,19217,26903800,0.000000
3364,33.640065,5710.484248649,5710.484248649,19222,26910800,0.000000
3365,33.650068,5710.494251909,5710.494251909,19228,26919200,0.000000
3366,33.660102,5710.504285531,5710.504285531,19234,26927600,0.000000
3367,33.670075,5710.514258647,5710.514258647,19240,26936000,0.000000
3368,33.680063,5710.524246669,5710.524246669,19245,26943000,0.000000
3369,33.690066,5710.534249939,5710.534249939,19251,26951400,0.000000
3370,33.700062,5710.544245635,5710.544245635,19257,26959800,0.000000
3371,33.710065,5710.554249131,5710.554249131,19262,26966800,0.000000
3372,33.720072,5710.564255810,5710.564255810,19268,26975200,0.000000
3373,33.730059,5710.574242742,5710.574242742,19274,26983600,0.000000
3374,33.740086,5710.584270343,5710.584270343,19280,26992000,0.000000
3375,33.750064,5710.594247957,5710.594247957,19285,26999000,0.000000
3376,33.760062,5710.604246343,5710.604246343,19291,27007400,0.000000
3377,33.770062,5710.614245673,5710.614245673,19297,27015800,0.000000
3378,33.780066,5710.624250355,5710.624250355,19302,27022800,0.000000
3379,33.790073,5710.634256533,5710.634256533,19308,27031200,0.000000
3380,33.800064,5710.644247533,5710.644247533,19314,27039600,0.000000
3381,33.810072,5710.654255466,5710.654255466,19320,27048000,0.000000
3382,33.820065,5710.664249265,5710.664249265,19325,27055000,0.000000
3383,33.830067,5710.674250761,5710.674250761,19331,27063400,0.000000
3384,33.840066,5710.684250313,5710.684250313,19337,27071800,0.000000
3385,33.850066,5710.694249824,5710.694249824,19342,27078800,0.000000
3386,33.860064,5710.704248161,5710.704248161,19348,27087200,0.000000
3387,33.870065,5710.714248558,5710.714248558,19354,27095600,0.000000
3388,33.880074,5710.724258159,5710.724258159,19360,27104000,0.000000
3389,33.890065,5710.734249339,5710.734249339,19365,27111000,0.000000
3390,33.900065,5710.744248985,5710.744248985,19371,27119400,0.000000
3391,33.910062,5710.754246018,5710.754246018,19377,27127800,0.000000
3392,33.920070,5710.764253811,5710.764253811,19382,27134800,0.000000
3393,33.930061,5710.774244974,5710.774244974,19388,27143200,0.000000
3394,33.940069,5710.784252539,5710.784252539,19394,27151600,0.000000
3395,33.950105,5710.794288935,5710.794288935,19400,27160000,0.000000
3396,33.960084,5710.804268393,5710.804268393,19405,27167000,0.000000
3397,33.970062,5710.814245992,5710.814245992,19411,27175400,0.000000
3398,33.980073,5710.824257439,5710.824257439,19417,27183800,0.000000
3399,33.990064,5710.834248454,5710.834248454,19422,27190800,0.000000
3400,34.000065,5710.844249042,5710.844249042,19428,27199200,0.000000
3401,34.010091,5710.854274778,5710.854274778,19434,27207600,0.000000
3402,34.020095,5710.864278772,5710.864278772,19440,27216000,0.000000
3403,34.030073,5710.874256965,5710.874256965,19445,27223000,0.000000
3404,34.040082,5710.884266320,5710.884266320,19451,27231400,0.000000
3405,34.050063,5710.894246644,5710.894246644,19457,27239800,0.000000
3406,34.060071,5710.904254507,5710.904254507,19462,27246800,0.000000
3407,34.070065,5710.914249265,5710.914249265,19468,27255200,0.000000
3408,34.080064,5710.924247806,5710.924247806,19474,27263600,0.000000
3409,34.090082,5710.934265667,5710.934265667,19480,27272000,0.000000
3410,34.100069,5710.944252795,5710.944252795,19485,27279000,0.000000
3411,34.110067,5710.954251317,5710.954251317,19491,27287400,0.000000
3412,34.120064,5710.964247745,5710.964247745,19497,27295800,0.000000
3413,34.130066,5710.974250366,5710.974250366,19502,27302800,0.000000
3414,34.140070,5710.984254180,5710.984254180,19508,27311200,0.000000
3415,34.150059,5710.994243015,5710.994243015,19514,27319600,0.000000
3416,34.160072,5711.004256255,5711.004256255,19520,27328000,0.000000
3417,34.170066,5711.014250063,5711.014250063,19525,27335000,0.000000
3418,34.180067,5711.024250897,5711.024250897,19531,27343400,0.000000
3419,34.190061,5711.034245268,5711.034245268,19537,27351800,0.000000
3420,34.200073,5711.044257182,5711.044257182,19542,27358800,0.000000
3421,34.210065,5711.054248794,5711.054248794,19548,27367200,0.000000
3422,34.220067,5711.064251172,5711.064251172,19554,27375600,0.000000
3423,34.230079,5711.074262533,5711.074262533,19560,27384000,0.000000
3424,34.240061,5711.084244561,5711.084244561,19565,27391000,0.000000
3425,34.250059,5711.094243007,5711.094243007,19571,27399400,0.000000
3426,34.260075,5711.104259382,5711.104259382,19577,27407800,0.000000
3427,34.270063,5711.114247054,5711.114247054,19582,27414800,0.000000
3428,34.280061,5711.124245038,5711.124245038,19588,27423200,0.000000
3429,34.290063,5711.134247199,5711.134247199,19594,27431600,0.000000
3430,34.300099,5711.144282729,5711.144282729,19600,27440000,0.000000
3431,34.310068,5711.154252056,5711.154252056,19605,27447000,0.000000
3432,34.320069,5711.164253115,5711.164253115,19611,27455400,0.000000
3433,34.330229,5711.174412715,5711.174412715,19617,27463800,0.000000
3434,34.340084,5711.184268448,5711.184268448,19622,27470800,0.000000
3435,34.350069,5711.194252536,5711.194252536,19628,27479200,0.000000
3436,34.360078,5711.204262128,5711.204262128,19634,27487600,0.000000
3437,34.370079,5711.214263092,5711.214263092,19640,27496000,0.000000
3438,34.380065,5711.224249354,5711.224249354,19645,27503000,0.000000
3439,34.390067,5711.234250534,5711.234250534,19651,27511400,0.000000
3440,34.400063,5711.244246506,5711.244246506,19657,27519800,0.000000
3441,34.410067,5711.254250919,5711.254250919,19662,27526800,0.000000
3442,34.420066,5711.264250098,5711.264250098,19668,27535200,0.000000
3443,34.430064,5711.274248204,5711.274248204,19674,27543600,0.000000
3444,34.440074,5711.284257970,5711.284257970,19680,27552000,0.000000
3445,34.450068,5711.294251960,5711.294251960,19685,27559000,0.000000
3446,34.460063,5711.304247231,5711.304247231,19691,27567400,0.000000
3447,34.470062,5711.314246355,5711.314246355,19697,27575800,0.000000
3448,34.480085,5711.324269232,5711.324269232,19702,27582800,0.000000
3449,34.490066,5711.334250090,5711.334250090,19708,27591200,0.000000
3450,34.500066,5711.344249651,5711.344249651,19714,27599600,0.000000
3451,34.510074,5711.354257888,5711.354257888,19720,27608000,0.000000
3452,34.520065,5711.364249343,5711.364249343,19725,27615000,0.000000
3453,34.530075,5711.374258878,5711.374258878,19731,27623400,0.000000
3454,34.540063,5711.384246919,5711.384246919,19737,27631800,0.000000
3455,34.550068,5711.394251890,5711.394251890,19742,27638800,0.000000
3456,34.560070,5711.404253834,5711.404253834,19748,27647200,0.000000
3457,34.570068,5711.414251981,5711.414251981,19754,27655600,0.000000
3458,34.580042,5711.424226069,5711.424226069,19760,27664000,0.000000
3459,34.590068,5711.434251921,5711.434251921,19765,27671000,0.000000
3460,34.600089,5711.444273028,5711.444273028,19771,27679400,0.000000
3461,34.610066,5711.454250164,5711.454250164,19777,27687800,0.000000
3462,34.620067,5711.464250648,5711.464250648,19782,27694800,0.000000
3463,34.630065,5711.474248990,5711.474248990,19788,27703200,0.000000
3464,34.640065,5711.484248571,5711.484248571,19794,27711600,0.000000
3465,34.650075,5711.494259276,5711.494259276,19800,27720000,0.000000
3466,34.660065,5711.504249438,5711.504249438,19805,27727000,0.000000
3467,34.670065,5711.514248816,5711.514248816,19811,27735400,0.000000
3468,34.680063,5711.524246956,5711.524246956,19817,27743800,0.000000
3469,34.690069,5711.534252882,5711.534252882,19822,27750800,0.000000
3470,34.700069,5711.544253436,5711.544253436,19828,27759200,0.000000
3471,34.710066,5711.554250325,5711.554250325,19834,27767600,0.000000
3472,34.720069,5711.564252879,5711.564252879,19840,27776000,0.000000
3473,34.730065,5711.574248886,5711.574248886,19845,27783000,0.000000
3474,34.740065,5711.584248799,5711.584248799,19851,27791400,0.000000
3475,34.750013,5711.594197118,5711.594197118,19857,27799800,0.000000
3476,34.760073,5711.604257040,5711.604257040,19862,27806800,0.000000
3477,34.770064,5711.614247645,5711.614247645,19868,27815200,0.000000
3478,34.780061,5711.624245299,5711.624245299,19874,27823600,0.000000
3479,34.790077,5711.634260676,5711.634260676,19880,27832000,0.000000
3480,34.800066,5711.644249517,5711.644249517,19885,27839000,0.000000
3481,34.810065,5711.654248678,5711.654248678,19891,27847400,0.000000
3482,34.820065,5711.664248523,5711.664248523,19897,27855800,0.000000
3483,34.830065,5711.674249123,5711.674249123,19902,27862800,0.000000
3484,34.840076,5711.684259990,5711.684259990,19908,27871200,0.000000
3485,34.850060,5711.694243776,5711.694243776,19914,27879600,0.000000
3486,34.860066,5711.704249515,5711.704249515,19920,27888000,0.000000
3487,34.870066,5711.714249632,5711.714249632,19925,27895000,0.000000
3488,34.880071,5711.724254754,5711.724254754,19931,27903400,0.000000
3489,34.890062,5711.734245924,5711.734245924,19937,27911800,0.000000
3490,34.900070,5711.744253927,5711.744253927,19942,27918800,0.000000
3491,34.910065,5711.754249121,5711.754249121,19948,27927200,0.000000
3492,34.920064,5711.764248458,5711.764248458,19954,27935600,0.000000
3493,34.930078,5711.774261726,5711.774261726,19960,27944000,0.000000
3494,34.940063,5711.784247041,5711.784247041,19965,27951000,0.000000
3495,34.950016,5711.794200053,5711.794200053,19971,27959400,0.000000
3496,34.960063,5711.804247455,5711.804247455,19977,27967800,0.000000
3497,34.970017,5711.814200959,5711.814200959,19982,27974800,0.000000
3498,34.980067,5711.824250624,5711.824250624,19988,27983200,0.000000
3499,34.990059,5711.834243367,5711.834243367,19994,27991600,0.000000
3500,35.000077,5711.844260859,5711.844260859,20000,28000000,0.000000
3501,35.010068,5711.854252152,5711.854252152,20005,28007000,0.000000
3502,35.020065,5711.864248945,5711.864248945,20011,28015400,0.000000
3503,35.030016,5711.874199944,5711.874199944,20017,28023800,0.000000
3504,35.040069,5711.884252491,5711.884252491,20022,28030800,0.000000
3505,35.050063,5711.894246644,5711.894246644,20028,28039200,0.000000
3506,35.060059,5711.904242964,5711.904242964,20034,28047600,0.000000
3507,35.070069,5711.914253130,5711.914253130,20040,28056000,0.000000
3508,35.080108,5711.924292420,5711.924292420,20045,28063000,0.000000
3509,35.090063,5711.934247081,5711.934247081,20051,28071400,0.000000
3510,35.100061,5711.944245310,5711.944245310,20057,28079800,0.000000
3511,35.110065,5711.954249012,5711.954249012,20062,28086800,0.000000
3512,35.120065,5711.964249439,5711.964249439,20068,28095200,0.000000
3513,35.130073,5711.974257237,5711.974257237,20074,28103600,0.000000
3514,35.140074,5711.984257518,5711.984257518,20080,28112000,0.000000
3515,35.150064,5711.994247653,5711.994247653,20085,28119000,0.000000
3516,35.160064,5712.004248093,5712.004248093,20091,28127400,0.000000
3517,35.170063,5712.014246821,5712.014246821,20097,28135800,0.000000
3518,35.180064,5712.024247716,5712.024247716,20102,28142800,0.000000
3519,35.190066,5712.034250190,5712.034250190,20108,28151200,0.000000
3520,35.200069,5712.044252673,5712.044252673,20114,28159600,0.000000
3521,35.210073,5712.054256943,5712.054256943,20120,28168000,0.000000
3522,35.220065,5712.064249167,5712.064249167,20125,28175000,0.000000
3523,35.230066,5712.074249873,5712.074249873,20131,28183400,0.000000
3524,35.240060,5712.084244295,5712.084244295,20137,28191800,0.000000
3525,35.250070,5712.094254326,5712.094254326,20142,28198800,0.000000
3526,35.260080,5712.104264424,5712.104264424,20148,28207200,0.000000
3527,35.270065,5712.114249192,5712.114249192,20154,28215600,0.000000
3528,35.280077,5712.124261179,5712.124261179,20160,28224000,0.000000
3529,35.290076,5712.134259958,5712.134259958,20165,28231000,0.000000
3530,35.300063,5712.144246807,5712.144246807,20171,28239400,0.000000
3531,35.310060,5712.154244311,5712.154244311,20177,28247800,0.000000
3532,35.320064,5712.164248182,5712.164248182,20182,28254800,0.000000
3533,35.330065,5712.174248558,5712.174248558,20188,28263200,0.000000
3534,35.340065,5712.184248983,5712.184248983,20194,28271600,0.000000
3535,35.350075,5712.194258613,5712.194258613,20200,28280000,0.000000
3536,35.360059,5712.204243145,5712.204243145,20205,28287000,0.000000
3537,35.370066,5712.214250332,5712.214250332,20211,28295400,0.000000
3538,35.380059,5712.224242545,5712.224242545,20217,28303800,0.000000
3539,35.390072,5712.234255527,5712.234255527,20222,28310800,0.000000
3540,35.400096,5712.244280059,5712.244280059,20228,28319200,0.000000
3541,35.410069,5712.254253386,5712.254253386,20234,28327600,0.000000
3542,35.420082,5712.264266370,5712.264266370,20240,28336000,0.000000
3543,35.430065,5712.274248642,5712.274248642,20245,28343000,0.000000
3544,35.440067,5712.284250878,5712.284250878,20251,28351400,0.000000
3545,35.450063,5712.294247323,5712.294247323,20257,28359800,0.000000
3546,35.460068,5712.304252071,5712.304252071,20262,28366800,0.000000
3547,35.470077,5712.314260757,5712.314260757,20268,28375200,0.000000
3548,35.480067,5712.324250473,5712.324250473,20274,28383600,0.000000
3549,35.490075,5712.334259244,5712.334259244,20280,28392000,0.000000
3550,35.500066,5712.344250440,5712.344250440,20285,28399000,0.000000
3551,35.510068,5712.354252265,5712.354252265,20291,28407400,0.000000
3552,35.520067,5712.364251329,5712.364251329,20297,28415800,0.000000
3553,35.530068,5712.374251463,5712.374251463,20302,28422800,0.000000
3554,35.540066,5712.384249974,5712.384249974,20308,28431200,0.000000
3555,35.550068,5712.394252100,5712.394252100,20314,28439600,0.000000
3556,35.560075,5712.404258927,5712.404258927,20320,28448000,0.000000
3557,35.570067,5712.414250759,5712.414250759,20325,28455000,0.000000
3558,35.580071,5712.424254608,5712.424254608,20331,28463400,0.000000
3559,35.590019,5712.434202861,5712.434202861,20337,28471800,0.000000
3560,35.600091,5712.444274717,5712.444274717,20342,28478800,0.000000
3561,35.610070,5712.454253737,5712.454253737,20348,28487200,0.000000
3562,35.620074,5712.464258303,5712.464258303,20354,28495600,0.000000
3563,35.630091,5712.474275303,5712.474275303,20360,28504000,0.000000
3564,35.640069,5712.484253265,5712.484253265,20365,28511000,0.000000
3565,35.650066,5712.494250240,5712.494250240,20371,28519400,0.000000
3566,35.660068,5712.504251856,5712.504251856,20377,28527800,0.000000
3567,35.670061,5712.514244898,5712.514244898,20382,28534800,0.000000
3568,35.680072,5712.524255742,5712.524255742,20388,28543200,0.000000
3569,35.690083,5712.534267234,5712.534267234,20394,28551600,0.000000
3570,35.700076,5712.544260410,5712.544260410,20400,28560000,0.000000
3571,35.710064,5712.554247971,5712.554247971,20405,28567000,0.000000
3572,35.720071,5712.564254529,5712.564254529,20411,28575400,0.000000
3573,35.730064,5712.574247470,5712.574247470,20417,28583800,0.000000
3574,35.740066,5712.584250088,5712.584250088,20422,28590800,0.000000
3575,35.750065,5712.594248888,5712.594248888,20428,28599200,0.000000
3576,35.760074,5712.604257929,5712.604257929,20434,28607600,0.000000
3577,35.770076,5712.614260107,5712.614260107,20440,28616000,0.000000
3578,35.780065,5712.624249194,5712.624249194,20445,28623000,0.000000
3579,35.790067,5712.634250767,5712.634250767,20451,28631400,0.000000
3580,35.800062,5712.644245858,5712.644245858,20457,28639800,0.000000
3581,35.810069,5712.654253271,5712.654253271,20462,28646800,0.000000
3582,35.820068,5712.664252007,5712.664252007,20468,28655200,0.000000
3583,35.830073,5712.674256950,5712.674256950,20474,28663600,0.000000
3584,35.840074,5712.684257895,5712.684257895,20480,28672000,0.000000
3585,35.850066,5712.694249941,5712.694249941,20485,28679000,0.000000
3586,35.860067,5712.704250552,5712.704250552,20491,28687400,0.000000
3587,35.870062,5712.714245860,5712.714245860,20497,28695800,0.000000
3588,35.880065,5712.724248880,5712.724248880,20502,28702800,0.000000
3589,35.890066,5712.734249494,5712.734249494,20508,28711200,0.000000
3590,35.900075,5712.744258890,5712.744258890,20514,28719600,0.000000
3591,35.910072,5712.754256103,5712.754256103,20520,28728000,0.000000
3592,35.920065,5712.764248575,5712.764248575,20525,28735000,0.000000
3593,35.930066,5712.774249535,5712.774249535,20531,28743400,0.000000
3594,35.940062,5712.784245955,5712.784245955,20537,28751800,0.000000
3595,35.950067,5712.794251311,5712.794251311,20542,28758800,0.000000
3596,35.960066,5712.804249911,5712.804249911,20548,28767200,0.000000
3597,35.970067,5712.814250668,5712.814250668,20554,28775600,0.000000
3598,35.980077,5712.824261300,5712.824261300,20560,28784000,0.000000
3599,35.990067,5712.834250841,5712.834250841,20565,28791000,0.000000
3600,36.000065,5712.844248725,5712.844248725,20571,28799400,0.000000
3601,36.010063,5712.854246471,5712.854246471,20577,28807800,0.000000
3602,36.020066,5712.864250287,5712.864250287,20582,28814800,0.000000
3603,36.030065,5712.874248684,5712.874248684,20588,28823200,0.000000
3604,36.040066,5712.884250455,5712.884250455,20594,28831600,0.000000
3605,36.050075,5712.894259205,5712.894259205,20600,28840000,0.000000
3606,36.060070,5712.904253524,5712.904253524,20605,28847000,0.000000
3607,36.070070,5712.914253868,5712.914253868,20611,28855400,0.000000
3608,36.080060,5712.924244422,5712.924244422,20617,28863800,0.000000
3609,36.090065,5712.934248560,5712.934248560,20622,28870800,0.000000
3610,36.100065,5712.944248893,5712.944248893,20628,28879200,0.000000
3611,36.110073,5712.954257444,5712.954257444,20634,28887600,0.000000
3612,36.120040,5712.964224058,5712.964224058,20640,28896000,0.000000
3613,36.130066,5712.974249503,5712.974249503,20645,28903000,0.000000
3614,36.140064,5712.984248288,5712.984248288,20651,28911400,0.000000
3615,36.150007,5712.994190865,5712.994190865,20657,28919800,0.000000
3616,36.160066,5713.004250325,5713.004250325,20662,28926800,0.000000
3617,36.170069,5713.014252677,5713.014252677,20668,28935200,0.000000
3618,36.180059,5713.024242907,5713.024242907,20674,28943600,0.000000
3619,36.190069,5713.034252493,5713.034252493,20680,28952000,0.000000
3620,36.200067,5713.044251086,5713.044251086,20685,28959000,0.000000
3621,36.210065,5713.054249348,5713.054249348,20691,28967400,0.000000
3622,36.220069,5713.064252874,5713.064252874,20697,28975800,0.000000
3623,36.230068,5713.074251673,5713.074251673,20702,28982800,0.000000
3624,36.240054,5713.084237816,5713.084237816,20708,28991200,0.000000
3625,36.250061,5713.094244588,5713.094244588,20714,28999600,0.000000
3626,36.260081,5713.104264599,5713.104264599,20720,29008000,0.000000
3627,36.270063,5713.114246823,5713.114246823,20725,29015000,0.000000
3628,36.280073,5713.124256884,5713.124256884,20731,29023400,0.000000
3629,36.290064,5713.134247605,5713.134247605,20737,29031800,0.000000
3630,36.300071,5713.144255039,5713.144255039,20742,29038800,0.000000
3631,36.310066,5713.154249995,5713.154249995,20748,29047200,0.000000
3632,36.320066,5713.164250251,5713.164250251,20754,29055600,0.000000
3633,36.330076,5713.174259779,5713.174259779,20760,29064000,0.000000
3634,36.340089,5713.184273152,5713.184273152,20765,29071000,0.000000
3635,36.350071,5713.194254666,5713.194254666,20771,29079400,0.000000
3636,36.360062,5713.204246404,5713.204246404,20777,29087800,0.000000
3637,36.370068,5713.214251640,5713.214251640,20782,29094800,0.000000
3638,36.380066,5713.224249746,5713.224249746,20788,29103200,0.000000
3639,36.390066,5713.234250421,5713.234250421,20794,29111600,0.000000
3640,36.400091,5713.244275188,5713.244275188,20800,29120000,0.000000
3641,36.410069,5713.254252559,5713.254252559,20805,29127000,0.000000
3642,36.420066,5713.264249795,5713.264249795,20811,29135400,0.000000
3643,36.430063,5713.274246774,5713.274246774,20817,29143800,0.000000
3644,36.440069,5713.284252477,5713.284252477,20822,29150800,0.000000
3645,36.450067,5713.294251429,5713.294251429,20828,29159200,0.000000
3646,36.460068,5713.304252024,5713.304252024,20834,29167600,0.000000
3647,36.470080,5713.314264402,5713.314264402,20840,29176000,0.000000
3648,36.480068,5713.324251683,5713.324251683,20845,29183000,0.000000
3649,36.490079,5713.334263287,5713.334263287,20851,29191400,0.000000
3650,36.500064,5713.344247566,5713.344247566,20857,29199800,0.000000
3651,36.510072,5713.354255987,5713.354255987,20862,29206800,0.000000
3652,36.520067,5713.364251019,5713.364251019,20868,29215200,0.000000
3653,36.530066,5713.374249479,5713.374249479,20874,29223600,0.000000
3654,36.540078,5713.384262198,5713.384262198,20880,29232000,0.000000
3655,36.550068,5713.394251748,5713.394251748,20885,29239000,0.000000
3656,36.560065,5713.404249454,5713.404249454,20891,29247400,0.000000
3657,36.570043,5713.414227215,5713.414227215,20897,29255800,0.000000
3658,36.580074,5713.424257528,5713.424257528,20902,29262800,0.000000
3659,36.590088,5713.434272274,5713.434272274,20908,29271200,0.000000
3660,36.600077,5713.444261204,5713.444261204,20914,29279600,0.000000
3661,36.610102,5713.454286390,5713.454286390,20920,29288000,0.000000
3662,36.620074,5713.464257676,5713.464257676,20925,29295000,0.000000
3663,36.630063,5713.474246868,5713.474246868,20931,29303400,0.000000
3664,36.640067,5713.484250546,5713.484250546,20937,29311800,0.000000
3665,36.650075,5713.494258774,5713.494258774,20942,29318800,0.000000
3666,36.660071,5713.504254992,5713.504254992,20948,29327200,0.000000
3667,36.670070,5713.514253604,5713.514253604,20954,29335600,0.000000
3668,36.680082,5713.524266127,5713.524266127,20960,29344000,0.000000
3669,36.690071,5713.534254955,5713.534254955,20965,29351000,0.000000
3670,36.700069,5713.544252983,5713.544252983,20971,29359400,0.000000
3671,36.710021,5713.554205427,5713.554205427,20977,29367800,0.000000
3672,36.720091,5713.564274766,5713.564274766,20982,29374800,0.000000
3673,36.730070,5713.574254159,5713.574254159,20988,29383200,0.000000
3674,36.740064,5713.584248137,5713.584248137,20994,29391600,0.000000
3675,36.750077,5713.594260821,5713.594260821,21000,29400000,0.000000
3676,36.760068,5713.604252256,5713.604252256,21005,29407000,0.000000
3677,36.770069,5713.614253307,5713.614253307,21011,29415400,0.000000
3678,36.780063,5713.624246564,5713.624246564,21017,29423800,0.000000
3679,36.790070,5713.634254295,5713.634254295,21022,29430800,0.000000
3680,36.800073,5713.644256835,5713.644256835,21028,29439200,0.000000
3681,36.810073,5713.654257169,5713.654257169,21034,29447600,0.000000
3682,36.820078,5713.664261781,5713.664261781,21040,29456000,0.000000
3683,36.830062,5713.674246310,5713.674246310,21045,29463000,0.000000
3684,36.840069,5713.684253330,5713.684253330,21051,29471400,0.000000
3685,36.850064,5713.694248101,5713.694248101,21057,29479800,0.000000
3686,36.860070,5713.704254313,5713.704254313,21062,29486800,0.000000
3687,36.870065,5713.714249210,5713.714249210,21068,29495200,0.000000
3688,36.880066,5713.724249784,5713.724249784,21074,29503600,0.000000
3689,36.890083,5713.734267409,5713.734267409,21080,29512000,0.000000
3690,36.900072,5713.744255945,5713.744255945,21085,29519000,0.000000
3691,36.910059,5713.754243025,5713.754243025,21091,29527400,0.000000
3692,36.920068,5713.764252424,5713.764252424,21097,29535800,0.000000
3693,36.930042,5713.774226029,5713.774226029,21102,29542800,0.000000
3694,36.940065,5713.784248931,5713.784248931,21108,29551200,0.000000
3695,36.950059,5713.794243039,5713.794243039,21114,29559600,0.000000
3696,36.960087,5713.804271280,5713.804271280,21120,29568000,0.000000
3697,36.970067,5713.814250630,5713.814250630,21125,29575000,0.000000
3698,36.980065,5713.824248790,5713.824248790,21131,29583400,0.000000
3699,36.990075,5713.834258946,5713.834258946,21137,29591800,0.000000
3700,37.000065,5713.844249400,5713.844249400,21142,29598800,0.000000
3701,37.010068,5713.854251653,5713.854251653,21148,29607200,0.000000
3702,37.020059,5713.864242512,5713.864242512,21154,29615600,0.000000
3703,37.030087,5713.874271161,5713.874271161,21160,29624000,0.000000
3704,37.040062,5713.884245506,5713.884245506,21165,29631000,0.000000
3705,37.050066,5713.894250442,5713.894250442,21171,29639400,0.000000
3706,37.060058,5713.904242416,5713.904242416,21177,29647800,0.000000
3707,37.070067,5713.914251147,5713.914251147,21182,29654800,0.000000
3708,37.080066,5713.924249488,5713.924249488,21188,29663200,0.000000
3709,37.090063,5713.934247446,5713.934247446,21194,29671600,0.000000
3710,37.100078,5713.944262419,5713.944262419,21200,29680000,0.000000
3711,37.110060,5713.954243522,5713.954243522,21205,29687000,0.000000
3712,37.120064,5713.964247791,5713.964247791,21211,29695400,0.000000
3713,37.130065,5713.974248520,5713.974248520,21217,29703800,0.000000
3714,37.140070,5713.984253901,5713.984253901,21222,29710800,0.000000
3715,37.150067,5713.994251399,5713.994251399,21228,29719200,0.000000
3716,37.160066,5714.004250448,5714.004250448,21234,29727600,0.000000
3717,37.170082,5714.014265813,5714.014265813,21240,29736000,0.000000
3718,37.180081,5714.024264639,5714.024264639,21245,29743000,0.000000
3719,37.190070,5714.034253692,5714.034253692,21251,29751400,0.000000
3720,37.200063,5714.044246989,5714.044246989,21257,29759800,0.000000
3721,37.210065,5714.054248724,5714.054248724,21262,29766800,0.000000
3722,37.220067,5714.064250969,5714.064250969,21268,29775200,0.000000
3723,37.230060,5714.074244228,5714.074244228,21274,29783600,0.000000
3724,37.240076,5714.084259768,5714.084259768,21280,29792000,0.000000
3725,37.250082,5714.094265731,5714.094265731,21285,29799000,0.000000
3726,37.260063,5714.104247203,5714.104247203,21291,29807400,0.000000
3727,37.270016,5714.114199642,5714.114199642,21297,29815800,0.000000
3728,37.280080,5714.124264276,5714.124264276,21302,29822800,0.000000
3729,37.290069,5714.134252580,5714.134252580,21308,29831200,0.000000
3730,37.300072,5714.144256164,5714.144256164,21314,29839600,0.000000
3731,37.310081,5714.154265219,5714.154265219,21320,29848000,0.000000
3732,37.320063,5714.164246874,5714.164246874,21325,29855000,0.000000
3733,37.330064,5714.174247805,5714.174247805,21331,29863400,0.000000
3734,37.340059,5714.184243280,5714.184243280,21337,29871800,0.000000
3735,37.350066,5714.194249484,5714.194249484,21342,29878800,0.000000
3736,37.360093,5714.204277017,5714.204277017,21348,29887200,0.000000
3737,37.370059,5714.214243396,5714.214243396,21354,29895600,0.000000
3738,37.380094,5714.224278056,5714.224278056,21360,29904000,0.000000
3739,37.390066,5714.234250315,5714.234250315,21365,29911000,0.000000
3740,37.400065,5714.244248593,5714.244248593,21371,29919400,0.000000
3741,37.410066,5714.254249815,5714.254249815,21377,29927800,0.000000
3742,37.420075,5714.264259215,5714.264259215,21382,29934800,0.000000
3743,37.430071,5714.274255319,5714.274255319,21388,29943200,0.000000
3744,37.440069,5714.284252698,5714.284252698,21394,29951600,0.000000
3745,37.450084,5714.294268263,5714.294268263,21400,29960000,0.000000
3746,37.460068,5714.304252090,5714.304252090,21405,29967000,0.000000
3747,37.470069,5714.314252746,5714.314252746,21411,29975400,0.000000
3748,37.480063,5714.324246818,5714.324246818,21417,29983800,0.000000
3749,37.490070,5714.334254093,5714.334254093,21422,29990800,0.000000
3750,37.500068,5714.344251731,5714.344251731,21428,29999200,0.000000
3751,37.510034,5714.354218161,5714.354218161,21434,30007600,0.000000
3752,37.520102,5714.364286435,5714.364286435,21440,30016000,0.000000
3753,37.530070,5714.374253973,5714.374253973,21445,30023000,0.000000
3754,37.540075,5714.384258982,5714.384258982,21451,30031400,0.000000
3755,37.550059,5714.394242552,5714.394242552,21457,30039800,0.000000
3756,37.560065,5714.404248880,5714.404248880,21462,30046800,0.000000
3757,37.570065,5714.414248863,5714.414248863,21468,30055200,0.000000
3758,37.580066,5714.424249704,5714.424249704,21474,30063600,0.000000
3759,37.590097,5714.434280706,5714.434280706,21480,30072000,0.000000
3760,37.600072,5714.444255741,5714.444255741,21485,30079000,0.000000
3761,37.610086,5714.454269924,5714.454269924,21491,30087400,0.000000
3762,37.620078,5714.464261519,5714.464261519,21497,30095800,0.000000
3763,37.630075,5714.474259410,5714.474259410,21502,30102800,0.000000
3764,37.640070,5714.484254111,5714.484254111,21508,30111200,0.000000
3765,37.650071,5714.494254573,5714.494254573,21514,30119600,0.000000
3766,37.660036,5714.504219962,5714.504219962,21520,30128000,0.000000
3767,37.670066,5714.514250322,5714.514250322,21525,30135000,0.000000
3768,37.680065,5714.524249204,5714.524249204,21531,30143400,0.000000
3769,37.690062,5714.534245799,5714.534245799,21537,30151800,0.000000
3770,37.700067,5714.544250690,5714.544250690,21542,30158800,0.000000
3771,37.710065,5714.554248919,5714.554248919,21548,30167200,0.000000
3772,37.720063,5714.564246580,5714.564246580,21554,30175600,0.000000
3773,37.730083,5714.574266512,5714.574266512,21560,30184000,0.000000
3774,37.740069,5714.584253321,5714.584253321,21565,30191000,0.000000
3775,37.750085,5714.594268773,5714.594268773,21571,30199400,0.000000
3776,37.760039,5714.604222597,5714.604222597,21577,30207800,0.000000
3777,37.770071,5714.614255042,5714.614255042,21582,30214800,0.000000
3778,37.780061,5714.624245088,5714.624245088,21588,30223200,0.000000
3779,37.790061,5714.634245399,5714.634245399,21594,30231600,0.000000
3780,37.800081,5714.644265246,5714.644265246,21600,30240000,0.000000
3781,37.810064,5714.654248356,5714.654248356,21605,30247000,0.000000
3782,37.820061,5714.664245331,5714.664245331,21611,30255400,0.000000
3783,37.830061,5714.674245195,5714.674245195,21617,30263800,0.000000
3784,37.840067,5714.684251017,5714.684251017,21622,30270800,0.000000
3785,37.850064,5714.694248411,5714.694248411,21628,30279200,0.000000
3786,37.860067,5714.704250653,5714.704250653,21634,30287600,0.000000
3787,37.870074,5714.714258265,5714.714258265,21640,30296000,0.000000
3788,37.880067,5714.724251289,5714.724251289,21645,30303000,0.000000
3789,37.890059,5714.734242662,5714.734242662,21651,30311400,0.000000
3790,37.900058,5714.744241977,5714.744241977,21657,30319800,0.000000
3791,37.910066,5714.754249485,5714.754249485,21662,30326800,0.000000
3792,37.920068,5714.764252054,5714.764252054,21668,30335200,0.000000
3793,37.930067,5714.774250860,5714.774250860,21674,30343600,0.000000
3794,37.940080,5714.784263959,5714.784263959,21680,30352000,0.000000
3795,37.950065,5714.794249089,5714.794249089,21685,30359000,0.000000
3796,37.960072,5714.804256453,5714.804256453,21691,30367400,0.000000
3797,37.970062,5714.814245631,5714.814245631,21697,30375800,0.000000
3798,37.980062,5714.824246211,5714.824246211,21702,30382800,0.000000
3799,37.990066,5714.834250019,5714.834250019,21708,30391200,0.000000
3800,38.000065,5714.844249301,5714.844249301,21714,30399600,0.000000
3801,38.010081,5714.854265034,5714.854265034,21720,30408000,0.000000
3802,38.020069,5714.864252895,5714.864252895,21725,30415000,0.000000
3803,38.030070,5714.874253478,5714.874253478,21731,30423400,0.000000
3804,38.040058,5714.884242450,5714.884242450,21737,30431800,0.000000
3805,38.050072,5714.894255668,5714.894255668,21742,30438800,0.000000
3806,38.060068,5714.904251688,5714.904251688,21748,30447200,0.000000
3807,38.070065,5714.914248473,5714.914248473,21754,30455600,0.000000
3808,38.080082,5714.924266120,5714.924266120,21760,30464000,0.000000
3809,38.090065,5714.934249005,5714.934249005,21765,30471000,0.000000
3810,38.100064,5714.944248191,5714.944248191,21771,30479400,0.000000
3811,38.110058,5714.954241891,5714.954241891,21777,30487800,0.000000
3812,38.120068,5714.964251666,5714.964251666,21782,30494800,0.000000
3813,38.130065,5714.974248506,5714.974248506,21788,30503200,0.000000
3814,38.140072,5714.984256001,5714.984256001,21794,30511600,0.000000
3815,38.150077,5714.994261177,5714.994261177,21800,30520000,0.000000
3816,38.160064,5715.004247526,5715.004247526,21805,30527000,0.000000
3817,38.170064,5715.014247789,5715.014247789,21811,30535400,0.000000
3818,38.180062,5715.024246074,5715.024246074,21817,30543800,0.000000
3819,38.190063,5715.034246673,5715.034246673,21822,30550800,0.000000
3820,38.200060,5715.044244185,5715.044244185,21828,30559200,0.000000
3821,38.210069,5715.054253371,5715.054253371,21834,30567600,0.000000
3822,38.220076,5715.064260274,5715.064260274,21840,30576000,0.000000
3823,38.230068,5715.074251645,5715.074251645,21845,30583000,0.000000
3824,38.240063,5715.084247234,5715.084247234,21851,30591400,0.000000
3825,38.250058,5715.094241518,5715.094241518,21857,30599800,0.000000
3826,38.260065,5715.104248917,5715.104248917,21862,30606800,0.000000
3827,38.270066,5715.114250148,5715.114250148,21868,30615200,0.000000
3828,38.280066,5715.124250126,5715.124250126,21874,30623600,0.000000
3829,38.290080,5715.134263839,5715.134263839,21880,30632000,0.000000
3830,38.300066,5715.144250016,5715.144250016,21885,30639000,0.000000
3831,38.310065,5715.154249457,5715.154249457,21891,30647400,0.000000
3832,38.320062,5715.164245674,5715.164245674,21897,30655800,0.000000
3833,38.330061,5715.174245449,5715.174245449,21902,30662800,0.000000
3834,38.340073,5715.184257006,5715.184257006,21908,30671200,0.000000
3835,38.350066,5715.194250298,5715.194250298,21914,30679600,0.000000
3836,38.360072,5715.204256382,5715.204256382,21920,30688000,0.000000
3837,38.370066,5715.214250129,5715.214250129,21925,30695000,0.000000
3838,38.380065,5715.224249284,5715.224249284,21931,30703400,0.000000
3839,38.390062,5715.234246175,5715.234246175,21937,30711800,0.000000
3840,38.400067,5715.244251068,5715.244251068,21942,30718800,0.000000
3841,38.410068,5715.254251821,5715.254251821,21948,30727200,0.000000
3842,38.420067,5715.264250522,5715.264250522,21954,30735600,0.000000
3843,38.430076,5715.274260002,5715.274260002,21960,30744000,0.000000
3844,38.440045,5715.284229329,5715.284229329,21965,30751000,0.000000
3845,38.450065,5715.294249412,5715.294249412,21971,30759400,0.000000
3846,38.460062,5715.304245950,5715.304245950,21977,30767800,0.000000
3847,38.470061,5715.314245117,5715.314245117,21982,30774800,0.000000
3848,38.480065,5715.324249177,5715.324249177,21988,30783200,0.000000
3849,38.490068,5715.334251528,5715.334251528,21994,30791600,0.000000
3850,38.500076,5715.344260269,5715.344260269,22000,30800000,0.000000
3851,38.510088,5715.354271752,5715.354271752,22005,30807000,0.000000
3852,38.520064,5715.364248300,5715.364248300,22011,30815400,0.000000
3853,38.530062,5715.374245690,5715.374245690,22017,30823800,0.000000
3854,38.540063,5715.384246914,5715.384246914,22022,30830800,0.000000
3855,38.550066,5715.394249472,5715.394249472,22028,30839200,0.000000
3856,38.560066,5715.404249812,5715.404249812,22034,30847600,0.000000
3857,38.570075,5715.414259146,5715.414259146,22040,30856000,0.000000
3858,38.580066,5715.424250366,5715.424250366,22045,30863000,0.000000
3859,38.590038,5715.434222012,5715.434222012,22051,30871400,0.000000
3860,38.600062,5715.444245916,5715.444245916,22057,30879800,0.000000
3861,38.610067,5715.454250671,5715.454250671,22062,30886800,0.000000
3862,38.620067,5715.464250785,5715.464250785,22068,30895200,0.000000
3863,38.630069,5715.474253441,5715.474253441,22074,30903600,0.000000
3864,38.640080,5715.484263710,5715.484263710,22080,30912000,0.000000
3865,38.650065,5715.494249049,5715.494249049,22085,30919000,0.000000
3866,38.660064,5715.504247865,5715.504247865,22091,30927400,0.000000
3867,38.670058,5715.514242252,5715.514242252,22097,30935800,0.000000
3868,38.680065,5715.524249314,5715.524249314,22102,30942800,0.000000
3869,38.690065,5715.534248517,5715.534248517,22108,30951200,0.000000
3870,38.700071,5715.544255162,5715.544255162,22114,30959600,0.000000
3871,38.710078,5715.554261840,5715.554261840,22120,30968000,0.000000
3872,38.720067,5715.564250976,5715.564250976,22125,30975000,0.000000
3873,38.730067,5715.574250814,5715.574250814,22131,30983400,0.000000
3874,38.740062,5715.584246116,5715.584246116,22137,30991800,0.000000
3875,38.750066,5715.594250196,5715.594250196,22142,30998800,0.000000
3876,38.760065,5715.604249265,5715.604249265,22148,31007200,0.000000
3877,38.770064,5715.614248155,5715.614248155,22154,31015600,0.000000
3878,38.780071,5715.624255180,5715.624255180,22160,31024000,0.000000
3879,38.790065,5715.634248694,5715.634248694,22165,31031000,0.000000
3880,38.800070,5715.644253914,5715.644253914,22171,31039400,0.000000
3881,38.810059,5715.654242818,5715.654242818,22177,31047800,0.000000
3882,38.820031,5715.664215224,5715.664215224,22182,31054800,0.000000
3883,38.830061,5715.674244788,5715.674244788,22188,31063200,0.000000
3884,38.840071,5715.684254529,5715.684254529,22194,31071600,0.000000
3885,38.850073,5715.694257338,5715.694257338,22200,31080000,0.000000
3886,38.860069,5715.704253247,5715.704253247,22205,31087000,0.000000
3887,38.870065,5715.714248727,5715.714248727,22211,31095400,0.000000
3888,38.880066,5715.724250024,5715.724250024,22217,31103800,0.000000
3889,38.890067,5715.734250630,5715.734250630,22222,31110800,0.000000
3890,38.900064,5715.744247988,5715.744247988,22228,31119200,0.000000
3891,38.910064,5715.754248171,5715.754248171,22234,31127600,0.000000
3892,38.920076,5715.764259617,5715.764259617,22240,31136000,0.000000
3893,38.930064,5715.774248326,5715.774248326,22245,31143000,0.000000
3894,38.940070,5715.784254092,5715.784254092,22251,31151400,0.000000
3895,38.950018,5715.794202348,5715.794202348,22257,31159800,0.000000
3896,38.960073,5715.804256876,5715.804256876,22262,31166800,0.000000
3897,38.970096,5715.814280268,5715.814280268,22268,31175200,0.000000
3898,38.980064,5715.824248357,5715.824248357,22274,31183600,0.000000
3899,38.990043,5715.834227317,5715.834227317,22280,31192000,0.000000
3900,39.000072,5715.844256050,5715.844256050,22285,31199000,0.000000
3901,39.010064,5715.854248278,5715.854248278,22291,31207400,0.000000
3902,39.020062,5715.864246081,5715.864246081,22297,31215800,0.000000
3903,39.030067,5715.874251183,5715.874251183,22302,31222800,0.000000
3904,39.040059,5715.884242944,5715.884242944,22308,31231200,0.000000
3905,39.050069,5715.894253254,5715.894253254,22314,31239600,0.000000
3906,39.060079,5715.904263055,5715.904263055,22320,31248000,0.000000
3907,39.070064,5715.914247503,5715.914247503,22325,31255000,0.000000
3908,39.080065,5715.924248481,5715.924248481,22331,31263400,0.000000
3909,39.090059,5715.934242945,5715.934242945,22337,31271800,0.000000
3910,39.100065,5715.944248817,5715.944248817,22342,31278800,0.000000
3911,39.110068,5715.954251992,5715.954251992,22348,31287200,0.000000
3912,39.120064,5715.964248370,5715.964248370,22354,31295600,0.000000
3913,39.130075,5715.974259158,5715.974259158,22360,31304000,0.000000
3914,39.140067,5715.984250760,5715.984250760,22365,31311000,0.000000
3915,39.150078,5715.994261646,5715.994261646,22371,31319400,0.000000
3916,39.160082,5716.004266266,5716.004266266,22377,31327800,0.000000
3917,39.170064,5716.014247898,5716.014247898,22382,31334800,0.000000
3918,39.180065,5716.024248607,5716.024248607,22388,31343200,0.000000
3919,39.190070,5716.034253462,5716.034253462,22394,31351600,0.000000
3920,39.200089,5716.044273286,5716.044273286,22400,31360000,0.000000
3921,39.210098,5716.054282412,5716.054282412,22405,31367000,0.000000
3922,39.220071,5716.064255089,5716.064255089,22411,31375400,0.000000
3923,39.230064,5716.074247667,5716.074247667,22417,31383800,0.000000
3924,39.240064,5716.084248298,5716.084248298,22422,31390800,0.000000
3925,39.250080,5716.094263855,5716.094263855,22428,31399200,0.000000
3926,39.260063,5716.104247438,5716.104247438,22434,31407600,0.000000
3927,39.270082,5716.114266313,5716.114266313,22440,31416000,0.000000
3928,39.280077,5716.124260719,5716.124260719,22445,31423000,0.000000
3929,39.290066,5716.134250434,5716.134250434,22451,31431400,0.000000
3930,39.300065,5716.144249435,5716.144249435,22457,31439800,0.000000
3931,39.310074,5716.154257497,5716.154257497,22462,31446800,0.000000
3932,39.320060,5716.164244367,5716.164244367,22468,31455200,0.000000
3933,39.330059,5716.174242481,5716.174242481,22474,31463600,0.000000
3934,39.340092,5716.184275962,5716.184275962,22480,31472000,0.000000
3935,39.350067,5716.194250850,5716.194250850,22485,31479000,0.000000
3936,39.360066,5716.204249890,5716.204249890,22491,31487400,0.000000
3937,39.370065,5716.214248774,5716.214248774,22497,31495800,0.000000
3938,39.380067,5716.224251276,5716.224251276,22502,31502800,0.000000
3939,39.390015,5716.234198532,5716.234198532,22508,31511200,0.000000
3940,39.400059,5716.244242469,5716.244242469,22514,31519600,0.000000
3941,39.410082,5716.254265479,5716.254265479,22520,31528000,0.000000
3942,39.420070,5716.264253799,5716.264253799,22525,31535000,0.000000
3943,39.430067,5716.274250507,5716.274250507,22531,31543400,0.000000
3944,39.440065,5716.284249185,5716.284249185,22537,31551800,0.000000
3945,39.450070,5716.294254409,5716.294254409,22542,31558800,0.000000
3946,39.460066,5716.304249877,5716.304249877,22548,31567200,0.000000
3947,39.470066,5716.314250018,5716.314250018,22554,31575600,0.000000
3948,39.480076,5716.324259829,5716.324259829,22560,31584000,0.000000
3949,39.490066,5716.334249694,5716.334249694,22565,31591000,0.000000
3950,39.500064,5716.344248457,5716.344248457,22571,31599400,0.000000
3951,39.510016,5716.354199988,5716.354199988,22577,31607800,0.000000
3952,39.520066,5716.364249743,5716.364249743,22582,31614800,0.000000
3953,39.530071,5716.374254559,5716.374254559,22588,31623200,0.000000
3954,39.540068,5716.384251971,5716.384251971,22594,31631600,0.000000
3955,39.550102,5716.394286175,5716.394286175,22600,31640000,0.000000
3956,39.560074,5716.404258342,5716.404258342,22605,31647000,0.000000
3957,39.570067,5716.414250816,5716.414250816,22611,31655400,0.000000
3958,39.580069,5716.424252648,5716.424252648,22617,31663800,0.000000
3959,39.590064,5716.434248252,5716.434248252,22622,31670800,0.000000
3960,39.600064,5716.444247468,5716.444247468,22628,31679200,0.000000
3961,39.610064,5716.454247641,5716.454247641,22634,31687600,0.000000
3962,39.620075,5716.464259421,5716.464259421,22640,31696000,0.000000
3963,39.630071,5716.474255000,5716.474255000,22645,31703000,0.000000
3964,39.640067,5716.484250753,5716.484250753,22651,31711400,0.000000
3965,39.650062,5716.494246281,5716.494246281,22657,31719800,0.000000
3966,39.660067,5716.504250836,5716.504250836,22662,31726800,0.000000
3967,39.670066,5716.514250322,5716.514250322,22668,31735200,0.000000
3968,39.680063,5716.524246477,5716.524246477,22674,31743600,0.000000
3969,39.690089,5716.534273407,5716.534273407,22680,31752000,0.000000
3970,39.700068,5716.544252312,5716.544252312,22685,31759000,0.000000
3971,39.710052,5716.554235929,5716.554235929,22691,31767400,0.000000
3972,39.720066,5716.564249662,5716.564249662,22697,31775800,0.000000
3973,39.730069,5716.574253024,5716.574253024,22702,31782800,0.000000
3974,39.740066,5716.584249682,5716.584249682,22708,31791200,0.000000
3975,39.750015,5716.594198973,5716.594198973,22714,31799600,0.000000
3976,39.760075,5716.604259411,5716.604259411,22720,31808000,0.000000
3977,39.770072,5716.614255980,5716.614255980,22725,31815000,0.000000
3978,39.780075,5716.624259358,5716.624259358,22731,31823400,0.000000
3979,39.790032,5716.634215672,5716.634215672,22737,31831800,0.000000
3980,39.800076,5716.644260333,5716.644260333,22742,31838800,0.000000
3981,39.810065,5716.654248537,5716.654248537,22748,31847200,0.000000
3982,39.820070,5716.664253702,5716.664253702,22754,31855600,0.000000
3983,39.830073,5716.674256464,5716.674256464,22760,31864000,0.000000
3984,39.840068,5716.684252372,5716.684252372,22765,31871000,0.000000
3985,39.850063,5716.694246967,5716.694246967,22771,31879400,0.000000
3986,39.860019,5716.704203117,5716.704203117,22777,31887800,0.000000
3987,39.870067,5716.714250860,5716.714250860,22782,31894800,0.000000
3988,39.880067,5716.724250862,5716.724250862,22788,31903200,0.000000
3989,39.890070,5716.734253521,5716.734253521,22794,31911600,0.000000
3990,39.900084,5716.744268027,5716.744268027,22800,31920000,0.000000
3991,39.910062,5716.754245864,5716.754245864,22805,31927000,0.000000
3992,39.920067,5716.764250505,5716.764250505,22811,31935400,0.000000
3993,39.930063,5716.774247176,5716.774247176,22817,31943800,0.000000
3994,39.940072,5716.784255948,5716.784255948,22822,31950800,0.000000
3995,39.950067,5716.794251292,5716.794251292,22828,31959200,0.000000
3996,39.960070,5716.804253493,5716.804253493,22834,31967600,0.000000
3997,39.970071,5716.814254874,5716.814254874,22840,31976000,0.000000
3998,39.980060,5716.824243607,5716.824243607,22845,31983000,0.000000
3999,39.990065,5716.834248945,5716.834248945,22851,31991400,0.000000
4000,40.000062,5716.844245488,5716.844245488,22857,31999800,0.000000
4001,40.010060,5716.854243667,5716.854243667,22862,32006800,0.000000
4002,40.020064,5716.864248033,5716.864248033,22868,32015200,0.000000
4003,40.030066,5716.874249632,5716.874249632,22874,32023600,0.000000
4004,40.040076,5716.884259649,5716.884259649,22880,32032000,0.000000
4005,40.050066,5716.894249968,5716.894249968,22885,32039000,0.000000
4006,40.060070,5716.904254179,5716.904254179,22891,32047400,0.000000
4007,40.070058,5716.914242230,5716.914242230,22897,32055800,0.000000
4008,40.080071,5716.924254607,5716.924254607,22902,32062800,0.000000
4009,40.090027,5716.934211139,5716.934211139,22908,32071200,0.000000
4010,40.100068,5716.944252100,5716.944252100,22914,32079600,0.000000
4011,40.110057,5716.954241086,5716.954241086,22920,32088000,0.000000
4012,40.120067,5716.964250537,5716.964250537,22925,32095000,0.000000
4013,40.130070,5716.974253663,5716.974253663,22931,32103400,0.000000
4014,40.140058,5716.984242029,5716.984242029,22937,32111800,0.000000
4015,40.150067,5716.994250894,5716.994250894,22942,32118800,0.000000
4016,40.160064,5717.004247818,5717.004247818,22948,32127200,0.000000
4017,40.170072,5717.014255545,5717.014255545,22954,32135600,0.000000
4018,40.180088,5717.024272368,5717.024272368,22960,32144000,0.000000
4019,40.190066,5717.034250292,5717.034250292,22965,32151000,0.000000
4020,40.200067,5717.044251222,5717.044251222,22971,32159400,0.000000
4021,40.210058,5717.054242132,5717.054242132,22977,32167800,0.000000
4022,40.220070,5717.064253847,5717.064253847,22982,32174800,0.000000
4023,40.230067,5717.074250541,5717.074250541,22988,32183200,0.000000
4024,40.240071,5717.084255024,5717.084255024,22994,32191600,0.000000
4025,40.250078,5717.094262402,5717.094262402,23000,32200000,0.000000
4026,40.260068,5717.104251687,5717.104251687,23005,32207000,0.000000
4027,40.270070,5717.114253552,5717.114253552,23011,32215400,0.000000
4028,40.280063,5717.124246747,5717.124246747,23017,32223800,0.000000
4029,40.290077,5717.134261112,5717.134261112,23022,32230800,0.000000
4030,40.300071,5717.144255037,5717.144255037,23028,32239200,0.000000
4031,40.310073,5717.154256667,5717.154256667,23034,32247600,0.000000
4032,40.320082,5717.164265857,5717.164265857,23040,32256000,0.000000
4033,40.330069,5717.174253274,5717.174253274,23045,32263000,0.000000
4034,40.340079,5717.184262535,5717.184262535,23051,32271400,0.000000
4035,40.350059,5717.194242552,5717.194242552,23057,32279800,0.000000
4036,40.360066,5717.204250168,5717.204250168,23062,32286800,0.000000
4037,40.370059,5717.214242822,5717.214242822,23068,32295200,0.000000
4038,40.380082,5717.224265836,5717.224265836,23074,32303600,0.000000
4039,40.390087,5717.234270612,5717.234270612,23080,32312000,0.000000
4040,40.400083,5717.244267447,5717.244267447,23085,32319000,0.000000
4041,40.410066,5717.254250220,5717.254250220,23091,32327400,0.000000
4042,40.420062,5717.264246256,5717.264246256,23097,32335800,0.000000
4043,40.430066,5717.274250106,5717.274250106,23102,32342800,0.000000
4044,40.440067,5717.284251051,5717.284251051,23108,32351200,0.000000
4045,40.450069,5717.294253131,5717.294253131,23114,32359600,0.000000
4046,40.460079,5717.304263052,5717.304263052,23120,32368000,0.000000
4047,40.470070,5717.314254110,5717.314254110,23125,32375000,0.000000
4048,40.480067,5717.324250727,5717.324250727,23131,32383400,0.000000
4049,40.490058,5717.334242458,5717.334242458,23137,32391800,0.000000
4050,40.500075,5717.344259169,5717.344259169,23142,32398800,0.000000
4051,40.510069,5717.354252646,5717.354252646,23148,32407200,0.000000
4052,40.520067,5717.364251247,5717.364251247,23154,32415600,0.000000
4053,40.530079,5717.374262884,5717.374262884,23160,32424000,0.000000
4054,40.540072,5717.384256023,5717.384256023,23165,32431000,0.000000
4055,40.550067,5717.394251111,5717.394251111,23171,32439400,0.000000
4056,40.560063,5717.404247457,5717.404247457,23177,32447800,0.000000
4057,40.570067,5717.414251251,5717.414251251,23182,32454800,0.000000
4058,40.580074,5717.424257549,5717.424257549,23188,32463200,0.000000
4059,40.590084,5717.434268423,5717.434268423,23194,32471600,0.000000
4060,40.600062,5717.444245827,5717.444245827,23200,32480000,0.000000
4061,40.610064,5717.454248413,5717.454248413,23205,32487000,0.000000
4062,40.620067,5717.464251064,5717.464251064,23211,32495400,0.000000
4063,40.630019,5717.474203348,5717.474203348,23217,32503800,0.000000
4064,40.640065,5717.484249412,5717.484249412,23222,32510800,0.000000
4065,40.650070,5717.494254281,5717.494254281,23228,32519200,0.000000
4066,40.660064,5717.504247656,5717.504247656,23234,32527600,0.000000
4067,40.670104,5717.514287643,5717.514287643,23240,32536000,0.000000
4068,40.680073,5717.524257210,5717.524257210,23245,32543000,0.000000
4069,40.690067,5717.534250685,5717.534250685,23251,32551400,0.000000
4070,40.700064,5717.544248382,5717.544248382,23257,32559800,0.000000
4071,40.710066,5717.554249843,5717.554249843,23262,32566800,0.000000
4072,40.720069,5717.564252869,5717.564252869,23268,32575200,0.000000
4073,40.730065,5717.574248746,5717.574248746,23274,32583600,0.000000
4074,40.740079,5717.584263063,5717.584263063,23280,32592000,0.000000
4075,40.750068,5717.594252328,5717.594252328,23285,32599000,0.000000
4076,40.760068,5717.604251571,5717.604251571,23291,32607400,0.000000
4077,40.770065,5717.614249362,5717.614249362,23297,32615800,0.000000
4078,40.780068,5717.624252381,5717.624252381,23302,32622800,0.000000
4079,40.790085,5717.634268754,5717.634268754,23308,32631200,0.000000
4080,40.800068,5717.644251665,5717.644251665,23314,32639600,0.000000
4081,40.810088,5717.654272014,5717.654272014,23320,32648000,0.000000
4082,40.820065,5717.664249177,5717.664249177,23325,32655000,0.000000
4083,40.830068,5717.674251620,5717.674251620,23331,32663400,0.000000
4084,40.840061,5717.684244542,5717.684244542,23337,32671800,0.000000
4085,40.850067,5717.694251234,5717.694251234,23342,32678800,0.000000
4086,40.860066,5717.704249860,5717.704249860,23348,32687200,0.000000
4087,40.870059,5717.714243236,5717.714243236,23354,32695600,0.000000
4088,40.880074,5717.724257717,5717.724257717,23360,32704000,0.000000
4089,40.890091,5717.734275088,5717.734275088,23365,32711000,0.000000
4090,40.900067,5717.744250670,5717.744250670,23371,32719400,0.000000
4091,40.910008,5717.754192255,5717.754192255,23377,32727800,0.000000
4092,40.920067,5717.764250579,5717.764250579,23382,32734800,0.000000
4093,40.930082,5717.774265937,5717.774265937,23388,32743200,0.000000
4094,40.940059,5717.784243244,5717.784243244,23394,32751600,0.000000
4095,40.950083,5717.794267112,5717.794267112,23400,32760000,0.000000
4096,40.960068,5717.804252157,5717.804252157,23405,32767000,0.000000
4097,40.970066,5717.814249850,5717.814249850,23411,32775400,0.000000
4098,40.980065,5717.824248681,5717.824248681,23417,32783800,0.000000
4099,40.990064,5717.834248086,5717.834248086,23422,32790800,0.000000
4100,41.000063,5717.844247369,5717.844247369,23428,32799200,0.000000
4101,41.010062,5717.854246407,5717.854246407,23434,32807600,0.000000
4102,41.020097,5717.864280562,5717.864280562,23440,32816000,0.000000
4103,41.030078,5717.874261598,5717.874261598,23445,32823000,0.000000
4104,41.040070,5717.884253698,5717.884253698,23451,32831400,0.000000
4105,41.050062,5717.894246091,5717.894246091,23457,32839800,0.000000
4106,41.060033,5717.904217252,5717.904217252,23462,32846800,0.000000
4107,41.070058,5717.914242123,5717.914242123,23468,32855200,0.000000
4108,41.080063,5717.924246667,5717.924246667,23474,32863600,0.000000
4109,41.090071,5717.934255254,5717.934255254,23480,32872000,0.000000
4110,41.100063,5717.944246726,5717.944246726,23485,32879000,0.000000
4111,41.110067,5717.954250460,5717.954250460,23491,32887400,0.000000
4112,41.120063,5717.964246682,5717.964246682,23497,32895800,0.000000
4113,41.130065,5717.974249406,5717.974249406,23502,32902800,0.000000
4114,41.140064,5717.984247769,5717.984247769,23508,32911200,0.000000
4115,41.150069,5717.994252718,5717.994252718,23514,32919600,0.000000
4116,41.160077,5718.004260693,5718.004260693,23520,32928000,0.000000
4117,41.170070,5718.014253664,5718.014253664,23525,32935000,0.000000
4118,41.180066,5718.024249501,5718.024249501,23531,32943400,0.000000
4119,41.190022,5718.034206063,5718.034206063,23537,32951800,0.000000
4120,41.200084,5718.044268261,5718.044268261,23542,32958800,0.000000
4121,41.210026,5718.054210272,5718.054210272,23548,32967200,0.000000
4122,41.220069,5718.064253047,5718.064253047,23554,32975600,0.000000
4123,41.230084,5718.074268267,5718.074268267,23560,32984000,0.000000
4124,41.240060,5718.084244379,5718.084244379,23565,32991000,0.000000
4125,41.250072,5718.094255813,5718.094255813,23571,32999400,0.000000
4126,41.260063,5718.104247180,5718.104247180,23577,33007800,0.000000
4127,41.270066,5718.114249630,5718.114249630,23582,33014800,0.000000
4128,41.280064,5718.124247635,5718.124247635,23588,33023200,0.000000
4129,41.290071,5718.134254894,5718.134254894,23594,33031600,0.000000
4130,41.300113,5718.144296898,5718.144296898,23600,33040000,0.000000
4131,41.310066,5718.154250206,5718.154250206,23605,33047000,0.000000
4132,41.320065,5718.164248572,5718.164248572,23611,33055400,0.000000
4133,41.330061,5718.174245314,5718.174245314,23617,33063800,0.000000
4134,41.340065,5718.184249127,5718.184249127,23622,33070800,0.000000
4135,41.350065,5718.194248651,5718.194248651,23628,33079200,0.000000
4136,41.360072,5718.204256433,5718.204256433,23634,33087600,0.000000
4137,41.370087,5718.214271427,5718.214271427,23640,33096000,0.000000
4138,41.380070,5718.224253497,5718.224253497,23645,33103000,0.000000
4139,41.390064,5718.234247833,5718.234247833,23651,33111400,0.000000
4140,41.400062,5718.244245494,5718.244245494,23657,33119800,0.000000
4141,41.410065,5718.254249027,5718.254249027,23662,33126800,0.000000
4142,41.420051,5718.264235304,5718.264235304,23668,33135200,0.000000
4143,41.430047,5718.274230671,5718.274230671,23674,33143600,0.000000
4144,41.440070,5718.284254328,5718.284254328,23680,33152000,0.000000
4145,41.450064,5718.294248277,5718.294248277,23685,33159000,0.000000
4146,41.460066,5718.304250391,5718.304250391,23691,33167400,0.000000
4147,41.470021,5718.314204774,5718.314204774,23697,33175800,0.000000
4148,41.480065,5718.324248748,5718.324248748,23702,33182800,0.000000
4149,41.490063,5718.334246969,5718.334246969,23708,33191200,0.000000
4150,41.500057,5718.344241443,5718.344241443,23714,33199600,0.000000
4151,41.510081,5718.354264600,5718.354264600,23720,33208000,0.000000
4152,41.520064,5718.364248272,5718.364248272,23725,33215000,0.000000
4153,41.530058,5718.374242418,5718.374242418,23731,33223400,0.000000
4154,41.540062,5718.384246168,5718.384246168,23737,33231800,0.000000
4155,41.550066,5718.394250057,5718.394250057,23742,33238800,0.000000
4156,41.560059,5718.404242498,5718.404242498,23748,33247200,0.000000
4157,41.570059,5718.414242902,5718.414242902,23754,33255600,0.000000
4158,41.580077,5718.424260955,5718.424260955,23760,33264000,0.000000
4159,41.590066,5718.434250107,5718.434250107,23765,33271000,0.000000
4160,41.600066,5718.444249935,5718.444249935,23771,33279400,0.000000
4161,41.610066,5718.454249783,5718.454249783,23777,33287800,0.000000
4162,41.620069,5718.464253410,5718.464253410,23782,33294800,0.000000
4163,41.630024,5718.474207551,5718.474207551,23788,33303200,0.000000
4164,41.640068,5718.484251875,5718.484251875,23794,33311600,0.000000
4165,41.650087,5718.494271420,5718.494271420,23800,33320000,0.000000
4166,41.660070,5718.504254241,5718.504254241,23805,33327000,0.000000
4167,41.670066,5718.514249858,5718.514249858,23811,33335400,0.000000
4168,41.680067,5718.524251177,5718.524251177,23817,33343800,0.000000
4169,41.690076,5718.534260371,5718.534260371,23822,33350800,0.000000
4170,41.700064,5718.544247512,5718.544247512,23828,33359200,0.000000
4171,41.710071,5718.554254887,5718.554254887,23834,33367600,0.000000
4172,41.720074,5718.564258106,5718.564258106,23840,33376000,0.000000
4173,41.730067,5718.574251318,5718.574251318,23845,33383000,0.000000
4174,41.740064,5718.584248257,5718.584248257,23851,33391400,0.000000
4175,41.750060,5718.594244364,5718.594244364,23857,33399800,0.000000
4176,41.760072,5718.604256384,5718.604256384,23862,33406800,0.000000
4177,41.770059,5718.614243028,5718.614243028,23868,33415200,0.000000
4178,41.780067,5718.624250907,5718.624250907,23874,33423600,0.000000
4179,41.790085,5718.634268461,5718.634268461,23880,33432000,0.000000
4180,41.800070,5718.644253519,5718.644253519,23885,33439000,0.000000
4181,41.810066,5718.654250402,5718.654250402,23891,33447400,0.000000
4182,41.820066,5718.664250266,5718.664250266,23897,33455800,0.000000
4183,41.830073,5718.674256792,5718.674256792,23902,33462800,0.000000
4184,41.840071,5718.684254862,5718.684254862,23908,33471200,0.000000
4185,41.850070,5718.694254051,5718.694254051,23914,33479600,0.000000
4186,41.860077,5718.704260601,5718.704260601,23920,33488000,0.000000
4187,41.870074,5718.714257678,5718.714257678,23925,33495000,0.000000
4188,41.880064,5718.724248097,5718.724248097,23931,33503400,0.000000
4189,41.890063,5718.734246543,5718.734246543,23937,33511800,0.000000
4190,41.900072,5718.744256368,5718.744256368,23942,33518800,0.000000
4191,41.910068,5718.754251732,5718.754251732,23948,33527200,0.000000
4192,41.920063,5718.764246564,5718.764246564,23954,33535600,0.000000
4193,41.930094,5718.774277627,5718.774277627,23960,33544000,0.000000
4194,41.940065,5718.784249034,5718.784249034,23965,33551000,0.000000
4195,41.950061,5718.794245168,5718.794245168,23971,33559400,0.000000
4196,41.960058,5718.804242174,5718.804242174,23977,33567800,0.000000
4197,41.970065,5718.814248956,5718.814248956,23982,33574800,0.000000
4198,41.980066,5718.824250394,5718.824250394,23988,33583200,0.000000
4199,41.990071,5718.834254979,5718.834254979,23994,33591600,0.000000
