sample_index,timestamp_s,monotonic_s,t_mono,cum_packets,cum_bytes,lag_s
0,0.000103,5677.247078715,5677.247078715,0,0,0.000000
1,0.010048,5677.257024284,5677.257024284,4,5600,0.000000
2,0.020035,5677.267010834,5677.267010834,9,12600,0.000000
3,0.030034,5677.277010140,5677.277010140,14,19600,0.000000
4,0.040036,5677.287011972,5677.287011972,19,26600,0.000000
5,0.050037,5677.297012908,5677.297012908,24,33600,0.000000
6,0.060035,5677.307010966,5677.307010966,29,40600,0.000000
7,0.070040,5677.317015592,5677.317015592,34,47600,0.000000
8,0.080088,5677.327063608,5677.327063608,39,54600,0.000000
9,0.090033,5677.337009010,5677.337009010,44,61600,0.000000
10,0.100015,5677.346991412,5677.346991412,49,68600,0.000000
11,0.110036,5677.357011597,5677.357011597,53,74200,0.000000
12,0.120034,5677.367009949,5677.367009949,58,81200,0.000000
13,0.130049,5677.377025314,5677.377025314,63,88200,0.000000
14,0.140034,5677.387010516,5677.387010516,68,95200,0.000000
15,0.150037,5677.397013082,5677.397013082,73,102200,0.000000
16,0.160047,5677.407023485,5677.407023485,78,109200,0.000000
17,0.170109,5677.417085296,5677.417085296,83,116200,0.000000
18,0.180038,5677.427013657,5677.427013657,88,123200,0.000000
19,0.190037,5677.437013129,5677.437013129,93,130200,0.000000
20,0.200009,5677.446985448,5677.446985448,98,137200,0.000000
21,0.210045,5677.457021356,5677.457021356,102,142800,0.000000
22,0.220122,5677.467097747,5677.467097747,107,149800,0.000000
23,0.230071,5677.477046988,5677.477046988,112,156800,0.000000
24,0.240057,5677.487032874,5677.487032874,117,163800,0.000000
25,0.250057,5677.497033436,5677.497033436,122,170800,0.000000
26,0.260040,5677.507015878,5677.507015878,127,177800,0.000000
27,0.270040,5677.517015897,5677.517015897,132,184800,0.000000
28,0.280059,5677.527035428,5677.527035428,137,191800,0.000000
29,0.290047,5677.537022879,5677.537022879,142,198800,0.000000
30,0.300047,5677.547023122,5677.547023122,147,205800,0.000000
31,0.310037,5677.557012614,5677.557012614,151,211400,0.000000
32,0.320044,5677.567019824,5677.567019824,156,218400,0.000000
33,0.330041,5677.577016887,5677.577016887,161,225400,0.000000
34,0.340038,5677.587014012,5677.587014012,166,232400,0.000000
35,0.350041,5677.597017378,5677.597017378,171,239400,0.000000
36,0.360050,5677.607025916,5677.607025916,176,246400,0.000000
37,0.370035,5677.617011256,5677.617011256,181,253400,0.000000
38,0.380038,5677.627014469,5677.627014469,186,260400,0.000000
39,0.390042,5677.637018164,5677.637018164,191,267400,0.000000
40,0.400048,5677.647024017,5677.647024017,196,274400,0.000000
41,0.410081,5677.657057510,5677.657057510,201,281400,0.000000
42,0.420045,5677.667020543,5677.667020543,205,287000,0.000000
43,0.430064,5677.677040004,5677.677040004,210,294000,0.000000
44,0.440038,5677.687013621,5677.687013621,215,301000,0.000000
45,0.450046,5677.697021569,5677.697021569,220,308000,0.000000
46,0.460050,5677.707025704,5677.707025704,225,315000,0.000000
47,0.470040,5677.717015744,5677.717015744,230,322000,0.000000
48,0.480045,5677.727020570,5677.727020570,235,329000,0.000000
49,0.490055,5677.737031389,5677.737031389,240,336000,0.000000
50,0.500036,5677.747012254,5677.747012254,245,343000,0.000000
51,0.510053,5677.757028757,5677.757028757,250,350000,0.000000
52,0.520037,5677.767013425,5677.767013425,254,355600,0.000000
53,0.530051,5677.777026844,5677.777026844,259,362600,0.000000
54,0.540044,5677.787020149,5677.787020149,264,369600,0.000000
55,0.550068,5677.797044218,5677.797044218,269,376600,0.000000
56,0.560063,5677.807039142,5677.807039142,274,383600,0.000000
57,0.570046,5677.817022214,5677.817022214,279,390600,0.000000
58,0.580046,5677.827021541,5677.827021541,284,397600,0.000000
59,0.590042,5677.837018106,5677.837018106,289,404600,0.000000
60,0.600038,5677.847013765,5677.847013765,294,411600,0.000000
61,0.610050,5677.857025952,5677.857025952,299,418600,0.000000
62,0.620041,5677.867017496,5677.867017496,303,424200,0.000000
63,0.630046,5677.877021574,5677.877021574,308,431200,0.000000
64,0.640037,5677.887013115,5677.887013115,313,438200,0.000000
65,0.650059,5677.897035178,5677.897035178,318,445200,0.000000
66,0.660071,5677.907046819,5677.907046819,323,452200,0.000000
67,0.670048,5677.917024166,5677.917024166,328,459200,0.000000
68,0.680060,5677.927036118,5677.927036118,333,466200,0.000000
69,0.690060,5677.937036447,5677.937036447,338,473200,0.000000
70,0.700035,5677.947011295,5677.947011295,343,480200,0.000000
71,0.710018,5677.956993957,5677.956993957,348,487200,0.000000
72,0.720042,5677.967018446,5677.967018446,352,492800,0.000000
73,0.730053,5677.977028937,5677.977028937,357,499800,0.000000
74,0.740045,5677.987021076,5677.987021076,362,506800,0.000000
75,0.750073,5677.997048697,5677.997048697,367,513800,0.000000
76,0.760044,5678.007020142,5678.007020142,372,520800,0.000000
77,0.770043,5678.017019078,5678.017019078,377,527800,0.000000
78,0.780052,5678.027028027,5678.027028027,382,534800,0.000000
79,0.790047,5678.037022915,5678.037022915,387,541800,0.000000
80,0.800035,5678.047011194,5678.047011194,392,548800,0.000000
81,0.810033,5678.057008799,5678.057008799,397,555800,0.000000
82,0.820051,5678.067027353,5678.067027353,401,561400,0.000000
83,0.830044,5678.077019542,5678.077019542,406,568400,0.000000
84,0.840042,5678.087018347,5678.087018347,411,575400,0.000000
85,0.850058,5678.097034093,5678.097034093,416,582400,0.000000
86,0.860045,5678.107021409,5678.107021409,421,589400,0.000000
87,0.870041,5678.117017278,5678.117017278,426,596400,0.000000
88,0.880042,5678.127017701,5678.127017701,431,603400,0.000000
89,0.890042,5678.137017914,5678.137017914,436,610400,0.000000
90,0.900048,5678.147023619,5678.147023619,441,617400,0.000000
91,0.910043,5678.157018608,5678.157018608,446,624400,0.000000
92,0.920074,5678.167050374,5678.167050374,450,630000,0.002040
93,0.930040,5678.177015879,5678.177015879,455,637000,0.000000
94,0.940074,5678.187050160,5678.187050160,460,644000,0.000000
95,0.950072,5678.197048458,5678.197048458,465,651000,0.000000
96,0.960042,5678.207018020,5678.207018020,470,658000,0.000000
97,0.970042,5678.217017550,5678.217017550,475,665000,0.000000
98,0.980060,5678.227036146,5678.227036146,480,672000,0.000000
99,0.990037,5678.237013127,5678.237013127,485,679000,0.000000
100,1.000049,5678.247024713,5678.247024713,490,686000,0.000000
101,1.010062,5678.257037782,5678.257037782,495,693000,0.000000
102,1.020060,5678.267035670,5678.267035670,500,700000,0.000000
103,1.030050,5678.277025856,5678.277025856,504,705600,0.000000
104,1.040047,5678.287023377,5678.287023377,509,712600,0.000000
105,1.050073,5678.297048584,5678.297048584,514,719600,0.000000
106,1.060070,5678.307045864,5678.307045864,519,726600,0.000000
107,1.070051,5678.317026654,5678.317026654,524,733600,0.000000
108,1.080045,5678.327020979,5678.327020979,529,740600,0.000000
109,1.090048,5678.337023585,5678.337023585,534,747600,0.000000
110,1.100034,5678.347010100,5678.347010100,539,754600,0.000000
111,1.110032,5678.357008474,5678.357008474,544,761600,0.000000
112,1.120052,5678.367028373,5678.367028373,549,768600,0.000000
113,1.130050,5678.377025774,5678.377025774,553,774200,0.000000
114,1.140065,5678.387040585,5678.387040585,558,781200,0.000000
115,1.150054,5678.397030021,5678.397030021,563,788200,0.000000
116,1.160054,5678.407030455,5678.407030455,568,795200,0.000000
117,1.170044,5678.417020396,5678.417020396,573,802200,0.000000
118,1.180044,5678.427019821,5678.427019821,578,809200,0.000000
119,1.190040,5678.437016477,5678.437016477,583,816200,0.000000
120,1.200051,5678.447026879,5678.447026879,588,823200,0.000000
121,1.210048,5678.457023923,5678.457023923,593,830200,0.000000
122,1.220052,5678.467028483,5678.467028483,598,837200,0.000000
123,1.230058,5678.477034365,5678.477034365,602,842800,0.000000
124,1.240043,5678.487018792,5678.487018792,607,849800,0.000000
125,1.250035,5678.497010942,5678.497010942,612,856800,0.000000
126,1.260039,5678.507015225,5678.507015225,617,863800,0.000000
127,1.270038,5678.517013602,5678.517013602,622,870800,0.000000
128,1.280038,5678.527014132,5678.527014132,627,877800,0.000000
129,1.290055,5678.537030778,5678.537030778,632,884800,0.000000
130,1.300053,5678.547028962,5678.547028962,637,891800,0.000000
131,1.310035,5678.557011526,5678.557011526,642,898800,0.000000
132,1.320000,5678.566976287,5678.566976287,647,905800,0.000000
133,1.330040,5678.577016257,5678.577016257,651,911400,0.000000
134,1.340056,5678.587032148,5678.587032148,656,918400,0.000000
135,1.350067,5678.597043146,5678.597043146,661,925400,0.000000
136,1.360037,5678.607012719,5678.607012719,666,932400,0.000000
137,1.370066,5678.617042350,5678.617042350,671,939400,0.000000
138,1.380057,5678.627032848,5678.627032848,676,946400,0.000000
139,1.390045,5678.637021120,5678.637021120,681,953400,0.000000
140,1.400049,5678.647025365,5678.647025365,686,960400,0.000000
141,1.410035,5678.657010567,5678.657010567,691,967400,0.000000
142,1.420010,5678.666986426,5678.666986426,696,974400,0.000000
143,1.430072,5678.677048376,5678.677048376,700,980000,0.000000
144,1.440069,5678.687045481,5678.687045481,705,987000,0.000000
145,1.450039,5678.697014614,5678.697014614,710,994000,0.000000
146,1.460070,5678.707046137,5678.707046137,715,1001000,0.000000
147,1.470070,5678.717045861,5678.717045861,720,1008000,0.000000
148,1.480043,5678.727018757,5678.727018757,725,1015000,0.000000
149,1.490041,5678.737017469,5678.737017469,730,1022000,0.000000
150,1.500036,5678.747012485,5678.747012485,735,1029000,0.000000
151,1.510043,5678.757019072,5678.757019072,740,1036000,0.000000
152,1.520041,5678.767017295,5678.767017295,745,1043000,0.000000
153,1.530078,5678.777053754,5678.777053754,750,1050000,0.000000
154,1.540044,5678.787019813,5678.787019813,754,1055600,0.000000
155,1.550039,5678.797014701,5678.797014701,759,1062600,0.000000
156,1.560068,5678.807043682,5678.807043682,764,1069600,0.000000
157,1.570017,5678.816993271,5678.816993271,769,1076600,0.000000
158,1.580043,5678.827018570,5678.827018570,774,1083600,0.000000
159,1.590039,5678.837015108,5678.837015108,779,1090600,0.000000
160,1.600041,5678.847016773,5678.847016773,784,1097600,0.000000
161,1.610043,5678.857019404,5678.857019404,789,1104600,0.000000
162,1.620032,5678.867008392,5678.867008392,794,1111600,0.000000
163,1.630053,5678.877028939,5678.877028939,799,1118600,0.000000
164,1.640036,5678.887012315,5678.887012315,803,1124200,0.000000
165,1.650047,5678.897023377,5678.897023377,808,1131200,0.000000
166,1.660054,5678.907030270,5678.907030270,813,1138200,0.000000
167,1.670042,5678.917018396,5678.917018396,818,1145200,0.000000
168,1.680046,5678.927021633,5678.927021633,823,1152200,0.000000
169,1.690044,5678.937020010,5678.937020010,828,1159200,0.000000
170,1.700037,5678.947012902,5678.947012902,833,1166200,0.000000
171,1.710044,5678.957020060,5678.957020060,838,1173200,0.000000
172,1.720037,5678.967013382,5678.967013382,843,1180200,0.000000
173,1.730047,5678.977022536,5678.977022536,848,1187200,0.000000
174,1.740044,5678.987019954,5678.987019954,852,1192800,0.000000
175,1.750045,5678.997021046,5678.997021046,857,1199800,0.000000
176,1.760038,5679.007014455,5679.007014455,862,1206800,0.000000
177,1.770044,5679.017020293,5679.017020293,867,1213800,0.000000
178,1.780041,5679.027016995,5679.027016995,872,1220800,0.000000
179,1.790045,5679.037021269,5679.037021269,877,1227800,0.000000
180,1.800041,5679.047016663,5679.047016663,882,1234800,0.000000
181,1.810043,5679.057018722,5679.057018722,887,1241800,0.000000
182,1.820035,5679.067011050,5679.067011050,892,1248800,0.000000
183,1.830017,5679.076992581,5679.076992581,897,1255800,0.000000
184,1.840069,5679.087045454,5679.087045454,901,1261400,0.000000
185,1.850045,5679.097020676,5679.097020676,906,1268400,0.000000
186,1.860069,5679.107045204,5679.107045204,911,1275400,0.000000
187,1.870036,5679.117011889,5679.117011889,916,1282400,0.000000
188,1.880077,5679.127052630,5679.127052630,921,1289400,0.000000
189,1.890044,5679.137019873,5679.137019873,926,1296400,0.000000
190,1.900042,5679.147018254,5679.147018254,931,1303400,0.000000
191,1.910037,5679.157012695,5679.157012695,936,1310400,0.000000
192,1.920043,5679.167018566,5679.167018566,941,1317400,0.000000
193,1.930034,5679.177009599,5679.177009599,946,1324400,0.000000
194,1.940065,5679.187041514,5679.187041514,950,1330000,0.000000
195,1.950048,5679.197023563,5679.197023563,955,1337000,0.000000
196,1.960034,5679.207009806,5679.207009806,960,1344000,0.000000
197,1.970054,5679.217029746,5679.217029746,965,1351000,0.000000
198,1.980050,5679.227025669,5679.227025669,970,1358000,0.000000
199,1.990036,5679.237012317,5679.237012317,975,1365000,0.000000
200,2.000064,5679.247040292,5679.247040292,980,1372000,0.000000
201,2.010045,5679.257020568,5679.257020568,985,1379000,0.000000
202,2.020038,5679.267014529,5679.267014529,990,1386000,0.000000
203,2.030035,5679.277011469,5679.277011469,995,1393000,0.000000
204,2.040066,5679.287042355,5679.287042355,999,1398600,0.000000
205,2.050039,5679.297015412,5679.297015412,1004,1405600,0.000000
206,2.060039,5679.307014589,5679.307014589,1009,1412600,0.000000
207,2.070038,5679.317014426,5679.317014426,1014,1419600,0.000000
208,2.080066,5679.327041984,5679.327041984,1019,1426600,0.000000
209,2.090039,5679.337015108,5679.337015108,1024,1433600,0.000000
210,2.100042,5679.347017850,5679.347017850,1029,1440600,0.000000
211,2.110038,5679.357014191,5679.357014191,1034,1447600,0.000000
212,2.120042,5679.367018313,5679.367018313,1039,1454600,0.000000
213,2.130059,5679.377034565,5679.377034565,1044,1461600,0.000000
214,2.140038,5679.387014476,5679.387014476,1048,1467200,0.002040
215,2.150044,5679.397020256,5679.397020256,1053,1474200,0.000000
216,2.160042,5679.407017747,5679.407017747,1058,1481200,0.000000
217,2.170040,5679.417015697,5679.417015697,1063,1488200,0.000000
218,2.180038,5679.427014144,5679.427014144,1068,1495200,0.000000
219,2.190040,5679.437016375,5679.437016375,1073,1502200,0.000000
220,2.200038,5679.447014390,5679.447014390,1078,1509200,0.000000
221,2.210039,5679.457014555,5679.457014555,1083,1516200,0.000000
222,2.220043,5679.467019289,5679.467019289,1088,1523200,0.000000
223,2.230041,5679.477017109,5679.477017109,1093,1530200,0.000000
224,2.240100,5679.487075545,5679.487075545,1098,1537200,0.000000
225,2.250052,5679.497028342,5679.497028342,1102,1542800,0.000000
226,2.260050,5679.507026353,5679.507026353,1107,1549800,0.000000
227,2.270056,5679.517031921,5679.517031921,1112,1556800,0.000000
228,2.280037,5679.527013066,5679.527013066,1117,1563800,0.000000
229,2.290039,5679.537014897,5679.537014897,1122,1570800,0.000000
230,2.300043,5679.547019184,5679.547019184,1127,1577800,0.000000
231,2.310043,5679.557019373,5679.557019373,1132,1584800,0.000000
232,2.320037,5679.567012868,5679.567012868,1137,1591800,0.000000
233,2.330040,5679.577016313,5679.577016313,1142,1598800,0.000000
234,2.340049,5679.587024724,5679.587024724,1147,1605800,0.000000
235,2.350038,5679.597014431,5679.597014431,1151,1611400,0.000000
236,2.360040,5679.607016512,5679.607016512,1156,1618400,0.000000
237,2.370056,5679.617032191,5679.617032191,1161,1625400,0.000000
238,2.380055,5679.627030884,5679.627030884,1166,1632400,0.000000
239,2.390042,5679.637017924,5679.637017924,1171,1639400,0.000000
240,2.400050,5679.647025875,5679.647025875,1176,1646400,0.000000
241,2.410044,5679.657019767,5679.657019767,1181,1653400,0.000000
242,2.420038,5679.667014166,5679.667014166,1186,1660400,0.000000
243,2.430038,5679.677013897,5679.677013897,1191,1667400,0.000000
244,2.440008,5679.686984345,5679.686984345,1196,1674400,0.000000
245,2.450065,5679.697040887,5679.697040887,1200,1680000,0.000000
246,2.460069,5679.707045151,5679.707045151,1205,1687000,0.000000
247,2.470037,5679.717013124,5679.717013124,1210,1694000,0.000000
248,2.480066,5679.727042491,5679.727042491,1215,1701000,0.000000
249,2.490071,5679.737046907,5679.737046907,1220,1708000,0.000000
250,2.500041,5679.747017070,5679.747017070,1225,1715000,0.000000
251,2.510042,5679.757017798,5679.757017798,1230,1722000,0.000000
252,2.520055,5679.767031042,5679.767031042,1235,1729000,0.000000
253,2.530037,5679.777013456,5679.777013456,1240,1736000,0.000000
254,2.540035,5679.787010667,5679.787010667,1245,1743000,0.000000
255,2.550070,5679.797046082,5679.797046082,1249,1748600,0.000000
256,2.560042,5679.807017761,5679.807017761,1254,1755600,0.000000
257,2.570047,5679.817022558,5679.817022558,1259,1762600,0.000000
258,2.580049,5679.827025098,5679.827025098,1264,1769600,0.000000
259,2.590040,5679.837016522,5679.837016522,1269,1776600,0.000000
260,2.600043,5679.847019464,5679.847019464,1274,1783600,0.000000
261,2.610041,5679.857016764,5679.857016764,1279,1790600,0.000000
262,2.620039,5679.867014803,5679.867014803,1284,1797600,0.000000
263,2.630045,5679.877021072,5679.877021072,1289,1804600,0.000000
264,2.640048,5679.887024200,5679.887024200,1294,1811600,0.000000
265,2.650042,5679.897017649,5679.897017649,1298,1817200,0.000000
266,2.660045,5679.907021247,5679.907021247,1303,1824200,0.000000
267,2.670033,5679.917008868,5679.917008868,1308,1831200,0.000000
268,2.680044,5679.927019934,5679.927019934,1313,1838200,0.000000
269,2.690022,5679.936997719,5679.936997719,1318,1845200,0.000000
270,2.700054,5679.947029992,5679.947029992,1323,1852200,0.000000
271,2.710047,5679.957023412,5679.957023412,1328,1859200,0.000000
272,2.720062,5679.967038355,5679.967038355,1333,1866200,0.000000
273,2.730060,5679.977036055,5679.977036055,1338,1873200,0.000000
274,2.740036,5679.987011572,5679.987011572,1343,1880200,0.000000
275,2.750089,5679.997065321,5679.997065321,1348,1887200,0.000000
276,2.760047,5680.007022637,5680.007022637,1352,1892800,0.000000
277,2.770050,5680.017026279,5680.017026279,1357,1899800,0.000000
278,2.780054,5680.027029982,5680.027029982,1362,1906800,0.000000
279,2.790076,5680.037052301,5680.037052301,1367,1913800,0.000000
280,2.800064,5680.047040279,5680.047040279,1372,1920800,0.000000
281,2.810063,5680.057039359,5680.057039359,1377,1927800,0.000000
282,2.820043,5680.067018648,5680.067018648,1382,1934800,0.000000
283,2.830046,5680.077022067,5680.077022067,1387,1941800,0.000000
284,2.840045,5680.087021286,5680.087021286,1392,1948800,0.000000
285,2.850086,5680.097061630,5680.097061630,1397,1955800,0.000000
286,2.860085,5680.107060722,5680.107060722,1401,1961400,0.000000
287,2.870068,5680.117043624,5680.117043624,1406,1968400,0.000000
288,2.880065,5680.127041048,5680.127041048,1411,1975400,0.000000
289,2.890041,5680.137017287,5680.137017287,1416,1982400,0.000000
290,2.900045,5680.147020821,5680.147020821,1421,1989400,0.000000
291,2.910044,5680.157019571,5680.157019571,1426,1996400,0.000000
292,2.920041,5680.167017077,5680.167017077,1431,2003400,0.000000
293,2.930044,5680.177020214,5680.177020214,1436,2010400,0.000000
294,2.940036,5680.187011844,5680.187011844,1441,2017400,0.000000
295,2.950050,5680.197026091,5680.197026091,1446,2024400,0.000000
296,2.960071,5680.207046826,5680.207046826,1450,2030000,0.000000
297,2.970043,5680.217019256,5680.217019256,1455,2037000,0.000000
298,2.980084,5680.227060282,5680.227060282,1460,2044000,0.000000
299,2.990072,5680.237048495,5680.237048495,1465,2051000,0.000000
300,3.000094,5680.247069974,5680.247069974,1470,2058000,0.000000
301,3.010043,5680.257019493,5680.257019493,1475,2065000,0.000000
302,3.020043,5680.267019034,5680.267019034,1480,2072000,0.000000
303,3.030049,5680.277025231,5680.277025231,1485,2079000,0.000000
304,3.040063,5680.287038841,5680.287038841,1490,2086000,0.000000
305,3.050000,5680.296976332,5680.296976332,1495,2093000,0.000000
306,3.060088,5680.307064355,5680.307064355,1499,2098600,0.000000
307,3.070047,5680.317023029,5680.317023029,1504,2105600,0.000000
308,3.080070,5680.327045541,5680.327045541,1509,2112600,0.000000
309,3.090045,5680.337020737,5680.337020737,1514,2119600,0.000000
310,3.100069,5680.347045377,5680.347045377,1519,2126600,0.000000
311,3.110052,5680.357027964,5680.357027964,1524,2133600,0.000000
312,3.120037,5680.367013407,5680.367013407,1529,2140600,0.000000
313,3.130039,5680.377015449,5680.377015449,1534,2147600,0.000000
314,3.140033,5680.387009223,5680.387009223,1539,2154600,0.000000
315,3.150036,5680.397011974,5680.397011974,1544,2161600,0.000000
316,3.160067,5680.407043020,5680.407043020,1548,2167200,0.000000
317,3.170046,5680.417021893,5680.417021893,1553,2174200,0.000000
318,3.180047,5680.427023520,5680.427023520,1558,2181200,0.000000
319,3.190051,5680.437026642,5680.437026642,1563,2188200,0.000000
320,3.200070,5680.447045776,5680.447045776,1568,2195200,0.000000
321,3.210041,5680.457017394,5680.457017394,1573,2202200,0.000000
322,3.220061,5680.467037481,5680.467037481,1578,2209200,0.000000
323,3.230043,5680.477018776,5680.477018776,1583,2216200,0.000000
324,3.240036,5680.487012098,5680.487012098,1588,2223200,0.000000
325,3.250037,5680.497013073,5680.497013073,1593,2230200,0.000000
326,3.260072,5680.507048233,5680.507048233,1598,2237200,0.000000
327,3.270066,5680.517041802,5680.517041802,1602,2242800,0.000000
328,3.280043,5680.527019252,5680.527019252,1607,2249800,0.000000
329,3.290049,5680.537025157,5680.537025157,1612,2256800,0.000000
330,3.300060,5680.547036497,5680.547036497,1617,2263800,0.000000
331,3.310041,5680.557017051,5680.557017051,1622,2270800,0.000000
332,3.320045,5680.567021165,5680.567021165,1627,2277800,0.000000
333,3.330049,5680.577024717,5680.577024717,1632,2284800,0.000000
334,3.340043,5680.587018928,5680.587018928,1637,2291800,0.000000
335,3.350036,5680.597012213,5680.597012213,1642,2298800,0.000000
336,3.360056,5680.607032343,5680.607032343,1647,2305800,0.000000
337,3.370055,5680.617030774,5680.617030774,1651,2311400,0.000000
338,3.380072,5680.627048450,5680.627048450,1656,2318400,0.000000
339,3.390051,5680.637026817,5680.637026817,1661,2325400,0.000000
340,3.400072,5680.647047916,5680.647047916,1666,2332400,0.000000
341,3.410044,5680.657020456,5680.657020456,1671,2339400,0.000000
342,3.420039,5680.667014930,5680.667014930,1676,2346400,0.000000
343,3.430042,5680.677017582,5680.677017582,1681,2353400,0.000000
344,3.440047,5680.687023118,5680.687023118,1686,2360400,0.000000
345,3.450052,5680.697028434,5680.697028434,1691,2367400,0.000000
346,3.460053,5680.707029198,5680.707029198,1696,2374400,0.000000
347,3.470051,5680.717027175,5680.717027175,1700,2380000,0.000000
348,3.480051,5680.727027203,5680.727027203,1705,2387000,0.000000
349,3.490056,5680.737032174,5680.737032174,1710,2394000,0.000000
350,3.500044,5680.747020158,5680.747020158,1715,2401000,0.000000
351,3.510052,5680.757027791,5680.757027791,1720,2408000,0.000000
352,3.520036,5680.767012088,5680.767012088,1725,2415000,0.000000
353,3.530043,5680.777018994,5680.777018994,1730,2422000,0.000000
354,3.540046,5680.787022091,5680.787022091,1735,2429000,0.000000
355,3.550040,5680.797016483,5680.797016483,1740,2436000,0.000000
356,3.560000,5680.806976311,5680.806976311,1745,2443000,0.000000
357,3.570047,5680.817022557,5680.817022557,1749,2448600,0.000000
358,3.580078,5680.827053595,5680.827053595,1754,2455600,0.000000
359,3.590043,5680.837018764,5680.837018764,1759,2462600,0.000000
360,3.600045,5680.847021528,5680.847021528,1764,2469600,0.000000
361,3.610074,5680.857050020,5680.857050020,1769,2476600,0.000000
362,3.620068,5680.867044003,5680.867044003,1774,2483600,0.000000
363,3.630038,5680.877013709,5680.877013709,1779,2490600,0.000000
364,3.640041,5680.887016589,5680.887016589,1784,2497600,0.000000
365,3.650038,5680.897014186,5680.897014186,1789,2504600,0.000000
366,3.660040,5680.907015541,5680.907015541,1794,2511600,0.000000
367,3.670050,5680.917026285,5680.917026285,1798,2517200,0.000000
368,3.680047,5680.927023141,5680.927023141,1803,2524200,0.000000
369,3.690074,5680.937049848,5680.937049848,1808,2531200,0.000000
370,3.700039,5680.947014696,5680.947014696,1813,2538200,0.000000
371,3.710044,5680.957020379,5680.957020379,1818,2545200,0.000000
372,3.720043,5680.967019009,5680.967019009,1823,2552200,0.000000
373,3.730043,5680.977018845,5680.977018845,1828,2559200,0.000000
374,3.740042,5680.987018128,5680.987018128,1833,2566200,0.000000
375,3.750049,5680.997024854,5680.997024854,1838,2573200,0.000000
376,3.760042,5681.007017671,5681.007017671,1843,2580200,0.000000
377,3.770044,5681.017020389,5681.017020389,1847,2585800,0.000000
378,3.780069,5681.027045063,5681.027045063,1852,2592800,0.000000
379,3.790050,5681.037025999,5681.037025999,1857,2599800,0.000000
380,3.800058,5681.047034058,5681.047034058,1862,2606800,0.000000
381,3.810043,5681.057019032,5681.057019032,1867,2613800,0.000000
382,3.820038,5681.067014106,5681.067014106,1872,2620800,0.000000
383,3.830041,5681.077017334,5681.077017334,1877,2627800,0.000000
384,3.840038,5681.087014307,5681.087014307,1882,2634800,0.000000
385,3.850035,5681.097011181,5681.097011181,1887,2641800,0.000000
386,3.860033,5681.107008628,5681.107008628,1892,2648800,0.000000
387,3.870069,5681.117044653,5681.117044653,1897,2655800,0.000000
388,3.880048,5681.127023932,5681.127023932,1901,2661400,0.000000
389,3.890044,5681.137019777,5681.137019777,1906,2668400,0.000000
390,3.900040,5681.147015978,5681.147015978,1911,2675400,0.000000
391,3.910054,5681.157029583,5681.157029583,1916,2682400,0.000000
392,3.920037,5681.167013298,5681.167013298,1921,2689400,0.000000
393,3.930055,5681.177031480,5681.177031480,1926,2696400,0.000000
394,3.940042,5681.187017997,5681.187017997,1931,2703400,0.000000
395,3.950043,5681.197018772,5681.197018772,1936,2710400,0.000000
396,3.960036,5681.207011574,5681.207011574,1941,2717400,0.000000
397,3.970048,5681.217023703,5681.217023703,1946,2724400,0.000000
398,3.980033,5681.227009530,5681.227009530,1950,2730000,0.000000
399,3.990043,5681.237018679,5681.237018679,1955,2737000,0.000000
400,4.000033,5681.247008868,5681.247008868,1960,2744000,0.000000
401,4.010046,5681.257022487,5681.257022487,1965,2751000,0.000000
402,4.020041,5681.267017449,5681.267017449,1970,2758000,0.000000
403,4.030042,5681.277018515,5681.277018515,1975,2765000,0.000000
404,4.040042,5681.287017902,5681.287017902,1980,2772000,0.000000
405,4.050045,5681.297021160,5681.297021160,1985,2779000,0.000000
406,4.060036,5681.307012023,5681.307012023,1990,2786000,0.000000
407,4.070016,5681.316991989,5681.316991989,1995,2793000,0.000000
408,4.080040,5681.327016452,5681.327016452,1999,2798600,0.000000
409,4.090040,5681.337016452,5681.337016452,2004,2805600,0.000000
410,4.100067,5681.347042915,5681.347042915,2009,2812600,0.000000
411,4.110084,5681.357059602,5681.357059602,2014,2819600,0.000000
412,4.120041,5681.367017218,5681.367017218,2019,2826600,0.000000
413,4.130042,5681.377017907,5681.377017907,2024,2833600,0.000000
414,4.140052,5681.387027855,5681.387027855,2029,2840600,0.000000
415,4.150041,5681.397017229,5681.397017229,2034,2847600,0.000000
416,4.160039,5681.407015321,5681.407015321,2039,2854600,0.000000
417,4.170036,5681.417011723,5681.417011723,2044,2861600,0.000000
418,4.180035,5681.427010799,5681.427010799,2048,2867200,0.000000
419,4.190039,5681.437015198,5681.437015198,2053,2874200,0.000000
420,4.200038,5681.447014430,5681.447014430,2058,2881200,0.000000
421,4.210044,5681.457019647,5681.457019647,2063,2888200,0.000000
422,4.220059,5681.467035389,5681.467035389,2068,2895200,0.000000
423,4.230051,5681.477026758,5681.477026758,2073,2902200,0.000000
424,4.240042,5681.487017810,5681.487017810,2078,2909200,0.000000
425,4.250042,5681.497017726,5681.497017726,2083,2916200,0.000000
426,4.260044,5681.507019852,5681.507019852,2088,2923200,0.000000
427,4.270077,5681.517052614,5681.517052614,2093,2930200,0.000000
428,4.280049,5681.527025465,5681.527025465,2097,2935800,0.000000
429,4.290068,5681.537043616,5681.537043616,2102,2942800,0.000000
430,4.300033,5681.547008676,5681.547008676,2107,2949800,0.000000
431,4.310065,5681.557041508,5681.557041508,2112,2956800,0.000000
432,4.320051,5681.567027292,5681.567027292,2117,2963800,0.000000
433,4.330047,5681.577023384,5681.577023384,2122,2970800,0.000000
434,4.340044,5681.587019653,5681.587019653,2127,2977800,0.000000
435,4.350046,5681.597022268,5681.597022268,2132,2984800,0.000000
436,4.360044,5681.607020291,5681.607020291,2137,2991800,0.000000
437,4.370045,5681.617021222,5681.617021222,2142,2998800,0.000000
438,4.380085,5681.627061227,5681.627061227,2147,3005800,0.000000
439,4.390044,5681.637019567,5681.637019567,2151,3011400,0.000000
440,4.400063,5681.647039388,5681.647039388,2156,3018400,0.000000
441,4.410055,5681.657031201,5681.657031201,2161,3025400,0.000000
442,4.420053,5681.667028659,5681.667028659,2166,3032400,0.000000
443,4.430071,5681.677046696,5681.677046696,2171,3039400,0.000000
444,4.440045,5681.687021109,5681.687021109,2176,3046400,0.000000
445,4.450044,5681.697019829,5681.697019829,2181,3053400,0.000000
446,4.460066,5681.707042361,5681.707042361,2186,3060400,0.000000
447,4.470039,5681.717014638,5681.717014638,2191,3067400,0.000000
448,4.480105,5681.727080978,5681.727080978,2196,3074400,0.000000
449,4.490066,5681.737042252,5681.737042252,2200,3080000,0.000000
450,4.500046,5681.747022466,5681.747022466,2205,3087000,0.000000
451,4.510069,5681.757045510,5681.757045510,2210,3094000,0.000000
452,4.520058,5681.767033633,5681.767033633,2215,3101000,0.000000
453,4.530044,5681.777019810,5681.777019810,2220,3108000,0.000000
454,4.540045,5681.787020886,5681.787020886,2225,3115000,0.000000
455,4.550046,5681.797021787,5681.797021787,2230,3122000,0.000000
456,4.560044,5681.807020012,5681.807020012,2235,3129000,0.000000
457,4.570041,5681.817016587,5681.817016587,2240,3136000,0.000000
458,4.580055,5681.827030694,5681.827030694,2245,3143000,0.000000
459,4.590072,5681.837047802,5681.837047802,2249,3148600,0.000000
460,4.600069,5681.847045079,5681.847045079,2254,3155600,0.000000
461,4.610040,5681.857016521,5681.857016521,2259,3162600,0.000000
462,4.620054,5681.867029830,5681.867029830,2264,3169600,0.000000
463,4.630061,5681.877036967,5681.877036967,2269,3176600,0.000000
464,4.640045,5681.887021047,5681.887021047,2274,3183600,0.000000
465,4.650043,5681.897018775,5681.897018775,2279,3190600,0.000000
466,4.660052,5681.907028021,5681.907028021,2284,3197600,0.000000
467,4.670039,5681.917014686,5681.917014686,2289,3204600,0.000000
468,4.680059,5681.927035214,5681.927035214,2294,3211600,0.000000
469,4.690075,5681.937051517,5681.937051517,2298,3217200,0.000000
470,4.700049,5681.947025224,5681.947025224,2303,3224200,0.000000
471,4.710068,5681.957043945,5681.957043945,2308,3231200,0.000000
472,4.720068,5681.967043997,5681.967043997,2313,3238200,0.000000
473,4.730065,5681.977041413,5681.977041413,2318,3245200,0.000000
474,4.740043,5681.987018982,5681.987018982,2323,3252200,0.000000
475,4.750044,5681.997019902,5681.997019902,2328,3259200,0.000000
476,4.760046,5682.007022330,5682.007022330,2333,3266200,0.000000
477,4.770048,5682.017024007,5682.017024007,2338,3273200,0.000000
478,4.780045,5682.027021052,5682.027021052,2343,3280200,0.000000
479,4.790046,5682.037021835,5682.037021835,2347,3285800,0.000000
480,4.800043,5682.047018855,5682.047018855,2352,3292800,0.000000
481,4.810045,5682.057020897,5682.057020897,2357,3299800,0.000000
482,4.820039,5682.067014753,5682.067014753,2362,3306800,0.000000
483,4.830073,5682.077048722,5682.077048722,2367,3313800,0.000000
484,4.840051,5682.087027385,5682.087027385,2372,3320800,0.000000
485,4.850045,5682.097020574,5682.097020574,2377,3327800,0.000000
486,4.860043,5682.107018856,5682.107018856,2382,3334800,0.000000
487,4.870040,5682.117016339,5682.117016339,2387,3341800,0.000000
488,4.880041,5682.127016972,5682.127016972,2392,3348800,0.000000
489,4.890084,5682.137060162,5682.137060162,2397,3355800,0.000000
490,4.900069,5682.147045389,5682.147045389,2401,3361400,0.000000
491,4.910039,5682.157014854,5682.157014854,2406,3368400,0.000000
492,4.920046,5682.167022305,5682.167022305,2411,3375400,0.000000
493,4.930042,5682.177018525,5682.177018525,2416,3382400,0.000000
494,4.940039,5682.187014583,5682.187014583,2421,3389400,0.000000
495,4.950045,5682.197020575,5682.197020575,2426,3396400,0.000000
496,4.960037,5682.207013396,5682.207013396,2431,3403400,0.000000
497,4.970047,5682.217022716,5682.217022716,2436,3410400,0.000000
498,4.980039,5682.227015211,5682.227015211,2441,3417400,0.000000
499,4.990087,5682.237063451,5682.237063451,2446,3424400,0.000000
500,5.000095,5682.247071134,5682.247071134,2450,3430000,0.000000
501,5.010073,5682.257049505,5682.257049505,2455,3437000,0.000000
502,5.020048,5682.267023983,5682.267023983,2460,3444000,0.000000
503,5.030043,5682.277018945,5682.277018945,2465,3451000,0.000000
504,5.040042,5682.287017921,5682.287017921,2470,3458000,0.000000
505,5.050052,5682.297027721,5682.297027721,2475,3465000,0.000000
506,5.060042,5682.307018062,5682.307018062,2480,3472000,0.000000
507,5.070045,5682.317020539,5682.317020539,2485,3479000,0.000000
508,5.080037,5682.327012996,5682.327012996,2490,3486000,0.000000
509,5.090077,5682.337053442,5682.337053442,2495,3493000,0.000000
510,5.100039,5682.347014610,5682.347014610,2499,3498600,0.000000
511,5.110071,5682.357046868,5682.357046868,2504,3505600,0.000000
512,5.120078,5682.367053926,5682.367053926,2509,3512600,0.000000
513,5.130038,5682.377014176,5682.377014176,2514,3519600,0.000000
514,5.140046,5682.387021913,5682.387021913,2519,3526600,0.000000
515,5.150042,5682.397017943,5682.397017943,2524,3533600,0.000000
516,5.160041,5682.407017454,5682.407017454,2529,3540600,0.000000
517,5.170044,5682.417019766,5682.417019766,2534,3547600,0.000000
518,5.180039,5682.427015052,5682.427015052,2539,3554600,0.000000
519,5.190039,5682.437014556,5682.437014556,2544,3561600,0.000000
520,5.200059,5682.447035037,5682.447035037,2548,3567200,0.000000
521,5.210043,5682.457018571,5682.457018571,2553,3574200,0.000000
522,5.220082,5682.467058339,5682.467058339,2558,3581200,0.000000
523,5.230086,5682.477061611,5682.477061611,2563,3588200,0.000000
524,5.240058,5682.487033571,5682.487033571,2568,3595200,0.000000
525,5.250057,5682.497033119,5682.497033119,2573,3602200,0.000000
526,5.260045,5682.507021155,5682.507021155,2578,3609200,0.000000
527,5.270042,5682.517018253,5682.517018253,2583,3616200,0.000000
528,5.280040,5682.527016267,5682.527016267,2588,3623200,0.000000
529,5.290037,5682.537012851,5682.537012851,2593,3630200,0.000000
530,5.300073,5682.547048860,5682.547048860,2597,3635800,0.000000
531,5.310070,5682.557046123,5682.557046123,2602,3642800,0.000000
532,5.320044,5682.567020090,5682.567020090,2607,3649800,0.000000
533,5.330051,5682.577027399,5682.577027399,2612,3656800,0.000000
534,5.340045,5682.587021517,5682.587021517,2617,3663800,0.000000
535,5.350036,5682.597012070,5682.597012070,2622,3670800,0.000000
536,5.360045,5682.607020608,5682.607020608,2627,3677800,0.000000
537,5.370042,5682.617018019,5682.617018019,2632,3684800,0.000000
538,5.380036,5682.627011890,5682.627011890,2637,3691800,0.000000
539,5.390036,5682.637012518,5682.637012518,2642,3698800,0.000000
540,5.400094,5682.647069657,5682.647069657,2647,3705800,0.000000
541,5.410047,5682.657023174,5682.657023174,2651,3711400,0.000000
542,5.420070,5682.667045851,5682.667045851,2656,3718400,0.000000
543,5.430039,5682.677015150,5682.677015150,2661,3725400,0.000000
544,5.440054,5682.687029840,5682.687029840,2666,3732400,0.000000
545,5.450073,5682.697049505,5682.697049505,2671,3739400,0.000000
546,5.460058,5682.707034283,5682.707034283,2676,3746400,0.000000
547,5.470056,5682.717031809,5682.717031809,2681,3753400,0.000000
548,5.480042,5682.727017754,5682.727017754,2686,3760400,0.000000
549,5.490044,5682.737020121,5682.737020121,2691,3767400,0.000000
550,5.500059,5682.747034947,5682.747034947,2696,3774400,0.000000
551,5.510065,5682.757040579,5682.757040579,2700,3780000,0.000000
552,5.520050,5682.767025610,5682.767025610,2705,3787000,0.000000
553,5.530075,5682.777050575,5682.777050575,2710,3794000,0.000000
554,5.540064,5682.787040025,5682.787040025,2715,3801000,0.000000
555,5.550046,5682.797022260,5682.797022260,2720,3808000,0.000000
556,5.560069,5682.807044902,5682.807044902,2725,3815000,0.000000
557,5.570042,5682.817018527,5682.817018527,2730,3822000,0.000000
558,5.580045,5682.827021123,5682.827021123,2735,3829000,0.000000
559,5.590036,5682.837011600,5682.837011600,2740,3836000,0.000000
560,5.600093,5682.847068811,5682.847068811,2745,3843000,0.000000
561,5.610095,5682.857070552,5682.857070552,2749,3848600,0.000000
562,5.620043,5682.867018910,5682.867018910,2754,3855600,0.000000
563,5.630052,5682.877027935,5682.877027935,2759,3862600,0.000000
564,5.640042,5682.887018300,5682.887018300,2764,3869600,0.000000
565,5.650066,5682.897041961,5682.897041961,2769,3876600,0.000000
566,5.660049,5682.907024736,5682.907024736,2774,3883600,0.000000
567,5.670037,5682.917013325,5682.917013325,2779,3890600,0.000000
568,5.680043,5682.927019069,5682.927019069,2784,3897600,0.000000
569,5.690054,5682.937030509,5682.937030509,2789,3904600,0.000000
570,5.700042,5682.947018103,5682.947018103,2794,3911600,0.000000
571,5.710042,5682.957018089,5682.957018089,2798,3917200,0.000000
572,5.720052,5682.967028153,5682.967028153,2803,3924200,0.000000
573,5.730065,5682.977041233,5682.977041233,2808,3931200,0.000000
574,5.740036,5682.987012517,5682.987012517,2813,3938200,0.000000
575,5.750057,5682.997033152,5682.997033152,2818,3945200,0.000000
576,5.760054,5683.007029869,5683.007029869,2823,3952200,0.000000
577,5.770062,5683.017038292,5683.017038292,2828,3959200,0.000000
578,5.780052,5683.027028423,5683.027028423,2833,3966200,0.000000
579,5.790052,5683.037027562,5683.037027562,2838,3973200,0.000000
580,5.800020,5683.046995698,5683.046995698,2843,3980200,0.000000
581,5.810039,5683.057015317,5683.057015317,2847,3985800,0.000000
582,5.820069,5683.067044758,5683.067044758,2852,3992800,0.000000
583,5.830068,5683.077044304,5683.077044304,2857,3999800,0.000000
584,5.840066,5683.087042228,5683.087042228,2862,4006800,0.000000
585,5.850038,5683.097014015,5683.097014015,2867,4013800,0.000000
586,5.860044,5683.107020442,5683.107020442,2872,4020800,0.000000
587,5.870044,5683.117020092,5683.117020092,2877,4027800,0.000000
588,5.880036,5683.127011966,5683.127011966,2882,4034800,0.000000
589,5.890055,5683.137030640,5683.137030640,2887,4041800,0.000000
590,5.900040,5683.147016069,5683.147016069,2892,4048800,0.000000
591,5.910053,5683.157029325,5683.157029325,2896,4054400,0.000000
592,5.920046,5683.167021577,5683.167021577,2901,4061400,0.000000
593,5.930065,5683.177041038,5683.177041038,2906,4068400,0.000000
594,5.940057,5683.187032756,5683.187032756,2911,4075400,0.000000
595,5.950079,5683.197055417,5683.197055417,2916,4082400,0.000000
596,5.960048,5683.207024084,5683.207024084,2921,4089400,0.000000
597,5.970043,5683.217018955,5683.217018955,2926,4096400,0.000000
598,5.980041,5683.227016824,5683.227016824,2931,4103400,0.000000
599,5.990047,5683.237022848,5683.237022848,2936,4110400,0.000000
600,6.000047,5683.247022842,5683.247022842,2941,4117400,0.000000
601,6.010045,5683.257020906,5683.257020906,2945,4123000,0.000000
602,6.020043,5683.267018690,5683.267018690,2950,4130000,0.000000
603,6.030069,5683.277045454,5683.277045454,2955,4137000,0.000000
604,6.040041,5683.287017533,5683.287017533,2960,4144000,0.000000
605,6.050046,5683.297021712,5683.297021712,2965,4151000,0.000000
606,6.060044,5683.307019809,5683.307019809,2970,4158000,0.000000
607,6.070045,5683.317020870,5683.317020870,2975,4165000,0.000000
608,6.080041,5683.327017019,5683.327017019,2980,4172000,0.000000
609,6.090058,5683.337033629,5683.337033629,2985,4179000,0.000000
610,6.100036,5683.347011586,5683.347011586,2990,4186000,0.000000
611,6.110059,5683.357035036,5683.357035036,2995,4193000,0.000000
612,6.120044,5683.367020339,5683.367020339,2999,4198600,0.000000
613,6.130044,5683.377020268,5683.377020268,3004,4205600,0.000000
614,6.140064,5683.387040193,5683.387040193,3009,4212600,0.000000
615,6.150055,5683.397030876,5683.397030876,3014,4219600,0.000000
616,6.160044,5683.407020370,5683.407020370,3019,4226600,0.000000
617,6.170046,5683.417021666,5683.417021666,3024,4233600,0.000000
618,6.180054,5683.427029962,5683.427029962,3029,4240600,0.000000
619,6.190054,5683.437029802,5683.437029802,3034,4247600,0.000000
620,6.200045,5683.447021046,5683.447021046,3039,4254600,0.000000
621,6.210070,5683.457045618,5683.457045618,3044,4261600,0.000000
622,6.220048,5683.467024416,5683.467024416,3048,4267200,0.000000
623,6.230053,5683.477029484,5683.477029484,3053,4274200,0.000000
624,6.240044,5683.487020157,5683.487020157,3058,4281200,0.000000
625,6.250065,5683.497040981,5683.497040981,3063,4288200,0.000000
626,6.260042,5683.507018373,5683.507018373,3068,4295200,0.000000
627,6.270045,5683.517020687,5683.517020687,3073,4302200,0.000000
628,6.280045,5683.527020716,5683.527020716,3078,4309200,0.000000
629,6.290042,5683.537018418,5683.537018418,3083,4316200,0.000000
630,6.300035,5683.547010695,5683.547010695,3088,4323200,0.000000
631,6.310056,5683.557032467,5683.557032467,3093,4330200,0.000000
632,6.320072,5683.567048068,5683.567048068,3097,4335800,0.000000
633,6.330070,5683.577046230,5683.577046230,3102,4342800,0.000000
634,6.340085,5683.587061274,5683.587061274,3107,4349800,0.000000
635,6.350078,5683.597054021,5683.597054021,3112,4356800,0.000000
636,6.360060,5683.607035950,5683.607035950,3117,4363800,0.000000
637,6.370044,5683.617020479,5683.617020479,3122,4370800,0.000000
638,6.380052,5683.627027544,5683.627027544,3127,4377800,0.000000
639,6.390049,5683.637025128,5683.637025128,3132,4384800,0.000000
640,6.400035,5683.647010721,5683.647010721,3137,4391800,0.000000
641,6.410042,5683.657017667,5683.657017667,3142,4398800,0.000000
642,6.420045,5683.667020717,5683.667020717,3146,4404400,0.000000
643,6.430044,5683.677020328,5683.677020328,3151,4411400,0.000000
644,6.440045,5683.687020733,5683.687020733,3156,4418400,0.000000
645,6.450043,5683.697019200,5683.697019200,3161,4425400,0.000000
646,6.460042,5683.707018372,5683.707018372,3166,4432400,0.000000
647,6.470038,5683.717014110,5683.717014110,3171,4439400,0.000000
648,6.480039,5683.727014786,5683.727014786,3176,4446400,0.000000
649,6.490042,5683.737018457,5683.737018457,3181,4453400,0.000000
650,6.500035,5683.747011222,5683.747011222,3186,4460400,0.000000
651,6.510064,5683.757039607,5683.757039607,3191,4467400,0.000000
652,6.520090,5683.767065954,5683.767065954,3196,4474400,0.000000
653,6.530048,5683.777024382,5683.777024382,3200,4480000,0.000000
654,6.540035,5683.787010741,5683.787010741,3205,4487000,0.000000
655,6.550050,5683.797025924,5683.797025924,3210,4494000,0.000000
656,6.560043,5683.807019401,5683.807019401,3215,4501000,0.000000
657,6.570039,5683.817014744,5683.817014744,3220,4508000,0.000000
658,6.580051,5683.827026900,5683.827026900,3225,4515000,0.000000
659,6.590045,5683.837021327,5683.837021327,3230,4522000,0.000000
660,6.600043,5683.847019491,5683.847019491,3235,4529000,0.000000
661,6.610052,5683.857028530,5683.857028530,3240,4536000,0.000000
662,6.620084,5683.867060486,5683.867060486,3245,4543000,0.000000
663,6.630046,5683.877022059,5683.877022059,3249,4548600,0.000000
664,6.640047,5683.887022628,5683.887022628,3254,4555600,0.000000
665,6.650041,5683.897016700,5683.897016700,3259,4562600,0.000000
666,6.660039,5683.907014780,5683.907014780,3264,4569600,0.000000
667,6.670039,5683.917014810,5683.917014810,3269,4576600,0.000000
668,6.680040,5683.927015663,5683.927015663,3274,4583600,0.000000
669,6.690037,5683.937013410,5683.937013410,3279,4590600,0.000000
670,6.700043,5683.947018541,5683.947018541,3284,4597600,0.000000
671,6.710043,5683.957019141,5683.957019141,3289,4604600,0.000000
672,6.720083,5683.967059084,5683.967059084,3294,4611600,0.000000
673,6.730050,5683.977026150,5683.977026150,3298,4617200,0.000000
674,6.740070,5683.987046468,5683.987046468,3303,4624200,0.000000
675,6.750069,5683.997045075,5683.997045075,3308,4631200,0.000000
676,6.760042,5684.007018223,5684.007018223,3313,4638200,0.000000
677,6.770041,5684.017017143,5684.017017143,3318,4645200,0.000000
678,6.780043,5684.027019090,5684.027019090,3323,4652200,0.000000
679,6.790047,5684.037023222,5684.037023222,3328,4659200,0.000000
680,6.800045,5684.047021381,5684.047021381,3333,4666200,0.000000
681,6.810032,5684.057008358,5684.057008358,3338,4673200,0.000000
682,6.820048,5684.067024413,5684.067024413,3343,4680200,0.000000
683,6.830037,5684.077013383,5684.077013383,3347,4685800,0.000000
684,6.840041,5684.087016707,5684.087016707,3352,4692800,0.000000
685,6.850049,5684.097025470,5684.097025470,3357,4699800,0.000000
686,6.860040,5684.107015916,5684.107015916,3362,4706800,0.000000
687,6.870046,5684.117022526,5684.117022526,3367,4713800,0.000000
688,6.880039,5684.127015035,5684.127015035,3372,4720800,0.000000
689,6.890035,5684.137011459,5684.137011459,3377,4727800,0.000000
690,6.900039,5684.147015426,5684.147015426,3382,4734800,0.000000
691,6.910040,5684.157016120,5684.157016120,3387,4741800,0.000000
692,6.920041,5684.167017206,5684.167017206,3392,4748800,0.000000
693,6.930068,5684.177043614,5684.177043614,3396,4754400,0.000000
694,6.940042,5684.187017804,5684.187017804,3401,4761400,0.000000
695,6.950040,5684.197016406,5684.197016406,3406,4768400,0.000000
696,6.960037,5684.207013465,5684.207013465,3411,4775400,0.000000
697,6.970043,5684.217019432,5684.217019432,3416,4782400,0.000000
698,6.980046,5684.227021806,5684.227021806,3421,4789400,0.000000
699,6.990043,5684.237018668,5684.237018668,3426,4796400,0.000000
700,7.000046,5684.247021972,5684.247021972,3431,4803400,0.000000
701,7.010052,5684.257027881,5684.257027881,3436,4810400,0.000000
702,7.020037,5684.267013297,5684.267013297,3441,4817400,0.000000
703,7.030045,5684.277020918,5684.277020918,3445,4823000,0.000000
704,7.040034,5684.287010305,5684.287010305,3450,4830000,0.000000
705,7.050065,5684.297040903,5684.297040903,3455,4837000,0.000000
706,7.060046,5684.307021708,5684.307021708,3460,4844000,0.000000
707,7.070064,5684.317040300,5684.317040300,3465,4851000,0.000000
708,7.080037,5684.327013485,5684.327013485,3470,4858000,0.000000
709,7.090047,5684.337023295,5684.337023295,3475,4865000,0.000000
710,7.100046,5684.347021756,5684.347021756,3480,4872000,0.000000
711,7.110041,5684.357017327,5684.357017327,3485,4879000,0.000000
712,7.120036,5684.367011761,5684.367011761,3490,4886000,0.000000
713,7.130075,5684.377051530,5684.377051530,3495,4893000,0.000000
714,7.140069,5684.387045004,5684.387045004,3499,4898600,0.000000
715,7.150040,5684.397016501,5684.397016501,3504,4905600,0.000000
716,7.160070,5684.407045782,5684.407045782,3509,4912600,0.000000
717,7.170033,5684.417009137,5684.417009137,3514,4919600,0.000000
718,7.180040,5684.427015659,5684.427015659,3519,4926600,0.000000
719,7.190042,5684.437017601,5684.437017601,3524,4933600,0.000000
720,7.200038,5684.447013600,5684.447013600,3529,4940600,0.000000
721,7.210035,5684.457011103,5684.457011103,3534,4947600,0.000000
722,7.220041,5684.467017477,5684.467017477,3539,4954600,0.000000
723,7.230051,5684.477026998,5684.477026998,3544,4961600,0.000000
724,7.240033,5684.487008832,5684.487008832,3548,4967200,0.000000
725,7.250046,5684.497022011,5684.497022011,3553,4974200,0.000000
726,7.260035,5684.507011526,5684.507011526,3558,4981200,0.000000
727,7.270033,5684.517009361,5684.517009361,3563,4988200,0.000000
728,7.280034,5684.527009993,5684.527009993,3568,4995200,0.000000
729,7.290062,5684.537037621,5684.537037621,3573,5002200,0.000000
730,7.300046,5684.547021745,5684.547021745,3578,5009200,0.000000
731,7.310044,5684.557020204,5684.557020204,3583,5016200,0.000000
732,7.320036,5684.567011537,5684.567011537,3588,5023200,0.000000
733,7.330057,5684.577032814,5684.577032814,3593,5030200,0.000000
734,7.340042,5684.587017725,5684.587017725,3597,5035800,0.000000
735,7.350055,5684.597031094,5684.597031094,3602,5042800,0.000000
736,7.360083,5684.607058952,5684.607058952,3607,5049800,0.000000
737,7.370037,5684.617013322,5684.617013322,3612,5056800,0.000000
738,7.380035,5684.627010760,5684.627010760,3617,5063800,0.000000
739,7.390038,5684.637013859,5684.637013859,3622,5070800,0.000000
740,7.400043,5684.647018545,5684.647018545,3627,5077800,0.000000
741,7.410054,5684.657029776,5684.657029776,3632,5084800,0.000000
742,7.420032,5684.667008113,5684.667008113,3637,5091800,0.000000
743,7.430016,5684.676991998,5684.676991998,3642,5098800,0.000000
744,7.440047,5684.687022731,5684.687022731,3646,5104400,0.000000
745,7.450045,5684.697021026,5684.697021026,3651,5111400,0.000000
746,7.460077,5684.707053419,5684.707053419,3656,5118400,0.000000
747,7.470043,5684.717018564,5684.717018564,3661,5125400,0.000000
748,7.480042,5684.727017777,5684.727017777,3666,5132400,0.000000
749,7.490044,5684.737020175,5684.737020175,3671,5139400,0.000000
750,7.500037,5684.747013478,5684.747013478,3676,5146400,0.000000
751,7.510042,5684.757017709,5684.757017709,3681,5153400,0.000000
752,7.520035,5684.767011250,5684.767011250,3686,5160400,0.000000
753,7.530040,5684.777016065,5684.777016065,3691,5167400,0.000000
754,7.540035,5684.787011331,5684.787011331,3695,5173000,0.000000
755,7.550066,5684.797042042,5684.797042042,3700,5180000,0.000000
756,7.560068,5684.807044433,5684.807044433,3705,5187000,0.000000
757,7.570041,5684.817016972,5684.817016972,3710,5194000,0.000000
758,7.580055,5684.827030754,5684.827030754,3715,5201000,0.000000
759,7.590039,5684.837014842,5684.837014842,3720,5208000,0.000000
760,7.600050,5684.847025555,5684.847025555,3725,5215000,0.000000
761,7.610040,5684.857016140,5684.857016140,3730,5222000,0.000000
762,7.620051,5684.867026956,5684.867026956,3735,5229000,0.000000
763,7.630041,5684.877017161,5684.877017161,3740,5236000,0.000000
764,7.640054,5684.887030440,5684.887030440,3744,5241600,0.000000
765,7.650048,5684.897023625,5684.897023625,3749,5248600,0.000000
766,7.660064,5684.907040250,5684.907040250,3754,5255600,0.000000
767,7.670043,5684.917019360,5684.917019360,3759,5262600,0.000000
768,7.680045,5684.927021254,5684.927021254,3764,5269600,0.000000
769,7.690038,5684.937014114,5684.937014114,3769,5276600,0.000000
770,7.700046,5684.947022092,5684.947022092,3774,5283600,0.000000
771,7.710042,5684.957017600,5684.957017600,3779,5290600,0.000000
772,7.720041,5684.967016891,5684.967016891,3784,5297600,0.000000
773,7.730067,5684.977043473,5684.977043473,3789,5304600,0.000000
774,7.740078,5684.987054039,5684.987054039,3794,5311600,0.000000
775,7.750043,5684.997019451,5684.997019451,3798,5317200,0.000000
776,7.760044,5685.007019676,5685.007019676,3803,5324200,0.000000
777,7.770043,5685.017019397,5685.017019397,3808,5331200,0.000000
778,7.780065,5685.027040875,5685.027040875,3813,5338200,0.000000
779,7.790037,5685.037012948,5685.037012948,3818,5345200,0.000000
780,7.800042,5685.047018072,5685.047018072,3823,5352200,0.000000
781,7.810049,5685.057024624,5685.057024624,3828,5359200,0.000000
782,7.820037,5685.067012947,5685.067012947,3833,5366200,0.000000
783,7.830062,5685.077038014,5685.077038014,3838,5373200,0.000000
784,7.840071,5685.087047333,5685.087047333,3843,5380200,0.000000
785,7.850055,5685.097031450,5685.097031450,3847,5385800,0.000000
786,7.860044,5685.107020233,5685.107020233,3852,5392800,0.000000
787,7.870041,5685.117017284,5685.117017284,3857,5399800,0.000000
788,7.880051,5685.127027044,5685.127027044,3862,5406800,0.000000
789,7.890043,5685.137019319,5685.137019319,3867,5413800,0.000000
790,7.900048,5685.147024512,5685.147024512,3872,5420800,0.000000
791,7.910042,5685.157017629,5685.157017629,3877,5427800,0.000000
792,7.920044,5685.167019766,5685.167019766,3882,5434800,0.000000
793,7.930035,5685.177011408,5685.177011408,3887,5441800,0.000000
794,7.940051,5685.187027276,5685.187027276,3892,5448800,0.000000
795,7.950038,5685.197013970,5685.197013970,3896,5454400,0.000000
796,7.960073,5685.207048848,5685.207048848,3901,5461400,0.000000
797,7.970043,5685.217018747,5685.217018747,3906,5468400,0.000000
798,7.980037,5685.227013353,5685.227013353,3911,5475400,0.000000
799,7.990037,5685.237012861,5685.237012861,3916,5482400,0.000000
800,8.000066,5685.247042526,5685.247042526,3921,5489400,0.000000
801,8.010045,5685.257021258,5685.257021258,3926,5496400,0.000000
802,8.020037,5685.267012645,5685.267012645,3931,5503400,0.000000
803,8.030049,5685.277024586,5685.277024586,3936,5510400,0.000000
804,8.040011,5685.286986915,5685.286986915,3941,5517400,0.000000
805,8.050040,5685.297015706,5685.297015706,3945,5523000,0.000000
806,8.060066,5685.307041798,5685.307041798,3950,5530000,0.000000
807,8.070042,5685.317017538,5685.317017538,3955,5537000,0.000000
808,8.080065,5685.327041502,5685.327041502,3960,5544000,0.000000
809,8.090037,5685.337013207,5685.337013207,3965,5551000,0.000000
810,8.100038,5685.347013895,5685.347013895,3970,5558000,0.000000
811,8.110042,5685.357017705,5685.357017705,3975,5565000,0.000000
812,8.120040,5685.367016152,5685.367016152,3980,5572000,0.000000
813,8.130036,5685.377011534,5685.377011534,3985,5579000,0.000000
814,8.140041,5685.387016775,5685.387016775,3990,5586000,0.000000
815,8.150066,5685.397041755,5685.397041755,3994,5591600,0.000000
816,8.160070,5685.407045592,5685.407045592,3999,5598600,0.000000
817,8.170070,5685.417046386,5685.417046386,4004,5605600,0.000000
818,8.180070,5685.427045808,5685.427045808,4009,5612600,0.000000
819,8.190046,5685.437021874,5685.437021874,4014,5619600,0.000000
820,8.200044,5685.447020095,5685.447020095,4019,5626600,0.000000
821,8.210042,5685.457017955,5685.457017955,4024,5633600,0.000000
822,8.220043,5685.467019509,5685.467019509,4029,5640600,0.000000
823,8.230055,5685.477031017,5685.477031017,4034,5647600,0.000000
824,8.240042,5685.487017841,5685.487017841,4039,5654600,0.000000
825,8.250076,5685.497052392,5685.497052392,4044,5661600,0.000000
826,8.260069,5685.507045338,5685.507045338,4048,5667200,0.000000
827,8.270066,5685.517042274,5685.517042274,4053,5674200,0.000000
828,8.280039,5685.527014750,5685.527014750,4058,5681200,0.000000
829,8.290069,5685.537045350,5685.537045350,4063,5688200,0.000000
830,8.300049,5685.547024868,5685.547024868,4068,5695200,0.000000
831,8.310045,5685.557020987,5685.557020987,4073,5702200,0.000000
832,8.320042,5685.567017840,5685.567017840,4078,5709200,0.000000
833,8.330045,5685.577020702,5685.577020702,4083,5716200,0.000000
834,8.340042,5685.587017697,5685.587017697,4088,5723200,0.000000
835,8.350063,5685.597038815,5685.597038815,4093,5730200,0.000000
836,8.360070,5685.607045566,5685.607045566,4097,5735800,0.000000
837,8.370068,5685.617044142,5685.617044142,4102,5742800,0.000000
838,8.380044,5685.627019567,5685.627019567,4107,5749800,0.000000
839,8.390068,5685.637044131,5685.637044131,4112,5756800,0.000000
840,8.400052,5685.647028175,5685.647028175,4117,5763800,0.000000
841,8.410043,5685.657019056,5685.657019056,4122,5770800,0.000000
842,8.420046,5685.667022287,5685.667022287,4127,5777800,0.000000
843,8.430042,5685.677018391,5685.677018391,4132,5784800,0.000000
844,8.440038,5685.687013649,5685.687013649,4137,5791800,0.000000
845,8.450075,5685.697051377,5685.697051377,4142,5798800,0.000000
846,8.460069,5685.707045279,5685.707045279,4146,5804400,0.000000
847,8.470048,5685.717024515,5685.717024515,4151,5811400,0.000000
848,8.480047,5685.727022761,5685.727022761,4156,5818400,0.000000
849,8.490045,5685.737020873,5685.737020873,4161,5825400,0.000000
850,8.500043,5685.747018615,5685.747018615,4166,5832400,0.000000
851,8.510072,5685.757047777,5685.757047777,4171,5839400,0.000000
852,8.520040,5685.767016283,5685.767016283,4176,5846400,0.000000
853,8.530072,5685.777048528,5685.777048528,4181,5853400,0.000000
854,8.540035,5685.787011361,5685.787011361,4186,5860400,0.000000
855,8.550034,5685.797009874,5685.797009874,4191,5867400,0.000000
856,8.560067,5685.807042535,5685.807042535,4195,5873000,0.000000
857,8.570042,5685.817017807,5685.817017807,4200,5880000,0.000000
858,8.580066,5685.827041765,5685.827041765,4205,5887000,0.000000
859,8.590069,5685.837044633,5685.837044633,4210,5894000,0.000000
860,8.600071,5685.847046818,5685.847046818,4215,5901000,0.000000
861,8.610045,5685.857021041,5685.857021041,4220,5908000,0.000000
862,8.620043,5685.867019016,5685.867019016,4225,5915000,0.000000
863,8.630042,5685.877017689,5685.877017689,4230,5922000,0.000000
864,8.640049,5685.887025424,5685.887025424,4235,5929000,0.000000
865,8.650046,5685.897021575,5685.897021575,4240,5936000,0.000000
866,8.660044,5685.907020019,5685.907020019,4244,5941600,0.000000
867,8.670045,5685.917021355,5685.917021355,4249,5948600,0.000000
868,8.680069,5685.927044875,5685.927044875,4254,5955600,0.000000
869,8.690043,5685.937019328,5685.937019328,4259,5962600,0.000000
870,8.700049,5685.947025517,5685.947025517,4264,5969600,0.000000
871,8.710053,5685.957029423,5685.957029423,4269,5976600,0.000000
872,8.720049,5685.967024792,5685.967024792,4274,5983600,0.000000
873,8.730053,5685.977028844,5685.977028844,4279,5990600,0.000000
874,8.740037,5685.987012828,5685.987012828,4284,5997600,0.000000
875,8.750060,5685.997036379,5685.997036379,4289,6004600,0.000000
876,8.760070,5686.007045562,5686.007045562,4293,6010200,0.000000
877,8.770067,5686.017042718,5686.017042718,4298,6017200,0.000000
878,8.780073,5686.027048656,5686.027048656,4303,6024200,0.000000
879,8.790070,5686.037045719,5686.037045719,4308,6031200,0.000000
880,8.800046,5686.047022007,5686.047022007,4313,6038200,0.000000
881,8.810044,5686.057019537,5686.057019537,4318,6045200,0.000000
882,8.820040,5686.067015712,5686.067015712,4323,6052200,0.000000
883,8.830045,5686.077020634,5686.077020634,4328,6059200,0.000000
884,8.840045,5686.087020858,5686.087020858,4333,6066200,0.000000
885,8.850042,5686.097018343,5686.097018343,4338,6073200,0.000000
886,8.860062,5686.107037998,5686.107037998,4343,6080200,0.000000
887,8.870043,5686.117019045,5686.117019045,4347,6085800,0.000000
888,8.880070,5686.127045550,5686.127045550,4352,6092800,0.000000
889,8.890048,5686.137023698,5686.137023698,4357,6099800,0.000000
890,8.900048,5686.147024441,5686.147024441,4362,6106800,0.000000
891,8.910049,5686.157024986,5686.157024986,4367,6113800,0.000000
892,8.920036,5686.167012127,5686.167012127,4372,6120800,0.000000
893,8.930047,5686.177022581,5686.177022581,4377,6127800,0.000000
894,8.940050,5686.187025688,5686.187025688,4382,6134800,0.000000
895,8.950043,5686.197019148,5686.197019148,4387,6141800,0.000000
896,8.960084,5686.207060255,5686.207060255,4392,6148800,0.000000
897,8.970074,5686.217050225,5686.217050225,4396,6154400,0.000000
898,8.980072,5686.227047905,5686.227047905,4401,6161400,0.000000
899,8.990076,5686.237052235,5686.237052235,4406,6168400,0.000000
900,9.000044,5686.247019982,5686.247019982,4411,6175400,0.000000
901,9.010039,5686.257015052,5686.257015052,4416,6182400,0.000000
902,9.020041,5686.267016783,5686.267016783,4421,6189400,0.000000
903,9.030045,5686.277020850,5686.277020850,4426,6196400,0.000000
904,9.040037,5686.287012566,5686.287012566,4431,6203400,0.000000
905,9.050037,5686.297013424,5686.297013424,4436,6210400,0.000000
906,9.060048,5686.307023835,5686.307023835,4441,6217400,0.000000
907,9.070037,5686.317013468,5686.317013468,4445,6223000,0.000000
908,9.080064,5686.327039840,5686.327039840,4450,6230000,0.000000
909,9.090044,5686.337019905,5686.337019905,4455,6237000,0.000000
910,9.100064,5686.347039824,5686.347039824,4460,6244000,0.000000
911,9.110063,5686.357039024,5686.357039024,4465,6251000,0.000000
912,9.120042,5686.367018219,5686.367018219,4470,6258000,0.000000
913,9.130033,5686.377008929,5686.377008929,4475,6265000,0.000000
914,9.140044,5686.387020348,5686.387020348,4480,6272000,0.000000
915,9.150044,5686.397019989,5686.397019989,4485,6279000,0.000000
916,9.160000,5686.406976121,5686.406976121,4490,6286000,0.000000
917,9.170046,5686.417022111,5686.417022111,4494,6291600,0.000000
918,9.180070,5686.427046025,5686.427046025,4499,6298600,0.000000
919,9.190068,5686.437043960,5686.437043960,4504,6305600,0.000000
920,9.200068,5686.447044418,5686.447044418,4509,6312600,0.000000
921,9.210069,5686.457044757,5686.457044757,4514,6319600,0.000000
922,9.220040,5686.467016147,5686.467016147,4519,6326600,0.000000
923,9.230045,5686.477021065,5686.477021065,4524,6333600,0.000000
924,9.240044,5686.487019693,5686.487019693,4529,6340600,0.000000
925,9.250036,5686.497011921,5686.497011921,4534,6347600,0.000000
926,9.260036,5686.507011855,5686.507011855,4539,6354600,0.000000
927,9.270043,5686.517018786,5686.517018786,4543,6360200,0.000000
928,9.280039,5686.527014838,5686.527014838,4548,6367200,0.000000
929,9.290040,5686.537016220,5686.537016220,4553,6374200,0.000000
930,9.300064,5686.547040399,5686.547040399,4558,6381200,0.000000
931,9.310050,5686.557026533,5686.557026533,4563,6388200,0.000000
932,9.320044,5686.567020237,5686.567020237,4568,6395200,0.000000
933,9.330043,5686.577018697,5686.577018697,4573,6402200,0.000000
934,9.340046,5686.587021814,5686.587021814,4578,6409200,0.000000
935,9.350042,5686.597018079,5686.597018079,4583,6416200,0.000000
936,9.360043,5686.607018675,5686.607018675,4588,6423200,0.000000
937,9.370094,5686.617069925,5686.617069925,4593,6430200,0.000000
938,9.380085,5686.627060583,5686.627060583,4597,6435800,0.000000
939,9.390056,5686.637032399,5686.637032399,4602,6442800,0.000000
940,9.400043,5686.647018593,5686.647018593,4607,6449800,0.000000
941,9.410041,5686.657017130,5686.657017130,4612,6456800,0.000000
942,9.420045,5686.667020572,5686.667020572,4617,6463800,0.000000
943,9.430046,5686.677021890,5686.677021890,4622,6470800,0.000000
944,9.440043,5686.687018755,5686.687018755,4627,6477800,0.000000
945,9.450041,5686.697017475,5686.697017475,4632,6484800,0.000000
946,9.460033,5686.707008818,5686.707008818,4637,6491800,0.000000
947,9.470057,5686.717032708,5686.717032708,4642,6498800,0.000000
948,9.480069,5686.727045385,5686.727045385,4646,6504400,0.000000
949,9.490067,5686.737043321,5686.737043321,4651,6511400,0.000000
950,9.500041,5686.747017441,5686.747017441,4656,6518400,0.000000
951,9.510070,5686.757046242,5686.757046242,4661,6525400,0.000000
952,9.520039,5686.767015369,5686.767015369,4666,6532400,0.000000
953,9.530042,5686.777018258,5686.777018258,4671,6539400,0.000000
954,9.540043,5686.787018926,5686.787018926,4676,6546400,0.000000
955,9.550035,5686.797010615,5686.797010615,4681,6553400,0.000000
956,9.560032,5686.807008063,5686.807008063,4686,6560400,0.000000
957,9.570049,5686.817025492,5686.817025492,4691,6567400,0.000000
958,9.580034,5686.827010497,5686.827010497,4695,6573000,0.000000
959,9.590043,5686.837019291,5686.837019291,4700,6580000,0.000000
960,9.600050,5686.847026125,5686.847026125,4705,6587000,0.000000
961,9.610057,5686.857033466,5686.857033466,4710,6594000,0.000000
962,9.620043,5686.867019155,5686.867019155,4715,6601000,0.000000
963,9.630035,5686.877011395,5686.877011395,4720,6608000,0.000000
964,9.640045,5686.887021405,5686.887021405,4725,6615000,0.000000
965,9.650047,5686.897023304,5686.897023304,4730,6622000,0.000000
966,9.660041,5686.907016813,5686.907016813,4735,6629000,0.000000
967,9.670040,5686.917016202,5686.917016202,4740,6636000,0.000000
968,9.680047,5686.927023411,5686.927023411,4744,6641600,0.000000
969,9.690048,5686.937024235,5686.937024235,4749,6648600,0.000000
970,9.700070,5686.947046074,5686.947046074,4754,6655600,0.000000
971,9.710070,5686.957046051,5686.957046051,4759,6662600,0.000000
972,9.720053,5686.967028625,5686.967028625,4764,6669600,0.000000
973,9.730042,5686.977017947,5686.977017947,4769,6676600,0.000000
974,9.740066,5686.987042493,5686.987042493,4774,6683600,0.000000
975,9.750043,5686.997018910,5686.997018910,4779,6690600,0.000000
976,9.760044,5687.007019725,5687.007019725,4784,6697600,0.000000
977,9.770060,5687.017036126,5687.017036126,4789,6704600,0.000000
978,9.780069,5687.027044893,5687.027044893,4793,6710200,0.000000
979,9.790042,5687.037018413,5687.037018413,4798,6717200,0.000000
980,9.800042,5687.047018520,5687.047018520,4803,6724200,0.000000
981,9.810068,5687.057044362,5687.057044362,4808,6731200,0.000000
982,9.820048,5687.067024338,5687.067024338,4813,6738200,0.000000
983,9.830039,5687.077015383,5687.077015383,4818,6745200,0.000000
984,9.840041,5687.087017194,5687.087017194,4823,6752200,0.000000
985,9.850054,5687.097029641,5687.097029641,4828,6759200,0.000000
986,9.860038,5687.107014130,5687.107014130,4833,6766200,0.000000
987,9.870069,5687.117044936,5687.117044936,4838,6773200,0.000000
988,9.880041,5687.127016918,5687.127016918,4842,6778800,0.000000
989,9.890051,5687.137026740,5687.137026740,4847,6785800,0.000000
990,9.900044,5687.147020412,5687.147020412,4852,6792800,0.000000
991,9.910042,5687.157017842,5687.157017842,4857,6799800,0.000000
992,9.920041,5687.167016680,5687.167016680,4862,6806800,0.000000
993,9.930043,5687.177019172,5687.177019172,4867,6813800,0.000000
994,9.940045,5687.187021131,5687.187021131,4872,6820800,0.000000
995,9.950038,5687.197013613,5687.197013613,4877,6827800,0.000000
996,9.960036,5687.207012049,5687.207012049,4882,6834800,0.000000
997,9.970037,5687.217013024,5687.217013024,4887,6841800,0.000000
998,9.980037,5687.227013082,5687.227013082,4891,6847400,0.002040
999,9.990040,5687.237016194,5687.237016194,4896,6854400,0.000000
1000,10.000063,5687.247039197,5687.247039197,4901,6861400,0.000000
1001,10.010068,5687.257044136,5687.257044136,4906,6868400,0.000000
1002,10.020045,5687.267020987,5687.267020987,4911,6875400,0.000000
1003,10.030042,5687.277017584,5687.277017584,4916,6882400,0.000000
1004,10.040047,5687.287023462,5687.287023462,4921,6889400,0.000000
1005,10.050037,5687.297012695,5687.297012695,4926,6896400,0.000000
1006,10.060042,5687.307017782,5687.307017782,4931,6903400,0.000000
1007,10.070032,5687.317007761,5687.317007761,4936,6910400,0.000000
1008,10.080045,5687.327021121,5687.327021121,4941,6917400,0.000000
1009,10.090046,5687.337021857,5687.337021857,4945,6923000,0.000000
1010,10.100037,5687.347013295,5687.347013295,4950,6930000,0.000000
1011,10.110063,5687.357039318,5687.357039318,4955,6937000,0.000000
1012,10.120078,5687.367053947,5687.367053947,4960,6944000,0.000000
1013,10.130047,5687.377023031,5687.377023031,4965,6951000,0.000000
1014,10.140044,5687.387020434,5687.387020434,4970,6958000,0.000000
1015,10.150064,5687.397039949,5687.397039949,4975,6965000,0.000000
1016,10.160038,5687.407014305,5687.407014305,4980,6972000,0.000000
1017,10.170061,5687.417036795,5687.417036795,4985,6979000,0.000000
1018,10.180062,5687.427038213,5687.427038213,4990,6986000,0.000000
1019,10.190080,5687.437055951,5687.437055951,4994,6991600,0.000000
1020,10.200082,5687.447057734,5687.447057734,4999,6998600,0.000000
1021,10.210047,5687.457023201,5687.457023201,5004,7005600,0.000000
1022,10.220058,5687.467034097,5687.467034097,5009,7012600,0.000000
1023,10.230076,5687.477052413,5687.477052413,5014,7019600,0.000000
1024,10.240052,5687.487028399,5687.487028399,5019,7026600,0.000000
1025,10.250046,5687.497021778,5687.497021778,5024,7033600,0.000000
1026,10.260048,5687.507024094,5687.507024094,5029,7040600,0.000000
1027,10.270043,5687.517019425,5687.517019425,5034,7047600,0.000000
1028,10.280042,5687.527018482,5687.527018482,5039,7054600,0.000000
1029,10.290068,5687.537044404,5687.537044404,5043,7060200,0.000000
1030,10.300038,5687.547014339,5687.547014339,5048,7067200,0.000000
1031,10.310044,5687.557020420,5687.557020420,5053,7074200,0.000000
1032,10.320037,5687.567012613,5687.567012613,5058,7081200,0.000000
1033,10.330039,5687.577015331,5687.577015331,5063,7088200,0.000000
1034,10.340039,5687.587015090,5687.587015090,5068,7095200,0.000000
1035,10.350038,5687.597014377,5687.597014377,5073,7102200,0.000000
1036,10.360033,5687.607009395,5687.607009395,5078,7109200,0.000000
1037,10.370034,5687.617009809,5687.617009809,5083,7116200,0.000000
1038,10.380034,5687.627010509,5687.627010509,5088,7123200,0.000000
1039,10.390040,5687.637016424,5687.637016424,5092,7128800,0.000000
1040,10.400070,5687.647045854,5687.647045854,5097,7135800,0.000000
1041,10.410048,5687.657024328,5687.657024328,5102,7142800,0.000000
1042,10.420038,5687.667014065,5687.667014065,5107,7149800,0.000000
1043,10.430059,5687.677035397,5687.677035397,5112,7156800,0.000000
1044,10.440056,5687.687032058,5687.687032058,5117,7163800,0.000000
1045,10.450074,5687.697050071,5687.697050071,5122,7170800,0.000000
1046,10.460043,5687.707018674,5687.707018674,5127,7177800,0.000000
1047,10.470037,5687.717012927,5687.717012927,5132,7184800,0.000000
1048,10.480052,5687.727027862,5687.727027862,5137,7191800,0.000000
1049,10.490051,5687.737027242,5687.737027242,5141,7197400,0.000000
1050,10.500042,5687.747018002,5687.747018002,5146,7204400,0.000000
1051,10.510067,5687.757042884,5687.757042884,5151,7211400,0.000000
1052,10.520053,5687.767029083,5687.767029083,5156,7218400,0.000000
1053,10.530070,5687.777045542,5687.777045542,5161,7225400,0.000000
1054,10.540050,5687.787026406,5687.787026406,5166,7232400,0.000000
1055,10.550053,5687.797028828,5687.797028828,5171,7239400,0.000000
1056,10.560056,5687.807031732,5687.807031732,5176,7246400,0.000000
1057,10.570041,5687.817017242,5687.817017242,5181,7253400,0.000000
1058,10.580034,5687.827010461,5687.827010461,5186,7260400,0.000000
1059,10.590057,5687.837033067,5687.837033067,5191,7267400,0.000000
1060,10.600045,5687.847020842,5687.847020842,5195,7273000,0.000000
1061,10.610070,5687.857046009,5687.857046009,5200,7280000,0.000000
1062,10.620045,5687.867021111,5687.867021111,5205,7287000,0.000000
1063,10.630065,5687.877041465,5687.877041465,5210,7294000,0.000000
1064,10.640043,5687.887018687,5687.887018687,5215,7301000,0.000000
1065,10.650044,5687.897019627,5687.897019627,5220,7308000,0.000000
1066,10.660041,5687.907016868,5687.907016868,5225,7315000,0.000000
1067,10.670047,5687.917023019,5687.917023019,5230,7322000,0.000000
1068,10.680039,5687.927014683,5687.927014683,5235,7329000,0.000000
1069,10.690066,5687.937041928,5687.937041928,5240,7336000,0.000000
1070,10.700052,5687.947027778,5687.947027778,5244,7341600,0.000000
1071,10.710078,5687.957053669,5687.957053669,5249,7348600,0.000000
1072,10.720038,5687.967013618,5687.967013618,5254,7355600,0.000000
1073,10.730066,5687.977042118,5687.977042118,5259,7362600,0.000000
1074,10.740064,5687.987040261,5687.987040261,5264,7369600,0.000000
1075,10.750041,5687.997017459,5687.997017459,5269,7376600,0.000000
1076,10.760044,5688.007019681,5688.007019681,5274,7383600,0.000000
1077,10.770036,5688.017011859,5688.017011859,5279,7390600,0.000000
1078,10.780036,5688.027011789,5688.027011789,5284,7397600,0.000000
1079,10.790051,5688.037027503,5688.037027503,5289,7404600,0.000000
1080,10.800074,5688.047049933,5688.047049933,5293,7410200,0.000000
1081,10.810046,5688.057021687,5688.057021687,5298,7417200,0.000000
1082,10.820075,5688.067050887,5688.067050887,5303,7424200,0.000000
1083,10.830042,5688.077017602,5688.077017602,5308,7431200,0.000000
1084,10.840048,5688.087024394,5688.087024394,5313,7438200,0.000000
1085,10.850046,5688.097021717,5688.097021717,5318,7445200,0.000000
1086,10.860045,5688.107020696,5688.107020696,5323,7452200,0.000000
1087,10.870050,5688.117026027,5688.117026027,5328,7459200,0.000000
1088,10.880038,5688.127013646,5688.127013646,5333,7466200,0.000000
1089,10.890035,5688.137010862,5688.137010862,5338,7473200,0.000000
1090,10.900043,5688.147018955,5688.147018955,5342,7478800,0.000000
1091,10.910078,5688.157053936,5688.157053936,5347,7485800,0.000000
1092,10.920085,5688.167061340,5688.167061340,5352,7492800,0.000000
1093,10.930045,5688.177021075,5688.177021075,5357,7499800,0.000000
1094,10.940044,5688.187019851,5688.187019851,5362,7506800,0.000000
1095,10.950040,5688.197015868,5688.197015868,5367,7513800,0.000000
1096,10.960055,5688.207031322,5688.207031322,5372,7520800,0.000000
1097,10.970045,5688.217020997,5688.217020997,5377,7527800,0.000000
1098,10.980041,5688.227017148,5688.227017148,5382,7534800,0.000000
1099,10.990054,5688.237029680,5688.237029680,5387,7541800,0.000000
1100,11.000064,5688.247040008,5688.247040008,5391,7547400,0.000000
1101,11.010043,5688.257018702,5688.257018702,5396,7554400,0.000000
1102,11.020043,5688.267019101,5688.267019101,5401,7561400,0.000000
1103,11.030069,5688.277044842,5688.277044842,5406,7568400,0.000000
1104,11.040043,5688.287018880,5688.287018880,5411,7575400,0.000000
1105,11.050046,5688.297021775,5688.297021775,5416,7582400,0.000000
1106,11.060043,5688.307018752,5688.307018752,5421,7589400,0.000000
1107,11.070043,5688.317018704,5688.317018704,5426,7596400,0.000000
1108,11.080044,5688.327020157,5688.327020157,5431,7603400,0.000000
1109,11.090072,5688.337048379,5688.337048379,5436,7610400,0.000000
1110,11.100085,5688.347060643,5688.347060643,5441,7617400,0.000000
1111,11.110066,5688.357042161,5688.357042161,5445,7623000,0.000000
1112,11.120069,5688.367044630,5688.367044630,5450,7630000,0.000000
1113,11.130068,5688.377044038,5688.377044038,5455,7637000,0.000000
1114,11.140065,5688.387041314,5688.387041314,5460,7644000,0.000000
1115,11.150045,5688.397021347,5688.397021347,5465,7651000,0.000000
1116,11.160042,5688.407018344,5688.407018344,5470,7658000,0.000000
1117,11.170086,5688.417061586,5688.417061586,5475,7665000,0.000000
1118,11.180045,5688.427021436,5688.427021436,5480,7672000,0.000000
1119,11.190036,5688.437012406,5688.437012406,5485,7679000,0.000000
1120,11.200076,5688.447051754,5688.447051754,5490,7686000,0.000000
1121,11.210069,5688.457045502,5688.457045502,5494,7691600,0.000000
1122,11.220070,5688.467045946,5688.467045946,5499,7698600,0.000000
1123,11.230065,5688.477041341,5688.477041341,5504,7705600,0.000000
1124,11.240037,5688.487013381,5688.487013381,5509,7712600,0.000000
1125,11.250079,5688.497054832,5688.497054832,5514,7719600,0.000000
1126,11.260049,5688.507024884,5688.507024884,5519,7726600,0.000000
1127,11.270045,5688.517020719,5688.517020719,5524,7733600,0.000000
1128,11.280047,5688.527023414,5688.527023414,5529,7740600,0.000000
1129,11.290035,5688.537010847,5688.537010847,5534,7747600,0.000000
1130,11.300070,5688.547046469,5688.547046469,5539,7754600,0.000000
1131,11.310043,5688.557018650,5688.557018650,5543,7760200,0.000000
1132,11.320081,5688.567056535,5688.567056535,5548,7767200,0.000000
1133,11.330044,5688.577020491,5688.577020491,5553,7774200,0.000000
1134,11.340049,5688.587024907,5688.587024907,5558,7781200,0.000000
1135,11.350063,5688.597038535,5688.597038535,5563,7788200,0.000000
1136,11.360040,5688.607016403,5688.607016403,5568,7795200,0.000000
1137,11.370046,5688.617021974,5688.617021974,5573,7802200,0.000000
1138,11.380044,5688.627020161,5688.627020161,5578,7809200,0.000000
1139,11.390037,5688.637013269,5688.637013269,5583,7816200,0.000000
1140,11.400002,5688.646977948,5688.646977948,5588,7823200,0.000000
1141,11.410040,5688.657015773,5688.657015773,5592,7828800,0.000000
1142,11.420071,5688.667046548,5688.667046548,5597,7835800,0.000000
1143,11.430070,5688.677045857,5688.677045857,5602,7842800,0.000000
1144,11.440072,5688.687047631,5688.687047631,5607,7849800,0.000000
1145,11.450070,5688.697045590,5688.697045590,5612,7856800,0.000000
1146,11.460044,5688.707019813,5688.707019813,5617,7863800,0.000000
1147,11.470045,5688.717021251,5688.717021251,5622,7870800,0.000000
1148,11.480040,5688.727016311,5688.727016311,5627,7877800,0.000000
1149,11.490041,5688.737016888,5688.737016888,5632,7884800,0.000000
1150,11.500053,5688.747029344,5688.747029344,5637,7891800,0.000000
1151,11.510044,5688.757019697,5688.757019697,5641,7897400,0.000000
1152,11.520070,5688.767045661,5688.767045661,5646,7904400,0.000000
1153,11.530044,5688.777019838,5688.777019838,5651,7911400,0.000000
1154,11.540069,5688.787045025,5688.787045025,5656,7918400,0.000000
1155,11.550035,5688.797011313,5688.797011313,5661,7925400,0.000000
1156,11.560047,5688.807022601,5688.807022601,5666,7932400,0.000000
1157,11.570038,5688.817014405,5688.817014405,5671,7939400,0.000000
1158,11.580033,5688.827008622,5688.827008622,5676,7946400,0.000000
1159,11.590035,5688.837011383,5688.837011383,5681,7953400,0.000000
1160,11.600049,5688.847024921,5688.847024921,5686,7960400,0.000000
1161,11.610082,5688.857058284,5688.857058284,5691,7967400,0.000000
1162,11.620044,5688.867020263,5688.867020263,5695,7973000,0.000000
1163,11.630066,5688.877042285,5688.877042285,5700,7980000,0.000000
1164,11.640033,5688.887009464,5688.887009464,5705,7987000,0.000000
1165,11.650068,5688.897044000,5688.897044000,5710,7994000,0.000000
1166,11.660039,5688.907015142,5688.907015142,5715,8001000,0.000000
1167,11.670043,5688.917018971,5688.917018971,5720,8008000,0.000000
1168,11.680045,5688.927020875,5688.927020875,5725,8015000,0.000000
1169,11.690040,5688.937016159,5688.937016159,5730,8022000,0.000000
1170,11.700038,5688.947014130,5688.947014130,5735,8029000,0.000000
1171,11.710056,5688.957032314,5688.957032314,5740,8036000,0.000000
1172,11.720043,5688.967018980,5688.967018980,5744,8041600,0.000000
1173,11.730041,5688.977016868,5688.977016868,5749,8048600,0.000000
1174,11.740065,5688.987041503,5688.987041503,5754,8055600,0.000000
1175,11.750070,5688.997045956,5688.997045956,5759,8062600,0.000000
1176,11.760045,5689.007020922,5689.007020922,5764,8069600,0.000000
1177,11.770058,5689.017033820,5689.017033820,5769,8076600,0.000000
1178,11.780045,5689.027021410,5689.027021410,5774,8083600,0.000000
1179,11.790037,5689.037013166,5689.037013166,5779,8090600,0.000000
1180,11.800036,5689.047012214,5689.047012214,5784,8097600,0.000000
1181,11.810065,5689.057041493,5689.057041493,5789,8104600,0.000000
1182,11.820044,5689.067020301,5689.067020301,5793,8110200,0.000000
1183,11.830042,5689.077018155,5689.077018155,5798,8117200,0.000000
1184,11.840049,5689.087024708,5689.087024708,5803,8124200,0.000000
1185,11.850048,5689.097024223,5689.097024223,5808,8131200,0.000000
1186,11.860045,5689.107021222,5689.107021222,5813,8138200,0.000000
1187,11.870040,5689.117016381,5689.117016381,5818,8145200,0.000000
1188,11.880043,5689.127019115,5689.127019115,5823,8152200,0.000000
1189,11.890038,5689.137014263,5689.137014263,5828,8159200,0.000000
1190,11.900057,5689.147032884,5689.147032884,5833,8166200,0.000000
1191,11.910018,5689.156994091,5689.156994091,5838,8173200,0.000000
1192,11.920043,5689.167019139,5689.167019139,5842,8178800,0.000000
1193,11.930070,5689.177045898,5689.177045898,5847,8185800,0.000000
1194,11.940046,5689.187021574,5689.187021574,5852,8192800,0.000000
1195,11.950041,5689.197017329,5689.197017329,5857,8199800,0.000000
1196,11.960038,5689.207013734,5689.207013734,5862,8206800,0.000000
1197,11.970038,5689.217013593,5689.217013593,5867,8213800,0.000000
1198,11.980042,5689.227017702,5689.227017702,5872,8220800,0.000000
1199,11.990059,5689.237035376,5689.237035376,5877,8227800,0.000000
1200,12.000040,5689.247016404,5689.247016404,5882,8234800,0.000000
1201,12.010036,5689.257012110,5689.257012110,5887,8241800,0.000000
1202,12.020038,5689.267014400,5689.267014400,5891,8247400,0.000000
1203,12.030043,5689.277018907,5689.277018907,5896,8254400,0.000000
1204,12.040041,5689.287016548,5689.287016548,5901,8261400,0.000000
1205,12.050046,5689.297021593,5689.297021593,5906,8268400,0.000000
1206,12.060038,5689.307013816,5689.307013816,5911,8275400,0.000000
1207,12.070046,5689.317022089,5689.317022089,5916,8282400,0.000000
1208,12.080041,5689.327016931,5689.327016931,5921,8289400,0.000000
1209,12.090039,5689.337015386,5689.337015386,5926,8296400,0.000000
1210,12.100035,5689.347011524,5689.347011524,5931,8303400,0.000000
1211,12.110068,5689.357043862,5689.357043862,5936,8310400,0.000000
1212,12.120071,5689.367047440,5689.367047440,5940,8316000,0.000000
1213,12.130052,5689.377028067,5689.377028067,5945,8323000,0.000000
1214,12.140041,5689.387016817,5689.387016817,5950,8330000,0.000000
1215,12.150050,5689.397025970,5689.397025970,5955,8337000,0.000000
1216,12.160044,5689.407020493,5689.407020493,5960,8344000,0.000000
1217,12.170046,5689.417021924,5689.417021924,5965,8351000,0.000000
1218,12.180043,5689.427019240,5689.427019240,5970,8358000,0.000000
1219,12.190043,5689.437018569,5689.437018569,5975,8365000,0.000000
1220,12.200044,5689.447020303,5689.447020303,5980,8372000,0.000000
1221,12.210033,5689.457009436,5689.457009436,5985,8379000,0.000000
1222,12.220074,5689.467049960,5689.467049960,5990,8386000,0.000000
1223,12.230084,5689.477060525,5689.477060525,5994,8391600,0.000000
1224,12.240068,5689.487044149,5689.487044149,5999,8398600,0.000000
1225,12.250075,5689.497051284,5689.497051284,6004,8405600,0.000000
1226,12.260039,5689.507015319,5689.507015319,6009,8412600,0.000000
1227,12.270038,5689.517014313,5689.517014313,6014,8419600,0.000000
1228,12.280043,5689.527018995,5689.527018995,6019,8426600,0.000000
1229,12.290044,5689.537020459,5689.537020459,6024,8433600,0.000000
1230,12.300042,5689.547018293,5689.547018293,6029,8440600,0.000000
1231,12.310037,5689.557012644,5689.557012644,6034,8447600,0.000000
1232,12.320079,5689.567055060,5689.567055060,6039,8454600,0.000000
1233,12.330070,5689.577045543,5689.577045543,6043,8460200,0.000000
1234,12.340067,5689.587042865,5689.587042865,6048,8467200,0.000000
1235,12.350069,5689.597044755,5689.597044755,6053,8474200,0.000000
1236,12.360069,5689.607045318,5689.607045318,6058,8481200,0.000000
1237,12.370040,5689.617015991,5689.617015991,6063,8488200,0.000000
1238,12.380045,5689.627020572,5689.627020572,6068,8495200,0.000000
1239,12.390045,5689.637021142,5689.637021142,6073,8502200,0.000000
1240,12.400038,5689.647013604,5689.647013604,6078,8509200,0.000000
1241,12.410035,5689.657010845,5689.657010845,6083,8516200,0.000000
1242,12.420097,5689.667072992,5689.667072992,6088,8523200,0.000000
1243,12.430044,5689.677019984,5689.677019984,6092,8528800,0.000000
1244,12.440065,5689.687041391,5689.687041391,6097,8535800,0.000000
1245,12.450045,5689.697020718,5689.697020718,6102,8542800,0.000000
1246,12.460069,5689.707045309,5689.707045309,6107,8549800,0.000000
1247,12.470045,5689.717021139,5689.717021139,6112,8556800,0.000000
1248,12.480065,5689.727040936,5689.727040936,6117,8563800,0.000000
1249,12.490037,5689.737012814,5689.737012814,6122,8570800,0.000000
1250,12.500046,5689.747021633,5689.747021633,6127,8577800,0.000000
1251,12.510036,5689.757012467,5689.757012467,6132,8584800,0.000000
1252,12.520011,5689.766986538,5689.766986538,6137,8591800,0.000000
1253,12.530035,5689.777011372,5689.777011372,6141,8597400,0.000000
1254,12.540049,5689.787024563,5689.787024563,6146,8604400,0.000000
1255,12.550038,5689.797013642,5689.797013642,6151,8611400,0.000000
1256,12.560043,5689.807018719,5689.807018719,6156,8618400,0.000000
1257,12.570049,5689.817025413,5689.817025413,6161,8625400,0.000000
1258,12.580046,5689.827021902,5689.827021902,6166,8632400,0.000000
1259,12.590045,5689.837021032,5689.837021032,6171,8639400,0.000000
1260,12.600047,5689.847022605,5689.847022605,6176,8646400,0.000000
1261,12.610042,5689.857018430,5689.857018430,6181,8653400,0.000000
1262,12.620042,5689.867017564,5689.867017564,6186,8660400,0.000000
1263,12.630019,5689.876995239,5689.876995239,6190,8666000,0.000000
1264,12.640044,5689.887020142,5689.887020142,6195,8673000,0.000000
1265,12.650068,5689.897044441,5689.897044441,6200,8680000,0.000000
1266,12.660044,5689.907020394,5689.907020394,6205,8687000,0.000000
1267,12.670070,5689.917045766,5689.917045766,6210,8694000,0.000000
1268,12.680038,5689.927014466,5689.927014466,6215,8701000,0.000000
1269,12.690047,5689.937022717,5689.937022717,6220,8708000,0.000000
1270,12.700037,5689.947012713,5689.947012713,6225,8715000,0.000000
1271,12.710036,5689.957011897,5689.957011897,6230,8722000,0.000000
1272,12.720034,5689.967009571,5689.967009571,6235,8729000,0.000000
1273,12.730043,5689.977018904,5689.977018904,6239,8734600,0.000000
1274,12.740068,5689.987043819,5689.987043819,6244,8741600,0.000000
1275,12.750038,5689.997014157,5689.997014157,6249,8748600,0.000000
1276,12.760036,5690.007011990,5690.007011990,6254,8755600,0.000000
1277,12.770077,5690.017053418,5690.017053418,6259,8762600,0.000000
1278,12.780058,5690.027034350,5690.027034350,6264,8769600,0.000000
1279,12.790073,5690.037048618,5690.037048618,6269,8776600,0.000000
1280,12.800042,5690.047018371,5690.047018371,6274,8783600,0.000000
1281,12.810037,5690.057012832,5690.057012832,6279,8790600,0.000000
1282,12.820035,5690.067011194,5690.067011194,6284,8797600,0.000000
1283,12.830058,5690.077034323,5690.077034323,6289,8804600,0.000000
1284,12.840037,5690.087013378,5690.087013378,6293,8810200,0.000000
1285,12.850043,5690.097019383,5690.097019383,6298,8817200,0.000000
1286,12.860046,5690.107022242,5690.107022242,6303,8824200,0.000000
1287,12.870045,5690.117021212,5690.117021212,6308,8831200,0.000000
1288,12.880040,5690.127015988,5690.127015988,6313,8838200,0.000000
1289,12.890044,5690.137020035,5690.137020035,6318,8845200,0.000000
1290,12.900042,5690.147018020,5690.147018020,6323,8852200,0.000000
1291,12.910038,5690.157014215,5690.157014215,6328,8859200,0.000000
1292,12.920035,5690.167011422,5690.167011422,6333,8866200,0.000000
1293,12.930058,5690.177034340,5690.177034340,6338,8873200,0.000000
1294,12.940087,5690.187063083,5690.187063083,6342,8878800,0.000000
1295,12.950073,5690.197048703,5690.197048703,6347,8885800,0.000000
1296,12.960071,5690.207046740,5690.207046740,6352,8892800,0.000000
1297,12.970072,5690.217047766,5690.217047766,6357,8899800,0.000000
1298,12.980060,5690.227036259,5690.227036259,6362,8906800,0.000000
1299,12.990048,5690.237024492,5690.237024492,6367,8913800,0.000000
1300,13.000040,5690.247015850,5690.247015850,6372,8920800,0.000000
1301,13.010041,5690.257017509,5690.257017509,6377,8927800,0.000000
1302,13.020036,5690.267012035,5690.267012035,6382,8934800,0.000000
1303,13.030014,5690.276990340,5690.276990340,6387,8941800,0.000000
1304,13.040058,5690.287034218,5690.287034218,6391,8947400,0.000000
1305,13.050044,5690.297020109,5690.297020109,6396,8954400,0.000000
1306,13.060047,5690.307022632,5690.307022632,6401,8961400,0.000000
1307,13.070041,5690.317017116,5690.317017116,6406,8968400,0.000000
1308,13.080065,5690.327040841,5690.327040841,6411,8975400,0.000000
1309,13.090039,5690.337014657,5690.337014657,6416,8982400,0.000000
1310,13.100058,5690.347033594,5690.347033594,6421,8989400,0.000000
1311,13.110042,5690.357018095,5690.357018095,6426,8996400,0.000000
1312,13.120037,5690.367012879,5690.367012879,6431,9003400,0.000000
1313,13.130037,5690.377012758,5690.377012758,6436,9010400,0.000000
1314,13.140047,5690.387022937,5690.387022937,6440,9016000,0.000000
1315,13.150044,5690.397020521,5690.397020521,6445,9023000,0.000000
1316,13.160072,5690.407048009,5690.407048009,6450,9030000,0.000000
1317,13.170052,5690.417028260,5690.417028260,6455,9037000,0.000000
1318,13.180067,5690.427042697,5690.427042697,6460,9044000,0.000000
1319,13.190046,5690.437021908,5690.437021908,6465,9051000,0.000000
1320,13.200053,5690.447028915,5690.447028915,6470,9058000,0.000000
1321,13.210042,5690.457017747,5690.457017747,6475,9065000,0.000000
1322,13.220035,5690.467011207,5690.467011207,6480,9072000,0.000000
1323,13.230045,5690.477020688,5690.477020688,6485,9079000,0.000000
1324,13.240072,5690.487048238,5690.487048238,6489,9084600,0.000000
1325,13.250051,5690.497026614,5690.497026614,6494,9091600,0.000000
1326,13.260045,5690.507021466,5690.507021466,6499,9098600,0.000000
1327,13.270065,5690.517040907,5690.517040907,6504,9105600,0.000000
1328,13.280066,5690.527042044,5690.527042044,6509,9112600,0.000000
1329,13.290048,5690.537023876,5690.537023876,6514,9119600,0.000000
1330,13.300047,5690.547022882,5690.547022882,6519,9126600,0.000000
1331,13.310041,5690.557017312,5690.557017312,6524,9133600,0.000000
1332,13.320034,5690.567010372,5690.567010372,6529,9140600,0.000000
1333,13.330037,5690.577012839,5690.577012839,6534,9147600,0.000000
1334,13.340072,5690.587047815,5690.587047815,6539,9154600,0.000000
1335,13.350067,5690.597043416,5690.597043416,6543,9160200,0.000000
1336,13.360065,5690.607041232,5690.607041232,6548,9167200,0.000000
1337,13.370068,5690.617044130,5690.617044130,6553,9174200,0.000000
1338,13.380065,5690.627041464,5690.627041464,6558,9181200,0.000000
1339,13.390042,5690.637018413,5690.637018413,6563,9188200,0.000000
1340,13.400055,5690.647030700,5690.647030700,6568,9195200,0.000000
1341,13.410036,5690.657012177,5690.657012177,6573,9202200,0.000000
1342,13.420041,5690.667017199,5690.667017199,6578,9209200,0.000000
1343,13.430036,5690.677011789,5690.677011789,6583,9216200,0.000000
1344,13.440050,5690.687025588,5690.687025588,6588,9223200,0.000000
1345,13.450058,5690.697033805,5690.697033805,6592,9228800,0.000000
1346,13.460072,5690.707048323,5690.707048323,6597,9235800,0.000000
1347,13.470067,5690.717042593,5690.717042593,6602,9242800,0.000000
1348,13.480042,5690.727018481,5690.727018481,6607,9249800,0.000000
1349,13.490042,5690.737018141,5690.737018141,6612,9256800,0.000000
1350,13.500037,5690.747013303,5690.747013303,6617,9263800,0.000000
1351,13.510041,5690.757017453,5690.757017453,6622,9270800,0.000000
1352,13.520040,5690.767016408,5690.767016408,6627,9277800,0.000000
1353,13.530040,5690.777016209,5690.777016209,6632,9284800,0.000000
1354,13.540040,5690.787016088,5690.787016088,6637,9291800,0.000000
1355,13.550066,5690.797041570,5690.797041570,6641,9297400,0.000000
1356,13.560074,5690.807049597,5690.807049597,6646,9304400,0.000000
1357,13.570047,5690.817023353,5690.817023353,6651,9311400,0.000000
1358,13.580037,5690.827012699,5690.827012699,6656,9318400,0.000000
1359,13.590048,5690.837023993,5690.837023993,6661,9325400,0.000000
1360,13.600044,5690.847020135,5690.847020135,6666,9332400,0.000000
1361,13.610036,5690.857012135,5690.857012135,6671,9339400,0.000000
1362,13.620038,5690.867013737,5690.867013737,6676,9346400,0.000000
1363,13.630043,5690.877018861,5690.877018861,6681,9353400,0.000000
1364,13.640002,5690.886977624,5690.886977624,6686,9360400,0.000000
1365,13.650056,5690.897031870,5690.897031870,6690,9366000,0.000000
1366,13.660043,5690.907018776,5690.907018776,6695,9373000,0.000000
1367,13.670044,5690.917019613,5690.917019613,6700,9380000,0.000000
1368,13.680038,5690.927014318,5690.927014318,6705,9387000,0.000000
1369,13.690065,5690.937040585,5690.937040585,6710,9394000,0.000000
1370,13.700045,5690.947020895,5690.947020895,6715,9401000,0.000000
1371,13.710036,5690.957012231,5690.957012231,6720,9408000,0.000000
1372,13.720042,5690.967017860,5690.967017860,6725,9415000,0.000000
1373,13.730036,5690.977012393,5690.977012393,6730,9422000,0.000000
1374,13.740041,5690.987017199,5690.987017199,6735,9429000,0.000000
1375,13.750039,5690.997014678,5690.997014678,6739,9434600,0.000000
1376,13.760055,5691.007031266,5691.007031266,6744,9441600,0.000000
1377,13.770034,5691.017009724,5691.017009724,6749,9448600,0.000000
1378,13.780036,5691.027012470,5691.027012470,6754,9455600,0.000000
1379,13.790048,5691.037023907,5691.037023907,6759,9462600,0.000000
1380,13.800042,5691.047017680,5691.047017680,6764,9469600,0.000000
1381,13.810047,5691.057022796,5691.057022796,6769,9476600,0.000000
1382,13.820044,5691.067019621,5691.067019621,6774,9483600,0.000000
1383,13.830043,5691.077019523,5691.077019523,6779,9490600,0.000000
1384,13.840045,5691.087020941,5691.087020941,6784,9497600,0.000000
1385,13.850069,5691.097045315,5691.097045315,6789,9504600,0.000000
1386,13.860046,5691.107022085,5691.107022085,6793,9510200,0.000000
1387,13.870042,5691.117017813,5691.117017813,6798,9517200,0.000000
1388,13.880059,5691.127034976,5691.127034976,6803,9524200,0.000000
1389,13.890075,5691.137050668,5691.137050668,6808,9531200,0.000000
1390,13.900046,5691.147021722,5691.147021722,6813,9538200,0.000000
1391,13.910045,5691.157020551,5691.157020551,6818,9545200,0.000000
1392,13.920040,5691.167016126,5691.167016126,6823,9552200,0.000000
1393,13.930042,5691.177018339,5691.177018339,6828,9559200,0.000000
1394,13.940034,5691.187010412,5691.187010412,6833,9566200,0.000000
1395,13.950057,5691.197033048,5691.197033048,6838,9573200,0.000000
1396,13.960044,5691.207019598,5691.207019598,6842,9578800,0.000000
1397,13.970047,5691.217022742,5691.217022742,6847,9585800,0.000000
1398,13.980086,5691.227062149,5691.227062149,6852,9592800,0.000000
1399,13.990063,5691.237039283,5691.237039283,6857,9599800,0.000000
1400,14.000042,5691.247018191,5691.247018191,6862,9606800,0.000000
1401,14.010041,5691.257016954,5691.257016954,6867,9613800,0.000000
1402,14.020045,5691.267021044,5691.267021044,6872,9620800,0.000000
1403,14.030046,5691.277021540,5691.277021540,6877,9627800,0.000000
1404,14.040035,5691.287011478,5691.287011478,6882,9634800,0.000000
1405,14.050089,5691.297065401,5691.297065401,6887,9641800,0.000000
1406,14.060077,5691.307052729,5691.307052729,6891,9647400,0.000000
1407,14.070081,5691.317057403,5691.317057403,6896,9654400,0.000000
1408,14.080084,5691.327060389,5691.327060389,6901,9661400,0.000000
1409,14.090064,5691.337040520,5691.337040520,6906,9668400,0.000000
1410,14.100059,5691.347035515,5691.347035515,6911,9675400,0.000000
1411,14.110063,5691.357038807,5691.357038807,6916,9682400,0.000000
1412,14.120043,5691.367019530,5691.367019530,6921,9689400,0.000000
1413,14.130042,5691.377018224,5691.377018224,6926,9696400,0.000000
1414,14.140039,5691.387015040,5691.387015040,6931,9703400,0.000000
1415,14.150047,5691.397022936,5691.397022936,6936,9710400,0.000000
1416,14.160044,5691.407019845,5691.407019845,6940,9716000,0.000000
1417,14.170042,5691.417018208,5691.417018208,6945,9723000,0.000000
1418,14.180043,5691.427019278,5691.427019278,6950,9730000,0.000000
1419,14.190040,5691.437015754,5691.437015754,6955,9737000,0.000000
1420,14.200046,5691.447021761,5691.447021761,6960,9744000,0.000000
1421,14.210041,5691.457017302,5691.457017302,6965,9751000,0.000000
1422,14.220045,5691.467021203,5691.467021203,6970,9758000,0.000000
1423,14.230040,5691.477016077,5691.477016077,6975,9765000,0.000000
1424,14.240041,5691.487017399,5691.487017399,6980,9772000,0.000000
1425,14.250005,5691.496981086,5691.496981086,6985,9779000,0.000000
1426,14.260095,5691.507071065,5691.507071065,6989,9784600,0.000000
1427,14.270066,5691.517041794,5691.517041794,6994,9791600,0.000000
1428,14.280043,5691.527019211,5691.527019211,6999,9798600,0.000000
1429,14.290043,5691.537019317,5691.537019317,7004,9805600,0.000000
1430,14.300050,5691.547025886,5691.547025886,7009,9812600,0.000000
1431,14.310036,5691.557011978,5691.557011978,7014,9819600,0.000000
1432,14.320044,5691.567020098,5691.567020098,7019,9826600,0.000000
1433,14.330045,5691.577021238,5691.577021238,7024,9833600,0.000000
1434,14.340035,5691.587011448,5691.587011448,7029,9840600,0.000000
1435,14.350033,5691.597008542,5691.597008542,7034,9847600,0.000000
1436,14.360038,5691.607014081,5691.607014081,7038,9853200,0.000000
1437,14.370039,5691.617015057,5691.617015057,7043,9860200,0.000000
1438,14.380042,5691.627017589,5691.627017589,7048,9867200,0.000000
1439,14.390049,5691.637025050,5691.637025050,7053,9874200,0.000000
1440,14.400089,5691.647065084,5691.647065084,7058,9881200,0.000000
1441,14.410044,5691.657020148,5691.657020148,7063,9888200,0.000000
1442,14.420045,5691.667020792,5691.667020792,7068,9895200,0.000000
1443,14.430040,5691.677015946,5691.677015946,7073,9902200,0.000000
1444,14.440057,5691.687032640,5691.687032640,7078,9909200,0.000000
1445,14.450068,5691.697043955,5691.697043955,7083,9916200,0.000000
1446,14.460088,5691.707064239,5691.707064239,7088,9923200,0.000000
1447,14.470048,5691.717024175,5691.717024175,7092,9928800,0.000000
1448,14.480042,5691.727018094,5691.727018094,7097,9935800,0.000000
1449,14.490063,5691.737038835,5691.737038835,7102,9942800,0.000000
1450,14.500084,5691.747059553,5691.747059553,7107,9949800,0.000000
1451,14.510042,5691.757017684,5691.757017684,7112,9956800,0.000000
1452,14.520038,5691.767013725,5691.767013725,7117,9963800,0.000000
1453,14.530040,5691.777015627,5691.777015627,7122,9970800,0.000000
1454,14.540043,5691.787019065,5691.787019065,7127,9977800,0.000000
1455,14.550033,5691.797008541,5691.797008541,7132,9984800,0.000000
1456,14.560074,5691.807049911,5691.807049911,7137,9991800,0.000000
1457,14.570045,5691.817021005,5691.817021005,7141,9997400,0.000000
1458,14.580040,5691.827016106,5691.827016106,7146,10004400,0.000000
1459,14.590049,5691.837024998,5691.837024998,7151,10011400,0.000000
1460,14.600044,5691.847020503,5691.847020503,7156,10018400,0.000000
1461,14.610042,5691.857018477,5691.857018477,7161,10025400,0.000000
1462,14.620037,5691.867012740,5691.867012740,7166,10032400,0.000000
1463,14.630049,5691.877025308,5691.877025308,7171,10039400,0.000000
1464,14.640036,5691.887011728,5691.887011728,7176,10046400,0.000000
1465,14.650043,5691.897019094,5691.897019094,7181,10053400,0.000000
1466,14.660052,5691.907028014,5691.907028014,7186,10060400,0.000000
1467,14.670048,5691.917023619,5691.917023619,7190,10066000,0.000000
1468,14.680044,5691.927019766,5691.927019766,7195,10073000,0.000000
1469,14.690044,5691.937019841,5691.937019841,7200,10080000,0.000000
1470,14.700041,5691.947016605,5691.947016605,7205,10087000,0.000000
1471,14.710056,5691.957031665,5691.957031665,7210,10094000,0.000000
1472,14.720046,5691.967021713,5691.967021713,7215,10101000,0.000000
1473,14.730037,5691.977012956,5691.977012956,7220,10108000,0.000000
1474,14.740042,5691.987018071,5691.987018071,7225,10115000,0.000000
1475,14.750041,5691.997017367,5691.997017367,7230,10122000,0.000000
1476,14.760005,5692.006980617,5692.006980617,7235,10129000,0.000000
1477,14.770042,5692.017017579,5692.017017579,7239,10134600,0.000000
1478,14.780046,5692.027021978,5692.027021978,7244,10141600,0.000000
1479,14.790068,5692.037044217,5692.037044217,7249,10148600,0.000000
1480,14.800052,5692.047027666,5692.047027666,7254,10155600,0.000000
1481,14.810076,5692.057052532,5692.057052532,7259,10162600,0.000000
1482,14.820042,5692.067017561,5692.067017561,7264,10169600,0.000000
1483,14.830041,5692.077017374,5692.077017374,7269,10176600,0.000000
1484,14.840039,5692.087014916,5692.087014916,7274,10183600,0.000000
1485,14.850038,5692.097013899,5692.097013899,7279,10190600,0.000000
1486,14.860035,5692.107010975,5692.107010975,7284,10197600,0.000000
1487,14.870038,5692.117014404,5692.117014404,7288,10203200,0.000000
1488,14.880037,5692.127013124,5692.127013124,7293,10210200,0.000000
1489,14.890044,5692.137020199,5692.137020199,7298,10217200,0.000000
1490,14.900072,5692.147048320,5692.147048320,7303,10224200,0.000000
1491,14.910094,5692.157069580,5692.157069580,7308,10231200,0.000000
1492,14.920041,5692.167017466,5692.167017466,7313,10238200,0.000000
1493,14.930040,5692.177016488,5692.177016488,7318,10245200,0.000000
1494,14.940035,5692.187011020,5692.187011020,7323,10252200,0.000000
1495,14.950039,5692.197014986,5692.197014986,7328,10259200,0.000000
1496,14.960041,5692.207016703,5692.207016703,7333,10266200,0.000000
1497,14.970039,5692.217014620,5692.217014620,7337,10271800,0.000000
1498,14.980067,5692.227043368,5692.227043368,7342,10278800,0.000000
1499,14.990066,5692.237041867,5692.237041867,7347,10285800,0.000000
1500,15.000044,5692.247019890,5692.247019890,7352,10292800,0.000000
1501,15.010042,5692.257018452,5692.257018452,7357,10299800,0.000000
1502,15.020050,5692.267025792,5692.267025792,7362,10306800,0.000000
1503,15.030043,5692.277018864,5692.277018864,7367,10313800,0.000000
1504,15.040042,5692.287017988,5692.287017988,7372,10320800,0.000000
1505,15.050038,5692.297013916,5692.297013916,7377,10327800,0.000000
1506,15.060032,5692.307007789,5692.307007789,7382,10334800,0.000000
1507,15.070054,5692.317029736,5692.317029736,7387,10341800,0.000000
1508,15.080040,5692.327016107,5692.327016107,7391,10347400,0.000000
1509,15.090065,5692.337040841,5692.337040841,7396,10354400,0.000000
1510,15.100044,5692.347019800,5692.347019800,7401,10361400,0.000000
1511,15.110050,5692.357025970,5692.357025970,7406,10368400,0.000000
1512,15.120046,5692.367021624,5692.367021624,7411,10375400,0.000000
1513,15.130037,5692.377013448,5692.377013448,7416,10382400,0.000000
1514,15.140039,5692.387014922,5692.387014922,7421,10389400,0.000000
1515,15.150053,5692.397029119,5692.397029119,7426,10396400,0.000000
1516,15.160043,5692.407019373,5692.407019373,7431,10403400,0.000000
1517,15.170054,5692.417030008,5692.417030008,7436,10410400,0.000000
1518,15.180042,5692.427018071,5692.427018071,7440,10416000,0.000000
1519,15.190074,5692.437050079,5692.437050079,7445,10423000,0.000000
1520,15.200044,5692.447019927,5692.447019927,7450,10430000,0.000000
1521,15.210043,5692.457019393,5692.457019393,7455,10437000,0.000000
1522,15.220044,5692.467020338,5692.467020338,7460,10444000,0.000000
1523,15.230043,5692.477018842,5692.477018842,7465,10451000,0.000000
1524,15.240037,5692.487013357,5692.487013357,7470,10458000,0.000000
1525,15.250046,5692.497021959,5692.497021959,7475,10465000,0.000000
1526,15.260037,5692.507013024,5692.507013024,7480,10472000,0.000000
1527,15.270020,5692.516995605,5692.516995605,7485,10479000,0.000000
1528,15.280045,5692.527020835,5692.527020835,7489,10484600,0.000000
1529,15.290043,5692.537019417,5692.537019417,7494,10491600,0.000000
1530,15.300048,5692.547024075,5692.547024075,7499,10498600,0.000000
1531,15.310045,5692.557021307,5692.557021307,7504,10505600,0.000000
1532,15.320035,5692.567011088,5692.567011088,7509,10512600,0.000000
1533,15.330063,5692.577039318,5692.577039318,7514,10519600,0.000000
1534,15.340054,5692.587029635,5692.587029635,7519,10526600,0.000000
1535,15.350040,5692.597016314,5692.597016314,7524,10533600,0.000000
1536,15.360039,5692.607015331,5692.607015331,7529,10540600,0.000000
1537,15.370036,5692.617012451,5692.617012451,7534,10547600,0.000000
1538,15.380064,5692.627039991,5692.627039991,7538,10553200,0.000000
1539,15.390037,5692.637013514,5692.637013514,7543,10560200,0.000000
1540,15.400052,5692.647027787,5692.647027787,7548,10567200,0.000000
1541,15.410052,5692.657027648,5692.657027648,7553,10574200,0.000000
1542,15.420043,5692.667019138,5692.667019138,7558,10581200,0.000000
1543,15.430037,5692.677012976,5692.677012976,7563,10588200,0.000000
1544,15.440044,5692.687020033,5692.687020033,7568,10595200,0.000000
1545,15.450045,5692.697021457,5692.697021457,7573,10602200,0.000000
1546,15.460096,5692.707071865,5692.707071865,7578,10609200,0.000000
1547,15.470059,5692.717035473,5692.717035473,7583,10616200,0.000000
1548,15.480059,5692.727035064,5692.727035064,7587,10621800,0.000000
1549,15.490043,5692.737019278,5692.737019278,7592,10628800,0.000000
1550,15.500071,5692.747047196,5692.747047196,7597,10635800,0.000000
1551,15.510071,5692.757046647,5692.757046647,7602,10642800,0.000000
1552,15.520069,5692.767045113,5692.767045113,7607,10649800,0.000000
1553,15.530047,5692.777022805,5692.777022805,7612,10656800,0.000000
1554,15.540047,5692.787023498,5692.787023498,7617,10663800,0.000000
1555,15.550045,5692.797021427,5692.797021427,7622,10670800,0.000000
1556,15.560054,5692.807030280,5692.807030280,7627,10677800,0.000000
1557,15.570052,5692.817028511,5692.817028511,7632,10684800,0.000000
1558,15.580106,5692.827082482,5692.827082482,7637,10691800,0.000000
1559,15.590071,5692.837046987,5692.837046987,7641,10697400,0.000000
1560,15.600070,5692.847045960,5692.847045960,7646,10704400,0.000000
1561,15.610071,5692.857047222,5692.857047222,7651,10711400,0.000000
1562,15.620040,5692.867015666,5692.867015666,7656,10718400,0.000000
1563,15.630042,5692.877018379,5692.877018379,7661,10725400,0.000000
1564,15.640043,5692.887019287,5692.887019287,7666,10732400,0.000000
1565,15.650049,5692.897025065,5692.897025065,7671,10739400,0.000000
1566,15.660043,5692.907019233,5692.907019233,7676,10746400,0.000000
1567,15.670038,5692.917014401,5692.917014401,7681,10753400,0.000000
1568,15.680047,5692.927022648,5692.927022648,7686,10760400,0.000000
1569,15.690068,5692.937044443,5692.937044443,7690,10766000,0.000000
1570,15.700053,5692.947028552,5692.947028552,7695,10773000,0.000000
1571,15.710084,5692.957060294,5692.957060294,7700,10780000,0.000000
1572,15.720046,5692.967021876,5692.967021876,7705,10787000,0.000000
1573,15.730047,5692.977022793,5692.977022793,7710,10794000,0.000000
1574,15.740045,5692.987021193,5692.987021193,7715,10801000,0.000000
1575,15.750039,5692.997015279,5692.997015279,7720,10808000,0.000000
1576,15.760041,5693.007017207,5693.007017207,7725,10815000,0.000000
1577,15.770035,5693.017010759,5693.017010759,7730,10822000,0.000000
1578,15.780046,5693.027021735,5693.027021735,7735,10829000,0.000000
1579,15.790070,5693.037046012,5693.037046012,7739,10834600,0.000000
1580,15.800043,5693.047019394,5693.047019394,7744,10841600,0.000000
1581,15.810045,5693.057020709,5693.057020709,7749,10848600,0.000000
1582,15.820081,5693.067056852,5693.067056852,7754,10855600,0.000000
1583,15.830060,5693.077036193,5693.077036193,7759,10862600,0.000000
1584,15.840042,5693.087017723,5693.087017723,7764,10869600,0.000000
1585,15.850045,5693.097020668,5693.097020668,7769,10876600,0.000000
1586,15.860046,5693.107022144,5693.107022144,7774,10883600,0.000000
1587,15.870036,5693.117012509,5693.117012509,7779,10890600,0.000000
1588,15.880035,5693.127011522,5693.127011522,7784,10897600,0.000000
1589,15.890042,5693.137017768,5693.137017768,7788,10903200,0.000000
1590,15.900061,5693.147037144,5693.147037144,7793,10910200,0.000000
1591,15.910047,5693.157022968,5693.157022968,7798,10917200,0.000000
1592,15.920072,5693.167047544,5693.167047544,7803,10924200,0.000000
1593,15.930072,5693.177048477,5693.177048477,7808,10931200,0.000000
1594,15.940048,5693.187023697,5693.187023697,7813,10938200,0.000000
1595,15.950046,5693.197021919,5693.197021919,7818,10945200,0.000000
1596,15.960042,5693.207018401,5693.207018401,7823,10952200,0.000000
1597,15.970044,5693.217020343,5693.217020343,7828,10959200,0.000000
1598,15.980047,5693.227022759,5693.227022759,7833,10966200,0.000000
1599,15.990072,5693.237048108,5693.237048108,7837,10971800,0.000000
1600,16.000044,5693.247019539,5693.247019539,7842,10978800,0.000000
1601,16.010045,5693.257021477,5693.257021477,7847,10985800,0.000000
1602,16.020041,5693.267017177,5693.267017177,7852,10992800,0.000000
1603,16.030053,5693.277028655,5693.277028655,7857,10999800,0.000000
1604,16.040038,5693.287014160,5693.287014160,7862,11006800,0.000000
1605,16.050046,5693.297022462,5693.297022462,7867,11013800,0.000000
1606,16.060037,5693.307013447,5693.307013447,7872,11020800,0.000000
1607,16.070042,5693.317017997,5693.317017997,7877,11027800,0.000000
1608,16.080041,5693.327016666,5693.327016666,7882,11034800,0.000000
1609,16.090041,5693.337017253,5693.337017253,7886,11040400,0.000000
1610,16.100044,5693.347019853,5693.347019853,7891,11047400,0.000000
1611,16.110067,5693.357042783,5693.357042783,7896,11054400,0.000000
1612,16.120043,5693.367018794,5693.367018794,7901,11061400,0.000000
1613,16.130042,5693.377017768,5693.377017768,7906,11068400,0.000000
1614,16.140042,5693.387017805,5693.387017805,7911,11075400,0.000000
1615,16.150054,5693.397029947,5693.397029947,7916,11082400,0.000000
1616,16.160036,5693.407011920,5693.407011920,7921,11089400,0.000000
1617,16.170036,5693.417011764,5693.417011764,7926,11096400,0.000000
1618,16.180032,5693.427007952,5693.427007952,7931,11103400,0.000000
1619,16.190050,5693.437026363,5693.437026363,7936,11110400,0.000000
1620,16.200080,5693.447056290,5693.447056290,7940,11116000,0.000000
1621,16.210045,5693.457020922,5693.457020922,7945,11123000,0.000000
1622,16.220074,5693.467050279,5693.467050279,7950,11130000,0.000000
1623,16.230084,5693.477060326,5693.477060326,7955,11137000,0.000000
1624,16.240052,5693.487027992,5693.487027992,7960,11144000,0.000000
1625,16.250056,5693.497031572,5693.497031572,7965,11151000,0.000000
1626,16.260041,5693.507017270,5693.507017270,7970,11158000,0.000000
1627,16.270042,5693.517017592,5693.517017592,7975,11165000,0.000000
1628,16.280043,5693.527018784,5693.527018784,7980,11172000,0.000000
1629,16.290074,5693.537049585,5693.537049585,7985,11179000,0.000000
1630,16.300078,5693.547054208,5693.547054208,7989,11184600,0.000000
1631,16.310077,5693.557053429,5693.557053429,7994,11191600,0.000000
1632,16.320084,5693.567060469,5693.567060469,7999,11198600,0.000000
1633,16.330067,5693.577042712,5693.577042712,8004,11205600,0.000000
1634,16.340066,5693.587042333,5693.587042333,8009,11212600,0.000000
1635,16.350072,5693.597048515,5693.597048515,8014,11219600,0.000000
1636,16.360043,5693.607018550,5693.607018550,8019,11226600,0.000000
1637,16.370057,5693.617032631,5693.617032631,8024,11233600,0.000000
1638,16.380048,5693.627023625,5693.627023625,8029,11240600,0.000000
1639,16.390018,5693.636994395,5693.636994395,8034,11247600,0.000000
1640,16.400077,5693.647053380,5693.647053380,8038,11253200,0.000000
1641,16.410040,5693.657016523,5693.657016523,8043,11260200,0.000000
1642,16.420070,5693.667045760,5693.667045760,8048,11267200,0.000000
1643,16.430078,5693.677053646,5693.677053646,8053,11274200,0.000000
1644,16.440047,5693.687023189,5693.687023189,8058,11281200,0.000000
1645,16.450067,5693.697042743,5693.697042743,8063,11288200,0.000000
1646,16.460043,5693.707019286,5693.707019286,8068,11295200,0.000000
1647,16.470055,5693.717030766,5693.717030766,8073,11302200,0.000000
1648,16.480060,5693.727035571,5693.727035571,8078,11309200,0.000000
1649,16.490036,5693.737011570,5693.737011570,8083,11316200,0.000000
1650,16.500066,5693.747042470,5693.747042470,8087,11321800,0.000000
1651,16.510086,5693.757062430,5693.757062430,8092,11328800,0.000000
1652,16.520071,5693.767046667,5693.767046667,8097,11335800,0.000000
1653,16.530045,5693.777020871,5693.777020871,8102,11342800,0.000000
1654,16.540069,5693.787044535,5693.787044535,8107,11349800,0.000000
1655,16.550057,5693.797032970,5693.797032970,8112,11356800,0.000000
1656,16.560051,5693.807027247,5693.807027247,8117,11363800,0.000000
1657,16.570067,5693.817042612,5693.817042612,8122,11370800,0.000000
1658,16.580042,5693.827018241,5693.827018241,8127,11377800,0.000000
1659,16.590066,5693.837041675,5693.837041675,8132,11384800,0.000000
1660,16.600095,5693.847070671,5693.847070671,8137,11391800,0.000000
1661,16.610073,5693.857048852,5693.857048852,8141,11397400,0.000000
1662,16.620071,5693.867047450,5693.867047450,8146,11404400,0.000000
1663,16.630067,5693.877042757,5693.877042757,8151,11411400,0.000000
1664,16.640076,5693.887052438,5693.887052438,8156,11418400,0.000000
1665,16.650067,5693.897043179,5693.897043179,8161,11425400,0.000000
1666,16.660047,5693.907022582,5693.907022582,8166,11432400,0.000000
1667,16.670036,5693.917011606,5693.917011606,8171,11439400,0.000000
1668,16.680047,5693.927023090,5693.927023090,8176,11446400,0.000000
1669,16.690049,5693.937024809,5693.937024809,8181,11453400,0.000000
1670,16.700063,5693.947039181,5693.947039181,8186,11460400,0.000000
1671,16.710067,5693.957043009,5693.957043009,8190,11466000,0.000000
1672,16.720043,5693.967019315,5693.967019315,8195,11473000,0.000000
1673,16.730071,5693.977046722,5693.977046722,8200,11480000,0.000000
1674,16.740065,5693.987041490,5693.987041490,8205,11487000,0.000000
1675,16.750038,5693.997013760,5693.997013760,8210,11494000,0.000000
1676,16.760047,5694.007023498,5694.007023498,8215,11501000,0.000000
1677,16.770048,5694.017024480,5694.017024480,8220,11508000,0.000000
1678,16.780044,5694.027020381,5694.027020381,8225,11515000,0.000000
1679,16.790048,5694.037024068,5694.037024068,8230,11522000,0.000000
1680,16.800064,5694.047039545,5694.047039545,8235,11529000,0.000000
1681,16.810045,5694.057020802,5694.057020802,8239,11534600,0.000000
1682,16.820050,5694.067026191,5694.067026191,8244,11541600,0.000000
1683,16.830049,5694.077025206,5694.077025206,8249,11548600,0.000000
1684,16.840045,5694.087020690,5694.087020690,8254,11555600,0.000000
1685,16.850046,5694.097022401,5694.097022401,8259,11562600,0.000000
1686,16.860046,5694.107022084,5694.107022084,8264,11569600,0.000000
1687,16.870047,5694.117022571,5694.117022571,8269,11576600,0.000000
1688,16.880033,5694.127009303,5694.127009303,8274,11583600,0.000000
1689,16.890038,5694.137014214,5694.137014214,8279,11590600,0.000000
1690,16.900047,5694.147022633,5694.147022633,8284,11597600,0.000000
1691,16.910039,5694.157014620,5694.157014620,8288,11603200,0.000000
1692,16.920110,5694.167085985,5694.167085985,8293,11610200,0.000000
1693,16.930042,5694.177018117,5694.177018117,8298,11617200,0.000000
1694,16.940041,5694.187017283,5694.187017283,8303,11624200,0.000000
1695,16.950040,5694.197015937,5694.197015937,8308,11631200,0.000000
1696,16.960037,5694.207013348,5694.207013348,8313,11638200,0.000000
1697,16.970042,5694.217017698,5694.217017698,8318,11645200,0.000000
1698,16.980042,5694.227018194,5694.227018194,8323,11652200,0.000000
1699,16.990066,5694.237041738,5694.237041738,8328,11659200,0.000000
1700,17.000035,5694.247010812,5694.247010812,8333,11666200,0.000000
1701,17.010047,5694.257022909,5694.257022909,8337,11671800,0.000000
1702,17.020055,5694.267031505,5694.267031505,8342,11678800,0.000000
1703,17.030061,5694.277036560,5694.277036560,8347,11685800,0.000000
1704,17.040045,5694.287021216,5694.287021216,8352,11692800,0.000000
1705,17.050042,5694.297018392,5694.297018392,8357,11699800,0.000000
1706,17.060045,5694.307021219,5694.307021219,8362,11706800,0.000000
1707,17.070042,5694.317017731,5694.317017731,8367,11713800,0.000000
1708,17.080041,5694.327017450,5694.327017450,8372,11720800,0.000000
1709,17.090042,5694.337017607,5694.337017607,8377,11727800,0.000000
1710,17.100035,5694.347011241,5694.347011241,8382,11734800,0.000000
1711,17.110042,5694.357017726,5694.357017726,8386,11740400,0.000000
1712,17.120036,5694.367012153,5694.367012153,8391,11747400,0.000000
1713,17.130064,5694.377039596,5694.377039596,8396,11754400,0.000000
1714,17.140069,5694.387045424,5694.387045424,8401,11761400,0.000000
1715,17.150044,5694.397020373,5694.397020373,8406,11768400,0.000000
1716,17.160038,5694.407013969,5694.407013969,8411,11775400,0.000000
1717,17.170040,5694.417016216,5694.417016216,8416,11782400,0.000000
1718,17.180038,5694.427014485,5694.427014485,8421,11789400,0.000000
1719,17.190039,5694.437014916,5694.437014916,8426,11796400,0.000000
1720,17.200043,5694.447018558,5694.447018558,8431,11803400,0.000000
1721,17.210069,5694.457044635,5694.457044635,8436,11810400,0.000000
1722,17.220060,5694.467035704,5694.467035704,8440,11816000,0.000000
1723,17.230066,5694.477042307,5694.477042307,8445,11823000,0.000000
1724,17.240040,5694.487015642,5694.487015642,8450,11830000,0.000000
1725,17.250038,5694.497013738,5694.497013738,8455,11837000,0.000000
1726,17.260043,5694.507019018,5694.507019018,8460,11844000,0.000000
1727,17.270041,5694.517016979,5694.517016979,8465,11851000,0.000000
1728,17.280041,5694.527017284,5694.527017284,8470,11858000,0.000000
1729,17.290038,5694.537013736,5694.537013736,8475,11865000,0.000000
1730,17.300032,5694.547007905,5694.547007905,8480,11872000,0.000000
1731,17.310045,5694.557020942,5694.557020942,8485,11879000,0.000000
1732,17.320037,5694.567012743,5694.567012743,8489,11884600,0.000000
1733,17.330032,5694.577008419,5694.577008419,8494,11891600,0.000000
1734,17.340067,5694.587043133,5694.587043133,8499,11898600,0.000000
1735,17.350065,5694.597040818,5694.597040818,8504,11905600,0.000000
1736,17.360043,5694.607019102,5694.607019102,8509,11912600,0.000000
1737,17.370044,5694.617019882,5694.617019882,8514,11919600,0.000000
1738,17.380040,5694.627015950,5694.627015950,8519,11926600,0.000000
1739,17.390043,5694.637018772,5694.637018772,8524,11933600,0.000000
1740,17.400042,5694.647018113,5694.647018113,8529,11940600,0.000000
1741,17.410056,5694.657031742,5694.657031742,8534,11947600,0.000000
1742,17.420042,5694.667018447,5694.667018447,8538,11953200,0.000000
1743,17.430037,5694.677013306,5694.677013306,8543,11960200,0.000000
1744,17.440065,5694.687040808,5694.687040808,8548,11967200,0.000000
1745,17.450045,5694.697020670,5694.697020670,8553,11974200,0.000000
1746,17.460039,5694.707014789,5694.707014789,8558,11981200,0.000000
1747,17.470039,5694.717014812,5694.717014812,8563,11988200,0.000000
1748,17.480037,5694.727013365,5694.727013365,8568,11995200,0.000000
1749,17.490033,5694.737008737,5694.737008737,8573,12002200,0.000000
1750,17.500037,5694.747012952,5694.747012952,8578,12009200,0.000000
1751,17.510017,5694.756993220,5694.756993220,8583,12016200,0.000000
1752,17.520068,5694.767044400,5694.767044400,8587,12021800,0.000000
1753,17.530045,5694.777021336,5694.777021336,8592,12028800,0.000000
1754,17.540073,5694.787049344,5694.787049344,8597,12035800,0.000000
1755,17.550072,5694.797047857,5694.797047857,8602,12042800,0.000000
1756,17.560041,5694.807017087,5694.807017087,8607,12049800,0.000000
1757,17.570044,5694.817020412,5694.817020412,8612,12056800,0.000000
1758,17.580062,5694.827037721,5694.827037721,8617,12063800,0.000000
1759,17.590042,5694.837018290,5694.837018290,8622,12070800,0.000000
1760,17.600045,5694.847020567,5694.847020567,8627,12077800,0.000000
1761,17.610041,5694.857017172,5694.857017172,8632,12084800,0.000000
1762,17.620048,5694.867024139,5694.867024139,8636,12090400,0.000000
1763,17.630046,5694.877022151,5694.877022151,8641,12097400,0.000000
1764,17.640045,5694.887020544,5694.887020544,8646,12104400,0.000000
1765,17.650048,5694.897023741,5694.897023741,8651,12111400,0.000000
1766,17.660078,5694.907053966,5694.907053966,8656,12118400,0.000000
1767,17.670042,5694.917017630,5694.917017630,8661,12125400,0.000000
1768,17.680039,5694.927015398,5694.927015398,8666,12132400,0.000000
1769,17.690044,5694.937019663,5694.937019663,8671,12139400,0.000000
1770,17.700037,5694.947012737,5694.947012737,8676,12146400,0.000000
1771,17.710042,5694.957017814,5694.957017814,8681,12153400,0.000000
1772,17.720052,5694.967028078,5694.967028078,8685,12159000,0.000000
1773,17.730072,5694.977047590,5694.977047590,8690,12166000,0.000000
1774,17.740076,5694.987052233,5694.987052233,8695,12173000,0.000000
1775,17.750048,5694.997023917,5694.997023917,8700,12180000,0.000000
1776,17.760066,5695.007041835,5695.007041835,8705,12187000,0.000000
1777,17.770039,5695.017014682,5695.017014682,8710,12194000,0.000000
1778,17.780042,5695.027018342,5695.027018342,8715,12201000,0.000000
1779,17.790042,5695.037018299,5695.037018299,8720,12208000,0.000000
1780,17.800038,5695.047013652,5695.047013652,8725,12215000,0.000000
1781,17.810065,5695.057041087,5695.057041087,8730,12222000,0.000000
1782,17.820068,5695.067043845,5695.067043845,8735,12229000,0.000000
1783,17.830042,5695.077017846,5695.077017846,8739,12234600,0.000000
1784,17.840072,5695.087048267,5695.087048267,8744,12241600,0.000000
1785,17.850045,5695.097021432,5695.097021432,8749,12248600,0.000000
1786,17.860069,5695.107044856,5695.107044856,8754,12255600,0.000000
1787,17.870043,5695.117018973,5695.117018973,8759,12262600,0.000000
1788,17.880056,5695.127031604,5695.127031604,8764,12269600,0.000000
1789,17.890042,5695.137018474,5695.137018474,8769,12276600,0.000000
1790,17.900043,5695.147018681,5695.147018681,8774,12283600,0.000000
1791,17.910036,5695.157011710,5695.157011710,8779,12290600,0.000000
1792,17.920078,5695.167054120,5695.167054120,8784,12297600,0.000000
1793,17.930045,5695.177020972,5695.177020972,8788,12303200,0.000000
1794,17.940048,5695.187024253,5695.187024253,8793,12310200,0.000000
1795,17.950047,5695.197022550,5695.197022550,8798,12317200,0.000000
1796,17.960070,5695.207046282,5695.207046282,8803,12324200,0.000000
1797,17.970042,5695.217018329,5695.217018329,8808,12331200,0.000000
1798,17.980044,5695.227020348,5695.227020348,8813,12338200,0.000000
1799,17.990038,5695.237014098,5695.237014098,8818,12345200,0.000000
1800,18.000042,5695.247017902,5695.247017902,8823,12352200,0.000000
1801,18.010048,5695.257024030,5695.257024030,8828,12359200,0.000000
1802,18.020038,5695.267013566,5695.267013566,8833,12366200,0.000000
1803,18.030038,5695.277013732,5695.277013732,8837,12371800,0.000000
1804,18.040044,5695.287020412,5695.287020412,8842,12378800,0.000000
1805,18.050041,5695.297017202,5695.297017202,8847,12385800,0.000000
1806,18.060053,5695.307028667,5695.307028667,8852,12392800,0.000000
1807,18.070042,5695.317018138,5695.317018138,8857,12399800,0.000000
1808,18.080042,5695.327017815,5695.327017815,8862,12406800,0.000000
1809,18.090044,5695.337019872,5695.337019872,8867,12413800,0.000000
1810,18.100041,5695.347017531,5695.347017531,8872,12420800,0.000000
1811,18.110040,5695.357015840,5695.357015840,8877,12427800,0.000000
1812,18.120012,5695.366987869,5695.366987869,8882,12434800,0.000000
1813,18.130069,5695.377045039,5695.377045039,8886,12440400,0.000000
1814,18.140064,5695.387040339,5695.387040339,8891,12447400,0.000000
1815,18.150040,5695.397015702,5695.397015702,8896,12454400,0.000000
1816,18.160042,5695.407018017,5695.407018017,8901,12461400,0.000000
1817,18.170039,5695.417014585,5695.417014585,8906,12468400,0.000000
1818,18.180044,5695.427020434,5695.427020434,8911,12475400,0.000000
1819,18.190039,5695.437014842,5695.437014842,8916,12482400,0.000000
1820,18.200037,5695.447013499,5695.447013499,8921,12489400,0.000000
1821,18.210052,5695.457028433,5695.457028433,8926,12496400,0.000000
1822,18.220041,5695.467016844,5695.467016844,8931,12503400,0.000000
1823,18.230070,5695.477046309,5695.477046309,8935,12509000,0.000000
1824,18.240037,5695.487013222,5695.487013222,8940,12516000,0.000000
1825,18.250041,5695.497017327,5695.497017327,8945,12523000,0.000000
1826,18.260043,5695.507019148,5695.507019148,8950,12530000,0.000000
1827,18.270070,5695.517045561,5695.517045561,8955,12537000,0.000000
1828,18.280037,5695.527013144,5695.527013144,8960,12544000,0.000000
1829,18.290041,5695.537017472,5695.537017472,8965,12551000,0.000000
1830,18.300041,5695.547017096,5695.547017096,8970,12558000,0.000000
1831,18.310044,5695.557020253,5695.557020253,8975,12565000,0.000000
1832,18.320049,5695.567024772,5695.567024772,8980,12572000,0.000000
1833,18.330084,5695.577059552,5695.577059552,8985,12579000,0.000000
1834,18.340045,5695.587020991,5695.587020991,8989,12584600,0.000000
1835,18.350046,5695.597022153,5695.597022153,8994,12591600,0.000000
1836,18.360043,5695.607019254,5695.607019254,8999,12598600,0.000000
1837,18.370048,5695.617024438,5695.617024438,9004,12605600,0.000000
1838,18.380044,5695.627020264,5695.627020264,9009,12612600,0.000000
1839,18.390042,5695.637018040,5695.637018040,9014,12619600,0.000000
1840,18.400046,5695.647021825,5695.647021825,9019,12626600,0.000000
1841,18.410048,5695.657024305,5695.657024305,9024,12633600,0.000000
1842,18.420040,5695.667016108,5695.667016108,9029,12640600,0.000000
1843,18.430088,5695.677063803,5695.677063803,9034,12647600,0.000000
1844,18.440046,5695.687021929,5695.687021929,9038,12653200,0.000000
1845,18.450046,5695.697021717,5695.697021717,9043,12660200,0.000000
1846,18.460049,5695.707025244,5695.707025244,9048,12667200,0.000000
1847,18.470038,5695.717013947,5695.717013947,9053,12674200,0.000000
1848,18.480058,5695.727034080,5695.727034080,9058,12681200,0.000000
1849,18.490043,5695.737018850,5695.737018850,9063,12688200,0.000000
1850,18.500041,5695.747017128,5695.747017128,9068,12695200,0.000000
1851,18.510049,5695.757025524,5695.757025524,9073,12702200,0.000000
1852,18.520041,5695.767016898,5695.767016898,9078,12709200,0.000000
1853,18.530058,5695.777034267,5695.777034267,9083,12716200,0.000000
1854,18.540042,5695.787017763,5695.787017763,9087,12721800,0.000000
1855,18.550045,5695.797021232,5695.797021232,9092,12728800,0.000000
1856,18.560038,5695.807013819,5695.807013819,9097,12735800,0.000000
1857,18.570036,5695.817011567,5695.817011567,9102,12742800,0.000000
1858,18.580043,5695.827019059,5695.827019059,9107,12749800,0.000000
1859,18.590042,5695.837018239,5695.837018239,9112,12756800,0.000000
1860,18.600040,5695.847015886,5695.847015886,9117,12763800,0.000000
1861,18.610041,5695.857016896,5695.857016896,9122,12770800,0.000000
1862,18.620032,5695.867008125,5695.867008125,9127,12777800,0.000000
1863,18.630013,5695.876989471,5695.876989471,9132,12784800,0.000000
1864,18.640073,5695.887048696,5695.887048696,9136,12790400,0.000000
1865,18.650051,5695.897027212,5695.897027212,9141,12797400,0.000000
1866,18.660040,5695.907015898,5695.907015898,9146,12804400,0.000000
1867,18.670070,5695.917045820,5695.917045820,9151,12811400,0.000000
1868,18.680040,5695.927016204,5695.927016204,9156,12818400,0.000000
1869,18.690037,5695.937013470,5695.937013470,9161,12825400,0.000000
1870,18.700045,5695.947021509,5695.947021509,9166,12832400,0.000000
1871,18.710052,5695.957028507,5695.957028507,9171,12839400,0.000000
1872,18.720046,5695.967021669,5695.967021669,9176,12846400,0.000000
1873,18.730055,5695.977030980,5695.977030980,9181,12853400,0.000000
1874,18.740046,5695.987021768,5695.987021768,9185,12859000,0.000000
1875,18.750044,5695.997020004,5695.997020004,9190,12866000,0.000000
1876,18.760048,5696.007024330,5696.007024330,9195,12873000,0.000000
1877,18.770041,5696.017016970,5696.017016970,9200,12880000,0.000000
1878,18.780047,5696.027023080,5696.027023080,9205,12887000,0.000000
1879,18.790050,5696.037026035,5696.037026035,9210,12894000,0.000000
1880,18.800039,5696.047014718,5696.047014718,9215,12901000,0.000000
1881,18.810041,5696.057017153,5696.057017153,9220,12908000,0.000000
1882,18.820042,5696.067018307,5696.067018307,9225,12915000,0.000000
1883,18.830049,5696.077024937,5696.077024937,9230,12922000,0.000000
1884,18.840044,5696.087019695,5696.087019695,9234,12927600,0.000000
1885,18.850049,5696.097025361,5696.097025361,9239,12934600,0.000000
1886,18.860054,5696.107029781,5696.107029781,9244,12941600,0.000000
1887,18.870044,5696.117019993,5696.117019993,9249,12948600,0.000000
1888,18.880077,5696.127053493,5696.127053493,9254,12955600,0.000000
1889,18.890041,5696.137016890,5696.137016890,9259,12962600,0.000000
1890,18.900034,5696.147009653,5696.147009653,9264,12969600,0.000000
1891,18.910039,5696.157015066,5696.157015066,9269,12976600,0.000000
1892,18.920040,5696.167015801,5696.167015801,9274,12983600,0.000000
1893,18.930035,5696.177011178,5696.177011178,9279,12990600,0.000000
1894,18.940073,5696.187049139,5696.187049139,9284,12997600,0.000000
1895,18.950043,5696.197019037,5696.197019037,9288,13003200,0.000000
1896,18.960039,5696.207014998,5696.207014998,9293,13010200,0.000000
1897,18.970040,5696.217016024,5696.217016024,9298,13017200,0.000000
1898,18.980064,5696.227040391,5696.227040391,9303,13024200,0.000000
1899,18.990043,5696.237019526,5696.237019526,9308,13031200,0.000000
1900,19.000048,5696.247023837,5696.247023837,9313,13038200,0.000000
1901,19.010049,5696.257025277,5696.257025277,9318,13045200,0.000000
1902,19.020037,5696.267013085,5696.267013085,9323,13052200,0.000000
1903,19.030036,5696.277012330,5696.277012330,9328,13059200,0.000000
1904,19.040090,5696.287066273,5696.287066273,9333,13066200,0.000000
1905,19.050048,5696.297024265,5696.297024265,9337,13071800,0.000000
1906,19.060037,5696.307012980,5696.307012980,9342,13078800,0.000000
1907,19.070043,5696.317019410,5696.317019410,9347,13085800,0.000000
1908,19.080048,5696.327023611,5696.327023611,9352,13092800,0.000000
1909,19.090045,5696.337020949,5696.337020949,9357,13099800,0.000000
1910,19.100044,5696.347020391,5696.347020391,9362,13106800,0.000000
1911,19.110045,5696.357020791,5696.357020791,9367,13113800,0.000000
1912,19.120042,5696.367018473,5696.367018473,9372,13120800,0.000000
1913,19.130033,5696.377008863,5696.377008863,9377,13127800,0.000000
1914,19.140053,5696.387028795,5696.387028795,9382,13134800,0.000000
1915,19.150044,5696.397019635,5696.397019635,9386,13140400,0.000000
1916,19.160065,5696.407041341,5696.407041341,9391,13147400,0.000000
1917,19.170074,5696.417050472,5696.417050472,9396,13154400,0.000000
1918,19.180068,5696.427043543,5696.427043543,9401,13161400,0.000000
1919,19.190050,5696.437026249,5696.437026249,9406,13168400,0.000000
1920,19.200048,5696.447024084,5696.447024084,9411,13175400,0.000000
1921,19.210055,5696.457030895,5696.457030895,9416,13182400,0.000000
1922,19.220043,5696.467018638,5696.467018638,9421,13189400,0.000000
1923,19.230037,5696.477012655,5696.477012655,9426,13196400,0.000000
1924,19.240010,5696.486985739,5696.486985739,9431,13203400,0.000000
1925,19.250071,5696.497046952,5696.497046952,9435,13209000,0.000000
1926,19.260069,5696.507045105,5696.507045105,9440,13216000,0.000000
1927,19.270066,5696.517042033,5696.517042033,9445,13223000,0.000000
1928,19.280051,5696.527027415,5696.527027415,9450,13230000,0.000000
1929,19.290071,5696.537046981,5696.537046981,9455,13237000,0.000000
1930,19.300067,5696.547042664,5696.547042664,9460,13244000,0.000000
1931,19.310072,5696.557047838,5696.557047838,9465,13251000,0.000000
1932,19.320042,5696.567018286,5696.567018286,9470,13258000,0.000000
1933,19.330035,5696.577010987,5696.577010987,9475,13265000,0.000000
1934,19.340035,5696.587011000,5696.587011000,9480,13272000,0.000000
1935,19.350044,5696.597019633,5696.597019633,9484,13277600,0.000000
1936,19.360042,5696.607018350,5696.607018350,9489,13284600,0.000000
1937,19.370039,5696.617014674,5696.617014674,9494,13291600,0.000000
1938,19.380040,5696.627015994,5696.627015994,9499,13298600,0.000000
1939,19.390037,5696.637012851,5696.637012851,9504,13305600,0.000000
1940,19.400040,5696.647015828,5696.647015828,9509,13312600,0.000000
1941,19.410041,5696.657017323,5696.657017323,9514,13319600,0.000000
1942,19.420053,5696.667028545,5696.667028545,9519,13326600,0.000000
1943,19.430055,5696.677031351,5696.677031351,9524,13333600,0.000000
1944,19.440072,5696.687048282,5696.687048282,9529,13340600,0.000000
1945,19.450085,5696.697060864,5696.697060864,9534,13347600,0.000000
1946,19.460083,5696.707058683,5696.707058683,9538,13353200,0.000000
1947,19.470041,5696.717017156,5696.717017156,9543,13360200,0.000000
1948,19.480090,5696.727065576,5696.727065576,9548,13367200,0.000000
1949,19.490065,5696.737041357,5696.737041357,9553,13374200,0.000000
1950,19.500047,5696.747022640,5696.747022640,9558,13381200,0.000000
1951,19.510068,5696.757043766,5696.757043766,9563,13388200,0.000000
1952,19.520034,5696.767010516,5696.767010516,9568,13395200,0.000000
1953,19.530064,5696.777040441,5696.777040441,9573,13402200,0.000000
1954,19.540037,5696.787012710,5696.787012710,9578,13409200,0.000000
1955,19.550075,5696.797051429,5696.797051429,9583,13416200,0.000000
1956,19.560042,5696.807018348,5696.807018348,9587,13421800,0.000000
1957,19.570044,5696.817020380,5696.817020380,9592,13428800,0.000000
1958,19.580042,5696.827017678,5696.827017678,9597,13435800,0.000000
1959,19.590068,5696.837043866,5696.837043866,9602,13442800,0.000000
1960,19.600043,5696.847018790,5696.847018790,9607,13449800,0.000000
1961,19.610045,5696.857021010,5696.857021010,9612,13456800,0.000000
1962,19.620043,5696.867019082,5696.867019082,9617,13463800,0.000000
1963,19.630037,5696.877012887,5696.877012887,9622,13470800,0.000000
1964,19.640034,5696.887010390,5696.887010390,9627,13477800,0.000000
1965,19.650064,5696.897040285,5696.897040285,9632,13484800,0.000000
1966,19.660048,5696.907023621,5696.907023621,9636,13490400,0.000000
1967,19.670068,5696.917043982,5696.917043982,9641,13497400,0.000000
1968,19.680079,5696.927055137,5696.927055137,9646,13504400,0.000000
1969,19.690044,5696.937019957,5696.937019957,9651,13511400,0.000000
1970,19.700046,5696.947022289,5696.947022289,9656,13518400,0.000000
1971,19.710036,5696.957012072,5696.957012072,9661,13525400,0.000000
1972,19.720044,5696.967019954,5696.967019954,9666,13532400,0.000000
1973,19.730044,5696.977019539,5696.977019539,9671,13539400,0.000000
1974,19.740039,5696.987014880,5696.987014880,9676,13546400,0.000000
1975,19.750056,5696.997031791,5696.997031791,9681,13553400,0.000000
1976,19.760043,5697.007018957,5697.007018957,9685,13559000,0.000000
1977,19.770071,5697.017046736,5697.017046736,9690,13566000,0.000000
1978,19.780044,5697.027019661,5697.027019661,9695,13573000,0.000000
1979,19.790050,5697.037025838,5697.037025838,9700,13580000,0.000000
1980,19.800036,5697.047012309,5697.047012309,9705,13587000,0.000000
1981,19.810038,5697.057013918,5697.057013918,9710,13594000,0.000000
1982,19.820050,5697.067026235,5697.067026235,9715,13601000,0.000000
1983,19.830037,5697.077013317,5697.077013317,9720,13608000,0.000000
1984,19.840036,5697.087012364,5697.087012364,9725,13615000,0.000000
1985,19.850000,5697.096976221,5697.096976221,9730,13622000,0.000000
1986,19.860044,5697.107019805,5697.107019805,9734,13627600,0.000000
1987,19.870052,5697.117027902,5697.117027902,9739,13634600,0.000000
1988,19.880071,5697.127047190,5697.127047190,9744,13641600,0.000000
1989,19.890043,5697.137019126,5697.137019126,9749,13648600,0.000000
1990,19.900071,5697.147047176,5697.147047176,9754,13655600,0.000000
1991,19.910042,5697.157018233,5697.157018233,9759,13662600,0.000000
1992,19.920043,5697.167019524,5697.167019524,9764,13669600,0.000000
1993,19.930043,5697.177019454,5697.177019454,9769,13676600,0.000000
1994,19.940038,5697.187014449,5697.187014449,9774,13683600,0.000000
1995,19.950034,5697.197010173,5697.197010173,9779,13690600,0.000000
1996,19.960066,5697.207042332,5697.207042332,9783,13696200,0.000000
1997,19.970042,5697.217017822,5697.217017822,9788,13703200,0.000000
1998,19.980069,5697.227044789,5697.227044789,9793,13710200,0.000000
1999,19.990063,5697.237039530,5697.237039530,9798,13717200,0.000000
2000,20.000069,5697.247044804,5697.247044804,9803,13724200,0.000000
2001,20.010039,5697.257014582,5697.257014582,9808,13731200,0.000000
2002,20.020046,5697.267021574,5697.267021574,9813,13738200,0.000000
2003,20.030042,5697.277018146,5697.277018146,9818,13745200,0.000000
2004,20.040048,5697.287024490,5697.287024490,9823,13752200,0.000000
2005,20.050064,5697.297039665,5697.297039665,9828,13759200,0.000000
2006,20.060047,5697.307023413,5697.307023413,9833,13766200,0.000000
2007,20.070048,5697.317024260,5697.317024260,9837,13771800,0.000000
2008,20.080046,5697.327022034,5697.327022034,9842,13778800,0.000000
2009,20.090047,5697.337022966,5697.337022966,9847,13785800,0.000000
2010,20.100072,5697.347048040,5697.347048040,9852,13792800,0.000000
2011,20.110042,5697.357018381,5697.357018381,9857,13799800,0.000000
2012,20.120042,5697.367018312,5697.367018312,9862,13806800,0.000000
2013,20.130049,5697.377024804,5697.377024804,9867,13813800,0.000000
2014,20.140039,5697.387015325,5697.387015325,9872,13820800,0.000000
2015,20.150035,5697.397010716,5697.397010716,9877,13827800,0.000000
2016,20.160077,5697.407053349,5697.407053349,9882,13834800,0.000000
2017,20.170043,5697.417019236,5697.417019236,9886,13840400,0.000000
2018,20.180049,5697.427024591,5697.427024591,9891,13847400,0.000000
2019,20.190049,5697.437024700,5697.437024700,9896,13854400,0.000000
2020,20.200073,5697.447049140,5697.447049140,9901,13861400,0.000000
2021,20.210037,5697.457012964,5697.457012964,9906,13868400,0.000000
2022,20.220036,5697.467012445,5697.467012445,9911,13875400,0.000000
2023,20.230043,5697.477019256,5697.477019256,9916,13882400,0.000000
2024,20.240036,5697.487012208,5697.487012208,9921,13889400,0.000000
2025,20.250038,5697.497013572,5697.497013572,9926,13896400,0.000000
2026,20.260050,5697.507026469,5697.507026469,9931,13903400,0.000000
2027,20.270071,5697.517046664,5697.517046664,9935,13909000,0.000000
2028,20.280072,5697.527048011,5697.527048011,9940,13916000,0.000000
2029,20.290044,5697.537020017,5697.537020017,9945,13923000,0.000000
2030,20.300043,5697.547018625,5697.547018625,9950,13930000,0.000000
2031,20.310038,5697.557014340,5697.557014340,9955,13937000,0.000000
2032,20.320048,5697.567023843,5697.567023843,9960,13944000,0.000000
2033,20.330043,5697.577019170,5697.577019170,9965,13951000,0.000000
2034,20.340046,5697.587021885,5697.587021885,9970,13958000,0.000000
2035,20.350040,5697.597015863,5697.597015863,9975,13965000,0.000000
2036,20.360002,5697.606978394,5697.606978394,9980,13972000,0.000000
2037,20.370047,5697.617022866,5697.617022866,9984,13977600,0.000000
2038,20.380071,5697.627046613,5697.627046613,9989,13984600,0.000000
2039,20.390067,5697.637042959,5697.637042959,9994,13991600,0.000000
2040,20.400043,5697.647019201,5697.647019201,9999,13998600,0.000000
2041,20.410041,5697.657016634,5697.657016634,10004,14005600,0.000000
2042,20.420040,5697.667015850,5697.667015850,10009,14012600,0.000000
2043,20.430042,5697.677018178,5697.677018178,10014,14019600,0.000000
2044,20.440045,5697.687020958,5697.687020958,10019,14026600,0.000000
2045,20.450040,5697.697016111,5697.697016111,10024,14033600,0.000000
2046,20.460046,5697.707021921,5697.707021921,10029,14040600,0.000000
2047,20.470054,5697.717030199,5697.717030199,10033,14046200,0.000000
2048,20.480065,5697.727041469,5697.727041469,10038,14053200,0.000000
2049,20.490043,5697.737018772,5697.737018772,10043,14060200,0.000000
2050,20.500066,5697.747041875,5697.747041875,10048,14067200,0.000000
2051,20.510059,5697.757035135,5697.757035135,10053,14074200,0.000000
2052,20.520041,5697.767016863,5697.767016863,10058,14081200,0.000000
2053,20.530044,5697.777019767,5697.777019767,10063,14088200,0.000000
2054,20.540042,5697.787018087,5697.787018087,10068,14095200,0.000000
2055,20.550041,5697.797016547,5697.797016547,10073,14102200,0.000000
2056,20.560046,5697.807021555,5697.807021555,10078,14109200,0.000000
2057,20.570043,5697.817018633,5697.817018633,10082,14114800,0.000000
2058,20.580069,5697.827045033,5697.827045033,10087,14121800,0.000000
2059,20.590048,5697.837023890,5697.837023890,10092,14128800,0.000000
2060,20.600045,5697.847020866,5697.847020866,10097,14135800,0.000000
2061,20.610037,5697.857013082,5697.857013082,10102,14142800,0.000000
2062,20.620037,5697.867012825,5697.867012825,10107,14149800,0.000000
2063,20.630045,5697.877020913,5697.877020913,10112,14156800,0.000000
2064,20.640037,5697.887012768,5697.887012768,10117,14163800,0.000000
2065,20.650035,5697.897010947,5697.897010947,10122,14170800,0.000000
2066,20.660053,5697.907029334,5697.907029334,10127,14177800,0.000000
2067,20.670052,5697.917027874,5697.917027874,10132,14184800,0.000000
2068,20.680065,5697.927040698,5697.927040698,10136,14190400,0.000000
2069,20.690072,5697.937048237,5697.937048237,10141,14197400,0.000000
2070,20.700042,5697.947018319,5697.947018319,10146,14204400,0.000000
2071,20.710034,5697.957010028,5697.957010028,10151,14211400,0.000000
2072,20.720038,5697.967014235,5697.967014235,10156,14218400,0.000000
2073,20.730045,5697.977020927,5697.977020927,10161,14225400,0.000000
2074,20.740042,5697.987018411,5697.987018411,10166,14232400,0.000000
2075,20.750043,5697.997019478,5697.997019478,10171,14239400,0.000000
2076,20.760051,5698.007026887,5698.007026887,10176,14246400,0.000000
2077,20.770051,5698.017026919,5698.017026919,10181,14253400,0.000000
2078,20.780049,5698.027024767,5698.027024767,10185,14259000,0.000000
2079,20.790052,5698.037028139,5698.037028139,10190,14266000,0.000000
2080,20.800063,5698.047039016,5698.047039016,10195,14273000,0.000000
2081,20.810048,5698.057024379,5698.057024379,10200,14280000,0.000000
2082,20.820050,5698.067026090,5698.067026090,10205,14287000,0.000000
2083,20.830042,5698.077018368,5698.077018368,10210,14294000,0.000000
2084,20.840042,5698.087018467,5698.087018467,10215,14301000,0.000000
2085,20.850038,5698.097014117,5698.097014117,10220,14308000,0.000000
2086,20.860071,5698.107046821,5698.107046821,10225,14315000,0.000000
2087,20.870044,5698.117020248,5698.117020248,10230,14322000,0.000000
2088,20.880036,5698.127011811,5698.127011811,10234,14327600,0.000000
2089,20.890069,5698.137044762,5698.137044762,10239,14334600,0.000000
2090,20.900069,5698.147044651,5698.147044651,10244,14341600,0.000000
2091,20.910066,5698.157041690,5698.157041690,10249,14348600,0.000000
2092,20.920043,5698.167018734,5698.167018734,10254,14355600,0.000000
2093,20.930065,5698.177041320,5698.177041320,10259,14362600,0.000000
2094,20.940043,5698.187018977,5698.187018977,10264,14369600,0.000000
2095,20.950045,5698.197021076,5698.197021076,10269,14376600,0.000000
2096,20.960044,5698.207019911,5698.207019911,10274,14383600,0.000000
2097,20.970044,5698.217019968,5698.217019968,10279,14390600,0.000000
2098,20.980066,5698.227042223,5698.227042223,10283,14396200,0.000000
2099,20.990045,5698.237020984,5698.237020984,10288,14403200,0.000000
2100,21.000069,5698.247044543,5698.247044543,10293,14410200,0.000000
2101,21.010068,5698.257043993,5698.257043993,10298,14417200,0.000000
2102,21.020042,5698.267017867,5698.267017867,10303,14424200,0.000000
2103,21.030044,5698.277019701,5698.277019701,10308,14431200,0.000000
2104,21.040041,5698.287016877,5698.287016877,10313,14438200,0.000000
2105,21.050047,5698.297022967,5698.297022967,10318,14445200,0.000000
2106,21.060040,5698.307015619,5698.307015619,10323,14452200,0.000000
2107,21.070041,5698.317016790,5698.317016790,10328,14459200,0.000000
2108,21.080048,5698.327024518,5698.327024518,10332,14464800,0.000000
2109,21.090068,5698.337044119,5698.337044119,10337,14471800,0.000000
2110,21.100045,5698.347020598,5698.347020598,10342,14478800,0.000000
2111,21.110046,5698.357021560,5698.357021560,10347,14485800,0.000000
2112,21.120045,5698.367021062,5698.367021062,10352,14492800,0.000000
2113,21.130037,5698.377013498,5698.377013498,10357,14499800,0.000000
2114,21.140043,5698.387018864,5698.387018864,10362,14506800,0.000000
2115,21.150050,5698.397026159,5698.397026159,10367,14513800,0.000000
2116,21.160038,5698.407013976,5698.407013976,10372,14520800,0.000000
2117,21.170036,5698.417011799,5698.417011799,10377,14527800,0.000000
2118,21.180088,5698.427063746,5698.427063746,10382,14534800,0.000000
2119,21.190072,5698.437048259,5698.437048259,10386,14540400,0.000000
2120,21.200067,5698.447042567,5698.447042567,10391,14547400,0.000000
2121,21.210071,5698.457046569,5698.457046569,10396,14554400,0.000000
2122,21.220068,5698.467043647,5698.467043647,10401,14561400,0.000000
2123,21.230045,5698.477021180,5698.477021180,10406,14568400,0.000000
2124,21.240042,5698.487018301,5698.487018301,10411,14575400,0.000000
2125,21.250044,5698.497020363,5698.497020363,10416,14582400,0.000000
2126,21.260041,5698.507017065,5698.507017065,10421,14589400,0.000000
2127,21.270035,5698.517010842,5698.517010842,10426,14596400,0.000000
2128,21.280083,5698.527059339,5698.527059339,10431,14603400,0.000000
2129,21.290043,5698.537018928,5698.537018928,10435,14609000,0.000000
2130,21.300067,5698.547043058,5698.547043058,10440,14616000,0.000000
2131,21.310070,5698.557045628,5698.557045628,10445,14623000,0.000000
2132,21.320045,5698.567020582,5698.567020582,10450,14630000,0.000000
2133,21.330045,5698.577020593,5698.577020593,10455,14637000,0.000000
2134,21.340049,5698.587024952,5698.587024952,10460,14644000,0.000000
2135,21.350044,5698.597020330,5698.597020330,10465,14651000,0.000000
2136,21.360036,5698.607012470,5698.607012470,10470,14658000,0.000000
2137,21.370038,5698.617013651,5698.617013651,10475,14665000,0.000000
2138,21.380057,5698.627032961,5698.627032961,10480,14672000,0.000000
2139,21.390043,5698.637019427,5698.637019427,10484,14677600,0.000000
2140,21.400039,5698.647015317,5698.647015317,10489,14684600,0.000000
2141,21.410039,5698.657015180,5698.657015180,10494,14691600,0.000000
2142,21.420045,5698.667021392,5698.667021392,10499,14698600,0.000000
2143,21.430065,5698.677041225,5698.677041225,10504,14705600,0.000000
2144,21.440043,5698.687019027,5698.687019027,10509,14712600,0.000000
2145,21.450043,5698.697019060,5698.697019060,10514,14719600,0.000000
2146,21.460043,5698.707019206,5698.707019206,10519,14726600,0.000000
2147,21.470041,5698.717017362,5698.717017362,10524,14733600,0.000000
2148,21.480039,5698.727014594,5698.727014594,10529,14740600,0.000000
2149,21.490071,5698.737047436,5698.737047436,10533,14746200,0.000000
2150,21.500037,5698.747013293,5698.747013293,10538,14753200,0.000000
2151,21.510044,5698.757019851,5698.757019851,10543,14760200,0.000000
2152,21.520040,5698.767015619,5698.767015619,10548,14767200,0.000000
2153,21.530067,5698.777042723,5698.777042723,10553,14774200,0.000000
2154,21.540047,5698.787023470,5698.787023470,10558,14781200,0.000000
2155,21.550041,5698.797017206,5698.797017206,10563,14788200,0.000000
2156,21.560042,5698.807018336,5698.807018336,10568,14795200,0.000000
2157,21.570044,5698.817019736,5698.817019736,10573,14802200,0.000000
2158,21.580036,5698.827012472,5698.827012472,10578,14809200,0.000000
2159,21.590038,5698.837013809,5698.837013809,10582,14814800,0.000000
2160,21.600068,5698.847044047,5698.847044047,10587,14821800,0.000000
2161,21.610066,5698.857042024,5698.857042024,10592,14828800,0.000000
2162,21.620049,5698.867025055,5698.867025055,10597,14835800,0.000000
2163,21.630067,5698.877043115,5698.877043115,10602,14842800,0.000000
2164,21.640038,5698.887014060,5698.887014060,10607,14849800,0.000000
2165,21.650045,5698.897020801,5698.897020801,10612,14856800,0.000000
2166,21.660042,5698.907017669,5698.907017669,10617,14863800,0.000000
2167,21.670043,5698.917019405,5698.917019405,10622,14870800,0.000000
2168,21.680051,5698.927026571,5698.927026571,10627,14877800,0.000000
2169,21.690044,5698.937020252,5698.937020252,10631,14883400,0.000000
2170,21.700041,5698.947016967,5698.947016967,10636,14890400,0.000000
2171,21.710069,5698.957045013,5698.957045013,10641,14897400,0.000000
2172,21.720069,5698.967045011,5698.967045011,10646,14904400,0.000000
2173,21.730067,5698.977042698,5698.977042698,10651,14911400,0.000000
2174,21.740063,5698.987038908,5698.987038908,10656,14918400,0.000000
2175,21.750061,5698.997036851,5698.997036851,10661,14925400,0.000000
2176,21.760044,5699.007019667,5699.007019667,10666,14932400,0.000000
2177,21.770042,5699.017018070,5699.017018070,10671,14939400,0.000000
2178,21.780057,5699.027033043,5699.027033043,10676,14946400,0.000000
2179,21.790083,5699.037058609,5699.037058609,10681,14953400,0.000000
2180,21.800089,5699.047064901,5699.047064901,10685,14959000,0.000000
2181,21.810047,5699.057023471,5699.057023471,10690,14966000,0.000000
2182,21.820046,5699.067022037,5699.067022037,10695,14973000,0.000000
2183,21.830047,5699.077023321,5699.077023321,10700,14980000,0.000000
2184,21.840047,5699.087022929,5699.087022929,10705,14987000,0.000000
2185,21.850075,5699.097050693,5699.097050693,10710,14994000,0.000000
2186,21.860075,5699.107051456,5699.107051456,10715,15001000,0.000000
2187,21.870038,5699.117014369,5699.117014369,10720,15008000,0.000000
2188,21.880036,5699.127011762,5699.127011762,10725,15015000,0.000000
2189,21.890063,5699.137039317,5699.137039317,10730,15022000,0.000000
2190,21.900052,5699.147027603,5699.147027603,10734,15027600,0.000000
2191,21.910039,5699.157015259,5699.157015259,10739,15034600,0.000000
2192,21.920047,5699.167022566,5699.167022566,10744,15041600,0.000000
2193,21.930048,5699.177024213,5699.177024213,10749,15048600,0.000000
2194,21.940042,5699.187018301,5699.187018301,10754,15055600,0.000000
2195,21.950062,5699.197037826,5699.197037826,10759,15062600,0.000000
2196,21.960046,5699.207021880,5699.207021880,10764,15069600,0.000000
2197,21.970040,5699.217015547,5699.217015547,10769,15076600,0.000000
2198,21.980034,5699.227009537,5699.227009537,10774,15083600,0.000000
2199,21.990014,5699.236990256,5699.236990256,10779,15090600,0.000000
2200,22.000046,5699.247021646,5699.247021646,10783,15096200,0.000000
2201,22.010046,5699.257022038,5699.257022038,10788,15103200,0.000000
2202,22.020042,5699.267018039,5699.267018039,10793,15110200,0.000000
2203,22.030045,5699.277020727,5699.277020727,10798,15117200,0.000000
2204,22.040070,5699.287045848,5699.287045848,10803,15124200,0.000000
2205,22.050042,5699.297017605,5699.297017605,10808,15131200,0.000000
2206,22.060066,5699.307041583,5699.307041583,10813,15138200,0.000000
2207,22.070054,5699.317030190,5699.317030190,10818,15145200,0.000000
2208,22.080038,5699.327013889,5699.327013889,10823,15152200,0.000000
2209,22.090035,5699.337010919,5699.337010919,10828,15159200,0.000000
2210,22.100050,5699.347026256,5699.347026256,10832,15164800,0.000000
2211,22.110089,5699.357064874,5699.357064874,10837,15171800,0.000000
2212,22.120045,5699.367021299,5699.367021299,10842,15178800,0.000000
2213,22.130046,5699.377021859,5699.377021859,10847,15185800,0.000000
2214,22.140056,5699.387032034,5699.387032034,10852,15192800,0.000000
2215,22.150037,5699.397013474,5699.397013474,10857,15199800,0.000000
2216,22.160058,5699.407033685,5699.407033685,10862,15206800,0.000000
2217,22.170040,5699.417016074,5699.417016074,10867,15213800,0.000000
2218,22.180059,5699.427034827,5699.427034827,10872,15220800,0.000000
2219,22.190072,5699.437047636,5699.437047636,10877,15227800,0.000000
2220,22.200090,5699.447066163,5699.447066163,10882,15234800,0.000000
2221,22.210056,5699.457031705,5699.457031705,10886,15240400,0.000000
2222,22.220061,5699.467036893,5699.467036893,10891,15247400,0.000000
2223,22.230048,5699.477023926,5699.477023926,10896,15254400,0.000000
2224,22.240066,5699.487042313,5699.487042313,10901,15261400,0.000000
2225,22.250043,5699.497019218,5699.497019218,10906,15268400,0.000000
2226,22.260045,5699.507020725,5699.507020725,10911,15275400,0.000000
2227,22.270041,5699.517016885,5699.517016885,10916,15282400,0.000000
2228,22.280046,5699.527021573,5699.527021573,10921,15289400,0.000000
2229,22.290040,5699.537015793,5699.537015793,10926,15296400,0.000000
2230,22.300061,5699.547036676,5699.547036676,10931,15303400,0.000000
2231,22.310058,5699.557033853,5699.557033853,10935,15309000,0.000000
2232,22.320046,5699.567021699,5699.567021699,10940,15316000,0.000000
2233,22.330042,5699.577018394,5699.577018394,10945,15323000,0.000000
2234,22.340042,5699.587017778,5699.587017778,10950,15330000,0.000000
2235,22.350043,5699.597019161,5699.597019161,10955,15337000,0.000000
2236,22.360045,5699.607021238,5699.607021238,10960,15344000,0.000000
2237,22.370049,5699.617025457,5699.617025457,10965,15351000,0.000000
2238,22.380042,5699.627017539,5699.627017539,10970,15358000,0.000000
2239,22.390037,5699.637012650,5699.637012650,10975,15365000,0.000000
2240,22.400082,5699.647057559,5699.647057559,10980,15372000,0.000000
2241,22.410073,5699.657049318,5699.657049318,10984,15377600,0.000000
2242,22.420073,5699.667048953,5699.667048953,10989,15384600,0.000000
2243,22.430037,5699.677012831,5699.677012831,10994,15391600,0.000000
2244,22.440040,5699.687016024,5699.687016024,10999,15398600,0.000000
2245,22.450063,5699.697039446,5699.697039446,11004,15405600,0.000000
2246,22.460045,5699.707020588,5699.707020588,11009,15412600,0.000000
2247,22.470042,5699.717018286,5699.717018286,11014,15419600,0.000000
2248,22.480042,5699.727018010,5699.727018010,11019,15426600,0.000000
2249,22.490037,5699.737013217,5699.737013217,11024,15433600,0.000000
2250,22.500047,5699.747022929,5699.747022929,11029,15440600,0.000000
2251,22.510065,5699.757041109,5699.757041109,11033,15446200,0.000000
2252,22.520039,5699.767015340,5699.767015340,11038,15453200,0.000000
2253,22.530066,5699.777042492,5699.777042492,11043,15460200,0.000000
2254,22.540059,5699.787035271,5699.787035271,11048,15467200,0.000000
2255,22.550065,5699.797041005,5699.797041005,11053,15474200,0.000000
2256,22.560043,5699.807019518,5699.807019518,11058,15481200,0.000000
2257,22.570037,5699.817013312,5699.817013312,11063,15488200,0.000000
2258,22.580056,5699.827032183,5699.827032183,11068,15495200,0.000000
2259,22.590041,5699.837017448,5699.837017448,11073,15502200,0.000000
2260,22.600058,5699.847033933,5699.847033933,11078,15509200,0.000000
2261,22.610077,5699.857053013,5699.857053013,11082,15514800,0.000000
2262,22.620045,5699.867020942,5699.867020942,11087,15521800,0.000000
2263,22.630045,5699.877020628,5699.877020628,11092,15528800,0.000000
2264,22.640038,5699.887014487,5699.887014487,11097,15535800,0.000000
2265,22.650069,5699.897045528,5699.897045528,11102,15542800,0.000000
2266,22.660042,5699.907018336,5699.907018336,11107,15549800,0.000000
2267,22.670045,5699.917020648,5699.917020648,11112,15556800,0.000000
2268,22.680041,5699.927017128,5699.927017128,11117,15563800,0.000000
2269,22.690035,5699.937011164,5699.937011164,11122,15570800,0.000000
2270,22.700041,5699.947016696,5699.947016696,11127,15577800,0.000000
2271,22.710048,5699.957024058,5699.957024058,11131,15583400,0.000000
2272,22.720038,5699.967014109,5699.967014109,11136,15590400,0.000000
2273,22.730066,5699.977042026,5699.977042026,11141,15597400,0.000000
2274,22.740065,5699.987041356,5699.987041356,11146,15604400,0.000000
2275,22.750055,5699.997030820,5699.997030820,11151,15611400,0.000000
2276,22.760044,5700.007020052,5700.007020052,11156,15618400,0.000000
2277,22.770043,5700.017018887,5700.017018887,11161,15625400,0.000000
2278,22.780035,5700.027010785,5700.027010785,11166,15632400,0.000000
2279,22.790041,5700.037017084,5700.037017084,11171,15639400,0.000000
2280,22.800052,5700.047028244,5700.047028244,11176,15646400,0.000000
2281,22.810037,5700.057012822,5700.057012822,11180,15652000,0.000000
2282,22.820047,5700.067022659,5700.067022659,11185,15659000,0.000000
2283,22.830046,5700.077022376,5700.077022376,11190,15666000,0.000000
2284,22.840038,5700.087014130,5700.087014130,11195,15673000,0.000000
2285,22.850049,5700.097025152,5700.097025152,11200,15680000,0.000000
2286,22.860033,5700.107008717,5700.107008717,11205,15687000,0.000000
2287,22.870070,5700.117045845,5700.117045845,11210,15694000,0.000000
2288,22.880037,5700.127012722,5700.127012722,11215,15701000,0.000000
2289,22.890062,5700.137038450,5700.137038450,11220,15708000,0.000000
2290,22.900038,5700.147014093,5700.147014093,11225,15715000,0.000000
2291,22.910079,5700.157054709,5700.157054709,11230,15722000,0.000000
2292,22.920049,5700.167024861,5700.167024861,11234,15727600,0.000000
2293,22.930037,5700.177013365,5700.177013365,11239,15734600,0.000000
2294,22.940048,5700.187023771,5700.187023771,11244,15741600,0.000000
2295,22.950045,5700.197021129,5700.197021129,11249,15748600,0.000000
2296,22.960044,5700.207020525,5700.207020525,11254,15755600,0.000000
2297,22.970045,5700.217020700,5700.217020700,11259,15762600,0.000000
2298,22.980038,5700.227013884,5700.227013884,11264,15769600,0.000000
2299,22.990044,5700.237020049,5700.237020049,11269,15776600,0.000000
2300,23.000035,5700.247011456,5700.247011456,11274,15783600,0.000000
2301,23.010050,5700.257026308,5700.257026308,11279,15790600,0.000000
2302,23.020043,5700.267018772,5700.267018772,11283,15796200,0.000000
2303,23.030077,5700.277053180,5700.277053180,11288,15803200,0.000000
2304,23.040082,5700.287058291,5700.287058291,11293,15810200,0.000000
2305,23.050039,5700.297015533,5700.297015533,11298,15817200,0.000000
2306,23.060040,5700.307015642,5700.307015642,11303,15824200,0.000000
2307,23.070042,5700.317018367,5700.317018367,11308,15831200,0.000000
2308,23.080042,5700.327018243,5700.327018243,11313,15838200,0.000000
2309,23.090044,5700.337019905,5700.337019905,11318,15845200,0.000000
2310,23.100035,5700.347011156,5700.347011156,11323,15852200,0.000000
2311,23.110022,5700.356998086,5700.356998086,11328,15859200,0.000000
2312,23.120047,5700.367023041,5700.367023041,11332,15864800,0.000000
2313,23.130049,5700.377024955,5700.377024955,11337,15871800,0.000000
2314,23.140083,5700.387059103,5700.387059103,11342,15878800,0.000000
2315,23.150052,5700.397028026,5700.397028026,11347,15885800,0.000000
2316,23.160036,5700.407012506,5700.407012506,11352,15892800,0.000000
2317,23.170045,5700.417021210,5700.417021210,11357,15899800,0.000000
2318,23.180041,5700.427017015,5700.427017015,11362,15906800,0.000000
2319,23.190046,5700.437021943,5700.437021943,11367,15913800,0.000000
2320,23.200040,5700.447016485,5700.447016485,11372,15920800,0.000000
2321,23.210040,5700.457016312,5700.457016312,11377,15927800,0.000000
2322,23.220050,5700.467025564,5700.467025564,11381,15933400,0.000000
2323,23.230067,5700.477042861,5700.477042861,11386,15940400,0.000000
2324,23.240070,5700.487046416,5700.487046416,11391,15947400,0.000000
2325,23.250048,5700.497024237,5700.497024237,11396,15954400,0.000000
2326,23.260077,5700.507053172,5700.507053172,11401,15961400,0.000000
2327,23.270045,5700.517021133,5700.517021133,11406,15968400,0.000000
2328,23.280063,5700.527038751,5700.527038751,11411,15975400,0.000000
2329,23.290037,5700.537013265,5700.537013265,11416,15982400,0.000000
2330,23.300036,5700.547011687,5700.547011687,11421,15989400,0.000000
2331,23.310068,5700.557043959,5700.557043959,11426,15996400,0.000000
2332,23.320063,5700.567039426,5700.567039426,11430,16002000,0.000000
2333,23.330065,5700.577041355,5700.577041355,11435,16009000,0.000000
2334,23.340067,5700.587042567,5700.587042567,11440,16016000,0.000000
2335,23.350062,5700.597037556,5700.597037556,11445,16023000,0.000000
2336,23.360066,5700.607041929,5700.607041929,11450,16030000,0.000000
2337,23.370046,5700.617022116,5700.617022116,11455,16037000,0.000000
2338,23.380047,5700.627022902,5700.627022902,11460,16044000,0.000000
2339,23.390042,5700.637018458,5700.637018458,11465,16051000,0.000000
2340,23.400037,5700.647013487,5700.647013487,11470,16058000,0.000000
2341,23.410059,5700.657035264,5700.657035264,11475,16065000,0.000000
2342,23.420050,5700.667026333,5700.667026333,11480,16072000,0.000000
2343,23.430044,5700.677020102,5700.677020102,11484,16077600,0.000000
2344,23.440040,5700.687015552,5700.687015552,11489,16084600,0.000000
2345,23.450048,5700.697023798,5700.697023798,11494,16091600,0.000000
2346,23.460067,5700.707042862,5700.707042862,11499,16098600,0.000000
2347,23.470061,5700.717037105,5700.717037105,11504,16105600,0.000000
2348,23.480037,5700.727012686,5700.727012686,11509,16112600,0.000000
2349,23.490042,5700.737018041,5700.737018041,11514,16119600,0.000000
2350,23.500042,5700.747017935,5700.747017935,11519,16126600,0.000000
2351,23.510033,5700.757008761,5700.757008761,11524,16133600,0.000000
2352,23.520071,5700.767047043,5700.767047043,11529,16140600,0.000000
2353,23.530071,5700.777046919,5700.777046919,11533,16146200,0.000000
2354,23.540066,5700.787041567,5700.787041567,11538,16153200,0.000000
2355,23.550062,5700.797038258,5700.797038258,11543,16160200,0.000000
2356,23.560041,5700.807016965,5700.807016965,11548,16167200,0.000000
2357,23.570042,5700.817017959,5700.817017959,11553,16174200,0.000000
2358,23.580040,5700.827016131,5700.827016131,11558,16181200,0.000000
2359,23.590043,5700.837018873,5700.837018873,11563,16188200,0.000000
2360,23.600040,5700.847015609,5700.847015609,11568,16195200,0.000000
2361,23.610035,5700.857010919,5700.857010919,11573,16202200,0.000000
2362,23.620039,5700.867014764,5700.867014764,11578,16209200,0.000000
2363,23.630042,5700.877018413,5700.877018413,11582,16214800,0.000000
2364,23.640069,5700.887044638,5700.887044638,11587,16221800,0.000000
2365,23.650049,5700.897024596,5700.897024596,11592,16228800,0.000000
2366,23.660069,5700.907044886,5700.907044886,11597,16235800,0.000000
2367,23.670043,5700.917019467,5700.917019467,11602,16242800,0.000000
2368,23.680043,5700.927019126,5700.927019126,11607,16249800,0.000000
2369,23.690043,5700.937018688,5700.937018688,11612,16256800,0.000000
2370,23.700045,5700.947020569,5700.947020569,11617,16263800,0.000000
2371,23.710037,5700.957013140,5700.957013140,11622,16270800,0.000000
2372,23.720000,5700.966976097,5700.966976097,11627,16277800,0.000000
2373,23.730041,5700.977016936,5700.977016936,11631,16283400,0.000000
2374,23.740043,5700.987019423,5700.987019423,11636,16290400,0.000000
2375,23.750043,5700.997019222,5700.997019222,11641,16297400,0.000000
2376,23.760068,5701.007044329,5701.007044329,11646,16304400,0.000000
2377,23.770070,5701.017046186,5701.017046186,11651,16311400,0.000000
2378,23.780079,5701.027054726,5701.027054726,11656,16318400,0.000000
2379,23.790041,5701.037016993,5701.037016993,11661,16325400,0.000000
2380,23.800037,5701.047013414,5701.047013414,11666,16332400,0.000000
2381,23.810035,5701.057011294,5701.057011294,11671,16339400,0.000000
2382,23.820041,5701.067016775,5701.067016775,11676,16346400,0.000000
2383,23.830051,5701.077027140,5701.077027140,11680,16352000,0.000000
2384,23.840039,5701.087015025,5701.087015025,11685,16359000,0.000000
2385,23.850040,5701.097016464,5701.097016464,11690,16366000,0.000000
2386,23.860052,5701.107028077,5701.107028077,11695,16373000,0.000000
2387,23.870064,5701.117040470,5701.117040470,11700,16380000,0.000000
2388,23.880040,5701.127016350,5701.127016350,11705,16387000,0.000000
2389,23.890043,5701.137019420,5701.137019420,11710,16394000,0.000000
2390,23.900039,5701.147014628,5701.147014628,11715,16401000,0.000000
2391,23.910042,5701.157018474,5701.157018474,11720,16408000,0.000000
2392,23.920047,5701.167022622,5701.167022622,11725,16415000,0.000000
2393,23.930038,5701.177014520,5701.177014520,11729,16420600,0.000000
2394,23.940071,5701.187047415,5701.187047415,11734,16427600,0.000000
2395,23.950077,5701.197052952,5701.197052952,11739,16434600,0.000000
2396,23.960043,5701.207019353,5701.207019353,11744,16441600,0.000000
2397,23.970045,5701.217020829,5701.217020829,11749,16448600,0.000000
2398,23.980042,5701.227017816,5701.227017816,11754,16455600,0.000000
2399,23.990044,5701.237020075,5701.237020075,11759,16462600,0.000000
2400,24.000043,5701.247018883,5701.247018883,11764,16469600,0.000000
2401,24.010043,5701.257019366,5701.257019366,11769,16476600,0.000000
2402,24.020038,5701.267013541,5701.267013541,11774,16483600,0.000000
2403,24.030052,5701.277027636,5701.277027636,11779,16490600,0.000000
2404,24.040048,5701.287023662,5701.287023662,11783,16496200,0.000000
2405,24.050077,5701.297052954,5701.297052954,11788,16503200,0.000000
2406,24.060071,5701.307047265,5701.307047265,11793,16510200,0.000000
2407,24.070070,5701.317046494,5701.317046494,11798,16517200,0.000000
2408,24.080037,5701.327013458,5701.327013458,11803,16524200,0.000000
2409,24.090041,5701.337016893,5701.337016893,11808,16531200,0.000000
2410,24.100037,5701.347012941,5701.347012941,11813,16538200,0.000000
2411,24.110041,5701.357016836,5701.357016836,11818,16545200,0.000000
2412,24.120037,5701.367012586,5701.367012586,11823,16552200,0.000000
2413,24.130061,5701.377037431,5701.377037431,11828,16559200,0.000000
2414,24.140050,5701.387026502,5701.387026502,11832,16564800,0.000000
2415,24.150042,5701.397018207,5701.397018207,11837,16571800,0.000000
2416,24.160070,5701.407045919,5701.407045919,11842,16578800,0.000000
2417,24.170046,5701.417022357,5701.417022357,11847,16585800,0.000000
2418,24.180071,5701.427046933,5701.427046933,11852,16592800,0.000000
2419,24.190043,5701.437018695,5701.437018695,11857,16599800,0.000000
2420,24.200037,5701.447012845,5701.447012845,11862,16606800,0.000000
2421,24.210041,5701.457016688,5701.457016688,11867,16613800,0.000000
2422,24.220042,5701.467017783,5701.467017783,11872,16620800,0.000000
2423,24.230022,5701.476998519,5701.476998519,11877,16627800,0.000000
2424,24.240045,5701.487020618,5701.487020618,11881,16633400,0.000000
2425,24.250075,5701.497050983,5701.497050983,11886,16640400,0.000000
2426,24.260071,5701.507047230,5701.507047230,11891,16647400,0.000000
2427,24.270040,5701.517015752,5701.517015752,11896,16654400,0.000000
2428,24.280035,5701.527010742,5701.527010742,11901,16661400,0.000000
2429,24.290036,5701.537011624,5701.537011624,11906,16668400,0.000000
2430,24.300042,5701.547018501,5701.547018501,11911,16675400,0.000000
2431,24.310036,5701.557012253,5701.557012253,11916,16682400,0.000000
2432,24.320036,5701.567011579,5701.567011579,11921,16689400,0.000000
2433,24.330033,5701.577009273,5701.577009273,11926,16696400,0.000000
2434,24.340065,5701.587040736,5701.587040736,11930,16702000,0.000000
2435,24.350068,5701.597043914,5701.597043914,11935,16709000,0.000000
2436,24.360042,5701.607018174,5701.607018174,11940,16716000,0.000000
2437,24.370037,5701.617013413,5701.617013413,11945,16723000,0.000000
2438,24.380042,5701.627017791,5701.627017791,11950,16730000,0.000000
2439,24.390039,5701.637014754,5701.637014754,11955,16737000,0.000000
2440,24.400044,5701.647020189,5701.647020189,11960,16744000,0.000000
2441,24.410041,5701.657016816,5701.657016816,11965,16751000,0.000000
2442,24.420036,5701.667011964,5701.667011964,11970,16758000,0.000000
2443,24.430066,5701.677042257,5701.677042257,11975,16765000,0.000000
2444,24.440044,5701.687020208,5701.687020208,11979,16770600,0.000000
2445,24.450051,5701.697027358,5701.697027358,11984,16777600,0.000000
2446,24.460057,5701.707033056,5701.707033056,11989,16784600,0.000000
2447,24.470043,5701.717019004,5701.717019004,11994,16791600,0.000000
2448,24.480038,5701.727013947,5701.727013947,11999,16798600,0.000000
2449,24.490049,5701.737025376,5701.737025376,12004,16805600,0.000000
2450,24.500042,5701.747017827,5701.747017827,12009,16812600,0.000000
2451,24.510042,5701.757017868,5701.757017868,12014,16819600,0.000000
2452,24.520043,5701.767018815,5701.767018815,12019,16826600,0.000000
2453,24.530036,5701.777011719,5701.777011719,12024,16833600,0.000000
2454,24.540082,5701.787057840,5701.787057840,12029,16840600,0.000000
2455,24.550066,5701.797042496,5701.797042496,12033,16846200,0.000000
2456,24.560041,5701.807016985,5701.807016985,12038,16853200,0.000000
2457,24.570071,5701.817046665,5701.817046665,12043,16860200,0.000000
2458,24.580044,5701.827019586,5701.827019586,12048,16867200,0.000000
2459,24.590039,5701.837015324,5701.837015324,12053,16874200,0.000000
2460,24.600045,5701.847020752,5701.847020752,12058,16881200,0.000000
2461,24.610040,5701.857015752,5701.857015752,12063,16888200,0.000000
2462,24.620036,5701.867011745,5701.867011745,12068,16895200,0.000000
2463,24.630035,5701.877011260,5701.877011260,12073,16902200,0.000000
2464,24.640060,5701.887036366,5701.887036366,12078,16909200,0.000000
2465,24.650078,5701.897054151,5701.897054151,12082,16914800,0.000000
2466,24.660068,5701.907043756,5701.907043756,12087,16921800,0.000000
2467,24.670048,5701.917024475,5701.917024475,12092,16928800,0.000000
2468,24.680069,5701.927044796,5701.927044796,12097,16935800,0.000000
2469,24.690040,5701.937015688,5701.937015688,12102,16942800,0.000000
2470,24.700045,5701.947021481,5701.947021481,12107,16949800,0.000000
2471,24.710037,5701.957013162,5701.957013162,12112,16956800,0.000000
2472,24.720042,5701.967018333,5701.967018333,12117,16963800,0.000000
2473,24.730042,5701.977018102,5701.977018102,12122,16970800,0.000000
2474,24.740049,5701.987025255,5701.987025255,12127,16977800,0.000000
2475,24.750050,5701.997026188,5701.997026188,12131,16983400,0.000000
2476,24.760070,5702.007046167,5702.007046167,12136,16990400,0.000000
2477,24.770044,5702.017019564,5702.017019564,12141,16997400,0.000000
2478,24.780064,5702.027040159,5702.027040159,12146,17004400,0.000000
2479,24.790071,5702.037047100,5702.037047100,12151,17011400,0.000000
2480,24.800037,5702.047013001,5702.047013001,12156,17018400,0.000000
2481,24.810048,5702.057024315,5702.057024315,12161,17025400,0.000000
2482,24.820045,5702.067020901,5702.067020901,12166,17032400,0.000000
2483,24.830042,5702.077017716,5702.077017716,12171,17039400,0.000000
2484,24.840009,5702.086984675,5702.086984675,12176,17046400,0.000000
2485,24.850073,5702.097048849,5702.097048849,12180,17052000,0.000000
2486,24.860065,5702.107040850,5702.107040850,12185,17059000,0.000000
2487,24.870045,5702.117021371,5702.117021371,12190,17066000,0.000000
2488,24.880046,5702.127022331,5702.127022331,12195,17073000,0.000000
2489,24.890043,5702.137019241,5702.137019241,12200,17080000,0.000000
2490,24.900047,5702.147023291,5702.147023291,12205,17087000,0.000000
2491,24.910045,5702.157021094,5702.157021094,12210,17094000,0.000000
2492,24.920041,5702.167017208,5702.167017208,12215,17101000,0.000000
2493,24.930045,5702.177021346,5702.177021346,12220,17108000,0.000000
2494,24.940042,5702.187018223,5702.187018223,12225,17115000,0.000000
2495,24.950071,5702.197046797,5702.197046797,12229,17120600,0.000000
2496,24.960045,5702.207020844,5702.207020844,12234,17127600,0.000000
2497,24.970042,5702.217017737,5702.217017737,12239,17134600,0.000000
2498,24.980046,5702.227021795,5702.227021795,12244,17141600,0.000000
2499,24.990068,5702.237043896,5702.237043896,12249,17148600,0.000000
2500,25.000041,5702.247017458,5702.247017458,12254,17155600,0.000000
2501,25.010036,5702.257012229,5702.257012229,12259,17162600,0.000000
2502,25.020037,5702.267012577,5702.267012577,12264,17169600,0.000000
2503,25.030039,5702.277015247,5702.277015247,12269,17176600,0.000000
2504,25.040038,5702.287013631,5702.287013631,12274,17183600,0.000000
2505,25.050082,5702.297057650,5702.297057650,12279,17190600,0.000000
2506,25.060046,5702.307021822,5702.307021822,12283,17196200,0.000000
2507,25.070045,5702.317021140,5702.317021140,12288,17203200,0.000000
2508,25.080039,5702.327015069,5702.327015069,12293,17210200,0.000000
2509,25.090040,5702.337016494,5702.337016494,12298,17217200,0.000000
2510,25.100051,5702.347026787,5702.347026787,12303,17224200,0.000000
2511,25.110044,5702.357020203,5702.357020203,12308,17231200,0.000000
2512,25.120044,5702.367019910,5702.367019910,12313,17238200,0.000000
2513,25.130048,5702.377023838,5702.377023838,12318,17245200,0.000000
2514,25.140069,5702.387045196,5702.387045196,12323,17252200,0.000000
2515,25.150070,5702.397046190,5702.397046190,12328,17259200,0.000000
2516,25.160068,5702.407044250,5702.407044250,12332,17264800,0.000000
2517,25.170070,5702.417045736,5702.417045736,12337,17271800,0.000000
2518,25.180043,5702.427019480,5702.427019480,12342,17278800,0.000000
2519,25.190047,5702.437023126,5702.437023126,12347,17285800,0.000000
2520,25.200049,5702.447025336,5702.447025336,12352,17292800,0.000000
2521,25.210044,5702.457020197,5702.457020197,12357,17299800,0.000000
2522,25.220036,5702.467012451,5702.467012451,12362,17306800,0.000000
2523,25.230043,5702.477018969,5702.477018969,12367,17313800,0.000000
2524,25.240039,5702.487014670,5702.487014670,12372,17320800,0.000000
2525,25.250053,5702.497028938,5702.497028938,12377,17327800,0.000000
2526,25.260037,5702.507013453,5702.507013453,12381,17333400,0.000000
2527,25.270037,5702.517013134,5702.517013134,12386,17340400,0.000000
2528,25.280069,5702.527044698,5702.527044698,12391,17347400,0.000000
2529,25.290040,5702.537016265,5702.537016265,12396,17354400,0.000000
2530,25.300042,5702.547018332,5702.547018332,12401,17361400,0.000000
2531,25.310043,5702.557019116,5702.557019116,12406,17368400,0.000000
2532,25.320039,5702.567014906,5702.567014906,12411,17375400,0.000000
2533,25.330036,5702.577011600,5702.577011600,12416,17382400,0.000000
2534,25.340035,5702.587010917,5702.587010917,12421,17389400,0.000000
2535,25.350022,5702.596998002,5702.596998002,12426,17396400,0.000000
2536,25.360041,5702.607016644,5702.607016644,12430,17402000,0.000000
2537,25.370038,5702.617013975,5702.617013975,12435,17409000,0.000000
2538,25.380044,5702.627020218,5702.627020218,12440,17416000,0.000000
2539,25.390046,5702.637022394,5702.637022394,12445,17423000,0.000000
2540,25.400043,5702.647018594,5702.647018594,12450,17430000,0.000000
2541,25.410043,5702.657019469,5702.657019469,12455,17437000,0.000000
2542,25.420040,5702.667015891,5702.667015891,12460,17444000,0.000000
2543,25.430037,5702.677012623,5702.677012623,12465,17451000,0.000000
2544,25.440035,5702.687011458,5702.687011458,12470,17458000,0.000000
2545,25.450041,5702.697016975,5702.697016975,12475,17465000,0.000000
2546,25.460079,5702.707055323,5702.707055323,12479,17470600,0.000000
2547,25.470073,5702.717049529,5702.717049529,12484,17477600,0.000000
2548,25.480073,5702.727049067,5702.727049067,12489,17484600,0.000000
2549,25.490044,5702.737020333,5702.737020333,12494,17491600,0.000000
2550,25.500043,5702.747019491,5702.747019491,12499,17498600,0.000000
2551,25.510050,5702.757025747,5702.757025747,12504,17505600,0.000000
2552,25.520041,5702.767016751,5702.767016751,12509,17512600,0.000000
2553,25.530037,5702.777013412,5702.777013412,12514,17519600,0.000000
2554,25.540041,5702.787016911,5702.787016911,12519,17526600,0.000000
2555,25.550065,5702.797041407,5702.797041407,12524,17533600,0.000000
2556,25.560070,5702.807045748,5702.807045748,12528,17539200,0.000000
2557,25.570045,5702.817021202,5702.817021202,12533,17546200,0.000000
2558,25.580051,5702.827026592,5702.827026592,12538,17553200,0.000000
2559,25.590087,5702.837062884,5702.837062884,12543,17560200,0.000000
2560,25.600039,5702.847014668,5702.847014668,12548,17567200,0.000000
2561,25.610047,5702.857022602,5702.857022602,12553,17574200,0.000000
2562,25.620044,5702.867019961,5702.867019961,12558,17581200,0.000000
2563,25.630038,5702.877013937,5702.877013937,12563,17588200,0.000000
2564,25.640035,5702.887010959,5702.887010959,12568,17595200,0.000000
2565,25.650066,5702.897042064,5702.897042064,12573,17602200,0.000000
2566,25.660075,5702.907051529,5702.907051529,12578,17609200,0.000000
2567,25.670040,5702.917016163,5702.917016163,12582,17614800,0.000000
2568,25.680048,5702.927024252,5702.927024252,12587,17621800,0.000000
2569,25.690054,5702.937029840,5702.937029840,12592,17628800,0.000000
2570,25.700048,5702.947024212,5702.947024212,12597,17635800,0.000000
2571,25.710048,5702.957024147,5702.957024147,12602,17642800,0.000000
2572,25.720045,5702.967020671,5702.967020671,12607,17649800,0.000000
2573,25.730041,5702.977016930,5702.977016930,12612,17656800,0.000000
2574,25.740042,5702.987018353,5702.987018353,12617,17663800,0.000000
2575,25.750035,5702.997010697,5702.997010697,12622,17670800,0.000000
2576,25.760070,5703.007045724,5703.007045724,12627,17677800,0.000000
2577,25.770044,5703.017019781,5703.017019781,12631,17683400,0.000000
2578,25.780043,5703.027019026,5703.027019026,12636,17690400,0.000000
2579,25.790068,5703.037044489,5703.037044489,12641,17697400,0.000000
2580,25.800066,5703.047041554,5703.047041554,12646,17704400,0.000000
2581,25.810061,5703.057036748,5703.057036748,12651,17711400,0.000000
2582,25.820037,5703.067012758,5703.067012758,12656,17718400,0.000000
2583,25.830044,5703.077020225,5703.077020225,12661,17725400,0.000000
2584,25.840037,5703.087013120,5703.087013120,12666,17732400,0.000000
2585,25.850039,5703.097015065,5703.097015065,12671,17739400,0.000000
2586,25.860043,5703.107018973,5703.107018973,12676,17746400,0.000000
2587,25.870067,5703.117042669,5703.117042669,12680,17752000,0.000000
2588,25.880066,5703.127042104,5703.127042104,12685,17759000,0.000000
2589,25.890069,5703.137044799,5703.137044799,12690,17766000,0.000000
2590,25.900069,5703.147044834,5703.147044834,12695,17773000,0.000000
2591,25.910059,5703.157034885,5703.157034885,12700,17780000,0.000000
2592,25.920043,5703.167019221,5703.167019221,12705,17787000,0.000000
2593,25.930042,5703.177017810,5703.177017810,12710,17794000,0.000000
2594,25.940042,5703.187018015,5703.187018015,12715,17801000,0.000000
2595,25.950047,5703.197023428,5703.197023428,12720,17808000,0.000000
2596,25.960013,5703.206988562,5703.206988562,12725,17815000,0.000000
2597,25.970045,5703.217020550,5703.217020550,12729,17820600,0.000000
2598,25.980045,5703.227021463,5703.227021463,12734,17827600,0.000000
2599,25.990043,5703.237019524,5703.237019524,12739,17834600,0.000000
2600,26.000048,5703.247023928,5703.247023928,12744,17841600,0.000000
2601,26.010039,5703.257014590,5703.257014590,12749,17848600,0.000000
2602,26.020049,5703.267024714,5703.267024714,12754,17855600,0.000000
2603,26.030042,5703.277018362,5703.277018362,12759,17862600,0.000000
2604,26.040034,5703.287010226,5703.287010226,12764,17869600,0.000000
2605,26.050064,5703.297040441,5703.297040441,12769,17876600,0.000000
2606,26.060040,5703.307016439,5703.307016439,12774,17883600,0.000000
2607,26.070039,5703.317015503,5703.317015503,12778,17889200,0.000000
2608,26.080051,5703.327027533,5703.327027533,12783,17896200,0.000000
2609,26.090050,5703.337026116,5703.337026116,12788,17903200,0.000000
2610,26.100049,5703.347025263,5703.347025263,12793,17910200,0.000000
2611,26.110043,5703.357019329,5703.357019329,12798,17917200,0.000000
2612,26.120037,5703.367012717,5703.367012717,12803,17924200,0.000000
2613,26.130055,5703.377031334,5703.377031334,12808,17931200,0.000000
2614,26.140064,5703.387040086,5703.387040086,12813,17938200,0.000000
2615,26.150042,5703.397017573,5703.397017573,12818,17945200,0.000000
2616,26.160062,5703.407037969,5703.407037969,12823,17952200,0.000000
2617,26.170078,5703.417054236,5703.417054236,12828,17959200,0.000000
2618,26.180053,5703.427029381,5703.427029381,12832,17964800,0.000000
2619,26.190078,5703.437053932,5703.437053932,12837,17971800,0.000000
2620,26.200091,5703.447067266,5703.447067266,12842,17978800,0.000000
2621,26.210074,5703.457049574,5703.457049574,12847,17985800,0.000000
2622,26.220045,5703.467021388,5703.467021388,12852,17992800,0.000000
2623,26.230040,5703.477015643,5703.477015643,12857,17999800,0.000000
2624,26.240043,5703.487019090,5703.487019090,12862,18006800,0.000000
2625,26.250042,5703.497018434,5703.497018434,12867,18013800,0.000000
2626,26.260074,5703.507049537,5703.507049537,12872,18020800,0.000000
2627,26.270057,5703.517032636,5703.517032636,12877,18027800,0.000000
2628,26.280047,5703.527022816,5703.527022816,12881,18033400,0.000000
2629,26.290066,5703.537041687,5703.537041687,12886,18040400,0.000000
2630,26.300046,5703.547021938,5703.547021938,12891,18047400,0.000000
2631,26.310074,5703.557049688,5703.557049688,12896,18054400,0.000000
2632,26.320033,5703.567009257,5703.567009257,12901,18061400,0.000000
2633,26.330062,5703.577038231,5703.577038231,12906,18068400,0.000000
2634,26.340066,5703.587041608,5703.587041608,12911,18075400,0.000000
2635,26.350039,5703.597015439,5703.597015439,12916,18082400,0.000000
2636,26.360033,5703.607008803,5703.607008803,12921,18089400,0.000000
2637,26.370054,5703.617030418,5703.617030418,12926,18096400,0.000000
2638,26.380041,5703.627016862,5703.627016862,12930,18102000,0.000000
2639,26.390045,5703.637021190,5703.637021190,12935,18109000,0.000000
2640,26.400034,5703.647010187,5703.647010187,12940,18116000,0.000000
2641,26.410053,5703.657029068,5703.657029068,12945,18123000,0.000000
2642,26.420034,5703.667010271,5703.667010271,12950,18130000,0.000000
2643,26.430045,5703.677020602,5703.677020602,12955,18137000,0.000000
2644,26.440043,5703.687018779,5703.687018779,12960,18144000,0.000000
2645,26.450037,5703.697012641,5703.697012641,12965,18151000,0.000000
2646,26.460034,5703.707009592,5703.707009592,12970,18158000,0.000000
2647,26.470017,5703.716993470,5703.716993470,12975,18165000,0.000000
2648,26.480036,5703.727011981,5703.727011981,12979,18170600,0.000000
2649,26.490067,5703.737043505,5703.737043505,12984,18177600,0.000000
2650,26.500086,5703.747062522,5703.747062522,12989,18184600,0.000000
2651,26.510074,5703.757050467,5703.757050467,12994,18191600,0.000000
2652,26.520044,5703.767020083,5703.767020083,12999,18198600,0.000000
2653,26.530043,5703.777018832,5703.777018832,13004,18205600,0.000000
2654,26.540062,5703.787038369,5703.787038369,13009,18212600,0.000000
2655,26.550041,5703.797017202,5703.797017202,13014,18219600,0.000000
2656,26.560044,5703.807020409,5703.807020409,13019,18226600,0.000000
2657,26.570037,5703.817012820,5703.817012820,13024,18233600,0.000000
2658,26.580042,5703.827018300,5703.827018300,13028,18239200,0.000000
2659,26.590054,5703.837029776,5703.837029776,13033,18246200,0.000000
2660,26.600044,5703.847020004,5703.847020004,13038,18253200,0.000000
2661,26.610045,5703.857021045,5703.857021045,13043,18260200,0.000000
2662,26.620045,5703.867020817,5703.867020817,13048,18267200,0.000000
2663,26.630036,5703.877011769,5703.877011769,13053,18274200,0.000000
2664,26.640045,5703.887020685,5703.887020685,13058,18281200,0.000000
2665,26.650040,5703.897015758,5703.897015758,13063,18288200,0.000000
2666,26.660038,5703.907013844,5703.907013844,13068,18295200,0.000000
2667,26.670064,5703.917040056,5703.917040056,13073,18302200,0.000000
2668,26.680059,5703.927035203,5703.927035203,13077,18307800,0.000000
2669,26.690041,5703.937017390,5703.937017390,13082,18314800,0.000000
2670,26.700051,5703.947026905,5703.947026905,13087,18321800,0.000000
2671,26.710036,5703.957012429,5703.957012429,13092,18328800,0.000000
2672,26.720043,5703.967019502,5703.967019502,13097,18335800,0.000000
2673,26.730043,5703.977019469,5703.977019469,13102,18342800,0.000000
2674,26.740051,5703.987026570,5703.987026570,13107,18349800,0.000000
2675,26.750038,5703.997013998,5703.997013998,13112,18356800,0.000000
2676,26.760042,5704.007017696,5704.007017696,13117,18363800,0.000000
2677,26.770051,5704.017026797,5704.017026797,13122,18370800,0.000000
2678,26.780086,5704.027062322,5704.027062322,13127,18377800,0.000000
2679,26.790047,5704.037022635,5704.037022635,13131,18383400,0.000000
2680,26.800046,5704.047022054,5704.047022054,13136,18390400,0.000000
2681,26.810068,5704.057044028,5704.057044028,13141,18397400,0.000000
2682,26.820071,5704.067046542,5704.067046542,13146,18404400,0.000000
2683,26.830047,5704.077023115,5704.077023115,13151,18411400,0.000000
2684,26.840046,5704.087021765,5704.087021765,13156,18418400,0.000000
2685,26.850042,5704.097018512,5704.097018512,13161,18425400,0.000000
2686,26.860044,5704.107020296,5704.107020296,13166,18432400,0.000000
2687,26.870045,5704.117020786,5704.117020786,13171,18439400,0.000000
2688,26.880083,5704.127059317,5704.127059317,13176,18446400,0.000000
2689,26.890042,5704.137017598,5704.137017598,13180,18452000,0.000000
2690,26.900046,5704.147021657,5704.147021657,13185,18459000,0.000000
2691,26.910037,5704.157013243,5704.157013243,13190,18466000,0.000000
2692,26.920072,5704.167048059,5704.167048059,13195,18473000,0.000000
2693,26.930039,5704.177015503,5704.177015503,13200,18480000,0.000000
2694,26.940068,5704.187044155,5704.187044155,13205,18487000,0.000000
2695,26.950063,5704.197039485,5704.197039485,13210,18494000,0.000000
2696,26.960051,5704.207026923,5704.207026923,13215,18501000,0.000000
2697,26.970036,5704.217012272,5704.217012272,13220,18508000,0.000000
2698,26.980054,5704.227030475,5704.227030475,13225,18515000,0.000000
2699,26.990043,5704.237019287,5704.237019287,13229,18520600,0.000000
2700,27.000044,5704.247019983,5704.247019983,13234,18527600,0.000000
2701,27.010043,5704.257019378,5704.257019378,13239,18534600,0.000000
2702,27.020048,5704.267024321,5704.267024321,13244,18541600,0.000000
2703,27.030047,5704.277023161,5704.277023161,13249,18548600,0.000000
2704,27.040043,5704.287018681,5704.287018681,13254,18555600,0.000000
2705,27.050047,5704.297023012,5704.297023012,13259,18562600,0.000000
2706,27.060043,5704.307018558,5704.307018558,13264,18569600,0.000000
2707,27.070037,5704.317012580,5704.317012580,13269,18576600,0.000000
2708,27.080001,5704.326976600,5704.326976600,13274,18583600,0.000000
2709,27.090055,5704.337031278,5704.337031278,13278,18589200,0.000000
2710,27.100070,5704.347046330,5704.347046330,13283,18596200,0.000000
2711,27.110044,5704.357019599,5704.357019599,13288,18603200,0.000000
2712,27.120042,5704.367017672,5704.367017672,13293,18610200,0.000000
2713,27.130039,5704.377015363,5704.377015363,13298,18617200,0.000000
2714,27.140044,5704.387020442,5704.387020442,13303,18624200,0.000000
2715,27.150040,5704.397015613,5704.397015613,13308,18631200,0.000000
2716,27.160055,5704.407031474,5704.407031474,13313,18638200,0.000000
2717,27.170041,5704.417016780,5704.417016780,13318,18645200,0.000000
2718,27.180044,5704.427020207,5704.427020207,13323,18652200,0.000000
2719,27.190066,5704.437041690,5704.437041690,13327,18657800,0.000000
2720,27.200067,5704.447043084,5704.447043084,13332,18664800,0.000000
2721,27.210050,5704.457025653,5704.457025653,13337,18671800,0.000000
2722,27.220090,5704.467066227,5704.467066227,13342,18678800,0.000000
2723,27.230063,5704.477039250,5704.477039250,13347,18685800,0.000000
2724,27.240070,5704.487045830,5704.487045830,13352,18692800,0.000000
2725,27.250042,5704.497017665,5704.497017665,13357,18699800,0.000000
2726,27.260061,5704.507037249,5704.507037249,13362,18706800,0.000000
2727,27.270049,5704.517025253,5704.517025253,13367,18713800,0.000000
2728,27.280049,5704.527025263,5704.527025263,13372,18720800,0.000000
2729,27.290051,5704.537026796,5704.537026796,13376,18726400,0.000000
2730,27.300043,5704.547019088,5704.547019088,13381,18733400,0.000000
2731,27.310066,5704.557042134,5704.557042134,13386,18740400,0.000000
2732,27.320042,5704.567018280,5704.567018280,13391,18747400,0.000000
2733,27.330044,5704.577020071,5704.577020071,13396,18754400,0.000000
2734,27.340063,5704.587038774,5704.587038774,13401,18761400,0.000000
2735,27.350047,5704.597023429,5704.597023429,13406,18768400,0.000000
2736,27.360042,5704.607017575,5704.607017575,13411,18775400,0.000000
2737,27.370043,5704.617019529,5704.617019529,13416,18782400,0.000000
2738,27.380065,5704.627041417,5704.627041417,13421,18789400,0.000000
2739,27.390105,5704.637081373,5704.637081373,13426,18796400,0.000000
2740,27.400058,5704.647034406,5704.647034406,13430,18802000,0.000000
2741,27.410052,5704.657027689,5704.657027689,13435,18809000,0.000000
2742,27.420042,5704.667018370,5704.667018370,13440,18816000,0.000000
2743,27.430052,5704.677027706,5704.677027706,13445,18823000,0.000000
2744,27.440037,5704.687012710,5704.687012710,13450,18830000,0.000000
2745,27.450052,5704.697028504,5704.697028504,13455,18837000,0.000000
2746,27.460044,5704.707020359,5704.707020359,13460,18844000,0.000000
2747,27.470055,5704.717031022,5704.717031022,13465,18851000,0.000000
2748,27.480037,5704.727012577,5704.727012577,13470,18858000,0.000000
2749,27.490059,5704.737035048,5704.737035048,13475,18865000,0.000000
2750,27.500048,5704.747023581,5704.747023581,13479,18870600,0.000000
2751,27.510047,5704.757022736,5704.757022736,13484,18877600,0.000000
2752,27.520078,5704.767054229,5704.767054229,13489,18884600,0.000000
2753,27.530039,5704.777014962,5704.777014962,13494,18891600,0.000000
2754,27.540039,5704.787014621,5704.787014621,13499,18898600,0.000000
2755,27.550037,5704.797013526,5704.797013526,13504,18905600,0.000000
2756,27.560038,5704.807013982,5704.807013982,13509,18912600,0.000000
2757,27.570037,5704.817013044,5704.817013044,13514,18919600,0.000000
2758,27.580037,5704.827012713,5704.827012713,13519,18926600,0.000000
2759,27.590014,5704.836990234,5704.836990234,13524,18933600,0.000000
2760,27.600042,5704.847018044,5704.847018044,13528,18939200,0.000000
2761,27.610047,5704.857022959,5704.857022959,13533,18946200,0.000000
2762,27.620038,5704.867013817,5704.867013817,13538,18953200,0.000000
2763,27.630057,5704.877032682,5704.877032682,13543,18960200,0.000000
2764,27.640042,5704.887017848,5704.887017848,13548,18967200,0.000000
2765,27.650040,5704.897015731,5704.897015731,13553,18974200,0.000000
2766,27.660052,5704.907028179,5704.907028179,13558,18981200,0.000000
2767,27.670036,5704.917012318,5704.917012318,13563,18988200,0.000000
2768,27.680038,5704.927013767,5704.927013767,13568,18995200,0.000000
2769,27.690036,5704.937012383,5704.937012383,13573,19002200,0.000000
2770,27.700038,5704.947014093,5704.947014093,13577,19007800,0.000000
2771,27.710039,5704.957014751,5704.957014751,13582,19014800,0.000000
2772,27.720036,5704.967011929,5704.967011929,13587,19021800,0.000000
2773,27.730045,5704.977021068,5704.977021068,13592,19028800,0.000000
2774,27.740057,5704.987033008,5704.987033008,13597,19035800,0.000000
2775,27.750040,5704.997015890,5704.997015890,13602,19042800,0.000000
2776,27.760065,5705.007041239,5705.007041239,13607,19049800,0.000000
2777,27.770041,5705.017016910,5705.017016910,13612,19056800,0.000000
2778,27.780044,5705.027019858,5705.027019858,13617,19063800,0.000000
2779,27.790038,5705.037013642,5705.037013642,13622,19070800,0.000000
2780,27.800043,5705.047019113,5705.047019113,13626,19076400,0.000000
2781,27.810043,5705.057018955,5705.057018955,13631,19083400,0.000000
2782,27.820044,5705.067020208,5705.067020208,13636,19090400,0.000000
2783,27.830051,5705.077026596,5705.077026596,13641,19097400,0.000000
2784,27.840041,5705.087017013,5705.087017013,13646,19104400,0.000000
2785,27.850043,5705.097019174,5705.097019174,13651,19111400,0.000000
2786,27.860038,5705.107013775,5705.107013775,13656,19118400,0.000000
2787,27.870041,5705.117017062,5705.117017062,13661,19125400,0.000000
2788,27.880037,5705.127012817,5705.127012817,13666,19132400,0.000000
2789,27.890046,5705.137021727,5705.137021727,13671,19139400,0.000000
2790,27.900071,5705.147046894,5705.147046894,13676,19146400,0.000000
2791,27.910045,5705.157021311,5705.157021311,13680,19152000,0.000000
2792,27.920036,5705.167011968,5705.167011968,13685,19159000,0.000000
2793,27.930037,5705.177012543,5705.177012543,13690,19166000,0.000000
2794,27.940042,5705.187017640,5705.187017640,13695,19173000,0.000000
2795,27.950042,5705.197017600,5705.197017600,13700,19180000,0.000000
2796,27.960046,5705.207021598,5705.207021598,13705,19187000,0.000000
2797,27.970034,5705.217009865,5705.217009865,13710,19194000,0.000000
2798,27.980042,5705.227017682,5705.227017682,13715,19201000,0.000000
2799,27.990064,5705.237039696,5705.237039696,13720,19208000,0.000000
2800,28.000087,5705.247063393,5705.247063393,13725,19215000,0.000000
2801,28.010044,5705.257019766,5705.257019766,13729,19220600,0.000000
2802,28.020046,5705.267022239,5705.267022239,13734,19227600,0.000000
2803,28.030069,5705.277044698,5705.277044698,13739,19234600,0.000000
2804,28.040043,5705.287019430,5705.287019430,13744,19241600,0.000000
2805,28.050041,5705.297016791,5705.297016791,13749,19248600,0.000000
2806,28.060042,5705.307017990,5705.307017990,13754,19255600,0.000000
2807,28.070044,5705.317020268,5705.317020268,13759,19262600,0.000000
2808,28.080032,5705.327008488,5705.327008488,13764,19269600,0.000000
2809,28.090036,5705.337012229,5705.337012229,13769,19276600,0.000000
2810,28.100050,5705.347026315,5705.347026315,13774,19283600,0.000000
2811,28.110037,5705.357012652,5705.357012652,13778,19289200,0.000000
2812,28.120038,5705.367014018,5705.367014018,13783,19296200,0.000000
2813,28.130038,5705.377013967,5705.377013967,13788,19303200,0.000000
2814,28.140069,5705.387045051,5705.387045051,13793,19310200,0.000000
2815,28.150040,5705.397015862,5705.397015862,13798,19317200,0.000000
2816,28.160046,5705.407022120,5705.407022120,13803,19324200,0.000000
2817,28.170039,5705.417014860,5705.417014860,13808,19331200,0.000000
2818,28.180043,5705.427019239,5705.427019239,13813,19338200,0.000000
2819,28.190037,5705.437012908,5705.437012908,13818,19345200,0.000000
2820,28.200044,5705.447019580,5705.447019580,13823,19352200,0.000000
2821,28.210050,5705.457026343,5705.457026343,13827,19357800,0.000000
2822,28.220042,5705.467017728,5705.467017728,13832,19364800,0.000000
2823,28.230038,5705.477014067,5705.477014067,13837,19371800,0.000000
2824,28.240043,5705.487018940,5705.487018940,13842,19378800,0.000000
2825,28.250058,5705.497033763,5705.497033763,13847,19385800,0.000000
2826,28.260046,5705.507022031,5705.507022031,13852,19392800,0.000000
2827,28.270041,5705.517016913,5705.517016913,13857,19399800,0.000000
2828,28.280035,5705.527011261,5705.527011261,13862,19406800,0.000000
2829,28.290045,5705.537021194,5705.537021194,13867,19413800,0.000000
2830,28.300033,5705.547008654,5705.547008654,13872,19420800,0.000000
2831,28.310045,5705.557021480,5705.557021480,13876,19426400,0.000000
2832,28.320038,5705.567014373,5705.567014373,13881,19433400,0.000000
2833,28.330040,5705.577015822,5705.577015822,13886,19440400,0.000000
2834,28.340037,5705.587013009,5705.587013009,13891,19447400,0.000000
2835,28.350068,5705.597043998,5705.597043998,13896,19454400,0.000000
2836,28.360040,5705.607015972,5705.607015972,13901,19461400,0.000000
2837,28.370041,5705.617017318,5705.617017318,13906,19468400,0.000000
2838,28.380037,5705.627013506,5705.627013506,13911,19475400,0.000000
2839,28.390041,5705.637017279,5705.637017279,13916,19482400,0.000000
2840,28.400037,5705.647013342,5705.647013342,13921,19489400,0.000000
2841,28.410071,5705.657046782,5705.657046782,13926,19496400,0.000000
2842,28.420070,5705.667045925,5705.667045925,13930,19502000,0.000000
2843,28.430065,5705.677040625,5705.677040625,13935,19509000,0.000000
2844,28.440037,5705.687013021,5705.687013021,13940,19516000,0.000000
2845,28.450074,5705.697050292,5705.697050292,13945,19523000,0.000000
2846,28.460041,5705.707017228,5705.707017228,13950,19530000,0.000000
2847,28.470044,5705.717019605,5705.717019605,13955,19537000,0.000000
2848,28.480040,5705.727015807,5705.727015807,13960,19544000,0.000000
2849,28.490043,5705.737019342,5705.737019342,13965,19551000,0.000000
2850,28.500042,5705.747017768,5705.747017768,13970,19558000,0.000000
2851,28.510053,5705.757029479,5705.757029479,13975,19565000,0.000000
2852,28.520043,5705.767019001,5705.767019001,13979,19570600,0.000000
2853,28.530038,5705.777014342,5705.777014342,13984,19577600,0.000000
2854,28.540046,5705.787021644,5705.787021644,13989,19584600,0.000000
2855,28.550040,5705.797015799,5705.797015799,13994,19591600,0.000000
2856,28.560035,5705.807010776,5705.807010776,13999,19598600,0.000000
2857,28.570044,5705.817019930,5705.817019930,14004,19605600,0.000000
2858,28.580043,5705.827019041,5705.827019041,14009,19612600,0.000000
2859,28.590058,5705.837033647,5705.837033647,14014,19619600,0.000000
2860,28.600039,5705.847014672,5705.847014672,14019,19626600,0.000000
2861,28.610082,5705.857058168,5705.857058168,14024,19633600,0.000000
2862,28.620045,5705.867020609,5705.867020609,14028,19639200,0.000000
2863,28.630044,5705.877020104,5705.877020104,14033,19646200,0.000000
2864,28.640045,5705.887020538,5705.887020538,14038,19653200,0.000000
2865,28.650068,5705.897044440,5705.897044440,14043,19660200,0.000000
2866,28.660045,5705.907021326,5705.907021326,14048,19667200,0.000000
2867,28.670042,5705.917018055,5705.917018055,14053,19674200,0.000000
2868,28.680043,5705.927018839,5705.927018839,14058,19681200,0.000000
2869,28.690036,5705.937012188,5705.937012188,14063,19688200,0.000000
2870,28.700072,5705.947048511,5705.947048511,14068,19695200,0.000000
2871,28.710045,5705.957020584,5705.957020584,14073,19702200,0.000000
2872,28.720065,5705.967040945,5705.967040945,14077,19707800,0.000000
2873,28.730048,5705.977024058,5705.977024058,14082,19714800,0.000000
2874,28.740064,5705.987039997,5705.987039997,14087,19721800,0.000000
2875,28.750037,5705.997013459,5705.997013459,14092,19728800,0.000000
2876,28.760065,5706.007041449,5706.007041449,14097,19735800,0.000000
2877,28.770043,5706.017019182,5706.017019182,14102,19742800,0.000000
2878,28.780058,5706.027034217,5706.027034217,14107,19749800,0.000000
2879,28.790054,5706.037029572,5706.037029572,14112,19756800,0.000000
2880,28.800041,5706.047017013,5706.047017013,14117,19763800,0.000000
2881,28.810036,5706.057012416,5706.057012416,14122,19770800,0.000000
2882,28.820042,5706.067018450,5706.067018450,14126,19776400,0.000000
2883,28.830070,5706.077045612,5706.077045612,14131,19783400,0.000000
2884,28.840070,5706.087045597,5706.087045597,14136,19790400,0.000000
2885,28.850048,5706.097024009,5706.097024009,14141,19797400,0.000000
2886,28.860090,5706.107065605,5706.107065605,14146,19804400,0.000000
2887,28.870057,5706.117032810,5706.117032810,14151,19811400,0.000000
2888,28.880045,5706.127020714,5706.127020714,14156,19818400,0.000000
2889,28.890044,5706.137020395,5706.137020395,14161,19825400,0.000000
2890,28.900082,5706.147058258,5706.147058258,14166,19832400,0.000000
2891,28.910066,5706.157041715,5706.157041715,14171,19839400,0.000000
2892,28.920066,5706.167042370,5706.167042370,14175,19845000,0.000000
2893,28.930046,5706.177021763,5706.177021763,14180,19852000,0.000000
2894,28.940042,5706.187017865,5706.187017865,14185,19859000,0.000000
2895,28.950039,5706.197015144,5706.197015144,14190,19866000,0.000000
2896,28.960065,5706.207041312,5706.207041312,14195,19873000,0.000000
2897,28.970041,5706.217017322,5706.217017322,14200,19880000,0.000000
2898,28.980050,5706.227026028,5706.227026028,14205,19887000,0.000000
2899,28.990041,5706.237016834,5706.237016834,14210,19894000,0.000000
2900,29.000045,5706.247020584,5706.247020584,14215,19901000,0.000000
2901,29.010055,5706.257030756,5706.257030756,14220,19908000,0.000000
2902,29.020066,5706.267041954,5706.267041954,14225,19915000,0.000000
2903,29.030047,5706.277023117,5706.277023117,14229,19920600,0.000000
2904,29.040045,5706.287020862,5706.287020862,14234,19927600,0.000000
2905,29.050055,5706.297031450,5706.297031450,14239,19934600,0.000000
2906,29.060060,5706.307036187,5706.307036187,14244,19941600,0.000000
2907,29.070045,5706.317020644,5706.317020644,14249,19948600,0.000000
2908,29.080054,5706.327029937,5706.327029937,14254,19955600,0.000000
2909,29.090039,5706.337015085,5706.337015085,14259,19962600,0.000000
2910,29.100040,5706.347016116,5706.347016116,14264,19969600,0.000000
2911,29.110039,5706.357014793,5706.357014793,14269,19976600,0.000000
2912,29.120059,5706.367035378,5706.367035378,14274,19983600,0.000000
2913,29.130072,5706.377048109,5706.377048109,14278,19989200,0.000000
2914,29.140072,5706.387048423,5706.387048423,14283,19996200,0.000000
2915,29.150062,5706.397038249,5706.397038249,14288,20003200,0.000000
2916,29.160059,5706.407034890,5706.407034890,14293,20010200,0.000000
2917,29.170038,5706.417014233,5706.417014233,14298,20017200,0.000000
2918,29.180044,5706.427020119,5706.427020119,14303,20024200,0.000000
2919,29.190045,5706.437020899,5706.437020899,14308,20031200,0.000000
2920,29.200044,5706.447020366,5706.447020366,14313,20038200,0.000000
2921,29.210040,5706.457016378,5706.457016378,14318,20045200,0.000000
2922,29.220049,5706.467024740,5706.467024740,14323,20052200,0.000000
2923,29.230050,5706.477025853,5706.477025853,14327,20057800,0.000000
2924,29.240042,5706.487017839,5706.487017839,14332,20064800,0.000000
2925,29.250078,5706.497054005,5706.497054005,14337,20071800,0.000000
2926,29.260070,5706.507046342,5706.507046342,14342,20078800,0.000000
2927,29.270070,5706.517045714,5706.517045714,14347,20085800,0.000000
2928,29.280046,5706.527022189,5706.527022189,14352,20092800,0.000000
2929,29.290044,5706.537020010,5706.537020010,14357,20099800,0.000000
2930,29.300044,5706.547020169,5706.547020169,14362,20106800,0.000000
2931,29.310041,5706.557017447,5706.557017447,14367,20113800,0.000000
2932,29.320005,5706.566980534,5706.566980534,14372,20120800,0.000000
2933,29.330038,5706.577014470,5706.577014470,14376,20126400,0.000000
2934,29.340067,5706.587043029,5706.587043029,14381,20133400,0.000000
2935,29.350051,5706.597026757,5706.597026757,14386,20140400,0.000000
2936,29.360048,5706.607023683,5706.607023683,14391,20147400,0.000000
2937,29.370046,5706.617022300,5706.617022300,14396,20154400,0.000000
2938,29.380045,5706.627021405,5706.627021405,14401,20161400,0.000000
2939,29.390042,5706.637017936,5706.637017936,14406,20168400,0.000000
2940,29.400042,5706.647017589,5706.647017589,14411,20175400,0.000000
2941,29.410042,5706.657018175,5706.657018175,14416,20182400,0.000000
2942,29.420043,5706.667019470,5706.667019470,14421,20189400,0.000000
2943,29.430050,5706.677025594,5706.677025594,14425,20195000,0.000000
2944,29.440038,5706.687014324,5706.687014324,14430,20202000,0.000000
2945,29.450080,5706.697056024,5706.697056024,14435,20209000,0.000000
2946,29.460046,5706.707021918,5706.707021918,14440,20216000,0.000000
2947,29.470044,5706.717020374,5706.717020374,14445,20223000,0.000000
2948,29.480042,5706.727017633,5706.727017633,14450,20230000,0.000000
2949,29.490042,5706.737018193,5706.737018193,14455,20237000,0.000000
2950,29.500058,5706.747034164,5706.747034164,14460,20244000,0.000000
2951,29.510047,5706.757022959,5706.757022959,14465,20251000,0.000000
2952,29.520051,5706.767026809,5706.767026809,14470,20258000,0.000000
2953,29.530038,5706.777013913,5706.777013913,14474,20263600,0.000000
2954,29.540037,5706.787012565,5706.787012565,14479,20270600,0.000000
2955,29.550043,5706.797018950,5706.797018950,14484,20277600,0.000000
2956,29.560043,5706.807019411,5706.807019411,14489,20284600,0.000000
2957,29.570038,5706.817013837,5706.817013837,14494,20291600,0.000000
2958,29.580037,5706.827012981,5706.827012981,14499,20298600,0.000000
2959,29.590046,5706.837022042,5706.837022042,14504,20305600,0.000000
2960,29.600043,5706.847018741,5706.847018741,14509,20312600,0.000000
2961,29.610050,5706.857025741,5706.857025741,14514,20319600,0.000000
2962,29.620050,5706.867025995,5706.867025995,14519,20326600,0.000000
2963,29.630054,5706.877030372,5706.877030372,14524,20333600,0.000000
2964,29.640046,5706.887021588,5706.887021588,14528,20339200,0.000000
2965,29.650056,5706.897032225,5706.897032225,14533,20346200,0.000000
2966,29.660036,5706.907012509,5706.907012509,14538,20353200,0.000000
2967,29.670039,5706.917014581,5706.917014581,14543,20360200,0.000000
2968,29.680045,5706.927020851,5706.927020851,14548,20367200,0.000000
2969,29.690060,5706.937035897,5706.937035897,14553,20374200,0.000000
2970,29.700038,5706.947014346,5706.947014346,14558,20381200,0.000000
2971,29.710036,5706.957012132,5706.957012132,14563,20388200,0.000000
2972,29.720036,5706.967012208,5706.967012208,14568,20395200,0.000000
2973,29.730061,5706.977036658,5706.977036658,14573,20402200,0.000000
2974,29.740044,5706.987020209,5706.987020209,14577,20407800,0.000000
2975,29.750042,5706.997018323,5706.997018323,14582,20414800,0.000000
2976,29.760060,5707.007035955,5707.007035955,14587,20421800,0.000000
2977,29.770073,5707.017048913,5707.017048913,14592,20428800,0.000000
2978,29.780046,5707.027022064,5707.027022064,14597,20435800,0.000000
2979,29.790039,5707.037015361,5707.037015361,14602,20442800,0.000000
2980,29.800041,5707.047017465,5707.047017465,14607,20449800,0.000000
2981,29.810041,5707.057016934,5707.057016934,14612,20456800,0.000000
2982,29.820036,5707.067011832,5707.067011832,14617,20463800,0.000000
2983,29.830020,5707.076995962,5707.076995962,14622,20470800,0.000000
2984,29.840073,5707.087048704,5707.087048704,14626,20476400,0.000000
2985,29.850078,5707.097054224,5707.097054224,14631,20483400,0.000000
2986,29.860044,5707.107019575,5707.107019575,14636,20490400,0.000000
2987,29.870071,5707.117047319,5707.117047319,14641,20497400,0.000000
2988,29.880048,5707.127023550,5707.127023550,14646,20504400,0.000000
2989,29.890038,5707.137014103,5707.137014103,14651,20511400,0.000000
2990,29.900054,5707.147030026,5707.147030026,14656,20518400,0.000000
2991,29.910038,5707.157014095,5707.157014095,14661,20525400,0.000000
2992,29.920047,5707.167022768,5707.167022768,14666,20532400,0.000000
2993,29.930034,5707.177009829,5707.177009829,14671,20539400,0.000000
2994,29.940074,5707.187049952,5707.187049952,14675,20545000,0.000000
2995,29.950070,5707.197046123,5707.197046123,14680,20552000,0.000000
2996,29.960074,5707.207049917,5707.207049917,14685,20559000,0.000000
2997,29.970053,5707.217029348,5707.217029348,14690,20566000,0.000000
2998,29.980071,5707.227047199,5707.227047199,14695,20573000,0.000000
2999,29.990038,5707.237013817,5707.237013817,14700,20580000,0.000000
3000,30.000051,5707.247026916,5707.247026916,14705,20587000,0.000000
3001,30.010049,5707.257025058,5707.257025058,14710,20594000,0.000000
3002,30.020047,5707.267022658,5707.267022658,14715,20601000,0.000000
3003,30.030066,5707.277042083,5707.277042083,14720,20608000,0.000000
3004,30.040131,5707.287107094,5707.287107094,14725,20615000,0.000000
3005,30.050042,5707.297017597,5707.297017597,14729,20620600,0.000000
3006,30.060041,5707.307017319,5707.307017319,14734,20627600,0.000000
3007,30.070042,5707.317017662,5707.317017662,14739,20634600,0.000000
3008,30.080050,5707.327026042,5707.327026042,14744,20641600,0.000000
3009,30.090047,5707.337022636,5707.337022636,14749,20648600,0.000000
3010,30.100067,5707.347042558,5707.347042558,14754,20655600,0.000000
3011,30.110042,5707.357018508,5707.357018508,14759,20662600,0.000000
3012,30.120037,5707.367012732,5707.367012732,14764,20669600,0.000000
3013,30.130037,5707.377012536,5707.377012536,14769,20676600,0.000000
3014,30.140069,5707.387045209,5707.387045209,14774,20683600,0.000000
3015,30.150071,5707.397046925,5707.397046925,14778,20689200,0.000000
3016,30.160052,5707.407027863,5707.407027863,14783,20696200,0.000000
3017,30.170044,5707.417019741,5707.417019741,14788,20703200,0.000000
3018,30.180071,5707.427047224,5707.427047224,14793,20710200,0.000000
3019,30.190063,5707.437039195,5707.437039195,14798,20717200,0.000000
3020,30.200055,5707.447031470,5707.447031470,14803,20724200,0.000000
3021,30.210056,5707.457031622,5707.457031622,14808,20731200,0.000000
3022,30.220040,5707.467015998,5707.467015998,14813,20738200,0.000000
3023,30.230039,5707.477014927,5707.477014927,14818,20745200,0.000000
3024,30.240060,5707.487036129,5707.487036129,14823,20752200,0.000000
3025,30.250055,5707.497030939,5707.497030939,14827,20757800,0.000000
3026,30.260040,5707.507015869,5707.507015869,14832,20764800,0.000000
3027,30.270044,5707.517019758,5707.517019758,14837,20771800,0.000000
3028,30.280049,5707.527025094,5707.527025094,14842,20778800,0.000000
3029,30.290047,5707.537023040,5707.537023040,14847,20785800,0.000000
3030,30.300048,5707.547024134,5707.547024134,14852,20792800,0.000000
3031,30.310054,5707.557029590,5707.557029590,14857,20799800,0.000000
3032,30.320045,5707.567020663,5707.567020663,14862,20806800,0.000000
3033,30.330036,5707.577011952,5707.577011952,14867,20813800,0.000000
3034,30.340047,5707.587023342,5707.587023342,14872,20820800,0.000000
3035,30.350044,5707.597020376,5707.597020376,14876,20826400,0.000000
3036,30.360043,5707.607019341,5707.607019341,14881,20833400,0.000000
3037,30.370046,5707.617022341,5707.617022341,14886,20840400,0.000000
3038,30.380036,5707.627012191,5707.627012191,14891,20847400,0.000000
3039,30.390054,5707.637029785,5707.637029785,14896,20854400,0.000000
3040,30.400036,5707.647012438,5707.647012438,14901,20861400,0.000000
3041,30.410041,5707.657016680,5707.657016680,14906,20868400,0.000000
3042,30.420042,5707.667017644,5707.667017644,14911,20875400,0.000000
3043,30.430044,5707.677019972,5707.677019972,14916,20882400,0.000000
3044,30.440005,5707.686981397,5707.686981397,14921,20889400,0.000000
3045,30.450054,5707.697029996,5707.697029996,14925,20895000,0.000000
3046,30.460069,5707.707044656,5707.707044656,14930,20902000,0.000000
3047,30.470050,5707.717025726,5707.717025726,14935,20909000,0.000000
3048,30.480034,5707.727010104,5707.727010104,14940,20916000,0.000000
3049,30.490043,5707.737019128,5707.737019128,14945,20923000,0.000000
3050,30.500046,5707.747021875,5707.747021875,14950,20930000,0.000000
3051,30.510064,5707.757040308,5707.757040308,14955,20937000,0.000000
3052,30.520036,5707.767012104,5707.767012104,14960,20944000,0.000000
3053,30.530035,5707.777010871,5707.777010871,14965,20951000,0.000000
3054,30.540032,5707.787007611,5707.787007611,14970,20958000,0.000000
3055,30.550071,5707.797047374,5707.797047374,14974,20963600,0.000000
3056,30.560043,5707.807018970,5707.807018970,14979,20970600,0.000000
3057,30.570040,5707.817016022,5707.817016022,14984,20977600,0.000000
3058,30.580036,5707.827012273,5707.827012273,14989,20984600,0.000000
3059,30.590084,5707.837060039,5707.837060039,14994,20991600,0.000000
3060,30.600036,5707.847012470,5707.847012470,14999,20998600,0.000000
3061,30.610046,5707.857021651,5707.857021651,15004,21005600,0.000000
3062,30.620039,5707.867015393,5707.867015393,15009,21012600,0.000000
3063,30.630044,5707.877019619,5707.877019619,15014,21019600,0.000000
3064,30.640042,5707.887017739,5707.887017739,15019,21026600,0.000000
3065,30.650052,5707.897028294,5707.897028294,15023,21032200,0.000000
3066,30.660054,5707.907030474,5707.907030474,15028,21039200,0.000000
3067,30.670038,5707.917013617,5707.917013617,15033,21046200,0.000000
3068,30.680044,5707.927020448,5707.927020448,15038,21053200,0.000000
3069,30.690073,5707.937049384,5707.937049384,15043,21060200,0.000000
3070,30.700042,5707.947018133,5707.947018133,15048,21067200,0.000000
3071,30.710040,5707.957015644,5707.957015644,15053,21074200,0.000000
3072,30.720041,5707.967017265,5707.967017265,15058,21081200,0.000000
3073,30.730043,5707.977018777,5707.977018777,15063,21088200,0.000000
3074,30.740043,5707.987019203,5707.987019203,15068,21095200,0.000000
3075,30.750044,5707.997019621,5707.997019621,15073,21102200,0.000000
3076,30.760051,5708.007027375,5708.007027375,15077,21107800,0.000000
3077,30.770044,5708.017020460,5708.017020460,15082,21114800,0.000000
3078,30.780038,5708.027013678,5708.027013678,15087,21121800,0.000000
3079,30.790048,5708.037023898,5708.037023898,15092,21128800,0.000000
3080,30.800036,5708.047011860,5708.047011860,15097,21135800,0.000000
3081,30.810059,5708.057034835,5708.057034835,15102,21142800,0.000000
3082,30.820041,5708.067017084,5708.067017084,15107,21149800,0.000000
3083,30.830040,5708.077016505,5708.077016505,15112,21156800,0.000000
3084,30.840037,5708.087013163,5708.087013163,15117,21163800,0.000000
3085,30.850068,5708.097044407,5708.097044407,15122,21170800,0.000000
3086,30.860052,5708.107028275,5708.107028275,15126,21176400,0.000000
3087,30.870087,5708.117063335,5708.117063335,15131,21183400,0.000000
3088,30.880040,5708.127015956,5708.127015956,15136,21190400,0.000000
3089,30.890044,5708.137020524,5708.137020524,15141,21197400,0.000000
3090,30.900056,5708.147032221,5708.147032221,15146,21204400,0.000000
3091,30.910044,5708.157020263,5708.157020263,15151,21211400,0.000000
3092,30.920039,5708.167015140,5708.167015140,15156,21218400,0.000000
3093,30.930044,5708.177020378,5708.177020378,15161,21225400,0.000000
3094,30.940060,5708.187035538,5708.187035538,15166,21232400,0.000000
3095,30.950068,5708.197043718,5708.197043718,15171,21239400,0.000000
3096,30.960074,5708.207049611,5708.207049611,15175,21245000,0.000000
3097,30.970067,5708.217043347,5708.217043347,15180,21252000,0.000000
3098,30.980068,5708.227043936,5708.227043936,15185,21259000,0.000000
3099,30.990038,5708.237013877,5708.237013877,15190,21266000,0.000000
3100,31.000064,5708.247040227,5708.247040227,15195,21273000,0.000000
3101,31.010037,5708.257012557,5708.257012557,15200,21280000,0.000000
3102,31.020045,5708.267021029,5708.267021029,15205,21287000,0.000000
3103,31.030045,5708.277020766,5708.277020766,15210,21294000,0.000000
3104,31.040035,5708.287011502,5708.287011502,15215,21301000,0.000000
3105,31.050035,5708.297010847,5708.297010847,15220,21308000,0.000000
3106,31.060046,5708.307021904,5708.307021904,15224,21313600,0.000000
3107,31.070070,5708.317045930,5708.317045930,15229,21320600,0.000000
3108,31.080064,5708.327040328,5708.327040328,15234,21327600,0.000000
3109,31.090067,5708.337042963,5708.337042963,15239,21334600,0.000000
3110,31.100041,5708.347017421,5708.347017421,15244,21341600,0.000000
3111,31.110048,5708.357024192,5708.357024192,15249,21348600,0.000000
3112,31.120052,5708.367027696,5708.367027696,15254,21355600,0.000000
3113,31.130043,5708.377018605,5708.377018605,15259,21362600,0.000000
3114,31.140044,5708.387019778,5708.387019778,15264,21369600,0.000000
3115,31.150076,5708.397052036,5708.397052036,15269,21376600,0.000000
3116,31.160039,5708.407015092,5708.407015092,15273,21382200,0.000000
3117,31.170071,5708.417046642,5708.417046642,15278,21389200,0.000000
3118,31.180060,5708.427036359,5708.427036359,15283,21396200,0.000000
3119,31.190045,5708.437021052,5708.437021052,15288,21403200,0.000000
3120,31.200068,5708.447043950,5708.447043950,15293,21410200,0.000000
3121,31.210064,5708.457040386,5708.457040386,15298,21417200,0.000000
3122,31.220056,5708.467032195,5708.467032195,15303,21424200,0.000000
3123,31.230045,5708.477020782,5708.477020782,15308,21431200,0.000000
3124,31.240066,5708.487041853,5708.487041853,15313,21438200,0.000000
3125,31.250037,5708.497013345,5708.497013345,15318,21445200,0.000000
3126,31.260067,5708.507043038,5708.507043038,15323,21452200,0.000000
3127,31.270051,5708.517027087,5708.517027087,15327,21457800,0.000000
3128,31.280044,5708.527020343,5708.527020343,15332,21464800,0.000000
3129,31.290036,5708.537012204,5708.537012204,15337,21471800,0.000000
3130,31.300047,5708.547022741,5708.547022741,15342,21478800,0.000000
3131,31.310038,5708.557014208,5708.557014208,15347,21485800,0.000000
3132,31.320046,5708.567021675,5708.567021675,15352,21492800,0.000000
3133,31.330043,5708.577019430,5708.577019430,15357,21499800,0.000000
3134,31.340080,5708.587055630,5708.587055630,15362,21506800,0.000000
3135,31.350038,5708.597014182,5708.597014182,15367,21513800,0.000000
3136,31.360086,5708.607062397,5708.607062397,15372,21520800,0.000000
3137,31.370041,5708.617017237,5708.617017237,15376,21526400,0.000000
3138,31.380072,5708.627047723,5708.627047723,15381,21533400,0.000000
3139,31.390042,5708.637017708,5708.637017708,15386,21540400,0.000000
3140,31.400043,5708.647018825,5708.647018825,15391,21547400,0.000000
3141,31.410044,5708.657020479,5708.657020479,15396,21554400,0.000000
3142,31.420044,5708.667020429,5708.667020429,15401,21561400,0.000000
3143,31.430039,5708.677015320,5708.677015320,15406,21568400,0.000000
3144,31.440042,5708.687018449,5708.687018449,15411,21575400,0.000000
3145,31.450042,5708.697017578,5708.697017578,15416,21582400,0.000000
3146,31.460050,5708.707026521,5708.707026521,15421,21589400,0.000000
3147,31.470044,5708.717019698,5708.717019698,15425,21595000,0.000000
3148,31.480074,5708.727049626,5708.727049626,15430,21602000,0.000000
3149,31.490072,5708.737048527,5708.737048527,15435,21609000,0.000000
3150,31.500073,5708.747048569,5708.747048569,15440,21616000,0.000000
3151,31.510067,5708.757042844,5708.757042844,15445,21623000,0.000000
3152,31.520045,5708.767020563,5708.767020563,15450,21630000,0.000000
3153,31.530044,5708.777020192,5708.777020192,15455,21637000,0.000000
3154,31.540044,5708.787019750,5708.787019750,15460,21644000,0.000000
3155,31.550043,5708.797019106,5708.797019106,15465,21651000,0.000000
3156,31.560014,5708.806989675,5708.806989675,15470,21658000,0.000000
3157,31.570039,5708.817015532,5708.817015532,15474,21663600,0.000000
3158,31.580071,5708.827046686,5708.827046686,15479,21670600,0.000000
3159,31.590072,5708.837047650,5708.837047650,15484,21677600,0.000000
3160,31.600069,5708.847045180,5708.847045180,15489,21684600,0.000000
3161,31.610073,5708.857049422,5708.857049422,15494,21691600,0.000000
3162,31.620042,5708.867018249,5708.867018249,15499,21698600,0.000000
3163,31.630045,5708.877021173,5708.877021173,15504,21705600,0.000000
3164,31.640042,5708.887017803,5708.887017803,15509,21712600,0.000000
3165,31.650038,5708.897013932,5708.897013932,15514,21719600,0.000000
3166,31.660033,5708.907008597,5708.907008597,15519,21726600,0.000000
3167,31.670051,5708.917026702,5708.917026702,15523,21732200,0.000000
3168,31.680048,5708.927023830,5708.927023830,15528,21739200,0.000000
3169,31.690045,5708.937020958,5708.937020958,15533,21746200,0.000000
3170,31.700042,5708.947018230,5708.947018230,15538,21753200,0.000000
3171,31.710042,5708.957017954,5708.957017954,15543,21760200,0.000000
3172,31.720041,5708.967017394,5708.967017394,15548,21767200,0.000000
3173,31.730042,5708.977017982,5708.977017982,15553,21774200,0.000000
3174,31.740043,5708.987018843,5708.987018843,15558,21781200,0.000000
3175,31.750051,5708.997026582,5708.997026582,15563,21788200,0.000000
3176,31.760049,5709.007025438,5709.007025438,15568,21795200,0.000000
3177,31.770036,5709.017012123,5709.017012123,15572,21800800,0.000000
3178,31.780047,5709.027022690,5709.027022690,15577,21807800,0.000000
3179,31.790069,5709.037045377,5709.037045377,15582,21814800,0.000000
3180,31.800042,5709.047018168,5709.047018168,15587,21821800,0.000000
3181,31.810043,5709.057018578,5709.057018578,15592,21828800,0.000000
3182,31.820055,5709.067030927,5709.067030927,15597,21835800,0.000000
3183,31.830042,5709.077018177,5709.077018177,15602,21842800,0.000000
3184,31.840041,5709.087016950,5709.087016950,15607,21849800,0.000000
3185,31.850042,5709.097018382,5709.097018382,15612,21856800,0.000000
3186,31.860061,5709.107037006,5709.107037006,15617,21863800,0.000000
3187,31.870048,5709.117023991,5709.117023991,15622,21870800,0.000000
3188,31.880044,5709.127020305,5709.127020305,15626,21876400,0.000000
3189,31.890046,5709.137021721,5709.137021721,15631,21883400,0.000000
3190,31.900043,5709.147019475,5709.147019475,15636,21890400,0.000000
3191,31.910045,5709.157020678,5709.157020678,15641,21897400,0.000000
3192,31.920044,5709.167020458,5709.167020458,15646,21904400,0.000000
3193,31.930056,5709.177031950,5709.177031950,15651,21911400,0.000000
3194,31.940042,5709.187018508,5709.187018508,15656,21918400,0.000000
3195,31.950041,5709.197017366,5709.197017366,15661,21925400,0.000000
3196,31.960046,5709.207022189,5709.207022189,15666,21932400,0.000000
3197,31.970065,5709.217040776,5709.217040776,15671,21939400,0.000000
3198,31.980043,5709.227019401,5709.227019401,15675,21945000,0.000000
3199,31.990066,5709.237042246,5709.237042246,15680,21952000,0.000000
3200,32.000082,5709.247057943,5709.247057943,15685,21959000,0.000000
3201,32.010068,5709.257044421,5709.257044421,15690,21966000,0.000000
3202,32.020059,5709.267035147,5709.267035147,15695,21973000,0.000000
3203,32.030043,5709.277019269,5709.277019269,15700,21980000,0.000000
3204,32.040045,5709.287020668,5709.287020668,15705,21987000,0.000000
3205,32.050043,5709.297018692,5709.297018692,15710,21994000,0.000000
3206,32.060037,5709.307012988,5709.307012988,15715,22001000,0.000000
3207,32.070019,5709.316995131,5709.316995131,15720,22008000,0.000000
3208,32.080040,5709.327016216,5709.327016216,15724,22013600,0.000000
3209,32.090043,5709.337018773,5709.337018773,15729,22020600,0.000000
3210,32.100048,5709.347024270,5709.347024270,15734,22027600,0.000000
3211,32.110047,5709.357023153,5709.357023153,15739,22034600,0.000000
3212,32.120045,5709.367021198,5709.367021198,15744,22041600,0.000000
3213,32.130037,5709.377012710,5709.377012710,15749,22048600,0.000000
3214,32.140039,5709.387015144,5709.387015144,15754,22055600,0.000000
3215,32.150048,5709.397023966,5709.397023966,15759,22062600,0.000000
3216,32.160037,5709.407012862,5709.407012862,15764,22069600,0.000000
3217,32.170033,5709.417009066,5709.417009066,15769,22076600,0.000000
3218,32.180038,5709.427014210,5709.427014210,15773,22082200,0.000000
3219,32.190048,5709.437024316,5709.437024316,15778,22089200,0.000000
3220,32.200044,5709.447020086,5709.447020086,15783,22096200,0.000000
3221,32.210036,5709.457011769,5709.457011769,15788,22103200,0.000000
3222,32.220062,5709.467037544,5709.467037544,15793,22110200,0.000000
3223,32.230042,5709.477018406,5709.477018406,15798,22117200,0.000000
3224,32.240043,5709.487018579,5709.487018579,15803,22124200,0.000000
3225,32.250037,5709.497012951,5709.497012951,15808,22131200,0.000000
3226,32.260041,5709.507017084,5709.507017084,15813,22138200,0.000000
3227,32.270058,5709.517034504,5709.517034504,15818,22145200,0.000000
3228,32.280069,5709.527045280,5709.527045280,15822,22150800,0.000000
3229,32.290048,5709.537024343,5709.537024343,15827,22157800,0.000000
3230,32.300038,5709.547014304,5709.547014304,15832,22164800,0.000000
3231,32.310037,5709.557012823,5709.557012823,15837,22171800,0.000000
3232,32.320038,5709.567014486,5709.567014486,15842,22178800,0.000000
3233,32.330037,5709.577013470,5709.577013470,15847,22185800,0.000000
3234,32.340040,5709.587015921,5709.587015921,15852,22192800,0.000000
3235,32.350048,5709.597023577,5709.597023577,15857,22199800,0.000000
3236,32.360036,5709.607012265,5709.607012265,15862,22206800,0.000000
3237,32.370034,5709.617009921,5709.617009921,15867,22213800,0.000000
3238,32.380083,5709.627058843,5709.627058843,15872,22220800,0.000000
3239,32.390064,5709.637040190,5709.637040190,15876,22226400,0.000000
3240,32.400052,5709.647027801,5709.647027801,15881,22233400,0.000000
3241,32.410042,5709.657018495,5709.657018495,15886,22240400,0.000000
3242,32.420063,5709.667039356,5709.667039356,15891,22247400,0.000000
3243,32.430045,5709.677021308,5709.677021308,15896,22254400,0.000000
3244,32.440040,5709.687016119,5709.687016119,15901,22261400,0.000000
3245,32.450047,5709.697022916,5709.697022916,15906,22268400,0.000000
3246,32.460036,5709.707012393,5709.707012393,15911,22275400,0.000000
3247,32.470034,5709.717009640,5709.717009640,15916,22282400,0.000000
3248,32.480074,5709.727050001,5709.727050001,15921,22289400,0.000000
3249,32.490059,5709.737035158,5709.737035158,15925,22295000,0.000000
3250,32.500085,5709.747061325,5709.747061325,15930,22302000,0.000000
3251,32.510019,5709.756995145,5709.756995145,15935,22309000,0.000000
3252,32.520066,5709.767042211,5709.767042211,15940,22316000,0.000000
3253,32.530037,5709.777012871,5709.777012871,15945,22323000,0.000000
3254,32.540057,5709.787032735,5709.787032735,15950,22330000,0.000000
3255,32.550057,5709.797032714,5709.797032714,15955,22337000,0.000000
3256,32.560047,5709.807022616,5709.807022616,15960,22344000,0.000000
3257,32.570040,5709.817015772,5709.817015772,15965,22351000,0.000000
3258,32.580052,5709.827028035,5709.827028035,15970,22358000,0.000000
3259,32.590046,5709.837022242,5709.837022242,15974,22363600,0.000000
3260,32.600070,5709.847045770,5709.847045770,15979,22370600,0.000000
3261,32.610072,5709.857047853,5709.857047853,15984,22377600,0.000000
3262,32.620054,5709.867029863,5709.867029863,15989,22384600,0.000000
3263,32.630040,5709.877016476,5709.877016476,15994,22391600,0.000000
3264,32.640042,5709.887017597,5709.887017597,15999,22398600,0.000000
3265,32.650046,5709.897021960,5709.897021960,16004,22405600,0.000000
3266,32.660043,5709.907018940,5709.907018940,16009,22412600,0.000000
3267,32.670044,5709.917020093,5709.917020093,16014,22419600,0.000000
3268,32.680035,5709.927011333,5709.927011333,16019,22426600,0.000000
3269,32.690069,5709.937044761,5709.937044761,16023,22432200,0.000000
3270,32.700070,5709.947045879,5709.947045879,16028,22439200,0.000000
3271,32.710040,5709.957015903,5709.957015903,16033,22446200,0.000000
3272,32.720038,5709.967014234,5709.967014234,16038,22453200,0.000000
3273,32.730071,5709.977047142,5709.977047142,16043,22460200,0.000000
3274,32.740043,5709.987018676,5709.987018676,16048,22467200,0.000000
3275,32.750044,5709.997019633,5709.997019633,16053,22474200,0.000000
3276,32.760042,5710.007018355,5710.007018355,16058,22481200,0.000000
3277,32.770036,5710.017012205,5710.017012205,16063,22488200,0.000000
3278,32.780035,5710.027011074,5710.027011074,16068,22495200,0.000000
3279,32.790057,5710.037033335,5710.037033335,16072,22500800,0.000000
3280,32.800066,5710.047042470,5710.047042470,16077,22507800,0.000000
3281,32.810043,5710.057019472,5710.057019472,16082,22514800,0.000000
3282,32.820067,5710.067043192,5710.067043192,16087,22521800,0.000000
3283,32.830058,5710.077034188,5710.077034188,16092,22528800,0.000000
3284,32.840038,5710.087013855,5710.087013855,16097,22535800,0.000000
3285,32.850044,5710.097019944,5710.097019944,16102,22542800,0.000000
3286,32.860042,5710.107018278,5710.107018278,16107,22549800,0.000000
3287,32.870042,5710.117017571,5710.117017571,16112,22556800,0.000000
3288,32.880044,5710.127019616,5710.127019616,16117,22563800,0.000000
3289,32.890037,5710.137013273,5710.137013273,16121,22569400,0.000000
3290,32.900041,5710.147016960,5710.147016960,16126,22576400,0.000000
3291,32.910046,5710.157022296,5710.157022296,16131,22583400,0.000000
3292,32.920042,5710.167018530,5710.167018530,16136,22590400,0.000000
3293,32.930070,5710.177046032,5710.177046032,16141,22597400,0.000000
3294,32.940043,5710.187018970,5710.187018970,16146,22604400,0.000000
3295,32.950045,5710.197020616,5710.197020616,16151,22611400,0.000000
3296,32.960042,5710.207018069,5710.207018069,16156,22618400,0.000000
3297,32.970058,5710.217034007,5710.217034007,16161,22625400,0.000000
3298,32.980035,5710.227011066,5710.227011066,16166,22632400,0.000000
3299,32.990053,5710.237028966,5710.237028966,16171,22639400,0.000000
3300,33.000069,5710.247044819,5710.247044819,16175,22645000,0.000000
3301,33.010072,5710.257048347,5710.257048347,16180,22652000,0.000000
3302,33.020069,5710.267045401,5710.267045401,16185,22659000,0.000000
3303,33.030075,5710.277050703,5710.277050703,16190,22666000,0.000000
3304,33.040056,5710.287031919,5710.287031919,16195,22673000,0.000000
3305,33.050049,5710.297024648,5710.297024648,16200,22680000,0.000000
3306,33.060037,5710.307012894,5710.307012894,16205,22687000,0.000000
3307,33.070033,5710.317008559,5710.317008559,16210,22694000,0.000000
3308,33.080038,5710.327013746,5710.327013746,16215,22701000,0.000000
3309,33.090047,5710.337023345,5710.337023345,16220,22708000,0.000000
3310,33.100044,5710.347019979,5710.347019979,16224,22713600,0.000000
3311,33.110042,5710.357018209,5710.357018209,16229,22720600,0.000000
3312,33.120064,5710.367040129,5710.367040129,16234,22727600,0.000000
3313,33.130077,5710.377052679,5710.377052679,16239,22734600,0.000000
3314,33.140043,5710.387018707,5710.387018707,16244,22741600,0.000000
3315,33.150043,5710.397019020,5710.397019020,16249,22748600,0.000000
3316,33.160038,5710.407013862,5710.407013862,16254,22755600,0.000000
3317,33.170037,5710.417012730,5710.417012730,16259,22762600,0.000000
3318,33.180040,5710.427016177,5710.427016177,16264,22769600,0.000000
3319,33.190041,5710.437017464,5710.437017464,16269,22776600,0.000000
3320,33.200057,5710.447032680,5710.447032680,16273,22782200,0.000000
3321,33.210039,5710.457014849,5710.457014849,16278,22789200,0.000000
3322,33.220047,5710.467022945,5710.467022945,16283,22796200,0.000000
3323,33.230064,5710.477040398,5710.477040398,16288,22803200,0.000000
3324,33.240083,5710.487059477,5710.487059477,16293,22810200,0.000000
3325,33.250036,5710.497012417,5710.497012417,16298,22817200,0.000000
3326,33.260043,5710.507018987,5710.507018987,16303,22824200,0.000000
3327,33.270051,5710.517026766,5710.517026766,16308,22831200,0.000000
3328,33.280036,5710.527012152,5710.527012152,16313,22838200,0.000000
3329,33.290032,5710.537007723,5710.537007723,16318,22845200,0.000000
3330,33.300046,5710.547021649,5710.547021649,16322,22850800,0.000000
3331,33.310053,5710.557028843,5710.557028843,16327,22857800,0.000000
3332,33.320072,5710.567047810,5710.567047810,16332,22864800,0.000000
3333,33.330064,5710.577039815,5710.577039815,16337,22871800,0.000000
3334,33.340072,5710.587047779,5710.587047779,16342,22878800,0.000000
3335,33.350061,5710.597037383,5710.597037383,16347,22885800,0.000000
3336,33.360064,5710.607039759,5710.607039759,16352,22892800,0.000000
3337,33.370042,5710.617017760,5710.617017760,16357,22899800,0.000000
3338,33.380039,5710.627015149,5710.627015149,16362,22906800,0.000000
3339,33.390066,5710.637041875,5710.637041875,16367,22913800,0.000000
3340,33.400072,5710.647047700,5710.647047700,16371,22919400,0.000000
3341,33.410069,5710.657044943,5710.657044943,16376,22926400,0.000000
3342,33.420074,5710.667049573,5710.667049573,16381,22933400,0.000000
3343,33.430065,5710.677041527,5710.677041527,16386,22940400,0.000000
3344,33.440071,5710.687046911,5710.687046911,16391,22947400,0.000000
3345,33.450049,5710.697025409,5710.697025409,16396,22954400,0.000000
3346,33.460046,5710.707021759,5710.707021759,16401,22961400,0.000000
3347,33.470056,5710.717031711,5710.717031711,16406,22968400,0.000000
3348,33.480039,5710.727014920,5710.727014920,16411,22975400,0.000000
3349,33.490035,5710.737010575,5710.737010575,16416,22982400,0.000000
3350,33.500049,5710.747025037,5710.747025037,16421,22989400,0.000000
3351,33.510043,5710.757018954,5710.757018954,16425,22995000,0.000000
3352,33.520046,5710.767021628,5710.767021628,16430,23002000,0.000000
3353,33.530053,5710.777029495,5710.777029495,16435,23009000,0.000000
3354,33.540050,5710.787025634,5710.787025634,16440,23016000,0.000000
3355,33.550050,5710.797026001,5710.797026001,16445,23023000,0.000000
3356,33.560042,5710.807017590,5710.807017590,16450,23030000,0.000000
3357,33.570050,5710.817026421,5710.817026421,16455,23037000,0.000000
3358,33.580038,5710.827014400,5710.827014400,16460,23044000,0.000000
3359,33.590036,5710.837011699,5710.837011699,16465,23051000,0.000000
3360,33.600056,5710.847032353,5710.847032353,16470,23058000,0.000000
3361,33.610056,5710.857031614,5710.857031614,16474,23063600,0.000000
3362,33.620050,5710.867025879,5710.867025879,16479,23070600,0.000000
3363,33.630043,5710.877018749,5710.877018749,16484,23077600,0.000000
3364,33.640041,5710.887017047,5710.887017047,16489,23084600,0.000000
3365,33.650055,5710.897031303,5710.897031303,16494,23091600,0.000000
3366,33.660049,5710.907025197,5710.907025197,16499,23098600,0.000000
3367,33.670041,5710.917017401,5710.917017401,16504,23105600,0.000000
3368,33.680055,5710.927030644,5710.927030644,16509,23112600,0.000000
3369,33.690043,5710.937019400,5710.937019400,16514,23119600,0.000000
3370,33.700047,5710.947022893,5710.947022893,16519,23126600,0.000000
3371,33.710035,5710.957011288,5710.957011288,16523,23132200,0.000000
3372,33.720066,5710.967042035,5710.967042035,16528,23139200,0.000000
3373,33.730042,5710.977018088,5710.977018088,16533,23146200,0.000000
3374,33.740045,5710.987021257,5710.987021257,16538,23153200,0.000000
3375,33.750076,5710.997051674,5710.997051674,16543,23160200,0.000000
3376,33.760051,5711.007027453,5711.007027453,16548,23167200,0.000000
3377,33.770041,5711.017017153,5711.017017153,16553,23174200,0.000000
3378,33.780049,5711.027025238,5711.027025238,16558,23181200,0.000000
3379,33.790035,5711.037011348,5711.037011348,16563,23188200,0.000000
3380,33.800001,5711.046976885,5711.046976885,16568,23195200,0.000000
3381,33.810043,5711.057018837,5711.057018837,16572,23200800,0.000000
3382,33.820046,5711.067021971,5711.067021971,16577,23207800,0.000000
3383,33.830047,5711.077022640,5711.077022640,16582,23214800,0.000000
3384,33.840061,5711.087037246,5711.087037246,16587,23221800,0.000000
3385,33.850041,5711.097016660,5711.097016660,16592,23228800,0.000000
3386,33.860042,5711.107018175,5711.107018175,16597,23235800,0.000000
3387,33.870042,5711.117018060,5711.117018060,16602,23242800,0.000000
3388,33.880046,5711.127022440,5711.127022440,16607,23249800,0.000000
3389,33.890040,5711.137016311,5711.137016311,16612,23256800,0.000000
3390,33.900033,5711.147009128,5711.147009128,16617,23263800,0.000000
3391,33.910042,5711.157018150,5711.157018150,16621,23269400,0.000000
3392,33.920044,5711.167019979,5711.167019979,16626,23276400,0.000000
3393,33.930071,5711.177046933,5711.177046933,16631,23283400,0.000000
3394,33.940066,5711.187041990,5711.187041990,16636,23290400,0.000000
3395,33.950039,5711.197015242,5711.197015242,16641,23297400,0.000000
3396,33.960053,5711.207028537,5711.207028537,16646,23304400,0.000000
3397,33.970047,5711.217023198,5711.217023198,16651,23311400,0.000000
3398,33.980053,5711.227029397,5711.227029397,16656,23318400,0.000000
3399,33.990038,5711.237014384,5711.237014384,16661,23325400,0.000000
3400,34.000043,5711.247018899,5711.247018899,16666,23332400,0.000000
3401,34.010037,5711.257012775,5711.257012775,16670,23338000,0.000000
3402,34.020037,5711.267013365,5711.267013365,16675,23345000,0.000000
3403,34.030068,5711.277043654,5711.277043654,16680,23352000,0.000000
3404,34.040036,5711.287012318,5711.287012318,16685,23359000,0.000000
3405,34.050062,5711.297038518,5711.297038518,16690,23366000,0.000000
3406,34.060058,5711.307033745,5711.307033745,16695,23373000,0.000000
3407,34.070043,5711.317019370,5711.317019370,16700,23380000,0.000000
3408,34.080040,5711.327015579,5711.327015579,16705,23387000,0.000000
3409,34.090042,5711.337018208,5711.337018208,16710,23394000,0.000000
3410,34.100057,5711.347033029,5711.347033029,16715,23401000,0.000000
3411,34.110057,5711.357033460,5711.357033460,16720,23408000,0.000000
3412,34.120046,5711.367022210,5711.367022210,16724,23413600,0.000000
3413,34.130070,5711.377045964,5711.377045964,16729,23420600,0.000000
3414,34.140042,5711.387018149,5711.387018149,16734,23427600,0.000000
3415,34.150044,5711.397020034,5711.397020034,16739,23434600,0.000000
3416,34.160057,5711.407033406,5711.407033406,16744,23441600,0.000000
3417,34.170053,5711.417029094,5711.417029094,16749,23448600,0.000000
3418,34.180046,5711.427021827,5711.427021827,16754,23455600,0.000000
3419,34.190045,5711.437020608,5711.437020608,16759,23462600,0.000000
3420,34.200039,5711.447015272,5711.447015272,16764,23469600,0.000000
3421,34.210064,5711.457040156,5711.457040156,16769,23476600,0.000000
3422,34.220046,5711.467021664,5711.467021664,16773,23482200,0.000000
3423,34.230090,5711.477066160,5711.477066160,16778,23489200,0.000000
3424,34.240049,5711.487024610,5711.487024610,16783,23496200,0.000000
3425,34.250043,5711.497019521,5711.497019521,16788,23503200,0.000000
3426,34.260058,5711.507034322,5711.507034322,16793,23510200,0.000000
3427,34.270045,5711.517020625,5711.517020625,16798,23517200,0.000000
3428,34.280043,5711.527019353,5711.527019353,16803,23524200,0.000000
3429,34.290041,5711.537017259,5711.537017259,16808,23531200,0.000000
3430,34.300039,5711.547014741,5711.547014741,16813,23538200,0.000000
3431,34.310016,5711.556992494,5711.556992494,16818,23545200,0.000000
3432,34.320049,5711.567024617,5711.567024617,16822,23550800,0.000000
3433,34.330055,5711.577030660,5711.577030660,16827,23557800,0.000000
3434,34.340068,5711.587043543,5711.587043543,16832,23564800,0.000000
3435,34.350041,5711.597017384,5711.597017384,16837,23571800,0.000000
3436,34.360039,5711.607015056,5711.607015056,16842,23578800,0.000000
3437,34.370036,5711.617012520,5711.617012520,16847,23585800,0.000000
3438,34.380061,5711.627036728,5711.627036728,16852,23592800,0.000000
3439,34.390039,5711.637014821,5711.637014821,16857,23599800,0.000000
3440,34.400036,5711.647011922,5711.647011922,16862,23606800,0.000000
3441,34.410036,5711.657011626,5711.657011626,16867,23613800,0.000000
3442,34.420045,5711.667021433,5711.667021433,16871,23619400,0.000000
3443,34.430046,5711.677022387,5711.677022387,16876,23626400,0.000000
3444,34.440072,5711.687047912,5711.687047912,16881,23633400,0.000000
3445,34.450075,5711.697050920,5711.697050920,16886,23640400,0.000000
3446,34.460062,5711.707038518,5711.707038518,16891,23647400,0.000000
3447,34.470035,5711.717011417,5711.717011417,16896,23654400,0.000000
3448,34.480039,5711.727015215,5711.727015215,16901,23661400,0.000000
3449,34.490043,5711.737019179,5711.737019179,16906,23668400,0.000000
3450,34.500044,5711.747020410,5711.747020410,16911,23675400,0.000000
3451,34.510048,5711.757024264,5711.757024264,16916,23682400,0.000000
3452,34.520043,5711.767019008,5711.767019008,16920,23688000,0.000000
3453,34.530077,5711.777053029,5711.777053029,16925,23695000,0.000000
3454,34.540039,5711.787015469,5711.787015469,16930,23702000,0.000000
3455,34.550050,5711.797025945,5711.797025945,16935,23709000,0.000000
3456,34.560046,5711.807022120,5711.807022120,16940,23716000,0.000000
3457,34.570039,5711.817015429,5711.817015429,16945,23723000,0.000000
3458,34.580056,5711.827031800,5711.827031800,16950,23730000,0.000000
3459,34.590039,5711.837015064,5711.837015064,16955,23737000,0.000000
3460,34.600036,5711.847011926,5711.847011926,16960,23744000,0.000000
3461,34.610035,5711.857011489,5711.857011489,16965,23751000,0.000000
3462,34.620078,5711.867054025,5711.867054025,16970,23758000,0.000000
3463,34.630069,5711.877044811,5711.877044811,16974,23763600,0.000000
3464,34.640042,5711.887018176,5711.887018176,16979,23770600,0.000000
3465,34.650067,5711.897042576,5711.897042576,16984,23777600,0.000000
3466,34.660076,5711.907052515,5711.907052515,16989,23784600,0.000000
3467,34.670045,5711.917021209,5711.917021209,16994,23791600,0.000000
3468,34.680043,5711.927018729,5711.927018729,16999,23798600,0.000000
3469,34.690041,5711.937017223,5711.937017223,17004,23805600,0.000000
3470,34.700043,5711.947019263,5711.947019263,17009,23812600,0.000000
3471,34.710050,5711.957025733,5711.957025733,17014,23819600,0.000000
3472,34.720095,5711.967071231,5711.967071231,17019,23826600,0.000000
3473,34.730071,5711.977047141,5711.977047141,17023,23832200,0.000000
3474,34.740044,5711.987019696,5711.987019696,17028,23839200,0.000000
3475,34.750057,5711.997033092,5711.997033092,17033,23846200,0.000000
3476,34.760052,5712.007027721,5712.007027721,17038,23853200,0.000000
3477,34.770043,5712.017018565,5712.017018565,17043,23860200,0.000000
3478,34.780045,5712.027020697,5712.027020697,17048,23867200,0.000000
3479,34.790040,5712.037016347,5712.037016347,17053,23874200,0.000000
3480,34.800038,5712.047013927,5712.047013927,17058,23881200,0.000000
3481,34.810035,5712.057010792,5712.057010792,17063,23888200,0.000000
3482,34.820059,5712.067034756,5712.067034756,17068,23895200,0.000000
3483,34.830054,5712.077029754,5712.077029754,17072,23900800,0.000000
3484,34.840073,5712.087049063,5712.087049063,17077,23907800,0.000000
3485,34.850070,5712.097045662,5712.097045662,17082,23914800,0.000000
3486,34.860042,5712.107018424,5712.107018424,17087,23921800,0.000000
3487,34.870075,5712.117050605,5712.117050605,17092,23928800,0.000000
3488,34.880046,5712.127021700,5712.127021700,17097,23935800,0.000000
3489,34.890036,5712.137011686,5712.137011686,17102,23942800,0.000000
3490,34.900044,5712.147019641,5712.147019641,17107,23949800,0.000000
3491,34.910042,5712.157017921,5712.157017921,17112,23956800,0.000000
3492,34.920005,5712.166981341,5712.166981341,17117,23963800,0.000000
3493,34.930090,5712.177065992,5712.177065992,17121,23969400,0.000000
3494,34.940055,5712.187030748,5712.187030748,17126,23976400,0.000000
3495,34.950063,5712.197039175,5712.197039175,17131,23983400,0.000000
3496,34.960050,5712.207025974,5712.207025974,17136,23990400,0.000000
3497,34.970044,5712.217019896,5712.217019896,17141,23997400,0.000000
3498,34.980046,5712.227022128,5712.227022128,17146,24004400,0.000000
3499,34.990042,5712.237017940,5712.237017940,17151,24011400,0.000000
3500,35.000037,5712.247013370,5712.247013370,17156,24018400,0.000000
3501,35.010051,5712.257026849,5712.257026849,17161,24025400,0.000000
3502,35.020038,5712.267014058,5712.267014058,17166,24032400,0.000000
3503,35.030068,5712.277043809,5712.277043809,17170,24038000,0.000000
3504,35.040084,5712.287060329,5712.287060329,17175,24045000,0.000000
3505,35.050077,5712.297053189,5712.297053189,17180,24052000,0.000000
3506,35.060040,5712.307015948,5712.307015948,17185,24059000,0.000000
3507,35.070044,5712.317020347,5712.317020347,17190,24066000,0.000000
3508,35.080039,5712.327015016,5712.327015016,17195,24073000,0.000000
3509,35.090044,5712.337020474,5712.337020474,17200,24080000,0.000000
3510,35.100054,5712.347030459,5712.347030459,17205,24087000,0.000000
3511,35.110039,5712.357015464,5712.357015464,17210,24094000,0.000000
3512,35.120040,5712.367016077,5712.367016077,17215,24101000,0.000000
3513,35.130043,5712.377019298,5712.377019298,17219,24106600,0.000000
3514,35.140039,5712.387015498,5712.387015498,17224,24113600,0.000000
3515,35.150048,5712.397024417,5712.397024417,17229,24120600,0.000000
3516,35.160044,5712.407019604,5712.407019604,17234,24127600,0.000000
3517,35.170043,5712.417018560,5712.417018560,17239,24134600,0.000000
3518,35.180044,5712.427019650,5712.427019650,17244,24141600,0.000000
3519,35.190047,5712.437023350,5712.437023350,17249,24148600,0.000000
3520,35.200050,5712.447025835,5712.447025835,17254,24155600,0.000000
3521,35.210040,5712.457016238,5712.457016238,17259,24162600,0.000000
3522,35.220074,5712.467050007,5712.467050007,17264,24169600,0.000000
3523,35.230054,5712.477029828,5712.477029828,17269,24176600,0.000000
3524,35.240049,5712.487025100,5712.487025100,17273,24182200,0.000000
3525,35.250068,5712.497043608,5712.497043608,17278,24189200,0.000000
3526,35.260053,5712.507029501,5712.507029501,17283,24196200,0.000000
3527,35.270045,5712.517021304,5712.517021304,17288,24203200,0.000000
3528,35.280038,5712.527014478,5712.527014478,17293,24210200,0.000000
3529,35.290047,5712.537023001,5712.537023001,17298,24217200,0.000000
3530,35.300044,5712.547019924,5712.547019924,17303,24224200,0.000000
3531,35.310037,5712.557013424,5712.557013424,17308,24231200,0.000000
3532,35.320043,5712.567019364,5712.567019364,17313,24238200,0.000000
3533,35.330054,5712.577029714,5712.577029714,17318,24245200,0.000000
3534,35.340068,5712.587044452,5712.587044452,17322,24250800,0.000000
3535,35.350059,5712.597034958,5712.597034958,17327,24257800,0.000000
3536,35.360053,5712.607028899,5712.607028899,17332,24264800,0.000000
3537,35.370047,5712.617022704,5712.617022704,17337,24271800,0.000000
3538,35.380045,5712.627021180,5712.627021180,17342,24278800,0.000000
3539,35.390050,5712.637026413,5712.637026413,17347,24285800,0.000000
3540,35.400039,5712.647014798,5712.647014798,17352,24292800,0.000000
3541,35.410043,5712.657018579,5712.657018579,17357,24299800,0.000000
3542,35.420035,5712.667011505,5712.667011505,17362,24306800,0.000000
3543,35.430043,5712.677019452,5712.677019452,17367,24313800,0.000000
3544,35.440046,5712.687021823,5712.687021823,17371,24319400,0.000000
3545,35.450071,5712.697047176,5712.697047176,17376,24326400,0.000000
3546,35.460065,5712.707041271,5712.707041271,17381,24333400,0.000000
3547,35.470065,5712.717041210,5712.717041210,17386,24340400,0.000000
3548,35.480039,5712.727014864,5712.727014864,17391,24347400,0.000000
3549,35.490058,5712.737033932,5712.737033932,17396,24354400,0.000000
3550,35.500042,5712.747017609,5712.747017609,17401,24361400,0.000000
3551,35.510040,5712.757016278,5712.757016278,17406,24368400,0.000000
3552,35.520047,5712.767023391,5712.767023391,17411,24375400,0.000000
3553,35.530037,5712.777013077,5712.777013077,17416,24382400,0.000000
3554,35.540038,5712.787014273,5712.787014273,17420,24388000,0.000000
3555,35.550037,5712.797013095,5712.797013095,17425,24395000,0.000000
3556,35.560038,5712.807014315,5712.807014315,17430,24402000,0.000000
3557,35.570039,5712.817015002,5712.817015002,17435,24409000,0.000000
3558,35.580041,5712.827017336,5712.827017336,17440,24416000,0.000000
3559,35.590038,5712.837013881,5712.837013881,17445,24423000,0.000000
3560,35.600043,5712.847018572,5712.847018572,17450,24430000,0.000000
3561,35.610039,5712.857015245,5712.857015245,17455,24437000,0.000000
3562,35.620036,5712.867011809,5712.867011809,17460,24444000,0.000000
3563,35.630065,5712.877041510,5712.877041510,17465,24451000,0.000000
3564,35.640073,5712.887049512,5712.887049512,17469,24456600,0.002040
3565,35.650042,5712.897018490,5712.897018490,17474,24463600,0.000000
3566,35.660044,5712.907020035,5712.907020035,17479,24470600,0.000000
3567,35.670046,5712.917022221,5712.917022221,17484,24477600,0.000000
3568,35.680043,5712.927019496,5712.927019496,17489,24484600,0.000000
3569,35.690041,5712.937017403,5712.937017403,17494,24491600,0.000000
3570,35.700035,5712.947010721,5712.947010721,17499,24498600,0.000000
3571,35.710044,5712.957020441,5712.957020441,17504,24505600,0.000000
3572,35.720037,5712.967013370,5712.967013370,17509,24512600,0.000000
3573,35.730059,5712.977035190,5712.977035190,17514,24519600,0.000000
3574,35.740073,5712.987049103,5712.987049103,17519,24526600,0.000000
3575,35.750067,5712.997043303,5712.997043303,17523,24532200,0.000000
3576,35.760039,5713.007014911,5713.007014911,17528,24539200,0.000000
3577,35.770054,5713.017030299,5713.017030299,17533,24546200,0.000000
3578,35.780044,5713.027019752,5713.027019752,17538,24553200,0.000000
3579,35.790041,5713.037017233,5713.037017233,17543,24560200,0.000000
3580,35.800042,5713.047018155,5713.047018155,17548,24567200,0.000000
3581,35.810041,5713.057017523,5713.057017523,17553,24574200,0.000000
3582,35.820055,5713.067031202,5713.067031202,17558,24581200,0.000000
3583,35.830035,5713.077011456,5713.077011456,17563,24588200,0.000000
3584,35.840077,5713.087053138,5713.087053138,17568,24595200,0.000000
3585,35.850056,5713.097032425,5713.097032425,17572,24600800,0.000000
3586,35.860044,5713.107019933,5713.107019933,17577,24607800,0.000000
3587,35.870018,5713.116993613,5713.116993613,17582,24614800,0.000000
3588,35.880043,5713.127018908,5713.127018908,17587,24621800,0.000000
3589,35.890054,5713.137029665,5713.137029665,17592,24628800,0.000000
3590,35.900039,5713.147015437,5713.147015437,17597,24635800,0.000000
3591,35.910048,5713.157023990,5713.157023990,17602,24642800,0.000000
3592,35.920034,5713.167009846,5713.167009846,17607,24649800,0.000000
3593,35.930034,5713.177010307,5713.177010307,17612,24656800,0.000000
3594,35.940052,5713.187028221,5713.187028221,17617,24663800,0.000000
3595,35.950068,5713.197044455,5713.197044455,17621,24669400,0.000000
3596,35.960039,5713.207014740,5713.207014740,17626,24676400,0.000000
3597,35.970047,5713.217022701,5713.217022701,17631,24683400,0.000000
3598,35.980040,5713.227016234,5713.227016234,17636,24690400,0.000000
3599,35.990054,5713.237029946,5713.237029946,17641,24697400,0.000000
3600,36.000038,5713.247013974,5713.247013974,17646,24704400,0.000000
3601,36.010035,5713.257011484,5713.257011484,17651,24711400,0.000000
3602,36.020041,5713.267016752,5713.267016752,17656,24718400,0.000000
3603,36.030037,5713.277012775,5713.277012775,17661,24725400,0.000000
3604,36.040015,5713.286990633,5713.286990633,17666,24732400,0.000000
3605,36.050045,5713.297020901,5713.297020901,17670,24738000,0.000000
3606,36.060078,5713.307053987,5713.307053987,17675,24745000,0.000000
3607,36.070070,5713.317046349,5713.317046349,17680,24752000,0.000000
3608,36.080072,5713.327048533,5713.327048533,17685,24759000,0.000000
3609,36.090073,5713.337049173,5713.337049173,17690,24766000,0.000000
3610,36.100043,5713.347019530,5713.347019530,17695,24773000,0.000000
3611,36.110048,5713.357024227,5713.357024227,17700,24780000,0.000000
3612,36.120067,5713.367043200,5713.367043200,17705,24787000,0.000000
3613,36.130041,5713.377016808,5713.377016808,17710,24794000,0.000000
3614,36.140035,5713.387011299,5713.387011299,17715,24801000,0.000000
3615,36.150049,5713.397024615,5713.397024615,17719,24806600,0.000000
3616,36.160043,5713.407019490,5713.407019490,17724,24813600,0.000000
3617,36.170039,5713.417014661,5713.417014661,17729,24820600,0.000000
3618,36.180054,5713.427029591,5713.427029591,17734,24827600,0.000000
3619,36.190041,5713.437016559,5713.437016559,17739,24834600,0.000000
3620,36.200064,5713.447040378,5713.447040378,17744,24841600,0.000000
3621,36.210046,5713.457021907,5713.457021907,17749,24848600,0.000000
3622,36.220044,5713.467020292,5713.467020292,17754,24855600,0.000000
3623,36.230036,5713.477011800,5713.477011800,17759,24862600,0.000000
3624,36.240052,5713.487028278,5713.487028278,17764,24869600,0.000000
3625,36.250038,5713.497013813,5713.497013813,17768,24875200,0.000000
3626,36.260043,5713.507018684,5713.507018684,17773,24882200,0.000000
3627,36.270067,5713.517043018,5713.517043018,17778,24889200,0.000000
3628,36.280077,5713.527052567,5713.527052567,17783,24896200,0.000000
3629,36.290060,5713.537035693,5713.537035693,17788,24903200,0.000000
3630,36.300041,5713.547017214,5713.547017214,17793,24910200,0.000000
3631,36.310043,5713.557019301,5713.557019301,17798,24917200,0.000000
3632,36.320057,5713.567032673,5713.567032673,17803,24924200,0.000000
3633,36.330045,5713.577021504,5713.577021504,17808,24931200,0.000000
3634,36.340033,5713.587008809,5713.587008809,17813,24938200,0.000000
3635,36.350051,5713.597026691,5713.597026691,17818,24945200,0.000000
3636,36.360045,5713.607021184,5713.607021184,17822,24950800,0.000000
3637,36.370045,5713.617020543,5713.617020543,17827,24957800,0.000000
3638,36.380047,5713.627023329,5713.627023329,17832,24964800,0.000000
3639,36.390069,5713.637044929,5713.637044929,17837,24971800,0.000000
3640,36.400048,5713.647024356,5713.647024356,17842,24978800,0.000000
3641,36.410050,5713.657026494,5713.657026494,17847,24985800,0.000000
3642,36.420041,5713.667017504,5713.667017504,17852,24992800,0.000000
3643,36.430043,5713.677019391,5713.677019391,17857,24999800,0.000000
3644,36.440036,5713.687012234,5713.687012234,17862,25006800,0.000000
3645,36.450084,5713.697059824,5713.697059824,17867,25013800,0.000000
3646,36.460053,5713.707028789,5713.707028789,17871,25019400,0.000000
3647,36.470040,5713.717016188,5713.717016188,17876,25026400,0.000000
3648,36.480047,5713.727022789,5713.727022789,17881,25033400,0.000000
3649,36.490043,5713.737018791,5713.737018791,17886,25040400,0.000000
3650,36.500039,5713.747015105,5713.747015105,17891,25047400,0.000000
3651,36.510044,5713.757020090,5713.757020090,17896,25054400,0.000000
3652,36.520041,5713.767017127,5713.767017127,17901,25061400,0.000000
3653,36.530038,5713.777013716,5713.777013716,17906,25068400,0.000000
3654,36.540048,5713.787023785,5713.787023785,17911,25075400,0.000000
3655,36.550021,5713.796997126,5713.796997126,17916,25082400,0.000000
3656,36.560047,5713.807023277,5713.807023277,17920,25088000,0.000000
3657,36.570071,5713.817047402,5713.817047402,17925,25095000,0.000000
3658,36.580077,5713.827052624,5713.827052624,17930,25102000,0.000000
3659,36.590052,5713.837028337,5713.837028337,17935,25109000,0.000000
3660,36.600072,5713.847047929,5713.847047929,17940,25116000,0.000000
3661,36.610046,5713.857022223,5713.857022223,17945,25123000,0.000000
3662,36.620043,5713.867018582,5713.867018582,17950,25130000,0.000000
3663,36.630037,5713.877013446,5713.877013446,17955,25137000,0.000000
3664,36.640044,5713.887020486,5713.887020486,17960,25144000,0.000000
3665,36.650014,5713.896990071,5713.896990071,17965,25151000,0.000000
3666,36.660066,5713.907042361,5713.907042361,17969,25156600,0.000000
3667,36.670078,5713.917054215,5713.917054215,17974,25163600,0.000000
3668,36.680037,5713.927013462,5713.927013462,17979,25170600,0.000000
3669,36.690052,5713.937027769,5713.937027769,17984,25177600,0.000000
3670,36.700083,5713.947059458,5713.947059458,17989,25184600,0.000000
3671,36.710043,5713.957018610,5713.957018610,17994,25191600,0.000000
3672,36.720043,5713.967019247,5713.967019247,17999,25198600,0.000000
3673,36.730047,5713.977023101,5713.977023101,18004,25205600,0.000000
3674,36.740036,5713.987011877,5713.987011877,18009,25212600,0.000000
3675,36.750045,5713.997020594,5713.997020594,18014,25219600,0.000000
3676,36.760047,5714.007023497,5714.007023497,18018,25225200,0.000000
3677,36.770064,5714.017040294,5714.017040294,18023,25232200,0.000000
3678,36.780071,5714.027047238,5714.027047238,18028,25239200,0.000000
3679,36.790065,5714.037040743,5714.037040743,18033,25246200,0.000000
3680,36.800048,5714.047024188,5714.047024188,18038,25253200,0.000000
3681,36.810043,5714.057018742,5714.057018742,18043,25260200,0.000000
3682,36.820038,5714.067014489,5714.067014489,18048,25267200,0.000000
3683,36.830038,5714.077013675,5714.077013675,18053,25274200,0.000000
3684,36.840036,5714.087012326,5714.087012326,18058,25281200,0.000000
3685,36.850038,5714.097013693,5714.097013693,18063,25288200,0.000000
3686,36.860083,5714.107058872,5714.107058872,18068,25295200,0.000000
3687,36.870055,5714.117031321,5714.117031321,18072,25300800,0.000000
3688,36.880046,5714.127022154,5714.127022154,18077,25307800,0.000000
3689,36.890048,5714.137024440,5714.137024440,18082,25314800,0.000000
3690,36.900056,5714.147032237,5714.147032237,18087,25321800,0.000000
3691,36.910046,5714.157021597,5714.157021597,18092,25328800,0.000000
3692,36.920040,5714.167015558,5714.167015558,18097,25335800,0.000000
3693,36.930036,5714.177012034,5714.177012034,18102,25342800,0.000000
3694,36.940045,5714.187020645,5714.187020645,18107,25349800,0.000000
3695,36.950035,5714.197011223,5714.197011223,18112,25356800,0.000000
3696,36.960082,5714.207058232,5714.207058232,18117,25363800,0.000000
3697,36.970058,5714.217033726,5714.217033726,18121,25369400,0.000000
3698,36.980072,5714.227047953,5714.227047953,18126,25376400,0.000000
3699,36.990073,5714.237048712,5714.237048712,18131,25383400,0.000000
3700,37.000043,5714.247019007,5714.247019007,18136,25390400,0.000000
3701,37.010045,5714.257020847,5714.257020847,18141,25397400,0.000000
3702,37.020037,5714.267013212,5714.267013212,18146,25404400,0.000000
3703,37.030044,5714.277019681,5714.277019681,18151,25411400,0.000000
3704,37.040053,5714.287029076,5714.287029076,18156,25418400,0.000000
3705,37.050040,5714.297015726,5714.297015726,18161,25425400,0.000000
3706,37.060023,5714.306999032,5714.306999032,18166,25432400,0.000000
3707,37.070037,5714.317013027,5714.317013027,18170,25438000,0.000000
3708,37.080069,5714.327044916,5714.327044916,18175,25445000,0.000000
3709,37.090048,5714.337024048,5714.337024048,18180,25452000,0.000000
3710,37.100047,5714.347023516,5714.347023516,18185,25459000,0.000000
3711,37.110052,5714.357027539,5714.357027539,18190,25466000,0.000000
3712,37.120044,5714.367020485,5714.367020485,18195,25473000,0.000000
3713,37.130039,5714.377014647,5714.377014647,18200,25480000,0.000000
3714,37.140053,5714.387029067,5714.387029067,18205,25487000,0.000000
3715,37.150036,5714.397012193,5714.397012193,18210,25494000,0.000000
3716,37.160018,5714.406993838,5714.406993838,18215,25501000,0.000000
3717,37.170066,5714.417041674,5714.417041674,18219,25506600,0.000000
3718,37.180073,5714.427049296,5714.427049296,18224,25513600,0.000000
3719,37.190042,5714.437018389,5714.437018389,18229,25520600,0.000000
3720,37.200044,5714.447019823,5714.447019823,18234,25527600,0.000000
3721,37.210040,5714.457015679,5714.457015679,18239,25534600,0.000000
3722,37.220049,5714.467024828,5714.467024828,18244,25541600,0.000000
3723,37.230041,5714.477017181,5714.477017181,18249,25548600,0.000000
3724,37.240042,5714.487018454,5714.487018454,18254,25555600,0.000000
3725,37.250043,5714.497019345,5714.497019345,18259,25562600,0.000000
3726,37.260039,5714.507014816,5714.507014816,18264,25569600,0.000000
3727,37.270042,5714.517018442,5714.517018442,18268,25575200,0.000000
3728,37.280044,5714.527019843,5714.527019843,18273,25582200,0.000000
3729,37.290066,5714.537041631,5714.537041631,18278,25589200,0.000000
3730,37.300039,5714.547014697,5714.547014697,18283,25596200,0.000000
3731,37.310050,5714.557025687,5714.557025687,18288,25603200,0.000000
3732,37.320058,5714.567033575,5714.567033575,18293,25610200,0.000000
3733,37.330036,5714.577012276,5714.577012276,18298,25617200,0.000000
3734,37.340037,5714.587012894,5714.587012894,18303,25624200,0.000000
3735,37.350041,5714.597016952,5714.597016952,18308,25631200,0.000000
3736,37.360041,5714.607017141,5714.607017141,18313,25638200,0.000000
3737,37.370044,5714.617020089,5714.617020089,18317,25643800,0.000000
3738,37.380036,5714.627012437,5714.627012437,18322,25650800,0.000000
3739,37.390055,5714.637030865,5714.637030865,18327,25657800,0.000000
3740,37.400044,5714.647020022,5714.647020022,18332,25664800,0.000000
3741,37.410064,5714.657040171,5714.657040171,18337,25671800,0.000000
3742,37.420038,5714.667014284,5714.667014284,18342,25678800,0.000000
3743,37.430044,5714.677019660,5714.677019660,18347,25685800,0.000000
3744,37.440047,5714.687022899,5714.687022899,18352,25692800,0.000000
3745,37.450047,5714.697023140,5714.697023140,18357,25699800,0.000000
3746,37.460039,5714.707015188,5714.707015188,18362,25706800,0.000000
3747,37.470065,5714.717041448,5714.717041448,18367,25713800,0.000000
3748,37.480067,5714.727042826,5714.727042826,18371,25719400,0.000000
3749,37.490037,5714.737013469,5714.737013469,18376,25726400,0.000000
3750,37.500080,5714.747056340,5714.747056340,18381,25733400,0.000000
3751,37.510047,5714.757023020,5714.757023020,18386,25740400,0.000000
3752,37.520040,5714.767015875,5714.767015875,18391,25747400,0.000000
3753,37.530055,5714.777030843,5714.777030843,18396,25754400,0.000000
3754,37.540044,5714.787020064,5714.787020064,18401,25761400,0.000000
3755,37.550036,5714.797012200,5714.797012200,18406,25768400,0.000000
3756,37.560052,5714.807028493,5714.807028493,18411,25775400,0.000000
3757,37.570064,5714.817040033,5714.817040033,18416,25782400,0.000000
3758,37.580067,5714.827043251,5714.827043251,18420,25788000,0.000000
3759,37.590067,5714.837043291,5714.837043291,18425,25795000,0.000000
3760,37.600073,5714.847049026,5714.847049026,18430,25802000,0.000000
3761,37.610041,5714.857016719,5714.857016719,18435,25809000,0.000000
3762,37.620045,5714.867020809,5714.867020809,18440,25816000,0.000000
3763,37.630044,5714.877019755,5714.877019755,18445,25823000,0.000000
3764,37.640044,5714.887019953,5714.887019953,18450,25830000,0.000000
3765,37.650043,5714.897019148,5714.897019148,18455,25837000,0.000000
3766,37.660041,5714.907017516,5714.907017516,18460,25844000,0.000000
3767,37.670020,5714.916996118,5714.916996118,18465,25851000,0.000000
3768,37.680073,5714.927048757,5714.927048757,18469,25856600,0.000000
3769,37.690073,5714.937049187,5714.937049187,18474,25863600,0.000000
3770,37.700043,5714.947018669,5714.947018669,18479,25870600,0.000000
3771,37.710063,5714.957038789,5714.957038789,18484,25877600,0.000000
3772,37.720043,5714.967019377,5714.967019377,18489,25884600,0.000000
3773,37.730044,5714.977019761,5714.977019761,18494,25891600,0.000000
3774,37.740045,5714.987020632,5714.987020632,18499,25898600,0.000000
3775,37.750044,5714.997020079,5714.997020079,18504,25905600,0.000000
3776,37.760057,5715.007032927,5715.007032927,18509,25912600,0.000000
3777,37.770035,5715.017011247,5715.017011247,18514,25919600,0.000000
3778,37.780066,5715.027042243,5715.027042243,18518,25925200,0.000000
3779,37.790082,5715.037058436,5715.037058436,18523,25932200,0.000000
3780,37.800067,5715.047042614,5715.047042614,18528,25939200,0.000000
3781,37.810043,5715.057019041,5715.057019041,18533,25946200,0.000000
3782,37.820044,5715.067019868,5715.067019868,18538,25953200,0.000000
3783,37.830044,5715.077020344,5715.077020344,18543,25960200,0.000000
3784,37.840042,5715.087018476,5715.087018476,18548,25967200,0.000000
3785,37.850047,5715.097022895,5715.097022895,18553,25974200,0.000000
3786,37.860043,5715.107018938,5715.107018938,18558,25981200,0.000000
3787,37.870064,5715.117039947,5715.117039947,18563,25988200,0.000000
3788,37.880053,5715.127028706,5715.127028706,18567,25993800,0.000000
3789,37.890043,5715.137018542,5715.137018542,18572,26000800,0.000000
3790,37.900045,5715.147021217,5715.147021217,18577,26007800,0.000000
3791,37.910043,5715.157018721,5715.157018721,18582,26014800,0.000000
3792,37.920066,5715.167042227,5715.167042227,18587,26021800,0.000000
3793,37.930044,5715.177019720,5715.177019720,18592,26028800,0.000000
3794,37.940037,5715.187013227,5715.187013227,18597,26035800,0.000000
3795,37.950039,5715.197014601,5715.197014601,18602,26042800,0.000000
3796,37.960042,5715.207018529,5715.207018529,18607,26049800,0.000000
3797,37.970049,5715.217025185,5715.217025185,18612,26056800,0.000000
3798,37.980053,5715.227029424,5715.227029424,18617,26063800,0.000000
3799,37.990068,5715.237044437,5715.237044437,18621,26069400,0.000000
3800,38.000043,5715.247019166,5715.247019166,18626,26076400,0.000000
3801,38.010049,5715.257025225,5715.257025225,18631,26083400,0.000000
3802,38.020048,5715.267024347,5715.267024347,18636,26090400,0.000000
3803,38.030055,5715.277030765,5715.277030765,18641,26097400,0.000000
3804,38.040042,5715.287018469,5715.287018469,18646,26104400,0.000000
3805,38.050056,5715.297031857,5715.297031857,18651,26111400,0.000000
3806,38.060043,5715.307018787,5715.307018787,18656,26118400,0.000000
3807,38.070046,5715.317022011,5715.317022011,18661,26125400,0.000000
3808,38.080082,5715.327057893,5715.327057893,18666,26132400,0.000000
3809,38.090083,5715.337058679,5715.337058679,18670,26138000,0.000000
3810,38.100042,5715.347018494,5715.347018494,18675,26145000,0.000000
3811,38.110073,5715.357048648,5715.357048648,18680,26152000,0.000000
3812,38.120069,5715.367045350,5715.367045350,18685,26159000,0.000000
3813,38.130047,5715.377023341,5715.377023341,18690,26166000,0.000000
3814,38.140037,5715.387012829,5715.387012829,18695,26173000,0.000000
3815,38.150045,5715.397020546,5715.397020546,18700,26180000,0.000000
3816,38.160052,5715.407028234,5715.407028234,18705,26187000,0.000000
3817,38.170056,5715.417031599,5715.417031599,18710,26194000,0.000000
3818,38.180046,5715.427022294,5715.427022294,18715,26201000,0.000000
3819,38.190072,5715.437048468,5715.437048468,18719,26206600,0.000000
3820,38.200050,5715.447025730,5715.447025730,18724,26213600,0.000000
3821,38.210037,5715.457012537,5715.457012537,18729,26220600,0.000000
3822,38.220044,5715.467020082,5715.467020082,18734,26227600,0.000000
3823,38.230052,5715.477028334,5715.477028334,18739,26234600,0.000000
3824,38.240042,5715.487018193,5715.487018193,18744,26241600,0.000000
3825,38.250040,5715.497015771,5715.497015771,18749,26248600,0.000000
3826,38.260039,5715.507015076,5715.507015076,18754,26255600,0.000000
3827,38.270040,5715.517015897,5715.517015897,18759,26262600,0.000000
3828,38.280052,5715.527027678,5715.527027678,18764,26269600,0.000000
3829,38.290076,5715.537052136,5715.537052136,18768,26275200,0.000000
3830,38.300043,5715.547018807,5715.547018807,18773,26282200,0.000000
3831,38.310044,5715.557019681,5715.557019681,18778,26289200,0.000000
3832,38.320075,5715.567051320,5715.567051320,18783,26296200,0.000000
3833,38.330058,5715.577033729,5715.577033729,18788,26303200,0.000000
3834,38.340068,5715.587044377,5715.587044377,18793,26310200,0.000000
3835,38.350065,5715.597041207,5715.597041207,18798,26317200,0.000000
3836,38.360047,5715.607022803,5715.607022803,18803,26324200,0.000000
3837,38.370041,5715.617017186,5715.617017186,18808,26331200,0.000000
3838,38.380036,5715.627011810,5715.627011810,18813,26338200,0.000000
3839,38.390051,5715.637027305,5715.637027305,18817,26343800,0.000000
3840,38.400068,5715.647044148,5715.647044148,18822,26350800,0.000000
3841,38.410050,5715.657025716,5715.657025716,18827,26357800,0.000000
3842,38.420040,5715.667016077,5715.667016077,18832,26364800,0.000000
3843,38.430051,5715.677026570,5715.677026570,18837,26371800,0.000000
3844,38.440042,5715.687017968,5715.687017968,18842,26378800,0.000000
3845,38.450054,5715.697029871,5715.697029871,18847,26385800,0.000000
3846,38.460044,5715.707019586,5715.707019586,18852,26392800,0.000000
3847,38.470043,5715.717019393,5715.717019393,18857,26399800,0.000000
3848,38.480046,5715.727022292,5715.727022292,18862,26406800,0.000000
3849,38.490046,5715.737022115,5715.737022115,18866,26412400,0.000000
3850,38.500047,5715.747022922,5715.747022922,18871,26419400,0.000000
3851,38.510069,5715.757045020,5715.757045020,18876,26426400,0.000000
3852,38.520036,5715.767012186,5715.767012186,18881,26433400,0.000000
3853,38.530054,5715.777030489,5715.777030489,18886,26440400,0.000000
3854,38.540043,5715.787018609,5715.787018609,18891,26447400,0.000000
3855,38.550043,5715.797019153,5715.797019153,18896,26454400,0.000000
3856,38.560041,5715.807017362,5715.807017362,18901,26461400,0.000000
3857,38.570043,5715.817019468,5715.817019468,18906,26468400,0.000000
3858,38.580048,5715.827024434,5715.827024434,18911,26475400,0.000000
3859,38.590075,5715.837051169,5715.837051169,18916,26482400,0.000000
3860,38.600070,5715.847046314,5715.847046314,18920,26488000,0.000000
3861,38.610070,5715.857045700,5715.857045700,18925,26495000,0.000000
3862,38.620046,5715.867022388,5715.867022388,18930,26502000,0.000000
3863,38.630050,5715.877026418,5715.877026418,18935,26509000,0.000000
3864,38.640045,5715.887021492,5715.887021492,18940,26516000,0.000000
3865,38.650051,5715.897027336,5715.897027336,18945,26523000,0.000000
3866,38.660042,5715.907018227,5715.907018227,18950,26530000,0.000000
3867,38.670049,5715.917024652,5715.917024652,18955,26537000,0.000000
3868,38.680035,5715.927011277,5715.927011277,18960,26544000,0.000000
3869,38.690050,5715.937026247,5715.937026247,18965,26551000,0.000000
3870,38.700046,5715.947022143,5715.947022143,18969,26556600,0.000000
3871,38.710041,5715.957016686,5715.957016686,18974,26563600,0.000000
3872,38.720071,5715.967046697,5715.967046697,18979,26570600,0.000000
3873,38.730047,5715.977022747,5715.977022747,18984,26577600,0.000000
3874,38.740042,5715.987018308,5715.987018308,18989,26584600,0.000000
3875,38.750037,5715.997012769,5715.997012769,18994,26591600,0.000000
3876,38.760038,5716.007013835,5716.007013835,18999,26598600,0.000000
3877,38.770039,5716.017015162,5716.017015162,19004,26605600,0.000000
3878,38.780037,5716.027012937,5716.027012937,19009,26612600,0.000000
3879,38.790020,5716.036996067,5716.036996067,19014,26619600,0.000000
3880,38.800043,5716.047019100,5716.047019100,19018,26625200,0.000000
3881,38.810039,5716.057015533,5716.057015533,19023,26632200,0.000000
3882,38.820043,5716.067019298,5716.067019298,19028,26639200,0.000000
3883,38.830043,5716.077018599,5716.077018599,19033,26646200,0.000000
3884,38.840047,5716.087023103,5716.087023103,19038,26653200,0.000000
3885,38.850039,5716.097014931,5716.097014931,19043,26660200,0.000000
3886,38.860048,5716.107024323,5716.107024323,19048,26667200,0.000000
3887,38.870045,5716.117021023,5716.117021023,19053,26674200,0.000000
3888,38.880037,5716.127012900,5716.127012900,19058,26681200,0.000000
3889,38.890042,5716.137018029,5716.137018029,19063,26688200,0.000000
3890,38.900070,5716.147045852,5716.147045852,19067,26693800,0.000000
3891,38.910070,5716.157046479,5716.157046479,19072,26700800,0.000000
3892,38.920037,5716.167013369,5716.167013369,19077,26707800,0.000000
3893,38.930044,5716.177019558,5716.177019558,19082,26714800,0.000000
3894,38.940066,5716.187042252,5716.187042252,19087,26721800,0.000000
3895,38.950060,5716.197036208,5716.197036208,19092,26728800,0.000000
3896,38.960038,5716.207014253,5716.207014253,19097,26735800,0.000000
3897,38.970040,5716.217016177,5716.217016177,19102,26742800,0.000000
3898,38.980037,5716.227012737,5716.227012737,19107,26749800,0.000000
3899,38.990040,5716.237016422,5716.237016422,19112,26756800,0.000000
3900,39.000070,5716.247045612,5716.247045612,19116,26762400,0.000000
3901,39.010068,5716.257044051,5716.257044051,19121,26769400,0.000000
3902,39.020064,5716.267040524,5716.267040524,19126,26776400,0.000000
3903,39.030046,5716.277021932,5716.277021932,19131,26783400,0.000000
3904,39.040044,5716.287019592,5716.287019592,19136,26790400,0.000000
3905,39.050033,5716.297008876,5716.297008876,19141,26797400,0.000000
3906,39.060076,5716.307052240,5716.307052240,19146,26804400,0.000000
3907,39.070036,5716.317012466,5716.317012466,19151,26811400,0.000000
3908,39.080045,5716.327021381,5716.327021381,19156,26818400,0.000000
3909,39.090067,5716.337042792,5716.337042792,19161,26825400,0.000000
3910,39.100078,5716.347054024,5716.347054024,19166,26832400,0.000000
3911,39.110043,5716.357018738,5716.357018738,19170,26838000,0.000000
3912,39.120070,5716.367045728,5716.367045728,19175,26845000,0.000000
3913,39.130086,5716.377061592,5716.377061592,19180,26852000,0.000000
3914,39.140081,5716.387056862,5716.387056862,19185,26859000,0.000000
3915,39.150053,5716.397029299,5716.397029299,19190,26866000,0.000000
3916,39.160070,5716.407046054,5716.407046054,19195,26873000,0.000000
3917,39.170046,5716.417021668,5716.417021668,19200,26880000,0.000000
3918,39.180069,5716.427045153,5716.427045153,19205,26887000,0.000000
3919,39.190038,5716.437013831,5716.437013831,19210,26894000,0.000000
3920,39.200076,5716.447051832,5716.447051832,19215,26901000,0.000000
3921,39.210043,5716.457018545,5716.457018545,19219,26906600,0.000000
3922,39.220070,5716.467045680,5716.467045680,19224,26913600,0.000000
3923,39.230035,5716.477011533,5716.477011533,19229,26920600,0.000000
3924,39.240041,5716.487017028,5716.487017028,19234,26927600,0.000000
3925,39.250043,5716.497018892,5716.497018892,19239,26934600,0.000000
3926,39.260041,5716.507017099,5716.507017099,19244,26941600,0.000000
3927,39.270040,5716.517016457,5716.517016457,19249,26948600,0.000000
3928,39.280038,5716.527013991,5716.527013991,19254,26955600,0.000000
3929,39.290036,5716.537011653,5716.537011653,19259,26962600,0.000000
3930,39.300047,5716.547022648,5716.547022648,19264,26969600,0.000000
3931,39.310067,5716.557043030,5716.557043030,19268,26975200,0.000000
3932,39.320070,5716.567046386,5716.567046386,19273,26982200,0.000000
3933,39.330071,5716.577047154,5716.577047154,19278,26989200,0.000000
3934,39.340044,5716.587020406,5716.587020406,19283,26996200,0.000000
3935,39.350043,5716.597019125,5716.597019125,19288,27003200,0.000000
3936,39.360050,5716.607026406,5716.607026406,19293,27010200,0.000000
3937,39.370043,5716.617018867,5716.617018867,19298,27017200,0.000000
3938,39.380042,5716.627018139,5716.627018139,19303,27024200,0.000000
3939,39.390045,5716.637021022,5716.637021022,19308,27031200,0.000000
3940,39.400035,5716.647011446,5716.647011446,19313,27038200,0.000000
3941,39.410074,5716.657049598,5716.657049598,19317,27043800,0.000000
3942,39.420050,5716.667026511,5716.667026511,19322,27050800,0.000000
3943,39.430054,5716.677030461,5716.677030461,19327,27057800,0.000000
3944,39.440044,5716.687020049,5716.687020049,19332,27064800,0.000000
3945,39.450068,5716.697044095,5716.697044095,19337,27071800,0.000000
3946,39.460044,5716.707019715,5716.707019715,19342,27078800,0.000000
3947,39.470038,5716.717013589,5716.717013589,19347,27085800,0.000000
3948,39.480042,5716.727018240,5716.727018240,19352,27092800,0.000000
3949,39.490040,5716.737015608,5716.737015608,19357,27099800,0.000000
3950,39.500037,5716.747012791,5716.747012791,19362,27106800,0.000000
3951,39.510049,5716.757024975,5716.757024975,19366,27112400,0.000000
3952,39.520043,5716.767019481,5716.767019481,19371,27119400,0.000000
3953,39.530039,5716.777014990,5716.777014990,19376,27126400,0.000000
3954,39.540043,5716.787019321,5716.787019321,19381,27133400,0.000000
3955,39.550044,5716.797020503,5716.797020503,19386,27140400,0.000000
3956,39.560039,5716.807014560,5716.807014560,19391,27147400,0.000000
3957,39.570038,5716.817014340,5716.817014340,19396,27154400,0.000000
3958,39.580054,5716.827029556,5716.827029556,19401,27161400,0.000000
3959,39.590043,5716.837018879,5716.837018879,19406,27168400,0.000000
3960,39.600039,5716.847014986,5716.847014986,19411,27175400,0.000000
3961,39.610082,5716.857058185,5716.857058185,19416,27182400,0.000000
3962,39.620068,5716.867044482,5716.867044482,19420,27188000,0.000000
3963,39.630067,5716.877043269,5716.877043269,19425,27195000,0.000000
3964,39.640056,5716.887031587,5716.887031587,19430,27202000,0.000000
3965,39.650038,5716.897014235,5716.897014235,19435,27209000,0.000000
3966,39.660041,5716.907017108,5716.907017108,19440,27216000,0.000000
3967,39.670038,5716.917013654,5716.917013654,19445,27223000,0.000000
3968,39.680060,5716.927035851,5716.927035851,19450,27230000,0.000000
3969,39.690041,5716.937017008,5716.937017008,19455,27237000,0.000000
3970,39.700035,5716.947011093,5716.947011093,19460,27244000,0.000000
3971,39.710080,5716.957055787,5716.957055787,19465,27251000,0.000000
3972,39.720036,5716.967012352,5716.967012352,19469,27256600,0.000000
3973,39.730068,5716.977044189,5716.977044189,19474,27263600,0.000000
3974,39.740043,5716.987018752,5716.987018752,19479,27270600,0.000000
3975,39.750043,5716.997018624,5716.997018624,19484,27277600,0.000000
3976,39.760044,5717.007019583,5717.007019583,19489,27284600,0.000000
3977,39.770042,5717.017018525,5717.017018525,19494,27291600,0.000000
3978,39.780037,5717.027013450,5717.027013450,19499,27298600,0.000000
3979,39.790047,5717.037022912,5717.037022912,19504,27305600,0.000000
3980,39.800035,5717.047010710,5717.047010710,19509,27312600,0.000000
3981,39.810047,5717.057022545,5717.057022545,19514,27319600,0.000000
3982,39.820043,5717.067018656,5717.067018656,19518,27325200,0.000000
3983,39.830035,5717.077011277,5717.077011277,19523,27332200,0.000000
3984,39.840039,5717.087014842,5717.087014842,19528,27339200,0.000000
3985,39.850052,5717.097027737,5717.097027737,19533,27346200,0.000000
3986,39.860037,5717.107012637,5717.107012637,19538,27353200,0.000000
3987,39.870044,5717.117019992,5717.117019992,19543,27360200,0.000000
3988,39.880037,5717.127013208,5717.127013208,19548,27367200,0.000000
3989,39.890036,5717.137012495,5717.137012495,19553,27374200,0.000000
3990,39.900041,5717.147017301,5717.147017301,19558,27381200,0.000000
3991,39.910021,5717.156996999,5717.156996999,19563,27388200,0.000000
3992,39.920073,5717.167048727,5717.167048727,19567,27393800,0.000000
3993,39.930058,5717.177033651,5717.177033651,19572,27400800,0.000000
3994,39.940036,5717.187012315,5717.187012315,19577,27407800,0.000000
3995,39.950067,5717.197043510,5717.197043510,19582,27414800,0.000000
3996,39.960040,5717.207016177,5717.207016177,19587,27421800,0.000000
3997,39.970045,5717.217020913,5717.217020913,19592,27428800,0.000000
3998,39.980065,5717.227040950,5717.227040950,19597,27435800,0.000000
3999,39.990064,5717.237040195,5717.237040195,19602,27442800,0.000000
4000,40.000042,5717.247017725,5717.247017725,19607,27449800,0.000000
4001,40.010035,5717.257010631,5717.257010631,19612,27456800,0.000000
4002,40.020044,5717.267020514,5717.267020514,19616,27462400,0.000000
4003,40.030067,5717.277042976,5717.277042976,19621,27469400,0.000000
4004,40.040066,5717.287041841,5717.287041841,19626,27476400,0.000000
4005,40.050075,5717.297051231,5717.297051231,19631,27483400,0.000000
4006,40.060045,5717.307020607,5717.307020607,19636,27490400,0.000000
4007,40.070036,5717.317011811,5717.317011811,19641,27497400,0.000000
4008,40.080047,5717.327022748,5717.327022748,19646,27504400,0.000000
4009,40.090038,5717.337014363,5717.337014363,19651,27511400,0.000000
4010,40.100045,5717.347021161,5717.347021161,19656,27518400,0.000000
4011,40.110065,5717.357041391,5717.357041391,19661,27525400,0.000000
4012,40.120065,5717.367041176,5717.367041176,19665,27531000,0.000000
4013,40.130065,5717.377040729,5717.377040729,19670,27538000,0.000000
4014,40.140038,5717.387014444,5717.387014444,19675,27545000,0.000000
4015,40.150049,5717.397025273,5717.397025273,19680,27552000,0.000000
4016,40.160038,5717.407013552,5717.407013552,19685,27559000,0.000000
4017,40.170040,5717.417015606,5717.417015606,19690,27566000,0.000000
4018,40.180047,5717.427023307,5717.427023307,19695,27573000,0.000000
4019,40.190042,5717.437017902,5717.437017902,19700,27580000,0.000000
4020,40.200053,5717.447028699,5717.447028699,19705,27587000,0.000000
4021,40.210058,5717.457034190,5717.457034190,19710,27594000,0.000000
4022,40.220051,5717.467026995,5717.467026995,19715,27601000,0.000000
4023,40.230043,5717.477018987,5717.477018987,19719,27606600,0.000000
4024,40.240057,5717.487032932,5717.487032932,19724,27613600,0.000000
4025,40.250045,5717.497021308,5717.497021308,19729,27620600,0.000000
4026,40.260044,5717.507020092,5717.507020092,19734,27627600,0.000000
4027,40.270042,5717.517017575,5717.517017575,19739,27634600,0.000000
4028,40.280038,5717.527013608,5717.527013608,19744,27641600,0.000000
4029,40.290035,5717.537010776,5717.537010776,19749,27648600,0.000000
4030,40.300056,5717.547031890,5717.547031890,19754,27655600,0.000000
4031,40.310036,5717.557012463,5717.557012463,19759,27662600,0.000000
4032,40.320073,5717.567049077,5717.567049077,19764,27669600,0.000000
4033,40.330043,5717.577018550,5717.577018550,19768,27675200,0.000000
4034,40.340042,5717.587017830,5717.587017830,19773,27682200,0.000000
4035,40.350037,5717.597012568,5717.597012568,19778,27689200,0.000000
4036,40.360069,5717.607044663,5717.607044663,19783,27696200,0.000000
4037,40.370039,5717.617015108,5717.617015108,19788,27703200,0.000000
4038,40.380045,5717.627020869,5717.627020869,19793,27710200,0.000000
4039,40.390048,5717.637023994,5717.637023994,19798,27717200,0.000000
4040,40.400037,5717.647012764,5717.647012764,19803,27724200,0.000000
4041,40.410033,5717.657009417,5717.657009417,19808,27731200,0.000000
4042,40.420010,5717.666985718,5717.666985718,19813,27738200,0.000000
4043,40.430081,5717.677056698,5717.677056698,19817,27743800,0.000000
4044,40.440038,5717.687014392,5717.687014392,19822,27750800,0.000000
4045,40.450054,5717.697030452,5717.697030452,19827,27757800,0.000000
4046,40.460071,5717.707047235,5717.707047235,19832,27764800,0.000000
4047,40.470044,5717.717020532,5717.717020532,19837,27771800,0.000000
4048,40.480044,5717.727019535,5717.727019535,19842,27778800,0.000000
4049,40.490044,5717.737020073,5717.737020073,19847,27785800,0.000000
4050,40.500045,5717.747021442,5717.747021442,19852,27792800,0.000000
4051,40.510036,5717.757011967,5717.757011967,19857,27799800,0.000000
4052,40.520008,5717.766984152,5717.766984152,19862,27806800,0.000000
4053,40.530054,5717.777029826,5717.777029826,19866,27812400,0.000000
4054,40.540075,5717.787051143,5717.787051143,19871,27819400,0.000000
4055,40.550071,5717.797047332,5717.797047332,19876,27826400,0.000000
4056,40.560043,5717.807018596,5717.807018596,19881,27833400,0.000000
4057,40.570039,5717.817015171,5717.817015171,19886,27840400,0.000000
4058,40.580056,5717.827031588,5717.827031588,19891,27847400,0.000000
4059,40.590044,5717.837019622,5717.837019622,19896,27854400,0.000000
4060,40.600050,5717.847025593,5717.847025593,19901,27861400,0.000000
4061,40.610043,5717.857018766,5717.857018766,19906,27868400,0.000000
4062,40.620058,5717.867033852,5717.867033852,19911,27875400,0.000000
4063,40.630040,5717.877016110,5717.877016110,19915,27881000,0.000000
4064,40.640070,5717.887046270,5717.887046270,19920,27888000,0.000000
4065,40.650078,5717.897053768,5717.897053768,19925,27895000,0.000000
4066,40.660073,5717.907049249,5717.907049249,19930,27902000,0.000000
4067,40.670053,5717.917029096,5717.917029096,19935,27909000,0.000000
4068,40.680039,5717.927015275,5717.927015275,19940,27916000,0.000000
4069,40.690045,5717.937021054,5717.937021054,19945,27923000,0.000000
4070,40.700060,5717.947035541,5717.947035541,19950,27930000,0.000000
4071,40.710040,5717.957015587,5717.957015587,19955,27937000,0.000000
4072,40.720039,5717.967014963,5717.967014963,19960,27944000,0.000000
4073,40.730087,5717.977063103,5717.977063103,19965,27951000,0.000000
4074,40.740071,5717.987047326,5717.987047326,19969,27956600,0.000000
4075,40.750074,5717.997049991,5717.997049991,19974,27963600,0.000000
4076,40.760043,5718.007019285,5718.007019285,19979,27970600,0.000000
4077,40.770072,5718.017047805,5718.017047805,19984,27977600,0.000000
4078,40.780039,5718.027015263,5718.027015263,19989,27984600,0.000000
4079,40.790042,5718.037018288,5718.037018288,19994,27991600,0.000000
4080,40.800042,5718.047018148,5718.047018148,19999,27998600,0.000000
4081,40.810036,5718.057012026,5718.057012026,20004,28005600,0.000000
4082,40.820061,5718.067037474,5718.067037474,20009,28012600,0.000000
4083,40.830073,5718.077049524,5718.077049524,20014,28019600,0.000000
4084,40.840064,5718.087040056,5718.087040056,20018,28025200,0.000000
4085,40.850071,5718.097046614,5718.097046614,20023,28032200,0.000000
4086,40.860072,5718.107048088,5718.107048088,20028,28039200,0.000000
4087,40.870053,5718.117028850,5718.117028850,20033,28046200,0.000000
4088,40.880044,5718.127019981,5718.127019981,20038,28053200,0.000000
4089,40.890058,5718.137034113,5718.137034113,20043,28060200,0.000000
4090,40.900041,5718.147017493,5718.147017493,20048,28067200,0.000000
4091,40.910042,5718.157018216,5718.157018216,20053,28074200,0.000000
4092,40.920037,5718.167013156,5718.167013156,20058,28081200,0.000000
4093,40.930050,5718.177026023,5718.177026023,20063,28088200,0.000000
4094,40.940042,5718.187017657,5718.187017657,20067,28093800,0.000000
4095,40.950055,5718.197030593,5718.197030593,20072,28100800,0.000000
4096,40.960038,5718.207014078,5718.207014078,20077,28107800,0.000000
4097,40.970038,5718.217014173,5718.217014173,20082,28114800,0.000000
4098,40.980045,5718.227020959,5718.227020959,20087,28121800,0.000000
4099,40.990047,5718.237022639,5718.237022639,20092,28128800,0.000000
4100,41.000042,5718.247017992,5718.247017992,20097,28135800,0.000000
4101,41.010037,5718.257013339,5718.257013339,20102,28142800,0.000000
4102,41.020055,5718.267030869,5718.267030869,20107,28149800,0.000000
4103,41.030042,5718.277017793,5718.277017793,20112,28156800,0.000000
4104,41.040040,5718.287015777,5718.287015777,20116,28162400,0.000000
4105,41.050067,5718.297043279,5718.297043279,20121,28169400,0.000000
4106,41.060071,5718.307047208,5718.307047208,20126,28176400,0.000000
4107,41.070040,5718.317015722,5718.317015722,20131,28183400,0.000000
4108,41.080089,5718.327065082,5718.327065082,20136,28190400,0.000000
4109,41.090045,5718.337021090,5718.337021090,20141,28197400,0.000000
4110,41.100047,5718.347023425,5718.347023425,20146,28204400,0.000000
4111,41.110044,5718.357019911,5718.357019911,20151,28211400,0.000000
4112,41.120042,5718.367018419,5718.367018419,20156,28218400,0.000000
4113,41.130043,5718.377018794,5718.377018794,20161,28225400,0.000000
4114,41.140043,5718.387018748,5718.387018748,20165,28231000,0.000000
4115,41.150047,5718.397023016,5718.397023016,20170,28238000,0.000000
4116,41.160056,5718.407032429,5718.407032429,20175,28245000,0.000000
4117,41.170040,5718.417015783,5718.417015783,20180,28252000,0.000000
4118,41.180065,5718.427041401,5718.427041401,20185,28259000,0.000000
4119,41.190042,5718.437017970,5718.437017970,20190,28266000,0.000000
4120,41.200047,5718.447022928,5718.447022928,20195,28273000,0.000000
4121,41.210042,5718.457017568,5718.457017568,20200,28280000,0.000000
4122,41.220045,5718.467021126,5718.467021126,20205,28287000,0.000000
4123,41.230042,5718.477018162,5718.477018162,20210,28294000,0.000000
4124,41.240070,5718.487045922,5718.487045922,20214,28299600,0.000000
4125,41.250042,5718.497018266,5718.497018266,20219,28306600,0.000000
4126,41.260071,5718.507047162,5718.507047162,20224,28313600,0.000000
4127,41.270042,5718.517018530,5718.517018530,20229,28320600,0.000000
4128,41.280066,5718.527041776,5718.527041776,20234,28327600,0.000000
4129,41.290043,5718.537019252,5718.537019252,20239,28334600,0.000000
4130,41.300043,5718.547018607,5718.547018607,20244,28341600,0.000000
4131,41.310037,5718.557013098,5718.557013098,20249,28348600,0.000000
4132,41.320046,5718.567021706,5718.567021706,20254,28355600,0.000000
4133,41.330036,5718.577012094,5718.577012094,20259,28362600,0.000000
4134,41.340060,5718.587035698,5718.587035698,20264,28369600,0.000000
4135,41.350042,5718.597018491,5718.597018491,20268,28375200,0.000000
4136,41.360066,5718.607042166,5718.607042166,20273,28382200,0.000000
4137,41.370069,5718.617045369,5718.617045369,20278,28389200,0.000000
4138,41.380069,5718.627045295,5718.627045295,20283,28396200,0.000000
4139,41.390044,5718.637019598,5718.637019598,20288,28403200,0.000000
4140,41.400047,5718.647022668,5718.647022668,20293,28410200,0.000000
4141,41.410037,5718.657012850,5718.657012850,20298,28417200,0.000000
4142,41.420042,5718.667018151,5718.667018151,20303,28424200,0.000000
4143,41.430043,5718.677018740,5718.677018740,20308,28431200,0.000000
4144,41.440060,5718.687036292,5718.687036292,20313,28438200,0.000000
4145,41.450053,5718.697029024,5718.697029024,20317,28443800,0.000000
4146,41.460043,5718.707018959,5718.707018959,20322,28450800,0.000000
4147,41.470040,5718.717015617,5718.717015617,20327,28457800,0.000000
4148,41.480045,5718.727021344,5718.727021344,20332,28464800,0.000000
4149,41.490046,5718.737022308,5718.737022308,20337,28471800,0.000000
4150,41.500042,5718.747017768,5718.747017768,20342,28478800,0.000000
4151,41.510042,5718.757017835,5718.757017835,20347,28485800,0.000000
4152,41.520059,5718.767034545,5718.767034545,20352,28492800,0.000000
4153,41.530043,5718.777019174,5718.777019174,20357,28499800,0.000000
4154,41.540055,5718.787031505,5718.787031505,20362,28506800,0.000000
4155,41.550044,5718.797020329,5718.797020329,20366,28512400,0.000000
4156,41.560067,5718.807042810,5718.807042810,20371,28519400,0.000000
4157,41.570064,5718.817039779,5718.817039779,20376,28526400,0.000000
4158,41.580072,5718.827047834,5718.827047834,20381,28533400,0.000000
4159,41.590072,5718.837047813,5718.837047813,20386,28540400,0.000000
4160,41.600042,5718.847018371,5718.847018371,20391,28547400,0.000000
4161,41.610041,5718.857017186,5718.857017186,20396,28554400,0.000000
4162,41.620037,5718.867013179,5718.867013179,20401,28561400,0.000000
4163,41.630058,5718.877033667,5718.877033667,20406,28568400,0.000000
4164,41.640059,5718.887034878,5718.887034878,20411,28575400,0.000000
4165,41.650047,5718.897022763,5718.897022763,20415,28581000,0.000000
4166,41.660084,5718.907059566,5718.907059566,20420,28588000,0.000000
4167,41.670066,5718.917041792,5718.917041792,20425,28595000,0.000000
4168,41.680044,5718.927020071,5718.927020071,20430,28602000,0.000000
4169,41.690041,5718.937017465,5718.937017465,20435,28609000,0.000000
4170,41.700043,5718.947019261,5718.947019261,20440,28616000,0.000000
4171,41.710039,5718.957014876,5718.957014876,20445,28623000,0.000000
4172,41.720041,5718.967016750,5718.967016750,20450,28630000,0.000000
4173,41.730041,5718.977016688,5718.977016688,20455,28637000,0.000000
4174,41.740042,5718.987017757,5718.987017757,20460,28644000,0.000000
4175,41.750043,5718.997018670,5718.997018670,20464,28649600,0.000000
4176,41.760044,5719.007019685,5719.007019685,20469,28656600,0.000000
4177,41.770050,5719.017025695,5719.017025695,20474,28663600,0.000000
4178,41.780048,5719.027023842,5719.027023842,20479,28670600,0.000000
4179,41.790038,5719.037014369,5719.037014369,20484,28677600,0.000000
4180,41.800039,5719.047014829,5719.047014829,20489,28684600,0.000000
4181,41.810043,5719.057019007,5719.057019007,20494,28691600,0.000000
4182,41.820040,5719.067016340,5719.067016340,20499,28698600,0.000000
4183,41.830054,5719.077029674,5719.077029674,20504,28705600,0.000000
4184,41.840041,5719.087016573,5719.087016573,20509,28712600,0.000000
4185,41.850040,5719.097015686,5719.097015686,20513,28718200,0.000000
4186,41.860043,5719.107019207,5719.107019207,20518,28725200,0.000000
4187,41.870091,5719.117066943,5719.117066943,20523,28732200,0.000000
4188,41.880065,5719.127040642,5719.127040642,20528,28739200,0.000000
4189,41.890065,5719.137041256,5719.137041256,20533,28746200,0.000000
4190,41.900048,5719.147023983,5719.147023983,20538,28753200,0.000000
4191,41.910042,5719.157018241,5719.157018241,20543,28760200,0.000000
4192,41.920042,5719.167017723,5719.167017723,20548,28767200,0.000000
4193,41.930059,5719.177034627,5719.177034627,20553,28774200,0.000000
4194,41.940036,5719.187011758,5719.187011758,20558,28781200,0.000000
4195,41.950061,5719.197036755,5719.197036755,20563,28788200,0.000000
4196,41.960070,5719.207045882,5719.207045882,20567,28793800,0.000000
4197,41.970068,5719.217043972,5719.217043972,20572,28800800,0.000000
4198,41.980049,5719.227024805,5719.227024805,20577,28807800,0.000000
4199,41.990070,5719.237045892,5719.237045892,20582,28814800,0.000000
